tau,mean_psnr,mean_delta_psnr,median_delta_psnr,regressions_t026,worst_delta_t026,mean_delta_ssim,eligible
0.9999998061866262,7.670752485720031,-3.55928765129267,-3.2134990383363147,81,-11.630579820933118,-0.19751720614107737,False
0.9999998080842342,7.670752485720031,-3.55928765129267,-3.2134990383363147,81,-11.630579820933118,-0.19751720614107737,False
0.9999998127184405,7.670752485720031,-3.55928765129267,-3.2134990383363147,81,-11.630579820933118,-0.19751720614107737,False
0.9999998149898663,7.670752485720031,-3.55928765129267,-3.2134990383363147,81,-11.630579820933118,-0.19751720614107737,False
0.9999998161655329,7.670752485720031,-3.55928765129267,-3.2134990383363147,81,-11.630579820933118,-0.19751720614107737,False
0.9999998167028659,7.670752485720031,-3.55928765129267,-3.2134990383363147,81,-11.630579820933118,-0.19751720614107737,False
0.9999998666722665,7.670752485720031,-3.55928765129267,-3.2134990383363147,81,-11.630579820933118,-0.19751720614107737,False
0.9999998707040365,7.670752485720031,-3.55928765129267,-3.2134990383363147,81,-11.630579820933118,-0.19751720614107737,False
0.9999999277619391,7.670752485720031,-3.55928765129267,-3.2134990383363147,81,-11.630579820933118,-0.19751720614107737,False
0.9999999306217203,7.670752485720031,-3.55928765129267,-3.2134990383363147,81,-11.630579820933118,-0.19751720614107737,False
0.9999999312047723,7.670752485720031,-3.55928765129267,-3.2134990383363147,81,-11.630579820933118,-0.19751720614107737,False
0.9999999324697337,7.670752485720031,-3.55928765129267,-3.2134990383363147,81,-11.630579820933118,-0.19751720614107737,False
0.9999999334202865,7.670752485720031,-3.55928765129267,-3.2134990383363147,81,-11.630579820933118,-0.19751720614107737,False
0.9999999335980161,7.670752485720031,-3.55928765129267,-3.2134990383363147,81,-11.630579820933118,-0.19751720614107737,False
0.9999999346301364,7.670752485720031,-3.55928765129267,-3.2134990383363147,81,-11.630579820933118,-0.19751720614107737,False
0.9999999351414218,7.670752485720031,-3.55928765129267,-3.2134990383363147,81,-11.630579820933118,-0.19751720614107737,False
0.9999999351894051,7.670752485720031,-3.55928765129267,-3.2134990383363147,81,-11.630579820933118,-0.19751720614107737,False
0.99999993584147,7.670752485720031,-3.55928765129267,-3.2134990383363147,81,-11.630579820933118,-0.19751720614107737,False
0.9999999381459955,7.670752485720031,-3.55928765129267,-3.2134990383363147,81,-11.630579820933118,-0.19751720614107737,False
0.9999999382766076,7.670752485720031,-3.55928765129267,-3.2134990383363147,81,-11.630579820933118,-0.19751720614107737,False
0.9999999397553017,7.670752485720031,-3.55928765129267,-3.2134990383363147,81,-11.630579820933118,-0.19751720614107737,False
1.0,7.670752485720031,-3.55928765129267,-3.2134990383363147,81,-11.630579820933118,-0.19751720614107737,False
1.0000001204303313,7.670752485720031,-3.55928765129267,-3.2134990383363147,81,-11.630579820933118,-0.19751720614107737,False
1.0000001833701715,7.670752485720031,-3.55928765129267,-3.2134990383363147,81,-11.630579820933118,-0.19751720614107737,False
1.0380742922394908,7.6721837883657535,-3.557856348646946,-3.2134990383363147,81,-11.630579820933118,-0.19750838147029015,False
1.041997285466232,7.674419402732688,-3.5556207342800104,-3.2134990383363147,81,-11.630579820933118,-0.1974819609143358,False
1.0460754547664894,7.6755959934910285,-3.5544441435216707,-3.2134990383363147,81,-11.630579820933118,-0.19732198232429046,False
1.0499796257452212,7.676788158635157,-3.553251978377543,-3.2134990383363147,81,-11.630579820933118,-0.19716269298032238,False
1.0533367410440049,7.67854106909879,-3.5514990679139093,-3.2134990383363147,81,-11.630579820933118,-0.19713883025207202,False
1.0593311342072016,7.679449378809266,-3.550590758203435,-3.2134990383363147,81,-11.630579820933118,-0.19713431183683472,False
1.0626762628270228,7.68084383866337,-3.54919629834933,-3.2134990383363147,81,-11.630579820933118,-0.1971277016524793,False
1.0637400216829116,7.683206325400407,-3.5468338116122924,-3.2134990383363147,81,-11.630579820933118,-0.19712588892975194,False
1.0651049676787558,7.684420815123334,-3.5456193218893657,-3.2134990383363147,81,-11.630579820933118,-0.19712739553155756,False
1.0662283725189545,7.688370925624392,-3.541669211388308,-3.2134990383363147,81,-11.630579820933118,-0.19712217172646443,False
1.0678767701414917,7.692145026031703,-3.537895110980997,-3.2134990383363147,81,-11.630579820933118,-0.19712032820054404,False
1.068639699611499,7.698805986567697,-3.5312341504450018,-3.2134990383363147,81,-11.630579820933118,-0.19695099538256403,False
1.069174907514748,7.703104260344572,-3.5269358766681274,-3.2134990383363147,81,-11.630579820933118,-0.19696474117393264,False
1.0706126893318602,7.704045761391163,-3.5259943756215364,-3.2134990383363147,81,-11.630579820933118,-0.1969604377011767,False
1.0710397393722866,7.70494193994865,-3.5250981970640503,-3.2134990383363147,81,-11.630579820933118,-0.19695889798840557,False
1.071904683700487,7.706348871847998,-3.5236912651647017,-3.2134990383363147,81,-11.630579820933118,-0.19696920484914318,False
1.072692521890263,7.707619432856457,-3.522420704156243,-3.2134990383363147,81,-11.630579820933118,-0.19699572386587666,False
1.07298578805293,7.708863295621267,-3.521176841391433,-3.2134990383363147,81,-11.630579820933118,-0.19701789141036272,False
1.07355184223636,7.709868613230429,-3.5201715237822695,-3.2134990383363147,81,-11.630579820933118,-0.19703528382846205,False
1.0737158113325125,7.719581049115322,-3.5104590878973774,-2.990420802258563,81,-11.630579820933118,-0.1966287724878674,False
1.0746640855158098,7.7207322842310875,-3.509307852781612,-2.990420802258563,81,-11.630579820933118,-0.19667058961782918,False
1.07488738672915,7.721503648991315,-3.508536488021384,-2.990420802258563,81,-11.630579820933118,-0.19667828140214674,False
1.075351968721672,7.722462234635343,-3.5075779023773572,-2.990420802258563,81,-11.630579820933118,-0.19671173505961853,False
1.0754299470040556,7.723683614626367,-3.506356522386333,-2.990420802258563,81,-11.630579820933118,-0.19675386712959486,False
1.0754774743170898,7.724355989212808,-3.505684147799892,-2.990420802258563,81,-11.630579820933118,-0.19676955479953726,False
1.077700561423612,7.725143823250985,-3.504896313761715,-2.990420802258563,81,-11.630579820933118,-0.19678081493000743,False
1.0777960723513267,7.726625825565371,-3.503414311447328,-2.990420802258563,81,-11.630579820933118,-0.19677607296534938,False
1.078650757985115,7.728412694097484,-3.5016274429152157,-2.990420802258563,81,-11.630579820933118,-0.19658902050986574,False
1.0790639624139466,7.729539345011486,-3.5005007920012132,-2.990420802258563,81,-11.630579820933118,-0.19657871972279076,False
1.0799103218567563,7.73068141550649,-3.4993587215062103,-2.990420802258563,81,-11.630579820933118,-0.19642904969535532,False
1.0828903377703358,7.732193941677934,-3.497846195334765,-2.990420802258563,81,-11.630579820933118,-0.19644434998390434,False
1.0841906524773792,7.73325224501688,-3.4967878919958197,-2.990420802258563,80,-11.630579820933118,-0.19644575045538634,False
1.0843421697525382,7.734356823152301,-3.4956833138603987,-2.990420802258563,80,-11.630579820933118,-0.19644868803502735,False
1.084432183866427,7.735448668219467,-3.494591468793233,-2.990420802258563,80,-11.630579820933118,-0.19645554054245695,False
1.0845637320998098,7.736348342083963,-3.4936917949287367,-2.990420802258563,80,-11.630579820933118,-0.19645389172782488,False
1.0851793737556756,7.738726767182228,-3.4913133698304715,-2.990420802258563,80,-11.630579820933118,-0.19643040494750624,False
1.0937864399550288,7.741437768752219,-3.4886023682604805,-2.990420802258563,80,-11.630579820933118,-0.19606514873700412,False
1.094775932922649,7.742625435538545,-3.487414701474155,-2.990420802258563,80,-11.630579820933118,-0.1960781325574721,False
1.0948602857804912,7.743894734210109,-3.4861454028025913,-2.990420802258563,80,-11.630579820933118,-0.1959095101563031,False
1.095662236898926,7.746716987498678,-3.483323149514021,-2.990420802258563,80,-11.348354492076155,-0.19555678720552208,False
1.0958069100537824,7.747920529804569,-3.4821196072081313,-2.990420802258563,80,-11.348354492076155,-0.19556397963083594,False
1.0966650646903175,7.748876821713908,-3.481163315298792,-2.990420802258563,80,-11.348354492076155,-0.19546865175440956,False
1.0986888592570223,7.750552140007524,-3.479487997005177,-2.990420802258563,80,-11.348354492076155,-0.1952228878044864,False
1.1002577304581314,7.753179973889754,-3.4768601631229448,-2.990420802258563,80,-11.348354492076155,-0.1948822281333902,False
1.1005197745545252,7.756087780355467,-3.4739523566572323,-2.990420802258563,80,-11.348354492076155,-0.19451195113614633,False
1.101247307328859,7.757811547835961,-3.472228589176739,-2.990420802258563,80,-11.348354492076155,-0.19427720453858682,False
1.1028845337871684,7.759431220211201,-3.470608916801499,-2.990420802258563,80,-11.348354492076155,-0.19404409859547783,False
1.1033262933946038,7.761819586712957,-3.4682205502997423,-2.990420802258563,80,-11.348354492076155,-0.19372500361628386,False
1.1034812624260935,7.763095561221834,-3.466944575790866,-2.990420802258563,80,-11.348354492076155,-0.19355697729823987,False
1.1045219805346969,7.764399007859975,-3.465641129152725,-2.990420802258563,80,-11.348354492076155,-0.19336125656424832,False
1.1047410192646914,7.766120721701453,-3.463919415311247,-2.990420802258563,80,-11.348354492076155,-0.1931312838897729,False
1.1053016936089588,7.768533488814565,-3.4615066481981343,-2.990420802258563,80,-11.348354492076155,-0.19289647763040108,False
1.1056920031333979,7.770205464862184,-3.4598346721505155,-2.990420802258563,80,-11.348354492076155,-0.19266035399317832,False
1.108010655573975,7.772011602615045,-3.4580285343976556,-2.990420802258563,80,-11.348354492076155,-0.19248050905289016,False
1.1090909528552775,7.77386472467575,-3.4561754123369495,-2.990420802258563,80,-11.348354492076155,-0.1924588863058433,False
1.1095314896116049,7.775513522587328,-3.4545266144253723,-2.990420802258563,80,-11.348354492076155,-0.19222166701131832,False
1.1102029360320393,7.776614173933317,-3.453425963079383,-2.990420802258563,80,-11.348354492076155,-0.19206945789393795,False
1.110374297246504,7.778189848640044,-3.4518502883726563,-2.990420802258563,80,-11.348354492076155,-0.19186039861022114,False
1.1110604920532277,7.779325940174387,-3.450714196838313,-2.990420802258563,80,-11.348354492076155,-0.19168673908731843,False
1.1113214898360795,7.7811950673226296,-3.4488450696900697,-2.990420802258563,80,-11.348354492076155,-0.1914194925980846,False
1.1114068758788678,7.782921457587481,-3.447118679425218,-2.990420802258563,80,-11.348354492076155,-0.19116972199672375,False
1.1135627764571674,7.7844552246933505,-3.445584912319349,-2.990420802258563,80,-11.348354492076155,-0.19103181955040255,False
1.1140108212217121,7.785612753343263,-3.444427383669437,-2.990420802258563,80,-11.348354492076155,-0.19086755721671814,False
1.1144283001369077,7.7875758989550095,-3.4424642380576898,-2.990420802258563,80,-11.348354492076155,-0.19063310068298298,False
1.114461958538404,7.789620940727483,-3.4404191962852173,-2.990420802258563,80,-11.348354492076155,-0.19040809081988244,False
1.1170236403855782,7.79161818139411,-3.43842195561859,-2.990420802258563,80,-11.348354492076155,-0.19016200700181418,False
1.117206501213759,7.792867019409622,-3.4371731176030784,-2.990420802258563,80,-11.348354492076155,-0.19000667850690472,False
1.117828057499202,7.794440238000355,-3.435599899012344,-2.990420802258563,80,-11.348354492076155,-0.18979045350188062,False
1.117990815366032,7.795943955252755,-3.4340961817599442,-2.990420802258563,80,-11.348354492076155,-0.18961201815362524,False
1.1190394154719425,7.796946211749604,-3.433093925263096,-2.990420802258563,80,-11.348354492076155,-0.18947632590133892,False
1.1191198322072973,7.7982643564288,-3.431775780583899,-2.990420802258563,80,-11.348354492076155,-0.1893057525470764,False
1.1191833399993105,7.799793322917884,-3.4302468140948155,-2.990420802258563,80,-11.348354492076155,-0.18930484493352384,False
1.1196281986395422,7.800893711733891,-3.4291464252788093,-2.990420802258563,80,-11.348354492076155,-0.18914038792644816,False
1.119803371374974,7.80226785676786,-3.4277722802448403,-2.990420802258563,80,-11.348354492076155,-0.18897468696793912,False
1.1222942576801938,7.803657580377907,-3.426382556634793,-2.990420802258563,80,-11.348354492076155,-0.1888054547947638,False
1.1226680648957639,7.804621970926986,-3.425418166085714,-2.990420802258563,80,-11.348354492076155,-0.18880246732641148,False
1.1227658375075624,7.805392176878758,-3.424647960133941,-2.990420802258563,80,-11.348354492076155,-0.18868011497245962,False
1.1229131339884773,7.806570337891619,-3.4234697991210807,-2.990420802258563,80,-11.348354492076155,-0.18853535469118188,False
1.1242125170434139,7.807633894391273,-3.422406242621427,-2.990420802258563,80,-11.348354492076155,-0.1883863492642282,False
1.1266969520160381,7.808447456176264,-3.421592680836436,-2.990420802258563,80,-11.348354492076155,-0.18827421498076533,False
1.1269198854602502,7.809337624233028,-3.4207025127796715,-2.9459123994203504,80,-11.348354492076155,-0.18816574696361477,False
1.1288066908245644,7.810808259752189,-3.419231877260511,-2.9459123994203504,80,-11.348354492076155,-0.18816220374537462,False
1.1293022169065579,7.811741833450912,-3.4182983035617873,-2.9459123994203504,80,-11.348354492076155,-0.1880432303098233,False
1.1295086549458102,7.8142698374263855,-3.415770299586315,-2.9459123994203504,80,-11.348354492076155,-0.18802283956941376,False
1.1305436654268337,7.815704752556098,-3.414335384456603,-2.9459123994203504,80,-11.348354492076155,-0.18785019019344001,False
1.1308599834881272,7.81823292038625,-3.4118072166264493,-2.9459123994203504,80,-11.348354492076155,-0.1878533947172651,False
1.1309072678629304,7.818732096082414,-3.411308040930286,-2.9459123994203504,80,-11.348354492076155,-0.1877812666607388,False
1.1313035907912794,7.819449557176672,-3.4105905798360276,-2.9459123994203504,80,-11.348354492076155,-0.1876865035185975,False
1.1314412751419514,7.820535994977366,-3.4095041420353334,-2.9459123994203504,80,-11.348354492076155,-0.1875536136554851,False
1.1329746652436046,7.822035801639467,-3.4080043353732328,-2.9459123994203504,80,-11.348354492076155,-0.1874149986318542,False
1.133021825656421,7.822890815270082,-3.4071493217426183,-2.9459123994203504,80,-11.348354492076155,-0.18730900604607623,False
1.1335740775353147,7.823514779013445,-3.406525357999255,-2.914714212252177,80,-11.348354492076155,-0.18722571591820636,False
1.1337430379795217,7.82480115730565,-3.40523897970705,-2.914714212252177,80,-11.348354492076155,-0.18722933845170947,False
1.1351140197798666,7.825539261936267,-3.4045008750764327,-2.914714212252177,80,-11.348354492076155,-0.18713760606858393,False
1.1351508199621767,7.826595093166163,-3.4034450438465367,-2.914714212252177,80,-11.348354492076155,-0.1870206476060364,False
1.1353758311136415,7.827699218479199,-3.4023409185335005,-2.914714212252177,80,-11.348354492076155,-0.18691153045398515,False
1.1356771725270474,7.831995546809325,-3.398044590203375,-2.914714212252177,80,-11.348354492076155,-0.1869169297239492,False
1.1376524852622856,7.833050617540596,-3.3969895194721045,-2.914714212252177,80,-11.348354492076155,-0.1868139178290217,False
1.1385064638343372,7.833516331709262,-3.396523805303438,-2.914714212252177,80,-11.348354492076155,-0.1867393006467995,False
1.139070176825322,7.839465816463461,-3.3905743205492387,-2.914714212252177,80,-11.348354492076155,-0.18664160799215337,False
1.1391779477077904,7.843573485253127,-3.386466651759573,-2.914714212252177,80,-11.348354492076155,-0.18664929328771027,False
1.141435495353156,7.844046357456108,-3.3859937795565913,-2.914714212252177,80,-11.348354492076155,-0.18659745052904297,False
1.1418175423297312,7.854272481599855,-3.375767655412845,-2.914714212252177,80,-11.348354492076155,-0.18624325047750007,False
1.142221601693781,7.858954214280766,-3.3710859227319334,-2.914714212252177,80,-11.348354492076155,-0.1862678600166957,False
1.143450506192016,7.859358284887776,-3.3706818521249238,-2.914714212252177,80,-11.348354492076155,-0.1862136042498757,False
1.1434643813557148,7.859681886036584,-3.370358250976116,-2.914714212252177,80,-11.348354492076155,-0.18616351569743628,False
1.1435674275839565,7.860198630373817,-3.3698415066388834,-2.914714212252177,80,-11.348354492076155,-0.1860920360644931,False
1.1445335544885322,7.86110409863905,-3.3689360383736493,-2.914714212252177,80,-11.348354492076155,-0.1859843974214853,False
1.145514635694562,7.862099511382212,-3.367940625630488,-2.914714212252177,80,-11.348354492076155,-0.18598235719167278,False
1.1463238033518852,7.863462766543284,-3.366577370469415,-2.914714212252177,80,-11.348354492076155,-0.18580555574890859,False
1.1465250843584112,7.864407138729262,-3.3656329982834383,-2.914714212252177,80,-11.348354492076155,-0.1858053791384926,False
1.1466634497830963,7.864781503454662,-3.365258633558039,-2.914714212252177,80,-11.348354492076155,-0.18575813122960103,False
1.1468918528418892,7.865107106541911,-3.364933030470788,-2.914714212252177,80,-11.348354492076155,-0.18570999949349581,False
1.1475808593976267,7.865615167040917,-3.3644249699717834,-2.914714212252177,80,-11.348354492076155,-0.18565181381385898,False
1.1480934646316932,7.867121504448146,-3.362918632564554,-2.914714212252177,80,-11.348354492076155,-0.1856646965711093,False
1.1499850672928342,7.86845352098645,-3.3615866160262504,-2.914714212252177,80,-11.348354492076155,-0.18569663250234072,False
1.1503163624146797,7.868864237138531,-3.3611758998741688,-2.914714212252177,80,-11.348354492076155,-0.18565223640899362,False
1.1505913116823983,7.8701701118479255,-3.3598700251647746,-2.914714212252177,80,-11.348354492076155,-0.18568004744928324,False
1.1507522369340706,7.870472568311005,-3.3595675687016944,-2.914714212252177,80,-11.348354492076155,-0.18563759987746653,False
1.1509962374514064,7.870993376303175,-3.359046760709526,-2.914714212252177,80,-11.348354492076155,-0.18559034545007103,False
1.1518845825749238,7.8720503227332275,-3.357989814279472,-2.914714212252177,80,-11.348354492076155,-0.185610408825734,False
1.1542414353548593,7.873253233420509,-3.356786903592192,-2.914714212252177,80,-11.348354492076155,-0.18565601276745144,False
1.1545079265725264,7.873561360034039,-3.3564787769786615,-2.914714212252177,80,-11.348354492076155,-0.18562058900669196,False
1.1546306626332548,7.874377459227385,-3.3556626777853156,-2.914714212252177,80,-11.348354492076155,-0.18563155313573831,False
1.1556326156629961,7.875386588143499,-3.3546535488692,-2.914714212252177,80,-11.348354492076155,-0.18566774108842193,False
1.1557893213019037,7.8766602399728205,-3.3533798970398787,-2.914714212252177,80,-11.348354492076155,-0.18571608987320506,False
1.155899526572158,7.8773716087977945,-3.3526685282149047,-2.914714212252177,79,-11.348354492076155,-0.18573332351944846,False
1.1605616499904945,7.878730104688384,-3.351310032324315,-2.914714212252177,79,-11.348354492076155,-0.18555669366494518,False
1.1606873808954685,7.879560070488789,-3.350480066523911,-2.914714212252177,79,-11.348354492076155,-0.18557185950904184,False
1.1615764598698068,7.879998680451453,-3.350041456561247,-2.914714212252177,79,-11.348354492076155,-0.1855234917750014,False
1.1622296275076354,7.881569072766643,-3.348471064246056,-2.914714212252177,79,-11.348354492076155,-0.18552610395361616,False
1.1635135159060055,7.8835135148398106,-3.3465266221728895,-2.914714212252177,79,-11.348354492076155,-0.18532669160978346,False
1.1638415825121433,7.884704853874878,-3.345335283137822,-2.914714212252177,79,-11.348354492076155,-0.18531985373807114,False
1.1657722614531902,7.885963452418247,-3.3440766845944534,-2.914714212252177,79,-11.348354492076155,-0.1851586947312985,False
1.1672966425923552,7.8879199672700615,-3.3421201697426386,-2.914714212252177,79,-11.348354492076155,-0.18513932911086275,False
1.1716519881178917,7.889532229796146,-3.3405079072165544,-2.914714212252177,78,-11.348354492076155,-0.18515980848755598,False
1.1745263125130807,7.890663506349886,-3.339376630662814,-2.914714212252177,78,-11.348354492076155,-0.1851649483869156,False
1.1748425868519452,7.8918435010634145,-3.3381966359492856,-2.914714212252177,78,-11.348354492076155,-0.1851718333829879,False
1.1749288044166686,7.894527132759865,-3.335513004252835,-2.914714212252177,78,-11.348354492076155,-0.18515468818020384,False
1.1750966150933564,7.895689867738018,-3.334350269274681,-2.914714212252177,78,-11.348354492076155,-0.18516630561051733,False
1.1753874114519842,7.896649659061698,-3.333390477951002,-2.914714212252177,78,-11.348354492076155,-0.1851672536508833,False
1.1901557228326778,7.897669958926653,-3.332370178086046,-2.914714212252177,78,-11.348354492076155,-0.1851656382450438,False
1.1931891749911059,7.900702179721014,-3.3293379572916852,-2.914714212252177,78,-11.348354492076155,-0.18478430570749904,False
1.1942914234797015,7.9101000214894475,-3.319940115523252,-2.914714212252177,78,-11.348354492076155,-0.1845087148815054,False
1.197345031437017,7.911367372382379,-3.31867276463032,-2.914714212252177,78,-11.348354492076155,-0.1845275886541165,False
1.1974061646760779,7.914507977787087,-3.315532159225612,-2.914714212252177,78,-11.034293951605346,-0.1841527677926763,False
1.1984859039355387,7.9160565021853495,-3.3139836348273497,-2.914714212252177,78,-11.034293951605346,-0.18415208747338585,False
1.1994758637567229,7.917348437189229,-3.312691699823471,-2.914714212252177,78,-11.034293951605346,-0.18416425368671357,False
1.2004010595318133,7.91880531418473,-3.31123482282797,-2.914714212252177,78,-11.034293951605346,-0.1839804252755534,False
1.2014152020840143,7.921502061311266,-3.308538075701435,-2.914714212252177,78,-11.034293951605346,-0.1839884698695604,False
1.2032238823266541,7.9225578732660145,-3.3074822637466847,-2.914714212252177,78,-11.034293951605346,-0.1838835587553514,False
1.2038986447483329,7.924411816974164,-3.305628320038536,-2.914714212252177,78,-11.034293951605346,-0.18361903372447222,False
1.206006756924833,7.925771892635725,-3.3042682443769746,-2.914714212252177,78,-11.034293951605346,-0.18362461650952025,False
1.2069129691848806,7.927376550587943,-3.3026635864247567,-2.914714212252177,78,-11.034293951605346,-0.18363042151406656,False
1.2076540112122693,7.93182989744339,-3.2982102395693094,-2.914714212252177,78,-11.034293951605346,-0.1835970952093387,False
1.2076973031791238,7.934761246526218,-3.2952788904864816,-2.914714212252177,78,-11.034293951605346,-0.18323512306471357,False
1.2079108927986848,7.938029967743259,-3.2920101692694406,-2.914714212252177,78,-11.034293951605346,-0.1828494544176134,False
1.2083134021135042,7.942678182057227,-3.2873619549554722,-2.914714212252177,78,-11.034293951605346,-0.18286516907595318,False
1.209624983176883,7.944585325574882,-3.285454811437818,-2.914714212252177,78,-11.034293951605346,-0.18261431717620633,False
1.213126940039552,7.9463788430934725,-3.283661293919228,-2.914714212252177,78,-11.034293951605346,-0.18236359026328408,False
1.2138829339419612,7.950828923405645,-3.2792112136070544,-2.914714212252177,78,-11.034293951605346,-0.18238043195344744,False
1.2142164390494148,7.953496427004194,-3.2765437100085064,-2.914714212252177,78,-11.034293951605346,-0.182043068883291,False
1.216716754241513,7.954938696916883,-3.275101440095818,-2.914714212252177,78,-11.034293951605346,-0.18183221446452758,False
1.2172713260301906,7.956844024391686,-3.2731961126210134,-2.914714212252177,78,-11.034293951605346,-0.18157656847410805,False
1.2183610784528862,7.959534336584305,-3.2705058004283942,-2.914714212252177,78,-11.034293951605346,-0.1813178259852202,False
1.2191777477410386,7.964606874507527,-3.2654332625051734,-2.914714212252177,78,-11.034293951605346,-0.18135218372786333,False
1.219274792794338,7.966464434280312,-3.2635757027323877,-2.914714212252177,78,-11.034293951605346,-0.18109923516707202,False
1.2212361267981455,7.967902004996171,-3.2621381320165295,-2.914714212252177,78,-11.034293951605346,-0.18091501897656734,False
1.2213709809660696,7.970746621713033,-3.2592935152996665,-2.914714212252177,78,-11.034293951605346,-0.18090124447080702,False
1.2243432106190046,7.972749847091835,-3.2572902899208653,-2.914714212252177,78,-11.034293951605346,-0.1807014692739379,False
1.224860358509361,7.973800436417131,-3.256239700595569,-2.914714212252177,78,-11.034293951605346,-0.1807015139355449,False
1.2266292848183789,7.974793980273875,-3.2552461567388242,-2.914714212252177,78,-11.034293951605346,-0.18070261802343798,False
1.2277034685058825,7.976632800075242,-3.2534073369374568,-2.914714212252177,78,-11.034293951605346,-0.18044727097887098,False
1.2279543040070864,7.978694814380134,-3.2513453226325653,-2.914714212252177,78,-11.034293951605346,-0.18043018214519002,False
1.2286732553018196,7.980303463360068,-3.249736673652632,-2.914714212252177,78,-11.034293951605346,-0.18044527129889917,False
1.2293725224754533,7.981520580610062,-3.2485195564026386,-2.914714212252177,78,-11.034293951605346,-0.1802796294733461,False
1.2299191014082487,7.98326452463238,-3.246775612380319,-2.914714212252177,78,-11.034293951605346,-0.18005345588470448,False
1.2310522490635174,7.9845247350776924,-3.2455154019350076,-2.914714212252177,78,-11.034293951605346,-0.17986594041135798,False
1.2316568038035527,7.986616512028051,-3.2434236249846498,-2.914714212252177,78,-11.034293951605346,-0.17957817070895066,False
1.2318194240650078,7.98854197949768,-3.241498157515019,-2.914714212252177,78,-11.034293951605346,-0.17931213682703853,False
1.232059827514791,7.989933868542099,-3.2401062684706003,-2.914714212252177,78,-11.034293951605346,-0.1793486940904026,False
1.2329981740196014,7.9913005163740305,-3.2387396206386696,-2.914714212252177,78,-11.034293951605346,-0.17938142950049607,False
1.2339617721490128,7.999115350137216,-3.230924786875483,-2.914714212252177,78,-11.034293951605346,-0.17917779287459673,False
1.2351990656714438,8.000224224463237,-3.2298159125494625,-2.914714212252177,78,-11.034293951605346,-0.17920015657474792,False
1.2371486950521613,8.00190876525145,-3.228131371761249,-2.914714212252177,78,-11.034293951605346,-0.17905378341808614,False
1.2379138653762198,8.003189973841698,-3.2268501631710023,-2.914714212252177,78,-11.034293951605346,-0.17887678797586315,False
1.2389420828891178,8.004442695960908,-3.225597441051792,-2.914714212252177,78,-11.034293951605346,-0.17892535597857648,False
1.2390427177363017,8.006615473903997,-3.223424663108703,-2.914714212252177,78,-11.034293951605346,-0.1786663303180479,False
1.2392243561563514,8.008885096003091,-3.2211550410096095,-2.914714212252177,78,-11.034293951605346,-0.17841977117174593,False
1.2394276534991069,8.009746861399318,-3.2202932756133817,-2.914714212252177,78,-11.034293951605346,-0.17843372621446607,False
1.2410457703326931,8.010806313039195,-3.2192338239735045,-2.914714212252177,78,-11.034293951605346,-0.1784720741365651,False
1.2412819359404017,8.0121281072175,-3.2179120297951993,-2.914714212252177,78,-11.034293951605346,-0.17852569003241503,False
1.2414709871954286,8.012879332748025,-3.217160804264674,-2.914714212252177,78,-11.034293951605346,-0.178544219051835,False
1.2445641624942267,8.015100731172936,-3.2149394058397642,-2.914714212252177,78,-11.034293951605346,-0.1782730592649301,False
1.2450870756237948,8.016482221412474,-3.2135579156002256,-2.914714212252177,78,-11.034293951605346,-0.17810177112336262,False
1.2460652432016577,8.018235325165056,-3.2118048118476437,-2.914714212252177,78,-11.034293951605346,-0.17786992254614037,False
1.2468294408607594,8.019895573619634,-3.210144563393067,-2.914714212252177,78,-11.034293951605346,-0.17767322639664204,False
1.2489638778652823,8.02100402529143,-3.2090361117212685,-2.914714212252177,78,-11.034293951605346,-0.17752498449035187,False
1.2491987663069932,8.021876398181638,-3.2081637388310624,-2.914714212252177,78,-11.034293951605346,-0.177543655435494,False
1.2492325576850458,8.023341302036517,-3.206698834976184,-2.914714212252177,78,-11.034293951605346,-0.17735780193840603,False
1.2499601330708994,8.024570281784909,-3.2054698552277916,-2.914714212252177,78,-11.034293951605346,-0.17717887818481917,False
1.2508724038235872,8.026087742809057,-3.2039523942036436,-2.914714212252177,78,-11.034293951605346,-0.1769973539356673,False
1.2520635268949585,8.054990275266292,-3.175049861746408,-2.914714212252177,78,-11.034293951605346,-0.17620780901408978,False
1.2531949250710606,8.056620334247606,-3.173419802765094,-2.914714212252177,78,-11.034293951605346,-0.1762164997102237,False
1.2546011887012765,8.0578769062453,-3.172163230767401,-2.914714212252177,77,-11.034293951605346,-0.17621289984937216,False
1.254789066543118,8.059986856452415,-3.1700532805602846,-2.914714212252177,77,-11.034293951605346,-0.17600179506854005,False
1.2561409380464519,8.06152870351783,-3.1685114334948703,-2.914714212252177,77,-11.034293951605346,-0.1758135677222138,False
1.2569423848612464,8.062385989106378,-3.1676541479063225,-2.914714212252177,77,-11.034293951605346,-0.17567896122072985,False
1.2569937997309775,8.06393428383276,-3.1661058531799404,-2.914714212252177,77,-11.034293951605346,-0.17549006070376572,False
1.257596011473976,8.065237455599494,-3.1648026814132053,-2.914714212252177,77,-11.034293951605346,-0.17533141533726376,False
1.2576920579975994,8.066620549105345,-3.1634195879073554,-2.914714212252177,77,-11.034293951605346,-0.1751593871101707,False
1.2585255555302235,8.066620549105345,-3.1634195879073554,-2.914714212252177,77,-11.034293951605346,-0.1751593871101707,False
1.260334697012823,8.06780837071678,-3.1622317662959216,-2.914714212252177,77,-11.034293951605346,-0.1749968276985714,False
1.2619005113040067,8.068883247438027,-3.1611568895746727,-2.914714212252177,77,-11.034293951605346,-0.17499644877411258,False
1.262407403713161,8.068883247438027,-3.1611568895746727,-2.914714212252177,77,-11.034293951605346,-0.17499644877411258,False
1.265467664683173,8.068883247438027,-3.1611568895746727,-2.914714212252177,77,-11.034293951605346,-0.17499644877411258,False
1.2658195604274307,8.069792126937132,-3.160248010075568,-2.914714212252177,77,-11.034293951605346,-0.17487391269646885,False
1.2665276669509153,8.071502913995799,-3.1585372230169004,-2.914714212252177,77,-11.034293951605346,-0.17489891641967026,False
1.2668262310629386,8.072485241056729,-3.1575548959559705,-2.8655978592056974,77,-11.034293951605346,-0.1747815797483655,False
1.2687539471613685,8.075495289036645,-3.154544847976054,-2.8655978592056974,77,-11.034293951605346,-0.17477126734516002,False
1.271284722385905,8.076701201432698,-3.153338935580003,-2.8655978592056974,77,-11.034293951605346,-0.1747796991476713,False
1.2717717991991626,8.078328261514152,-3.151711875498549,-2.8655978592056974,77,-11.034293951605346,-0.1747816439402032,False
1.271782465164212,8.079584966130465,-3.1504551708822333,-2.8655978592056974,77,-11.034293951605346,-0.1747920738315598,False
1.271919790071688,8.080624042123356,-3.149416094889344,-2.8655978592056974,77,-11.034293951605346,-0.17466163241780552,False
1.2722869052845562,8.081858187765967,-3.1481819492467324,-2.8655978592056974,77,-11.034293951605346,-0.1746773842373419,False
1.2727669628357259,8.08287945207095,-3.14716068494175,-2.8655978592056974,77,-11.034293951605346,-0.17468074143597856,False
1.2732777898104661,8.08287945207095,-3.14716068494175,-2.8655978592056974,77,-11.034293951605346,-0.17468074143597856,False
1.274740859438729,8.084476845062555,-3.1455632919501437,-2.8655978592056974,77,-11.034293951605346,-0.1744892578483678,False
1.2751627832423469,8.085034584396148,-3.1450055526165506,-2.8655978592056974,77,-11.034293951605346,-0.17441033640299067,False
1.275421569552092,8.08789892880204,-3.1421412082106586,-2.8655978592056974,76,-11.034293951605346,-0.17442305139322925,False
1.2762251042722748,8.08870109937052,-3.1413390376421813,-2.8655978592056974,76,-11.034293951605346,-0.17431890246645593,False
1.2764711000296454,8.08990892559522,-3.14013121141748,-2.8655978592056974,76,-11.034293951605346,-0.17416942950951403,False
1.2764890013853387,8.09213544267269,-3.1379046943400084,-2.8655978592056974,76,-11.034293951605346,-0.1741947135313648,False
1.280075617588837,8.093087718055564,-3.136952418957135,-2.8655978592056974,76,-11.034293951605346,-0.1740780665204675,False
1.2805271540688326,8.094749276011099,-3.135290861001602,-2.8655978592056974,76,-11.034293951605346,-0.17392438248496173,False
1.2809134805374431,8.094749276011099,-3.135290861001602,-2.8655978592056974,76,-11.034293951605346,-0.17392438248496173,False
1.2812169955268424,8.09544474755546,-3.1345953894572403,-2.830824281987609,76,-11.034293951605346,-0.17383275317247956,False
1.2819521408614374,8.096879469846385,-3.133160667166315,-2.830824281987609,76,-11.034293951605346,-0.17384013306550042,False
1.2822581334640464,8.096879469846385,-3.133160667166315,-2.830824281987609,76,-11.034293951605346,-0.17384013306550042,False
1.2840574568293392,8.101868242941586,-3.128171894071113,-2.830824281987609,76,-11.034293951605346,-0.17386562153824453,False
1.284857377839359,8.102689883599712,-3.1273502534129882,-2.830824281987609,76,-11.034293951605346,-0.1737637021430213,False
1.2850496865726333,8.103861691631556,-3.1261784453811443,-2.830824281987609,76,-11.034293951605346,-0.17363228902352634,False
1.2854821646332055,8.105372465426791,-3.1246676715859083,-2.830824281987609,76,-11.034293951605346,-0.17344250225603347,False
1.2854988460991033,8.106596501211929,-3.123443635800771,-2.830824281987609,76,-11.034293951605346,-0.1733175717359341,False
1.2880529416123296,8.106596501211929,-3.123443635800771,-2.830824281987609,76,-11.034293951605346,-0.1733175717359341,False
1.2907717875849214,8.107763872563464,-3.122276264449235,-2.830824281987609,76,-11.034293951605346,-0.17319951372085282,False
1.2910424588940785,8.10993260173967,-3.12010753527303,-2.830824281987609,76,-11.034293951605346,-0.17318471884797984,False
1.2919237106612824,8.11472040266041,-3.1153197343522896,-2.830824281987609,76,-11.034293951605346,-0.17321019039938215,False
1.2921108235054917,8.115243898715503,-3.1147962382971963,-2.830824281987609,76,-11.034293951605346,-0.17312766619063777,False
1.2941514959798155,8.115243898715503,-3.1147962382971963,-2.830824281987609,76,-11.034293951605346,-0.17312766619063777,False
1.2961386707172495,8.115243898715503,-3.1147962382971963,-2.830824281987609,76,-11.034293951605346,-0.17312766619063777,False
1.298139807832153,8.118635812008641,-3.11140432500406,-2.830824281987609,76,-11.034293951605346,-0.17273471614007238,False
1.2990044296125727,8.118635812008641,-3.11140432500406,-2.830824281987609,76,-11.034293951605346,-0.17273471614007238,False
1.2991583213639748,8.118635812008641,-3.11140432500406,-2.830824281987609,76,-11.034293951605346,-0.17273471614007238,False
1.299237154087995,8.119161487927254,-3.1108786490854445,-2.830824281987609,76,-11.034293951605346,-0.17267799518916413,False
1.300029604604921,8.124612108308254,-3.1054280287044462,-2.830824281987609,76,-11.034293951605346,-0.1727207926129435,False
1.3010189945265769,8.126256899860715,-3.1037832371519833,-2.830824281987609,76,-11.034293951605346,-0.17273208876733862,False
1.3013984200446855,8.126256899860715,-3.1037832371519833,-2.830824281987609,76,-11.034293951605346,-0.17273208876733862,False
1.3029970656072833,8.126256899860715,-3.1037832371519833,-2.830824281987609,76,-11.034293951605346,-0.17273208876733862,False
1.3032688577128997,8.126621646555446,-3.103418490457255,-2.830824281987609,76,-11.034293951605346,-0.17267708725557193,False
1.303474259997674,8.127075238385405,-3.1029648986272944,-2.830824281987609,76,-11.034293951605346,-0.17261686670865925,False
1.3037326475219557,8.127656247186664,-3.1023838898260356,-2.830824281987609,76,-11.034293951605346,-0.17253797433167645,False
1.3043052642378368,8.127656247186664,-3.1023838898260356,-2.830824281987609,76,-11.034293951605346,-0.17253797433167645,False
1.305215586449784,8.131151460772298,-3.0988886762404024,-2.830824281987609,76,-10.68477259304206,-0.17214442506592179,False
1.3055836582159197,8.131151460772298,-3.0988886762404024,-2.830824281987609,76,-10.68477259304206,-0.17214442506592179,False
1.305998301673416,8.132156985253518,-3.097883151759183,-2.830824281987609,76,-10.68477259304206,-0.17202484093621886,False
1.3060847563570592,8.132156985253518,-3.097883151759183,-2.830824281987609,76,-10.68477259304206,-0.17202484093621886,False
1.306943391584211,8.132156985253518,-3.097883151759183,-2.830824281987609,76,-10.68477259304206,-0.17202484093621886,False
1.3081175233558522,8.133503842669258,-3.0965362943434425,-2.830824281987609,76,-10.68477259304206,-0.17204854613322668,False
1.3084774406091833,8.133503842669258,-3.0965362943434425,-2.830824281987609,76,-10.68477259304206,-0.17204854613322668,False
1.3087617180692108,8.134610183914758,-3.0954299530979426,-2.830824281987609,76,-10.68477259304206,-0.1720504729350979,False
1.3101587317419787,8.134610183914758,-3.0954299530979426,-2.830824281987609,76,-10.68477259304206,-0.1720504729350979,False
1.3107995035293596,8.135030222515732,-3.095009914496967,-2.830824281987609,76,-10.68477259304206,-0.17199858743928131,False
1.3111636098976593,8.135395868899693,-3.094644268113006,-2.830824281987609,76,-10.68477259304206,-0.17194529851478105,False
1.3114142605085195,8.136777550863028,-3.0932625861496716,-2.830824281987609,76,-10.68477259304206,-0.17196159256090648,False
1.3114774190148921,8.137820552551121,-3.092219584461578,-2.830824281987609,76,-10.68477259304206,-0.17196386756872642,False
1.3119377488866597,8.137820552551121,-3.092219584461578,-2.830824281987609,76,-10.68477259304206,-0.17196386756872642,False
1.312217390147888,8.137820552551121,-3.092219584461578,-2.830824281987609,76,-10.68477259304206,-0.17196386756872642,False
1.31291774010913,8.137820552551121,-3.092219584461578,-2.830824281987609,76,-10.68477259304206,-0.17196386756872642,False
1.3130415677125673,8.138387343333934,-3.0916527936787674,-2.830824281987609,76,-10.68477259304206,-0.17189927477908293,False
1.3137082896845982,8.140099877933899,-3.0899402590787997,-2.830824281987609,76,-10.68477259304206,-0.17191622446409643,False
1.3156282863976059,8.14214839937311,-3.0878917376395902,-2.830824281987609,76,-10.68477259304206,-0.1716341230978793,False
1.3159689163399046,8.143783656270235,-3.0862564807424646,-2.830824281987609,76,-10.68477259304206,-0.17144274585306607,False
1.3169828658219378,8.146962335585812,-3.083077801426888,-2.830824281987609,76,-10.68477259304206,-0.17143594772508192,False
1.3190539469171183,8.148410832905961,-3.0816293041067393,-2.830824281987609,76,-10.68477259304206,-0.17147626587634868,False
1.3192215786212682,8.148861038791086,-3.0811790982216145,-2.830824281987609,76,-10.68477259304206,-0.17142789941823883,False
1.3199402996909153,8.149202419282876,-3.080837717729824,-2.830824281987609,76,-10.68477259304206,-0.17138083734146306,False
1.3203003647968068,8.150364947815422,-3.0796751891972787,-2.830824281987609,75,-10.68477259304206,-0.17126618494134221,False
1.3203439179554395,8.151789526415586,-3.078250610597115,-2.830824281987609,75,-10.68477259304206,-0.17130305299650592,False
1.3207357346903787,8.15237193032758,-3.0776682066851184,-2.830824281987609,75,-10.68477259304206,-0.1712497974567434,False
1.322217622260188,8.156048412285964,-3.0739917247267363,-2.830824281987609,75,-10.68477259304206,-0.1708545532357733,False
1.3224526345176577,8.159318259159322,-3.0707218778533774,-2.830824281987609,75,-10.68477259304206,-0.17047452648009856,False
1.3236481577114896,8.160478416162926,-3.069561720849773,-2.830824281987609,75,-10.68477259304206,-0.17049878076114225,False
1.3252226112026728,8.162585229743913,-3.0674549072687882,-2.830824281987609,75,-10.68477259304206,-0.1702331681902615,False
1.3286810571557,8.162930575545891,-3.067109561466809,-2.830824281987609,75,-10.68477259304206,-0.17019364474887244,False
1.3289281453804849,8.164229709615588,-3.0658104273971123,-2.830824281987609,75,-10.68477259304206,-0.17024432557269387,False
1.3294325413417576,8.165137498755682,-3.0649026382570184,-2.830824281987609,75,-10.68477259304206,-0.1702609422060983,False
1.3308234188189043,8.167120440486649,-3.0629196965260514,-2.830824281987609,75,-10.68477259304206,-0.16999364224732605,False
1.3317526350593394,8.168229002885274,-3.0618111341274257,-2.830824281987609,75,-10.68477259304206,-0.17003356296970304,False
1.3320667963118813,8.169592655540189,-3.0604474814725107,-2.830824281987609,75,-10.68477259304206,-0.17009142339798827,False
1.3323534547653546,8.170384119562787,-3.0596560174499126,-2.830824281987609,75,-10.68477259304206,-0.17011098319705842,False
1.3328054374865148,8.173362212451474,-3.0566779245612246,-2.830824281987609,75,-10.68477259304206,-0.16975885005558958,False
1.3367113895291927,8.174954836995797,-3.0550853000169025,-2.830824281987609,75,-10.68477259304206,-0.1695334891650352,False
1.3377502028429122,8.177060659974382,-3.0529794770383183,-2.830824281987609,75,-10.68477259304206,-0.1692519001126345,False
1.3379823576607837,8.178187653106638,-3.051852483906062,-2.830824281987609,75,-10.68477259304206,-0.16925265189216634,False
1.339309461409872,8.181186308212604,-3.0488538288000955,-2.830824281987609,75,-10.68477259304206,-0.16897127913315024,False
1.3408987451755305,8.18324709054762,-3.046793046465079,-2.830824281987609,75,-10.68477259304206,-0.16870309682009776,False
1.3419689876686431,8.182949765778892,-3.047090371233807,-2.830824281987609,75,-10.68477259304206,-0.16877638636644282,False
1.3434250608979774,8.183864092496174,-3.046176044516526,-2.830824281987609,75,-10.68477259304206,-0.16879810410609988,False
1.3447705928678784,8.184357812606372,-3.0456823244063274,-2.830824281987609,75,-10.68477259304206,-0.16874307474327094,False
1.348694589262539,8.186063231063963,-3.0439769059487367,-2.830824281987609,75,-10.68477259304206,-0.16874738364821928,False
1.3491959869940857,8.188282305237811,-3.0417578317748877,-2.830824281987609,75,-10.68477259304206,-0.16852777227291416,False
1.350309762010886,8.189929325552185,-3.040110811460514,-2.830824281987609,75,-10.68477259304206,-0.16854141392586566,False
1.3515568002332976,8.19125043825197,-3.03878969876073,-2.830824281987609,75,-10.68477259304206,-0.16854076637506948,False
1.3526179465278263,8.19353242021917,-3.0365077167935293,-2.830824281987609,75,-10.68477259304206,-0.16831932381815395,False
1.352864783018993,8.1965585655661,-3.033481571446599,-2.830824281987609,75,-10.68477259304206,-0.16833653235494986,False
1.353234215974051,8.19813380964351,-3.0319063273691893,-2.830824281987609,75,-10.68477259304206,-0.16814397210183304,False
1.354736366217026,8.200181511991637,-3.0298586250210637,-2.830824281987609,75,-10.68477259304206,-0.167871784080745,False
1.3557246027485386,8.201696883411692,-3.0283432536010064,-2.830824281987609,75,-10.68477259304206,-0.16768985107601966,False
1.3565165461490412,8.20397247866497,-3.0260676583477317,-2.830824281987609,75,-10.68477259304206,-0.16767736379918333,False
1.3578000446237184,8.205315298823082,-3.024724838189617,-2.830824281987609,75,-10.68477259304206,-0.16749843211530474,False
1.3589663916488204,8.20724232240164,-3.0227978146110592,-2.830824281987609,75,-10.68477259304206,-0.1672557727038676,False
1.3602163712828728,8.20863705749569,-3.0214030795170093,-2.830824281987609,75,-10.68477259304206,-0.167055020487344,False
1.361265925829367,8.210975341968425,-3.019064795044275,-2.830824281987609,75,-10.68477259304206,-0.1667486082742042,False
1.3614827062248953,8.213119968392213,-3.0169201686204876,-2.830824281987609,75,-10.68477259304206,-0.16646845132577417,False
1.3616095163126307,8.214629560536755,-3.0154105764759453,-2.830824281987609,75,-10.68477259304206,-0.16647746314106507,False
1.3627878224702765,8.219920150918199,-3.0101199860945007,-2.830824281987609,75,-10.68477259304206,-0.16651194908566122,False
1.3659502628331825,8.22326897436999,-3.006771162642709,-2.830824281987609,75,-10.68477259304206,-0.16650867087684762,False
1.3677097248623022,8.225074050256639,-3.00496608675606,-2.830824281987609,75,-10.68477259304206,-0.16653752119437035,False
1.3712136713757475,8.226920463112725,-3.0031196738999744,-2.830824281987609,75,-10.68477259304206,-0.1663833668064813,False
1.3721239753839705,8.22833536934861,-3.0017047676640902,-2.830824281987609,75,-10.68477259304206,-0.16619419770193544,False
1.3731885250788658,8.23343455456404,-2.9966055824486593,-2.830824281987609,75,-10.68477259304206,-0.16622761685011359,False
1.3743417960745221,8.23583716828148,-2.9942029687312197,-2.830824281987609,75,-10.68477259304206,-0.16594416084920688,False
1.3746899615442212,8.237118214175897,-2.9929219228368025,-2.830824281987609,75,-10.68477259304206,-0.16595540303581252,False
1.374798959020385,8.239634792196327,-2.9904053448163723,-2.830824281987609,75,-10.68477259304206,-0.16568803660327489,False
1.3753889489159619,8.240968165613294,-2.989071971399406,-2.830824281987609,75,-10.68477259304206,-0.16570154925307864,False
1.376245198341395,8.242272804573846,-2.9877673324388536,-2.830824281987609,75,-10.68477259304206,-0.16572073774976204,False
1.3769411754329384,8.243355980804784,-2.986684156207915,-2.830824281987609,75,-10.68477259304206,-0.165726266994942,False
1.3771551180649033,8.245071004271178,-2.9849691327415204,-2.830824281987609,75,-10.68477259304206,-0.16553547751853379,False
1.3831100560352299,8.247539939698337,-2.9825001973143634,-2.830824281987609,75,-10.68477259304206,-0.16523965724335785,False
1.3841714444243005,8.249065116332556,-2.9809750206801437,-2.830824281987609,75,-10.68477259304206,-0.16505208286771814,False
1.3847142333615803,8.254848094417785,-2.975192042594915,-2.830824281987609,75,-10.68477259304206,-0.16510190279687756,False
1.3851038111006089,8.256798213595111,-2.973241923417589,-2.830824281987609,75,-10.68477259304206,-0.1648558986077871,False
1.3870618102063055,8.25862845746752,-2.97141167954518,-2.830824281987609,75,-10.68477259304206,-0.16464086893902719,False
1.390281523470585,8.259851364863575,-2.970188772149125,-2.830824281987609,75,-10.68477259304206,-0.16448012364381498,False
1.3908852552856026,8.261476183850872,-2.968563953161827,-2.830824281987609,75,-10.68477259304206,-0.1642792719359463,False
1.3914236008967062,8.26284561907306,-2.96719451793964,-2.830824281987609,75,-10.68477259304206,-0.16408624897340374,False
1.3938032391769428,8.264518312940718,-2.9655218240719825,-2.830824281987609,75,-10.68477259304206,-0.1638886713079243,False
1.3973014743621517,8.265680456084496,-2.964359680928205,-2.830824281987609,75,-10.68477259304206,-0.16389226112469582,False
1.4009721648927846,8.267315403954786,-2.9627247330579136,-2.830824281987609,75,-10.68477259304206,-0.1639080003150994,False
1.4011646678251957,8.26840766302326,-2.9616324739894413,-2.830824281987609,75,-10.68477259304206,-0.16391131522463542,False
1.4021120891595111,8.27011538773656,-2.9599247492761394,-2.830824281987609,75,-10.68477259304206,-0.16370374413686267,False
1.4030344655079303,8.27106688976184,-2.9589732472508588,-2.830824281987609,75,-10.68477259304206,-0.16355656767021323,False
1.4032298200787867,8.272883483348073,-2.9571566536646277,-2.830824281987609,75,-10.68477259304206,-0.1635750672992269,False
1.4044986976939655,8.274322033887485,-2.955718103125215,-2.830824281987609,75,-10.68477259304206,-0.16340270905131096,False
1.4074690616603502,8.271806548080136,-2.9582335889325644,-2.830824281987609,75,-10.68477259304206,-0.163512272967769,False
1.4085079561706455,8.275602403573032,-2.9544377334396676,-2.830824281987609,75,-10.68477259304206,-0.16311328986185764,False
1.4089722734051788,8.276925838333709,-2.9531142986789907,-2.830824281987609,75,-10.68477259304206,-0.1629374464132784,False
1.411075615726154,8.278426100180804,-2.9516140368318964,-2.830824281987609,75,-10.68477259304206,-0.1629806468164739,False
1.4127365621435448,8.279904261247138,-2.9501358757655627,-2.830824281987609,75,-10.68477259304206,-0.16302082348189192,False
1.4155347032772685,8.283422585194868,-2.9466175518178317,-2.830824281987609,75,-10.68477259304206,-0.16302102027334064,False
1.4173541516435169,8.284632660540616,-2.9454074764720826,-2.830824281987609,75,-10.68477259304206,-0.16304673823427254,False
1.4180270985642238,8.285645213183269,-2.9443949238294307,-2.830824281987609,75,-10.68477259304206,-0.16291375899897037,False
1.418447469902825,8.286820573168425,-2.9432195638442753,-2.830824281987609,75,-10.68477259304206,-0.16291556776073152,False
1.4190036821704965,8.290711265224301,-2.939328871788399,-2.830824281987609,75,-10.295703387454447,-0.1625079461305884,False
1.4205305010905631,8.291792492306266,-2.938247644706434,-2.7767629278893335,75,-10.295703387454447,-0.16238196450579212,False
1.424307070199354,8.294173834150289,-2.9358663028624115,-2.7767629278893335,75,-10.295703387454447,-0.16237179403728788,False
1.4243314084741177,8.295514629135736,-2.9345255078769643,-2.7767629278893335,75,-10.295703387454447,-0.16242375510981852,False
1.424378800924927,8.297142302876079,-2.932897834136621,-2.7767629278893335,75,-10.295703387454447,-0.16223179843208974,False
1.4247692432988301,8.298096021173073,-2.9319441158396273,-2.7767629278893335,75,-10.295703387454447,-0.16225071383340647,False
1.427446786023364,8.299520227027012,-2.930519909985687,-2.7767629278893335,75,-10.295703387454447,-0.1622781383235319,False
1.4278834993309486,8.300675794811454,-2.929364342201245,-2.7767629278893335,75,-10.295703387454447,-0.16231906021935708,False
1.4282740982427011,8.302072889379586,-2.9279672476331133,-2.7767629278893335,75,-10.295703387454447,-0.1623801219023007,False
1.4286785780835607,8.302904616735237,-2.927135520277462,-2.7767629278893335,75,-10.295703387454447,-0.1624004449000476,False
1.4286802650214068,8.304058158073667,-2.925981978939031,-2.7767629278893335,75,-10.295703387454447,-0.16225852665105855,False
1.4292555382531615,8.305840814205627,-2.9241993228070733,-2.7767629278893335,75,-10.295703387454447,-0.16226492819881888,False
1.4319703924462992,8.307311814111568,-2.922728322901131,-2.7767629278893335,75,-10.295703387454447,-0.16228447295797344,False
1.4334825180606583,8.309087145022588,-2.9209529919901116,-2.7767629278893335,75,-10.295703387454447,-0.16207375319186634,False
1.4335258807313482,8.309708288362854,-2.920331848649846,-2.7767629278893335,75,-10.295703387454447,-0.16198810211205258,False
1.4336963105126914,8.31288397304637,-2.9171561639663293,-2.7767629278893335,75,-10.295703387454447,-0.16200959796815492,False
1.4338243992859023,8.31514408309038,-2.914896053922321,-2.7767629278893335,75,-10.295703387454447,-0.1617118069108122,False
1.435601169927964,8.316038330435076,-2.914001806577625,-2.7767629278893335,75,-10.295703387454447,-0.16159817488113715,False
1.4359134563802922,8.317378379084003,-2.912661757928696,-2.7767629278893335,75,-10.295703387454447,-0.1614314104794482,False
1.4403417404051895,8.319162806869683,-2.9108773301430175,-2.7767629278893335,75,-10.295703387454447,-0.16124456463628775,False
1.4420407401756306,8.320220637745523,-2.9098194992671775,-2.7767629278893335,75,-10.295703387454447,-0.16111721976690277,False
1.4434184241688326,8.32435953978014,-2.9056805972325592,-2.7767629278893335,75,-10.295703387454447,-0.1607196903427971,False
1.4435253122907312,8.325314802022064,-2.904725334990636,-2.7767629278893335,75,-10.295703387454447,-0.16074396126712734,False
1.4437016025433336,8.32608772614588,-2.9039524108668178,-2.738116721698412,75,-10.295703387454447,-0.16064389635046875,False
1.4437469378687613,8.32792556842265,-2.9021145685900502,-2.738116721698412,75,-10.295703387454447,-0.16047455752992806,False
1.444337221306149,8.333435960603811,-2.8966041764088892,-2.738116721698412,75,-10.295703387454447,-0.16051704749199358,False
1.4445923933709783,8.337084039652076,-2.892956097360623,-2.738116721698412,75,-10.295703387454447,-0.16012350558479457,False
1.444983519978255,8.338667901204873,-2.891372235807826,-2.738116721698412,75,-10.295703387454447,-0.16013398657545552,False
1.4480637692028138,8.340991729265335,-2.8890484077473646,-2.738116721698412,75,-10.295703387454447,-0.15985558924509632,False
1.4484834274927088,8.342268126564214,-2.887772010448485,-2.738116721698412,75,-10.295703387454447,-0.15973127045948138,False
1.45021324522485,8.343180103352982,-2.886860033659718,-2.738116721698412,75,-10.295703387454447,-0.15961894183782074,False
1.450748423216667,8.344477861803979,-2.885562275208721,-2.738116721698412,75,-10.295703387454447,-0.15947242387122135,False
1.451429795042801,8.345832261649237,-2.884207875363464,-2.738116721698412,75,-10.295703387454447,-0.15933042480079018,False
1.4528894189128874,8.347439181042162,-2.882600955970539,-2.738116721698412,75,-10.295703387454447,-0.15934801740646432,False
1.4548820262308069,8.348823049812843,-2.881217087199856,-2.738116721698412,75,-10.295703387454447,-0.15935000249729686,False
1.4560001088516827,8.351012003783783,-2.8790281332289167,-2.738116721698412,75,-10.295703387454447,-0.15906783626291568,False
1.4570785437987417,8.353470793610516,-2.876569343402185,-2.738116721698412,75,-10.295703387454447,-0.15883827878087545,False
1.4575169364368874,8.358820684735063,-2.871219452277637,-2.738116721698412,75,-10.295703387454447,-0.15887881353047414,False
1.4591642535821134,8.362144857694046,-2.8678952793186534,-2.738116721698412,75,-10.295703387454447,-0.15851660915024124,False
1.4598712169398027,8.363799985277778,-2.8662401517349214,-2.738116721698412,75,-10.295703387454447,-0.15832614791254304,False
1.460562523040699,8.365088974445019,-2.8649511625676816,-2.738116721698412,75,-10.295703387454447,-0.15819182632227838,False
1.4617765554555973,8.365675423090458,-2.8643647139222423,-2.738116721698412,75,-10.295703387454447,-0.15810137131692412,False
1.4645667024015452,8.36743042694801,-2.8626097100646906,-2.738116721698412,75,-10.295703387454447,-0.15786260155556833,False
1.4656029577646588,8.371114841110051,-2.858925295902647,-2.738116721698412,75,-10.295703387454447,-0.15786617523406987,False
1.4662591458817504,8.37343909045743,-2.856601046555271,-2.738116721698412,75,-10.295703387454447,-0.1575591875168604,False
1.4681960825591995,8.37678020758906,-2.853259929423639,-2.738116721698412,75,-10.295703387454447,-0.1572577814720747,False
1.4697507044069935,8.372768510784978,-2.8572716262277216,-2.738116721698412,75,-10.295703387454447,-0.1573878898336128,False
1.4706457744650174,8.375051494572295,-2.854988642440404,-2.738116721698412,75,-10.295703387454447,-0.15710681069820528,False
1.4731122586252396,8.381068452748629,-2.8489716842640695,-2.738116721698412,75,-10.295703387454447,-0.15716219985555216,False
1.4746638914178822,8.381650960748262,-2.8483891762644378,-2.738116721698412,75,-10.295703387454447,-0.15710060296150968,False
1.4753515033854154,8.383542676268805,-2.8464974607438958,-2.738116721698412,75,-10.295703387454447,-0.15713262783207602,False
1.4805414975262912,8.38395229060171,-2.84608784641099,-2.738116721698412,75,-10.295703387454447,-0.1570727982231082,False
1.4812940401906556,8.384459691158975,-2.8455804458537246,-2.738116721698412,75,-10.295703387454447,-0.15700647406783758,False
1.48171470966344,8.3851107554313,-2.844929381581399,-2.738116721698412,75,-10.295703387454447,-0.1569201610082037,False
1.48268171627213,8.387565568091526,-2.8424745689211735,-2.738116721698412,75,-10.295703387454447,-0.15668159568404424,False
1.4849289135394939,8.388921149524856,-2.841118987487844,-2.738116721698412,75,-10.295703387454447,-0.1566951600466591,False
1.485674575600674,8.39003524180251,-2.840004895210189,-2.738116721698412,75,-10.295703387454447,-0.15656359206684795,False
1.485849988312938,8.39144395459149,-2.8385961824212105,-2.738116721698412,75,-10.295703387454447,-0.1565796975882236,False
1.4871755546517815,8.392816764327057,-2.837223372685644,-2.738116721698412,75,-10.295703387454447,-0.1566016141259662,False
1.488109278023308,8.393961494157445,-2.836078642855256,-2.738116721698412,75,-10.295703387454447,-0.1566090473811409,False
1.4905334789414524,8.395178930500068,-2.834861206512632,-2.738116721698412,75,-10.295703387454447,-0.15661407495944663,False
1.4907843452374694,8.39745603767255,-2.83258409934015,-2.738116721698412,75,-10.295703387454447,-0.1563270893336762,False
1.4937667385746167,8.397925666099646,-2.8321144709130537,-2.738116721698412,75,-10.295703387454447,-0.1562706165391574,False
1.4941262865710037,8.398334877118574,-2.8317052598941257,-2.738116721698412,75,-10.295703387454447,-0.15621212744273527,False
1.4943171322448285,8.400819294164274,-2.8292208428484265,-2.738116721698412,75,-10.295703387454447,-0.15620427543093013,False
1.4957134121443103,8.402297295809907,-2.827742841202792,-2.738116721698412,75,-10.295703387454447,-0.15601255261538916,False
1.495753667240421,8.403438110190814,-2.8266020268218846,-2.738116721698412,75,-10.295703387454447,-0.15601676322889171,False
1.4972322877751199,8.40535722098542,-2.82468291602728,-2.738116721698412,75,-10.295703387454447,-0.15603654067615463,False
1.497783111521013,8.407483014731746,-2.822557122280953,-2.738116721698412,75,-10.295703387454447,-0.15577861115393019,False
1.4978432833386264,8.40811334687557,-2.821926790137129,-2.738116721698412,75,-10.295703387454447,-0.15570744452048518,False
1.498726426902662,8.409653450513883,-2.8203866864988174,-2.738116721698412,75,-10.295703387454447,-0.15549453290409593,False
1.4987497139785362,8.411317807132942,-2.818722329879758,-2.738116721698412,75,-10.295703387454447,-0.1553069574606716,False
1.5003420904787599,8.413928958324385,-2.816111178688313,-2.738116721698412,75,-10.295703387454447,-0.15498479444405772,False
1.5005803541173979,8.416314748948302,-2.813725388064398,-2.738116721698412,75,-10.295703387454447,-0.1546934975120507,False
1.5033052145165804,8.41753326966078,-2.8125068673519205,-2.738116721698412,75,-10.295703387454447,-0.15469631821012725,False
1.5052773182254413,8.419373154053472,-2.8106669829592277,-2.738116721698412,75,-10.295703387454447,-0.15451687895758068,False
1.5059237503733405,8.420934739064473,-2.8091053979482257,-2.738116721698412,75,-10.295703387454447,-0.15453608126022186,False
1.508201614102525,8.422480169858172,-2.807559967154528,-2.738116721698412,75,-10.295703387454447,-0.15458130721230512,False
1.5082599982779783,8.422972321112217,-2.807067815900483,-2.738116721698412,75,-10.295703387454447,-0.15452900156048868,False
1.5090364121702702,8.423356184461808,-2.806683952550892,-2.738116721698412,75,-10.295703387454447,-0.15447731455449362,False
1.5102546656047418,8.424881935109696,-2.8051582019030055,-2.738116721698412,75,-10.295703387454447,-0.1545199805589758,False
1.5108041529202336,8.42553118804765,-2.804508948965049,-2.738116721698412,75,-10.295703387454447,-0.15446030728171775,False
1.5134221580944391,8.427388864334063,-2.802651272678637,-2.738116721698412,75,-10.295703387454447,-0.1544685314111617,False
1.5160089192683457,8.431232462734192,-2.7988076742785086,-2.738116721698412,75,-10.295703387454447,-0.15447533096616975,False
1.5161530697292926,8.433251933648553,-2.796788203364147,-2.738116721698412,75,-10.295703387454447,-0.15431433686906867,False
1.5164071374753965,8.434509755908481,-2.7955303811042196,-2.738116721698412,75,-10.295703387454447,-0.15434109235324459,False
1.5170014924099053,8.436068735454084,-2.7939714015586157,-2.738116721698412,75,-10.295703387454447,-0.15414070143452968,False
1.5178289900783901,8.439373120527433,-2.790667016485267,-2.738116721698412,75,-10.295703387454447,-0.15416622719807685,False
1.5181692133879228,8.418244856131272,-2.811795280881428,-2.738116721698412,75,-10.295703387454447,-0.1547341664037816,False
1.520748492834399,8.420898882735594,-2.809141254277106,-2.738116721698412,75,-10.295703387454447,-0.15442732095279563,False
1.5216346607703162,8.423686775867186,-2.806353361145514,-2.738116721698412,75,-10.295703387454447,-0.1541408468239744,False
1.524099590233819,8.42793795174829,-2.8021021852644084,-2.738116721698412,75,-10.295703387454447,-0.15374245067131956,False
1.5242333127719239,8.428323638445573,-2.801716498567126,-2.738116721698412,75,-10.295703387454447,-0.1536986614554379,False
1.5252508421436113,8.429699854358017,-2.800340282654682,-2.738116721698412,75,-10.295703387454447,-0.15375112361817947,False
1.5255312817383417,8.430698932265356,-2.799341204747343,-2.738116721698412,75,-10.295703387454447,-0.15377195640703756,False
1.5265298602596782,8.430698932265356,-2.799341204747343,-2.738116721698412,75,-10.295703387454447,-0.15377195640703756,False
1.528487915297976,8.436282242559647,-2.793757894453053,-2.738116721698412,75,-10.295703387454447,-0.15382127939164436,False
1.5295367636000066,8.437481747633027,-2.7925583893796717,-2.738116721698412,75,-10.295703387454447,-0.15386266575589902,False
1.5300013910533097,8.43890151813607,-2.7911386188766283,-2.738116721698412,75,-10.295703387454447,-0.15392590656691996,False
1.5305459727121073,8.439773141680277,-2.790266995332422,-2.738116721698412,75,-10.295703387454447,-0.15394673020396157,False
1.5320488379834942,8.441429694526443,-2.788610442486256,-2.738116721698412,75,-10.295703387454447,-0.15395852260524234,False
1.5330704112902567,8.444171660779169,-2.78586847623353,-2.738116721698412,75,-10.295703387454447,-0.1536394606559861,False
1.5349252208263087,8.445851913493046,-2.7841882235196533,-2.738116721698412,75,-10.295703387454447,-0.1534356631147331,False
1.5352607425679936,8.448017364855358,-2.78202277215734,-2.738116721698412,75,-10.295703387454447,-0.1531776854240293,False
1.5386070538848817,8.452350008447969,-2.777690128564731,-2.738116721698412,75,-9.862439028193553,-0.15276192176047976,False
1.5391606409822622,8.454364257492584,-2.775675879520116,-2.738116721698412,75,-9.862439028193553,-0.15252902282365163,False
1.5414039168654141,8.454364257492584,-2.775675879520116,-2.738116721698412,75,-9.862439028193553,-0.15252902282365163,False
1.5434366875384287,8.455710004099666,-2.774330132913034,-2.738116721698412,75,-9.862439028193553,-0.1523561487464943,False
1.5443818776477167,8.4572324560823,-2.772807680930399,-2.738116721698412,75,-9.862439028193553,-0.15214984365136777,False
1.5445654921723846,8.459031035988493,-2.7710091010242066,-2.738116721698412,75,-9.862439028193553,-0.15193475268772613,False
1.5446951042674644,8.464518978005344,-2.765521159007355,-2.738116721698412,75,-9.862439028193553,-0.15198143920303964,False
1.5491241692832685,8.466359168618162,-2.7636809683945383,-2.738116721698412,75,-9.862439028193553,-0.15176793326813903,False
1.5496262842074275,8.46735373468814,-2.76268640232456,-2.738116721698412,75,-9.862439028193553,-0.151794249001178,False
1.551633093064727,8.467907625759118,-2.762132511253583,-2.738116721698412,75,-9.862439028193553,-0.15173213082379663,False
1.5556414916425936,8.469404934025054,-2.760635202987646,-2.738116721698412,74,-9.862439028193553,-0.15176219562309687,False
1.5583589309461912,8.471894826062044,-2.7581453109506566,-2.738116721698412,74,-9.862439028193553,-0.15145137794303956,False
1.5599173723907733,8.473392841795501,-2.7566472952171988,-2.738116721698412,74,-9.862439028193553,-0.15147194350286416,False
1.5607094990848982,8.47528097939304,-2.754759157619661,-2.738116721698412,74,-9.862439028193553,-0.15124523163859427,False
1.561445758457653,8.47683899919386,-2.7532011378188397,-2.738116721698412,74,-9.862439028193553,-0.1512671848219251,False
1.5614837013060143,8.477892042684681,-2.752148094328019,-2.738116721698412,74,-9.862439028193553,-0.15110734417616858,False
1.5642019771595557,8.47947668596902,-2.7505634510436785,-2.738116721698412,74,-9.862439028193553,-0.15092189712106216,False
1.5647067196253852,8.48092030459887,-2.7491198324138306,-2.738116721698412,74,-9.862439028193553,-0.1509261886143437,False
1.5650358451280426,8.486993853548974,-2.7430462834637264,-2.738116721698412,74,-9.862439028193553,-0.15098570771543157,False
1.5655113064677073,8.486993853548974,-2.7430462834637264,-2.738116721698412,74,-9.862439028193553,-0.15098570771543157,False
1.5664220599438197,8.489576874789813,-2.7404632622228866,-2.738116721698412,74,-9.862439028193553,-0.15098016466652242,False
1.5665963712141475,8.49356844711161,-2.736471689901089,-2.738116721698412,74,-9.862439028193553,-0.15098998733306357,False
1.5681734224473143,8.496206387599047,-2.7338337494136535,-2.738116721698412,74,-9.862439028193553,-0.15075535064343257,False
1.5700736461722686,8.498008217910684,-2.732031919102016,-2.70771972327333,74,-9.862439028193553,-0.15055820208306342,False
1.5706805174052565,8.499479268174811,-2.730560868837888,-2.70771972327333,74,-9.862439028193553,-0.15036976237267652,False
1.571420717512365,8.504145121094858,-2.7258950159178426,-2.5351602552796746,74,-9.862439028193553,-0.14997852802513234,False
1.5716679204237747,8.506022609503217,-2.724017527509483,-2.5351602552796746,73,-9.862439028193553,-0.14980986381289194,False
1.5741142987792123,8.510094570202419,-2.719945566810281,-2.5351602552796746,73,-9.862439028193553,-0.149408617886487,False
1.5754269083768715,8.510094570202419,-2.719945566810281,-2.5351602552796746,73,-9.862439028193553,-0.149408617886487,False
1.5761225117930118,8.511775877672573,-2.718264259340126,-2.5351602552796746,73,-9.862439028193553,-0.1492294009307801,False
1.5781039346375605,8.514335215473166,-2.7157049215395346,-2.5351602552796746,73,-9.862439028193553,-0.14894084991042214,False
1.5839266024202807,8.51546014709267,-2.7145799899200296,-2.5351602552796746,73,-9.862439028193553,-0.1487975894641089,False
1.5874850010786743,8.51546014709267,-2.7145799899200296,-2.5351602552796746,73,-9.862439028193553,-0.1487975894641089,False
1.588318656811414,8.516857476167703,-2.7131826608449985,-2.5351602552796746,73,-9.862439028193553,-0.14866395831743698,False
1.588475767600488,8.518129035385023,-2.711911101627676,-2.5351602552796746,73,-9.862439028193553,-0.14867020146841323,False
1.588611058495486,8.52054173261867,-2.7094984043940302,-2.5351602552796746,73,-9.862439028193553,-0.14837557767847603,False
1.588797927582876,8.521728653187477,-2.7083114838252214,-2.506211225264308,73,-9.862439028193553,-0.14824142116224848,False
1.5895643836507642,8.523695204720134,-2.7063449322925663,-2.506211225264308,73,-9.862439028193553,-0.14827597571434484,False
1.5925223716967758,8.524950069917534,-2.705090067095166,-2.506211225264308,73,-9.862439028193553,-0.14827978470681888,False
1.593294082031096,8.528660708113826,-2.7013794288988744,-2.506211225264308,73,-9.862439028193553,-0.14791338349772107,False
1.5952697299497671,8.529848791704692,-2.700191345308007,-2.506211225264308,73,-9.862439028193553,-0.14791834063190012,False
1.5956672702395538,8.531866714538344,-2.698173422474356,-2.506211225264308,72,-9.862439028193553,-0.1479391596247108,False
1.6002715810936308,8.53379664921838,-2.696243487794321,-2.506211225264308,72,-9.862439028193553,-0.14768858390041043,False
1.6003659253996085,8.535073947553975,-2.694966189458725,-2.506211225264308,72,-9.862439028193553,-0.1475354831965028,False
1.6011261859017043,8.537003177198592,-2.693036959814107,-2.506211225264308,72,-9.862439028193553,-0.14754527063788114,False
1.602144291795612,8.538431382641061,-2.6916087543716385,-2.506211225264308,72,-9.862439028193553,-0.1475606861482982,False
1.6028022239720832,8.540993344067875,-2.6890467929448243,-2.506211225264308,72,-9.862439028193553,-0.1472297769757387,False
1.603310976356692,8.54247455656731,-2.6875655804453897,-2.506211225264308,72,-9.862439028193553,-0.1472479873442304,False
1.6049920401152027,8.54619643673997,-2.6838437002727296,-2.506211225264308,72,-9.862439028193553,-0.14693053132201697,False
1.6051331178815318,8.549597681290535,-2.6804424557221647,-2.506211225264308,72,-9.862439028193553,-0.1469597606097665,False
1.6052409121680382,8.551034705906453,-2.6790054311062463,-2.506211225264308,72,-9.862439028193553,-0.14698373294486414,False
1.6064251022036506,8.552239728096586,-2.6778004089161143,-2.506211225264308,72,-9.862439028193553,-0.1469927914005418,False
1.6067052478807862,8.55292920134413,-2.67711093566857,-2.506211225264308,72,-9.862439028193553,-0.14690064457936525,False
1.6076054270540254,8.554898863639982,-2.6751412733727165,-2.506211225264308,72,-9.862439028193553,-0.1466708119707666,False
1.607983734899303,8.554898863639982,-2.6751412733727165,-2.506211225264308,72,-9.862439028193553,-0.1466708119707666,False
1.6085248888213077,8.557424602455578,-2.672615534557122,-2.506211225264308,72,-9.862439028193553,-0.14637993036665467,False
1.6102248813583298,8.55841854971605,-2.67162158729665,-2.506211225264308,72,-9.862439028193553,-0.14625692653776787,False
1.6104726587980789,8.560000557172051,-2.670039579840649,-2.506211225264308,72,-9.862439028193553,-0.1463033750685721,False
1.6105240171790962,8.561484100198976,-2.6685560368137238,-2.506211225264308,72,-9.862439028193553,-0.14611902212628974,False
1.612937895476189,8.56304950165934,-2.66699063535336,-2.506211225264308,72,-9.862439028193553,-0.14616339239343934,False
1.614690532390395,8.564465362746402,-2.665574774266298,-2.506211225264308,72,-9.862439028193553,-0.14618507351328514,False
1.614965684581401,8.569885060700445,-2.660155076312254,-2.506211225264308,72,-9.862439028193553,-0.14623993152010603,False
1.6167092886633414,8.569885060700445,-2.660155076312254,-2.506211225264308,72,-9.862439028193553,-0.14623993152010603,False
1.6171989874807098,8.57400813812063,-2.6560319988920678,-2.506211225264308,72,-9.862439028193553,-0.14625252943998016,False
1.6197493217947532,8.575180114906008,-2.654860022106692,-2.506211225264308,72,-9.862439028193553,-0.14611472397196798,False
1.6208573100740316,8.576482618378405,-2.6535575186342952,-2.506211225264308,72,-9.862439028193553,-0.1461421075146326,False
1.6217945044348898,8.577339179536986,-2.6527009574757137,-2.506211225264308,72,-9.862439028193553,-0.14603350865768192,False
1.6227469476573606,8.579065703508455,-2.650974433504245,-2.506211225264308,72,-9.862439028193553,-0.1460464617846877,False
1.6236664961416893,8.581094970177901,-2.6489451668347987,-2.506211225264308,72,-9.862439028193553,-0.1458611932380084,False
1.6248326584914254,8.583806907782764,-2.6462332292299355,-2.506211225264308,72,-9.862439028193553,-0.14560544304056813,False
1.628666110787872,8.583806907782764,-2.6462332292299355,-2.506211225264308,72,-9.862439028193553,-0.14560544304056813,False
1.6317448870470856,8.58521064222754,-2.644829494785159,-2.506211225264308,72,-9.862439028193553,-0.1456577043119075,False
1.6317746401889255,8.586253952761588,-2.643786184251111,-2.506211225264308,72,-9.862439028193553,-0.14568006798390096,False
1.63212095084622,8.587263171606066,-2.6427769654066333,-2.506211225264308,72,-9.862439028193553,-0.1455573536181823,False
1.6332356832228783,8.588697026592703,-2.6413431104199976,-2.506211225264308,72,-9.862439028193553,-0.14539543817004583,False
1.6341468249933917,8.590192313781015,-2.639847823231684,-2.506211225264308,72,-9.862439028193553,-0.14523539354755854,False
1.634448539563235,8.595632161263847,-2.634407975748852,-2.506211225264308,72,-9.862439028193553,-0.145287162164891,False
1.6359309152571904,8.598161090418982,-2.631879046593718,-2.506211225264308,72,-9.862439028193553,-0.1449882379414448,False
1.6367730821136808,8.59940037464722,-2.630639762365482,-2.506211225264308,72,-9.862439028193553,-0.14502960064428247,False
1.6373074644674974,8.600829437962854,-2.629210699049845,-2.506211225264308,72,-9.862439028193553,-0.14509405282177024,False
1.6380172310181245,8.601740158809392,-2.6282999782033074,-2.506211225264308,72,-9.862439028193553,-0.14511512595657025,False
1.6391765551703088,8.603633359830232,-2.6264067771824675,-2.506211225264308,72,-9.862439028193553,-0.14496030326117632,False
1.6404660745882527,8.606308361017284,-2.6237317759954157,-2.506211225264308,72,-9.862439028193553,-0.14495704399275533,False
1.6432715189512226,8.607931286333907,-2.6221088506787926,-2.506211225264308,72,-9.862439028193553,-0.14475342081378334,False
1.6444141610023886,8.607931286333907,-2.6221088506787926,-2.506211225264308,72,-9.862439028193553,-0.14475342081378334,False
1.6446516892464758,8.61269811294624,-2.61734202406646,-2.506211225264308,72,-9.862439028193553,-0.1443630651327951,False
1.6465629712007621,8.615039366347792,-2.6150007706649063,-2.506211225264308,72,-9.862439028193553,-0.14409172412798285,False
1.6466812550311685,8.616736119368504,-2.6133040176441953,-2.506211225264308,72,-9.862439028193553,-0.14386822363484242,False
1.6480915191240333,8.616736119368504,-2.6133040176441953,-2.506211225264308,72,-9.862439028193553,-0.14386822363484242,False
1.6481485110958674,8.618155859391756,-2.6118842776209443,-2.506211225264308,72,-9.862439028193553,-0.14371668792993122,False
1.6484211162318543,8.618810582709642,-2.611229554303058,-2.506211225264308,72,-9.862439028193553,-0.14361850411349752,False
1.6490048903581274,8.621723913194613,-2.608316223818087,-2.506211225264308,72,-9.862439028193553,-0.1432845481017444,False
1.6492223075382153,8.624375068036887,-2.6056650689758136,-2.506211225264308,72,-9.862439028193553,-0.1429859606319969,False
1.656211876911341,8.62604953500285,-2.60399060200985,-2.506211225264308,71,-9.862439028193553,-0.14281903453739075,False
1.6602158154841775,8.631895447072534,-2.598144689940166,-2.506211225264308,71,-9.862439028193553,-0.14288129168866023,False
1.661813759582718,8.632926998235929,-2.5971131387767707,-2.506211225264308,71,-9.862439028193553,-0.14290914772615343,False
1.6637807237576574,8.637754743021624,-2.5922853939910753,-2.506211225264308,71,-9.379664549624074,-0.14249233407617212,False
1.6662272728083152,8.637754743021624,-2.5922853939910753,-2.506211225264308,71,-9.379664549624074,-0.14249233407617212,False
1.6676434615450577,8.641986619045316,-2.5880535179673836,-2.506211225264308,71,-9.379664549624074,-0.1425074198537613,False
1.6681156362603344,8.641986619045316,-2.5880535179673836,-2.506211225264308,71,-9.379664549624074,-0.1425074198537613,False
1.6689503858320478,8.64262997903979,-2.58741015797291,-2.506211225264308,71,-9.379664549624074,-0.1424410657464514,False
1.6700505424458003,8.643945480909402,-2.5860946561032985,-2.506211225264308,71,-9.379664549624074,-0.1424636142555982,False
1.6722966674191566,8.646149234376603,-2.5838909026360968,-2.506211225264308,71,-9.379664549624074,-0.1422969664364369,False
1.6728466390347498,8.647863018647325,-2.5821771183653754,-2.506211225264308,71,-9.379664549624074,-0.14208672324192925,False
1.6763728738635444,8.648321322759454,-2.5817188142532457,-2.506211225264308,71,-9.379664549624074,-0.1420222940988812,False
1.678104930931776,8.648886900491304,-2.5811532365213945,-2.506211225264308,71,-9.379664549624074,-0.14194985935964247,False
1.678615870673668,8.651815789849632,-2.578224347163068,-2.506211225264308,71,-9.379664549624074,-0.14162166905362084,False
1.6787105777274314,8.65254289333607,-2.5774972436766297,-2.506211225264308,71,-9.379664549624074,-0.14152813542949072,False
1.6801114382822653,8.655628898663586,-2.574411238349113,-2.506211225264308,71,-9.379664549624074,-0.14122533525505612,False
1.6811055233311227,8.657127825949328,-2.572912311063372,-2.506211225264308,71,-9.379664549624074,-0.14123162130192057,False
1.682882954628523,8.657127825949328,-2.572912311063372,-2.506211225264308,71,-9.379664549624074,-0.14123162130192057,False
1.6848107243553518,8.658359295211902,-2.5716808418007986,-2.506211225264308,71,-9.379664549624074,-0.1410884497484828,False
1.6853336550536335,8.658359295211902,-2.5716808418007986,-2.506211225264308,71,-9.379664549624074,-0.1410884497484828,False
1.685822607240225,8.661175334829355,-2.568864802183345,-2.506211225264308,71,-9.379664549624074,-0.1408524777632488,False
1.6860178901140046,8.662457998308131,-2.5675821387045694,-2.506211225264308,71,-9.379664549624074,-0.1408572630357881,False
1.6862072140205968,8.66441265450278,-2.5656274825099206,-2.4374274455472293,71,-9.379664549624074,-0.14065573650094657,False
1.6890165582421737,8.667151782681517,-2.5628883543311827,-2.4374274455472293,71,-9.379664549624074,-0.14033530413843467,False
1.6911082579310324,8.668475570066391,-2.5615645669463087,-2.4374274455472293,71,-9.379664549624074,-0.14034255149158806,False
1.692258906710488,8.670471440175607,-2.5595686968370934,-2.4374274455472293,71,-9.379664549624074,-0.14035366091357954,False
1.6929555292378085,8.6720351176175,-2.558005019395199,-2.4374274455472293,71,-9.379664549624074,-0.14038538635618467,False
1.6947767514078436,8.675078353535035,-2.554961783477664,-2.4374274455472293,71,-9.379664549624074,-0.14004562533513373,False
1.6954322918172466,8.67853094069236,-2.5515091963203407,-2.4374274455472293,71,-9.379664549624074,-0.1400781553058869,False
1.6961159999786048,8.67853094069236,-2.5515091963203407,-2.4374274455472293,71,-9.379664549624074,-0.1400781553058869,False
1.6967114994998873,8.67853094069236,-2.5515091963203407,-2.4374274455472293,71,-9.379664549624074,-0.1400781553058869,False
1.6967667541621279,8.680931312425622,-2.5491088245870777,-2.4374274455472293,71,-9.379664549624074,-0.1398111343401306,False
1.696910091530552,8.681454529797685,-2.548585607215015,-2.4374274455472293,71,-9.379664549624074,-0.13975025781136804,False
1.6970662613900638,8.681910905037828,-2.5481292319748725,-2.4374274455472293,71,-9.379664549624074,-0.13968666833231885,False
1.6977503487242418,8.683758094791937,-2.5462820422207635,-2.4374274455472293,71,-9.379664549624074,-0.13946716112323734,False
1.698441010575815,8.685868547590337,-2.5441715894223638,-2.4374274455472293,71,-9.379664549624074,-0.13948881555784312,False
1.6996942588754553,8.68710197541916,-2.54293816159354,-2.4374274455472293,71,-9.379664549624074,-0.13949437250712202,False
1.7000896200906623,8.68874244381185,-2.541297693200849,-2.4374274455472293,71,-9.379664549624074,-0.13951797485926642,False
1.701942742899322,8.68874244381185,-2.541297693200849,-2.4374274455472293,71,-9.379664549624074,-0.13951797485926642,False
1.7025717615553353,8.68874244381185,-2.541297693200849,-2.4374274455472293,71,-9.379664549624074,-0.13951797485926642,False
1.703433848726896,8.689441188947942,-2.5405989480647575,-2.4374274455472293,71,-9.379664549624074,-0.13944022109919704,False
1.7034342876714506,8.694352766187196,-2.535687370825505,-2.4374274455472293,71,-9.379664549624074,-0.13949925124061718,False
1.7035284672469784,8.696565796271345,-2.5334743407413542,-2.4374274455472293,71,-9.379664549624074,-0.1392495455863941,False
1.7060564760834567,8.701835742559355,-2.5282043944533448,-2.349006295843182,71,-9.379664549624074,-0.13887411254399587,False
1.7074218614320047,8.703718886485902,-2.5263212505267973,-2.349006295843182,71,-9.379664549624074,-0.13873568095625896,False
1.7088021056922256,8.705195971044704,-2.524844165967996,-2.349006295843182,71,-9.379664549624074,-0.13855141620004902,False
1.7091213666196536,8.7068847272398,-2.5231554097729,-2.349006295843182,71,-9.379664549624074,-0.13833314830998156,False
1.7104084190789461,8.708909225592055,-2.521130911420645,-2.349006295843182,71,-9.379664549624074,-0.1383696271040893,False
1.7106927501019704,8.710896175623407,-2.5191439613892923,-2.349006295843182,71,-9.379664549624074,-0.13814158819884034,False
1.710939477550943,8.715444997655158,-2.5145951393575405,-2.349006295843182,71,-9.379664549624074,-0.13773961026955883,False
1.7152229445232998,8.718259561150875,-2.5117805758618252,-2.349006295843182,71,-9.379664549624074,-0.13744418383768645,False
1.7162636489212046,8.721017548497858,-2.5090225885148416,-2.349006295843182,71,-9.379664549624074,-0.13744316338576906,False
1.7169833605760334,8.722810025328357,-2.5072301116843425,-2.349006295843182,71,-9.379664549624074,-0.13745713445671004,False
1.717293572367885,8.724830448185479,-2.5052096888272213,-2.349006295843182,71,-9.379664549624074,-0.13722823136432394,False
1.7177515524623819,8.729141149702336,-2.500898987310365,-2.349006295843182,71,-9.379664549624074,-0.13724548807371698,False
1.7178866816603413,8.730748915530752,-2.4992912214819483,-2.349006295843182,71,-9.379664549624074,-0.13729243584615003,False
1.718957670340876,8.731285341638998,-2.498754795373703,-2.349006295843182,71,-9.379664549624074,-0.13723633850424033,False
1.7195032490674214,8.73171534542324,-2.498324791589459,-2.349006295843182,71,-9.379664549624074,-0.13718015786576768,False
1.7207856057133082,8.733310344864682,-2.4967297921480176,-2.349006295843182,71,-9.379664549624074,-0.13722550713075535,False
1.7227772468314981,8.734031787937209,-2.496008349075491,-2.349006295843182,71,-9.379664549624074,-0.13715906716124818,False
1.725784335350211,8.735229917566226,-2.4948102194464736,-2.349006295843182,71,-9.379664549624074,-0.13718223583383524,False
1.7264276653782207,8.73672728718182,-2.4933128498308794,-2.349006295843182,71,-9.379664549624074,-0.13719906622560668,False
1.7264369097829417,8.74183942958828,-2.4882007074244203,-2.349006295843182,71,-9.379664549624074,-0.13725477757402843,False
1.7278631070562043,8.743388492531809,-2.4866516444808915,-2.349006295843182,70,-9.379664549624074,-0.13727463013661811,False
1.7285291547654897,8.74604386948517,-2.483996267527529,-2.349006295843182,70,-9.379664549624074,-0.13697067538386404,False
1.730550413455054,8.747539219451756,-2.4825009175609445,-2.349006295843182,70,-9.379664549624074,-0.1369961007568575,False
1.7307113186295837,8.748882349358805,-2.4811577876538946,-2.349006295843182,70,-9.379664549624074,-0.13702373332187925,False
1.7319852791203634,8.750145347237183,-2.479894789775517,-2.349006295843182,70,-9.379664549624074,-0.13703414388027485,False
1.732357869255392,8.752229369291776,-2.477810767720924,-2.349006295843182,70,-9.379664549624074,-0.13678914918708357,False
1.7326555807882957,8.75339141568119,-2.4766487213315105,-2.349006295843182,70,-9.379664549624074,-0.13661682218165344,False
1.7351176260743593,8.75753481829207,-2.4725053187206294,-2.349006295843182,70,-9.379664549624074,-0.1362531483931776,False
1.7370148115932114,8.759276651728253,-2.470763485284447,-2.349006295843182,70,-9.379664549624074,-0.136055705434382,False
1.7386677831714348,8.76091668890892,-2.46912344810378,-2.349006295843182,70,-9.379664549624074,-0.1359046808668414,False
1.7402966446564774,8.76244180556666,-2.46759833144604,-2.349006295843182,70,-9.379664549624074,-0.1357624187527538,False
1.7428829852752232,8.762870981933194,-2.4671691550795067,-2.349006295843182,70,-9.379664549624074,-0.13571427552473864,False
1.7435111388387614,8.763956785624773,-2.466083351387926,-2.349006295843182,70,-9.379664549624074,-0.13573779156744215,False
1.7437342639336904,8.766074685281948,-2.4639654517307523,-2.349006295843182,70,-9.379664549624074,-0.1354775412650944,False
1.7438280552942758,8.767496243660522,-2.4625438933521777,-2.349006295843182,70,-9.379664549624074,-0.1355289962394435,False
1.745948696731844,8.769127566873964,-2.460912570138736,-2.349006295843182,70,-9.379664549624074,-0.13532912560277663,False
1.7473024884457327,8.77194800618827,-2.458092130824431,-2.349006295843182,70,-9.379664549624074,-0.13497681490587882,False
1.7495845814325652,8.77609377092436,-2.45394636608834,-2.349006295843182,70,-9.379664549624074,-0.13464869377851701,False
1.749610286700001,8.777367467240284,-2.452672669772416,-2.349006295843182,70,-9.379664549624074,-0.13468960458987853,False
1.7502101374944665,8.778789663200712,-2.4512504738119882,-2.349006295843182,70,-9.379664549624074,-0.1347543829764373,False
1.7511100624348674,8.779738195530731,-2.4503019414819684,-2.349006295843182,70,-9.379664549624074,-0.13477547241948837,False
1.7544652240641303,8.78252897457402,-2.4475111624386794,-2.349006295843182,70,-9.379664549624074,-0.1344786154809595,False
1.7582935527844707,8.787742239945706,-2.442297897066994,-2.349006295843182,70,-9.379664549624074,-0.13454228866033208,False
1.7640586576678163,8.788988578148809,-2.441051558863892,-2.349006295843182,70,-9.379664549624074,-0.1343891566951238,False
1.7673432140115917,8.793340006677306,-2.4367001303353937,-2.349006295843182,70,-9.379664549624074,-0.13440824709739282,False
1.769828560327585,8.798694125260461,-2.4313460117522383,-2.349006295843182,70,-9.379664549624074,-0.13403390964028972,False
1.772330583778066,8.799993547545165,-2.430046589467534,-2.349006295843182,70,-9.379664549624074,-0.13389231822587516,False
1.7755956024449062,8.802985614008806,-2.4270545230038936,-2.349006295843182,70,-9.379664549624074,-0.1336221173386749,False
1.7759853650621906,8.80482961029252,-2.42521052672018,-2.349006295843182,70,-9.379664549624074,-0.13350197110728462,False
1.7801271379518724,8.805895080754645,-2.424145056258054,-2.349006295843182,70,-9.379664549624074,-0.13353088345432615,False
1.7816683491776137,8.806960889709789,-2.4230792473029115,-2.349006295843182,70,-9.379664549624074,-0.1335544320643235,False
1.7836560181579955,8.808260991854608,-2.4217791451580926,-2.349006295843182,69,-9.379664549624074,-0.13356018216805765,False
1.7842188443383926,8.808880178809934,-2.4211599582027654,-2.349006295843182,69,-9.379664549624074,-0.13349068748215046,False
1.786669130872528,8.810936189630866,-2.4191039473818345,-2.349006295843182,69,-9.379664549624074,-0.13350289962537215,False
1.7877027488134716,8.812346857498511,-2.4176932795141886,-2.349006295843182,69,-9.379664549624074,-0.13333925836712046,False
1.7884992551198022,8.815789104602906,-2.4142510324097937,-2.349006295843182,69,-9.379664549624074,-0.13337461281060836,False
1.7901770375388073,8.818594421740492,-2.4114457152722077,-2.349006295843182,69,-9.379664549624074,-0.1330674448288287,False
1.7934919689829274,8.822554755890188,-2.407485381122512,-2.349006295843182,69,-9.379664549624074,-0.1331292830058419,False
1.7935997540128292,8.825384032832481,-2.404656104180218,-2.349006295843182,69,-9.379664549624074,-0.13313043258900514,False
1.794186105505058,8.830767876115134,-2.3992722608975665,-2.349006295843182,69,-8.84128022135888,-0.1327205901721258,False
1.7953450111766704,8.831530658547594,-2.398509478465106,-2.349006295843182,69,-8.84128022135888,-0.1326223639434001,False
1.7978886805795713,8.833712232682052,-2.396327904330648,-2.349006295843182,69,-8.84128022135888,-0.13237416378542138,False
1.7983663536518484,8.835085518046744,-2.394954618965955,-2.349006295843182,69,-8.84128022135888,-0.13238222071498176,False
1.8005518713124256,8.836863287831397,-2.393176849181303,-2.349006295843182,69,-8.84128022135888,-0.13216801455190294,False
1.8008337951839608,8.83796479231441,-2.3920753446982905,-2.349006295843182,69,-8.84128022135888,-0.1320359884684282,False
1.8009886803021813,8.83960368190317,-2.3904364551095294,-2.349006295843182,69,-8.84128022135888,-0.1318342553210406,False
1.804087059891544,8.841151898373464,-2.388888238639235,-2.349006295843182,69,-8.84128022135888,-0.1318422514545923,False
1.8040934504576767,8.843016965636885,-2.3870231713758145,-2.349006295843182,69,-8.84128022135888,-0.131610242012423,False
1.8054060176980655,8.845210574943824,-2.3848295620688766,-2.349006295843182,69,-8.84128022135888,-0.1316325479981914,False
1.8054147884420728,8.847785015802561,-2.38225512121014,-2.349006295843182,69,-8.84128022135888,-0.13135033561729675,False
1.8072883047621076,8.851033260845496,-2.3790068761672036,-2.349006295843182,69,-8.84128022135888,-0.13100960292098127,False
1.8074378757908802,8.853976458752102,-2.376063678260597,-2.349006295843182,69,-8.84128022135888,-0.1307084099125067,False
1.8080758974345423,8.856088907335137,-2.3739512296775622,-2.2433838666914556,69,-8.84128022135888,-0.13050523578294443,False
1.808961776806138,8.85736505128487,-2.37267508572783,-2.2433838666914556,69,-8.84128022135888,-0.13051125483641987,False
1.809847344373538,8.860353642090926,-2.3696864949217744,-2.2433838666914556,69,-8.84128022135888,-0.13027825974043325,False
1.8139711343050704,8.861648635255653,-2.3683915017570465,-2.2433838666914556,69,-8.84128022135888,-0.1301305548699718,False
1.8146253668710428,8.863501566064917,-2.366538570947782,-2.2433838666914556,69,-8.84128022135888,-0.1301454086082522,False
1.8161194736489228,8.864448238085675,-2.365591898927025,-2.2433838666914556,69,-8.84128022135888,-0.13002890478211732,False
1.8162386406751012,8.86879352233591,-2.3612466146767908,-2.2433838666914556,69,-8.84128022135888,-0.13004948208091016,False
1.8202449778146554,8.873200979381505,-2.3568391576311942,-2.2433838666914556,69,-8.84128022135888,-0.13010797139172367,False
1.821266116520233,8.875437693031852,-2.3546024439808475,-2.2433838666914556,69,-8.84128022135888,-0.12990686561197248,False
1.8230246873895495,8.877012588649599,-2.3530275483631,-2.2433838666914556,69,-8.84128022135888,-0.12977470387061638,False
1.8255182290474596,8.880021695472061,-2.350018441540639,-2.2433838666914556,69,-8.84128022135888,-0.12944879457291605,False
1.830395856663332,8.881642009020778,-2.3483981279919215,-2.2433838666914556,69,-8.84128022135888,-0.1294956143168627,False
1.8314611553261992,8.882755445578391,-2.3472846914343086,-2.2433838666914556,69,-8.84128022135888,-0.12936282468220867,False
1.8334435959467665,8.884335898691223,-2.345704238321477,-2.2433838666914556,69,-8.84128022135888,-0.1291856491269641,False
1.8337507642707371,8.885948123382484,-2.3440920136302164,-2.2433838666914556,69,-8.84128022135888,-0.12923133039903517,False
1.8345670838331876,8.88759519416691,-2.342444942845791,-2.2433838666914556,69,-8.84128022135888,-0.12905261206718832,False
1.8374696255673326,8.888516631694657,-2.3415235053180434,-2.2433838666914556,69,-8.84128022135888,-0.12907631043259807,False
1.837884764543434,8.890576217173837,-2.3394639198388623,-2.2433838666914556,69,-8.84128022135888,-0.12911415611258856,False
1.839578185028119,8.892196577014335,-2.3378435599983654,-2.2433838666914556,69,-8.84128022135888,-0.1291467046691632,False
1.83988310083263,8.894076182476244,-2.335963954536456,-2.2433838666914556,69,-8.84128022135888,-0.12892841254494408,False
1.8398955127932715,8.89647527405072,-2.3335648629619796,-2.2433838666914556,69,-8.84128022135888,-0.12875753398845402,False
1.844421351840406,8.898248713421484,-2.331791423591216,-2.2433838666914556,69,-8.84128022135888,-0.12865678014657106,False
1.8459256174653105,8.89962733392091,-2.33041280309179,-2.2433838666914556,69,-8.84128022135888,-0.12868432398304705,False
1.847074493562228,8.905594665182445,-2.324445471830254,-2.2433838666914556,69,-8.84128022135888,-0.12833459217150445,False
1.8480816323144589,8.907310233009252,-2.322729904003448,-2.2433838666914556,68,-8.84128022135888,-0.12835919723665387,False
1.8482132419279595,8.910539543001766,-2.319500594010934,-2.2433838666914556,68,-8.84128022135888,-0.12801280925395558,False
1.8505250229852361,8.91395326422623,-2.3160868727864705,-2.2433838666914556,68,-8.84128022135888,-0.1276976302128846,False
1.8528999488878903,8.91468170336904,-2.3153584336436603,-2.2433838666914556,68,-8.84128022135888,-0.12759217759073133,False
1.8545967736021753,8.916241433058248,-2.313798703954452,-2.2433838666914556,68,-8.84128022135888,-0.12742280707812265,False
1.8548978180998128,8.921329161049293,-2.308710975963406,-2.2433838666914556,68,-8.84128022135888,-0.1270279967282678,False
1.8578092559535553,8.92289040431618,-2.3071497326965202,-2.2433838666914556,68,-8.84128022135888,-0.12704585270483942,False
1.8588045604096501,8.926975719448926,-2.3030644175637733,-2.2433838666914556,68,-8.84128022135888,-0.12710970817253675,False
1.8592155403770665,8.930066401694326,-2.2999737353183733,-2.2433838666914556,68,-8.84128022135888,-0.12681129002393177,False
1.8595372958272856,8.93167657831897,-2.2983635586937283,-2.2433838666914556,68,-8.84128022135888,-0.12683236416250096,False
1.8607057067998425,8.93280246986195,-2.2972376671507475,-2.2433838666914556,68,-8.84128022135888,-0.12685667292124184,False
1.8614637397615268,8.93423027336203,-2.2958098636506703,-2.2433838666914556,68,-8.84128022135888,-0.12690682208746526,False
1.8631526812668555,8.935775843213516,-2.2942642937991833,-2.2433838666914556,67,-8.84128022135888,-0.1269331862840376,False
1.8642624799501504,8.94005928486285,-2.28998085214985,-2.2433838666914556,67,-8.84128022135888,-0.12695490424622435,False
1.8648215868014566,8.941376737665433,-2.288663399347267,-2.2433838666914556,67,-8.84128022135888,-0.12696641235853565,False
1.8680163581641105,8.942678180538456,-2.287361956474244,-2.2433838666914556,67,-8.84128022135888,-0.1270065083840532,False
1.8684672746708375,8.946054144198062,-2.2839859928146375,-2.2433838666914556,67,-8.84128022135888,-0.12664981304459133,False
1.868675983233743,8.947450428753895,-2.2825897082588047,-2.2433838666914556,67,-8.84128022135888,-0.12671413328697737,False
1.8697459859679886,8.950106571752864,-2.279933565259836,-2.2433838666914556,67,-8.84128022135888,-0.12644174136092556,False
1.8697941265362445,8.951091105400405,-2.278949031612296,-2.2433838666914556,67,-8.84128022135888,-0.12646263682533015,False
1.8722305998881281,8.95397705307472,-2.2760630839379807,-2.2433838666914556,67,-8.84128022135888,-0.12646586200513835,False
1.8729649240345467,8.956003460882684,-2.2740366761300153,-2.2433838666914556,67,-8.84128022135888,-0.12623167867355767,False
1.8755382459100354,8.95892168500322,-2.2711184520094805,-2.2433838666914556,67,-8.84128022135888,-0.12592220990106942,False
1.8804808053948971,8.961349050686248,-2.268691086326452,-2.2433838666914556,67,-8.84128022135888,-0.1256574272573536,False
1.883291873041266,8.962057248672942,-2.2679828883397595,-2.207973967356832,67,-8.84128022135888,-0.12558656313189587,False
1.8840534514269835,8.96540961689666,-2.2646305201160395,-2.207973967356832,67,-8.84128022135888,-0.12562420713553388,False
1.884161550690027,8.967517540427512,-2.262522596585189,-2.207973967356832,67,-8.84128022135888,-0.12563732630608526,False
1.8844682257753511,8.972147248254293,-2.257892888758406,-2.207973967356832,67,-8.84128022135888,-0.12528408990572154,False
1.8846644738711944,8.974679995982472,-2.255360141030228,-2.207973967356832,67,-8.84128022135888,-0.12534742915413163,False
1.8852459292781567,8.975985396797993,-2.254054740214707,-2.207973967356832,67,-8.84128022135888,-0.1253541233332656,False
1.8858422007002724,8.977854518010556,-2.2521856190021436,-2.207973967356832,67,-8.84128022135888,-0.12512574422607264,False
1.8866644220654332,8.979471461093404,-2.250568675919295,-2.207973967356832,67,-8.84128022135888,-0.12493122236114586,False
1.8896044300904717,8.981662188477834,-2.2483779485348645,-2.207973967356832,67,-8.84128022135888,-0.12469210078100916,False
1.891797316711694,8.982173068876934,-2.247867068135766,-2.207973967356832,67,-8.84128022135888,-0.12462345670377951,False
1.8929493486409796,8.982941648571215,-2.247098488441485,-2.207973967356832,67,-8.84128022135888,-0.12464707959274998,False
1.8947763652759735,8.985260959719943,-2.2447791772927563,-2.207973967356832,67,-8.84128022135888,-0.12437981122558284,False
1.8950579125487144,8.985889132680704,-2.2441510043319957,-2.207973967356832,67,-8.84128022135888,-0.12430141323469483,False
1.8958767024126548,8.986698410287877,-2.2433417267248226,-2.207973967356832,67,-8.84128022135888,-0.12420109874416188,False
1.8986805273238134,8.988912225919846,-2.2411279110928546,-2.207973967356832,67,-8.84128022135888,-0.12395779931206054,False
1.899218038641611,8.994939970362438,-2.2351001666502612,-2.207973967356832,67,-8.84128022135888,-0.12360755772051385,False
1.8995878519234775,8.99804120841528,-2.2319989285974198,-2.207973967356832,67,-8.84128022135888,-0.12323747072020909,False
1.901766517578649,9.00265942632364,-2.2273807106890593,-2.207973967356832,67,-8.84128022135888,-0.1229053476486033,False
1.9045539010678987,9.003754936598387,-2.2262852004143134,-2.207973967356832,67,-8.84128022135888,-0.12293486595010958,False
1.904611083340189,9.005112922543367,-2.224927214469334,-2.207973967356832,67,-8.84128022135888,-0.122780965365603,False
1.9048318367096833,9.00677229901417,-2.223267837998531,-2.207973967356832,67,-8.84128022135888,-0.12263112262663917,False
1.9082846375362856,9.008249801608585,-2.2217903354041146,-2.207973967356832,67,-8.84128022135888,-0.12251946149516334,False
1.908305834428125,9.011329781721221,-2.218710355291478,-2.207973967356832,67,-8.84128022135888,-0.1222211096740597,False
1.910138386340125,9.012748949662504,-2.2172911873501957,-2.207973967356832,67,-8.84128022135888,-0.1222298022370198,False
1.9112470818461116,9.016906864647426,-2.2131332723652735,-2.207973967356832,67,-8.84128022135888,-0.12225232469112533,False
1.9122296273986135,9.018577621681873,-2.2114625153308274,-2.207973967356832,67,-8.84128022135888,-0.12217126880355973,False
1.9153864680181345,9.021841151336417,-2.2081989856762823,-2.207973967356832,67,-8.84128022135888,-0.12223139018501541,False
1.91550015548609,9.023747431161665,-2.2062927058510344,-2.207973967356832,67,-8.84128022135888,-0.12224699829090595,False
1.9163613133846493,9.026011253444862,-2.2040288835678363,-2.207973967356832,67,-8.84128022135888,-0.12226978622071644,False
1.9168244024915146,9.027289835261492,-2.2027503017512085,-2.207973967356832,67,-8.84128022135888,-0.1220854726292318,False
1.917389590465181,9.029586209733049,-2.2004539272796517,-2.207973967356832,67,-8.84128022135888,-0.12182380675302115,False
1.9212292363749095,9.030093389184776,-2.199946747827924,-2.207973967356832,67,-8.84128022135888,-0.12175538398666998,False
1.9215394598027578,9.030674233710226,-2.1993659033024726,-2.207973967356832,67,-8.84128022135888,-0.1216904383225365,False
1.9229551479810805,9.031989719716785,-2.198050417295915,-2.207973967356832,67,-8.84128022135888,-0.1216967953641665,False
1.9232399321725788,9.033900291987631,-2.196139845025068,-2.207973967356832,67,-8.84128022135888,-0.1214889237486846,False
1.9293827868592794,9.039910594138181,-2.190129542874519,-2.207973967356832,67,-8.240250006303974,-0.12109462365235689,False
1.93123234389221,9.040682672179699,-2.189357464833001,-2.207973967356832,67,-8.240250006303974,-0.12101045504047651,False
1.9335917436700556,9.042272401848154,-2.1877677351645453,-2.207973967356832,67,-8.240250006303974,-0.12101991009534452,False
1.934820080647715,9.04556927014455,-2.18447086686815,-2.207973967356832,67,-8.240250006303974,-0.1207389744209507,False
1.9351870730787775,9.047374192810842,-2.1826659442018572,-2.207973967356832,67,-8.240250006303974,-0.12052935671503376,False
1.935407642364593,9.04964780210833,-2.180392334904369,-2.094293502482418,67,-8.240250006303974,-0.12032760236372293,False
1.9399465362512776,9.052797484145438,-2.1772426528672613,-2.094293502482418,67,-8.240250006303974,-0.12010225562287433,False
1.9478634551605494,9.053408811106104,-2.176631325906596,-2.094293502482418,67,-8.240250006303974,-0.12012559212095426,False
1.947900912488261,9.05502594863615,-2.1750141883765495,-2.094293502482418,67,-8.240250006303974,-0.12017176094525162,False
1.9517342679100353,9.056640571297866,-2.173399565714834,-2.094293502482418,67,-8.240250006303974,-0.1202172158972944,False
1.9518843761547235,9.059565469799276,-2.1704746672134236,-2.094293502482418,67,-8.240250006303974,-0.12022239511534717,False
1.952776088739374,9.060045337794474,-2.1699947992182254,-2.094293502482418,67,-8.240250006303974,-0.12016201734090722,False
1.9528010710300223,9.060628231480262,-2.1694119055324377,-2.094293502482418,67,-8.240250006303974,-0.12010240565985045,False
1.9534330743431498,9.063736873613912,-2.1663032633987878,-2.094293502482418,67,-8.240250006303974,-0.11979149573252293,False
1.9570353873265394,9.067699416056346,-2.162340720956354,-2.094293502482418,67,-8.240250006303974,-0.1198145042104565,False
1.9582114396557158,9.068498481524733,-2.1615416554879667,-2.094293502482418,67,-8.240250006303974,-0.11974103884269496,False
1.9588823868069531,9.069875535907206,-2.1601646011054942,-2.094293502482418,67,-8.240250006303974,-0.1195787395229505,False
1.9611142962268913,9.07235396052188,-2.1576861764908206,-2.094293502482418,67,-8.240250006303974,-0.11964159916281261,False
1.9664016421152926,9.073761792111648,-2.1562783449010507,-2.094293502482418,67,-8.240250006303974,-0.11966876436448985,False
1.9674837095741513,9.077062972370971,-2.1529771646417286,-2.094293502482418,67,-8.240250006303974,-0.1193421211536266,False
1.9675383372503918,9.079005588976793,-2.1510345480359057,-2.094293502482418,67,-8.240250006303974,-0.11911909158788302,False
1.9708782082676755,9.081050945503229,-2.148989191509471,-2.094293502482418,67,-8.240250006303974,-0.11888114917298641,False
1.9717464153906379,9.082469611807952,-2.1475705252047486,-2.094293502482418,67,-8.240250006303974,-0.11873314849091855,False
1.9719295170453872,9.084534599781792,-2.1455055372309078,-2.094293502482418,67,-8.240250006303974,-0.11877185482656083,False
1.974344878561026,9.087360996796015,-2.142679140216684,-2.094293502482418,67,-8.240250006303974,-0.11848199419128988,False
1.9751305421620167,9.090980832234937,-2.139059304777763,-2.094293502482418,67,-8.240250006303974,-0.11814046659951825,False
1.9751630569268621,9.09424557180584,-2.1357945652068593,-2.094293502482418,67,-8.240250006303974,-0.11784208757989811,False
1.976404085189526,9.094971999246042,-2.1350681377666585,-2.094293502482418,67,-8.240250006303974,-0.11790572637920732,False
1.9788775233943463,9.096509248521564,-2.1335308884911357,-2.094293502482418,67,-8.240250006303974,-0.11784380526824753,False
1.981758946584819,9.099674530188697,-2.1303656068240038,-2.094293502482418,67,-8.240250006303974,-0.1178831663217323,False
1.983269108146019,9.10083736343642,-2.1292027735762797,-2.094293502482418,67,-8.240250006303974,-0.1179079349179512,False
1.984494464986165,9.102987126939128,-2.1270530100735723,-2.094293502482418,67,-8.240250006303974,-0.1179217881797283,False
1.9845592459821557,9.104407670312787,-2.1256324666999133,-2.094293502482418,67,-8.240250006303974,-0.11797023993828556,False
1.9863344214853986,9.104883486918487,-2.1251566500942136,-2.094293502482418,67,-8.240250006303974,-0.11791775101736723,False
1.990537350956565,9.106180381826194,-2.1238597551865053,-2.094293502482418,67,-8.240250006303974,-0.11792535156833532,False
1.9913383185242712,9.107734301135716,-2.1223058358769835,-2.094293502482418,67,-8.240250006303974,-0.11775219957363761,False
1.9919046103931053,9.109055433436419,-2.12098470357628,-2.094293502482418,67,-8.240250006303974,-0.11779118551840619,False
1.992617987691487,9.110403951599704,-2.119636185412997,-2.094293502482418,67,-8.240250006303974,-0.1178543748336961,False
1.993842727050114,9.111752656160052,-2.118287480852648,-2.094293502482418,67,-8.240250006303974,-0.1177643121686966,False
1.993983220051558,9.112770807739409,-2.117269329273291,-2.094293502482418,67,-8.240250006303974,-0.11778483004337965,False
1.994134076583537,9.119549872127287,-2.1104902648854136,-2.094293502482418,67,-8.240250006303974,-0.11747040242881499,False
1.9956183793430204,9.121213800320701,-2.1088263366919975,-2.094293502482418,67,-8.240250006303974,-0.1175030985032799,False
1.9962496720335738,9.122831546593929,-2.1072085904187716,-2.094293502482418,67,-8.240250006303974,-0.11752164373222879,False
1.9982931844702165,9.124493723311911,-2.1055464137007878,-2.094293502482418,67,-8.240250006303974,-0.117543570141141,False
2.0000054419288373,9.125334783583744,-2.104705353428956,-2.094293502482418,67,-8.240250006303974,-0.1174398704843425,False
2.001482252178442,9.129029369806569,-2.101010767206132,-2.094293502482418,67,-8.240250006303974,-0.11746307102223881,False
2.0019576312320404,9.129483332943828,-2.1005568040688734,-2.094293502482418,67,-8.240250006303974,-0.11748590363948472,False
2.0030263784906386,9.131068543902346,-2.098971593110353,-2.094293502482418,67,-8.240250006303974,-0.11751278702761082,False
2.0048913518950306,9.132435603250787,-2.097604533761914,-2.094293502482418,67,-8.240250006303974,-0.11752516518460096,False
2.005034236037329,9.134847929183696,-2.0951922078290037,-2.094293502482418,67,-8.240250006303974,-0.11726006799092036,False
2.005523029278316,9.136627953821243,-2.093412183191455,-2.094293502482418,67,-8.240250006303974,-0.11728515473309882,False
2.005720647362823,9.14232815870596,-2.08771197830674,-2.094293502482418,67,-8.240250006303974,-0.11690595604937469,False
2.007902917039473,9.144134846216929,-2.0859052907957705,-2.094293502482418,67,-8.240250006303974,-0.11668765287306748,False
2.0080888652952478,9.145351941294468,-2.0846881957182326,-2.094293502482418,67,-8.240250006303974,-0.11654721891012006,False
2.009783588740513,9.148740851064609,-2.081299285948092,-2.094293502482418,67,-8.240250006303974,-0.11625018822661445,False
2.011286669034215,9.15045197223717,-2.079588164775531,-2.094293502482418,67,-8.240250006303974,-0.1163108533653883,False
2.018245311352234,9.152508602627014,-2.0775315343856855,-2.094293502482418,67,-8.240250006303974,-0.11608674063176302,False
2.0191038703942024,9.155113666165795,-2.074926470846906,-2.094293502482418,67,-8.240250006303974,-0.11591327483634797,False
2.019394062279776,9.157064435109424,-2.072975701903276,-2.094293502482418,67,-8.240250006303974,-0.11592951455522751,False
2.0253930991202482,9.158491537052814,-2.0715485999598857,-2.094293502482418,67,-8.240250006303974,-0.11577283223805812,False
2.0262611384614893,9.159952000062491,-2.070088136950209,-2.094293502482418,67,-8.240250006303974,-0.1157820092005458,False
2.027766863424673,9.160995511955264,-2.0690446250574364,-2.094293502482418,67,-8.240250006303974,-0.11565864269215087,False
2.0293245478567257,9.164198038302183,-2.0658420987105166,-2.094293502482418,67,-8.240250006303974,-0.11534807435185272,False
2.0297084783655106,9.167755608977117,-2.0622845280355815,-2.094293502482418,67,-8.240250006303974,-0.1149877800297328,False
2.0310460088807174,9.170072708353807,-2.0599674286588927,-2.094293502482418,67,-8.240250006303974,-0.1150108879593539,False
2.032267177025035,9.173015754608498,-2.0570243824042023,-2.094293502482418,67,-8.240250006303974,-0.11501787378087455,False
2.032331249907972,9.179822910188829,-2.0502172268238703,-2.094293502482418,67,-8.240250006303974,-0.11469940767054895,False
2.033063845524258,9.183597095705316,-2.046443041307383,-2.094293502482418,67,-8.240250006303974,-0.11437697639777542,False
2.0350215748692633,9.184717913392786,-2.045322223619914,-2.094293502482418,67,-8.240250006303974,-0.11440669403088251,False
2.037444959384655,9.18717894916955,-2.0428611878431497,-2.094293502482418,67,-8.240250006303974,-0.11419029593200722,False
2.0410896190810934,9.192357269844926,-2.037682867167774,-2.094293502482418,67,-8.240250006303974,-0.11385563555839695,False
2.041500670527971,9.193707921718863,-2.036332215293836,-2.094293502482418,67,-8.240250006303974,-0.11386222328880208,False
2.043860087368076,9.195084576336235,-2.0349555606764644,-2.094293502482418,67,-8.240250006303974,-0.11381819291922995,False
2.0444595017858695,9.198440646023577,-2.031599490989122,-2.094293502482418,67,-8.240250006303974,-0.1138413209786922,False
2.0445925549431854,9.199130360995495,-2.030909776017204,-2.094293502482418,67,-8.240250006303974,-0.11376434141607789,False
2.049033961747895,9.200354986056476,-2.0296851509562233,-2.094293502482418,67,-8.240250006303974,-0.11362211080848372,False
2.0522269896938603,9.202092849702291,-2.0279472873104085,-2.094293502482418,67,-8.240250006303974,-0.11343033395215386,False
2.0531208078850516,9.20462733503769,-2.0254128019750097,-2.094293502482418,67,-8.240250006303974,-0.11315919007115509,False
2.0535265143043047,9.206437421477762,-2.0236027155349374,-2.094293502482418,67,-8.240250006303974,-0.11296163201531488,False
2.0541991548676832,9.209371382379413,-2.0206687546332875,-2.094293502482418,67,-8.240250006303974,-0.11268822081252852,False
2.0542662106452156,9.213115244666492,-2.0169248923462075,-2.094293502482418,67,-8.240250006303974,-0.11231960517031514,False
2.0550022133484895,9.213415955832152,-2.0166241811805476,-2.094293502482418,67,-8.240250006303974,-0.11234167660471973,False
2.059384267048977,9.216822002992005,-2.013218134020695,-2.094293502482418,67,-8.240250006303974,-0.11195852403667914,False
2.060790160032451,9.21904027133359,-2.01099986567911,-2.094293502482418,67,-8.240250006303974,-0.11171126846867312,False
2.0612299196518467,9.224185572653866,-2.005854564358833,-2.094293502482418,67,-8.240250006303974,-0.11138279528242523,False
2.0642131610074594,9.224765776980552,-2.005274360032147,-2.094293502482418,67,-8.240250006303974,-0.11144320036925605,False
2.067850039724095,9.227201803344677,-2.0028383336680236,-2.0305885341113883,67,-8.240250006303974,-0.11124614726817608,False
2.0680802297232654,9.225987889764653,-2.0040522472480475,-2.0305885341113883,67,-8.240250006303974,-0.11130901877652657,False
2.0688169773808167,9.23270613747686,-1.9973339995358401,-2.0305885341113883,67,-7.568425235083254,-0.11093888665847,False
2.069475307930977,9.234327735107481,-1.995712401905218,-2.0305885341113883,67,-7.568425235083254,-0.11094958251004815,False
2.069787284948232,9.237723139519856,-1.992316997492843,-2.0305885341113883,67,-7.568425235083254,-0.11065472306795235,False
2.070225730380534,9.240381128567561,-1.9896590084451384,-2.0305885341113883,67,-7.568425235083254,-0.11037730365176923,False
2.0702472547376365,9.241976844770571,-1.9880632922421282,-2.0305885341113883,67,-7.568425235083254,-0.11042240354868856,False
2.0745828748570303,9.243576551880917,-1.9864635851317822,-2.0305885341113883,67,-7.568425235083254,-0.1104671674523631,False
2.0746396870022847,9.245640796191687,-1.9843993408210139,-2.0305885341113883,67,-7.568425235083254,-0.11023107983387843,False
2.075690636505788,9.248932632060885,-1.9811075049518154,-1.949565381375176,67,-7.568425235083254,-0.11001814135750937,False
2.075984055178773,9.249740298853729,-1.980299838158971,-1.949565381375176,67,-7.568425235083254,-0.1099061597863142,False
2.077203434006544,9.251505503006273,-1.9785346340064265,-1.949565381375176,67,-7.568425235083254,-0.10970292634314159,False
2.0784747630957385,9.25269694957066,-1.977343187442039,-1.949565381375176,67,-7.568425235083254,-0.10963402648525471,False
2.0808991355696396,9.2544059328916,-1.9756342041210988,-1.949565381375176,67,-7.568425235083254,-0.10944663506226407,False
2.0812247953879224,9.257272581357121,-1.9727675556555786,-1.949565381375176,67,-7.568425235083254,-0.10948712934621362,False
2.0815353007073947,9.259683227735835,-1.970356909276864,-1.949565381375176,67,-7.568425235083254,-0.10923938680728304,False
2.0822457392407245,9.26148275794324,-1.9685573790694608,-1.949565381375176,67,-7.568425235083254,-0.1090834016507348,False
2.0858564125369217,9.264437462032026,-1.965602674980674,-1.949565381375176,67,-7.568425235083254,-0.10910622536598531,False
2.0873860997425666,9.26661711537626,-1.9634230216364406,-1.949565381375176,67,-7.568425235083254,-0.10912066010958861,False
2.091982810670047,9.268046693700247,-1.9619934433124526,-1.949565381375176,67,-7.568425235083254,-0.10914720851256428,False
2.093544802656918,9.270467371722038,-1.9595727652906612,-1.949565381375176,67,-7.568425235083254,-0.10889104124057539,False
2.0992171927728442,9.271740509271005,-1.958299627741695,-1.949565381375176,67,-7.568425235083254,-0.10889948876097683,False
2.1022507507303745,9.275368491567912,-1.9546716454447874,-1.949565381375176,67,-7.568425235083254,-0.10861245004379243,False
2.105335105246605,9.276563701187586,-1.9534764358251144,-1.949565381375176,67,-7.568425235083254,-0.10858388488825199,False
2.1067450841850377,9.276719134215064,-1.9533210027976364,-1.949565381375176,67,-7.568425235083254,-0.10860501185413073,False
2.107282312970989,9.276634080334302,-1.9534060566783977,-1.949565381375176,67,-7.568425235083254,-0.10866522659994465,False
2.111054434824197,9.277829948708156,-1.952210188304543,-1.949565381375176,67,-7.568425235083254,-0.10869015575430764,False
2.112403963448768,9.279863227243965,-1.9501769097687351,-1.949565381375176,67,-7.568425235083254,-0.10872926896467422,False
2.112962000694359,9.281261148028214,-1.9487789889844864,-1.949565381375176,67,-7.568425235083254,-0.10877573611812673,False
2.1130665810171796,9.284198521172264,-1.9458416158404352,-1.949565381375176,67,-7.568425235083254,-0.10878435781965062,False
2.1141529970211472,9.285601122482596,-1.9444390145301031,-1.949565381375176,67,-7.568425235083254,-0.10858892781773818,False
2.114434675704452,9.289217866506776,-1.9408222705059233,-1.949565381375176,67,-7.568425235083254,-0.108266726139024,False
2.1160234775918645,9.29174405592454,-1.9382960810881602,-1.949565381375176,67,-7.568425235083254,-0.10799082737824373,False
2.118822498931094,9.292520988687569,-1.9375191483251313,-1.949565381375176,67,-7.568425235083254,-0.10791583760986027,False
2.121130436372816,9.293852342552402,-1.9361877944602983,-1.949565381375176,67,-7.568425235083254,-0.10795348428571958,False
2.1218902170843066,9.295128729302963,-1.9349114077097367,-1.949565381375176,67,-7.568425235083254,-0.10801498629423695,False
2.123336444533491,9.297220018682072,-1.9328201183306275,-1.949565381375176,67,-7.568425235083254,-0.1077987566266426,False
2.1235328027535045,9.29826880920924,-1.931771327803459,-1.949565381375176,67,-7.568425235083254,-0.10781874245559933,False
2.12550713362001,9.301710408025567,-1.9283297289871326,-1.949565381375176,67,-7.568425235083254,-0.10750929302921479,False
2.1255804339342594,9.304214686386743,-1.9258254506259578,-1.949565381375176,67,-7.568425235083254,-0.10753161396239648,False
2.126051692812119,9.306199258274573,-1.923840878738127,-1.949565381375176,67,-7.568425235083254,-0.1075483671409931,False
2.1277687383196935,9.306766619410542,-1.923273517602159,-1.949565381375176,67,-7.568425235083254,-0.10747605412746447,False
2.13323599357926,9.307461804046808,-1.9225783329658916,-1.949565381375176,67,-7.568425235083254,-0.10739201386994977,False
2.1343019691549547,9.308359484292078,-1.9216806527206223,-1.949565381375176,67,-7.568425235083254,-0.1072856219518115,False
2.1387067171900704,9.310351948564122,-1.9196881884485775,-1.949565381375176,67,-7.568425235083254,-0.10706848527655614,False
2.141632547288028,9.312016491709397,-1.9180236453033035,-1.949565381375176,67,-7.568425235083254,-0.10708743752363219,False
2.144011379977495,9.313718921602913,-1.9163212154097868,-1.949565381375176,67,-7.568425235083254,-0.10710990121657701,False
2.144110351459389,9.315836355796593,-1.914203781216107,-1.949565381375176,67,-7.568425235083254,-0.10688023975125141,False
2.1462093629560863,9.317330284157746,-1.9127098528549535,-1.949565381375176,67,-7.568425235083254,-0.10671704463808368,False
2.1465208666774327,9.318826467142493,-1.9112136698702071,-1.949565381375176,67,-7.568425235083254,-0.10672657777102203,False
2.1468023077661784,9.326559425736193,-1.9034807112765082,-1.949565381375176,67,-7.568425235083254,-0.10645599501950016,False
2.1468430081106846,9.328797263421972,-1.9012428735907276,-1.949565381375176,67,-7.568425235083254,-0.1062151412174912,False
2.1491393048982297,9.331146399024925,-1.8988937379877748,-1.949565381375176,67,-7.568425235083254,-0.10623841079646068,False
2.1500696042482836,9.332757963518118,-1.897282173494582,-1.949565381375176,67,-7.568425235083254,-0.10626548373102623,False
2.152066554345389,9.334168328932728,-1.8958718080799715,-1.949565381375176,67,-7.568425235083254,-0.10627853469414848,False
2.1522319243992234,9.33778734815612,-1.8922527888565792,-1.949565381375176,67,-7.568425235083254,-0.1059889370024642,False
2.15236001316607,9.341820068609373,-1.8882200684033261,-1.949565381375176,67,-7.568425235083254,-0.10565335863496889,False
2.1532432093197547,9.344918216593607,-1.8851219204190914,-1.949565381375176,67,-7.568425235083254,-0.10535970643841758,False
2.1569828170328074,9.344939594791851,-1.8851005422208484,-1.949565381375176,67,-7.568425235083254,-0.10537965603344317,False
2.1589808029234705,9.341962535176991,-1.8880776018357084,-1.949565381375176,67,-7.568425235083254,-0.10544081991131503,False
2.160278309743915,9.3429760635334,-1.8870640734793005,-1.949565381375176,67,-7.568425235083254,-0.10539119126786994,False
2.161092908911854,9.344666605381944,-1.8853735316307552,-1.949565381375176,67,-7.568425235083254,-0.10542352226180346,False
2.1624928688103773,9.345668939949915,-1.8843711970627837,-1.949565381375176,67,-7.568425235083254,-0.10540776726688296,False
2.163029446051487,9.352070054590031,-1.8779700824226686,-1.949565381375176,67,-7.568425235083254,-0.10505266624499802,False
2.1635598363336523,9.354093607573375,-1.875946529439324,-1.949565381375176,67,-7.568425235083254,-0.1050743199646189,False
2.164369109633906,9.35547447046748,-1.8745656665452204,-1.949565381375176,67,-7.568425235083254,-0.1050810493517099,False
2.1665366796011427,9.359184834795661,-1.870855302217039,-1.949565381375176,67,-7.568425235083254,-0.10479013290552695,False
2.1665432630261794,9.357905352445771,-1.8721347845669287,-1.949565381375176,67,-7.568425235083254,-0.1048459818376585,False
2.167792007284303,9.358466976060434,-1.8715731609522657,-1.949565381375176,67,-7.568425235083254,-0.10477317630107712,False
2.1685995230239956,9.36618564189576,-1.8638544951169416,-1.949565381375176,67,-7.568425235083254,-0.10449324176252955,False
2.168753668226957,9.367702930120782,-1.8623372068919182,-1.949565381375176,67,-7.568425235083254,-0.10432281471192796,False
2.168900609998961,9.368345426957378,-1.8616947100553227,-1.949565381375176,67,-7.568425235083254,-0.10425429674552486,False
2.1713945669753887,9.36948594216469,-1.8605541948480098,-1.949565381375176,67,-7.568425235083254,-0.10428385717693685,False
2.172420810526485,9.371315962983104,-1.8587241740295957,-1.949565381375176,67,-7.568425235083254,-0.1043090279436981,False
2.181997706772637,9.373765842099408,-1.8562742949132918,-1.949565381375176,67,-7.568425235083254,-0.10435008201205814,False
2.1826015224117303,9.374616156844466,-1.855423980168234,-1.949565381375176,67,-7.568425235083254,-0.10425989036803152,False
2.187551324421121,9.376160616705892,-1.853879520306808,-1.949565381375176,67,-7.568425235083254,-0.10410679715013767,False
2.1894761667927654,9.379670175126305,-1.8503699618863945,-1.949565381375176,67,-7.568425235083254,-0.10379999107863704,False
2.1925072761598385,9.38186586029222,-1.8481742767204796,-1.949565381375176,67,-7.568425235083254,-0.10381487432688905,False
2.193955230655867,9.384771106227555,-1.845269030785145,-1.949565381375176,67,-7.568425235083254,-0.1038249415149724,False
2.1972230270423214,9.386324803350066,-1.8437153336626344,-1.949565381375176,67,-7.568425235083254,-0.10386865452321996,False
2.1997409428536785,9.387859226356039,-1.8421809106566613,-1.949565381375176,67,-7.568425235083254,-0.10388950894391061,False
2.2020850701165102,9.389424349846974,-1.840615787165725,-1.949565381375176,67,-7.568425235083254,-0.10393320894725838,False
2.2026191591273303,9.387567292160567,-1.842472844852133,-1.949565381375176,67,-7.568425235083254,-0.10399208815099346,False
2.2046156320091255,9.393367590677046,-1.8366725463356537,-1.949565381375176,67,-7.568425235083254,-0.10368405039157932,False
2.2049693644919497,9.395964608839902,-1.8340755281727972,-1.949565381375176,67,-7.568425235083254,-0.10349504015782524,False
2.2054862365113115,9.395865595588802,-1.8341745414238984,-1.949565381375176,67,-7.568425235083254,-0.10351365317754593,False
2.2079620336944297,9.398110527069724,-1.8319296099429763,-1.949565381375176,67,-7.568425235083254,-0.10328633620814648,False
2.2099636225539676,9.400931393458581,-1.8291087435541191,-1.949565381375176,67,-7.568425235083254,-0.10311211986373703,False
2.210230938618965,9.401464869669145,-1.8285752673435562,-1.949565381375176,67,-7.568425235083254,-0.10304802586580783,False
2.2109116694744273,9.402697964481995,-1.8273421725307053,-1.949565381375176,67,-7.568425235083254,-0.10305723820819074,False
2.211209821601919,9.403329337167875,-1.8267107998448247,-1.949565381375176,67,-7.568425235083254,-0.10299452837934413,False
2.2114904015003742,9.404971254034727,-1.8250688829779735,-1.949565381375176,67,-7.568425235083254,-0.10300626781612811,False
2.211813767301783,9.412492142487189,-1.8175479945255113,-1.949565381375176,67,-6.816336389837028,-0.10266840356418189,False
2.211817309254523,9.414199367696765,-1.8158407693159344,-1.949565381375176,67,-6.816336389837028,-0.10248718413596322,False
2.216513225125825,9.417605261530378,-1.8124348754823216,-1.8236115731134532,67,-6.816336389837028,-0.10229118119264259,False
2.216807434803441,9.418412551946892,-1.811627585065808,-1.8236115731134532,67,-6.816336389837028,-0.10228664541732202,False
2.2183883579768584,9.421176156333944,-1.8088639806787554,-1.8236115731134532,67,-6.816336389837028,-0.10201517892098443,False
2.218610870251375,9.422058302424178,-1.8079818345885212,-1.8236115731134532,67,-6.816336389837028,-0.1019345498559032,False
2.221140322794193,9.422982518021584,-1.8070576189911154,-1.7774007932431692,67,-6.816336389837028,-0.10182616876564764,False
2.2224500909830853,9.424425208730366,-1.805614928282333,-1.7774007932431692,67,-6.816336389837028,-0.10185191403509532,False
2.223148960153774,9.428341377279336,-1.8016987597333636,-1.7774007932431692,67,-6.816336389837028,-0.10148310020968408,False
2.2263071101526766,9.43207801023644,-1.7979621267762593,-1.7774007932431692,67,-6.816336389837028,-0.10109257422626258,False
2.227559815099934,9.437811467411354,-1.7922286696013452,-1.7774007932431692,67,-6.816336389837028,-0.10077594355913419,False
2.227791089984668,9.441982457116923,-1.7880576798957752,-1.7774007932431692,67,-6.816336389837028,-0.10045245494669673,False
2.2296384545939736,9.444645659378361,-1.7853944776343382,-1.7774007932431692,67,-6.816336389837028,-0.10017273529202585,False
2.2317513650137584,9.44663312957777,-1.783407007434931,-1.7774007932431692,67,-6.816336389837028,-0.09993936181512271,False
2.232551334362108,9.44797393894821,-1.7820661980644914,-1.7774007932431692,67,-6.816336389837028,-0.09979141706886104,False
2.2351780527201544,9.449979756858214,-1.7800603801544854,-1.7774007932431692,67,-6.816336389837028,-0.09980856905080043,False
2.2385451655855677,9.453719060111336,-1.7763210769013642,-1.7774007932431692,67,-6.816336389837028,-0.09952249247914305,False
2.2407248908804522,9.454541721406468,-1.7754984156062323,-1.7774007932431692,67,-6.816336389837028,-0.09949134957579857,False
2.2438548984873146,9.455765926632317,-1.7742742103803828,-1.7774007932431692,67,-6.816336389837028,-0.09951617658323048,False
2.246456544827482,9.457124187573674,-1.7729159494390256,-1.7774007932431692,67,-6.816336389837028,-0.09956046674261451,False
2.2480968394745577,9.452806267216474,-1.777233869796225,-1.7774007932431692,67,-6.816336389837028,-0.09961904811687627,False
2.2499822870379234,9.456041169722237,-1.773998967290463,-1.7774007932431692,67,-6.816336389837028,-0.09934951283173815,False
2.2521625985901075,9.455837048771468,-1.7742030882412316,-1.7774007932431692,67,-6.816336389837028,-0.0993666764094993,False
2.252169406130149,9.45998827841205,-1.7700518586006506,-1.7774007932431692,67,-6.816336389837028,-0.09899232674377824,False
2.2545910455788665,9.461556710436948,-1.7684834265757514,-1.7774007932431692,67,-6.816336389837028,-0.09882796694207814,False
2.2554875335672775,9.462887437175747,-1.7671526998369536,-1.7774007932431692,67,-6.816336389837028,-0.09886410657848285,False
2.256247427366665,9.463413002873319,-1.7666271341393809,-1.7774007932431692,67,-6.816336389837028,-0.09880739546895649,False
2.25628560672133,9.464590928054559,-1.765449208958141,-1.7774007932431692,67,-6.816336389837028,-0.09886676712581417,False
2.257188022320466,9.465737927193217,-1.7643022098194816,-1.7774007932431692,67,-6.816336389837028,-0.09873728525312668,False
2.2582371326969137,9.466813779600555,-1.7632263574121458,-1.7774007932431692,67,-6.816336389837028,-0.09875661429831134,False
2.2590911158599223,9.468770681362473,-1.7612694556502262,-1.7774007932431692,67,-6.816336389837028,-0.09879573227724225,False
2.26132757669129,9.471193713098552,-1.7588464239141468,-1.7774007932431692,67,-6.816336389837028,-0.09853760246155105,False
2.2658171845935167,9.475150885995989,-1.7548892510167107,-1.7774007932431692,67,-6.816336389837028,-0.0982252274287451,False
2.266880875945611,9.475770256427197,-1.7542698805855041,-1.7774007932431692,67,-6.816336389837028,-0.09822966757115792,False
2.2669498631967895,9.4729850587469,-1.7570550782657994,-1.7774007932431692,67,-6.816336389837028,-0.09827913370654608,False
2.27025888576661,9.475340513450211,-1.7546996235624888,-1.7774007932431692,67,-6.816336389837028,-0.09830240768105467,False
2.2706475457410424,9.476865800809852,-1.7531743362028473,-1.7774007932431692,67,-6.816336389837028,-0.09831219064339246,False
2.2727473056864436,9.47881055818737,-1.7512295788253305,-1.7774007932431692,67,-6.816336389837028,-0.09815188599122412,False
2.2728466702344323,9.481716146643036,-1.7483239903696648,-1.7774007932431692,67,-6.816336389837028,-0.09786498087797328,False
2.2729933393849757,9.484419200622952,-1.7456209363897477,-1.7774007932431692,67,-6.816336389837028,-0.0976343673953531,False
2.2745979918742023,9.487263732854329,-1.7427764041583702,-1.7774007932431692,67,-6.816336389837028,-0.09764567537786789,False
2.275490691561543,9.489538577724856,-1.7405015592878428,-1.7774007932431692,67,-6.816336389837028,-0.09740480198019437,False
2.277519181628301,9.493525540761409,-1.736514596251291,-1.7774007932431692,67,-6.816336389837028,-0.09711704252377538,False
2.2804761264675393,9.495447149789019,-1.7345929872236814,-1.7774007932431692,67,-6.816336389837028,-0.0969070454137808,False
2.2835816033019833,9.497368061135855,-1.7326720758768446,-1.7774007932431692,67,-6.816336389837028,-0.0969481189342938,False
2.285528627037999,9.49871070600551,-1.7313294310071916,-1.7774007932431692,67,-6.816336389837028,-0.09679743174668247,False
2.286597702874024,9.501358095434167,-1.728682041578532,-1.7774007932431692,67,-6.816336389837028,-0.09654410646139543,False
2.2903335811311623,9.503264399327822,-1.7267757376848771,-1.7774007932431692,67,-6.816336389837028,-0.09633898709222613,False
2.2912713065686945,9.504669691288566,-1.725370445724134,-1.7774007932431692,67,-6.816336389837028,-0.09634578709971436,False
2.291750879404648,9.506654260283959,-1.7233858767287422,-1.7774007932431692,67,-6.816336389837028,-0.09612978655435897,False
2.293756274789596,9.50835337450581,-1.7216867625068895,-1.7774007932431692,67,-6.816336389837028,-0.09614891514631652,False
2.2963820427889945,9.505016268797373,-1.7250238682153252,-1.7774007932431692,67,-6.816336389837028,-0.096205638672467,False
2.2964860814011954,9.506744398626012,-1.723295738386688,-1.7774007932431692,67,-6.816336389837028,-0.09622837667789837,False
2.296852285911541,9.506451179873306,-1.723588957139394,-1.7774007932431692,67,-6.816336389837028,-0.0962440895543497,False
2.2994901331372755,9.508647293654269,-1.7213928433584302,-1.7774007932431692,67,-6.816336389837028,-0.09625930161264719,False
2.3020127181509835,9.511288459537559,-1.7187516774751403,-1.7774007932431692,67,-6.816336389837028,-0.09599236472269547,False
2.304095238526291,9.512910276691759,-1.7171298603209413,-1.7774007932431692,67,-6.816336389837028,-0.0960193762793373,False
2.3045494047624007,9.521776033612857,-1.7082641033998427,-1.7774007932431692,67,-6.816336389837028,-0.0957993894713811,False
2.3060976192228493,9.525583298766017,-1.7044568382466818,-1.7774007932431692,67,-6.816336389837028,-0.09549712239307748,False
2.306126563843777,9.52702914900998,-1.7030109880027187,-1.7774007932431692,66,-6.816336389837028,-0.09551067943087725,False
2.3073780711683156,9.535828283999644,-1.6942118530130554,-1.7774007932431692,66,-6.816336389837028,-0.09527461146736403,False
2.313470081785002,9.53698202117923,-1.6930581158334688,-1.7774007932431692,66,-6.816336389837028,-0.09530371164275836,False
2.318332542947255,9.537874410188442,-1.6921657268242587,-1.775914543982094,66,-6.816336389837028,-0.09518623064566975,False
2.3200151034910887,9.538499051690085,-1.691541085322615,-1.775914543982094,66,-6.816336389837028,-0.09517192867044569,False
2.3246802203009453,9.540033008107208,-1.6900071289054914,-1.775914543982094,66,-6.816336389837028,-0.09496665445958281,False
2.3251890484792477,9.541209277054854,-1.6888308599578454,-1.775914543982094,66,-6.816336389837028,-0.09497652850771063,False
2.3263322471362398,9.548419207046027,-1.6816209299666727,-1.775914543982094,66,-6.816336389837028,-0.09465348599343679,False
2.3279248938211263,9.550286557706256,-1.679753579306444,-1.775914543982094,66,-6.816336389837028,-0.09444842146451299,False
2.3283461624782023,9.55306104483252,-1.6769790921801802,-1.775914543982094,66,-6.816336389837028,-0.0941615723431821,False
2.3285561380923503,9.5545500890669,-1.6754900479458001,-1.775914543982094,66,-6.816336389837028,-0.09420366990517538,False
2.3289757296505216,9.558606149021953,-1.6714339879907474,-1.775914543982094,66,-6.816336389837028,-0.09392376164030145,False
2.3300283601377867,9.560908176370258,-1.6691319606424424,-1.775914543982094,66,-6.816336389837028,-0.09369005560223637,False
2.3316776583192,9.563350759254545,-1.6666893777581537,-1.775914543982094,66,-6.816336389837028,-0.09344967146482518,False
2.3339699025919827,9.564859523891409,-1.6651806131212907,-1.775914543982094,66,-6.816336389837028,-0.0934920207982556,False
2.334150573561496,9.55972180681632,-1.6703183301963798,-1.775914543982094,66,-6.816336389837028,-0.09354701137513341,False
2.3347959614300766,9.560487323761368,-1.6695528132513318,-1.775914543982094,66,-6.816336389837028,-0.09346267051050522,False
2.3359126218635016,9.562183335480059,-1.6678568015326416,-1.775914543982094,66,-6.816336389837028,-0.09349427216075627,False
2.3373270718394035,9.56446750288698,-1.6655726341257202,-1.775914543982094,66,-6.816336389837028,-0.09327223127362583,False
2.338367056677793,9.568477273695219,-1.6615628633174802,-1.775914543982094,66,-6.816336389837028,-0.09299766944661839,False
2.338685535776086,9.57296956711483,-1.6570705698978698,-1.775914543982094,66,-6.816336389837028,-0.09267524181466444,False
2.339490133591064,9.572603229540597,-1.6574369074721025,-1.775914543982094,66,-6.816336389837028,-0.09268950851121352,False
2.3418688271201047,9.575993942886049,-1.6540461941266522,-1.775914543982094,66,-6.816336389837028,-0.09239644313939475,False
2.346249855039633,9.578747147788285,-1.651292989224415,-1.775914543982094,66,-6.816336389837028,-0.09221870800269848,False
2.346439800880058,9.580759840666628,-1.6492802963460707,-1.775914543982094,66,-6.816336389837028,-0.09223614700430727,False
2.3486763343334904,9.582621103979026,-1.6474190330336742,-1.775914543982094,66,-6.816336389837028,-0.09226111607939076,False
2.354658372787706,9.585375114298275,-1.6446650227144255,-1.775914543982094,66,-6.816336389837028,-0.09227345199792975,False
2.355470208834102,9.589215730865439,-1.640824406147261,-1.775914543982094,66,-6.816336389837028,-0.09197554208197584,False
2.3567006861078865,9.591410256062789,-1.6386298809499118,-1.775914543982094,66,-6.816336389837028,-0.09175364584758641,False
2.357520175403029,9.592856276394997,-1.637183860617703,-1.775914543982094,66,-6.816336389837028,-0.09177845087111917,False
2.357567838137892,9.60129027426363,-1.6287498627490697,-1.775914543982094,66,-5.972936602973686,-0.09147983510126735,False
2.3592383282612617,9.602939104373377,-1.627101032639323,-1.775914543982094,66,-5.972936602973686,-0.09149241209044665,False
2.361666930503537,9.606420239654375,-1.6236198973583256,-1.775914543982094,66,-5.972936602973686,-0.09131728354502171,False
2.3652840183349797,9.602630810158974,-1.6274093268537255,-1.775914543982094,66,-5.972936602973686,-0.09136011343129193,False
2.374572209628811,9.609140279539135,-1.6208998574735654,-1.775914543982094,66,-5.972936602973686,-0.09108609714164428,False
2.376576939215159,9.60998967099333,-1.6200504660193686,-1.775914543982094,66,-5.972936602973686,-0.0910075067490394,False
2.381399284268122,9.611236719430769,-1.61880341758193,-1.775914543982094,66,-5.972936602973686,-0.09103200684991748,False
2.3847603498307475,9.612536924266003,-1.6175032127466966,-1.775914543982094,66,-5.972936602973686,-0.09107400969632519,False
2.3851259746333837,9.613164622874736,-1.6168755141379632,-1.775914543982094,66,-5.972936602973686,-0.09099873199251149,False
2.385381143152875,9.614466276002185,-1.6155738610105144,-1.775914543982094,66,-5.972936602973686,-0.09103933066977898,False
2.3872591674586516,9.610105482751049,-1.6199346542616515,-1.775914543982094,66,-5.972936602973686,-0.09109302482014084,False
2.3900899784127083,9.613112196425117,-1.6169279405875832,-1.775914543982094,66,-5.972936602973686,-0.09082507835215262,False
2.3936213923307714,9.613878724470556,-1.6161614125421448,-1.775914543982094,66,-5.972936602973686,-0.09073590500420187,False
2.3939060625028032,9.61554587903038,-1.614494257982319,-1.775914543982094,66,-5.972936602973686,-0.090558748325559,False
2.393962648808963,9.617877683882842,-1.6121624531298588,-1.775914543982094,66,-5.972936602973686,-0.090581871672419,False
2.394705170572824,9.619195633673405,-1.610844503339294,-1.775914543982094,66,-5.972936602973686,-0.09061639132916387,False
2.3949792083259225,9.620187954098583,-1.609852182914117,-1.775914543982094,66,-5.972936602973686,-0.09050490076637845,False
2.3955332296232315,9.621239946986046,-1.608800190026654,-1.775914543982094,66,-5.972936602973686,-0.09056180562031203,False
2.3967347028770987,9.621668160016272,-1.6083719769964282,-1.775914543982094,66,-5.972936602973686,-0.09056256549496816,False
2.3978249690768556,9.622766875934753,-1.6072732610779474,-1.775914543982094,66,-5.972936602973686,-0.09058114238645536,False
2.398319473380416,9.624313656368162,-1.6057264806445375,-1.775914543982094,66,-5.972936602973686,-0.09059108858101704,False
2.3998549583424085,9.628408540641564,-1.6016315963711367,-1.775914543982094,66,-5.972936602973686,-0.09019965541365779,False
2.4002288355375403,9.63479741343049,-1.5952427235822093,-1.775914543982094,66,-5.972936602973686,-0.0899030308646431,False
2.4079320460680926,9.63697681813826,-1.5930633188744385,-1.775914543982094,66,-5.972936602973686,-0.08991846287375944,False
2.4089415468980815,9.639421253183825,-1.590618883828875,-1.775914543982094,66,-5.972936602973686,-0.08969087760598997,False
2.410636278809595,9.64106075355111,-1.5889793834615884,-1.775914543982094,66,-5.972936602973686,-0.08952041208879523,False
2.4116896806216657,9.642889674102525,-1.5871504629101743,-1.775914543982094,66,-5.972936602973686,-0.08955918296506322,False
2.412386214547097,9.645934953389668,-1.5841051836230318,-1.775914543982094,66,-5.972936602973686,-0.08938620252572743,False
2.4141031249181757,9.650049085627641,-1.5799910513850588,-1.775914543982094,66,-5.972936602973686,-0.08911424643011204,False
2.4156298819445547,9.64457748697794,-1.5854626500347597,-1.775914543982094,66,-5.972936602973686,-0.08916462537124373,False
2.4201106213777637,9.646253971922238,-1.5837861650904619,-1.775914543982094,66,-5.972936602973686,-0.08900803149968947,False
2.420994897519385,9.650577881049513,-1.579462255963187,-1.775914543982094,66,-5.972936602973686,-0.08871081334419845,False
2.4218602450268314,9.652001067841997,-1.5780390691707031,-1.775914543982094,66,-5.972936602973686,-0.08871762971004993,False
2.4284424011180237,9.656308858705655,-1.5737312783070443,-1.775914543982094,66,-5.972936602973686,-0.08834662901233131,False
2.433804572154457,9.658942361442174,-1.5710977755705258,-1.775914543982094,66,-5.972936602973686,-0.08835977735302057,False
2.4346193953332884,9.66355060362887,-1.5664895333838291,-1.775914543982094,66,-5.972936602973686,-0.08804225234977073,False
2.4376689614889706,9.664170253695012,-1.5658698833176883,-1.775914543982094,66,-5.972936602973686,-0.08796554401412482,False
2.440144276193762,9.664878348604852,-1.5651617884078484,-1.775914543982094,66,-5.972936602973686,-0.08789411611991513,False
2.4415625222649187,9.665981177996578,-1.5640589590161207,-1.775914543982094,66,-5.972936602973686,-0.08790453216298738,False
2.4479468230177734,9.676082711082362,-1.5539574259303377,-1.775914543982094,66,-5.972936602973686,-0.08771585423694754,False
2.4495577390636534,9.677953373564547,-1.5520867634481526,-1.775914543982094,66,-5.972936602973686,-0.08752842647665843,False
2.4523321988800033,9.679672214519409,-1.550367922493291,-1.775914543982094,66,-5.972936602973686,-0.08754754702548496,False
2.455421846022861,9.681408638414979,-1.5486314985977208,-1.775914543982094,66,-5.972936602973686,-0.08757034331408775,False
2.4567910660240058,9.684968464850742,-1.545071672161958,-1.775914543982094,66,-5.972936602973686,-0.0873099175444694,False
2.4588093283505077,9.685901815465458,-1.5441383215472413,-1.7327813427826573,66,-5.972936602973686,-0.08721434259741896,False
2.459076787903977,9.686913889270254,-1.5431262477424457,-1.6821776525428827,66,-5.972936602973686,-0.08710224313446352,False
2.459470512688047,9.688917418162966,-1.5411227188497332,-1.6821776525428827,66,-5.972936602973686,-0.087119860107887,False
2.4601374253822934,9.693292509706348,-1.5367476273063516,-1.6821776525428827,66,-5.972936602973686,-0.08683725467926641,False
2.4609729814063184,9.694452154591097,-1.5355879824216025,-1.6821776525428827,66,-5.972936602973686,-0.08686564512921592,False
2.4613594881163827,9.690135280171301,-1.5399048568413982,-1.6821776525428827,66,-5.972936602973686,-0.08690329796637576,False
2.4620343086148258,9.694738376138652,-1.5353017608740485,-1.6821776525428827,66,-5.972936602973686,-0.08653037104606134,False
2.4639167175679924,9.696138679666804,-1.5339014573458953,-1.6821776525428827,66,-5.972936602973686,-0.08657070229124753,False
2.4648234418573374,9.697751842128334,-1.532288294884365,-1.6821776525428827,66,-5.972936602973686,-0.08659746558129344,False
2.4667487202579035,9.707977629072053,-1.5220625079406462,-1.6821776525428827,66,-5.972936602973686,-0.08643244780782414,False
2.466752432753964,9.709449609300174,-1.5205905277125251,-1.6821776525428827,66,-5.972936602973686,-0.08644637146835432,False
2.469312465814481,9.709692417891882,-1.5203477191208177,-1.6821776525428827,66,-5.972936602973686,-0.08645951883426468,False
2.4699082771748317,9.711121448221057,-1.5189186887916442,-1.6821776525428827,66,-5.972936602973686,-0.08650030773325079,False
2.472169307849528,9.714056980164875,-1.515983156847825,-1.6821776525428827,66,-5.972936602973686,-0.08620907619665935,False
2.4728807002048283,9.71623872519577,-1.5138014118169292,-1.6821776525428827,66,-5.972936602973686,-0.08596286402600689,False
2.473497041299662,9.711341235805468,-1.5186989012072305,-1.6821776525428827,66,-5.972936602973686,-0.08601261547454035,False
2.4745410780205437,9.713982077203593,-1.5160580598091074,-1.6821776525428827,66,-5.972936602973686,-0.08574639034895651,False
2.474658603973971,9.715454727587211,-1.5145854094254878,-1.6821776525428827,66,-5.972936602973686,-0.08559211637515723,False
2.4764110157688055,9.71754867884411,-1.5124914581685893,-1.6821776525428827,66,-5.972936602973686,-0.08542966618109515,False
2.4867804470430306,9.718179238265874,-1.5118608987468258,-1.6821776525428827,66,-5.972936602973686,-0.08546932500330862,False
2.488239783056432,9.720680815605498,-1.5093593214072016,-1.6821776525428827,66,-5.972936602973686,-0.0852270466743257,False
2.48828037314115,9.723851583672726,-1.5061885533399728,-1.6821776525428827,66,-5.972936602973686,-0.08493446849280945,False
2.4910971963839272,9.726752048733573,-1.5032880882791264,-1.6821776525428827,65,-5.972936602973686,-0.08477095380621774,False
2.4913750205333716,9.721325556711431,-1.5087145803012691,-1.6821776525428827,65,-5.972936602973686,-0.08481594272913487,False
2.493152660628979,9.72191634559549,-1.5081237914172094,-1.6821776525428827,65,-5.972936602973686,-0.08474880656853985,False
2.4947840989139234,9.726125457530745,-1.5039146794819542,-1.6821776525428827,65,-5.972936602973686,-0.08445970901174332,False
2.495008029278881,9.734278230499973,-1.495761906512728,-1.6821776525428827,65,-5.972936602973686,-0.08417559803935232,False
2.495493468979128,9.73495984290807,-1.4950802941046293,-1.6821776525428827,65,-5.972936602973686,-0.08411034838358622,False
2.4963970220204468,9.737045521899832,-1.4929946151128666,-1.6821776525428827,65,-5.972936602973686,-0.0838959062857797,False
2.4964970515486633,9.741472345398966,-1.4885677916137334,-1.6821776525428827,65,-5.972936602973686,-0.08363179258028149,False
2.496847566794049,9.742910884212689,-1.4871292528000104,-1.6821776525428827,65,-5.972936602973686,-0.08365556482334485,False
2.5020094669442345,9.744629891261564,-1.4854102457511353,-1.6821776525428827,65,-5.972936602973686,-0.08348522057127662,False
2.5047574678028526,9.747531444367239,-1.4825086926454611,-1.6821776525428827,65,-5.972936602973686,-0.08322986123185672,False
2.504847658312536,9.748788471629167,-1.4812516653835328,-1.6821776525428827,65,-5.972936602973686,-0.08309556076777865,False
2.5050907037283077,9.758264624763424,-1.471775512249276,-1.6821776525428827,65,-5.157801167076297,-0.08284150190660902,False
2.505390931633229,9.759235254203624,-1.470804882809075,-1.6821776525428827,65,-5.157801167076297,-0.08275372133555126,False
2.510304869862896,9.762740945107431,-1.4672991919052685,-1.6821776525428827,65,-5.157801167076297,-0.08260250432485856,False
2.51171614502504,9.76522504213335,-1.4648150948793486,-1.6821776525428827,65,-5.157801167076297,-0.08261625302485678,False
2.5120339177401627,9.766865798944345,-1.4631743380683542,-1.6821776525428827,65,-5.157801167076297,-0.0826293390308602,False
2.5174052342083773,9.769010148749249,-1.4610299882634512,-1.6821776525428827,65,-5.157801167076297,-0.08264489043924662,False
2.5197535218901046,9.771284643030093,-1.4587554939826066,-1.6821776525428827,65,-5.157801167076297,-0.08266771266377543,False
2.519872210483175,9.77296067355825,-1.4570794634544495,-1.6821776525428827,65,-5.157801167076297,-0.0826983465421693,False
2.523355068191445,9.774224318359003,-1.455815818653696,-1.6821776525428827,65,-5.157801167076297,-0.08272233323418679,False
2.524056883674675,9.777099571640852,-1.4529405653718477,-1.6821776525428827,65,-5.157801167076297,-0.0824473075479199,False
2.5249235110776045,9.779595593906116,-1.4504445431065844,-1.6821776525428827,65,-5.157801167076297,-0.08221247083369791,False
2.524945299630637,9.782255124758944,-1.447785012253756,-1.6821776525428827,65,-5.157801167076297,-0.08197616961388177,False
2.5266619187281347,9.786452074907944,-1.4435880621047557,-1.6821776525428827,65,-5.157801167076297,-0.08169226161948766,False
2.5275268246869813,9.787674959567887,-1.442365177444813,-1.6821776525428827,65,-5.157801167076297,-0.08173193560597236,False
2.5285528378752313,9.790638436561268,-1.439401700451432,-1.6821776525428827,65,-5.157801167076297,-0.08148878657379362,False
2.5291626307315207,9.792198140491294,-1.4378419965214064,-1.6821776525428827,65,-5.157801167076297,-0.08149882633169125,False
2.533172000571113,9.796639489838876,-1.433400647173824,-1.6821776525428827,65,-5.157801167076297,-0.08124550156125014,False
2.5336882335627884,9.801644364609373,-1.4283957724033272,-1.6821776525428827,65,-5.157801167076297,-0.08094348719601076,False
2.5340745591453713,9.803513476783248,-1.4265266602294515,-1.6821776525428827,65,-5.157801167076297,-0.0809680621810782,False
2.5374818883030685,9.803590715399649,-1.426449421613051,-1.6821776525428827,65,-5.157801167076297,-0.080990219281704,False
2.538446625206148,9.804882611939012,-1.4251575250736883,-1.6821776525428827,65,-5.157801167076297,-0.08102305288103993,False
2.5392969958646243,9.805781232963106,-1.4242589040495937,-1.6821776525428827,65,-5.157801167076297,-0.08107725102661517,False
2.5398338258166597,9.80948626011222,-1.4205538769004802,-1.6821776525428827,65,-5.157801167076297,-0.08078950808901533,False
2.541492891560707,9.810953479083164,-1.4190866579295363,-1.6821776525428827,65,-5.157801167076297,-0.08063170344041223,False
2.541961525474955,9.812070285025332,-1.4179698519873685,-1.6821776525428827,65,-5.157801167076297,-0.08064946050026359,False
2.54829994708916,9.813742619058711,-1.4162975179539874,-1.6821776525428827,65,-5.157801167076297,-0.08043603556559142,False
2.5483745518490983,9.815828482120201,-1.4142116548924986,-1.6821776525428827,65,-5.157801167076297,-0.0802194828747909,False
2.549834793924483,9.817999096723344,-1.412041040289356,-1.6821776525428827,65,-5.157801167076297,-0.07998610313796979,False
2.5503708452394633,9.825322537973072,-1.4047175990396281,-1.6821776525428827,65,-5.157801167076297,-0.07975229774855715,False
2.5537546308693697,9.820304586661951,-1.4097355503507478,-1.6821776525428827,65,-5.157801167076297,-0.0797973987668523,False
2.5541943922507793,9.820882897725191,-1.4091572392875091,-1.6821776525428827,65,-5.157801167076297,-0.07973672062335732,False
2.5542936076393095,9.823925177501676,-1.406114959511024,-1.6821776525428827,65,-5.157801167076297,-0.07944300353899447,False
2.5549807079316174,9.819444817498706,-1.4105953195139938,-1.6821776525428827,65,-5.157801167076297,-0.07947704091294723,False
2.555733375762222,9.820878661006383,-1.4091614760063182,-1.6821776525428827,65,-5.157801167076297,-0.07948383396997923,False
2.5594843387038893,9.821892432292366,-1.4081477047203332,-1.6821776525428827,65,-5.157801167076297,-0.07949466092418735,False
2.5604189337676533,9.816761182061446,-1.4132789549512523,-1.6821776525428827,65,-5.157801167076297,-0.07953406885078644,False
2.5652961096966824,9.819250409674968,-1.4107897273377321,-1.6821776525428827,65,-5.157801167076297,-0.0793091685614407,False
2.5676263507739256,9.822514061075154,-1.407526075937546,-1.6821776525428827,65,-5.157801167076297,-0.07904872344921662,False
2.569811106969963,9.824158065093604,-1.405882071919096,-1.6821776525428827,65,-5.157801167076297,-0.07908684338226428,False
2.573873437017043,9.826134965885597,-1.4039051711271033,-1.6821776525428827,65,-5.157801167076297,-0.07910453225765307,False
2.5785975735583153,9.833251013649495,-1.396789123363206,-1.6821776525428827,65,-5.025321289548,-0.07883542017093123,False
2.579203066600956,9.837969389802494,-1.3920707472102063,-1.6821776525428827,65,-5.025321289548,-0.07855832180161658,False
2.5794045633073326,9.842452175618703,-1.3875879613939974,-1.6821776525428827,65,-5.025321289548,-0.07817292328889348,False
2.5804692178682935,9.843434692193457,-1.3866054448192424,-1.678643323006487,65,-5.025321289548,-0.07805124842089471,False
2.5869944461453724,9.843390931055373,-1.3866492059573272,-1.678643323006487,65,-5.025321289548,-0.07808959103348183,False
2.5880889402610254,9.845699300091018,-1.384340836921682,-1.678643323006487,65,-5.025321289548,-0.0781037344861623,False
2.5892258195899895,9.848110926275114,-1.3819292107375858,-1.678643323006487,65,-5.025321289548,-0.07788032089216623,False
2.589515172558253,9.85981589611102,-1.3702242409016807,-1.629651231781268,65,-5.025321289548,-0.07774050903265504,False
2.595870227747867,9.864338531606432,-1.3657016054062674,-1.629651231781268,65,-5.025321289548,-0.07748776883696173,False
2.596417083815813,9.866373012005335,-1.3636671250073649,-1.629651231781268,65,-5.025321289548,-0.07726600829238309,False
2.601628825954614,9.866308636247688,-1.3637315007650124,-1.629651231781268,65,-5.025321289548,-0.07729440260936339,False
2.6029162113230444,9.867595431588402,-1.3624447054242983,-1.629651231781268,65,-5.025321289548,-0.07733287997936986,False
2.6095107581927497,9.86892047658716,-1.3611196604255396,-1.629651231781268,65,-5.025321289548,-0.07737196513035689,False
2.613558552848481,9.870077974090108,-1.3599621629225904,-1.629651231781268,65,-5.025321289548,-0.07739944872738214,False
2.6169733789095004,9.871799058315657,-1.3582410786970422,-1.629651231781268,65,-5.025321289548,-0.07741841576754659,False
2.620424017216394,9.873523579592714,-1.3565165574199858,-1.629651231781268,65,-5.025321289548,-0.07744109356073506,False
2.6209591778147856,9.876178462786289,-1.3538616742264102,-1.629651231781268,65,-5.025321289548,-0.07721639817081445,False
2.622408279055383,9.871494075968481,-1.3585460610442177,-1.629651231781268,65,-5.025321289548,-0.0772503520329557,False
2.6261359507866633,9.874770558986794,-1.3552695780259045,-1.629651231781268,65,-5.025321289548,-0.07708068989906179,False
2.6268375707070453,9.869932969884633,-1.3601071671280662,-1.629651231781268,65,-5.025321289548,-0.07712076976977711,False
2.627457645566335,9.872023189101409,-1.3580169479112913,-1.629651231781268,65,-5.025321289548,-0.07713634810171337,False
2.6318741550018396,9.873606149117336,-1.356433987895364,-1.629651231781268,65,-5.025321289548,-0.07716272372912698,False
2.63267983593883,9.885479272884186,-1.3445608641285132,-1.629651231781268,65,-5.025321289548,-0.077054336123162,False
2.633520929625352,9.886966540417621,-1.343073596595078,-1.629651231781268,65,-5.025321289548,-0.07706850969320739,False
2.6344298928494716,9.888793208072968,-1.341246928939732,-1.629651231781268,65,-5.025321289548,-0.07688637409096553,False
2.6388406822058577,9.891827084141207,-1.3382130528714922,-1.629651231781268,65,-5.025321289548,-0.07673957220357625,False
2.6400239266544783,9.893246490600147,-1.336793646412553,-1.629651231781268,65,-5.025321289548,-0.07676225763566663,False
2.645337179167918,9.897981790473128,-1.3320583465395708,-1.629651231781268,65,-5.025321289548,-0.07639608608795262,False
2.645466023470943,9.893586241196159,-1.3364538958165404,-1.629651231781268,65,-5.025321289548,-0.07642731946079122,False
2.6470820574808833,9.895767138313635,-1.3342729986990636,-1.629651231781268,65,-5.025321289548,-0.0764496977035586,False
2.64949575536463,9.900560300266903,-1.3294798367457965,-1.629651231781268,65,-5.025321289548,-0.07617827434268588,False
2.652971091662679,9.9112290068291,-1.3188111301836005,-1.629651231781268,65,-4.446196390686545,-0.07597163325820873,False
2.6532934081364776,9.916319568203331,-1.3137205688093687,-1.629651231781268,65,-4.446196390686545,-0.07566754124328716,False
2.6568046302863273,9.917166126051823,-1.3128740109608765,-1.629651231781268,65,-4.446196390686545,-0.07557623988948389,False
2.657459456110646,9.918091436668197,-1.3119487003445027,-1.629651231781268,65,-4.446196390686545,-0.07549470755768165,False
2.6602726477322207,9.917913081157575,-1.3121270558551235,-1.629651231781268,65,-4.446196390686545,-0.07552647286133277,False
2.6613764983069976,9.921380533725898,-1.3086596032868025,-1.629651231781268,64,-4.446196390686545,-0.07540110479538162,False
2.6626434943163915,9.923490727869888,-1.3065494091428114,-1.629651231781268,64,-4.446196390686545,-0.07541545414452448,False
2.662755670961893,9.92505393866199,-1.3049861983507107,-1.629651231781268,64,-4.446196390686545,-0.07542553157244357,False
2.6645689806583004,9.925745713660179,-1.304294423352522,-1.629651231781268,64,-4.446196390686545,-0.07534813759219515,False
2.6683088777419313,9.935011239461959,-1.2950288975507405,-1.629651231781268,64,-4.446196390686545,-0.0751081877020172,False
2.6683930720295104,9.939834465015036,-1.2902056719976627,-1.629651231781268,64,-4.446196390686545,-0.07486429444366857,False
2.6691817038892434,9.941451135656603,-1.2885890013560972,-1.629651231781268,64,-4.446196390686545,-0.0748775020140201,False
2.6693260791149873,9.942724418315384,-1.2873157186973163,-1.629651231781268,64,-4.446196390686545,-0.07490082453038797,False
2.6696235091206995,9.94453868239079,-1.2855014546219092,-1.629651231781268,64,-4.446196390686545,-0.07474256089924328,False
2.6741349055035877,9.948447830033187,-1.2815923069795128,-1.629651231781268,64,-4.446196390686545,-0.07449654752822166,False
2.674343616296158,9.949573888573346,-1.280466248439354,-1.629651231781268,64,-4.446196390686545,-0.07453390465828635,False
2.676308800711406,9.945409524088916,-1.2846306129237843,-1.629651231781268,64,-4.446196390686545,-0.07456312833673452,False
2.677065312782763,9.946251568046158,-1.2837885689665425,-1.629651231781268,64,-4.446196390686545,-0.07446952069850571,False
2.678379770187635,9.947162580349472,-1.2828775566632276,-1.629651231781268,64,-4.446196390686545,-0.07448062247686096,False
2.678773438252472,9.948255697821326,-1.281784439191374,-1.629651231781268,64,-4.446196390686545,-0.07436527961234946,False
2.68353159370409,9.953360986472006,-1.276679150540693,-1.629651231781268,64,-4.446196390686545,-0.07400158709636456,False
2.6849292762642167,9.952695656527338,-1.2773444804853629,-1.629651231781268,64,-4.446196390686545,-0.07403822111652658,False
2.686314390877445,9.953947379265202,-1.276092757747498,-1.629651231781268,64,-4.446196390686545,-0.07406934156204648,False
2.6871770832974295,9.954666620767226,-1.2753735162454736,-1.629651231781268,64,-4.446196390686545,-0.07412067754491425,False
2.6892302683515097,9.956598407511274,-1.2734417295014253,-1.629651231781268,64,-4.446196390686545,-0.07413833608372813,False
2.690246516613076,9.957727988510845,-1.272312148501855,-1.629651231781268,64,-4.446196390686545,-0.07415523055803805,False
2.6910241802607726,9.962379209569342,-1.2676609274433588,-1.629651231781268,64,-4.446196390686545,-0.07388522896511616,False
2.6924373950039984,9.963815876584352,-1.2662242604283476,-1.629651231781268,64,-4.446196390686545,-0.07389197098970478,False
2.6926272216378524,9.95934972445572,-1.27069041255698,-1.629651231781268,64,-4.446196390686545,-0.07392687525745362,False
2.6931629025350152,9.961595405658006,-1.2684447313546945,-1.629651231781268,64,-4.446196390686545,-0.07376473544982566,False
2.69878526276275,9.96339022801241,-1.2666499090002907,-1.629651231781268,64,-4.446196390686545,-0.07358959413860096,False
2.700239029403882,9.966261902727512,-1.263778234285188,-1.629651231781268,64,-4.446196390686545,-0.07331857738328088,False
2.702311057290001,9.970841689540357,-1.259198447472342,-1.629651231781268,64,-4.446196390686545,-0.0730534729912549,False
2.704821731065898,9.972885869152709,-1.2571542678599903,-1.629651231781268,64,-4.446196390686545,-0.07286208849230845,False
2.7125857379954454,9.975630907066032,-1.2544092299466671,-1.629651231781268,64,-4.446196390686545,-0.07262213745238517,False
2.712639487146755,9.97725734077769,-1.2527827962350104,-1.629651231781268,64,-4.446196390686545,-0.07265166361084223,False
2.713990339463192,9.978361694754156,-1.2516784422585445,-1.6230034388374213,64,-4.446196390686545,-0.07253695406190655,False
2.716299330613835,9.981815679981072,-1.2482244570316277,-1.6230034388374213,64,-4.446196390686545,-0.07224306938655566,False
2.7233113138515597,9.978189643850964,-1.2518504931617351,-1.6230034388374213,64,-4.446196390686545,-0.07226821414446706,False
2.7247180396243142,9.980446367602974,-1.249593769409726,-1.6230034388374213,64,-4.446196390686545,-0.07205195215427505,False
2.7260783268746054,9.983334775389785,-1.2467053616229142,-1.6230034388374213,64,-4.446196390686545,-0.07182342609500429,False
2.7282732850209235,9.985183588723514,-1.244856548289185,-1.6230034388374213,64,-4.446196390686545,-0.07184748703802263,False
2.7282907399598604,9.987882425502104,-1.242157711510596,-1.6230034388374213,64,-4.446196390686545,-0.07161465657833328,False
2.731229341291483,10.00161493306766,-1.2284252039450398,-1.5778341249818268,64,-4.446196390686545,-0.0715230881560504,False
2.7313085803703507,10.009879520382366,-1.2201606166303345,-1.5778341249818268,64,-4.446196390686545,-0.07133399263754976,False
2.7314772746991056,10.012269446958232,-1.2177706900544687,-1.5778341249818268,64,-4.446196390686545,-0.07107790592006989,False
2.7317390708510345,10.012950663695374,-1.217089473317326,-1.5778341249818268,64,-4.446196390686545,-0.07099793224896005,False
2.731985818743997,10.008788820063852,-1.2212513169488461,-1.5778341249818268,64,-4.446196390686545,-0.07102666524781326,False
2.732935600398613,10.012019428046111,-1.2180207089665886,-1.5778341249818268,64,-4.446196390686545,-0.07072785466928531,False
2.7329813835037746,10.01341918414523,-1.2166209528674694,-1.5778341249818268,64,-4.446196390686545,-0.07076506675767354,False
2.7346995940949,10.015031678930018,-1.2150084580826819,-1.5778341249818268,64,-4.446196390686545,-0.070605918714806,False
2.735110218682076,10.016926385767158,-1.2131137512455417,-1.5778341249818268,64,-4.446196390686545,-0.07062028462575831,False
2.7358234520183857,10.020099972820113,-1.209940164192587,-1.5778341249818268,64,-4.446196390686545,-0.07036684236558545,False
2.7361273234426995,10.02501887034171,-1.2050212666709903,-1.5778341249818268,64,-4.446196390686545,-0.07014052408467135,False
2.736285819588041,10.02579634101951,-1.2042437959931898,-1.5778341249818268,64,-4.446196390686545,-0.07006700728954607,False
2.736812345536294,10.031374274958612,-1.1986658620540882,-1.5778341249818268,64,-4.446196390686545,-0.06979226896369081,False
2.737624586875234,10.033391137828232,-1.1966489991844673,-1.5778341249818268,64,-4.446196390686545,-0.0698077863619303,False
2.739617019682865,10.038533026887217,-1.1915071101254824,-1.5778341249818268,64,-4.446196390686545,-0.06955512628489122,False
2.74511177620884,10.03968193237761,-1.1903582046350907,-1.5778341249818268,64,-4.446196390686545,-0.06959171275556203,False
2.746594602432939,10.043723897131988,-1.1863162398807112,-1.5778341249818268,64,-4.446196390686545,-0.06931416013453623,False
2.7502832155894477,10.047257925642679,-1.1827822113700206,-1.5778341249818268,64,-4.446196390686545,-0.06906515229641547,False
2.750836046761474,10.043255678451436,-1.1867844585612644,-1.5778341249818268,64,-4.446196390686545,-0.06909544596620526,False
2.7523367432427612,10.044452567092065,-1.1855875699206342,-1.5778341249818268,64,-4.446196390686545,-0.06913273932992543,False
2.759470434948407,10.047575201685698,-1.1824649353270011,-1.5778341249818268,64,-4.446196390686545,-0.06885286883983432,False
2.7609938753321495,10.048596203009522,-1.181443934003177,-1.533431851734473,64,-4.446196390686545,-0.06875280938012358,False
2.7619124418619174,10.056510649833056,-1.1735294871796444,-1.533431851734473,64,-3.958450633328411,-0.06851746373256325,False
2.7639131957440886,10.053400700227305,-1.1766394367853943,-1.533431851734473,64,-3.958450633328411,-0.06853930614274831,False
2.764210611975271,10.058303144107386,-1.171736992905314,-1.533431851734473,64,-3.958450633328411,-0.06816698522628276,False
2.767925905959621,10.060181849856118,-1.1698582871565812,-1.533431851734473,64,-3.958450633328411,-0.06799271442759823,False
2.7708103996852254,10.061328511884064,-1.168711625128636,-1.533431851734473,64,-3.958450633328411,-0.0680191421184091,False
2.7711400615107555,10.062701840815784,-1.1673382961969165,-1.533431851734473,64,-3.958450633328411,-0.06788163336321097,False
2.77535112667934,10.064751908195793,-1.1652882288169064,-1.533431851734473,64,-3.958450633328411,-0.0679034367127716,False
2.7796996262121305,10.063561570841713,-1.1664785661709856,-1.533431851734473,64,-3.958450633328411,-0.06793809010823884,False
2.783138552924613,10.06852935077489,-1.1615107862378091,-1.533431851734473,64,-3.958450633328411,-0.06770912721005097,False
2.7847469857061804,10.070346610860964,-1.1596935261517352,-1.533431851734473,64,-3.958450633328411,-0.06748965755386105,False
2.78658276866281,10.07173461460312,-1.15830552240958,-1.533431851734473,64,-3.958450633328411,-0.06751123421703546,False
2.7872029841441512,10.073438039857193,-1.156602097155507,-1.533431851734473,64,-3.958450633328411,-0.06752993428066881,False
2.7887423433750906,10.076585787257745,-1.1534543497549554,-1.533431851734473,64,-3.958450633328411,-0.06740174543973505,False
2.7910028637505886,10.078275756584379,-1.1517643804283204,-1.533431851734473,64,-3.958450633328411,-0.0674241600403188,False
2.7936275453012342,10.081606305854622,-1.1484338311580775,-1.533431851734473,64,-3.958450633328411,-0.06712833576909172,False
2.79762213632946,10.082403383138052,-1.1476367538746464,-1.533431851734473,64,-3.958450633328411,-0.06713957847942169,False
2.798461526603783,10.079777673716379,-1.1502624632963216,-1.533431851734473,64,-3.958450633328411,-0.06715867547061652,False
2.7986329891929143,10.081334262853835,-1.148705874158865,-1.533431851734473,64,-3.958450633328411,-0.06716874548067374,False
2.800489908032677,10.093369188183896,-1.1366709488288038,-1.533431851734473,64,-3.703326380514463,-0.06701075417634321,False
2.801528324494306,10.107237878231432,-1.1228022587812683,-1.533431851734473,64,-3.703326380514463,-0.06695790789665453,False
2.802061832877392,10.103737599591277,-1.126302537421424,-1.533431851734473,64,-3.703326380514463,-0.06698414597113801,False
2.8026973012170098,10.104389296700786,-1.125650840311914,-1.533431851734473,64,-3.703326380514463,-0.06691482893144009,False
2.804579660437829,10.10763214404595,-1.122407992966751,-1.533431851734473,64,-3.703326380514463,-0.06666147284580413,False
2.8047712370546765,10.109161202697292,-1.120878934315408,-1.533431851734473,64,-3.703326380514463,-0.06668735533312399,False
2.80510415437654,10.111028826440956,-1.1190113105717439,-1.533431851734473,64,-3.703326380514463,-0.06670488590954,False
2.8052612468801827,10.112696784515443,-1.117343352497256,-1.533431851734473,64,-3.703326380514463,-0.06671909144780547,False
2.8059036312493193,10.114187163083836,-1.115852973928863,-1.533431851734473,64,-3.703326380514463,-0.06673341546688595,False
2.806809076743083,10.114920456121922,-1.1151196808907777,-1.533431851734473,64,-3.703326380514463,-0.06666631755190973,False
2.807025855539321,10.117626677171213,-1.1124134598414863,-1.533431851734473,64,-3.703326380514463,-0.06644188317312198,False
2.8136085612815718,10.120982506586868,-1.1090576304258315,-1.533431851734473,64,-3.703326380514463,-0.066343022889582,False
2.813691338438543,10.117141562594751,-1.1128985744179494,-1.533431851734473,64,-3.703326380514463,-0.06636918216220705,False
2.817303835868785,10.118739466927455,-1.1113006700852448,-1.533431851734473,64,-3.703326380514463,-0.06620593326958595,False
2.8188587335538644,10.120014821476099,-1.1100253155366,-1.533431851734473,64,-3.703326380514463,-0.06622847400559541,False
2.8198390576925036,10.121079192830603,-1.1089609441820956,-1.533431851734473,64,-3.703326380514463,-0.06613373182107084,False
2.824739277201495,10.122089471602798,-1.1079506654099007,-1.533431851734473,64,-3.703326380514463,-0.06616882426758497,False
2.82679202771946,10.124365941991245,-1.1056741950214537,-1.533431851734473,64,-3.703326380514463,-0.06594340578815727,False
2.8281805981984913,10.12673410320857,-1.10330603380413,-1.533431851734473,64,-3.703326380514463,-0.06569442504539767,False
2.828480472703502,10.124544887669854,-1.1054952493428443,-1.533431851734473,64,-3.703326380514463,-0.06571137517174504,False
2.830067298308733,10.126121057738965,-1.1039190792737346,-1.533431851734473,64,-3.703326380514463,-0.0657242061575429,False
2.8314730228723395,10.127552250528083,-1.102487886484616,-1.533431851734473,64,-3.703326380514463,-0.06573087852361816,False
2.8361828028526626,10.130196441333357,-1.0998436956793436,-1.533431851734473,64,-3.703326380514463,-0.06550957846367701,False
2.8378484845191423,10.131393378386521,-1.0986467586261788,-1.533431851734473,64,-3.703326380514463,-0.06553898945423588,False
2.838714099655215,10.131910245943965,-1.0981298910687347,-1.533431851734473,64,-3.703326380514463,-0.06558738032735974,False
2.8422189763609014,10.133046811391297,-1.0969933256214015,-1.533431851734473,64,-3.703326380514463,-0.06560339131270897,False
2.843640635792914,10.1359226075359,-1.0941175294768,-1.533431851734473,64,-3.703326380514463,-0.06538483801412828,False
2.843848262636547,10.141167879157033,-1.0888722578556664,-1.533431851734473,64,-3.703326380514463,-0.06516497450741236,False
2.8448594521793145,10.146408933044185,-1.0836312039685156,-1.533431851734473,64,-3.6547517083332686,-0.06491052302102035,False
2.8453581836308355,10.157007257061167,-1.0730328799515325,-1.533431851734473,64,-3.6547517083332686,-0.06471796067022349,False
2.8471744395159786,10.154001029037296,-1.0760391079754044,-1.533431851734473,64,-3.6547517083332686,-0.06474093114649712,False
2.8474380781368582,10.155925849020107,-1.0741142879925918,-1.533431851734473,64,-3.6547517083332686,-0.06475630501316043,False
2.8508151333516256,10.15943785602718,-1.0706022809855202,-1.51395286573918,64,-3.6547517083332686,-0.06459207266752641,False
2.8627524345964455,10.160515706716208,-1.0695244302964926,-1.465518898277641,64,-3.6547517083332686,-0.06446775385744022,False
2.8703187199735165,10.158924944901809,-1.0711151921108906,-1.465518898277641,64,-3.6547517083332686,-0.06450019163266543,False
2.8721816403661724,10.175308401587673,-1.0547317354250267,-1.465518898277641,64,-3.6547517083332686,-0.06445429070485552,False
2.8729027813103323,10.176744808871842,-1.0532953281408577,-1.465518898277641,64,-3.6547517083332686,-0.0644681865643815,False
2.8731830850080615,10.181946536706068,-1.0480936003066328,-1.465518898277641,64,-3.6547517083332686,-0.0641140907366253,False
2.881584288500882,10.186936699340828,-1.043103437671872,-1.465518898277641,64,-3.6547517083332686,-0.06387206765081375,False
2.8816224082963102,10.187570580339594,-1.0424695566731053,-1.465518898277641,64,-3.6547517083332686,-0.06380781697685617,False
2.8833649824950798,10.193193809739208,-1.036846327273492,-1.465518898277641,64,-3.6547517083332686,-0.0635245756485941,False
2.8864498054504795,10.190657748270848,-1.0393823887418518,-1.465518898277641,64,-3.6547517083332686,-0.06354486465962618,False
2.8869064832610363,10.192867505425452,-1.0371726315872474,-1.465518898277641,64,-3.6547517083332686,-0.06330807354943488,False
2.890011191936377,10.19385570690654,-1.0361844301061596,-1.465518898277641,64,-3.6547517083332686,-0.06334276980653268,False
2.890251571688545,10.19585141699813,-1.0341887200145703,-1.465518898277641,64,-3.6547517083332686,-0.06315771880307708,False
2.8902883768247842,10.192359897273343,-1.037680239739356,-1.465518898277641,64,-3.6547517083332686,-0.06318128220628069,False
2.894150506690538,10.197498201169921,-1.0325419358427785,-1.465518898277641,64,-3.6547517083332686,-0.0629358871189726,False
2.8978929126842323,10.198543940078098,-1.0314961969346024,-1.465518898277641,64,-3.6547517083332686,-0.06297134464485846,False
2.9006356487755167,10.199641855750736,-1.0303982812619628,-1.465518898277641,64,-3.6547517083332686,-0.06300743572071034,False
2.901336829806333,10.203924586785757,-1.0261155502269435,-1.465518898277641,64,-3.6547517083332686,-0.06278089399443151,False
2.901352635924959,10.209520361928167,-1.0205197750845332,-1.465518898277641,64,-3.6547517083332686,-0.06255606765643129,False
2.903908013490864,10.211403689096977,-1.0186364479157217,-1.465518898277641,64,-3.6547517083332686,-0.06257717870266806,False
2.913748019601008,10.212947288035165,-1.017092848977534,-1.465518898277641,64,-3.6547517083332686,-0.06260552813835027,False
2.9161457758832667,10.21861195115523,-1.0114281858574699,-1.465518898277641,64,-3.6547517083332686,-0.06225907245604292,False
2.91651681849429,10.219287455356842,-1.0107526816558587,-1.465518898277641,64,-3.6547517083332686,-0.062270326466685594,False
2.9165670490247826,10.22864836428016,-1.0013917727325394,-1.2986608153626884,64,-3.6547517083332686,-0.06212841594288006,False
2.921050222539662,10.230432843275926,-0.9996072937367735,-1.2986608153626884,64,-3.6547517083332686,-0.062145726757843855,False
2.921097760311052,10.228324367627646,-1.0017157693850536,-1.2986608153626884,64,-3.6547517083332686,-0.06216391989302102,False
2.9227581187063194,10.23072253143262,-0.9993176055800792,-1.2986608153626884,64,-3.6547517083332686,-0.062004728029804695,False
2.930792913557702,10.232518362558054,-0.9975217744546465,-1.2986608153626884,64,-3.6547517083332686,-0.06202820546617984,False
2.9322449222695925,10.233645046359303,-0.9963950906533969,-1.2986608153626884,64,-3.6547517083332686,-0.062053471855685265,False
2.9343745505609418,10.236773794631816,-0.9932663423808838,-1.2986608153626884,64,-3.6547517083332686,-0.0618363143091673,False
2.9360057167390234,10.238117820380644,-0.9919223166320562,-1.2986608153626884,64,-3.6547517083332686,-0.06185678495197811,False
2.9360887244738967,10.240074951016782,-0.989965185995917,-1.2986608153626884,64,-3.6547517083332686,-0.06169886432146308,False
2.9362952114009238,10.241614301617524,-0.9884258353951759,-1.2986608153626884,64,-3.6547517083332686,-0.0617088896971263,False
2.9372383022537467,10.245431458500383,-0.9846086785123187,-1.2986608153626884,64,-3.6547517083332686,-0.06147501663984019,False
2.937871390110805,10.246637947960435,-0.9834021890522645,-1.2986608153626884,64,-3.6547517083332686,-0.061488471677267606,False
2.9380557082707006,10.249753295657829,-0.9802868413548699,-1.2986608153626884,64,-3.6547517083332686,-0.061216386940096,False
2.9394830695805547,10.252662946665248,-0.9773771903474507,-1.2986608153626884,64,-3.6547517083332686,-0.06098880145764969,False
2.9400063166986596,10.255898647570776,-0.9741414894419235,-1.2986608153626884,64,-3.6547517083332686,-0.06088043877665503,False
2.9460936813344514,10.269485236602975,-0.9605549004097251,-1.1657588057545674,64,-3.6547517083332686,-0.060769761416921586,False
2.9465886991340775,10.2749337760912,-0.9551063609215005,-1.1657588057545674,64,-3.6547517083332686,-0.06057539506230075,False
2.9473611147723835,10.281153894639592,-0.9488862423731069,-1.1657588057545674,64,-3.6547517083332686,-0.06033392984626275,False
2.948072865480637,10.284159657072708,-0.9458804799399918,-1.1657588057545674,64,-3.6547517083332686,-0.06010024202537964,False
2.9493109064991554,10.292930921556295,-0.9371092154564045,-1.1657588057545674,64,-3.1792209917993777,-0.05990319058938692,False
2.953403093743343,10.29828686880819,-0.9317532682045083,-1.1657588057545674,64,-3.1792209917993777,-0.059550683776317975,False
2.956138160622368,10.296424238867951,-0.9336158981447498,-1.1657588057545674,64,-3.1792209917993777,-0.05958082297146274,False
2.956435954339462,10.298239574131143,-0.9318005628815559,-1.1657588057545674,64,-3.1792209917993777,-0.05959597609652825,False
2.95649283908373,10.301995095492968,-0.9280450415197309,-1.1657588057545674,64,-3.1792209917993777,-0.05930553906736825,False
2.961361757843656,10.29885888623784,-0.9311812507748597,-1.1657588057545674,64,-3.1792209917993777,-0.05932640472108119,False
2.961440683909868,10.303261130594592,-0.9267790064181085,-1.1657588057545674,64,-3.1792209917993777,-0.05906378761986696,False
2.962206049207456,10.304265472064344,-0.9257746649483566,-1.1657588057545674,64,-3.1792209917993777,-0.058980086812526936,False
2.9624447364867663,10.30592927497052,-0.9241108620421795,-1.1657588057545674,64,-3.1792209917993777,-0.0589984308344345,False
2.9649114463545367,10.309093421855906,-0.9209467151567955,-1.1657588057545674,64,-3.1792209917993777,-0.058925085125706565,False
2.9650171958847285,10.311527197363715,-0.9185129396489863,-1.1657588057545674,64,-3.1792209917993777,-0.05870984562375712,False
2.9665687937205747,10.313158078260926,-0.9168820587517739,-1.1657588057545674,64,-3.1792209917993777,-0.05873187718450121,False
2.9666217050928605,10.313917465214415,-0.9161226717982838,-1.1657588057545674,64,-3.1792209917993777,-0.05865333484557816,False
2.9714435943867357,10.315186850443592,-0.9148532865691074,-1.1657588057545674,64,-3.1792209917993777,-0.05867500603542581,False
2.972303785331865,10.316603993067794,-0.9134361439449041,-1.1657588057545674,64,-3.1792209917993777,-0.05868159663888242,False
2.9723962215047126,10.332822044160926,-0.8972180928517743,-1.1657588057545674,63,-3.1792209917993777,-0.058680701817928886,False
2.9750865563923936,10.33827483469944,-0.8917653023132576,-1.1657588057545674,63,-3.1792209917993777,-0.05847927409763911,False
2.9776904885250914,10.340502379659979,-0.8895377573527219,-1.1657588057545674,63,-3.1792209917993777,-0.05828652260688826,False
2.9781866648223647,10.34137935044688,-0.8886607865658207,-1.1657588057545674,63,-3.1792209917993777,-0.05831943080132821,False
2.9794179075967553,10.344843130264394,-0.8851970067483059,-1.1657588057545674,63,-3.1792209917993777,-0.058072097189284896,False
2.9829397498126538,10.346293103444912,-0.8837470335677874,-1.1657588057545674,63,-3.1792209917993777,-0.05809740230634089,False
2.983233069331421,10.347773334695423,-0.8822668023172754,-1.1657588057545674,63,-3.1792209917993777,-0.058111785279553116,False
2.98425084548021,10.348694803694187,-0.8813453333185142,-1.1657588057545674,63,-3.1792209917993777,-0.05801462362149599,False
2.9858839457966573,10.349895457345182,-0.8801446796675161,-1.1657588057545674,63,-3.1792209917993777,-0.057898523071407935,False
2.9863867103701964,10.351095327652244,-0.8789448093604552,-1.1657588057545674,63,-3.1792209917993777,-0.057780817265136813,False
2.9925339958269617,10.352222828768028,-0.8778173082446721,-1.1657588057545674,63,-3.1792209917993777,-0.057808545942372384,False
2.9933940250520963,10.352518922763325,-0.8775212142493747,-1.1657588057545674,63,-3.1792209917993777,-0.05785396850371323,False
2.994268067671266,10.354038209749792,-0.8760019272629083,-1.1657588057545674,63,-3.1792209917993777,-0.05786617612695255,False
2.997365331154031,10.35517560331235,-0.8748645337003488,-1.1657588057545674,63,-3.1792209917993777,-0.05788130118709038,False
3.007543043666021,10.357787941394887,-0.8722521956178112,-1.1657588057545674,63,-3.1792209917993777,-0.057618974947278856,False
3.0078481481113224,10.361170612493707,-0.868869524518993,-1.1657588057545674,63,-3.1792209917993777,-0.057338001300210786,False
3.0113789416459644,10.363130486402495,-0.8669096506102056,-1.1657588057545674,63,-3.1792209917993777,-0.0571612646265878,False
3.011422582595648,10.383123378737169,-0.8469167582755314,-1.1657588057545674,62,-3.1792209917993777,-0.05715680799315794,False
3.0120594117890596,10.38667303687124,-0.8433671001414589,-1.1657588057545674,62,-3.1792209917993777,-0.05685509747227857,False
3.012478836054132,10.387605732308097,-0.842434404704602,-1.1657588057545674,62,-3.1792209917993777,-0.056757547166935804,False
3.0127871660807197,10.389365815720536,-0.8406743212921617,-1.1657588057545674,62,-3.1792209917993777,-0.056595222692394885,False
3.0219494325680105,10.395058144091738,-0.8349819929209608,-1.1657588057545674,62,-3.1792209917993777,-0.05640234858436792,False
3.0251516042981206,10.407280789928382,-0.8227593470843183,-1.1657588057545674,62,-3.1792209917993777,-0.05625820953354654,False
3.026186641023247,10.404483616777629,-0.82555652023507,-1.1657588057545674,62,-3.1792209917993777,-0.056276300486463426,False
3.0320913550397637,10.406168359103008,-0.8238717779096912,-1.1657588057545674,62,-3.1792209917993777,-0.05629661670965616,False
3.033584449859314,10.408136433935095,-0.8219037030776061,-1.1657588057545674,62,-3.1792209917993777,-0.05607358312909166,False
3.0342952652473443,10.40868684930965,-0.8213532877030493,-1.1657588057545674,62,-3.1792209917993777,-0.05608472436203942,False
3.036621040296879,10.406672063378428,-0.8233680736342727,-1.1657588057545674,62,-3.1792209917993777,-0.056112503514849574,False
3.0366218458614354,10.408355185313305,-0.8216849516993954,-1.1657588057545674,62,-3.1792209917993777,-0.05612951008980665,False
3.037083977395869,10.409162746337863,-0.820877390674837,-1.1657588057545674,62,-3.1792209917993777,-0.05616234479561398,False
3.0453809458167065,10.414879650785737,-0.815160486226962,-1.1657588057545674,62,-2.7776252599745366,-0.0559300415444044,False
3.0456471842017807,10.41575372897264,-0.8142864080400617,-1.1657588057545674,62,-2.7776252599745366,-0.055963654224081436,False
3.0459236365075286,10.419393979708216,-0.8106461573044835,-1.1657588057545674,62,-2.7776252599745366,-0.055670950590130726,False
3.0508035470941577,10.420140252170734,-0.8098998848419668,-1.1545247208028702,62,-2.7776252599745366,-0.05558898445894597,False
3.0524255873665442,10.422187495194205,-0.8078526418184953,-1.1545247208028702,62,-2.7776252599745366,-0.055413155027733065,False
3.056137148033962,10.423682931568871,-0.8063572054438288,-1.1545247208028702,62,-2.7776252599745366,-0.05527399740630283,False
3.0581725166302083,10.424533314005874,-0.805506823006827,-1.1545247208028702,62,-2.7776252599745366,-0.05519934787230874,False
3.062138078646579,10.427468042945042,-0.8025720940676578,-1.1545247208028702,62,-2.7776252599745366,-0.05497888849730213,False
3.06338216646464,10.433549154398156,-0.7964909826145431,-1.1545247208028702,61,-2.7776252599745366,-0.054784252156298806,False
3.0634787923621927,10.438978132727764,-0.7910620042849366,-1.1545247208028702,61,-2.7776252599745366,-0.05456873466494384,False
3.0641689445717386,10.440668563896441,-0.7893715731162594,-1.1545247208028702,61,-2.7776252599745366,-0.05458359449532612,False
3.0721374391822778,10.44141401556529,-0.7886261214474105,-1.1545247208028702,61,-2.7776252599745366,-0.05461839340469341,False
3.0752137993006334,10.442925242861211,-0.787114894151488,-1.1545247208028702,61,-2.7776252599745366,-0.0546283424651448,False
3.0764570748062208,10.446031715585193,-0.7840084214275076,-1.1545247208028702,61,-2.7776252599745366,-0.054419131254356136,False
3.0852697276413155,10.443539866180734,-0.7865002708319654,-1.1545247208028702,61,-2.7776252599745366,-0.054434618318644115,False
3.085851656955943,10.447288411846705,-0.7827517251659944,-1.133955520419276,61,-2.7776252599745366,-0.054277877977908257,False
3.087730066868689,10.448575970379306,-0.7814641666333937,-1.133955520419276,61,-2.7776252599745366,-0.05429726413823314,False
3.0889980537541155,10.463866647858227,-0.7661734891544725,-1.1078759822451412,60,-2.7776252599745366,-0.0542310105637006,False
3.090121634478704,10.464979618103445,-0.7650605189092545,-1.1078759822451412,60,-2.7776252599745366,-0.05412761836729895,False
3.091791576810257,10.468270512067495,-0.761769624945205,-1.1078759822451412,60,-2.7776252599745366,-0.054039563445090685,False
3.0973014303372115,10.471163053360044,-0.7588770836526557,-1.1078759822451412,60,-2.7776252599745366,-0.053824254986996285,False
3.0973152708645575,10.472260369649135,-0.7577797673635644,-1.1078759822451412,60,-2.7776252599745366,-0.05384829267241826,False
3.1013058310145025,10.475801793222876,-0.7542383437898235,-1.1078759822451412,60,-2.7776252599745366,-0.05358771894020133,False
3.1033678737021075,10.481477619683469,-0.7485625173292305,-1.1078759822451412,60,-2.7776252599745366,-0.053371661688320984,False
3.1052172564596554,10.492123704760974,-0.7379164322517261,-1.1078759822451412,60,-2.7776252599745366,-0.05327725130886241,False
3.11159645799732,10.49005102178568,-0.7399891152270206,-1.1078759822451412,60,-2.7776252599745366,-0.053302720355731505,False
3.1116725805280376,10.495761375089593,-0.7342787619231056,-1.1078759822451412,60,-2.7776252599745366,-0.0529678718814299,False
3.1131332651415247,10.497495419053218,-0.7325447179594811,-1.1078759822451412,60,-2.7776252599745366,-0.052801142002681274,False
3.1143645378522855,10.498889817230381,-0.7311503197823179,-1.1078759822451412,60,-2.7776252599745366,-0.052807642519085624,False
3.1146712367730274,10.50178303694755,-0.7282571000651508,-1.1078759822451412,60,-2.7776252599745366,-0.0527580432842626,False
3.1225941592345445,10.503207993491747,-0.726832143520953,-1.1078759822451412,60,-2.7776252599745366,-0.05278519400250899,False
3.1241880704832803,10.509420154693755,-0.7206199823189456,-1.1078759822451412,60,-2.7776252599745366,-0.05252960316313365,False
3.1258234610493365,10.511897998508605,-0.7181421385040951,-1.1078759822451412,60,-2.7776252599745366,-0.052298499599880824,False
3.1265278405048753,10.51315306015496,-0.7168870768577393,-1.1078759822451412,60,-2.7776252599745366,-0.052319239868662944,False
3.1270190724060103,10.515729957385465,-0.7143101796272342,-1.1078759822451412,60,-2.7776252599745366,-0.052057187212998866,False
3.127563957616383,10.51984198086915,-0.7101981561435484,-1.1078759822451412,60,-2.7776252599745366,-0.051841712381849536,False
3.1341136621119343,10.520570466484344,-0.7094696705283563,-1.1078759822451412,60,-2.7776252599745366,-0.05187253455784966,False
3.137500975258367,10.52524988049172,-0.7047902565209803,-1.1078759822451412,60,-2.7776252599745366,-0.05166997337259357,False
3.1387825354669423,10.523034618048136,-0.707005518964563,-1.1078759822451412,60,-2.7776252599745366,-0.051682715652220705,False
3.139829098864921,10.532681017999357,-0.6973591190133429,-1.058425818284487,60,-2.607530547011887,-0.05152647018369385,False
3.139852445692851,10.533397034061744,-0.6966431029509549,-1.058425818284487,60,-2.607530547011887,-0.051455997953251204,False
3.141026299102451,10.535103359047467,-0.6949367779652342,-1.058425818284487,60,-2.607530547011887,-0.05147885485368278,False
3.142044091473751,10.536704163955873,-0.6933359730568256,-1.058425818284487,60,-2.607530547011887,-0.051496772332649904,False
3.1443158292944173,10.555339719676907,-0.6747004173357928,-1.058425818284487,60,-2.607530547011887,-0.051542233069459244,False
3.145998310240755,10.5611851976779,-0.6688549393347989,-1.058425818284487,60,-2.607530547011887,-0.05121555341023831,False
3.146114629250397,10.561971219620055,-0.668068917392645,-1.058425818284487,60,-2.607530547011887,-0.051147411686637216,False
3.146431061015777,10.56351748926597,-0.6665226477467303,-1.058425818284487,60,-2.607530547011887,-0.0511689575369463,False
3.1479789317390434,10.588630430526553,-0.6414097064861476,-1.058425818284487,60,-2.607530547011887,-0.05120049404103912,False
3.1489976766812036,10.592010196818123,-0.6380299401945753,-1.058425818284487,60,-2.607530547011887,-0.050998023076236756,False
3.149809417456956,10.5930541220034,-0.6369860150093001,-1.058425818284487,60,-2.607530547011887,-0.05102411396687504,False
3.1501509596621022,10.593480788389344,-0.6365593486233554,-1.058425818284487,60,-2.607530547011887,-0.05103504108941442,False
3.1506536747446825,10.593543691766584,-0.6364964452461164,-1.058425818284487,60,-2.607530547011887,-0.051077520633927315,False
3.1513804175999853,10.595108722610318,-0.6349314144023807,-1.058425818284487,60,-2.607530547011887,-0.05109414650494482,False
3.15512148345672,10.596240524587607,-0.6337996124250935,-1.058425818284487,60,-2.607530547011887,-0.05110839777826501,False
3.1577094265755163,10.599367863530583,-0.6306722734821164,-1.058425818284487,60,-2.607530547011887,-0.050889256714817546,False
3.1591918213214827,10.605656987749862,-0.6243831492628363,-1.058425818284487,60,-2.607530547011887,-0.05056773832250103,False
3.1592457177402316,10.607117109588692,-0.6229230274240087,-1.058425818284487,60,-2.607530547011887,-0.0505871814511319,False
3.1611235100438124,10.609291140469331,-0.6207489965433672,-1.058425818284487,60,-2.607530547011887,-0.05040152805861609,False
3.1612254770679593,10.610737633190826,-0.6193025038218738,-1.058425818284487,60,-2.607530547011887,-0.050413425713646876,False
3.163070006298891,10.61190074850933,-0.6181393885033709,-1.0380411506344327,60,-2.607530547011887,-0.0503121125619817,False
3.1637823620319865,10.617938206270242,-0.6121019307424573,-1.0380411506344327,60,-2.607530547011887,-0.05015347134928654,False
3.1644963047214776,10.62487938863188,-0.605160748380819,-1.0380411506344327,60,-2.607530547011887,-0.0499499893599027,False
3.1647016928414935,10.62633553683007,-0.6037046001826302,-1.0380411506344327,60,-2.607530547011887,-0.04996433897022178,False
3.1647723477944067,10.628884714780884,-0.601155422231815,-1.0380411506344327,60,-2.607530547011887,-0.04981078640140299,False
3.165347889264735,10.630062784660488,-0.5999773523522118,-1.0380411506344327,60,-2.607530547011887,-0.04968556486401572,False
3.165706992301182,10.631408014543508,-0.5986321224691921,-1.0380411506344327,60,-2.607530547011887,-0.049710221230927436,False
3.170213566123254,10.632960735871656,-0.5970794011410431,-1.0380411506344327,60,-2.607530547011887,-0.049724722758146586,False
3.170782674452598,10.638941864889496,-0.5910982721232051,-1.0380411506344327,59,-2.607530547011887,-0.04955356529679809,False
3.1814937444182885,10.636882387125492,-0.5931577498872074,-1.0380411506344327,59,-2.607530547011887,-0.04957676363624339,False
3.1834901120671057,10.641668734454276,-0.5883714025584236,-1.0380411506344327,59,-2.607530547011887,-0.049333434850643364,False
3.185761132137687,10.642279810159273,-0.5877603268534258,-1.0380411506344327,59,-2.607530547011887,-0.049364454354810565,False
3.1874398987657866,10.645651240233578,-0.584388896779121,-1.0380411506344327,59,-2.607530547011887,-0.04909529956010065,False
3.1874989801563265,10.64365810531496,-0.5863820316977401,-1.0380411506344327,59,-2.607530547011887,-0.049105547919970814,False
3.19408305490744,10.64694230082985,-0.5830978361828505,-1.0380411506344327,59,-2.607530547011887,-0.04888208508722435,False
3.1950302633122654,10.647627860241753,-0.5824122767709471,-1.0380411506344327,59,-2.607530547011887,-0.04891386928691945,False
3.1997072122970835,10.65002007688646,-0.5800200601262397,-1.0380411506344327,59,-2.607530547011887,-0.04866442692477579,False
3.2016909947837418,10.65618266954465,-0.5738574674680489,-1.0380411506344327,59,-2.607530547011887,-0.04850048637940048,False
3.206565947081851,10.670423284668859,-0.5596168523438415,-0.9421340260465563,58,-2.607530547011887,-0.04840364641079729,False
3.2082575925851544,10.674498721438143,-0.5555414155745576,-0.9421340260465563,58,-2.607530547011887,-0.048121576590506615,False
3.2148400042851,10.675970941331027,-0.5540691956816731,-0.9421340260465563,58,-2.607530547011887,-0.048131421096194546,False
3.2166782181959954,10.67858650330884,-0.5514536337038608,-0.9421340260465563,58,-2.607530547011887,-0.04792014468039662,False
3.219280664198168,10.680690718313917,-0.5493494186987813,-0.9421340260465563,58,-2.607530547011887,-0.0477646841329127,False
3.224746347324185,10.687289470386338,-0.5427506666263628,-0.9421340260465563,58,-2.607530547011887,-0.04760138391844603,False
3.226307356314009,10.704227510122388,-0.5258126268903106,-0.9421340260465563,58,-2.607530547011887,-0.04757445288601145,False
3.2349628650843534,10.707999678994392,-0.5220404580183065,-0.9421340260465563,58,-2.607530547011887,-0.04733745109363942,False
3.2397994329435686,10.70869169471845,-0.5213484422942498,-0.9421340260465563,58,-2.607530547011887,-0.0472701626620207,False
3.2411566096796305,10.709910769193915,-0.5201293678187864,-0.9421340260465563,58,-2.607530547011887,-0.047288498404061914,False
3.243224187610875,10.713217190092521,-0.5168229469201783,-0.9421340260465563,58,-2.607530547011887,-0.04722051408084278,False
3.2463994502806757,10.711218765625317,-0.5188213713873816,-0.9421340260465563,58,-2.607530547011887,-0.04724156686403308,False
3.2467738128333776,10.711573349300545,-0.5184667877121538,-0.9421340260465563,58,-2.607530547011887,-0.04727494224864996,False
3.2468079423057437,10.717470088647678,-0.5125700483650216,-0.9421340260465563,58,-2.607530547011887,-0.04708806635508693,False
3.250092435128158,10.723686084722122,-0.506354052290579,-0.9421340260465563,58,-2.3993694222846713,-0.046882128357986136,False
3.2570715388255325,10.725049187412823,-0.5049909495998766,-0.9421340260465563,58,-2.3993694222846713,-0.04688853263472035,False
3.26064545141471,10.727599757316375,-0.5024403796963255,-0.9421340260465563,58,-2.3993694222846713,-0.04685977211639844,False
3.263189464725906,10.727908701479976,-0.5021314355327245,-0.9421340260465563,58,-2.3993694222846713,-0.046870385416877734,False
3.264900614531906,10.729341126617264,-0.5006990103954349,-0.9421340260465563,58,-2.3993694222846713,-0.04688656351605465,False
3.2654213602406243,10.730399705320046,-0.4996404316926531,-0.9421340260465563,58,-2.3993694222846713,-0.046909337460281135,False
3.268038631559023,10.732820074364506,-0.4972200626481937,-0.9421340260465563,58,-2.3993694222846713,-0.046718057797812226,False
3.2685699306010365,10.736474388622696,-0.49356574839000394,-0.9421340260465563,58,-2.3993694222846713,-0.04644009895101249,False
3.274172630135447,10.737879790384309,-0.49216034662839037,-0.9421340260465563,58,-2.3993694222846713,-0.04645418393874844,False
3.274567139395069,10.739180239513313,-0.49085989749938536,-0.9421340260465563,58,-2.3993694222846713,-0.04633797855111586,False
3.28086866440544,10.771497591966511,-0.4585425450461889,-0.9421340260465563,58,-2.3993694222846713,-0.04639929894750518,False
3.28351656573395,10.77272984470923,-0.4573102923034689,-0.9421340260465563,58,-2.3993694222846713,-0.04641906898078015,False
3.284460461487749,10.773948556603408,-0.4560915804092929,-0.9421340260465563,58,-2.3993694222846713,-0.04643757641474161,False
3.291345809513558,10.775034563235321,-0.4550055737773783,-0.9421340260465563,58,-2.3993694222846713,-0.04635256918053651,False
3.2916013786461797,10.775864799448538,-0.45417533756416184,-0.9421340260465563,58,-2.3993694222846713,-0.046273930664230266,False
3.291907099748986,10.776432797491,-0.453607339521701,-0.9421340260465563,58,-2.3993694222846713,-0.04630277466816671,False
3.294194287511372,10.77855669088087,-0.45148344613182795,-0.9421340260465563,58,-2.3993694222846713,-0.04607896541354111,False
3.296229375683515,10.790711702166957,-0.4393284348457438,-0.9421340260465563,57,-2.3993694222846713,-0.046030291118760475,False
3.3008739362961808,10.793560871387612,-0.43647926562508715,-0.9421340260465563,57,-2.3993694222846713,-0.04576590672696753,False
3.3068465715492987,10.791650076425066,-0.43839006058763325,-0.9421340260465563,57,-2.3993694222846713,-0.045785025695452376,False
3.3088378229555144,10.793565093847835,-0.43647504316486535,-0.9421340260465563,57,-2.3993694222846713,-0.04562141706166257,False
3.3090713307613417,10.794512337338828,-0.4355277996738707,-0.9421340260465563,57,-2.3993694222846713,-0.0456459260449959,False
3.309450856446621,10.798406104298872,-0.4316340327138288,-0.9421340260465563,57,-2.3993694222846713,-0.045346593518523416,False
3.3098924050505314,10.798230402547622,-0.43180973446507737,-0.9421340260465563,57,-2.3993694222846713,-0.0453861933330384,False
3.3105567304151773,10.802202672831475,-0.4278374641812262,-0.9421340260465563,57,-2.3993694222846713,-0.04510204757672283,False
3.314882968642714,10.803322338419996,-0.4267177985927046,-0.9421340260465563,57,-2.3993694222846713,-0.04511544857074571,False
3.3156571655984135,10.804326768082598,-0.4257133689301004,-0.891912542916347,57,-2.3993694222846713,-0.045015771711679704,False
3.316252334903839,10.82402817725928,-0.40601195975342075,-0.891912542916347,57,-2.3993694222846713,-0.045100619375491105,False
3.317764764017537,10.830298403377988,-0.39974173363471244,-0.891912542916347,56,-2.3993694222846713,-0.044917539180674024,False
3.3183226930023952,10.831610646319183,-0.3984294906935183,-0.891912542916347,56,-2.3993694222846713,-0.04479915533715455,False
3.318713242562501,10.834956515722611,-0.3950836212900897,-0.891912542916347,56,-2.3993694222846713,-0.04460228266141267,False
3.320237899302916,10.83937369040048,-0.39066644661221966,-0.891912542916347,55,-2.3993694222846713,-0.04440786680187949,False
3.325229750854004,10.840887607915683,-0.3891525290970156,-0.891912542916347,55,-2.3993694222846713,-0.04442530073615201,False
3.3298179444197737,10.842323870713436,-0.3877162662992644,-0.891912542916347,55,-2.3993694222846713,-0.04444627480558472,False
3.3300830250638938,10.845497935578491,-0.38454220143420775,-0.891912542916347,55,-2.3993694222846713,-0.044233297819874264,False
3.3304872180281206,10.849479830458476,-0.3805603065542236,-0.8546533160796477,54,-2.3993694222846713,-0.04408598344825293,False
3.330519724454396,10.85083860689431,-0.3792015301183894,-0.8546533160796477,54,-2.3993694222846713,-0.04409812361069311,False
3.3324120443136924,10.861279613657691,-0.36876052335500886,-0.8546533160796477,54,-2.3993694222846713,-0.043983122721200966,False
3.3354511645540383,10.861683546819739,-0.3683565901929606,-0.8546533160796477,54,-2.3993694222846713,-0.04401238574314456,False
3.3384380747227054,10.862953063239843,-0.36708707377285593,-0.8546533160796477,54,-2.3993694222846713,-0.044038342756265475,False
3.3409060556088757,10.869326053229337,-0.36071408378336395,-0.8546533160796477,53,-2.3993694222846713,-0.04374242848374202,False
3.345450373181191,10.869811026771123,-0.360229110241577,-0.8546533160796477,53,-2.3993694222846713,-0.04377241947969207,False
3.3489290908348837,10.8719455248251,-0.3580946121876024,-0.8546533160796477,53,-2.3993694222846713,-0.04359750700804972,False
3.349278856022121,10.87336356234033,-0.3566765746723688,-0.8546533160796477,53,-2.3993694222846713,-0.0436117167808297,False
3.352312070146082,10.874579248515024,-0.35546088849767665,-0.8546533160796477,53,-2.3993694222846713,-0.043635658548519494,False
3.3546168912879764,10.876001915393964,-0.3540382216187362,-0.8546533160796477,53,-2.3993694222846713,-0.043645372618733004,False
3.355379799311979,10.87822606413305,-0.3518140728796502,-0.8546533160796477,53,-2.3993694222846713,-0.04347058475012992,False
3.3556504131753058,10.89603500464583,-0.3340051323668697,-0.8546533160796477,53,-2.3993694222846713,-0.043476795805207795,False
3.358222416481179,10.897612636312665,-0.3324275007000355,-0.8546533160796477,53,-2.3993694222846713,-0.0434990121347278,False
3.359650727755661,10.903876858379775,-0.32616327863292505,-0.8395040615183964,53,-2.3993694222846713,-0.04318997109310123,False
3.3596686165174097,10.905499604724941,-0.3245405322877592,-0.8395040615183964,53,-2.3993694222846713,-0.0430509579711264,False
3.3689813850213888,10.90914000654874,-0.32090013046396154,-0.8395040615183964,53,-2.3993694222846713,-0.042866043464981046,False
3.3691970944244782,10.91569626809923,-0.31434386891347027,-0.8395040615183964,53,-2.3993694222846713,-0.042726729680173124,False
3.3721272316493183,10.918853167455842,-0.31118696955685815,-0.8395040615183964,53,-2.3993694222846713,-0.04252135698681743,False
3.3725440682259866,10.919054543501803,-0.31098559351089683,-0.8395040615183964,53,-2.3993694222846713,-0.04253156272722285,False
3.374892052731917,10.925918013684113,-0.30412212332858696,-0.8395040615183964,53,-2.3993694222846713,-0.04230926903866952,False
3.3756853546215773,10.927169983903436,-0.3028701531092637,-0.8395040615183964,53,-2.3993694222846713,-0.04232288683984567,False
3.3767806728816407,10.928458114920593,-0.3015820220921062,-0.8395040615183964,53,-2.3993694222846713,-0.04233855974339431,False
3.3815133070643832,10.933554646017097,-0.29648549099560434,-0.8395040615183964,53,-2.3993694222846713,-0.04216360924454892,False
3.381989567483274,10.94020727310549,-0.28983286390721036,-0.8395040615183964,52,-2.3993694222846713,-0.0420294343492578,False
3.3820193584943263,10.943557774203327,-0.2864823628093725,-0.8395040615183964,51,-2.3993694222846713,-0.041821727192545614,False
3.384315891287379,10.9507068696746,-0.27933326733810016,-0.8395040615183964,51,-2.3993694222846713,-0.04168972069877977,False
3.386817787828277,10.957401179646384,-0.27263895736631716,-0.8395040615183964,50,-2.3993694222846713,-0.041569130394096855,False
3.38723868289966,10.965152681661271,-0.26488745535142894,-0.8395040615183964,50,-2.3993694222846713,-0.041406725477947125,False
3.388370454054475,10.981945413413847,-0.24809472359885368,-0.8395040615183964,50,-2.3993694222846713,-0.04135412781364644,False
3.3934182017851913,10.985221279871691,-0.24481885714100834,-0.8395040615183964,50,-2.3993694222846713,-0.041305323680928936,False
3.3956618858120233,10.986360744981758,-0.2436793920309429,-0.8395040615183964,50,-2.3993694222846713,-0.04132265099055457,False
3.395782936807954,10.987175360281537,-0.24286477673116186,-0.8395040615183964,50,-2.3993694222846713,-0.041239992401790285,False
3.3998335561538764,10.988498940989503,-0.24154119602319668,-0.8395040615183964,50,-2.3993694222846713,-0.04124629478791099,False
3.402409672094828,10.99065259257267,-0.23938754444002758,-0.8395040615183964,50,-2.3993694222846713,-0.04123566460645264,False
3.4035086604043974,10.991676262798691,-0.2383638742140076,-0.8395040615183964,50,-2.3993694222846713,-0.04113289698279776,False
3.4064358488056965,10.992602728496339,-0.23743740851636158,-0.8395040615183964,50,-2.3993694222846713,-0.0410581732808532,False
3.4068839920228817,10.993576187815167,-0.2364639491975315,-0.8395040615183964,50,-2.3993694222846713,-0.04107568529587657,False
3.409129706409442,11.03153260601749,-0.19850753099521043,-0.8395040615183964,50,-2.3993694222846713,-0.041160281685574895,False
3.4116904151901326,11.036727061197546,-0.19331307581515336,-0.8395040615183964,50,-2.3993694222846713,-0.0409399449531415,False
3.411705943120449,11.043714630650879,-0.18632550636181924,-0.8395040615183964,50,-2.3993694222846713,-0.04065019554416521,False
3.418589754025911,11.046410727061367,-0.18362940995133228,-0.8395040615183964,50,-2.3993694222846713,-0.040504879340807716,False
3.4187002508251823,11.050269829602748,-0.17977030740995117,-0.8372135561889875,50,-2.3993694222846713,-0.04024069721843468,False
3.4237645885381505,11.0502118446807,-0.17982829233199968,-0.8372135561889875,50,-2.3993694222846713,-0.04027255382387443,False
3.4289190749881886,11.052086616235817,-0.17795352077688256,-0.8372135561889875,50,-2.3993694222846713,-0.040104524037658115,False
3.430324956886021,11.058480407263929,-0.17155972974877123,-0.8372135561889875,49,-2.3993694222846713,-0.039947407810154933,False
3.4359154040587057,11.059491150952049,-0.17054898606065058,-0.8372135561889875,49,-2.3993694222846713,-0.03996890925083061,False
3.441788365895354,11.06069220315327,-0.16934793385943103,-0.8372135561889875,49,-2.3993694222846713,-0.03998768851918338,False
3.445478143450746,11.063381650688052,-0.1666584863246472,-0.8372135561889875,49,-2.3993694222846713,-0.03975458665639174,False
3.4463189544742887,11.066177889556748,-0.1638622474559512,-0.8372135561889875,49,-2.3993694222846713,-0.03948269443373944,False
3.4465970451880032,11.068539071828932,-0.1615010651837679,-0.8372135561889875,49,-2.3993694222846713,-0.03929891307598842,False
3.44694069545174,11.069747908318552,-0.1602922286941483,-0.8372135561889875,49,-2.3993694222846713,-0.039193562696092143,False
3.4476428597524755,11.07338712056639,-0.1566530164463093,-0.8372135561889875,49,-2.3993694222846713,-0.03893142859366988,False
3.449830233452423,11.076967757015689,-0.1530723799970111,-0.8372135561889875,49,-2.3993694222846713,-0.038721983956069045,False
3.4509258301106533,11.077367182549727,-0.1526729544629731,-0.8372135561889875,49,-2.3993694222846713,-0.03874896076782052,False
3.457925172424548,11.084095913897684,-0.1459442231150158,-0.8372135561889875,49,-2.3993694222846713,-0.038572378485885545,False
3.469686640765394,11.084935013285474,-0.1451051237272258,-0.8372135561889875,49,-2.3993694222846713,-0.038595369017864284,False
3.4704760153209664,11.084522783377503,-0.1455173536351953,-0.8372135561889875,49,-2.3993694222846713,-0.03863218063016929,False
3.4707810961737664,11.088936172939903,-0.14110396407279738,-0.8372135561889875,49,-2.3993694222846713,-0.03836331120602483,False
3.4744286285942225,11.0900322951729,-0.14000784183979942,-0.8372135561889875,49,-2.3993694222846713,-0.0383764076528294,False
3.476014851443247,11.09113329762452,-0.13890683938817985,-0.8372135561889875,49,-2.3993694222846713,-0.03838898968238689,False
3.477365292284644,11.091240786729067,-0.1387993502836311,-0.8372135561889875,49,-2.3993694222846713,-0.03839871579235268,False
3.4788839128717277,11.094041223959932,-0.13599891305276837,-0.8372135561889875,49,-2.3993694222846713,-0.03819430978348064,False
3.480382360738378,11.11002337810084,-0.12001675891186082,-0.8372135561889875,49,-2.3993694222846713,-0.03822903981584755,False
3.4855514667175775,11.110215411191755,-0.11982472582094389,-0.8372135561889875,49,-2.3993694222846713,-0.038256611888481014,False
3.486645145278145,11.111350885249305,-0.1186892517633944,-0.8372135561889875,49,-2.3993694222846713,-0.038271732423978785,False
3.487129513815217,11.126411549953163,-0.10362858705953519,-0.8372135561889875,49,-2.3993694222846713,-0.03838826691329815,False
3.4882055788981075,11.127694289934343,-0.10234584707835621,-0.8372135561889875,49,-2.3993694222846713,-0.038264001707200346,False
3.4884858891002968,11.14159937524353,-0.08844076176916976,-0.8372135561889875,49,-2.3993694222846713,-0.03825749707097115,False
3.4939888043771976,11.142962588929272,-0.08707754808342708,-0.8372135561889875,49,-2.3993694222846713,-0.03826705630008815,False
3.4962999734863303,11.143240482374143,-0.08679965463855764,-0.8372135561889875,49,-2.3993694222846713,-0.03829530281732336,False
3.5009451980733375,11.144498049392089,-0.08554208762061041,-0.8372135561889875,49,-2.3993694222846713,-0.03830777389573985,False
3.5016793769933106,11.14859647663753,-0.0814436603751697,-0.8372135561889875,49,-2.3993694222846713,-0.03808515172707141,False
3.5053930943182827,11.149379940913889,-0.08066019609881156,-0.8372135561889875,49,-2.3993694222846713,-0.03801467340445154,False
3.511214659781207,11.150783633000572,-0.079256504012129,-0.8372135561889875,49,-2.3993694222846713,-0.03803157682158365,False
3.5140908315845807,11.151622954176968,-0.07841718283573132,-0.7975380026985124,49,-2.3993694222846713,-0.037963259762870315,False
3.5141537300731254,11.15635363971922,-0.07368649729348199,-0.7975380026985124,49,-2.3993694222846713,-0.03779182633821161,False
3.5158193147876196,11.157656054452763,-0.07238408255993686,-0.7975380026985124,49,-2.3993694222846713,-0.03781215436538414,False
3.518725889916988,11.159910502347648,-0.070129634665051,-0.7975380026985124,49,-2.3993694222846713,-0.03766128110942433,False
3.5255728110930096,11.160645709166145,-0.06939442784655618,-0.7975380026985124,49,-2.3993694222846713,-0.037677763376091654,False
3.5259269831471665,11.171585399094988,-0.05845473791771059,-0.7975380026985124,48,-2.3993694222846713,-0.03760252318132274,False
3.5318396444861584,11.183408389403526,-0.046631747609173206,-0.7975380026985124,48,-2.3993694222846713,-0.03770398704970813,False
3.5325986071733144,11.185135291127654,-0.044904845885046896,-0.7975380026985124,48,-2.3993694222846713,-0.03770462019480502,False
3.5348723353619147,11.18771579355184,-0.042324343460858345,-0.7975380026985124,48,-2.3993694222846713,-0.037445589317074576,False
3.5358540140740344,11.189082301603174,-0.04095783540952577,-0.7975380026985124,48,-2.3993694222846713,-0.03745955657541635,False
3.535976189146149,11.190348773896595,-0.03969136311610595,-0.7975380026985124,48,-2.3993694222846713,-0.03735227963918243,False
3.5363210376829968,11.197277564243205,-0.03276257276949655,-0.7975380026985124,48,-2.3993694222846713,-0.03720449382081059,False
3.536939429550682,11.204217687945457,-0.0258224490672442,-0.7975380026985124,48,-2.3993694222846713,-0.03694293041905392,False
3.5407803098224075,11.208153607151758,-0.021886529860941577,-0.7470862033899839,48,-2.3993694222846713,-0.036672314570024483,False
3.5410516353441452,11.215885416608211,-0.014154720404488534,-0.7470862033899839,48,-2.3993694222846713,-0.036570450640753545,False
3.5414898340368204,11.2190795151689,-0.010960621843799112,-0.7470862033899839,48,-2.3993694222846713,-0.03653938777487889,False
3.5418246852290927,11.220143171012346,-0.009896966000354678,-0.7470862033899839,48,-2.3993694222846713,-0.036562550929112356,False
3.542061165788816,11.22141959420625,-0.008620542806450304,-0.7470862033899839,48,-2.3993694222846713,-0.03656874530582863,False
3.5506067907527235,11.222469672372224,-0.007570464640475185,-0.7470862033899839,48,-2.3993694222846713,-0.036585110348186185,False
3.5603903146440863,11.223548127865154,-0.0064920091475455435,-0.7470862033899839,48,-2.3993694222846713,-0.03660989019336477,False
3.5616961818989905,11.230704598470792,0.000664461458093415,-0.7470862033899839,48,-2.3993694222846713,-0.036505197401207105,False
3.565767809749255,11.232988185632433,0.0029480486197318977,-0.7470862033899839,48,-2.3993694222846713,-0.03628360948123362,False
3.569210642694876,11.240169518331976,0.010129381319278173,-0.7470862033899839,48,-2.3993694222846713,-0.036176499920725115,False
3.5692479309142873,11.260202048204187,0.03016191119148668,-0.7470862033899839,48,-2.3993694222846713,-0.036163535955487304,False
3.569547727397156,11.263794684542962,0.03375454753026058,-0.7470862033899839,48,-2.3993694222846713,-0.035981644193260665,False
3.5701124612062975,11.264736080569916,0.034695943557216564,-0.7470862033899839,48,-2.3993694222846713,-0.035994169533509895,False
3.5755119811521605,11.267358116378484,0.03731797936578414,-0.7470862033899839,48,-2.3993694222846713,-0.03580733345024132,False
3.577261243108842,11.267386561614945,0.03734642460224394,-0.7470862033899839,48,-2.3993694222846713,-0.0358165474727133,False
3.579640680570094,11.268789659634342,0.03874952262164332,-0.7470862033899839,48,-2.3993694222846713,-0.03570154261098823,False
3.5814936197857934,11.270198745214639,0.04015860820193859,-0.7470862033899839,48,-2.3993694222846713,-0.03572310296222057,False
3.58377682342286,11.274405543254478,0.04436540624177677,-0.7390289291537129,48,-2.3993694222846713,-0.035586934188369536,False
3.586697964483965,11.27873286062992,0.04869272361722019,-0.7390289291537129,48,-2.3993694222846713,-0.035316684066572235,False
3.5932367660851354,11.282642078829115,0.052601941816415226,-0.7390289291537129,47,-2.3993694222846713,-0.03515160035073963,False
3.5941549260518433,11.283620189575386,0.05358005256268515,-0.7390289291537129,47,-2.3993694222846713,-0.035166131589356976,False
3.599266757639152,11.292189414784874,0.06214927777217293,-0.7390289291537129,47,-2.3993694222846713,-0.03522304374035109,False
3.6007026127681674,11.293351196238147,0.0633110592254487,-0.7390289291537129,47,-2.3993694222846713,-0.035240827131239154,False
3.6022559298422063,11.29287957926689,0.0628394422541903,-0.7390289291537129,47,-2.3993694222846713,-0.03527109767165589,False
3.608114037804052,11.293833962967385,0.06379382595468583,-0.7390289291537129,47,-2.3993694222846713,-0.035291338681531614,False
3.610169959489242,11.29725711395498,0.06721697694228199,-0.7390289291537129,47,-2.3993694222846713,-0.03508924555879266,False
3.6105158930807897,11.297484267579154,0.06744413056645454,-0.7390289291537129,47,-2.3993694222846713,-0.035114466144427724,False
3.6110427480688423,11.30058472746475,0.07054459045205079,-0.7390289291537129,47,-2.3993694222846713,-0.0348525702201114,False
3.6113571305069097,11.304162072419398,0.07412193540669992,-0.7390289291537129,47,-2.3993694222846713,-0.034658962773627816,False
3.613048022569537,11.311081965893312,0.08104182888061073,-0.7390289291537129,47,-2.3993694222846713,-0.03453169717334911,False
3.6144844663835944,11.319742112201752,0.08970197518905161,-0.7390289291537129,47,-2.3993694222846713,-0.034411669109963794,False
3.6146872150006693,11.327171212440126,0.09713107542742586,-0.7390289291537129,47,-2.3993694222846713,-0.03432986420251726,False
3.6163814640372776,11.334037462454585,0.10399732544188561,-0.6778793948897057,46,-2.3993694222846713,-0.03405216780354621,False
3.622547962565267,11.336114173343969,0.10607403633126894,-0.6778793948897057,46,-2.3993694222846713,-0.03388929906439661,False
3.624783873806835,11.340377917243467,0.1103377802307691,-0.6778793948897057,46,-2.3993694222846713,-0.03359800426839481,False
3.6297664179015943,11.341130290034778,0.11109015302207786,-0.6778793948897057,46,-2.3993694222846713,-0.03352834119578776,False
3.6310053317816604,11.341851928855526,0.11181179184282687,-0.6778793948897057,46,-2.3993694222846713,-0.03354988124627865,False
3.6317557375421226,11.341212584482466,0.11117244746976578,-0.6778793948897057,46,-2.3993694222846713,-0.033584017960347295,False
3.632037556975699,11.3467418144946,0.11670167748189801,-0.6778793948897057,46,-2.3993694222846713,-0.03343918901833513,False
3.6324098090412407,11.348036595287077,0.11799645827437728,-0.6778793948897057,46,-2.3993694222846713,-0.03344856989790429,False
3.634385726378639,11.355619927302495,0.12557979028979627,-0.6778793948897057,46,-2.3993694222846713,-0.03326359326133609,False
3.6354545188388334,11.355601497023583,0.12556136001088325,-0.6778793948897057,46,-2.3993694222846713,-0.03328954351983786,False
3.6378639662906145,11.356677499663071,0.12663736265037148,-0.6778793948897057,46,-2.3993694222846713,-0.033301343470792104,False
3.6395861989347362,11.357581423516496,0.1275412865037967,-0.6778793948897057,46,-2.3993694222846713,-0.03322370104214775,False
3.639670136310051,11.35809689361617,0.12805675660346894,-0.6778793948897057,46,-2.3993694222846713,-0.03323914422082742,False
3.6444843248847945,11.359407277273371,0.1293671402606716,-0.6778793948897057,46,-2.3993694222846713,-0.033245181497702635,False
3.6448246804495605,11.365033542200825,0.13499340518812397,-0.6778793948897057,45,-2.3993694222846713,-0.03305067805486416,False
3.6451626719122463,11.366203273179867,0.13616313616716788,-0.6778793948897057,45,-2.3993694222846713,-0.03296527778390638,False
3.6469722991589535,11.366273601349201,0.13623346433650108,-0.6778793948897057,45,-2.3993694222846713,-0.0329918379276075,False
3.648153249796827,11.335353332218666,0.10531319520596748,-0.6778793948897057,45,-2.3993694222846713,-0.03310417577637578,False
3.6558428198129556,11.335871139157378,0.10583100214467839,-0.6778793948897057,45,-2.3993694222846713,-0.03324457603275051,False
3.6600061161560697,11.33930840130183,0.10926826428912952,-0.6778793948897057,45,-2.3993694222846713,-0.0330529430802486,False
3.667724700689936,11.346545692079902,0.11650555506720137,-0.6778793948897057,45,-2.3993694222846713,-0.032907347445003704,False
3.6715221744019924,11.347636131506077,0.11759599449337557,-0.6778793948897057,45,-2.3993694222846713,-0.032806314878246944,False
3.671528708758664,11.348781669000392,0.11874153198769223,-0.6778793948897057,45,-2.3993694222846713,-0.0328189918210767,False
3.672194954298727,11.348746356345226,0.11870621933252493,-0.6778793948897057,45,-2.3993694222846713,-0.03282766377058352,False
3.672501058760829,11.356515977732663,0.12647584071996254,-0.6778793948897057,44,-2.3993694222846713,-0.03257516746114589,False
3.674852692697894,11.357945744992197,0.12790560797949596,-0.6778793948897057,43,-2.3993694222846713,-0.03245791804920457,False
3.676416152162903,11.360354451925632,0.1303143149129329,-0.6778793948897057,43,-2.3993694222846713,-0.03228690048200184,False
3.680796163786934,11.376184731833032,0.1461445948203322,-0.6778793948897057,43,-2.3993694222846713,-0.032317609933630406,False
3.6814013554939855,11.377939286935232,0.14789914992253242,-0.6778793948897057,43,-2.3993694222846713,-0.03218059831668608,False
3.683186640272592,11.379161683891496,0.14912154687879495,-0.6778793948897057,43,-2.3993694222846713,-0.03218667760783717,False
3.683396829112367,11.381997457185497,0.15195732017279542,-0.6778793948897057,43,-2.3993694222846713,-0.032051957038707626,False
3.6865798019506575,11.385055599277294,0.1550154622645947,-0.6778793948897057,43,-2.3993694222846713,-0.032036782512822756,False
3.69389681967371,11.393400928043954,0.1633607910312538,-0.6778793948897057,43,-2.3993694222846713,-0.03196297008291242,False
3.699007000602207,11.394220655785738,0.164180518773037,-0.6778793948897057,43,-2.3993694222846713,-0.031976884923562036,False
3.6990624632117406,11.395492690917187,0.16545255390448743,-0.6778793948897057,43,-2.3993694222846713,-0.03199321971214683,False
3.7033661972395766,11.396640876465277,0.16660073945257692,-0.6778793948897057,43,-2.3993694222846713,-0.03201282683439697,False
3.7053535237513637,11.397593488751273,0.16755335173857186,-0.6778793948897057,43,-2.3993694222846713,-0.03202827716143518,False
3.7081448340897,11.402643547691136,0.17260341067843585,-0.6778793948897057,43,-2.3993694222846713,-0.03188093393987487,False
3.7116997864233414,11.404961876079222,0.17492173906652128,-0.6778793948897057,43,-2.3993694222846713,-0.03171140385107048,False
3.7117864946113213,11.401776268829767,0.17173613181706845,-0.6778793948897057,43,-2.3993694222846713,-0.03178486317184936,False
3.7143663905431246,11.405671519859679,0.1756313828469807,-0.6778793948897057,42,-2.3993694222846713,-0.03159286148971771,False
3.717710052814826,11.409589173193233,0.17954903618053306,-0.6778793948897057,42,-2.3993694222846713,-0.03134172660047933,False
3.719186206593056,11.420314984074633,0.19027484706193196,-0.6778793948897057,42,-2.3993694222846713,-0.03130316662762435,False
3.7233223292723823,11.421617869183446,0.19157773217074697,-0.6778793948897057,42,-2.3993694222846713,-0.031316795121596276,False
3.732833745401629,11.429165505345972,0.19912536833327318,-0.6778793948897057,42,-2.3993694222846713,-0.031091664854196507,False
3.7333264364887904,11.43005869228505,0.20001855527234924,-0.6778793948897057,42,-2.3993694222846713,-0.031113990494435365,False
3.7396300332536696,11.437722951641312,0.20768281462861332,-0.6778793948897057,42,-2.3993694222846713,-0.03103746935499998,False
3.7430359720253685,11.442491597998707,0.21245146098600684,-0.6778793948897057,42,-2.3993694222846713,-0.030786271265652258,False
3.7460180106213454,11.445048155578196,0.21500801856549603,-0.6778793948897057,42,-2.3993694222846713,-0.03060687585913327,False
3.747815635775847,11.468942685009893,0.23890254799719265,-0.6778793948897057,42,-2.3993694222846713,-0.030627852885088784,False
3.7486144145113443,11.469264657388564,0.2392245203758638,-0.6778793948897057,42,-2.3993694222846713,-0.03064225191427307,False
3.7506213232655004,11.472251062480083,0.242210925467384,-0.6778793948897057,42,-2.3993694222846713,-0.03044746037672509,False
3.75643354322531,11.476446261446421,0.24640612443372187,-0.5890704008373562,42,-2.3993694222846713,-0.030183800821369386,False
3.75732005222892,11.444835031791424,0.2147948947787241,-0.5890704008373562,42,-2.3993694222846713,-0.0303016434675312,False
3.7579139399601376,11.452494649112852,0.2224545121001527,-0.5890704008373562,42,-2.3993694222846713,-0.03019002750046783,False
3.7581143573797697,11.453419991527694,0.22337985451499415,-0.5890704008373562,42,-2.3993694222846713,-0.03020872685639894,False
3.759614781366136,11.454534989355183,0.22449485234248326,-0.5890704008373562,42,-2.3993694222846713,-0.030225521951005096,False
3.7643326720954984,11.456553927481055,0.22651379046835454,-0.5890704008373562,42,-2.3993694222846713,-0.030058504242215164,False
3.766871512021512,11.45743972015842,0.22739958314572015,-0.5890704008373562,42,-2.3993694222846713,-0.0299761121849327,False
3.76935546022452,11.458658322825427,0.2286181858127269,-0.5890704008373562,42,-2.3993694222846713,-0.029985292291634724,False
3.7696368847337656,11.466516756750252,0.23647661973755305,-0.5890704008373562,42,-2.3993694222846713,-0.029909580096075715,False
3.770018883392518,11.466572522337197,0.23653238532449627,-0.5890704008373562,42,-2.3993694222846713,-0.029933151441059968,False
3.7785708747020474,11.471014299825207,0.24097416281250658,-0.5890704008373562,42,-2.3993694222846713,-0.029728546853856175,False
3.7813112323463067,11.471904670332027,0.241864533319327,-0.5890704008373562,42,-2.3993694222846713,-0.029747555814576408,False
3.7813750090384888,11.471039236162435,0.24099909914973433,-0.5890704008373562,42,-2.3993694222846713,-0.029776206037080404,False
3.781454911879306,11.472044499204175,0.24200436219147684,-0.5388072487502318,42,-2.3993694222846713,-0.029702518352768593,False
3.7845634004097657,11.471823067660214,0.24178293064751316,-0.5388072487502318,42,-2.3993694222846713,-0.029726916923248664,False
3.785500555593231,11.474733510912941,0.24469337390024154,-0.5388072487502318,42,-2.3993694222846713,-0.029495839884378327,False
3.785804985665196,11.477758740076766,0.2477186030640646,-0.5388072487502318,42,-2.3993694222846713,-0.029217949273623513,False
3.787439974303588,11.478614181289265,0.24857404427656465,-0.5388072487502318,42,-2.3993694222846713,-0.029241571255072065,False
3.7923700992002813,11.479211646416621,0.24917150940391988,-0.5388072487502318,42,-2.3993694222846713,-0.029261730722506,False
3.7930747396229796,11.478361217077856,0.24832108006515646,-0.5388072487502318,42,-2.3993694222846713,-0.029293320266491195,False
3.7938389708837263,11.485834523895113,0.2557943868824119,-0.5388072487502318,42,-2.3993694222846713,-0.029195283276566543,False
3.796864461397803,11.485702752582068,0.25566261556936687,-0.5388072487502318,42,-2.3993694222846713,-0.02922022065814967,False
3.7997724598259555,11.486747760839078,0.2567076238263788,-0.5388072487502318,42,-2.3993694222846713,-0.02923127843921634,False
3.8098171978283784,11.487950289136357,0.2579101521236576,-0.5388072487502318,42,-2.3993694222846713,-0.029252162840096952,False
3.8176433584805802,11.476113014723769,0.24607287771107045,-0.5388072487502318,42,-2.3993694222846713,-0.02933702617101618,False
3.820574391962557,11.480297329146858,0.25025719213415826,-0.5388072487502318,42,-2.3993694222846713,-0.029193356677004793,False
3.821289372663683,11.466037893895765,0.23599775688306368,-0.5388072487502318,42,-2.3993694222846713,-0.029350168979773068,False
3.822661365810719,11.467200359693113,0.23716022268041226,-0.5388072487502318,42,-2.3993694222846713,-0.02935612542190239,False
3.8233896838384656,11.4714255797368,0.24138544272410223,-0.484198313058426,41,-2.3993694222846713,-0.029097169209128384,False
3.827868940574087,11.47429370839666,0.24425357138396017,-0.484198313058426,41,-2.3993694222846713,-0.029095760465280653,False
3.8279324644860573,11.478138718603732,0.24809858159103138,-0.484198313058426,41,-2.3993694222846713,-0.028931010835844012,False
3.8310335743627886,11.479529990115973,0.24948985310327307,-0.484198313058426,41,-2.3993694222846713,-0.028809596444748325,False
3.831357357497061,11.480649074031149,0.2506089370184492,-0.4801355402749423,41,-2.3993694222846713,-0.028702940932697797,False
3.83194081862421,11.48195712552282,0.2519169885101192,-0.4801355402749423,41,-2.3993694222846713,-0.028597172661119382,False
3.8336791277718976,11.48436358866021,0.25432345164751124,-0.4801355402749423,40,-2.3993694222846713,-0.028452928009963286,False
3.8413809762752646,11.485389527484465,0.2553493904717642,-0.4801355402749423,40,-2.3993694222846713,-0.0284654973589285,False
3.841763771139209,11.494375496892967,0.2643353598802671,-0.4801355402749423,40,-2.3993694222846713,-0.028416929159939736,False
3.8445112674888677,11.49818120805847,0.2681410710457696,-0.4801355402749423,40,-2.3993694222846713,-0.028239615380700765,False
3.8445853514025914,11.502598261747618,0.27255812473491925,-0.4801355402749423,40,-2.3993694222846713,-0.0281160216411259,False
3.8450050799650097,11.512268354969835,0.2822282179571355,-0.4801355402749423,39,-2.3993694222846713,-0.028037899060278027,False
3.8462835892843033,11.52052146490706,0.2904813278943616,-0.4801355402749423,39,-2.3993694222846713,-0.027994018112236018,False
3.847310304924897,11.522967256994376,0.2929271199816745,-0.4801355402749423,39,-2.3993694222846713,-0.027777729794446437,False
3.8516167603913316,11.523551881724616,0.29351174471191704,-0.4801355402749423,39,-2.3993694222846713,-0.027793567823799683,False
3.8517551531859833,11.523711229211324,0.29367109219862314,-0.4801355402749423,39,-2.3993694222846713,-0.027806936402844075,False
3.85871450169497,11.49981852138106,0.2697783843683602,-0.4801355402749423,39,-2.3993694222846713,-0.027925673156258723,False
3.8592723673867915,11.500667600579586,0.2706274635668855,-0.4801355402749423,39,-2.3993694222846713,-0.027940255479492193,False
3.87192034539107,11.518236229344263,0.28819609233156274,-0.4801355402749423,39,-2.3993694222846713,-0.028002326263896645,False
3.8732978489144285,11.522942236563221,0.2929020995505231,-0.4801355402749423,39,-2.3993694222846713,-0.027750882717313914,False
3.8782651384693696,11.530652679425373,0.300612542412672,-0.4801355402749423,38,-2.3993694222846713,-0.027636534055502437,False
3.880357530991021,11.538170038135899,0.3081299011231991,-0.4801355402749423,38,-2.3993694222846713,-0.02739420025815796,False
3.8815185979075295,11.544250756472428,0.3142106194597267,-0.4801355402749423,38,-2.3993694222846713,-0.027227364536346558,False
3.887511877840421,11.550220040526696,0.32017990351399683,-0.4801355402749423,38,-2.3993694222846713,-0.027113881202702254,False
3.8877381336532526,11.55134236438328,0.32130222737058217,-0.4801355402749423,38,-2.3993694222846713,-0.02712960863512684,False
3.891362194016612,11.552320868305282,0.32228073129258195,-0.4801355402749423,38,-2.3993694222846713,-0.02714843585414157,False
3.8921301305345177,11.555093640903031,0.32505350389033005,-0.4801355402749423,38,-2.3993694222846713,-0.02688348509980035,False
3.8995045770998495,11.557925276550328,0.32788513953763015,-0.4801355402749423,38,-2.3993694222846713,-0.02670406148427729,False
3.8998432020629443,11.558778950519565,0.32873881350686596,-0.4801355402749423,37,-2.3993694222846713,-0.02663478987144501,False
3.9004770159826356,11.560286727772995,0.33024659076029694,-0.4801355402749423,37,-2.3993694222846713,-0.02652226548309945,False
3.900996564015266,11.565658862918497,0.3356187259057974,-0.4801355402749423,37,-2.3993694222846713,-0.026399281200710997,False
3.9013540648584013,11.574035302737657,0.34399516572495725,-0.4801355402749423,36,-2.3993694222846713,-0.026253735012005116,False
3.901497774107322,11.577715821606592,0.3476756845938922,-0.4801355402749423,36,-2.3993694222846713,-0.02606566354997142,False
3.9043312446136453,11.578851932448197,0.34881179543549584,-0.4801355402749423,36,-2.3993694222846713,-0.026074621562434848,False
3.9103628733018456,11.580081134371595,0.3500409973588954,-0.4801355402749423,36,-2.3993694222846713,-0.026087833924562785,False
3.910796029895649,11.580973798192781,0.35093366118008057,-0.4801355402749423,36,-2.3993694222846713,-0.026019932541458086,False
3.9109641837891904,11.590125213464853,0.3600850764521531,-0.4801355402749423,36,-2.3993694222846713,-0.026013802669368168,False
3.914581353182407,11.59828571526042,0.3682455782477196,-0.37522380201357564,36,-2.3993694222846713,-0.025963267063941524,False
3.9172627555802424,11.583653171315014,0.3536130343023139,-0.37522380201357564,36,-2.3993694222846713,-0.02605533383871625,False
3.9178847630370504,11.584714623925487,0.3546744869127892,-0.37522380201357564,36,-2.3993694222846713,-0.026071157789552584,False
3.9205519927233525,11.585037969540856,0.35499783252815625,-0.37522380201357564,36,-2.3993694222846713,-0.026080870206887524,False
3.922663455235232,11.611788784931175,0.38174864791847507,-0.37522380201357564,36,-2.3993694222846713,-0.026129505627517785,False
3.925647015616827,11.61249876633122,0.38245862931851904,-0.37522380201357564,36,-2.3993694222846713,-0.026150938133633516,False
3.927160845454045,11.620693382451803,0.39065324543910207,-0.37522380201357564,36,-2.3993694222846713,-0.02596263227448016,False
3.9287826712858758,11.620583114546331,0.39054297753363165,-0.37522380201357564,36,-2.3993694222846713,-0.02598465607433736,False
3.9323000628136686,11.620171526395712,0.39013138938301095,-0.37522380201357564,36,-2.3993694222846713,-0.026007573118971675,False
3.937382521811748,11.623537513070863,0.39349737605816154,-0.37522380201357564,36,-2.3993694222846713,-0.0257528544443678,False
3.9391825420827287,11.624911432492949,0.3948712954802507,-0.37522380201357564,36,-2.3993694222846713,-0.02564044009318817,False
3.940320214226985,11.633555875321736,0.4035157383090353,-0.37522380201357564,36,-2.3993694222846713,-0.025428965800001663,False
3.945396312170808,11.633232947523322,0.4031928105106228,-0.37522380201357564,36,-2.3993694222846713,-0.025452348145676856,False
3.9489690725151534,11.633261050075498,0.4032209130627984,-0.37522380201357564,36,-2.3993694222846713,-0.025464719167720563,False
3.953127543191258,11.633730490041573,0.4036903530288736,-0.37522380201357564,36,-2.3993694222846713,-0.025483567954171796,False
3.95337421621044,11.635974865375607,0.4059347283629054,-0.37522380201357564,36,-2.3993694222846713,-0.025323521138477655,False
3.953779571182292,11.63493477303502,0.40489463602232084,-0.37522380201357564,36,-2.3993694222846713,-0.02535270036084001,False
3.954793052293857,11.6357545982021,0.4057144611893996,-0.37522380201357564,36,-2.3993694222846713,-0.02537051746460969,False
3.9574748515165648,11.640414402765812,0.4103742657531126,-0.37522380201357564,36,-2.3993694222846713,-0.025093026358260467,False
3.958185725249818,11.643379061794317,0.4133389247816175,-0.37522380201357564,36,-2.3993694222846713,-0.024970885304389102,False
3.9599718564222943,11.644476768493089,0.41443663148039017,-0.37522380201357564,36,-2.3993694222846713,-0.024976709976414716,False
3.9600875926672257,11.648210252731312,0.4181701157186117,-0.37522380201357564,36,-2.3993694222846713,-0.02480225902219887,False
3.9601465996386658,11.646989034017952,0.4169488970052525,-0.37522380201357564,36,-2.3993694222846713,-0.02482928033123166,False
3.961084562153144,11.647997537764454,0.4179574007517545,-0.37522380201357564,36,-2.3993694222846713,-0.02483963700158306,False
3.964602224849609,11.65062547046105,0.42058533344835114,-0.37522380201357564,36,-2.3993694222846713,-0.02484974383267816,False
3.9692415827166347,11.659212308843761,0.4291721718310626,-0.37522380201357564,36,-2.3993694222846713,-0.024803583840330386,False
3.970912013585454,11.667262544623394,0.4372224076106959,-0.37522380201357564,36,-2.3993694222846713,-0.024732673956440552,False
3.9813330008966776,11.675733194107496,0.4456930570947953,-0.31956116664112155,36,-2.3993694222846713,-0.024656666922625005,False
3.98238128597406,11.656570243301665,0.426530106288964,-0.31956116664112155,36,-2.3993694222846713,-0.024823150875275212,False
3.9836608856783955,11.666216876227631,0.4361767392149328,-0.3020208967703395,36,-2.3993694222846713,-0.024796513028434653,False
3.986581577858049,11.670444881480801,0.4404047444681013,-0.3020208967703395,36,-2.3993694222846713,-0.024624829515113387,False
3.995163146728729,11.670566713255695,0.44052657624299607,-0.3020208967703395,36,-2.3993694222846713,-0.024645672805132402,False
3.9964874089226408,11.67477201436374,0.44473187735104,-0.3020208967703395,35,-2.3993694222846713,-0.024409196554674127,False
4.00916203162054,11.675674450027447,0.4456343130147479,-0.3020208967703395,35,-2.3993694222846713,-0.024421399881999234,False
4.010104948647548,11.661541623543808,0.4315014865311081,-0.3020208967703395,35,-2.3993694222846713,-0.024517399178829575,False
4.01038819566277,11.66252156778858,0.4324814307758811,-0.3020208967703395,35,-2.3993694222846713,-0.02444183482947428,False
4.01175628971017,11.663263253195364,0.4332231161826644,-0.3020208967703395,35,-2.3993694222846713,-0.024455594117541585,False
4.014905082506172,11.665863203009483,0.43582306599678305,-0.3020208967703395,35,-2.3993694222846713,-0.02429107817628666,False
4.01836967844083,11.666470389781692,0.4364302527689915,-0.3020208967703395,35,-2.3993694222846713,-0.024313555003433386,False
4.0207772659164664,11.6683603451645,0.43832020815179923,-0.3020208967703395,35,-2.3993694222846713,-0.02418038337950314,False
4.023659558090813,11.669615158387337,0.43957502137463755,-0.3020208967703395,35,-2.3993694222846713,-0.024095514184484888,False
4.023809171624642,11.674754874647556,0.44471473763485625,-0.3020208967703395,35,-2.3993694222846713,-0.02386584408033868,False
4.030679764772504,11.677925884062905,0.44788574705020423,-0.3020208967703395,34,-2.3993694222846713,-0.023683136969575597,False
4.036878976308834,11.67897479399451,0.44893465698181,-0.3020208967703395,34,-2.3993694222846713,-0.02369185315008096,False
4.042036411110714,11.679937486727008,0.44989734971430734,-0.3020208967703395,34,-2.3993694222846713,-0.023712038017712222,False
4.049706955238479,11.684400799970938,0.45436066295823907,-0.3020208967703395,34,-2.3993694222846713,-0.023590634063704267,False
4.051822522802817,11.685579679923544,0.4555395429108446,-0.3020208967703395,34,-2.3993694222846713,-0.02348947885577351,False
4.052281529011256,11.686394195778893,0.4563540587661934,-0.3020208967703395,34,-2.3993694222846713,-0.02341820765725156,False
4.0559798459485865,11.687945989660752,0.4579058526480518,-0.3020208967703395,34,-2.3993694222846713,-0.0233039515060193,False
4.058519352702494,11.690705317008499,0.46066517999579915,-0.3020208967703395,34,-2.3993694222846713,-0.023131386928486784,False
4.06059253521184,11.708579737980108,0.47853960096740883,-0.3020208967703395,34,-2.3993694222846713,-0.023218555910858023,False
4.064410560046601,11.713380528595806,0.4833403915831051,-0.3020208967703395,33,-2.3993694222846713,-0.02303497558141446,False
4.070818984850554,11.713336915173267,0.4832967781605687,-0.3020208967703395,33,-2.3993694222846713,-0.023061250290486845,False
4.074889854680528,11.714339016167889,0.48429887915519054,-0.3020208967703395,33,-2.3993694222846713,-0.023076128033100222,False
4.076181329739107,11.715298795838743,0.4852586588260441,-0.3020208967703395,33,-2.3993694222846713,-0.023091222131416244,False
4.077469405937936,11.726065248378045,0.49602511136534555,-0.3020208967703395,33,-2.3993694222846713,-0.023052865989762753,False
4.078114894530364,11.725480770316723,0.4954406333040244,-0.3020208967703395,33,-2.3993694222846713,-0.023074370645404373,False
4.078480141243351,11.726280832299862,0.4962406952871619,-0.3020208967703395,33,-2.3993694222846713,-0.023092360572610354,False
4.080176898656431,11.730313867268356,0.5002737302556552,-0.3020208967703395,33,-2.3993694222846713,-0.02293297207696653,False
4.080410612575808,11.739491710854226,0.5094515738415268,-0.3020208967703395,33,-2.3993694222846713,-0.02292468884898516,False
4.0853595227997594,11.748112709603943,0.5180725725912421,-0.23521743060312694,33,-2.3993694222846713,-0.022897287730198612,False
4.086178921631274,11.747845774545363,0.5178056375326631,-0.23521743060312694,33,-2.3993694222846713,-0.02291786007022876,False
4.088275844992777,11.755941581972245,0.5259014449595452,-0.23521743060312694,33,-2.3993694222846713,-0.02283375736494283,False
4.091477067198996,11.761634520993125,0.5315943839804261,-0.23521743060312694,33,-2.3993694222846713,-0.022734603968610552,False
4.092014837318223,11.761135997145718,0.5310958601330196,-0.23521743060312694,33,-2.3993694222846713,-0.022756501031568396,False
4.092382956595794,11.781714910814994,0.5516747738022939,-0.23521743060312694,33,-2.3993694222846713,-0.022826372534525866,False
4.092679648865496,11.785815714998908,0.5557755779862086,-0.23521743060312694,32,-2.3993694222846713,-0.022680347358574417,False
4.094649052478887,11.786845038854796,0.556804901842098,-0.23521743060312694,32,-2.3993694222846713,-0.022686030818692818,False
4.09532627069896,11.774242744741787,0.5442026077290872,-0.23521743060312694,32,-2.3993694222846713,-0.022782927467404433,False
4.096097657914914,11.776588170656098,0.5465480336433981,-0.23521743060312694,32,-2.3993694222846713,-0.02280229780662362,False
4.096171208081944,11.777736053395445,0.5476959163827446,-0.23521743060312694,32,-2.3993694222846713,-0.022815053533244044,False
4.099680025240762,11.780246874633262,0.5502067376205636,-0.23521743060312694,32,-2.3993694222846713,-0.02265436451988323,False
4.09998733316801,11.785887331092056,0.5558471940793563,-0.23521743060312694,32,-2.3993694222846713,-0.022675703730377878,False
4.111602044643864,11.790492763303762,0.5604526262910615,-0.23521743060312694,32,-2.3993694222846713,-0.022565759326310553,False
4.112644308461209,11.790833359797718,0.5607932227850185,-0.23521743060312694,32,-2.3993694222846713,-0.022583366906909666,False
4.11323759236051,11.789628908469783,0.5595887714570846,-0.23521743060312694,32,-2.3993694222846713,-0.02261027796191359,False
4.113842898563148,11.794177042263625,0.5641369052509256,-0.1714098283587968,32,-2.3993694222846713,-0.022351633336643018,False
4.11506506625754,11.79869609913364,0.5686559621209405,-0.08899022737584206,32,-2.3993694222846713,-0.02210840081824686,False
4.117593096086192,11.799216795057125,0.5691766580444263,-0.08899022737584206,32,-2.3993694222846713,-0.022128896776736386,False
4.118116085981461,11.80809408185312,0.5780539448404215,-0.08899022737584206,32,-2.3993694222846713,-0.021975888910096653,False
4.118681927540376,11.818408355927993,0.588368218915294,-0.08899022737584206,32,-2.3993694222846713,-0.02196762899189729,False
4.118759375710884,11.820573481519967,0.5905333445072671,-0.08899022737584206,32,-2.3993694222846713,-0.02180396289407436,False
4.1202666933691185,11.827129198496321,0.59708906148362,-0.08899022737584206,32,-2.3993694222846713,-0.021665555284439884,False
4.121161952376469,11.8280963131622,0.5980561761495015,-0.08899022737584206,32,-2.3993694222846713,-0.02167525186717623,False
4.127843981002836,11.82884039663031,0.5988002596176107,-0.08899022737584206,32,-2.3993694222846713,-0.02169192524710025,False
4.137640552956222,11.831449248323127,0.6014091113104275,-0.08899022737584206,32,-2.3993694222846713,-0.021483955930256347,False
4.137646802864317,11.829925373668557,0.599885236655857,-0.08899022737584206,32,-2.3993694222846713,-0.021509355693618542,False
4.138082318799741,11.811762943045503,0.5817228060328032,-0.08899022737584206,32,-2.3993694222846713,-0.021679694177339365,False
4.143751537440503,11.820407074177888,0.5903669371651891,-0.08899022737584206,32,-2.3993694222846713,-0.021633682092889805,False
4.144901486346353,11.823669499083394,0.5936293620706945,-0.08899022737584206,32,-2.3993694222846713,-0.02135409410706238,False
4.145344040969815,11.82680905021876,0.5967689132060603,-0.08899022737584206,32,-2.3993694222846713,-0.021129199651542377,False
4.146162703324194,11.833212594551265,0.6031724575385641,-0.08899022737584206,31,-2.3993694222846713,-0.021046963080156366,False
4.15033269413405,11.841428730344237,0.6113885933315383,-0.08899022737584206,31,-2.3993694222846713,-0.02084256501781157,False
4.162229027574192,11.84206144437844,0.6120213073657418,-0.08899022737584206,31,-2.3993694222846713,-0.020855543738849597,False
4.163115942001525,11.844620145603887,0.614580008591187,-0.08899022737584206,31,-2.3993694222846713,-0.020719780550819036,False
4.16432693339164,11.845579454107844,0.6155393170951438,-0.08899022737584206,31,-2.3993694222846713,-0.020639129028931814,False
4.166583704149032,11.846538143734099,0.6164980067213984,-0.08899022737584206,31,-2.3993694222846713,-0.020647585528208844,False
4.1667638346697835,11.855897949348005,0.6258578123353038,-0.08899022737584206,31,-2.3993694222846713,-0.02062828891266146,False
4.169126863996767,11.861006536182252,0.630966399169552,-0.08899022737584206,30,-2.3993694222846713,-0.020399832102299675,False
4.174093014594363,11.86178592622617,0.6317457892134706,-0.08899022737584206,30,-2.3993694222846713,-0.02041147120450461,False
4.1742696832601744,11.871029032483873,0.6409888954711733,-0.08899022737584206,30,-2.3993694222846713,-0.02030549033221853,False
4.183319178657736,11.872115226187141,0.6420750891744416,-0.08899022737584206,30,-2.3993694222846713,-0.020233942541970088,False
4.19327841135646,11.873618149271634,0.6435780122589324,-0.08899022737584206,30,-2.3993694222846713,-0.020117218724810256,False
4.202877778700821,11.877562178538225,0.6475220415255266,-0.08899022737584206,29,-2.3993694222846713,-0.019945796516936648,False
4.205311036045846,11.886930256948046,0.6568901199353461,-0.08899022737584206,29,-2.3993694222846713,-0.01990352574038814,False
4.213699284073684,11.89654722594711,0.6665070889344099,-0.08899022737584206,29,-2.3993694222846713,-0.019735061662865684,False
4.221498871531991,11.89581032143943,0.6657701844267314,-0.08899022737584206,29,-2.3993694222846713,-0.01975522205836837,False
4.221766209721962,11.897842482269029,0.6678023452563308,-0.08899022737584206,29,-2.3993694222846713,-0.01978170360698425,False
4.226272453388491,11.89880101749771,0.6687608804850111,-0.08899022737584206,29,-2.3993694222846713,-0.01978723619826176,False
4.230037488181435,11.899739070139422,0.6696989331267208,-0.08899022737584206,29,-2.3993694222846713,-0.01980119849799936,False
4.23620604377288,11.89908400333492,0.6690438663222206,-0.08899022737584206,29,-2.3993694222846713,-0.019821681246620503,False
4.23621953656163,11.900697580391945,0.670657443379245,-0.08899022737584206,29,-2.3993694222846713,-0.019712841719371318,False
4.2391522941039215,11.90374560708898,0.6737054700762809,-0.08899022737584206,28,-2.3993694222846713,-0.019543642462163138,False
4.241608323518593,11.903334776106272,0.673294639093571,-0.08899022737584206,28,-2.3993694222846713,-0.01956285318386775,False
4.2417650232713875,11.906413482054909,0.676373345042208,-0.08899022737584206,28,-2.3993694222846713,-0.019454799486201768,False
4.245312155658044,11.907823413466753,0.6777832764540542,-0.08899022737584206,28,-2.3993694222846713,-0.019350239380872172,False
4.245552330144852,11.921606207872747,0.6915660708600471,-0.08899022737584206,28,-2.3993694222846713,-0.019456250868035225,False
4.245965366385216,11.932572179607227,0.7025320425945277,-0.08899022737584206,28,-2.3993694222846713,-0.0194627682269109,False
4.250813897758655,11.94158155451609,0.7115414175033908,-0.08899022737584206,28,-2.3993694222846713,-0.019455216575699066,False
4.251871607868209,11.941924145096255,0.7118840080835538,-0.08899022737584206,28,-2.3993694222846713,-0.01947655973164654,False
4.255612766964594,11.938637219274378,0.7085970822616778,-0.08899022737584206,28,-2.3993694222846713,-0.019561484090846556,False
4.263306396228388,11.939427338322178,0.7093872013094787,-0.08899022737584206,28,-2.3993694222846713,-0.019575918462833703,False
4.263765670979001,11.940046561387046,0.7100064243743458,-0.08899022737584206,28,-2.3993694222846713,-0.019593050271567377,False
4.2652200549058135,11.944625112504353,0.7145849754916518,-0.08899022737584206,28,-2.3993694222846713,-0.01944386630162324,False
4.2703125509451745,11.944839000100949,0.7147988630882499,-0.08899022737584206,28,-2.3993694222846713,-0.01946030047701663,False
4.270841396055639,11.943497729196247,0.713457592183548,-0.08899022737584206,28,-2.3993694222846713,-0.019485087152813604,False
4.270881956291169,11.946464303822108,0.7164241668094087,-0.08899022737584206,28,-2.3993694222846713,-0.019218339359430972,False
4.271312386045728,11.950509413923209,0.7204692769105095,-0.06010461211006746,27,-2.3993694222846713,-0.019063950347399074,False
4.276828864253949,11.951207070363076,0.7211669333503754,-0.06010461211006746,27,-2.3993694222846713,-0.01908340258674522,False
4.278359748169173,11.957214669505504,0.7271745324928043,-0.06010461211006746,27,-2.3993694222846713,-0.01900684414384799,False
4.27898068219283,11.960859972089624,0.7308198350769248,-0.06010461211006746,27,-2.3993694222846713,-0.018763878515012506,False
4.279285254104672,11.96560326556671,0.7355631285540116,-0.06010461211006746,27,-2.3993694222846713,-0.01866483155481605,False
4.279395738511363,11.966524839302435,0.736484702289736,-0.06010461211006746,27,-2.3993694222846713,-0.018673908045823865,False
4.279496187252743,11.967586834668484,0.7375466976557853,-0.06010461211006746,27,-2.3993694222846713,-0.018686137844481584,False
4.282641883092732,11.972087059822117,0.742046922809417,-0.06010461211006746,27,-2.3993694222846713,-0.018467475649464417,False
4.284682826689788,11.972619477405267,0.7425793403925667,-0.06010461211006746,27,-2.3993694222846713,-0.018511043724611667,False
4.287428581424464,11.956899252825762,0.7268591158130626,-0.06010461211006746,28,-2.3993694222846713,-0.018680429366515327,False
4.296463323669607,11.965208989111426,0.7351688520987263,-0.06010461211006746,28,-2.3993694222846713,-0.018624513991190736,False
4.297199229248786,11.966427373103327,0.7363872360906271,-0.06010461211006746,28,-2.3993694222846713,-0.01851554229212734,False
4.2997687945666065,11.96709202324535,0.73705188623265,-0.06010461211006746,28,-2.3993694222846713,-0.018531125473372875,False
4.300523234948617,11.96950907184649,0.73946893483379,-0.06010461211006746,28,-2.3993694222846713,-0.01837595484219825,False
4.303896259313421,11.979095903076157,0.7490557660634575,0.005177167225771662,28,-2.3993694222846713,-0.018255771187863475,False
4.306668460085622,11.984177309535339,0.7541371725226388,0.005177167225771662,28,-2.3993694222846713,-0.01799761771291437,False
4.308149031327408,11.984510250488283,0.754470113475583,0.005177167225771662,28,-2.3993694222846713,-0.0180171302570312,False
4.309839631155118,11.993752272847148,0.763712135834449,0.05060070974263464,28,-2.3993694222846713,-0.017991786378868793,False
4.3101591672710695,11.9942767107538,0.7642365737411007,0.05060070974263464,28,-2.3993694222846713,-0.018004024522198517,False
4.310472080023779,12.006164964780057,0.7761248277673566,0.05060070974263464,28,-2.3993694222846713,-0.018001923818497606,False
4.31162944041515,12.011689276793392,0.7816491397806928,0.05060070974263464,27,-2.3993694222846713,-0.01779679653169444,False
4.312674806942047,12.009925993826746,0.7798858568140464,0.05060070974263464,27,-2.3993694222846713,-0.01782059681884421,False
4.315815282241714,12.020137282708129,0.7900971456954291,0.05060070974263464,27,-2.3993694222846713,-0.017844396800019285,False
4.3169555149803305,12.024393640148626,0.7943535031359269,0.05060070974263464,27,-2.3993694222846713,-0.01770394880956647,False
4.317642719211378,12.027745002364961,0.7977048653522608,0.05060070974263464,27,-2.3993694222846713,-0.017535406712161847,False
4.32342931557032,12.028671165484937,0.7986310284722373,0.05060070974263464,27,-2.3993694222846713,-0.017468548515681942,False
4.33549982246569,12.02933013629527,0.7992899992825712,0.05060070974263464,27,-2.3993694222846713,-0.01747949185524559,False
4.335541415468145,12.030275844065574,0.8002357070528754,0.05060070974263464,27,-2.3993694222846713,-0.017411596614847348,False
4.34111734219649,12.031978088411618,0.8019379513989173,0.05060070974263464,27,-2.3993694222846713,-0.017443213688476573,False
4.357780239219338,12.037151227025506,0.8071110900128066,0.05060070974263464,27,-2.3993694222846713,-0.01728289069490973,False
4.359456860956354,12.044198849899464,0.8141587128867654,0.05060070974263464,27,-2.3993694222846713,-0.017172616364760196,False
4.360942258184393,12.054356777984319,0.8243166409716186,0.09806393352132581,27,-2.3993694222846713,-0.017176884291899577,False
4.36198691803078,12.0534898520842,0.8234497150714997,0.09806393352132581,27,-2.3993694222846713,-0.017195767106020336,False
4.362460746237049,12.057847199760563,0.8278070627478642,0.09806393352132581,27,-2.3993694222846713,-0.017069393365414243,False
4.364867016264566,12.069409058063247,0.839368921050548,0.09806393352132581,27,-2.3993694222846713,-0.01708722922147608,False
4.369940358926123,12.07220565832428,0.8421655213115801,0.09806393352132581,26,-2.3993694222846713,-0.016931813707551115,False
4.373001120261488,12.073690443808673,0.8436503067959726,0.09806393352132581,26,-2.3993694222846713,-0.016815297773531905,False
4.376943342708648,12.075718341216666,0.8456782042039667,0.09806393352132581,26,-2.3993694222846713,-0.01668768623324494,False
4.377499352663332,12.074928071769785,0.8448879347570842,0.09806393352132581,26,-2.3993694222846713,-0.016706825647504923,False
4.382768867390867,12.075798572917167,0.8457584359044665,0.09806393352132581,26,-2.3993694222846713,-0.01671990739059036,False
4.383022853434648,12.078767020565811,0.8487268835531103,0.09806393352132581,26,-2.3993694222846713,-0.016556437325727324,False
4.383356722752964,12.0835310494809,0.8534909124682014,0.09806393352132581,26,-2.3993694222846713,-0.016460810339760115,False
4.394515756065555,12.082991631920947,0.8529514949082482,0.09806393352132581,26,-2.3993694222846713,-0.016478743861013015,False
4.40352436904144,12.084049294696332,0.8540091576836314,0.09806393352132581,26,-2.3993694222846713,-0.016406279241734715,False
4.406038202408556,12.090861308555581,0.8608211715428808,0.09806393352132581,26,-2.3993694222846713,-0.01635394261250017,False
4.409849367202459,12.100133838124112,0.8700937011114127,0.09806393352132581,26,-2.3993694222846713,-0.01636274859824839,False
4.411080590934277,12.079223170399294,0.8491830333865944,0.09806393352132581,26,-2.3993694222846713,-0.016457058208549508,False
4.4142385909315776,12.084036411152137,0.8539962741394379,0.09806393352132581,26,-2.3993694222846713,-0.016233084142708118,False
4.424702955421448,12.092991750421556,0.8629516134088564,0.09806393352132581,26,-2.3993694222846713,-0.016067339023763092,False
4.425563474376802,12.09308381169112,0.8630436746784196,0.09806393352132581,26,-2.3993694222846713,-0.016082665856377507,False
4.425580902467738,12.09601514794712,0.8659750109344202,0.09806393352132581,26,-2.3993694222846713,-0.016201650279026505,False
4.426023895551471,12.094565297941848,0.8645251609291502,0.09806393352132581,26,-2.3993694222846713,-0.016224455650776026,False
4.42652172264542,12.095905719098692,0.8658655820859913,0.09806393352132581,26,-2.3993694222846713,-0.01614101327407098,False
4.428539766983933,12.106256570016455,0.8762164330037546,0.09806393352132581,26,-2.3993694222846713,-0.01612952766025783,False
4.4295511451188325,12.092938236979881,0.8628980999671803,0.09806393352132581,26,-2.3993694222846713,-0.01629415447766429,False
4.435215051768189,12.093810937836839,0.8637708008241393,0.09806393352132581,26,-2.3993694222846713,-0.016302649274015445,False
4.435403210652837,12.096581767773387,0.8665416307606862,0.09806393352132581,26,-2.3993694222846713,-0.016105812341735415,False
4.44634150979249,12.097024501664997,0.866984364652296,0.09806393352132581,26,-2.3993694222846713,-0.016122071643231012,False
4.44797730843645,12.097644718322915,0.8676045813102143,0.09806393352132581,26,-2.3993694222846713,-0.016135820956225247,False
4.4514117810902,12.107817458452304,0.877777321439605,0.09806393352132581,26,-2.3993694222846713,-0.016067703823877306,False
4.455061187542755,12.108236410929472,0.8781962739167714,0.09806393352132581,26,-2.3993694222846713,-0.016079238570159117,False
4.45620823391324,12.109505410265665,0.8794652732529662,0.09806393352132581,26,-2.3993694222846713,-0.015979218145170993,False
4.4600952601514745,12.11047912138418,0.8804389843714813,0.09806393352132581,26,-2.3993694222846713,-0.01599090298568763,False
4.460454094819797,12.11678934179301,0.8867492047803093,0.09806393352132581,26,-2.3993694222846713,-0.01593512819537102,False
4.461410368013742,12.11846684790833,0.8884267108956297,0.18193923928735156,26,-2.3993694222846713,-0.015825678715576635,False
4.463913385035417,12.11393206532939,0.8838919283166919,0.18193923928735156,26,-2.3993694222846713,-0.015886342449082623,False
4.467408171013632,12.123756757488193,0.8937166204754919,0.18193923928735156,26,-2.3993694222846713,-0.015877686436407273,False
4.4698970420304756,12.124339860452405,0.8942997234397062,0.18193923928735156,26,-2.3993694222846713,-0.015892235601118836,False
4.472740904034089,12.129874696700075,0.8998345596873747,0.18193923928735156,26,-2.3993694222846713,-0.015690069000523745,False
4.482373130434574,12.140181010177452,0.9101408731647536,0.18193923928735156,26,-2.3993694222846713,-0.01559886799344151,False
4.48417557079461,12.138247009591185,0.9082068725784839,0.18193923928735156,26,-2.3993694222846713,-0.01562110561096803,False
4.486432248066502,12.138319846347715,0.9082797093350164,0.18193923928735156,26,-2.3993694222846713,-0.015641326227880253,False
4.489913414911744,12.143234971522945,0.9131948345102449,0.3802322742700772,26,-2.3993694222846713,-0.015392322158219627,False
4.491024627625846,12.15391361874908,0.9238734817363795,0.3802322742700772,26,-2.3993694222846713,-0.015266933039703551,False
4.491276528390011,12.156225226493333,0.9261850894806354,0.3802322742700772,26,-2.3993694222846713,-0.015108880934555566,False
4.493205886134294,12.156769556551028,0.9267294195383279,0.3802322742700772,26,-2.3993694222846713,-0.015118956561351952,False
4.4963876268022585,12.15692262725831,0.9268824902456106,0.3802322742700772,26,-2.3993694222846713,-0.015137475921206267,False
4.50154241076052,12.165151286128078,0.9351111491153781,0.3802322742700772,26,-2.3993694222846713,-0.01510689326012123,False
4.505720608451684,12.167860564441991,0.9378204274292921,0.3802322742700772,26,-2.3993694222846713,-0.014981192857728136,False
4.5077807393823655,12.168738476784563,0.9386983397718633,0.3802322742700772,26,-2.3993694222846713,-0.014909156070089776,False
4.507916424816725,12.17375909916989,0.9437189621571913,0.3802322742700772,26,-2.3993694222846713,-0.0148318580158671,False
4.512541503383667,12.176470198727152,0.9464300617144527,0.3802322742700772,26,-2.3993694222846713,-0.014683144480339937,False
4.512802166436718,12.176887916545876,0.9468477795331763,0.3802322742700772,26,-2.3993694222846713,-0.014701828196088767,False
4.512939497744787,12.181098908836729,0.9510587718240295,0.3802322742700772,26,-2.3993694222846713,-0.014549061403104094,False
4.522736422602224,12.184604767771027,0.9545646307583269,0.3802322742700772,26,-2.3993694222846713,-0.014272321244284214,False
4.524183452813355,12.187979809662897,0.9579396726501987,0.3802322742700772,26,-2.3993694222846713,-0.014057683454338745,False
4.5325750747561955,12.188780519685636,0.9587403826729348,0.3802322742700772,26,-2.3993694222846713,-0.014069922537781167,False
4.532771269953611,12.191954091500095,0.961913954487396,0.3802322742700772,26,-2.3993694222846713,-0.013976921902212981,False
4.542552355321363,12.204817891416946,0.9747777544042472,0.3802322742700772,26,-2.3993694222846713,-0.014006558023755049,False
4.544393687650633,12.204166864372349,0.9741267273596478,0.3802322742700772,26,-2.3993694222846713,-0.014023293116721767,False
4.548893060901185,12.209113064624367,0.9790729276116663,0.3802322742700772,26,-2.3993694222846713,-0.013897995176218083,False
4.55054501761155,12.220049726288078,0.990009589275378,0.3802322742700772,26,-2.3993694222846713,-0.01392215758021482,False
4.551193633349346,12.23139899144059,1.0013588544278909,0.5416792716518977,26,-2.3993694222846713,-0.013973660002313905,False
4.553393055207933,12.235871210274503,1.0058310732618034,0.5416792716518977,26,-2.3993694222846713,-0.01385253475517933,False
4.5615122870540485,12.245208117737256,1.0151679807245568,0.5416792716518977,26,-2.3993694222846713,-0.013874209655249962,False
4.56370079387623,12.233946420222217,1.003906283209517,0.5416792716518977,26,-3.119358183314205,-0.014031201979430594,False
4.574117246804329,12.235563233113345,1.0055230961006438,0.5416792716518977,26,-3.119358183314205,-0.013920865497504984,False
4.574638393061648,12.24036311065757,1.0103229736448704,0.5416792716518977,26,-3.119358183314205,-0.013722488516821462,False
4.577874879529406,12.240340631870573,1.0103004948578747,0.5416792716518977,26,-3.119358183314205,-0.013736771854480795,False
4.578263267016487,12.238809843946905,1.008769706934205,0.5416792716518977,26,-3.119358183314205,-0.013757735640962634,False
4.585771446285967,12.240529243561754,1.0104891065490542,0.5416792716518977,25,-3.119358183314205,-0.013653675329707309,False
4.587809673977146,12.241563714299316,1.0115235772866162,0.5416792716518977,25,-3.119358183314205,-0.01357583422024249,False
4.588093296940448,12.24238505901335,1.0123449220006489,0.5416792716518977,25,-3.119358183314205,-0.013583783622464637,False
4.5924280402784605,12.246756404265774,1.0167162672530754,0.5416792716518977,25,-3.119358183314205,-0.013451607106891679,False
4.593319818607741,12.250026074683515,1.0199859376708145,0.5416792716518977,25,-3.119358183314205,-0.013295144314152773,False
4.597399996514431,12.257576353923499,1.0275362169107987,0.604562897187459,25,-3.119358183314205,-0.013211753342171149,False
4.599522265409115,12.248514573743776,1.018474436731077,0.604562897187459,25,-3.119358183314205,-0.013338410105817843,False
4.604875254361111,12.254433430240713,1.024393293228013,0.604562897187459,25,-3.119358183314205,-0.01315983815440627,False
4.609763303054142,12.257957582385142,1.0279174453724422,0.604562897187459,25,-3.119358183314205,-0.013007008901740138,False
4.611780659483112,12.259126131484345,1.0290859944716442,0.604562897187459,25,-3.119358183314205,-0.012938632761048494,False
4.614674949420371,12.269487804601184,1.0394476675884836,0.604562897187459,25,-3.119358183314205,-0.012944006953233715,False
4.625043996258588,12.269764689187722,1.0397245521750227,0.604562897187459,25,-3.119358183314205,-0.01295937352912631,False
4.6290582999834875,12.27022093296762,1.0401807959549194,0.604562897187459,25,-3.119358183314205,-0.012972422862538469,False
4.634669993061593,12.274158476967969,1.0441183399552698,0.604562897187459,24,-3.119358183314205,-0.01274542412482149,False
4.635822787943175,12.278769923513016,1.0487297865003167,0.604562897187459,24,-3.119358183314205,-0.012639024266284393,False
4.636553823507536,12.285363648292751,1.0553235112800508,0.604562897187459,24,-3.119358183314205,-0.012601790094827219,False
4.636909245419573,12.277396523650308,1.0473563866376085,0.604562897187459,24,-3.119358183314205,-0.012674702652599935,False
4.6372677536870786,12.278280951131892,1.0482408141191912,0.604562897187459,24,-3.119358183314205,-0.01268585128521066,False
4.637600966250543,12.278782005126343,1.0487418681136438,0.604562897187459,24,-3.119358183314205,-0.012699423988928212,False
4.646690249537697,12.279218779223061,1.0491786422103604,0.604562897187459,24,-3.119358183314205,-0.012708810614865089,False
4.649694573822716,12.290617998406521,1.0605778613938208,0.604562897187459,24,-3.119358183314205,-0.012724365218386826,False
4.651115867621473,12.288578912774994,1.058538775762295,0.604562897187459,24,-3.119358183314205,-0.012745084148447045,False
4.653554836995675,12.299584358833345,1.0695442218206452,0.604562897187459,24,-3.119358183314205,-0.012681003067062544,False
4.656991898467006,12.305139598066123,1.075099461053424,0.604562897187459,24,-3.119358183314205,-0.012545270154978392,False
4.658251716008803,12.310024015655806,1.0799838786431055,0.604562897187459,24,-3.119358183314205,-0.01246419119723678,False
4.662945050691218,12.312617518402876,1.0825773813901776,0.604562897187459,24,-3.119358183314205,-0.012315842888103628,False
4.665013297565696,12.319782760031549,1.0897426230188492,0.604562897187459,24,-3.119358183314205,-0.012290970082386435,False
4.670152653588549,12.32294156116817,1.0929014241554709,0.604562897187459,24,-3.119358183314205,-0.01202681100577732,False
4.671236365127823,12.328467844902335,1.0984277078896334,0.604562897187459,24,-3.119358183314205,-0.011792954701767175,False
4.681184610639719,12.328455448701945,1.0984153116892468,0.604562897187459,24,-3.119358183314205,-0.01181045555582755,False
4.686899176342363,12.329969071111522,1.0999289340988223,0.604562897187459,24,-3.119358183314205,-0.011708724169708924,False
4.68926063827825,12.320418188807539,1.09037805179484,0.604562897187459,24,-4.074446413712419,-0.011856029927017724,False
4.701657477017217,12.330134547746354,1.1000944107336539,0.604562897187459,24,-4.074446413712419,-0.011728214053945722,False
4.702260797768129,12.33782716275516,1.1077870257424596,0.604562897187459,24,-4.074446413712419,-0.011719595553484119,False
4.704936622104831,12.34693616684008,1.1168960298273798,0.604562897187459,24,-4.074446413712419,-0.011750837824031793,False
4.718235684893313,12.350118758613348,1.1200786216006482,0.604562897187459,23,-4.074446413712419,-0.01159845009151795,False
4.719084999519422,12.355221111332087,1.125180974319387,0.6205818990445771,23,-4.074446413712419,-0.011396476961273903,False
4.720613799004135,12.355031071132787,1.124990934120088,0.6205818990445771,23,-4.074446413712419,-0.011415572178798057,False
4.730896301145071,12.366160952286315,1.136120815273614,0.6205818990445771,23,-4.074446413712419,-0.011382098392966077,False
4.734195608592813,12.371451882746035,1.141411745733334,0.6205818990445771,23,-4.074446413712419,-0.011325329925141686,False
4.734419068662106,12.383054603008546,1.1530144659958446,0.6205818990445771,23,-4.074446413712419,-0.011365597863774697,False
4.739087996828386,12.385984137895814,1.155944000883114,0.6205818990445771,22,-4.074446413712419,-0.011182360632866681,False
4.74034058156014,12.388981194730686,1.1589410577179873,0.6205818990445771,22,-4.074446413712419,-0.011038378981232964,False
4.748183359024253,12.389116901396784,1.1590767643840847,0.6205818990445771,22,-4.074446413712419,-0.01105625249276844,False
4.74886704020598,12.391284005337019,1.1612438683243171,0.6205818990445771,22,-4.074446413712419,-0.010935783201501362,False
4.753466573999511,12.402093197082257,1.1720530600695573,0.6205818990445771,22,-4.074446413712419,-0.01095458613451761,False
4.766319830812089,12.387334503139424,1.157294366126726,0.6205818990445771,22,-4.074446413712419,-0.011084348028161405,False
4.770358654543718,12.399121342268808,1.1690812052561086,0.6205818990445771,22,-4.074446413712419,-0.011000322876876256,False
4.772229653597416,12.41240151770264,1.182361380689941,0.6205818990445771,22,-4.074446413712419,-0.011056566755195897,False
4.776043166618932,12.413401860001855,1.1833617229891558,0.6205818990445771,22,-4.074446413712419,-0.010993246748052153,False
4.782474511117602,12.41938562196164,1.1893454849489389,0.6205818990445771,22,-4.074446413712419,-0.010819482468375597,False
4.785224952792581,12.431938373437509,1.2018982364248076,0.7222039135088094,22,-4.074446413712419,-0.010893808286782436,False
4.787992762928036,12.436615139954515,1.2065750029418156,0.7222039135088094,22,-4.074446413712419,-0.010791786081126886,False
4.7886673408438245,12.43761371955715,1.2075735825444502,0.7222039135088094,22,-4.074446413712419,-0.010724260454629249,False
4.795554988726989,12.43795234604902,1.2079122090363195,0.7222039135088094,22,-4.074446413712419,-0.010733118525243357,False
4.799633050830247,12.438078137847599,1.2080380008349,0.7222039135088094,22,-4.074446413712419,-0.010747576230199007,False
4.801528107581247,12.428606269016136,1.1985661320034355,0.7222039135088094,22,-4.074446413712419,-0.010828356162924659,False
4.8018592343141195,12.429927106675034,1.1998869696623349,0.7222039135088094,22,-4.074446413712419,-0.01071879387917063,False
4.802301565360667,12.430347131417024,1.200306994404325,0.7222039135088094,22,-4.074446413712419,-0.010731447312468376,False
4.80525383363358,12.437196915368261,1.2071567783555617,0.7222039135088094,22,-4.074446413712419,-0.01071008232403257,False
4.806025528654756,12.437499958327555,1.207459821314856,0.7222039135088094,22,-4.074446413712419,-0.01072243765581999,False
4.8105127423731275,12.438296491868549,1.208256354855849,0.7222039135088094,22,-4.074446413712419,-0.0107330220841296,False
4.812572825198416,12.436212970098461,1.2061728330857602,0.7222039135088094,22,-4.074446413712419,-0.010752274925644434,False
4.816860733681018,12.447834593900858,1.2177944568881578,0.7222039135088094,22,-4.074446413712419,-0.010711796603736253,False
4.818201642297955,12.44897094615985,1.2189308091471502,0.7222039135088094,22,-4.074446413712419,-0.010643342349740433,False
4.829692309013675,12.45221558126505,1.22217544425235,0.7222039135088094,22,-4.074446413712419,-0.010565800794366715,False
4.8301963965460795,12.456693510095167,1.2266533730824685,0.7222039135088094,22,-4.074446413712419,-0.010433049341784795,False
4.832372504546876,12.464747433465392,1.234707296452694,0.7778601908232945,22,-4.074446413712419,-0.010374495047817775,False
4.836108455156648,12.470077185291391,1.2400370482786902,0.7778601908232945,22,-4.074446413712419,-0.010273636633664339,False
4.8373821159375705,12.47167539856672,1.241635261554019,0.7778601908232945,22,-4.074446413712419,-0.010154242228587447,False
4.839423895091492,12.480165289364061,1.25012515235136,0.7778601908232945,22,-4.074446413712419,-0.010192039509507048,False
4.853096832485923,12.481590913677271,1.251550776664571,0.7778601908232945,22,-4.074446413712419,-0.010110852176695788,False
4.85989899897089,12.484447005954781,1.2544068689420798,0.7778601908232945,22,-4.074446413712419,-0.009996452891911735,False
4.8616407205219705,12.484287643437629,1.2542475064249292,0.7778601908232945,22,-4.074446413712419,-0.010012900362489995,False
4.86748832591609,12.49673496835396,1.2666948313412614,0.7778601908232945,22,-4.074446413712419,-0.010051281694607912,False
4.870814016599518,12.50183603499425,1.2717958979815502,0.7778601908232945,22,-4.074446413712419,-0.009874929216289878,False
4.880646623789609,12.504292357788763,1.2742522207760631,0.7778601908232945,21,-4.074446413712419,-0.00972457731474397,False
4.881864295132241,12.515382062719734,1.285341925707034,0.7778601908232945,21,-4.074446413712419,-0.009751115187856934,False
4.883259168376705,12.52067357504661,1.2906334380339115,0.9635331797744815,20,-4.074446413712419,-0.009516245043796943,False
4.884027868174421,12.522033495650888,1.2919933586381873,0.9635331797744815,20,-4.074446413712419,-0.00941857826500647,False
4.890527938236201,12.523839388359754,1.2937992513470542,0.9635331797744815,20,-4.074446413712419,-0.009315610052301278,False
4.897432839004791,12.530383678492083,1.3003435414793838,0.9635331797744815,20,-4.074446413712419,-0.009325343604393575,False
4.901732487029819,12.53670182471657,1.3066616877038704,0.9635331797744815,20,-4.074446413712419,-0.00917425995203045,False
4.9052415778175265,12.540387452014874,1.3103473150021745,0.9635331797744815,20,-4.074446413712419,-0.009038105251440264,False
4.911211332069197,12.545246768893483,1.315206631880784,0.9635331797744815,20,-4.074446413712419,-0.008951369377755074,False
4.911331614816907,12.557222861389944,1.327182724377245,0.9635331797744815,20,-4.074446413712419,-0.009003964387943833,False
4.918136068807059,12.560975645193444,1.330935508180743,0.9635331797744815,20,-4.074446413712419,-0.008734641737168961,False
4.920839368584577,12.568397489104937,1.3383573520922374,0.9635331797744815,20,-4.074446413712419,-0.00873391154483831,False
4.920841337401081,12.572012021336077,1.3419718843233774,0.9635331797744815,19,-4.074446413712419,-0.008533257954105708,False
4.921998577520049,12.576723022815042,1.3466828858023434,0.9635331797744815,19,-4.074446413712419,-0.008424604562717635,False
4.925041258787877,12.56153460791801,1.3314944709053096,0.9635331797744815,19,-4.074446413712419,-0.008553661020374675,False
4.934581271252827,12.566492688030305,1.3364525510176049,0.9635331797744815,19,-4.074446413712419,-0.008486909247209944,False
4.947807140762972,12.568316739238218,1.338276602225519,0.9635331797744815,19,-4.074446413712419,-0.008388576950630635,False
4.949622751179034,12.571234766779344,1.3411946297666435,0.9635331797744815,19,-4.074446413712419,-0.008254448510346037,False
4.952836592889402,12.570800789318012,1.340760652305313,0.9635331797744815,19,-4.074446413712419,-0.008272426278937768,False
4.9546623754056505,12.561179920417795,1.331139783405094,0.9635331797744815,20,-4.074446413712419,-0.008357154565253365,False
4.956738578115462,12.56672897123638,1.3366888342236793,0.9635331797744815,20,-4.074446413712419,-0.008319205348459466,False
4.9602750650436285,12.572670850648779,1.3426307136360793,0.9635331797744815,20,-4.074446413712419,-0.00820845528734543,False
4.96060779876912,12.576165537480687,1.346125400467989,0.9635331797744815,20,-4.074446413712419,-0.008066810546422734,False
4.965592539345953,12.583234567781409,1.3531944307687087,0.9635331797744815,20,-4.074446413712419,-0.008058424876498828,False
4.968183043339257,12.581155260350345,1.3511151233376442,0.9635331797744815,20,-4.074446413712419,-0.00807627579082701,False
4.968839977280403,12.581148683565864,1.351108546553163,0.9635331797744815,20,-4.074446413712419,-0.008089820484360737,False
4.971201811345321,12.593192586272096,1.3631524492593972,0.9635331797744815,20,-4.074446413712419,-0.008068951543362311,False
4.972442416763889,12.594924471302349,1.3648843342896504,0.9635331797744815,19,-4.074446413712419,-0.007966480773171967,False
4.977579204497294,12.595087824169655,1.3650476871569546,0.9635331797744815,19,-4.074446413712419,-0.007978161349357351,False
4.978943536077153,12.605546867046437,1.3755067300337365,0.9635331797744815,19,-4.074446413712419,-0.007886076567563,False
4.979437994549614,12.606258188851877,1.3762180518391767,0.9635331797744815,19,-4.074446413712419,-0.007896091245381398,False
4.981558015592911,12.606123822403505,1.3760836853908054,0.9635331797744815,19,-4.074446413712419,-0.00791311035989026,False
4.9963078960877105,12.607065746115861,1.377025609103162,0.9635331797744815,18,-4.074446413712419,-0.00784118891275029,False
4.997637608160916,12.618153440939547,1.3881133039268476,0.9635331797744815,18,-4.074446413712419,-0.007871125030666493,False
4.998035488894333,12.630459623848651,1.4004194868359505,1.1017875497343974,18,-4.074446413712419,-0.007948618855141684,False
5.003045420785455,12.63470096067319,1.4046608236604898,1.1017875497343974,18,-4.074446413712419,-0.007741215420606351,False
5.010711322569399,12.646725958831276,1.4166858218185758,1.1726107019805223,18,-4.074446413712419,-0.007738071378754727,False
5.01660288304254,12.660418834371079,1.4303786973583774,1.1726107019805223,18,-4.074446413712419,-0.007830197350351334,False
5.019269525863593,12.665284663293733,1.435244526281033,1.1726107019805223,18,-4.074446413712419,-0.0077465063463172945,False
5.02745735597309,12.670664309858298,1.4406241728455984,1.2521801370169632,18,-4.074446413712419,-0.007568128164620666,False
5.03673255491072,12.671774828617401,1.4417346916047016,1.2521801370169632,18,-4.074446413712419,-0.007494095006603014,False
5.037272832488793,12.67148835740184,1.441448220389141,1.2521801370169632,18,-4.074446413712419,-0.0075095140874362485,False
5.0393325655186345,12.674260665856497,1.4442205288437975,1.2521801370169632,17,-4.074446413712419,-0.0073697444255497535,False
5.047051791607181,12.677343172149456,1.4473030351367557,1.2521801370169632,17,-4.074446413712419,-0.007202113298504354,False
5.049710760100493,12.690160499410059,1.460120362397358,1.2521801370169632,17,-4.074446413712419,-0.007156198664803338,False
5.049774136739525,12.696150185978938,1.4661100489662373,1.2521801370169632,16,-4.074446413712419,-0.006950700415490516,False
5.062660019634561,12.704693511134344,1.4746533741216452,1.2521801370169632,16,-4.074446413712419,-0.00691433888510134,False
5.062679696590292,12.70809375443346,1.4780536174207604,1.2521801370169632,16,-4.074446413712419,-0.006774665894409182,False
5.066245627291327,12.709345266895674,1.4793051298829751,1.2521801370169632,15,-4.074446413712419,-0.006710373215035046,False
5.074900917979656,12.695693721323199,1.4656535843104976,1.2521801370169632,15,-4.074446413712419,-0.006835679629931298,False
5.080066194350899,12.707439326993006,1.4773991899803054,1.2521801370169632,15,-4.074446413712419,-0.0068969257360754835,False
5.0806593660773425,12.720763502102335,1.4907233650896345,1.2521801370169632,15,-4.074446413712419,-0.006953757007694632,False
5.0859628835760216,12.725486395380683,1.495446258367983,1.2521801370169632,15,-4.074446413712419,-0.006978220976240999,False
5.088578813023187,12.728831928322045,1.4987917913093443,1.2521801370169632,15,-4.074446413712419,-0.0067210725801145855,False
5.095348180287674,12.719773646784715,1.4897335097720161,1.1191850568518928,15,-4.074446413712419,-0.00680670478953732,False
5.09659843150451,12.726226932036331,1.4961867950236325,1.1191850568518928,15,-4.074446413712419,-0.00666225322781599,False
5.11588828441568,12.738306929067173,1.508266792054473,1.1191850568518928,15,-4.074446413712419,-0.0066567584410849945,False
5.117138851957537,12.745547676731473,1.5155075397187738,1.2521801370169632,15,-4.074446413712419,-0.006658730503352823,False
5.12464018476524,12.748746970982728,1.5187068339700278,1.2521801370169632,15,-4.074446413712419,-0.00652813625096131,False
5.1252912002798245,12.754474122547327,1.5244339855346265,1.2521801370169632,15,-4.074446413712419,-0.006451458078855118,False
5.130896508952117,12.757761379006718,1.527721241994017,1.2521801370169632,15,-4.074446413712419,-0.006389245825605031,False
5.132560258220041,12.75763948684258,1.5275993498298788,1.2521801370169632,15,-4.074446413712419,-0.006401900245280288,False
5.135192939335383,12.759945573058724,1.5299054360460251,1.2521801370169632,14,-4.074446413712419,-0.006289923850456382,False
5.143848996540588,12.75998883399776,1.5299486969850593,1.2521801370169632,14,-4.074446413712419,-0.006300906252116817,False
5.143857770885477,12.760618357683345,1.5305782206706453,1.2521801370169632,14,-4.074446413712419,-0.006310325874882803,False
5.153105254670465,12.765358802370292,1.535318665357593,1.2521801370169632,14,-4.074446413712419,-0.006198386851058431,False
5.1561769662154555,12.766976955006236,1.5369368179935359,1.2521801370169632,14,-4.074446413712419,-0.006100998814686113,False
5.169353927516369,12.772376649457643,1.5423365124449413,1.2521801370169632,14,-4.074446413712419,-0.005947597296233529,False
5.171198496650428,12.779903868791834,1.5498637317791357,1.2521801370169632,14,-4.074446413712419,-0.005967085494838197,False
5.174211485224333,12.785692758006265,1.5556526209935637,1.2816902754774038,14,-4.074446413712419,-0.005945891354822402,False
5.181531556790646,12.785043813756076,1.5550036767433761,1.2816902754774038,14,-4.074446413712419,-0.005962742089234897,False
5.186998856203815,12.790140405064438,1.5601002680517384,1.2816902754774038,14,-4.074446413712419,-0.005894808080893261,False
5.200026068165033,12.796855094273798,1.5668149572610992,1.2816902754774038,14,-4.074446413712419,-0.005770950776234157,False
5.201989241511253,12.80068683474075,1.5706466977280493,1.2816902754774038,14,-4.074446413712419,-0.005651793428100217,False
5.207392986297047,12.800297253223503,1.570257116210803,1.2816902754774038,14,-4.074446413712419,-0.0056661833051418024,False
5.21019845838628,12.80527405686858,1.5752339198558802,1.2816902754774038,14,-4.074446413712419,-0.0056129270642371965,False
5.211157584628379,12.80489331265763,1.574853175644931,1.2816902754774038,14,-4.074446413712419,-0.005629052602824983,False
5.2185497443572,12.813694771033449,1.58365463402075,1.2816902754774038,14,-4.074446413712419,-0.005722536751537047,False
5.223562686248519,12.805487419251886,1.5754472822391858,1.2816902754774038,14,-4.074446413712419,-0.005806343580278753,False
5.223789192089032,12.80848419129011,1.5784440542774107,1.2816902754774038,14,-4.074446413712419,-0.005704099673618128,False
5.2395182869221,12.81895476892662,1.5889146319139198,1.2816902754774038,14,-4.074446413712419,-0.005770816820073474,False
5.244058869590408,12.833383406970762,1.6033432699580623,1.2816902754774038,14,-4.074446413712419,-0.005875877294275733,False
5.2458139186095645,12.838418201193717,1.608378064181017,1.2925862940975472,14,-4.074446413712419,-0.005809312263319956,False
5.253304527666662,12.839633364963426,1.609593227950728,1.2925862940975472,13,-4.074446413712419,-0.005745629821820585,False
5.254334883270978,12.85074005053866,1.6206999135259599,1.2925862940975472,13,-4.074446413712419,-0.005686130843209985,False
5.2572129586524055,12.851815575497831,1.6217754384851306,1.2925862940975472,13,-4.074446413712419,-0.005627319802060019,False
5.25842455918384,12.856877829703144,1.6268376926904438,1.312973377164985,13,-4.074446413712419,-0.005542620466753496,False
5.259430617631922,12.864230869431195,1.6341907324184939,1.312973377164985,13,-4.074446413712419,-0.005552672638012765,False
5.265656270823575,12.870556328668354,1.6405161916556539,1.312973377164985,13,-4.074446413712419,-0.005466402443337677,False
5.266870988178541,12.872937406909086,1.6428972698963857,1.312973377164985,13,-4.074446413712419,-0.005502149582441413,False
5.270135448831473,12.873988368506964,1.6439482314942635,1.312973377164985,13,-4.074446413712419,-0.005436800689970156,False
5.285310179934109,12.8765852416261,1.6465451046134012,1.312973377164985,13,-4.074446413712419,-0.005295971623912162,False
5.286604042615996,12.885580283256527,1.6555401462438275,1.312973377164985,13,-4.074446413712419,-0.005278776370232816,False
5.288030628230181,12.89922103539292,1.6691808983802208,1.312973377164985,13,-4.074446413712419,-0.0053497484043772536,False
5.288770150442304,12.91187965624732,1.6818395192346207,1.312973377164985,13,-4.074446413712419,-0.00537198556914388,False
5.2921172637643705,12.917549670532889,1.6875095335201902,1.3300653096639419,13,-4.074446413712419,-0.005155277864603052,False
5.302373186985132,12.919059042535519,1.689018905522818,1.3300653096639419,13,-4.074446413712419,-0.0050770789488566725,False
5.320781112202864,12.920985263819743,1.6909451268070432,1.3300653096639419,13,-4.074446413712419,-0.004985256457618485,False
5.326905644285434,12.93445061748112,1.7044104804684204,1.3545739399201286,13,-4.074446413712419,-0.004973054907810738,False
5.329584595677193,12.938450191181477,1.708410054168779,1.3545739399201286,12,-4.074446413712419,-0.004715496229529176,False
5.331880011216374,12.940163383393378,1.7101232463806784,1.3545739399201286,11,-4.074446413712419,-0.00459459490722108,False
5.333848329532699,12.944018265792204,1.7139781287795037,1.3545739399201286,11,-4.074446413712419,-0.0044111172679680765,False
5.334288570472185,12.945468895125154,1.7154287581124548,1.3545739399201286,11,-4.074446413712419,-0.004316945269761112,False
5.336539604597815,12.951106089852363,1.721065952839662,1.3545739399201286,11,-4.074446413712419,-0.004163109280928906,False
5.339360249789411,12.954826834313694,1.7247866973009942,1.3545739399201286,11,-4.074446413712419,-0.004037837722822465,False
5.342375665213992,12.956762588189392,1.7267224511766932,1.3545739399201286,11,-4.074446413712419,-0.003942803123018091,False
5.345751730209914,12.958188113854874,1.7281479768421746,1.3545739399201286,10,-4.074446413712419,-0.003834420614971543,False
5.357549964012736,12.961415141081822,1.7313750040691225,1.3545739399201286,10,-4.074446413712419,-0.003683858453733163,False
5.382466089419185,12.965969854021328,1.7359297170086276,1.3545739399201286,10,-4.074446413712419,-0.0034989036631293846,False
5.3853644470209785,12.971973223922264,1.7419330869095648,1.374351297084413,10,-4.074446413712419,-0.003492186290633694,False
5.38686707401525,12.973820156605523,1.743780019592823,1.374351297084413,10,-4.074446413712419,-0.0033987801322880244,False
5.388829354970209,12.981601700470042,1.7515615634573418,1.374351297084413,10,-4.074446413712419,-0.0034680154530702784,False
5.405279496284176,12.980773472825836,1.750733335813135,1.374351297084413,10,-4.074446413712419,-0.0034837610308161644,False
5.409908406281582,12.983903542018172,1.753863405005472,1.374351297084413,10,-4.074446413712419,-0.0033661709939979472,False
5.413193473855338,12.99084272392233,1.76080258690963,1.374351297084413,10,-4.074446413712419,-0.003250918818963154,False
5.413789490197653,12.99825904350498,1.7682189064922786,1.374351297084413,10,-4.074446413712419,-0.003286413122594934,False
5.414696091607429,13.001878607181467,1.7718384701687675,1.374351297084413,10,-4.074446413712419,-0.0031606829599533865,False
5.414815653331764,13.008013787992347,1.7779736509796475,1.374351297084413,10,-4.074446413712419,-0.00310718713143145,False
5.4281327867473195,13.01096557512284,1.780925438110142,1.374351297084413,10,-4.074446413712419,-0.0029774966009855327,False
5.43243453060567,13.013494789727792,1.783454652715094,1.374351297084413,10,-4.074446413712419,-0.0030820668283685145,False
5.434665067510548,13.016791862202192,1.7867517251894915,1.374351297084413,10,-4.074446413712419,-0.0030345769505908554,False
5.4358611020808345,13.016197683018534,1.7861575460058337,1.374351297084413,10,-4.074446413712419,-0.003049789683269761,False
5.439311487454416,13.01610237898915,1.7860622419764483,1.374351297084413,10,-4.074446413712419,-0.003093676326471577,False
5.4406038250175115,13.022564954551775,1.7925248175390758,1.374351297084413,10,-4.074446413712419,-0.002919443096729363,False
5.461531173430203,13.027883256052062,1.7978431190393622,1.4626777221961778,10,-4.074446413712419,-0.0028689963992097585,False
5.466209238177065,13.033062179852548,1.8030220428398476,1.555892555521324,10,-4.074446413712419,-0.0028180194307955227,False
5.46638895802495,13.047056181194824,1.8170160441821241,1.555892555521324,10,-4.074446413712419,-0.0029315312530078168,False
5.46842625429337,13.05274675829949,1.822706621286791,1.555892555521324,10,-4.074446413712419,-0.002801199934128408,False
5.479926894940798,13.057739673664596,1.8276995366518958,1.555892555521324,10,-4.074446413712419,-0.0027101407971346306,False
5.4816156213974745,13.062673671151273,1.832633534138573,1.555892555521324,10,-4.074446413712419,-0.0026681008859667497,False
5.488527901398487,13.075323787423594,1.8452836504108954,1.555892555521324,10,-4.074446413712419,-0.0027491958928088332,False
5.496915483753536,13.082422224093722,1.8523820870810226,1.555892555521324,10,-4.074446413712419,-0.0026507759206296144,False
5.4978413572096185,13.086380526657116,1.8563403896444168,1.555892555521324,10,-4.074446413712419,-0.002548258949724586,False
5.502647605180527,13.095754321284225,1.865714184271526,1.555892555521324,10,-4.074446413712419,-0.00254702910862644,False
5.510094703123083,13.096940910077306,1.8669007730646052,1.555892555521324,10,-4.074446413712419,-0.0024776945047656957,False
5.517491409061067,13.097946740667787,1.8679066036550873,1.555892555521324,10,-4.074446413712419,-0.0024067591571983724,False
5.521112180377541,13.101347665917224,1.8713075289045242,1.555892555521324,10,-4.074446413712419,-0.002291032370217783,False
5.524406374932253,13.104869666362658,1.8748295293499582,1.555892555521324,10,-4.074446413712419,-0.0020450977645415556,False
5.525518673662107,13.11639005128525,1.8863499142725502,1.555892555521324,10,-4.074446413712419,-0.002014558019007146,False
5.534299431500584,13.11883326786962,1.8887931308569208,1.555892555521324,10,-4.074446413712419,-0.001912139684795525,False
5.545727812473272,13.12016741186411,1.8901272748514089,1.555892555521324,10,-4.074446413712419,-0.001852663278296249,False
5.5629606666606435,13.132801064600498,1.9027609275877984,1.555892555521324,10,-4.074446413712419,-0.0018951248511418091,False
5.57111716174634,13.139496101073899,1.9094559640611988,1.555892555521324,10,-4.074446413712419,-0.0018320466057981375,False
5.589055535943669,13.145680414604936,1.9156402775922359,1.555892555521324,10,-4.074446413712419,-0.0018374457963840848,False
5.595290778701286,13.14880918440332,1.918769047390619,1.555892555521324,10,-4.074446413712419,-0.0017478086842182448,False
5.599185581748001,13.161901262649156,1.9318611256364553,1.5935631342667795,10,-4.074446413712419,-0.001764318789267618,False
5.5999683480564615,13.167323685277903,1.9372835482652033,1.6525215827469903,10,-4.074446413712419,-0.0017031557958145935,False
5.602589659693499,13.16506991676078,1.9350297797480809,1.6525215827469903,10,-4.074446413712419,-0.0017524202721275826,False
5.6229552889153736,13.164100604074228,1.9340604670615285,1.6525215827469903,10,-4.074446413712419,-0.0017671170385806523,False
5.638459821358393,13.159767936995685,1.9297277999829867,1.6525215827469903,10,-4.074446413712419,-0.001878394969112145,False
5.642622696375829,13.165634895202347,1.9355947581896478,1.6525215827469903,10,-4.074446413712419,-0.0017483187169286686,False
5.6463618173295975,13.172658798882532,1.9426186618698325,1.7391963678194884,10,-4.074446413712419,-0.0017955719221891008,False
5.652223529403932,13.174381169912634,1.9443410328999322,1.7391963678194884,9,-4.074446413712419,-0.0017038523977424224,False
5.65424221637717,13.173611128090895,1.9435709910781964,1.7391963678194884,9,-4.074446413712419,-0.0017181588883995842,False
5.668766971007713,13.176971345074255,1.9469312080615564,1.7391963678194884,9,-4.074446413712419,-0.0015855409680308253,False
5.679221206345641,13.182264728825777,1.9522245918130765,1.77101379612688,9,-4.074446413712419,-0.0015483750612966807,False
5.681188000438576,13.191636115758751,1.9615959787460517,1.77101379612688,9,-4.074446413712419,-0.0016359828505955742,False
5.682483462225481,13.202751472968325,1.9727113359556256,1.77101379612688,9,-4.074446413712419,-0.0017539988432154919,False
5.7029489750529,13.204775986925679,1.9747358499129795,1.77101379612688,9,-4.074446413712419,-0.0016692870911690783,False
5.703043640476268,13.211324920935269,1.98128478392257,1.77101379612688,9,-4.074446413712419,-0.0016373525638879748,False
5.703404065101437,13.214055488065883,1.9840153510531835,1.77101379612688,9,-4.074446413712419,-0.0015075348964510738,False
5.7073869859431765,13.215348625092718,1.9853084880800185,1.77101379612688,9,-4.074446413712419,-0.001449209266903334,False
5.709375590732541,13.224976555031498,1.9949364180187978,1.77101379612688,9,-4.074446413712419,-0.0014607533530919127,False
5.714371091060811,13.231016029174326,2.0009758921616263,1.8530923560956865,9,-4.074446413712419,-0.0012656335859828722,False
5.727688557394013,13.234961071897347,2.0049209348846464,1.8530923560956865,9,-4.074446413712419,-0.0011577061141706678,False
5.730272301280659,13.242395286660921,2.0123551496482217,1.8530923560956865,9,-4.074446413712419,-0.001070466289341365,False
5.733154590618674,13.247914203490955,2.0178740664782544,1.867040601575626,9,-4.074446413712419,-0.0010358466804949438,False
5.739239186435307,13.25118455612554,2.0211444191128396,1.867040601575626,9,-4.074446413712419,-0.0010020814312234332,False
5.746948178167686,13.256010922110313,2.0259707850976136,1.867040601575626,9,-4.074446413712419,-0.0009679317379026691,True
5.7553109940830804,13.260252431636946,2.030212294624247,1.867040601575626,9,-4.074446413712419,-0.0007260429549700968,True
5.761430247513704,13.264344500310237,2.034304363297538,1.867040601575626,9,-4.074446413712419,-0.0005622325791428217,True
5.7660688579302946,13.26549540636345,2.0354552693507495,1.867040601575626,9,-4.074446413712419,-0.0005086912251781417,True
5.766082314775712,13.271462817408095,2.041422680395395,1.867040601575626,9,-4.074446413712419,-0.0004008393250282372,True
5.771105381921575,13.276337592852776,2.0462974558400773,1.867040601575626,9,-4.074446413712419,-0.00024029371608120465,True
5.772482343441966,13.280176035616272,2.050135898603571,1.867040601575626,9,-4.074446413712419,-0.0001293025776600204,True
5.772963515894743,13.281766550397373,2.0517264133846744,1.867040601575626,9,-4.074446413712419,-5.471002682176679e-05,True
5.779161307858666,13.28286884160286,2.0528287045901594,1.867040601575626,8,-4.074446413712419,7.5576926338882796e-06,True
5.784280047658683,13.289191564747936,2.059151427735236,1.867040601575626,8,-4.074446413712419,-7.630116468410054e-06,True
5.790378656188568,13.296648253477827,2.0666081164651273,1.867040601575626,8,-4.074446413712419,6.796140501424408e-05,True
5.790797633366821,13.308111419277807,2.0780712822651073,1.867040601575626,8,-4.074446413712419,7.408701394543305e-05,True
5.791319263658627,13.312172795564855,2.0821326585521542,1.867040601575626,8,-4.074446413712419,0.0001606227232227242,True
5.805603923840204,13.313712785704924,2.083672648692225,1.867040601575626,7,-4.074446413712419,0.0002502895240657388,True
5.808695885885739,13.318941167725205,2.0889010307125044,1.9240789511149297,7,-4.074446413712419,0.00032103961310580133,True
5.8156419725868,13.321006862134269,2.0909667251215684,1.9240789511149297,7,-4.074446413712419,0.0004069762410667155,True
5.815743081282593,13.32296748484903,2.0929273478363304,1.9240789511149297,7,-4.074446413712419,0.0004904383616874753,True
5.827558317339322,13.326097527466409,2.09605739045371,1.9240789511149297,7,-4.074446413712419,0.0006088637302082961,True
5.8312111311166355,13.337398939123624,2.107358802110924,1.9240789511149297,7,-4.074446413712419,0.0005511906540278661,True
5.833529424381254,13.336328251869272,2.1062881148565724,1.9240789511149297,7,-4.074446413712419,0.0005375541412205235,True
5.835527637984353,13.327377711741441,2.0973375747287424,1.867040601575626,7,-4.074446413712419,0.0004233164134576899,True
5.841819031622015,13.334306803505957,2.104266666493256,1.867040601575626,7,-4.074446413712419,0.0005646800781468645,True
5.855623583334274,13.336135340300459,2.1060952032877593,1.867040601575626,7,-4.074446413712419,0.0006856187162997502,True
5.86374349733957,13.346835304081775,2.1167951670690774,1.867040601575626,7,-4.074446413712419,0.0006460863256004886,True
5.865159742561947,13.345930630630717,2.115890493618016,1.867040601575626,7,-4.074446413712419,0.0006327100502820254,True
5.865221248109392,13.349536698158925,2.1194965611462253,1.867040601575626,7,-4.074446413712419,0.0005416989031613978,True
5.866824571898914,13.355843146304919,2.12580300929222,1.9108753018081748,7,-4.074446413712419,0.00048674287978428044,True
5.874699904113052,13.362878391355162,2.132838254342461,1.9108753018081748,7,-4.074446413712419,0.0005285030604707302,True
5.883652903158587,13.368251688288522,2.1382115512758224,1.9108753018081748,7,-4.074446413712419,0.0005537587329456011,True
5.89134801920848,13.373235749033856,2.1431956120211577,1.9108753018081748,7,-4.074446413712419,0.0004345721798228447,True
5.892019745829319,13.376580970810455,2.146540833797755,1.9108753018081748,7,-4.074446413712419,0.0005343876453281915,True
5.905555055255676,13.386266924514855,2.1562267875021557,1.9108753018081748,7,-4.074446413712419,0.0005131046650620053,True
5.927782653416094,13.389866005429033,2.159825868416333,1.9108753018081748,7,-4.074446413712419,0.000613010286401322,True
5.928821527057705,13.391397329999457,2.1613571929867565,1.9108753018081748,7,-4.074446413712419,0.000718517275926055,True
5.942700970867594,13.397464221109148,2.16742408409645,1.9108753018081748,7,-4.074446413712419,0.0008263538858706188,True
5.944416581110207,13.400040892985974,2.1700007559732732,1.9108753018081748,7,-4.074446413712419,0.000918439339116417,True
5.944784819103756,13.405828573077967,2.1757884360652673,2.001927938270544,7,-4.074446413712419,0.0009572399872813703,True
5.970186334509687,13.412237219705602,2.1821970826929027,2.001927938270544,7,-4.074446413712419,0.0009344697980361266,True
5.972101241537826,13.415486561858497,2.1854464248457965,2.001927938270544,7,-4.074446413712419,0.0010114392676726042,True
5.975519161528549,13.41916909177211,2.1891289547594095,2.001927938270544,6,-4.074446413712419,0.001242393349301044,True
5.978862498903383,13.422648170671714,2.192608033659015,2.001927938270544,6,-4.074446413712419,0.001356781359564978,True
5.9883577120533555,13.429609044750755,2.1995689077380542,2.1252436390443608,6,-4.074446413712419,0.001369254536442327,True
6.0002776318191,13.435301313632158,2.205261176619458,2.1252436390443608,6,-4.074446413712419,0.001389932324756371,True
6.00578246390443,13.439953039646287,2.2099129026335866,2.1252436390443608,6,-4.074446413712419,0.0014176735669281515,True
6.006582665186401,13.441214791483226,2.211174654470525,2.1252436390443608,6,-4.074446413712419,0.0014816207174707136,True
6.022733478263288,13.430468012932158,2.2004278759194595,2.1252436390443608,6,-4.074446413712419,0.0013675087365590604,True
6.036290238180206,13.429330859411055,2.199290722398355,2.1252436390443608,6,-4.074446413712419,0.00135491089892872,True
6.04285442701186,13.43253514014242,2.2024950031297204,2.1252436390443608,6,-4.074446413712419,0.001376238337572071,True
6.045862075944228,13.440461410485517,2.2104212734728166,2.2169279001703304,6,-4.074446413712419,0.0014375383379302764,True
6.047992522098271,13.451053236559135,2.2210130995464357,2.2169279001703304,6,-4.074446413712419,0.0014242888951997213,True
6.04884788569099,13.452468629192662,2.2224284921799624,2.2169279001703304,6,-4.074446413712419,0.0014784220784862456,True
6.060417544130325,13.45869100338912,2.22865086637642,2.2169279001703304,6,-4.074446413712419,0.0015650065576698813,True
6.068174524043953,13.457688892336444,2.2276487553237443,2.2169279001703304,6,-4.074446413712419,0.001552554266450655,True
6.070495131275153,13.458757706051811,2.2287175690391106,2.2169279001703304,6,-4.074446413712419,0.0016216782799363214,True
6.073318639639734,13.464029986111433,2.233989849098733,2.2169279001703304,6,-4.074446413712419,0.0015626908877505172,True
6.078409780005312,13.469444248306269,2.239404111293571,2.2169279001703304,6,-4.074446413712419,0.0015780457094464026,True
6.078596507818995,13.477216420345991,2.2471762833332924,2.2169279001703304,6,-4.074446413712419,0.0016337067463184094,True
6.080683937323676,13.481353512330113,2.2513133753174133,2.2169279001703304,6,-4.074446413712419,0.0017052336763706535,True
6.090152715880427,13.490810768634732,2.2607706316220324,2.2169279001703304,6,-4.074446413712419,0.0016769826440764049,True
6.091543022037475,13.498817632823489,2.2687774958107885,2.2169279001703304,6,-4.074446413712419,0.0016087109163423266,True
6.092119380262552,13.496194644867323,2.266154507854624,2.2169279001703304,6,-4.074446413712419,0.0014910612179561637,True
6.092397643966382,13.4983121332856,2.268271996272899,2.2169279001703304,6,-4.074446413712419,0.001568248243056933,True
6.118553117667386,13.503932803950466,2.273892666937765,2.2169279001703304,6,-4.074446413712419,0.001510956719009001,True
6.123501865217265,13.508097081256619,2.278056944243919,2.2169279001703304,6,-4.074446413712419,0.0016011758939193175,True
6.132780587287371,13.510951496691535,2.280911359678835,2.2169279001703304,6,-4.074446413712419,0.001718873548050284,True
6.134120252809018,13.515005927155935,2.2849657901432345,2.2169279001703304,6,-4.074446413712419,0.0018147606335676338,True
6.137349061997586,13.520444381548652,2.290404244535953,2.2250786745844424,6,-4.074446413712419,0.0018664772040873653,True
6.147547891614261,13.526827844652951,2.2967877076402514,2.252007451664225,6,-4.074446413712419,0.0020375872861041876,True
6.166959738417882,13.532025230273824,2.301985093261124,2.252007451664225,6,-4.074446413712419,0.002172703338710799,True
6.1736971515201144,13.533850223921725,2.3038100869090257,2.252007451664225,6,-4.074446413712419,0.0022576848877752247,True
6.174169783570361,13.541175071945377,2.3111349349326766,2.252007451664225,6,-4.074446413712419,0.002280463223367369,True
6.178686733934707,13.54254432413104,2.312504187118342,2.252007451664225,6,-4.074446413712419,0.0023330371862195524,True
6.193212826091377,13.54701681054722,2.3169766735345205,2.252007451664225,6,-4.074446413712419,0.0025559884020413363,True
6.201505254051708,13.55133774229043,2.321297605277729,2.252007451664225,6,-4.074446413712419,0.0026984612702826254,True
6.235638935073951,13.554642695517213,2.324602558504515,2.252007451664225,6,-4.074446413712419,0.002804765179431326,True
6.238552410297164,13.560873097451344,2.3308329604386455,2.252007451664225,6,-4.074446413712419,0.0028904038807359873,True
6.251295469400047,13.568235015200479,2.3381948781877786,2.252007451664225,6,-4.074446413712419,0.0029986287600166067,True
6.255356946780452,13.572642597030818,2.342602460018118,2.252007451664225,6,-4.074446413712419,0.003020818083241469,True
6.257166893937133,13.574714080522789,2.3446739435100885,2.252007451664225,6,-4.074446413712419,0.0030937825369525985,True
6.261381407790838,13.580545823248166,2.3505056862354636,2.252007451664225,6,-4.074446413712419,0.003102520709647164,True
6.26312118142941,13.582213668033456,2.3521735310207563,2.252007451664225,5,-4.074446413712419,0.0031730154482452998,True
6.2642520643516395,13.586218777363886,2.3561786403511853,2.252007451664225,5,-4.074446413712419,0.0031131706037886074,True
6.269206446592382,13.593578104206872,2.363537967194173,2.2832949977517165,5,-4.074446413712419,0.003108598066552803,True
6.28407737392947,13.5853350015714,2.3552948645587,2.2832949977517165,5,-4.074446413712419,0.002994591135320981,True
6.286011290681469,13.5889156057113,2.3588754686986007,2.2832949977517165,5,-4.074446413712419,0.0030910144189048644,True
6.290966930344116,13.595068220100504,2.365028083087804,2.2832949977517165,5,-4.074446413712419,0.0031092465100527066,True
6.295144794657694,13.603625729557193,2.3735855925444937,2.2832949977517165,5,-4.074446413712419,0.003081391023290515,True
6.296288642984075,13.605252512508565,2.375212375495866,2.2832949977517165,5,-4.074446413712419,0.003165701886597536,True
6.30133324675388,13.606478100397432,2.376437963384734,2.2832949977517165,5,-4.074446413712419,0.0032134598456867313,True
6.308678111115714,13.60867223661805,2.378632099605349,2.2832949977517165,5,-4.074446413712419,0.0032894666634377444,True
6.314146881705544,13.60982382295818,2.379783685945481,2.2832949977517165,5,-4.074446413712419,0.0033480435492269063,True
6.342129359756411,13.612749876438173,2.382709739425473,2.2832949977517165,5,-4.074446413712419,0.003273227071308899,True
6.3424697505276875,13.616540309924112,2.3865001729114113,2.2832949977517165,5,-4.074446413712419,0.0033569016581107814,True
6.343780706060072,13.6196379136822,2.389597776669499,2.2832949977517165,5,-4.074446413712419,0.003367266422312355,True
6.349593052173558,13.626083773776188,2.3960436367634883,2.2832949977517165,5,-4.074446413712419,0.003434263894140831,True
6.351773050720434,13.629439458301377,2.3993993212886755,2.2832949977517165,5,-4.074446413712419,0.003498864987123386,True
6.357887983335755,13.637834693672957,2.4077945566602588,2.2832949977517165,5,-4.074446413712419,0.003536800687717889,True
6.359575678104951,13.645856459371497,2.4158163223587987,2.3453545933825506,5,-4.074446413712419,0.003575582869022917,True
6.362923056946369,13.644877009751122,2.414836872738422,2.3453545933825506,5,-4.074446413712419,0.003505304993601273,True
6.363487287515024,13.647581513491732,2.4175413764790323,2.3453545933825506,5,-4.074446413712419,0.0035865709043590545,True
6.364199793417268,13.651763369740527,2.4217232327278264,2.3453545933825506,5,-4.074446413712419,0.0036440778500410557,True
6.394222363074179,13.655324377571173,2.4252842405584727,2.3453545933825506,4,-4.074446413712419,0.0037255921554703274,True
6.407293064643023,13.657267243986317,2.4272271069736173,2.3453545933825506,4,-4.074446413712419,0.0038450564186490745,True
6.439447943186386,13.661087736017185,2.4310475990044846,2.3453545933825506,4,-4.074446413712419,0.004057899313810781,True
6.464129165302462,13.666701041721133,2.4366609047084324,2.3453545933825506,4,-4.074446413712419,0.004092276759320764,True
6.467703624224031,13.674236208013708,2.4441960710010093,2.4603974159553106,4,-4.074446413712419,0.00409874134028682,True
6.487073038167648,13.676439860342235,2.4463997233295336,2.4603974159553106,4,-4.074446413712419,0.004168172028550371,True
6.495819013301387,13.680532735601103,2.450492598588403,2.4603974159553106,4,-4.074446413712419,0.004184532845062927,True
6.497620740080613,13.684797651940649,2.454757514927948,2.4603974159553106,4,-4.074446413712419,0.004265367315742232,True
6.515073932588057,13.690727941775524,2.4606878047628236,2.4603974159553106,4,-4.074446413712419,0.004264175784897226,True
6.524533965269192,13.692062952870156,2.462022815857456,2.4603974159553106,4,-4.074446413712419,0.004322252679715909,True
6.524552528201696,13.696437422866696,2.4663972858539953,2.4603974159553106,4,-4.074446413712419,0.004394950571553951,True
6.527022271866314,13.702783549374985,2.472743412362286,2.4603974159553106,4,-4.074446413712419,0.004461184670160751,True
6.530555692665265,13.708112356439218,2.478072219426518,2.4603974159553106,4,-4.074446413712419,0.004423429279603225,True
6.54411939149722,13.715839063015727,2.485798926003027,2.4603974159553106,4,-4.074446413712419,0.004404384525720586,True
6.550510947027974,13.717475958191748,2.487435821179048,2.4603974159553106,4,-4.074446413712419,0.004505491122216072,True
6.5678574544622705,13.722992584263556,2.492952447250858,2.4603974159553106,4,-4.074446413712419,0.004615047888740383,True
6.571040073558069,13.725957772910332,2.4959176358976336,2.4603974159553106,4,-4.074446413712419,0.00471991874014888,True
6.5738334578776705,13.727451911807105,2.4974117747944056,2.4603974159553106,4,-4.074446413712419,0.004768398405295785,True
6.5813485440398996,13.725092744242113,2.4950526072294146,2.4603974159553106,4,-4.074446413712419,0.004690456364238663,True
6.5884395734226695,13.728754571570928,2.498714434558229,2.4603974159553106,4,-4.074446413712419,0.0047696620713139955,True
6.588472885615915,13.735433121715264,2.505392984702565,2.4603974159553106,4,-4.074446413712419,0.0049154350937480875,True
6.595760290440663,13.729029770444521,2.498989633431823,2.4603974159553106,4,-4.074446413712419,0.004836113809526858,True
6.631405986976191,13.737204529594294,2.5071643925815947,2.4603974159553106,4,-4.074446413712419,0.0048607586637450725,True
6.631859186031654,13.743830955569765,2.513790818557066,2.4603974159553106,4,-4.074446413712419,0.0049101821393238865,True
6.636576433654412,13.750340421401589,2.5203002843888886,2.4603974159553106,4,-4.074446413712419,0.0049100919910284,True
6.640156792130378,13.75453290225115,2.524492765238449,2.5630766616147174,4,-4.074446413712419,0.004954742679947962,True
6.6403710090053805,13.757483763780314,2.5274436267676155,2.5630766616147174,4,-4.074446413712419,0.00495570965172518,True
6.640723551778126,13.762168603697182,2.5321284666844828,2.5630766616147174,4,-4.074446413712419,0.005157460452410085,True
6.650220571178044,13.765642695840194,2.5356025588274953,2.5630766616147174,4,-4.074446413712419,0.005251137131380579,True
6.651769545567259,13.770177649927524,2.540137512914823,2.5630766616147174,4,-4.074446413712419,0.005371430177411613,True
6.654000875415133,13.771307634538381,2.541267497525683,2.5630766616147174,4,-4.074446413712419,0.0054379968038303925,True
6.66449027823381,13.780116320470965,2.5500761834582666,2.5630766616147174,4,-4.074446413712419,0.005455541609846698,True
6.665144978874309,13.781558736675926,2.5515185996632272,2.5630766616147174,4,-4.074446413712419,0.005502157057299194,True
6.66673526129305,13.789275329857347,2.5592351928446466,2.5630766616147174,4,-4.074446413712419,0.0055782180549429836,True
6.709016817115773,13.791453274944711,2.5614131379320115,2.5630766616147174,4,-4.074446413712419,0.005640461241835209,True
6.718851846155587,13.79337790347704,2.5633377664643393,2.5630766616147174,4,-4.074446413712419,0.005717928538326768,True
6.727653565070773,13.797086917322712,2.567046780310014,2.5630766616147174,4,-4.074446413712419,0.005728545736571901,True
6.731762674992512,13.800531906100275,2.5704917690875755,2.5630766616147174,4,-4.074446413712419,0.005781376223188322,True
6.7532684462594945,13.808160951220586,2.5781208142078857,2.5630766616147174,4,-4.074446413712419,0.005774284168533736,True
6.753271674787479,13.809649719187535,2.579609582174835,2.5630766616147174,4,-4.074446413712419,0.005730358356272704,True
6.7600777788812545,13.815630384481967,2.5855902474692676,2.5630766616147174,4,-4.074446413712419,0.005721184833972028,True
6.762811171838946,13.819601482012756,2.5895613450000563,2.5630766616147174,4,-4.074446413712419,0.005788739802652551,True
6.770749474544501,13.821341604517158,2.5913014675044574,2.5630766616147174,4,-4.074446413712419,0.005854773397442087,True
6.7872393555417645,13.827082814943985,2.5970426779312867,2.5630766616147174,4,-4.074446413712419,0.005873663585343129,True
6.789285646953535,13.829907419318808,2.5998672823061093,2.5630766616147174,4,-4.074446413712419,0.00594396090389945,True
6.8042937157031895,13.831617119367113,2.6015769823544135,2.5630766616147174,4,-4.074446413712419,0.006022234838883144,True
6.806287548477562,13.838021904228858,2.607981767216159,2.5630766616147174,4,-4.074446413712419,0.006072120994871913,True
6.811758150550417,13.846058718833495,2.6160185818207946,2.5630766616147174,4,-4.074446413712419,0.006041206627409225,True
6.815317542130863,13.836868445787383,2.606828308774684,2.5630766616147174,4,-4.074446413712419,0.005956440590023455,True
6.819491885699439,13.839187747178512,2.6091476101658135,2.5630766616147174,4,-4.074446413712419,0.006022030288370286,True
6.860966176601697,13.843654620602477,2.6136144835897763,2.5630766616147174,4,-4.074446413712419,0.006088235441170784,True
6.861313347528939,13.84495322117836,2.614913084165659,2.5630766616147174,4,-4.074446413712419,0.006129953180183549,True
6.873121367082709,13.84615129673588,2.6161111597231796,2.5630766616147174,4,-4.074446413712419,0.0061847477878546955,True
6.88447411391039,13.849871354130089,2.6198312171173894,2.5630766616147174,4,-4.074446413712419,0.0062478734685536275,True
6.884835490182049,13.852152947607637,2.622112810594939,2.5630766616147174,4,-4.074446413712419,0.006309492144770544,True
6.892636727432764,13.860344846574023,2.6303047095613232,2.5630766616147174,4,-4.074446413712419,0.0063223208804322984,True
6.905605162127711,13.867095318155098,2.6370551811423986,2.5630766616147174,4,-4.074446413712419,0.006356367151052977,True
6.906900896106792,13.871261385629793,2.641221248617094,2.5630766616147174,4,-4.074446413712419,0.006389634443121787,True
6.913221644690923,13.875189792832602,2.6451496558199024,2.5630766616147174,4,-4.074446413712419,0.006582150769662754,True
6.914437938215662,13.878964142410755,2.648924005398054,2.5630766616147174,4,-4.074446413712419,0.006645485833897433,True
6.928474926736717,13.88353527097139,2.65349513395869,2.5630766616147174,4,-4.074446413712419,0.006701358205319569,True
6.931089592183142,13.886301867501784,2.656261730489083,2.5630766616147174,4,-4.074446413712419,0.0066944985360623795,True
6.950589902206597,13.889558119419428,2.659517982406727,2.5630766616147174,4,-4.074446413712419,0.006699087618636376,True
6.963802449192146,13.898674421389348,2.6686342843766493,2.5630766616147174,4,-4.074446413712419,0.006699440385149653,True
6.971597986859795,13.904498844600305,2.674458707587606,2.5630766616147174,4,-4.074446413712419,0.0067841425952710355,True
6.979706782388616,13.911345930110459,2.681305793097758,2.5630766616147174,4,-4.074446413712419,0.006768253625304218,True
6.985121243333398,13.913400604551653,2.6833604675389533,2.5630766616147174,4,-4.074446413712419,0.006884754355779773,True
6.9953954966489444,13.919376287719933,2.689336150707234,2.5630766616147174,4,-4.074446413712419,0.00686941253822754,True
7.0155766847645396,13.922435800825575,2.692395663812874,2.5630766616147174,4,-4.074446413712419,0.006961150458520938,True
7.029259955757094,13.929997067997306,2.699956930984606,2.5630766616147174,4,-4.074446413712419,0.006943208332367317,True
7.032244905326863,13.936896784219714,2.706856647207013,2.5630766616147174,4,-4.074446413712419,0.0070640468622575016,True
7.061915547870219,13.938302098660998,2.7082619616482977,2.5630766616147174,3,-4.074446413712419,0.007115985559128177,True
7.069036806207476,13.94193711102518,2.711896974012479,2.5630766616147174,3,-4.074446413712419,0.007196881159808526,True
7.07092650502251,13.950188226919547,2.720148089906847,2.5630766616147174,3,-4.074446413712419,0.007156607001116432,True
7.074706333079881,13.956590905900208,2.726550768887509,2.5630766616147174,3,-4.074446413712419,0.007192507548052479,True
7.0857261772483,13.964514242431276,2.7344741054185757,2.624989592556501,3,-4.074446413712419,0.007238443000555811,True
7.094759154958216,13.969383810971092,2.7393436739583934,2.624989592556501,3,-4.074446413712419,0.0074180849183060294,True
7.104700518479063,13.975192528216047,2.7451523912033458,2.624989592556501,3,-4.074446413712419,0.007423641001906749,True
7.109498287954366,13.978707134083532,2.7486669970708313,2.624989592556501,3,-4.074446413712419,0.007465546460156129,True
7.109675155565137,13.98343321162543,2.7533930746127293,2.624989592556501,3,-4.074446413712419,0.007563625568059856,True
7.118529941098577,13.9850024119011,2.7549622748884013,2.624989592556501,3,-4.074446413712419,0.007606348719074395,True
7.141892450994852,13.993030301441063,2.7629901644283636,2.624989592556501,3,-4.074446413712419,0.007609226459941022,True
7.162924460366935,13.997130893002835,2.767090755990135,2.624989592556501,3,-4.074446413712419,0.007632680092235029,True
7.1644226993126505,13.998642386818812,2.768602249806113,2.624989592556501,3,-4.074446413712419,0.007673305397709254,True
7.168984870362078,14.00092075302397,2.770880616011271,2.624989592556501,3,-4.074446413712419,0.007724905913020248,True
7.169416719499875,14.007723415151428,2.7776832781387286,2.6898082117286997,3,-4.074446413712419,0.007745864022053931,True
7.172573789068797,14.011476330937644,2.781436193924943,2.6898082117286997,3,-4.074446413712419,0.007794334175913096,True
7.186329151697666,14.015613133339565,2.7855729963268674,2.6898082117286997,3,-4.074446413712419,0.007846352997633916,True
7.209704634461687,14.01735381168445,2.7873136746717493,2.6898082117286997,3,-4.074446413712419,0.007941779053691216,True
7.214545825603873,14.019903371736874,2.7898632347241725,2.6898082117286997,3,-4.074446413712419,0.007928603464502658,True
7.219547799934851,14.022838282712364,2.792798145699664,2.6898082117286997,3,-4.074446413712419,0.00798803604890852,True
7.222154192679968,14.02749532424626,2.7974551872335605,2.6898082117286997,3,-4.074446413712419,0.008040355740358284,True
7.254198669047331,14.036737428328253,2.806697291315554,2.6898082117286997,3,-4.074446413712419,0.008026603834240253,True
7.2662009210244145,14.037925830852636,2.807885693839937,2.6898082117286997,3,-4.074446413712419,0.008089970842630271,True
7.283489429084153,14.040275794770515,2.8102356577578167,2.6898082117286997,3,-4.074446413712419,0.008143882365783166,True
7.285529365315565,14.042295575227408,2.812255438214708,2.6898082117286997,3,-4.074446413712419,0.008213358273696956,True
7.293430831809021,14.044101669497294,2.8140615324845943,2.6898082117286997,3,-4.074446413712419,0.008274696439858903,True
7.29415001358556,14.051383785706678,2.8213436486939774,2.6898082117286997,3,-4.074446413712419,0.008248428310364824,True
7.318500963458661,14.05853340193021,2.8284932649175105,2.6898082117286997,3,-4.074446413712419,0.008219376717887018,True
7.32060511461825,14.06684917415632,2.8368090371436216,2.6898082117286997,3,-4.074446413712419,0.008172072547167729,True
7.327268667125736,14.068636573448634,2.838596436435935,2.6898082117286997,3,-4.074446413712419,0.00824382397954393,True
7.332850327127221,14.073385663774966,2.8433455267622674,2.6898082117286997,3,-4.074446413712419,0.008283985771704696,True
7.333166115956184,14.079710739775852,2.8496706027631507,2.6898082117286997,3,-4.074446413712419,0.008307387674891607,True
7.345779543041882,14.082150024535265,2.852109887522565,2.6898082117286997,3,-4.074446413712419,0.008362410947323961,True
7.37593728989566,14.088259358702851,2.858219221690151,2.6898082117286997,3,-4.074446413712419,0.008423654145022516,True
7.393307614413528,14.092257897361327,2.8622177603486265,2.6898082117286997,3,-4.074446413712419,0.008594792189283934,True
7.414334162443742,14.09805928266778,2.8680191456550808,2.6898082117286997,3,-4.074446413712419,0.008589318121539609,True
7.422080130466952,14.104825522537789,2.8747853855250907,2.6898082117286997,3,-4.074446413712419,0.008599390608154369,True
7.443907018145003,14.10619443341564,2.876154296402939,2.6898082117286997,3,-4.074446413712419,0.008635055816186961,True
7.450271362495744,14.11017588268704,2.8801357456743393,2.6898082117286997,3,-4.074446413712419,0.00868088446538381,True
7.451364556294189,14.113934481024826,2.8838943440121256,2.6898082117286997,3,-4.074446413712419,0.00871630659409846,True
7.454139352080861,14.115175340895235,2.8851352038825353,2.6898082117286997,3,-4.074446413712419,0.00876686630665621,True
7.463633902252398,14.11830937807229,2.888269241059591,2.6898082117286997,3,-4.074446413712419,0.008845547540834936,True
7.476869302035881,14.125331165927737,2.895291028915037,2.6898082117286997,3,-4.074446413712419,0.008941849083763331,True
7.482448484839298,14.12889331005403,2.89885317304133,2.6898082117286997,3,-4.074446413712419,0.008973850951551409,True
7.489751256891213,14.132678320077789,2.9026381830650907,2.6898082117286997,3,-4.074446413712419,0.009042133153307484,True
7.505784387815817,14.140558050794448,2.9105179137817476,2.6898082117286997,3,-4.074446413712419,0.009060798831786076,True
7.534037161677432,14.149639930272869,2.91959979326017,2.6898082117286997,3,-4.074446413712419,0.009036029409038625,True
7.552775970395071,14.154656883959447,2.924616746946747,2.6898082117286997,3,-4.074446413712419,0.00919294350128566,True
7.57259049304197,14.159541434208004,2.929501297195303,2.6898082117286997,3,-4.074446413712419,0.009269508988341448,True
7.579237547778858,14.164373302081344,2.9343331650686433,2.6898082117286997,3,-4.074446413712419,0.009308942916545795,True
7.586894564158842,14.166535590258496,2.936495453245795,2.6898082117286997,3,-4.074446413712419,0.009421073029105892,True
7.610484942525159,14.170818390556015,2.940778253543316,2.6898082117286997,3,-4.074446413712419,0.009458535915984459,True
7.616405900737002,14.172289962513853,2.942249825501152,2.6898082117286997,3,-4.074446413712419,0.00950425503567373,True
7.6346243394751,14.17466107027395,2.9446209332612505,2.6898082117286997,3,-4.074446413712419,0.00954555743241446,True
7.65121291894632,14.182056069603846,2.9520159325911464,2.6898082117286997,3,-4.074446413712419,0.009505952944630717,True
7.65187804075022,14.185089375659768,2.955049238647068,2.6898082117286997,3,-4.074446413712419,0.009554881665850095,True
7.6739613284418295,14.186664719225075,2.956624582212375,2.6898082117286997,3,-4.074446413712419,0.009589634942856924,True
7.680426924927596,14.188304070384948,2.9582639333722467,2.6898082117286997,3,-4.074446413712419,0.009626679126133311,True
7.680846210039777,14.190711592431917,2.960671455419216,2.6898082117286997,3,-4.074446413712419,0.009673129687146483,True
7.714949886872853,14.19641776150925,2.966377624496551,2.6898082117286997,3,-4.074446413712419,0.009658851540248769,True
7.719656938620694,14.200153627876382,2.970113490863683,2.6898082117286997,3,-4.074446413712419,0.009682918604864664,True
7.735258974253394,14.20505612729781,2.97501599028511,2.6898082117286997,3,-4.074446413712419,0.00970879713015875,True
7.778552133493103,14.211411864198087,2.9813717271853877,2.6898082117286997,3,-4.074446413712419,0.009748544540685236,True
7.801368771033067,14.219924576669648,2.9898844396569486,2.6898082117286997,3,-4.074446413712419,0.00971557641158086,True
7.828462958084876,14.221789083622436,2.9917489466097362,2.6898082117286997,3,-4.074446413712419,0.009772083478643398,True
7.848185441315178,14.225374679286114,2.9953345422734143,2.6898082117286997,3,-4.074446413712419,0.00979531319481042,True
7.862591135220342,14.227233182299805,2.997193045287107,2.6898082117286997,3,-4.074446413712419,0.009860231361656945,True
7.871162395245143,14.229342061693492,2.9993019246807915,2.6898082117286997,3,-4.074446413712419,0.009921532664864775,True
7.876173200725569,14.233365949688618,3.0033258126759184,2.6898082117286997,3,-4.074446413712419,0.010071404252335419,True
7.88495713657109,14.235918013781868,3.0058778767691683,2.6898082117286997,3,-4.074446413712419,0.010116017981125056,True
7.904726666347856,14.23775895195336,3.007718814940661,2.6898082117286997,3,-4.074446413712419,0.010204778368114597,True
7.90480300974078,14.239002052444325,3.008961915431625,2.6898082117286997,3,-4.074446413712419,0.010264422534736674,True
7.910006601878631,14.242923360139963,3.0128832231272655,2.6898082117286997,3,-4.074446413712419,0.01032054519016942,True
7.912387503400311,14.246108890586733,3.016068753574034,2.6898082117286997,3,-4.074446413712419,0.010386576422343969,True
7.921670015306685,14.253099271665265,3.0230591346525637,2.6898082117286997,3,-4.074446413712419,0.010459111834087145,True
7.924410095334726,14.260551133687713,3.0305109966750132,2.6898082117286997,3,-4.074446413712419,0.010453912985999753,True
7.930384181919322,14.265538728247945,3.0354985912352457,2.6898082117286997,3,-4.074446413712419,0.010481647815619713,True
7.976234294224505,14.27309154390951,3.04305140689681,2.6898082117286997,3,-4.074446413712419,0.010433962924621643,True
7.999041444721414,14.277269213935323,3.0472290769226245,2.6898082117286997,3,-4.074446413712419,0.010463403652004979,True
8.004545610031421,14.282779578273052,3.052739441260353,2.6898082117286997,3,-4.074446413712419,0.010442104502196285,True
8.012155608873345,14.287895596876767,3.057855459864067,2.6898082117286997,3,-4.074446413712419,0.010575129942298773,True
8.03273429837232,14.292299495067791,3.0622593580550923,2.6898082117286997,3,-4.074446413712419,0.010599313688072057,True
8.037740463208797,14.297298313006298,3.0672581759935973,2.6898082117286997,3,-4.074446413712419,0.01065564924361044,True
8.046638577956182,14.29873375724976,3.068693620237062,2.6898082117286997,3,-4.074446413712419,0.01068545853322451,True
8.054666560869249,14.300012926198896,3.0699727891861976,2.6898082117286997,3,-4.074446413712419,0.010731967729565344,True
8.074763691970254,14.302466160971878,3.072426023959179,2.6898082117286997,3,-4.074446413712419,0.010771323477242984,True
8.08384770213642,14.305583928894618,3.0755437918819184,2.6898082117286997,3,-4.074446413712419,0.010810327291358652,True
8.103407623088358,14.308038484143685,3.0779983471309844,2.6898082117286997,3,-4.074446413712419,0.010841895536033843,True
8.133342909189917,14.313063422338276,3.0830232853255746,2.6898082117286997,3,-4.074446413712419,0.010855125043558879,True
8.17721215812335,14.319605953804073,3.0895658167913727,2.7414120339059878,3,-4.074446413712419,0.010875736601661681,True
8.185330896335726,14.32113864432572,3.091098507313019,2.7414120339059878,3,-4.074446413712419,0.010915319630485315,True
8.191009395554627,14.322771521150885,3.092731384138184,2.7414120339059878,3,-4.074446413712419,0.010944440281963199,True
8.20444655647477,14.326355010911147,3.0963148738984474,2.7625522886673437,3,-4.074446413712419,0.010960078326003622,True
8.20998615014476,14.3286189654806,3.0985788284678994,2.7625522886673437,3,-4.074446413712419,0.011066574983246813,True
8.256688690294599,14.330322325524014,3.100282188511315,2.7625522886673437,3,-4.074446413712419,0.011098163756516337,True
8.273890997968774,14.335442463425075,3.1054023264123747,2.7625522886673437,3,-4.074446413712419,0.01111550674827002,True
8.292125644098785,14.343025680773172,3.1129855437604705,2.7625522886673437,3,-4.074446413712419,0.011061994299778537,True
8.327481267759865,14.34706678790516,3.11702665089246,2.7625522886673437,3,-4.074446413712419,0.01110665130736044,True
8.339184373405795,14.353566229355204,3.1235260923425043,2.7625522886673437,3,-4.074446413712419,0.011081270437238467,True
8.358842528613799,14.35756496649834,3.1275248294856404,2.7625522886673437,3,-4.074446413712419,0.0112093538578898,True
8.358979668129662,14.360776045139238,3.1307359081265362,2.7625522886673437,3,-4.074446413712419,0.011263419785505562,True
8.360632811498057,14.367529949557794,3.1374898125450943,2.7625522886673437,3,-4.074446413712419,0.011315176577188012,True
8.372918322704479,14.369444202918498,3.139404065905798,2.7625522886673437,3,-4.074446413712419,0.011366828097642107,True
8.407422389738958,14.371365917379357,3.1413257803666585,2.7625522886673437,3,-4.074446413712419,0.011424774736521814,True
8.434221165282537,14.37402148635317,3.1439813493404705,2.7625522886673437,3,-4.074446413712419,0.011459397467236739,True
8.450586457438677,14.37851621444737,3.1484760774346694,2.7625522886673437,3,-4.074446413712419,0.011471786795622121,True
8.463196699074384,14.381002522136045,3.1509623851233455,2.7625522886673437,3,-4.074446413712419,0.011504511032410165,True
8.470870356438462,14.38615700278482,3.156116865772121,2.7625522886673437,3,-4.074446413712419,0.011613508380122282,True
8.472837407678904,14.388347331088683,3.1583071940759826,2.7625522886673437,3,-4.074446413712419,0.011666697855409964,True
8.502354617082668,14.3934028879114,3.1633627508986994,2.7625522886673437,3,-4.074446413712419,0.01170457432702427,True
8.513094539356658,14.396589320481043,3.1665491834683444,2.7625522886673437,3,-4.074446413712419,0.011734385907383998,True
8.524862147564589,14.401698858932063,3.1716587219193637,2.7971232792614362,3,-4.074446413712419,0.01173670580139087,True
8.549194580014811,14.405253932586868,3.1752137955741695,2.7971232792614362,3,-4.074446413712419,0.011745929308427265,True
8.55785921289715,14.409611531202891,3.1795713941901895,2.7971232792614362,3,-4.074446413712419,0.011760427188333714,True
8.56704866116224,14.410904632167036,3.180864495154336,2.7971232792614362,3,-4.074446413712419,0.011815949419923455,True
8.569880077238968,14.417546943761801,3.187506806749102,2.7971232792614362,3,-4.074446413712419,0.01181991441675919,True
8.57276986271671,14.420074100593462,3.1900339635807624,2.7971232792614362,3,-4.074446413712419,0.011842481365484903,True
8.608237514123001,14.425299351563599,3.195259214550899,2.856928749487939,3,-4.074446413712419,0.011850791079890868,True
8.63332148147549,14.427235084187554,3.197194947174854,2.856928749487939,3,-4.074446413712419,0.011932195036026843,True
8.666666183718396,14.42873218640374,3.1986920493910413,2.856928749487939,3,-4.074446413712419,0.011956506913699962,True
8.670764628321855,14.430044399766452,3.2000042627537533,2.856928749487939,3,-4.074446413712419,0.011998646592666983,True
8.712701463701505,14.431727468053827,3.201687331041127,2.856928749487939,3,-4.074446413712419,0.012022471550146135,True
8.73994458303155,14.435869111974785,3.2058289749620856,2.856928749487939,3,-4.074446413712419,0.012056543875599153,True
8.747744441919721,14.440811961860312,3.210771824847614,2.856928749487939,3,-4.074446413712419,0.012014716522044144,True
8.765837276516592,14.442399577008933,3.212359439996233,2.856928749487939,3,-4.074446413712419,0.01204838224870462,True
8.791825780307265,14.44868536320068,3.2186452261879803,2.856928749487939,3,-4.074446413712419,0.012081593015768086,True
8.800623843695465,14.4518937537286,3.2218536167159004,2.856928749487939,3,-4.074446413712419,0.012124601450444979,True
8.838501849588983,14.455812057761186,3.225771920748486,2.856928749487939,3,-4.074446413712419,0.012230715180217148,True
8.844229718328098,14.45757214358916,3.2275320065764617,2.856928749487939,3,-4.074446413712419,0.012257180488692407,True
8.844242535142337,14.460078322400157,3.2300381853874574,2.856928749487939,3,-4.074446413712419,0.01228380683588441,True
8.851383871041419,14.462436089670577,3.2323959526578783,2.856928749487939,3,-4.074446413712419,0.012383578579136457,True
8.861665623850731,14.466985923525776,3.236945786513077,2.8617977892242816,3,-4.074446413712419,0.012385770324499406,True
8.880590327633756,14.470486155285379,3.2404460182726775,2.8617977892242816,3,-4.074446413712419,0.012389747042328843,True
8.907737579395821,14.4756352255764,3.2455950885637015,2.8617977892242816,3,-4.074446413712419,0.012382912279436893,True
8.92373181008953,14.477589552624538,3.2475494156118376,2.8617977892242816,3,-4.074446413712419,0.012429761373489143,True
8.925999878001667,14.482707243975497,3.2526671069627957,2.8617977892242816,3,-4.074446413712419,0.012516182447225166,True
8.937313740685708,14.485944921910795,3.2559047848980964,2.8617977892242816,3,-4.074446413712419,0.012537667897663552,True
8.95447461298032,14.492565683534433,3.2625255465217333,2.8617977892242816,3,-4.074446413712419,0.01252759458634947,True
8.958750398312743,14.494541492508313,3.2645013554956135,2.8617977892242816,3,-4.074446413712419,0.012578591167738896,True
8.963669732489974,14.499581897079336,3.2695417600666348,2.8617977892242816,3,-4.074446413712419,0.012600056373215748,True
8.990596143866178,14.502329600754171,3.2722894637414712,2.8617977892242816,3,-4.074446413712419,0.012625315767245482,True
9.04016924046155,14.504917105580112,3.2748769685674124,2.8617977892242816,3,-4.074446413712419,0.012639733698787594,True
9.087390534628442,14.507179727977507,3.277139590964808,2.8617977892242816,3,-4.074446413712419,0.012685086937481056,True
9.123649920566065,14.511694501789764,3.281654364777065,2.8617977892242816,3,-4.074446413712419,0.012686291629904761,True
9.145304782474419,14.515914749332703,3.2858746123200024,2.8796647143038365,3,-4.074446413712419,0.012710790576553927,True
9.147925320540908,14.518774303482326,3.288734166469626,2.8796647143038365,3,-4.074446413712419,0.012656116294294638,True
9.215346274437135,14.52431684925812,3.2942767122454213,2.8796647143038365,3,-4.074446413712419,0.012673012926289993,True
9.216174624570296,14.526829439699064,3.296789302686364,2.8796647143038365,3,-4.074446413712419,0.012694119700380922,True
9.234658195186592,14.530005355872404,3.2999652188597053,2.8796647143038365,3,-4.074446413712419,0.012727130223872752,True
9.236103518843406,14.531730360745648,3.301690223732949,2.8796647143038365,3,-4.074446413712419,0.012746064021784447,True
9.249755909867346,14.533067813485427,3.3030276764727278,2.8796647143038365,3,-4.074446413712419,0.012797188472064595,True
9.263772449440298,14.537631819036823,3.307591682024123,2.8974572303573813,3,-4.074446413712419,0.012790809413750236,True
9.280107147451274,14.54276835487969,3.3127282178669897,2.8974572303573813,3,-4.074446413712419,0.012776518278892096,True
9.298798805389591,14.54410790977563,3.3140677727629297,2.8974572303573813,3,-4.074446413712419,0.01281417571496434,True
9.300855588961673,14.545660763021523,3.315620626008825,2.8974572303573813,3,-4.074446413712419,0.012833463403506232,True
9.31204836063552,14.549440828576532,3.3194006915638323,2.8974572303573813,3,-4.074446413712419,0.01291850778235169,True
9.329041084708448,14.555879863280675,3.325839726267974,2.8974572303573813,3,-4.074446413712419,0.012897016266716905,True
9.354350319645922,14.559150033800279,3.32910989678758,2.8974572303573813,3,-4.074446413712419,0.012911109280668479,True
9.354829007251967,14.560785422063647,3.330745285050948,2.8974572303573813,3,-4.074446413712419,0.012939187410309272,True
9.375501718143186,14.565776543045502,3.335736406032802,2.8974572303573813,3,-4.074446413712419,0.013005057931006538,True
9.392683931466884,14.567799536640994,3.3377593996282933,2.8974572303573813,3,-4.074446413712419,0.013078688461634142,True
9.419097063082754,14.572738347980755,3.3426982109680567,2.8974572303573813,3,-4.074446413712419,0.013085935258104187,True
9.439758650982808,14.574546792628176,3.344506655615475,2.8974572303573813,3,-4.074446413712419,0.013107679111485391,True
9.477719843522397,14.576530678675454,3.3464905416627526,2.8974572303573813,3,-4.074446413712419,0.013149848217356756,True
9.50314678649079,14.57916509006652,3.3491249530538196,2.8974572303573813,3,-4.074446413712419,0.013157041021825855,True
9.507755836380733,14.581606977665336,3.351566840652636,2.8974572303573813,3,-4.074446413712419,0.013249221657807356,True
9.51345520389883,14.58362667353214,3.3535865365194404,2.8974572303573813,3,-4.074446413712419,0.013293436515634511,True
9.537056197220798,14.584165902626205,3.354125765613505,2.8974572303573813,3,-4.074446413712419,0.013229451831393,True
9.541647308518389,14.588440375019102,3.358400238006402,2.9700838522266073,3,-4.074446413712419,0.01324546613121067,True
9.550995241549735,14.591266815417098,3.3612266784043987,2.9700838522266073,3,-4.074446413712419,0.013262144747635847,True
9.628033035287583,14.5957879515393,3.365747814526601,2.9700838522266073,3,-4.074446413712419,0.013265392733059878,True
9.654918523522591,14.600320526156182,3.3702803891434816,2.9700838522266073,3,-4.074446413712419,0.013252024007083241,True
9.658612291387946,14.603433631391615,3.3733934943789152,2.9700838522266073,3,-4.074446413712419,0.013276185919061701,True
9.693249772355916,14.60807538646482,3.3780352494521217,2.9700838522266073,3,-4.074446413712419,0.01326588255624208,True
9.711518357025724,14.610399696891596,3.380359559878895,2.9700838522266073,3,-4.074446413712419,0.013303833839306872,True
9.758289934067323,14.612157627998492,3.382117490985793,2.9700838522266073,3,-4.074446413712419,0.013318324519913088,True
9.762224585299322,14.615440626521467,3.3854004895087684,2.9700838522266073,3,-4.074446413712419,0.013325987334539834,True
9.776430989898424,14.619023509691338,3.388983372678638,2.9700838522266073,3,-4.074446413712419,0.013392264740313154,True
9.816313210386125,14.623786114976399,3.393745977963698,2.9700838522266073,3,-4.074446413712419,0.01343958329009166,True
9.866198076907319,14.6285241910205,3.3984840540078,2.9700838522266073,3,-4.074446413712419,0.013434860897059274,True
9.934799933145037,14.629885431985292,3.3998452949725926,2.9700838522266073,3,-4.074446413712419,0.01346908957029584,True
9.94583599037203,14.63148714429637,3.40144700728367,2.9700838522266073,3,-4.074446413712419,0.013483890081370086,True
9.949134090814603,14.633162264479454,3.4031221274667547,2.9700838522266073,3,-4.074446413712419,0.013506773171885342,True
9.9493781381964,14.634537556970079,3.404497419957378,2.9700838522266073,3,-4.074446413712419,0.013553341068429457,True
9.959372950437185,14.637204473490705,3.4071643364780066,2.9700838522266073,3,-4.074446413712419,0.013554262557530535,True
10.02739437451463,14.640496386949126,3.4104562499364253,2.9700838522266073,3,-4.074446413712419,0.013546817702974414,True
10.031698315069578,14.642498709162265,3.412458572149564,2.9700838522266073,3,-4.074446413712419,0.01358449031780776,True
10.039863626375523,14.644346216654446,3.4143060796417477,2.9700838522266073,3,-4.074446413712419,0.013601954362814861,True
10.068456802338488,14.646398699258807,3.4163585622461086,2.9700838522266073,3,-4.074446413712419,0.01363966832984674,True
10.070257500966404,14.649419257614047,3.4193791206013486,2.9700838522266073,3,-4.074446413712419,0.013656163171672463,True
10.112300785390639,14.652309121892182,3.4222689848794823,2.9700838522266073,3,-4.074446413712419,0.013665145668295181,True
10.175517539618484,14.65482359612544,3.424783459112739,2.9700838522266073,3,-4.074446413712419,0.013749109023452475,True
10.17946737144045,14.656924096415558,3.4268839594028573,2.9700838522266073,3,-4.074446413712419,0.013814782277136348,True
10.229115977128961,14.660254864023104,3.4302147270104033,2.9700838522266073,3,-4.074446413712419,0.013864735055752293,True
10.24731095341697,14.664680374094763,3.434640237082063,2.9700838522266073,3,-4.074446413712419,0.013895670593089913,True
10.263462731045792,14.669410533878949,3.43937039686625,2.9700838522266073,3,-4.074446413712419,0.01387568739243188,True
10.276409086513699,14.67119182629743,3.4411516892847307,2.9700838522266073,3,-4.074446413712419,0.01388620547935848,True
10.30266948658488,14.675621506202095,3.445581369189394,2.9700838522266073,3,-4.074446413712419,0.01387168077831482,True
10.341769382519763,14.677995567393852,3.4479554303811524,2.9700838522266073,3,-4.074446413712419,0.013902731387634027,True
10.406693682571433,14.680679931533824,3.450639794521124,2.9700838522266073,3,-4.074446413712419,0.013898327780427922,True
10.545475822756158,14.682386027468773,3.4523458904560744,2.9700838522266073,3,-4.074446413712419,0.013916448071709388,True
10.575698896048973,14.683763237183767,3.453723100171067,2.9700838522266073,3,-4.074446413712419,0.013946524028949778,True
10.582540488111688,14.685772508410894,3.4557323713981942,2.9700838522266073,3,-4.074446413712419,0.013979929012978424,True
10.598063776963249,14.687415294399273,3.4573751573865725,2.9700838522266073,3,-4.074446413712419,0.013990803283216112,True
10.62068764231999,14.689488812524601,3.4594486755119003,2.9700838522266073,3,-4.074446413712419,0.014022385062474252,True
10.641085718892345,14.691365319125719,3.461325182113019,2.9700838522266073,3,-4.074446413712419,0.014036024492504996,True
10.662072899504937,14.692771161833797,3.4627310248210956,2.9700838522266073,3,-4.074446413712419,0.014077983461317067,True
10.667625559726492,14.69580076855396,3.4657606315412615,2.9700838522266073,3,-4.074446413712419,0.014113657927560965,True
10.671425421867962,14.698737093148948,3.4686969561362484,3.0544863939760996,3,-4.074446413712419,0.014115885510546586,True
10.787738613736336,14.700531824729449,3.4704916877167484,3.0544863939760996,3,-4.074446413712419,0.014122905648147752,True
10.831127048364948,14.705302679712716,3.475262542700016,3.0544863939760996,3,-4.074446413712419,0.014095016771267415,True
10.850906156980253,14.707876460751592,3.4778363237388943,3.0544863939760996,3,-4.074446413712419,0.014170382919661814,True
10.974375731960725,14.710287194429394,3.4802470574166944,3.0544863939760996,3,-4.074446413712419,0.014195134296094297,True
10.989868611970222,14.712453264356565,3.4824131273438654,3.0544863939760996,3,-4.074446413712419,0.014252858813206171,True
11.127254554860688,14.714457912615096,3.484417775602397,3.0544863939760996,3,-4.074446413712419,0.01428225894157783,True
11.14058571092014,14.716185683170409,3.4861455461577093,3.0544863939760996,3,-4.074446413712419,0.014296090414254106,True
11.167135172605864,14.718268083826096,3.488227946813398,3.0544863939760996,3,-4.074446413712419,0.014321991714874345,True
11.221195319477248,14.719655889037945,3.489615752025245,3.0544863939760996,3,-4.074446413712419,0.014346345833309803,True
11.225384256195976,14.722620320651785,3.492580183639086,3.0544863939760996,3,-4.074446413712419,0.014342773970987552,True
11.240004274524551,14.724515242879175,3.494475105866475,3.0544863939760996,3,-4.074446413712419,0.014353040249159916,True
11.253906826502348,14.72619058696685,3.4961504499541496,3.0544863939760996,3,-4.074446413712419,0.014360540062843317,True
11.289748563828002,14.727988712746527,3.4979485757338256,3.0544863939760996,3,-4.074446413712419,0.014364528333055246,True
11.383796827650409,14.729417200904024,3.499377063891324,3.0544863939760996,3,-4.074446413712419,0.014401920624560005,True
11.393207896335804,14.734171589434101,3.5041314524214027,3.0544863939760996,3,-4.074446413712419,0.014367822001388397,True
11.530071357161983,14.736789834481613,3.5067496974689134,3.0544863939760996,3,-4.074446413712419,0.014434452435496483,True
11.605873129692622,14.739223305808153,3.509183168795453,3.0544863939760996,3,-4.074446413712419,0.014453560426262642,True
11.663042070105753,14.741211956289838,3.5111718192771373,3.0544863939760996,3,-4.074446413712419,0.014479242966103282,True
11.70508674802397,14.743290975696079,3.51325083868338,3.0544863939760996,3,-4.074446413712419,0.014499966126597017,True
11.731308182163005,14.745030795747203,3.5149906587345026,3.0544863939760996,3,-4.074446413712419,0.01450999414319159,True
11.771358627659337,14.748003998192612,3.517963861179913,3.0544863939760996,3,-4.074446413712419,0.014501560473400864,True
11.819680508394136,14.750221520308344,3.5201813832956437,3.0544863939760996,3,-4.074446413712419,0.014551494916734058,True
11.833312419711246,14.75212396728008,3.5220838302673787,3.0544863939760996,3,-4.074446413712419,0.014558822052843461,True
11.868979128082968,14.753516457891758,3.523476320879058,3.0544863939760996,3,-4.074446413712419,0.014577934674434214,True
11.90972774822976,14.755215275152082,3.5251751381393825,3.0544863939760996,3,-4.074446413712419,0.014582581107563107,True
11.946727765822848,14.759886962209128,3.5298468251964272,3.093839109589621,3,-4.074446413712419,0.014543882246539042,True
12.110381675586748,14.761329715896501,3.531289578883801,3.093839109589621,3,-4.074446413712419,0.014576830819751358,True
12.209167211754188,14.763976304071814,3.533936167059113,3.093839109589621,3,-4.074446413712419,0.014634809794833826,True
12.233027399549522,14.766418033983186,3.536377896970487,3.093839109589621,3,-4.074446413712419,0.014648915779046274,True
12.314685784882094,14.768160152346741,3.538120015334042,3.093839109589621,3,-4.074446413712419,0.01465561154153464,True
12.417895673285132,14.7700592221122,3.5400190850994995,3.093839109589621,3,-4.074446413712419,0.014660409110570712,True
12.51399257504723,14.771449342058254,3.541409205045554,3.093839109589621,3,-4.074446413712419,0.014675838202138145,True
12.561953427410339,14.773162176186078,3.5431220391733778,3.093839109589621,3,-4.074446413712419,0.014678107622898453,True
12.664378068582526,14.775414987107924,3.5453748500952247,3.093839109589621,3,-4.074446413712419,0.01472052801334337,True
12.837650315848087,14.77686338587727,3.54682324886457,3.093839109589621,3,-4.074446413712419,0.014749225667977504,True
12.852499968374635,14.779298614539332,3.549258477526633,3.093839109589621,3,-4.074446413712419,0.01475891717787706,True
12.88442814517334,14.781956407516457,3.5519162705037566,3.093839109589621,3,-4.074446413712419,0.014808523090462669,True
13.152755420570056,14.783336977826867,3.553296840814166,3.093839109589621,3,-4.074446413712419,0.01482121614882642,True
13.20716880510673,14.785054218206188,3.555014081193487,3.093839109589621,3,-4.074446413712419,0.014821534315020209,True
13.519224787363656,14.787324396814704,3.557284259802005,3.093839109589621,3,-4.074446413712419,0.014856809396211264,True
13.552267999789763,14.789975691538244,3.559935554525543,3.093839109589621,3,-4.074446413712419,0.014898482262924027,True
13.561501104536902,14.791421052165155,3.5613809151524567,3.093839109589621,3,-4.074446413712419,0.014923171234281213,True
14.278008896099296,14.792854861873469,3.562814724860769,3.093839109589621,3,-4.074446413712419,0.01494413574257571,True
14.3793847599941,14.795123092742138,3.5650829557294377,3.093839109589621,3,-4.074446413712419,0.01497270701444575,True
15.240005900404809,14.797369131063167,3.567328994050468,3.093839109589621,3,-4.074446413712419,0.014995073070366636,True
16.09636904055864,14.799572435165544,3.5695322981528443,3.093839109589621,3,-4.074446413712419,0.015011775217397242,True
