d_dark,d_bright,type,active_baseline,active_joint,evidence,image_id,split,condition,view,region_true_type,region_margin
-0.08724470436573029,0.022362301126122475,bright,True,False,0.3576590563587389,419882,evaluation_t007,clean,full,,
-0.027627594769001007,0.12774114310741425,bright,True,True,2.1793915425223767,419882,evaluation_t007,clean,top_left,,
-0.04881859943270683,0.03450179472565651,bright,True,False,0.5675200629901539,419882,evaluation_t007,clean,top_right,,
-0.005219055339694023,0.044825583696365356,bright,True,False,0.7459921489860986,419882,evaluation_t007,clean,bottom_left,,
-0.03521231561899185,0.012144292704761028,bright,True,False,0.18101564734886894,419882,evaluation_t007,clean,bottom_right,,
0.10854694247245789,0.04782981052994728,dark,True,True,1.0806706901424141,419882,evaluation_t007,homogeneous_dark,full,,
0.16427648067474365,0.10952020436525345,dark,True,True,1.8230284981068192,419882,evaluation_t007,homogeneous_dark,top_left,,
0.12281030416488647,0.022330747917294502,dark,True,True,1.2706689973553826,419882,evaluation_t007,homogeneous_dark,top_right,,
0.2117237150669098,0.059638313949108124,dark,True,True,2.455060021308946,419882,evaluation_t007,homogeneous_dark,bottom_left,,
0.15377432107925415,0.05084586888551712,dark,True,True,1.6831321266726815,419882,evaluation_t007,homogeneous_dark,bottom_right,,
-0.04061400145292282,0.113491490483284,bright,True,True,1.9330512467490222,419882,evaluation_t007,homogeneous_bright,full,,
-0.02435554563999176,0.23844940960407257,bright,True,True,4.0932562403298265,419882,evaluation_t007,homogeneous_bright,top_left,,
-0.016957402229309082,0.1939566433429718,bright,True,True,3.3240893357293517,419882,evaluation_t007,homogeneous_bright,top_right,,
0.04305288940668106,0.2234092354774475,bright,True,True,3.83324983592376,419882,evaluation_t007,homogeneous_bright,bottom_left,,
-0.035628244280815125,0.22213104367256165,bright,True,True,3.8111531465814905,419882,evaluation_t007,homogeneous_bright,bottom_right,,
0.057470884174108505,0.1313728243112564,bright,True,True,2.242174085052154,419882,evaluation_t007,left_right,full,,
0.16427648067474365,0.10952020436525345,dark,True,True,1.8230284981068192,419882,evaluation_t007,left_right,top_left,dark,0.054756276309490204
-0.016957402229309082,0.1939566433429718,bright,True,True,3.3240893357293517,419882,evaluation_t007,left_right,top_right,bright,0.21091404557228088
0.2117237150669098,0.059638313949108124,dark,True,True,2.455060021308946,419882,evaluation_t007,left_right,bottom_left,dark,0.15208540111780167
-0.035628244280815125,0.22213104367256165,bright,True,True,3.8111531465814905,419882,evaluation_t007,left_right,bottom_right,bright,0.25775928795337677
0.08755679428577423,0.16540688276290894,bright,True,True,2.8305364996664153,419882,evaluation_t007,quadrants,full,,
0.16427648067474365,0.10952020436525345,dark,True,True,1.8230284981068192,419882,evaluation_t007,quadrants,top_left,dark,0.054756276309490204
-0.016957402229309082,0.1939566433429718,bright,True,True,3.3240893357293517,419882,evaluation_t007,quadrants,top_right,bright,0.21091404557228088
0.04305288940668106,0.2234092354774475,bright,True,True,3.83324983592376,419882,evaluation_t007,quadrants,bottom_left,bright,0.18035634607076645
0.15377432107925415,0.05084586888551712,dark,True,True,1.6831321266726815,419882,evaluation_t007,quadrants,bottom_right,dark,0.10292845219373703
-0.031413812190294266,0.05968058481812477,bright,True,False,1.0027973825291925,419882,evaluation_t007,smooth_gradient,full,,
0.057182732969522476,0.14347973465919495,bright,True,True,2.451471810034043,419882,evaluation_t007,smooth_gradient,top_left,,
0.025432590395212173,0.17447035014629364,bright,True,True,2.987220826986389,419882,evaluation_t007,smooth_gradient,top_right,,
0.13018319010734558,0.0963641032576561,dark,True,True,1.3688811775236192,419882,evaluation_t007,smooth_gradient,bottom_left,,
0.0043871477246284485,0.20122750103473663,bright,True,True,3.449783995210543,419882,evaluation_t007,smooth_gradient,bottom_right,,
-0.16925865411758423,-0.030515439808368683,bright,False,False,-0.5564627601669062,424721,evaluation_t007,clean,full,,
-0.09277012199163437,-0.01863468624651432,bright,False,False,-0.3510747115150061,424721,evaluation_t007,clean,top_left,,
-0.13412001729011536,-0.1146148219704628,bright,False,False,-2.0103274418283053,424721,evaluation_t007,clean,top_right,,
-0.09424041211605072,0.04992687702178955,bright,True,False,0.8341805518727505,424721,evaluation_t007,clean,bottom_left,,
-0.13816456496715546,-0.1070222407579422,bright,False,False,-1.8790709999408526,424721,evaluation_t007,clean,bottom_right,,
0.06623020768165588,-0.037081461399793625,dark,True,False,0.5169811371178674,424721,evaluation_t007,homogeneous_dark,full,,
0.08843870460987091,-0.07897108793258667,dark,True,False,0.8128143995068554,424721,evaluation_t007,homogeneous_dark,top_left,,
0.05554432049393654,-0.12043796479701996,dark,True,False,0.3746373811004366,424721,evaluation_t007,homogeneous_dark,top_right,,
0.1000993400812149,0.01850457303225994,dark,True,False,0.9681425085709975,424721,evaluation_t007,homogeneous_dark,bottom_left,,
0.04574398323893547,-0.06547453999519348,dark,True,False,0.24408979149855314,424721,evaluation_t007,homogeneous_dark,bottom_right,,
-0.1694573014974594,0.09666463732719421,bright,True,True,1.6421577005872983,424721,evaluation_t007,homogeneous_bright,full,,
-0.06571867316961288,0.20124614238739014,bright,True,True,3.4501062568436796,424721,evaluation_t007,homogeneous_bright,top_left,,
-0.1085989847779274,0.07251902669668198,bright,True,True,1.22474142938106,424721,evaluation_t007,homogeneous_bright,top_right,,
-0.10225186496973038,0.1845473051071167,bright,True,True,3.1614257799787384,424721,evaluation_t007,homogeneous_bright,bottom_left,,
-0.15800859034061432,-0.010319091379642487,bright,False,False,-0.2073192002004538,424721,evaluation_t007,homogeneous_bright,bottom_right,,
-0.07200980186462402,0.0015116259455680847,bright,False,False,-0.002796150974107754,424721,evaluation_t007,left_right,full,,
0.08843870460987091,-0.07897108793258667,dark,True,False,0.8128143995068554,424721,evaluation_t007,left_right,top_left,dark,0.16740979254245758
-0.1085989847779274,0.07251902669668198,bright,True,True,1.22474142938106,424721,evaluation_t007,left_right,top_right,bright,0.18111801147460938
0.1000993400812149,0.01850457303225994,dark,True,False,0.9681425085709975,424721,evaluation_t007,left_right,bottom_left,dark,0.08159476704895496
-0.15800859034061432,-0.010319091379642487,bright,False,False,-0.2073192002004538,424721,evaluation_t007,left_right,bottom_right,bright,0.14768949896097183
-0.023561112582683563,0.06174078956246376,bright,True,False,1.0384130890633094,424721,evaluation_t007,quadrants,full,,
0.08843870460987091,-0.07897108793258667,dark,True,False,0.8128143995068554,424721,evaluation_t007,quadrants,top_left,dark,0.16740979254245758
-0.1085989847779274,0.07251902669668198,bright,True,True,1.22474142938106,424721,evaluation_t007,quadrants,top_right,bright,0.18111801147460938
-0.10225186496973038,0.1845473051071167,bright,True,True,3.1614257799787384,424721,evaluation_t007,quadrants,bottom_left,bright,0.2867991700768471
0.04574398323893547,-0.06547453999519348,dark,True,False,0.24408979149855314,424721,evaluation_t007,quadrants,bottom_right,dark,0.11121852323412895
-0.15688356757164001,-0.03112988919019699,bright,False,False,-0.5670850291056607,424721,evaluation_t007,smooth_gradient,full,,
-0.053743988275527954,-0.07477232813835144,dark,False,False,-1.0811620378674587,424721,evaluation_t007,smooth_gradient,top_left,,
-0.1354956030845642,-0.0333113968372345,bright,False,False,-0.6047977546841802,424721,evaluation_t007,smooth_gradient,top_right,,
-0.05367986112833023,0.015132632106542587,bright,True,False,0.23267644438889296,424721,evaluation_t007,smooth_gradient,bottom_left,,
-0.1576334536075592,-0.07026442140340805,bright,False,False,-1.243621678429258,424721,evaluation_t007,smooth_gradient,bottom_right,,
-0.2072971910238266,-0.11936034262180328,bright,False,False,-2.0923654389420157,425226,evaluation_t007,clean,full,,
-0.11414313316345215,-0.04811884090304375,bright,False,False,-0.8607808475381012,425226,evaluation_t007,clean,top_left,,
-0.1384422481060028,-0.14645031094551086,dark,False,False,-2.2094041969523524,425226,evaluation_t007,clean,top_right,,
-0.031513601541519165,-0.04022249951958656,dark,False,False,-0.7850371874127875,425226,evaluation_t007,clean,bottom_left,,
-0.08554191887378693,-0.13781121373176575,dark,False,False,-1.5047335013711636,425226,evaluation_t007,clean,bottom_right,,
0.011758577078580856,-0.11895258724689484,dark,False,False,-0.2086204306533694,425226,evaluation_t007,homogeneous_dark,full,,
0.04620855301618576,-0.04883437231183052,dark,True,False,0.25027819737111234,425226,evaluation_t007,homogeneous_dark,top_left,,
0.1130528599023819,-0.13213062286376953,dark,True,True,1.140692773476487,425226,evaluation_t007,homogeneous_dark,top_right,,
0.21613384783267975,-0.002781815826892853,dark,True,True,2.513806183549614,425226,evaluation_t007,homogeneous_dark,bottom_left,,
0.16322213411331177,-0.09560180455446243,dark,True,True,1.8089838383549592,425226,evaluation_t007,homogeneous_dark,bottom_right,,
-0.21109023690223694,0.010517634451389313,bright,True,False,0.15289485831439134,425226,evaluation_t007,homogeneous_bright,full,,
-0.1313054859638214,0.07465630769729614,bright,True,True,1.2616895885909551,425226,evaluation_t007,homogeneous_bright,top_left,,
-0.16420188546180725,-0.02081739902496338,bright,False,False,-0.38880827075426094,425226,evaluation_t007,homogeneous_bright,top_right,,
-0.11786526441574097,-0.01456882432103157,bright,False,False,-0.2807862872483707,425226,evaluation_t007,homogeneous_bright,bottom_left,,
-0.11636830866336823,-0.018473871052265167,bright,False,False,-0.3482946253219503,425226,evaluation_t007,homogeneous_bright,bottom_right,,
-0.0855630487203598,-0.08837243914604187,dark,False,False,-1.5050149662296652,425226,evaluation_t007,left_right,full,,
0.04620855301618576,-0.04883437231183052,dark,True,False,0.25027819737111234,425226,evaluation_t007,left_right,top_left,dark,0.09504292532801628
-0.16420188546180725,-0.02081739902496338,bright,False,False,-0.38880827075426094,425226,evaluation_t007,left_right,top_right,bright,0.14338448643684387
0.21613384783267975,-0.002781815826892853,dark,True,True,2.513806183549614,425226,evaluation_t007,left_right,bottom_left,dark,0.2189156636595726
-0.11636830866336823,-0.018473871052265167,bright,False,False,-0.3482946253219503,425226,evaluation_t007,left_right,bottom_right,bright,0.09789443761110306
-0.08373720943927765,-0.04754313454031944,bright,False,False,-0.8508283469815648,425226,evaluation_t007,quadrants,full,,
0.04620855301618576,-0.04883437231183052,dark,True,False,0.25027819737111234,425226,evaluation_t007,quadrants,top_left,dark,0.09504292532801628
-0.16420188546180725,-0.02081739902496338,bright,False,False,-0.38880827075426094,425226,evaluation_t007,quadrants,top_right,bright,0.14338448643684387
-0.11786526441574097,-0.01456882432103157,bright,False,False,-0.2807862872483707,425226,evaluation_t007,quadrants,bottom_left,bright,0.1032964400947094
0.16322213411331177,-0.09560180455446243,dark,True,True,1.8089838383549592,425226,evaluation_t007,quadrants,bottom_right,dark,0.2588239386677742
-0.2051597535610199,-0.12148159742355347,bright,False,False,-2.129036545884574,425226,evaluation_t007,smooth_gradient,full,,
-0.062281444668769836,-0.06720848381519318,dark,False,False,-1.1948871398174115,425226,evaluation_t007,smooth_gradient,top_left,,
-0.15856117010116577,-0.1118866503238678,bright,False,False,-1.9631642843766888,425226,evaluation_t007,smooth_gradient,top_right,,
0.040056321769952774,-0.029251430183649063,dark,True,False,0.16832602174988465,425226,evaluation_t007,smooth_gradient,bottom_left,,
-0.1155809760093689,-0.10199323296546936,bright,False,False,-1.792132230293485,425226,evaluation_t007,smooth_gradient,bottom_right,,
-0.1063418909907341,-0.08991863578557968,bright,False,False,-1.5833931179026883,426376,evaluation_t007,clean,full,,
-0.0751490443944931,-0.088152676820755,dark,False,False,-1.366292886828599,426376,evaluation_t007,clean,top_left,,
-0.13088171184062958,-0.1012178510427475,bright,False,False,-1.7787278465362863,426376,evaluation_t007,clean,top_right,,
-0.08214306086301804,-0.09341266751289368,dark,False,False,-1.4594582512282661,426376,evaluation_t007,clean,bottom_left,,
-0.10451021790504456,-0.1110820397734642,dark,False,False,-1.7574049812342467,426376,evaluation_t007,clean,bottom_right,,
0.2058744728565216,-0.04441549628973007,dark,True,True,2.377143879068626,426376,evaluation_t007,homogeneous_dark,full,,
0.16550977528095245,-0.043131884187459946,dark,True,True,1.83945687540857,426376,evaluation_t007,homogeneous_dark,top_left,,
0.08761715143918991,-0.07977104932069778,dark,True,False,0.8018707163078451,426376,evaluation_t007,homogeneous_dark,top_right,,
0.16362275183200836,-0.12061963975429535,dark,True,True,1.814320356493757,426376,evaluation_t007,homogeneous_dark,bottom_left,,
0.14726878702640533,-0.10498121380805969,dark,True,True,1.5964737018068433,426376,evaluation_t007,homogeneous_dark,bottom_right,,
0.06613083183765411,0.2091381996870041,bright,True,True,3.5865398795240657,426376,evaluation_t007,homogeneous_bright,full,,
0.12871673703193665,0.18400336802005768,bright,True,True,3.152022489495621,426376,evaluation_t007,homogeneous_bright,top_left,,
0.05751496180891991,0.16767781972885132,bright,True,True,2.869795230993351,426376,evaluation_t007,homogeneous_bright,top_right,,
0.06418566405773163,0.2281195968389511,bright,True,True,3.914680018230608,426376,evaluation_t007,homogeneous_bright,bottom_left,,
0.10569359362125397,0.2687278389930725,bright,True,True,4.616693368797661,426376,evaluation_t007,homogeneous_bright,bottom_right,,
0.17337197065353394,0.026389479637145996,dark,True,True,1.9441870115419804,426376,evaluation_t007,left_right,full,,
0.16550977528095245,-0.043131884187459946,dark,True,True,1.83945687540857,426376,evaluation_t007,left_right,top_left,dark,0.2086416594684124
0.05751496180891991,0.16767781972885132,bright,True,True,2.869795230993351,426376,evaluation_t007,left_right,top_right,bright,0.11016285791993141
0.16362275183200836,-0.12061963975429535,dark,True,True,1.814320356493757,426376,evaluation_t007,left_right,bottom_left,dark,0.2842423915863037
0.10569359362125397,0.2687278389930725,bright,True,True,4.616693368797661,426376,evaluation_t007,left_right,bottom_right,bright,0.16303424537181854
0.15035027265548706,0.14065733551979065,dark,True,True,1.637521321985851,426376,evaluation_t007,quadrants,full,,
0.16550977528095245,-0.043131884187459946,dark,True,True,1.83945687540857,426376,evaluation_t007,quadrants,top_left,dark,0.2086416594684124
0.05751496180891991,0.16767781972885132,bright,True,True,2.869795230993351,426376,evaluation_t007,quadrants,top_right,bright,0.11016285791993141
0.06418566405773163,0.2281195968389511,bright,True,True,3.914680018230608,426376,evaluation_t007,quadrants,bottom_left,bright,0.16393393278121948
0.14726878702640533,-0.10498121380805969,dark,True,True,1.5964737018068433,426376,evaluation_t007,quadrants,bottom_right,dark,0.252250000834465
-0.05019965395331383,0.000980852171778679,bright,False,False,-0.0119718812092862,426376,evaluation_t007,smooth_gradient,full,,
0.016320744529366493,-0.08140069246292114,dark,False,False,-0.14784905630537823,426376,evaluation_t007,smooth_gradient,top_left,,
-0.033195123076438904,0.07313156872987747,bright,True,True,1.2353307251071515,426376,evaluation_t007,smooth_gradient,top_right,,
-0.014758270233869553,-0.12333826720714569,dark,False,False,-0.5618440402505889,426376,evaluation_t007,smooth_gradient,bottom_left,,
-0.01238705962896347,0.15392398834228516,bright,True,True,2.632026424893044,426376,evaluation_t007,smooth_gradient,bottom_right,,
-0.10197467356920242,-0.14816376566886902,dark,False,False,-1.723629694449704,429109,evaluation_t007,clean,full,,
-0.18710832297801971,-0.1945907473564148,dark,False,False,-2.8576715580255203,429109,evaluation_t007,clean,top_left,,
-0.1821368932723999,-0.1538189947605133,bright,False,False,-2.6880679998189394,429109,evaluation_t007,clean,top_right,,
-0.09049183875322342,-0.136875718832016,dark,False,False,-1.5706700188775513,429109,evaluation_t007,clean,bottom_left,,
-0.11247112601995468,-0.12149709463119507,dark,False,False,-1.86345004258285,429109,evaluation_t007,clean,bottom_right,,
0.25869041681289673,-0.06776644289493561,dark,True,True,3.0806905016641344,429109,evaluation_t007,homogeneous_dark,full,,
0.019760917872190475,-0.1911255419254303,dark,False,False,-0.1020234560191077,429109,evaluation_t007,homogeneous_dark,top_left,,
0.13976775109767914,-0.10772466659545898,dark,True,True,1.4965544710158187,429109,evaluation_t007,homogeneous_dark,top_right,,
0.19514532387256622,-0.09736624360084534,dark,True,True,2.2342238445953106,429109,evaluation_t007,homogeneous_dark,bottom_left,,
0.15344828367233276,-0.06444469094276428,dark,True,True,1.6787890722974952,429109,evaluation_t007,homogeneous_dark,bottom_right,,
-0.06871622800827026,0.0014127586036920547,bright,False,False,-0.004505316164480465,429109,evaluation_t007,homogeneous_bright,full,,
-0.20655933022499084,-0.042352378368377686,bright,False,False,-0.761093358739243,429109,evaluation_t007,homogeneous_bright,top_left,,
-0.16144530475139618,0.07138748466968536,bright,True,True,1.2051799421670977,429109,evaluation_t007,homogeneous_bright,top_right,,
-0.10447188466787338,0.09603830426931381,bright,True,True,1.6313299930774596,429109,evaluation_t007,homogeneous_bright,bottom_left,,
-0.11960631608963013,0.03373178094625473,bright,True,False,0.554208480794376,429109,evaluation_t007,homogeneous_bright,bottom_right,,
0.096270352602005,-0.06099087744951248,dark,True,False,0.9171376224104151,429109,evaluation_t007,left_right,full,,
0.019760917872190475,-0.1911255419254303,dark,False,False,-0.1020234560191077,429109,evaluation_t007,left_right,top_left,dark,0.21088645979762077
-0.16144530475139618,0.07138748466968536,bright,True,True,1.2051799421670977,429109,evaluation_t007,left_right,top_right,bright,0.23283278942108154
0.19514532387256622,-0.09736624360084534,dark,True,True,2.2342238445953106,429109,evaluation_t007,left_right,bottom_left,dark,0.29251156747341156
-0.11960631608963013,0.03373178094625473,bright,True,False,0.554208480794376,429109,evaluation_t007,left_right,bottom_right,bright,0.15333809703588486
0.11401030421257019,-0.006065577268600464,dark,True,True,1.1534466250655573,429109,evaluation_t007,quadrants,full,,
0.019760917872190475,-0.1911255419254303,dark,False,False,-0.1020234560191077,429109,evaluation_t007,quadrants,top_left,dark,0.21088645979762077
-0.16144530475139618,0.07138748466968536,bright,True,True,1.2051799421670977,429109,evaluation_t007,quadrants,top_right,bright,0.23283278942108154
-0.10447188466787338,0.09603830426931381,bright,True,True,1.6313299930774596,429109,evaluation_t007,quadrants,bottom_left,bright,0.2005101889371872
0.15344828367233276,-0.06444469094276428,dark,True,True,1.6787890722974952,429109,evaluation_t007,quadrants,bottom_right,dark,0.21789297461509705
-0.09000256657600403,-0.13091425597667694,dark,False,False,-1.5641525591480236,429109,evaluation_t007,smooth_gradient,full,,
-0.12060984969139099,-0.21428126096725464,dark,False,False,-1.9718637359177011,429109,evaluation_t007,smooth_gradient,top_left,,
-0.1633056402206421,-0.027149591594934464,bright,False,False,-0.49827579475123446,429109,evaluation_t007,smooth_gradient,top_right,,
-0.00823616236448288,-0.15910515189170837,dark,False,False,-0.4749648401457744,429109,evaluation_t007,smooth_gradient,bottom_left,,
-0.12185442447662354,-0.04378262907266617,bright,False,False,-0.7858187601801064,429109,evaluation_t007,smooth_gradient,bottom_right,,
-0.11755450814962387,-0.11654549092054367,bright,False,False,-2.0437038035367987,429623,evaluation_t007,clean,full,,
-0.0798865482211113,-0.13041511178016663,dark,False,False,-1.429399868680586,429623,evaluation_t007,clean,top_left,,
-0.10525922477245331,-0.1140291690826416,dark,False,False,-1.7673822951359262,429623,evaluation_t007,clean,top_right,,
-0.13063955307006836,-0.16324961185455322,dark,False,False,-2.1054666483929876,429623,evaluation_t007,clean,bottom_left,,
-0.12349031865596771,-0.182023823261261,dark,False,False,-2.010233668550033,429623,evaluation_t007,clean,bottom_right,,
0.04995863884687424,-0.08678308129310608,dark,True,False,0.3002320564331293,429623,evaluation_t007,homogeneous_dark,full,,
0.11093653738498688,-0.09679651260375977,dark,True,True,1.1125018249124337,429623,evaluation_t007,homogeneous_dark,top_left,,
0.09299798309803009,-0.11370809376239777,dark,True,False,0.873547290780487,429623,evaluation_t007,homogeneous_dark,top_right,,
0.058790527284145355,-0.15735381841659546,dark,True,False,0.4178792064360671,429623,evaluation_t007,homogeneous_dark,bottom_left,,
0.012640036642551422,-0.1833440065383911,dark,False,False,-0.19687875091177037,429623,evaluation_t007,homogeneous_dark,bottom_right,,
-0.14650341868400574,-0.01590394601225853,bright,False,False,-0.3038671497076649,429623,evaluation_t007,homogeneous_bright,full,,
-0.12675857543945312,-0.06132373958826065,bright,False,False,-1.0890600016744683,429623,evaluation_t007,homogeneous_bright,top_left,,
-0.13509657979011536,0.007146015763282776,bright,True,False,0.09460813605025271,429623,evaluation_t007,homogeneous_bright,top_right,,
-0.17307928204536438,-0.018621966242790222,bright,False,False,-0.3508548149629788,429623,evaluation_t007,homogeneous_bright,bottom_left,,
-0.18128617107868195,-0.07100194692611694,bright,False,False,-1.2563716211960625,429623,evaluation_t007,homogeneous_bright,bottom_right,,
-0.031069383025169373,-0.03716827929019928,dark,False,False,-0.7791198750737252,429623,evaluation_t007,left_right,full,,
0.11093653738498688,-0.09679651260375977,dark,True,True,1.1125018249124337,429623,evaluation_t007,left_right,top_left,dark,0.20773304998874664
-0.13509657979011536,0.007146015763282776,bright,True,False,0.09460813605025271,429623,evaluation_t007,left_right,top_right,bright,0.14224259555339813
0.058790527284145355,-0.15735381841659546,dark,True,False,0.4178792064360671,429623,evaluation_t007,left_right,bottom_left,dark,0.21614434570074081
-0.18128617107868195,-0.07100194692611694,bright,False,False,-1.2563716211960625,429623,evaluation_t007,left_right,bottom_right,bright,0.110284224152565
-0.004221456125378609,-0.005151056684553623,dark,False,False,-0.42148604560661157,429623,evaluation_t007,quadrants,full,,
0.11093653738498688,-0.09679651260375977,dark,True,True,1.1125018249124337,429623,evaluation_t007,quadrants,top_left,dark,0.20773304998874664
-0.13509657979011536,0.007146015763282776,bright,True,False,0.09460813605025271,429623,evaluation_t007,quadrants,top_right,bright,0.14224259555339813
-0.17307928204536438,-0.018621966242790222,bright,False,False,-0.3508548149629788,429623,evaluation_t007,quadrants,bottom_left,bright,0.15445731580257416
0.012640036642551422,-0.1833440065383911,dark,False,False,-0.19687875091177037,429623,evaluation_t007,quadrants,bottom_right,dark,0.19598404318094254
-0.12352971732616425,-0.07808947563171387,bright,False,False,-1.378896988213243,429623,evaluation_t007,smooth_gradient,full,,
-0.04486483335494995,-0.1558534950017929,dark,False,False,-0.962885264076674,429623,evaluation_t007,smooth_gradient,top_left,,
-0.13218796253204346,-0.07754012197256088,bright,False,False,-1.3694000589582267,429623,evaluation_t007,smooth_gradient,top_right,,
-0.07359503209590912,-0.18684090673923492,dark,False,False,-1.3455923176019333,429623,evaluation_t007,smooth_gradient,bottom_left,,
-0.14643405377864838,-0.13805632293224335,bright,False,False,-2.415571445497402,429623,evaluation_t007,smooth_gradient,bottom_right,,
0.0004809154197573662,-0.025818824768066406,dark,False,False,-0.35884705118662624,438304,evaluation_t007,clean,full,,
-0.09332035481929779,-0.11177892982959747,dark,False,False,-1.6083479012777493,438304,evaluation_t007,clean,top_left,,
-0.09596937894821167,-0.06368612498044968,bright,False,False,-1.1298996439866622,438304,evaluation_t007,clean,top_right,,
-0.06217174604535103,-0.12034010142087936,dark,False,False,-1.1934258747101663,438304,evaluation_t007,clean,bottom_left,,
-0.07337874174118042,-0.013999095186591148,bright,False,False,-0.2709371177850332,438304,evaluation_t007,clean,bottom_right,,
0.13288837671279907,-0.04588732495903969,dark,True,True,1.4049162221936422,438304,evaluation_t007,homogeneous_dark,full,,
0.030033035203814507,-0.11546282470226288,dark,True,False,0.03480858586464911,438304,evaluation_t007,homogeneous_dark,top_left,,
0.03980812802910805,-0.10927173495292664,dark,True,False,0.16501990138091271,438304,evaluation_t007,homogeneous_dark,top_right,,
0.06456758081912994,-0.11648225784301758,dark,True,False,0.49483374324125945,438304,evaluation_t007,homogeneous_dark,bottom_left,,
0.013815879821777344,-0.08258974552154541,dark,False,False,-0.18121566822352642,438304,evaluation_t007,homogeneous_dark,bottom_right,,
-0.04734858125448227,0.09834323823451996,bright,True,True,1.6711764461597916,438304,evaluation_t007,homogeneous_bright,full,,
-0.06764440983533859,0.14536115527153015,bright,True,True,2.4839967930874476,438304,evaluation_t007,homogeneous_bright,top_left,,
-0.07111531496047974,0.11099670827388763,bright,True,True,1.88992279979221,438304,evaluation_t007,homogeneous_bright,top_right,,
-0.051717113703489304,0.08210153877735138,bright,True,True,1.3903987209985758,438304,evaluation_t007,homogeneous_bright,bottom_left,,
-0.11748524755239487,0.07313264161348343,bright,True,True,1.2353492725392743,438304,evaluation_t007,homogeneous_bright,bottom_right,,
0.058682896196842194,0.032162874937057495,dark,True,False,0.4164454824071835,438304,evaluation_t007,left_right,full,,
0.030033035203814507,-0.11546282470226288,dark,True,False,0.03480858586464911,438304,evaluation_t007,left_right,top_left,dark,0.14549585990607738
-0.07111531496047974,0.11099670827388763,bright,True,True,1.88992279979221,438304,evaluation_t007,left_right,top_right,bright,0.18211202323436737
0.06456758081912994,-0.11648225784301758,dark,True,False,0.49483374324125945,438304,evaluation_t007,left_right,bottom_left,dark,0.18104983866214752
-0.11748524755239487,0.07313264161348343,bright,True,True,1.2353492725392743,438304,evaluation_t007,left_right,bottom_right,bright,0.1906178891658783
0.03778582066297531,0.08648694306612015,bright,True,True,1.4662112209995695,438304,evaluation_t007,quadrants,full,,
0.030033035203814507,-0.11546282470226288,dark,True,False,0.03480858586464911,438304,evaluation_t007,quadrants,top_left,dark,0.14549585990607738
-0.07111531496047974,0.11099670827388763,bright,True,True,1.88992279979221,438304,evaluation_t007,quadrants,top_right,bright,0.18211202323436737
-0.051717113703489304,0.08210153877735138,bright,True,True,1.3903987209985758,438304,evaluation_t007,quadrants,bottom_left,bright,0.13381865248084068
0.013815879821777344,-0.08258974552154541,dark,False,False,-0.18121566822352642,438304,evaluation_t007,quadrants,bottom_right,dark,0.09640562534332275
0.009914573282003403,0.008414741605520248,dark,False,False,-0.23318389664399794,438304,evaluation_t007,smooth_gradient,full,,
-0.06255339086055756,-0.13343825936317444,dark,False,False,-1.1985096600343748,438304,evaluation_t007,smooth_gradient,top_left,,
-0.08727478981018066,0.025221392512321472,bright,True,False,0.4070854835354014,438304,evaluation_t007,smooth_gradient,top_right,,
-0.0243937149643898,-0.14881935715675354,dark,False,False,-0.6901951420118773,438304,evaluation_t007,smooth_gradient,bottom_left,,
-0.08208134025335312,0.048077359795570374,bright,True,False,0.80220709732178,438304,evaluation_t007,smooth_gradient,bottom_right,,
-0.185946986079216,0.02811894193291664,bright,True,False,0.4571767524326243,439773,evaluation_t007,clean,full,,
-0.08711478859186172,-0.02756286785006523,bright,False,False,-0.5054202913653216,439773,evaluation_t007,clean,top_left,,
-0.17066852748394012,0.06441139429807663,bright,True,True,1.084581060860078,439773,evaluation_t007,clean,top_right,,
-0.0522201806306839,-0.09295779466629028,dark,False,False,-1.060863816502699,439773,evaluation_t007,clean,bottom_left,,
-0.07244797050952911,-0.03208976611495018,bright,False,False,-0.583678862779143,439773,evaluation_t007,clean,bottom_right,,
0.036499351263046265,0.03776353597640991,bright,True,False,0.6239072834818385,439773,evaluation_t007,homogeneous_dark,full,,
0.191367968916893,0.013110138475894928,dark,True,True,2.183906741040305,439773,evaluation_t007,homogeneous_dark,top_left,,
0.09709108620882034,0.08569489419460297,dark,True,False,0.9280703884252098,439773,evaluation_t007,homogeneous_dark,top_right,,
0.12433933466672897,-0.09111800044775009,dark,True,True,1.2910367909577338,439773,evaluation_t007,homogeneous_dark,bottom_left,,
0.18842321634292603,-0.005991488695144653,dark,True,True,2.1446805041769603,439773,evaluation_t007,homogeneous_dark,bottom_right,,
-0.23182843625545502,0.14064566791057587,bright,True,True,2.402477995271568,439773,evaluation_t007,homogeneous_bright,full,,
-0.14418888092041016,0.0908706784248352,bright,True,True,1.5419948694394832,439773,evaluation_t007,homogeneous_bright,top_left,,
-0.17421722412109375,0.21988160908222198,bright,True,True,3.772266136706686,439773,evaluation_t007,homogeneous_bright,top_right,,
-0.12536031007766724,-0.02702147886157036,bright,False,False,-0.49606105103349607,439773,evaluation_t007,homogeneous_bright,bottom_left,,
-0.11515572667121887,0.09113959968090057,bright,True,True,1.5466438348217484,439773,evaluation_t007,homogeneous_bright,bottom_right,,
-0.09169110655784607,0.07169793546199799,bright,True,True,1.2105468477344559,439773,evaluation_t007,left_right,full,,
0.191367968916893,0.013110138475894928,dark,True,True,2.183906741040305,439773,evaluation_t007,left_right,top_left,dark,0.17825783044099808
-0.17421722412109375,0.21988160908222198,bright,True,True,3.772266136706686,439773,evaluation_t007,left_right,top_right,bright,0.39409883320331573
0.12433933466672897,-0.09111800044775009,dark,True,True,1.2910367909577338,439773,evaluation_t007,left_right,bottom_left,dark,0.21545733511447906
-0.11515572667121887,0.09113959968090057,bright,True,True,1.5466438348217484,439773,evaluation_t007,left_right,bottom_right,bright,0.20629532635211945
-0.05660891532897949,0.11519470065832138,bright,True,True,1.9624954240458357,439773,evaluation_t007,quadrants,full,,
0.191367968916893,0.013110138475894928,dark,True,True,2.183906741040305,439773,evaluation_t007,quadrants,top_left,dark,0.17825783044099808
-0.17421722412109375,0.21988160908222198,bright,True,True,3.772266136706686,439773,evaluation_t007,quadrants,top_right,bright,0.39409883320331573
-0.12536031007766724,-0.02702147886157036,bright,False,False,-0.49606105103349607,439773,evaluation_t007,quadrants,bottom_left,bright,0.09833883121609688
0.18842321634292603,-0.005991488695144653,dark,True,True,2.1446805041769603,439773,evaluation_t007,quadrants,bottom_right,dark,0.19441470503807068
-0.18997299671173096,0.056904904544353485,bright,True,False,0.9548129215988812,439773,evaluation_t007,smooth_gradient,full,,
-0.011560292914509773,-0.04277627170085907,dark,False,False,-0.5192446663942586,439773,evaluation_t007,smooth_gradient,top_left,,
-0.1997252106666565,0.12836873531341553,bright,True,True,2.1902410175046376,439773,evaluation_t007,smooth_gradient,top_right,,
-0.008795090019702911,-0.10520157963037491,dark,False,False,-0.48241016128649056,439773,evaluation_t007,smooth_gradient,bottom_left,,
-0.11626975238323212,0.01520444080233574,bright,True,False,0.23391783432501173,439773,evaluation_t007,smooth_gradient,bottom_right,,
-0.2458590865135193,-0.051516808569431305,bright,False,False,-0.9195230767029542,447200,evaluation_t007,clean,full,,
-0.22862230241298676,-0.09026023745536804,bright,False,False,-1.5892985430096722,447200,evaluation_t007,clean,top_left,,
-0.196782648563385,0.02150813490152359,bright,True,False,0.34289269215621915,447200,evaluation_t007,clean,top_right,,
-0.1932862102985382,0.045801419764757156,bright,True,False,0.76286187571241,447200,evaluation_t007,clean,bottom_left,,
-0.2289552390575409,-0.057423997670412064,bright,False,False,-1.0216433703486076,447200,evaluation_t007,clean,bottom_right,,
-0.04031562805175781,-0.08787980675697327,dark,False,False,-0.9022865549217639,447200,evaluation_t007,homogeneous_dark,full,,
0.06853684782981873,-0.021375488489866257,dark,True,False,0.5477072543510195,447200,evaluation_t007,homogeneous_dark,top_left,,
0.0011399644427001476,0.02278819866478443,bright,True,False,0.3650217429034949,447200,evaluation_t007,homogeneous_dark,top_right,,
-0.046476662158966064,-0.0002464987337589264,bright,False,False,-0.033189660551909465,447200,evaluation_t007,homogeneous_dark,bottom_left,,
-0.004592966288328171,-0.08308305591344833,dark,False,False,-0.4264348300232824,447200,evaluation_t007,homogeneous_dark,bottom_right,,
-0.2028512805700302,0.10307390987873077,bright,True,True,1.752957741660856,447200,evaluation_t007,homogeneous_bright,full,,
-0.2703559100627899,0.0609004870057106,bright,True,False,1.0238863924602537,447200,evaluation_t007,homogeneous_bright,top_left,,
-0.12557357549667358,0.1700826734304428,bright,True,True,2.9113690424937455,447200,evaluation_t007,homogeneous_bright,top_right,,
-0.1508048176765442,0.23563134670257568,bright,True,True,4.0445390914298525,447200,evaluation_t007,homogeneous_bright,bottom_left,,
-0.2763451933860779,0.06814730912446976,bright,True,True,1.149165537941246,447200,evaluation_t007,homogeneous_bright,bottom_right,,
-0.11334747076034546,0.04780634120106697,bright,True,False,0.7975218742857467,447200,evaluation_t007,left_right,full,,
0.06853684782981873,-0.021375488489866257,dark,True,False,0.5477072543510195,447200,evaluation_t007,left_right,top_left,dark,0.08991233631968498
-0.12557357549667358,0.1700826734304428,bright,True,True,2.9113690424937455,447200,evaluation_t007,left_right,top_right,bright,0.2956562489271164
-0.046476662158966064,-0.0002464987337589264,bright,False,False,-0.033189660551909465,447200,evaluation_t007,left_right,bottom_left,dark,-0.04623016342520714
-0.2763451933860779,0.06814730912446976,bright,True,True,1.149165537941246,447200,evaluation_t007,left_right,bottom_right,bright,0.34449250251054764
-0.08875734359025955,0.14462462067604065,bright,True,True,2.4712639809350345,447200,evaluation_t007,quadrants,full,,
0.06853684782981873,-0.021375488489866257,dark,True,False,0.5477072543510195,447200,evaluation_t007,quadrants,top_left,dark,0.08991233631968498
-0.12557357549667358,0.1700826734304428,bright,True,True,2.9113690424937455,447200,evaluation_t007,quadrants,top_right,bright,0.2956562489271164
-0.1508048176765442,0.23563134670257568,bright,True,True,4.0445390914298525,447200,evaluation_t007,quadrants,bottom_left,bright,0.3864361643791199
-0.004592966288328171,-0.08308305591344833,dark,False,False,-0.4264348300232824,447200,evaluation_t007,quadrants,bottom_right,dark,0.07849008962512016
-0.23975485563278198,-0.0049881115555763245,bright,False,False,-0.11516010122014449,447200,evaluation_t007,smooth_gradient,full,,
-0.09832543134689331,-0.04952129349112511,bright,False,False,-0.8850256901647232,447200,evaluation_t007,smooth_gradient,top_left,,
-0.1959303617477417,0.10745590925216675,bright,True,True,1.8287113793251817,447200,evaluation_t007,smooth_gradient,top_right,,
-0.14950093626976013,0.024219952523708344,bright,True,False,0.38977313006957226,447200,evaluation_t007,smooth_gradient,bottom_left,,
-0.2690078020095825,-9.066611528396606e-05,bright,False,False,-0.03049571043685527,447200,evaluation_t007,smooth_gradient,bottom_right,,
-0.09377214312553406,-0.15155839920043945,dark,False,False,-1.6143660487001112,451090,evaluation_t007,clean,full,,
-0.10940288007259369,-0.18772080540657043,dark,False,False,-1.8225787845524872,451090,evaluation_t007,clean,top_left,,
-0.15691730380058289,-0.13898822665214539,bright,False,False,-2.4316816935187617,451090,evaluation_t007,clean,top_right,,
-0.16035541892051697,-0.10793975740671158,bright,False,False,-1.8949325320495078,451090,evaluation_t007,clean,bottom_left,,
-0.05505731329321861,-0.08596852421760559,dark,False,False,-1.0986564782078536,451090,evaluation_t007,clean,bottom_right,,
0.1724386066198349,-0.20547156035900116,dark,True,True,1.9317539266745876,451090,evaluation_t007,homogeneous_dark,full,,
0.1233316957950592,-0.19871945679187775,dark,True,True,1.2776143114590286,451090,evaluation_t007,homogeneous_dark,top_left,,
0.09958478063344955,-0.20502164959907532,dark,True,False,0.961288204084857,451090,evaluation_t007,homogeneous_dark,top_right,,
0.08850346505641937,-0.17282670736312866,dark,True,False,0.8136770555541388,451090,evaluation_t007,homogeneous_dark,bottom_left,,
0.11124223470687866,-0.0976843610405922,dark,True,True,1.1165739346248171,451090,evaluation_t007,homogeneous_dark,bottom_right,,
-0.23484060168266296,-0.035761646926403046,bright,False,False,-0.6471563544062776,451090,evaluation_t007,homogeneous_bright,full,,
-0.21752798557281494,-0.004960291087627411,bright,False,False,-0.11467915600106714,451090,evaluation_t007,homogeneous_bright,top_left,,
-0.17382490634918213,0.05668480694293976,bright,True,False,0.9510079931798228,451090,evaluation_t007,homogeneous_bright,top_right,,
-0.12700434029102325,0.10987575352191925,bright,True,True,1.87054433966885,451090,evaluation_t007,homogeneous_bright,bottom_left,,
-0.13022291660308838,-0.033335234969854355,bright,False,False,-0.6052098554416622,451090,evaluation_t007,homogeneous_bright,bottom_right,,
0.04179108887910843,-0.12181215733289719,dark,True,False,0.19143437595528015,451090,evaluation_t007,left_right,full,,
0.1233316957950592,-0.19871945679187775,dark,True,True,1.2776143114590286,451090,evaluation_t007,left_right,top_left,dark,0.32205115258693695
-0.17382490634918213,0.05668480694293976,bright,True,False,0.9510079931798228,451090,evaluation_t007,left_right,top_right,bright,0.2305097132921219
0.08850346505641937,-0.17282670736312866,dark,True,False,0.8136770555541388,451090,evaluation_t007,left_right,bottom_left,dark,0.26133017241954803
-0.13022291660308838,-0.033335234969854355,bright,False,False,-0.6052098554416622,451090,evaluation_t007,left_right,bottom_right,bright,0.09688768163323402
0.01035708375275135,-0.04164116457104683,dark,False,False,-0.227289336709312,451090,evaluation_t007,quadrants,full,,
0.1233316957950592,-0.19871945679187775,dark,True,True,1.2776143114590286,451090,evaluation_t007,quadrants,top_left,dark,0.32205115258693695
-0.17382490634918213,0.05668480694293976,bright,True,False,0.9510079931798228,451090,evaluation_t007,quadrants,top_right,bright,0.2305097132921219
-0.12700434029102325,0.10987575352191925,bright,True,True,1.87054433966885,451090,evaluation_t007,quadrants,bottom_left,bright,0.2368800938129425
0.11124223470687866,-0.0976843610405922,dark,True,True,1.1165739346248171,451090,evaluation_t007,quadrants,bottom_right,dark,0.20892659574747086
-0.08187831938266754,-0.1366305649280548,dark,False,False,-1.4559317029852703,451090,evaluation_t007,smooth_gradient,full,,
-0.018728315830230713,-0.22615015506744385,dark,False,False,-0.6147279226853536,451090,evaluation_t007,smooth_gradient,top_left,,
-0.21282681822776794,-0.0192275270819664,bright,False,False,-0.3613234235786591,451090,evaluation_t007,smooth_gradient,top_right,,
-0.05162549391388893,-0.2049330621957779,dark,False,False,-1.0529421587652343,451090,evaluation_t007,smooth_gradient,bottom_left,,
-0.09923911094665527,-0.06587834656238556,bright,False,False,-1.1677975862831873,451090,evaluation_t007,smooth_gradient,bottom_right,,
0.06397292017936707,-0.05301288142800331,dark,True,False,0.4869124328687473,451155,evaluation_t007,clean,full,,
0.06189941242337227,-0.03180767595767975,dark,True,False,0.4592918079328249,451155,evaluation_t007,clean,top_left,,
-0.01666881889104843,-0.10528148710727692,dark,False,False,-0.5872939319759518,451155,evaluation_t007,clean,top_right,,
0.09879641234874725,-0.022262755781412125,dark,True,False,0.9507865675994456,451155,evaluation_t007,clean,bottom_left,,
0.08129262179136276,-0.04350529983639717,dark,True,False,0.7176234011995659,451155,evaluation_t007,clean,bottom_right,,
0.3716835379600525,-0.02498142421245575,dark,True,True,4.585840704513269,451155,evaluation_t007,homogeneous_dark,full,,
0.32340335845947266,-0.03037571907043457,dark,True,True,3.9427137492515367,451155,evaluation_t007,homogeneous_dark,top_left,,
0.2756093740463257,-0.07900360226631165,dark,True,True,3.306063264654959,451155,evaluation_t007,homogeneous_dark,top_right,,
0.35207247734069824,-0.036231525242328644,dark,True,True,4.324607174811353,451155,evaluation_t007,homogeneous_dark,bottom_left,,
0.3419248163700104,-0.03937080502510071,dark,True,True,4.189432981786068,451155,evaluation_t007,homogeneous_dark,bottom_right,,
0.010047325864434242,-0.0018530413508415222,dark,False,False,-0.23141553610712684,451155,evaluation_t007,homogeneous_bright,full,,
0.027572430670261383,0.13419191539287567,bright,True,True,2.2909090085745794,451155,evaluation_t007,homogeneous_bright,top_left,,
0.02099628746509552,0.0802379846572876,bright,True,True,1.358182604210663,451155,evaluation_t007,homogeneous_bright,top_right,,
0.09479226917028427,0.024397047236561775,dark,True,False,0.8974484806777512,451155,evaluation_t007,homogeneous_bright,bottom_left,,
0.0619044303894043,0.04658025875687599,dark,True,False,0.4593586508743626,451155,evaluation_t007,homogeneous_bright,bottom_right,,
0.2592369019985199,-0.006919704377651215,dark,True,True,3.0879700800990335,451155,evaluation_t007,left_right,full,,
0.32340335845947266,-0.03037571907043457,dark,True,True,3.9427137492515367,451155,evaluation_t007,left_right,top_left,dark,0.3537790775299072
0.02099628746509552,0.0802379846572876,bright,True,True,1.358182604210663,451155,evaluation_t007,left_right,top_right,bright,0.05924169719219208
0.35207247734069824,-0.036231525242328644,dark,True,True,4.324607174811353,451155,evaluation_t007,left_right,bottom_left,dark,0.3883040025830269
0.0619044303894043,0.04658025875687599,dark,True,False,0.4593586508743626,451155,evaluation_t007,left_right,bottom_right,bright,-0.015324171632528305
0.23060373961925507,0.03439418971538544,dark,True,True,2.70655562118489,451155,evaluation_t007,quadrants,full,,
0.32340335845947266,-0.03037571907043457,dark,True,True,3.9427137492515367,451155,evaluation_t007,quadrants,top_left,dark,0.3537790775299072
0.02099628746509552,0.0802379846572876,bright,True,True,1.358182604210663,451155,evaluation_t007,quadrants,top_right,bright,0.05924169719219208
0.09479226917028427,0.024397047236561775,dark,True,False,0.8974484806777512,451155,evaluation_t007,quadrants,bottom_left,bright,-0.0703952219337225
0.3419248163700104,-0.03937080502510071,dark,True,True,4.189432981786068,451155,evaluation_t007,quadrants,bottom_right,dark,0.3812956213951111
0.08467792719602585,-0.054560184478759766,dark,True,False,0.7627181208143907,451155,evaluation_t007,smooth_gradient,full,,
0.1696762591600418,-0.0612427182495594,dark,True,True,1.8949574580290975,451155,evaluation_t007,smooth_gradient,top_left,,
-0.022394515573978424,-0.0584791861474514,dark,False,False,-0.663564358319349,451155,evaluation_t007,smooth_gradient,top_right,,
0.15406835079193115,-0.06147108972072601,dark,True,True,1.687048815380688,451155,evaluation_t007,smooth_gradient,bottom_left,,
0.05573128163814545,-0.007455853745341301,dark,True,False,0.3771278389378165,451155,evaluation_t007,smooth_gradient,bottom_right,,
-0.19066056609153748,-0.08926933258771896,bright,False,False,-1.5721683150231616,451714,evaluation_t007,clean,full,,
-0.17826566100120544,-0.15733882784843445,bright,False,False,-2.748916972549898,451714,evaluation_t007,clean,top_left,,
-0.1570848673582077,-0.16906151175498962,dark,False,False,-2.4577373863024516,451714,evaluation_t007,clean,top_right,,
-0.19836139678955078,-0.18490001559257507,bright,False,False,-3.2253798955308683,451714,evaluation_t007,clean,bottom_left,,
-0.14731699228286743,-0.16315895318984985,dark,False,False,-2.3276222164426317,451714,evaluation_t007,clean,bottom_right,,
0.08870340883731842,-0.04628894478082657,dark,True,False,0.8163404515142052,451714,evaluation_t007,homogeneous_dark,full,,
0.07797577977180481,-0.16949579119682312,dark,True,False,0.6734406634552528,451714,evaluation_t007,homogeneous_dark,top_left,,
0.0973508358001709,-0.14979496598243713,dark,True,False,0.9315304410916203,451714,evaluation_t007,homogeneous_dark,top_right,,
0.04168909043073654,-0.2285582721233368,dark,True,False,0.1900756827560959,451714,evaluation_t007,homogeneous_dark,bottom_left,,
0.055752355605363846,-0.1822580248117447,dark,True,False,0.3774085594428488,451714,evaluation_t007,homogeneous_dark,bottom_right,,
-0.06699647009372711,0.11901597678661346,bright,True,True,2.028555581195287,451714,evaluation_t007,homogeneous_bright,full,,
-0.05009873956441879,0.10983337461948395,bright,True,True,1.869811716099993,451714,evaluation_t007,homogeneous_bright,top_left,,
-0.1279556006193161,0.10058228671550751,bright,True,True,1.7098839065875167,451714,evaluation_t007,homogeneous_bright,top_right,,
0.01785612478852272,0.16098082065582275,bright,True,True,2.7540211292689287,451714,evaluation_t007,homogeneous_bright,bottom_left,,
-0.028151221573352814,0.14264950156211853,bright,True,True,2.437119188809558,451714,evaluation_t007,homogeneous_bright,bottom_right,,
-0.0032013840973377228,0.05630374327301979,bright,True,False,0.9444203703350663,451714,evaluation_t007,left_right,full,,
0.07797577977180481,-0.16949579119682312,dark,True,False,0.6734406634552528,451714,evaluation_t007,left_right,top_left,dark,0.24747157096862793
-0.1279556006193161,0.10058228671550751,bright,True,True,1.7098839065875167,451714,evaluation_t007,left_right,top_right,bright,0.2285378873348236
0.04168909043073654,-0.2285582721233368,dark,True,False,0.1900756827560959,451714,evaluation_t007,left_right,bottom_left,dark,0.27024736255407333
-0.028151221573352814,0.14264950156211853,bright,True,True,2.437119188809558,451714,evaluation_t007,left_right,bottom_right,bright,0.17080072313547134
0.041808802634477615,0.13143327832221985,bright,True,True,2.243219181331638,451714,evaluation_t007,quadrants,full,,
0.07797577977180481,-0.16949579119682312,dark,True,False,0.6734406634552528,451714,evaluation_t007,quadrants,top_left,dark,0.24747157096862793
-0.1279556006193161,0.10058228671550751,bright,True,True,1.7098839065875167,451714,evaluation_t007,quadrants,top_right,bright,0.2285378873348236
0.01785612478852272,0.16098082065582275,bright,True,True,2.7540211292689287,451714,evaluation_t007,quadrants,bottom_left,bright,0.14312469586730003
0.055752355605363846,-0.1822580248117447,dark,True,False,0.3774085594428488,451714,evaluation_t007,quadrants,bottom_right,dark,0.23801038041710854
-0.15733864903450012,-0.039326202124357224,bright,False,False,-0.7087784588130561,451714,evaluation_t007,smooth_gradient,full,,
-0.07049725204706192,-0.14240731298923492,dark,False,False,-1.3043276439512954,451714,evaluation_t007,smooth_gradient,top_left,,
-0.07177423685789108,0.03389555960893631,bright,True,False,0.5570397978285908,451714,evaluation_t007,smooth_gradient,top_right,,
-0.09310086816549301,-0.2408910095691681,dark,False,False,-1.6054241800977078,451714,evaluation_t007,smooth_gradient,bottom_left,,
-0.08090734481811523,-0.010250966995954514,bright,False,False,-0.20614150266145173,451714,evaluation_t007,smooth_gradient,bottom_right,,
0.02688649110496044,0.014056982472538948,dark,False,False,-0.0071056602468112596,455301,evaluation_t007,clean,full,,
-0.031466830521821976,0.009458675980567932,bright,True,False,0.13458815640419228,455301,evaluation_t007,clean,top_left,,
0.023435235023498535,-0.0519382581114769,dark,False,False,-0.0530788906378142,455301,evaluation_t007,clean,top_right,,
-0.05879262089729309,-0.14591242372989655,dark,False,False,-1.1484134805890391,455301,evaluation_t007,clean,bottom_left,,
-0.031568050384521484,-0.12512385845184326,dark,False,False,-0.785762485433214,455301,evaluation_t007,clean,bottom_right,,
0.2329459935426712,-0.022931046783924103,dark,True,True,2.73775613969577,455301,evaluation_t007,homogeneous_dark,full,,
0.24757075309753418,-0.027066893875598907,dark,True,True,2.9325685281592597,455301,evaluation_t007,homogeneous_dark,top_left,,
0.2738114595413208,-0.08782526850700378,dark,True,True,3.2821137414057584,455301,evaluation_t007,homogeneous_dark,top_right,,
0.17421668767929077,-0.14941920340061188,dark,True,True,1.9554392540657726,455301,evaluation_t007,homogeneous_dark,bottom_left,,
0.2835814654827118,-0.051346637308597565,dark,True,True,3.412257295944539,455301,evaluation_t007,homogeneous_dark,bottom_right,,
-0.01158171147108078,0.15572848916053772,bright,True,True,2.6632216601045218,455301,evaluation_t007,homogeneous_bright,full,,
-0.024475358426570892,0.12207368016242981,bright,True,True,2.0814155051425036,455301,evaluation_t007,homogeneous_bright,top_left,,
0.1295887678861618,0.2827260494232178,bright,True,True,4.8586868677704205,455301,evaluation_t007,homogeneous_bright,top_right,,
0.049867309629917145,0.09511597454547882,bright,True,True,1.615385255127475,455301,evaluation_t007,homogeneous_bright,bottom_left,,
0.05696382746100426,0.18398123979568481,bright,True,True,3.151639948708085,455301,evaluation_t007,homogeneous_bright,bottom_right,,
0.16681060194969177,0.10355488955974579,dark,True,True,1.8567848286896786,455301,evaluation_t007,left_right,full,,
0.24757075309753418,-0.027066893875598907,dark,True,True,2.9325685281592597,455301,evaluation_t007,left_right,top_left,dark,0.2746376469731331
0.1295887678861618,0.2827260494232178,bright,True,True,4.8586868677704205,455301,evaluation_t007,left_right,top_right,bright,0.15313728153705597
0.17421668767929077,-0.14941920340061188,dark,True,True,1.9554392540657726,455301,evaluation_t007,left_right,bottom_left,dark,0.32363589107990265
0.05696382746100426,0.18398123979568481,bright,True,True,3.151639948708085,455301,evaluation_t007,left_right,bottom_right,bright,0.12701741233468056
0.17356744408607483,0.15913547575473785,dark,True,True,1.9467908592245078,455301,evaluation_t007,quadrants,full,,
0.24757075309753418,-0.027066893875598907,dark,True,True,2.9325685281592597,455301,evaluation_t007,quadrants,top_left,dark,0.2746376469731331
0.1295887678861618,0.2827260494232178,bright,True,True,4.8586868677704205,455301,evaluation_t007,quadrants,top_right,bright,0.15313728153705597
0.049867309629917145,0.09511597454547882,bright,True,True,1.615385255127475,455301,evaluation_t007,quadrants,bottom_left,bright,0.045248664915561676
0.2835814654827118,-0.051346637308597565,dark,True,True,3.412257295944539,455301,evaluation_t007,quadrants,bottom_right,dark,0.33492810279130936
0.06125336140394211,0.05383602902293205,dark,True,False,0.45068594048643595,455301,evaluation_t007,smooth_gradient,full,,
0.056215301156044006,-0.03371838480234146,dark,True,False,0.38357532944123546,455301,evaluation_t007,smooth_gradient,top_left,,
0.06755378842353821,0.06478781253099442,dark,True,False,0.53461219113165,455301,evaluation_t007,smooth_gradient,top_right,,
-0.0015012472867965698,-0.182633638381958,dark,False,False,-0.38525089391227474,455301,evaluation_t007,smooth_gradient,bottom_left,,
0.0145851606503129,0.014357907697558403,dark,False,False,-0.1709682904773158,455301,evaluation_t007,smooth_gradient,bottom_right,,
-0.14675918221473694,0.03488174080848694,bright,True,False,0.5740883655931157,460841,evaluation_t007,clean,full,,
-0.07683723419904709,0.19076690077781677,bright,True,True,3.268946789614891,460841,evaluation_t007,clean,top_left,,
-0.03930132836103439,-0.03372643515467644,bright,False,False,-0.6119727128794971,460841,evaluation_t007,clean,top_right,,
-0.18401068449020386,0.04278482496738434,bright,True,False,0.7107126146592102,460841,evaluation_t007,clean,bottom_left,,
-0.030422620475292206,-0.04820968955755234,dark,False,False,-0.7705045295264945,460841,evaluation_t007,clean,bottom_right,,
0.20258107781410217,0.09287650883197784,dark,True,True,2.3332734720400055,460841,evaluation_t007,homogeneous_dark,full,,
0.1040821373462677,0.13758255541324615,bright,True,True,2.3495245613540647,460841,evaluation_t007,homogeneous_dark,top_left,,
0.20796695351600647,-0.012265458703041077,dark,True,True,2.4050172368191376,460841,evaluation_t007,homogeneous_dark,top_right,,
0.10621903836727142,0.014379166066646576,dark,True,False,1.0496613216024342,460841,evaluation_t007,homogeneous_dark,bottom_left,,
0.129007488489151,-0.08881857991218567,dark,True,True,1.3532199805308307,460841,evaluation_t007,homogeneous_dark,bottom_right,,
-0.10807016491889954,0.15161193907260895,bright,True,True,2.5920569662712856,460841,evaluation_t007,homogeneous_bright,full,,
0.020202159881591797,0.35335975885391235,bright,True,True,6.079764274475871,460841,evaluation_t007,homogeneous_bright,top_left,,
-0.12485666573047638,-0.024244436994194984,bright,False,False,-0.44805305160859826,460841,evaluation_t007,homogeneous_bright,top_right,,
-0.05453748255968094,0.2608891427516937,bright,True,True,4.481182223262168,460841,evaluation_t007,homogeneous_bright,bottom_left,,
-0.09647657722234726,-0.005781892687082291,bright,False,False,-0.12888256055809083,460841,evaluation_t007,homogeneous_bright,bottom_right,,
-0.06524202227592468,0.030329421162605286,bright,True,False,0.4953903230792697,460841,evaluation_t007,left_right,full,,
0.1040821373462677,0.13758255541324615,bright,True,True,2.3495245613540647,460841,evaluation_t007,left_right,top_left,dark,-0.033500418066978455
-0.12485666573047638,-0.024244436994194984,bright,False,False,-0.44805305160859826,460841,evaluation_t007,left_right,top_right,bright,0.1006122287362814
0.10621903836727142,0.014379166066646576,dark,True,False,1.0496613216024342,460841,evaluation_t007,left_right,bottom_left,dark,0.09183987230062485
-0.09647657722234726,-0.005781892687082291,bright,False,False,-0.12888256055809083,460841,evaluation_t007,left_right,bottom_right,bright,0.09069468453526497
0.06410133093595505,0.15910762548446655,bright,True,True,2.721638343195133,460841,evaluation_t007,quadrants,full,,
0.1040821373462677,0.13758255541324615,bright,True,True,2.3495245613540647,460841,evaluation_t007,quadrants,top_left,dark,-0.033500418066978455
-0.12485666573047638,-0.024244436994194984,bright,False,False,-0.44805305160859826,460841,evaluation_t007,quadrants,top_right,bright,0.1006122287362814
-0.05453748255968094,0.2608891427516937,bright,True,True,4.481182223262168,460841,evaluation_t007,quadrants,bottom_left,bright,0.31542662531137466
0.129007488489151,-0.08881857991218567,dark,True,True,1.3532199805308307,460841,evaluation_t007,quadrants,bottom_right,dark,0.21782606840133667
-0.07315884530544281,0.07631945610046387,bright,True,True,1.290441199620233,460841,evaluation_t007,smooth_gradient,full,,
0.03393988311290741,0.15793944895267487,bright,True,True,2.701443538455139,460841,evaluation_t007,smooth_gradient,top_left,,
-0.09140411019325256,-0.035075731575489044,bright,False,False,-0.6352986204055547,460841,evaluation_t007,smooth_gradient,top_right,,
-0.10902932286262512,-0.01602470502257347,bright,False,False,-0.30595476623439377,460841,evaluation_t007,smooth_gradient,bottom_left,,
-0.07138119637966156,-0.03490598872303963,bright,False,False,-0.6323641976809619,460841,evaluation_t007,smooth_gradient,bottom_right,,
-0.016994938254356384,-0.014238136820495129,bright,False,False,-0.27506954040271414,462031,evaluation_t007,clean,full,,
0.019608303904533386,-0.04432123899459839,dark,False,False,-0.10405638459072863,462031,evaluation_t007,clean,top_left,,
-0.010532055050134659,0.0422123521566391,bright,True,False,0.7008160140022666,462031,evaluation_t007,clean,top_right,,
-0.002488456666469574,-0.014764138497412205,dark,False,False,-0.3984012377826263,462031,evaluation_t007,clean,bottom_left,,
-0.010883992537856102,-0.018598152324557304,dark,False,False,-0.5102358556031883,462031,evaluation_t007,clean,bottom_right,,
0.26264896988868713,0.006987035274505615,dark,True,True,3.133421295402059,462031,evaluation_t007,homogeneous_dark,full,,
0.1742255985736847,-0.11422806978225708,dark,True,True,1.9555579536323338,462031,evaluation_t007,homogeneous_dark,top_left,,
0.1831909567117691,0.02713935822248459,dark,True,True,2.074983016708331,462031,evaluation_t007,homogeneous_dark,top_right,,
0.2327112853527069,0.004268079996109009,dark,True,True,2.734629656630708,462031,evaluation_t007,homogeneous_dark,bottom_left,,
0.16626083850860596,-0.10146044194698334,dark,True,True,1.8494615815179176,462031,evaluation_t007,homogeneous_dark,bottom_right,,
0.011416979134082794,0.10686042904853821,bright,True,True,1.8184170392904901,462031,evaluation_t007,homogeneous_bright,full,,
0.14456330239772797,0.19985711574554443,bright,True,True,3.426093514721819,462031,evaluation_t007,homogeneous_bright,top_left,,
-0.008043847978115082,0.1921793818473816,bright,True,True,3.2933649992112177,462031,evaluation_t007,homogeneous_bright,top_right,,
0.017488427460193634,0.1423691213130951,bright,True,True,2.4322721265480904,462031,evaluation_t007,homogeneous_bright,bottom_left,,
0.07990856468677521,0.1776396632194519,bright,True,True,3.0420101990808415,462031,evaluation_t007,homogeneous_bright,bottom_right,,
0.0915844738483429,0.010141177102923393,dark,True,False,0.8547183239168756,462031,evaluation_t007,left_right,full,,
0.1742255985736847,-0.11422806978225708,dark,True,True,1.9555579536323338,462031,evaluation_t007,left_right,top_left,dark,0.2884536683559418
-0.008043847978115082,0.1921793818473816,bright,True,True,3.2933649992112177,462031,evaluation_t007,left_right,top_right,bright,0.20022322982549667
0.2327112853527069,0.004268079996109009,dark,True,True,2.734629656630708,462031,evaluation_t007,left_right,bottom_left,dark,0.2284432053565979
0.07990856468677521,0.1776396632194519,bright,True,True,3.0420101990808415,462031,evaluation_t007,left_right,bottom_right,bright,0.0977310985326767
0.16509059071540833,0.09711633622646332,dark,True,True,1.8338730334237268,462031,evaluation_t007,quadrants,full,,
0.1742255985736847,-0.11422806978225708,dark,True,True,1.9555579536323338,462031,evaluation_t007,quadrants,top_left,dark,0.2884536683559418
-0.008043847978115082,0.1921793818473816,bright,True,True,3.2933649992112177,462031,evaluation_t007,quadrants,top_right,bright,0.20022322982549667
0.017488427460193634,0.1423691213130951,bright,True,True,2.4322721265480904,462031,evaluation_t007,quadrants,bottom_left,bright,0.12488069385290146
0.16626083850860596,-0.10146044194698334,dark,True,True,1.8494615815179176,462031,evaluation_t007,quadrants,bottom_right,dark,0.2677212804555893
-0.02105390653014183,-0.0024065421894192696,bright,False,False,-0.07053132478655924,462031,evaluation_t007,smooth_gradient,full,,
0.056516382843256,-0.07660447061061859,dark,True,False,0.38758595555705977,462031,evaluation_t007,smooth_gradient,top_left,,
0.008355818688869476,0.16103962063789368,bright,True,True,2.7550376315905565,462031,evaluation_t007,smooth_gradient,top_right,,
0.056046612560749054,-0.04391670972108841,dark,True,False,0.38132827518829676,462031,evaluation_t007,smooth_gradient,bottom_left,,
0.006650686264038086,0.05181834474205971,bright,True,False,0.86687922389989,462031,evaluation_t007,smooth_gradient,bottom_right,,
-0.15208426117897034,0.10957120358943939,bright,True,True,1.865279444978168,463802,evaluation_t007,clean,full,,
-0.2194622904062271,-0.09914428740739822,bright,False,False,-1.742881198711916,463802,evaluation_t007,clean,top_left,,
-0.12752065062522888,0.11460636556148529,bright,True,True,1.9523246047570186,463802,evaluation_t007,clean,top_right,,
-0.08640309423208237,-0.07491689920425415,bright,False,False,-1.3240512010127496,463802,evaluation_t007,clean,bottom_left,,
-0.08994743227958679,0.17635813355445862,bright,True,True,3.0198558066164116,463802,evaluation_t007,clean,bottom_right,,
0.19655156135559082,0.03702942281961441,dark,True,True,2.2529559462607915,463802,evaluation_t007,homogeneous_dark,full,,
-0.018344692885875702,-0.20044299960136414,dark,False,False,-0.609617787248334,463802,evaluation_t007,homogeneous_dark,top_left,,
0.2946704030036926,0.19118544459342957,dark,True,True,3.5599699742884616,463802,evaluation_t007,homogeneous_dark,top_right,,
0.019281089305877686,-0.14456626772880554,dark,False,False,-0.10841512001233375,463802,evaluation_t007,homogeneous_dark,bottom_left,,
0.24878814816474915,0.1146911233663559,dark,True,True,2.9487851120872297,463802,evaluation_t007,homogeneous_dark,bottom_right,,
-0.10143424570560455,0.20475207269191742,bright,True,True,3.5107148857667116,463802,evaluation_t007,homogeneous_bright,full,,
-0.18711435794830322,0.04080941900610924,bright,True,False,0.6765628636716728,463802,evaluation_t007,homogeneous_bright,top_left,,
0.008544638752937317,0.3126120865345001,bright,True,True,5.3753405305425055,463802,evaluation_t007,homogeneous_bright,top_right,,
-0.21199694275856018,0.04741198197007179,bright,True,False,0.7907044049644387,463802,evaluation_t007,homogeneous_bright,bottom_left,,
0.1287592649459839,0.32322418689727783,bright,True,True,5.5587967881158535,463802,evaluation_t007,homogeneous_bright,bottom_right,,
-0.0179765485227108,0.11724916100502014,bright,True,True,1.998011824537128,463802,evaluation_t007,left_right,full,,
-0.018344692885875702,-0.20044299960136414,dark,False,False,-0.609617787248334,463802,evaluation_t007,left_right,top_left,dark,0.18209830671548843
0.008544638752937317,0.3126120865345001,bright,True,True,5.3753405305425055,463802,evaluation_t007,left_right,top_right,bright,0.3040674477815628
0.019281089305877686,-0.14456626772880554,dark,False,False,-0.10841512001233375,463802,evaluation_t007,left_right,bottom_left,dark,0.16384735703468323
0.1287592649459839,0.32322418689727783,bright,True,True,5.5587967881158535,463802,evaluation_t007,left_right,bottom_right,bright,0.19446492195129395
0.026891306042671204,0.1599390208721161,bright,True,True,2.736011057471085,463802,evaluation_t007,quadrants,full,,
-0.018344692885875702,-0.20044299960136414,dark,False,False,-0.609617787248334,463802,evaluation_t007,quadrants,top_left,dark,0.18209830671548843
0.008544638752937317,0.3126120865345001,bright,True,True,5.3753405305425055,463802,evaluation_t007,quadrants,top_right,bright,0.3040674477815628
-0.21199694275856018,0.04741198197007179,bright,True,False,0.7907044049644387,463802,evaluation_t007,quadrants,bottom_left,bright,0.259408924728632
0.24878814816474915,0.1146911233663559,dark,True,True,2.9487851120872297,463802,evaluation_t007,quadrants,bottom_right,dark,0.13409702479839325
-0.1048121526837349,0.1176496371626854,bright,True,True,2.0049350399818593,463802,evaluation_t007,smooth_gradient,full,,
-0.1616295576095581,-0.16387751698493958,dark,False,False,-2.5182759516970474,463802,evaluation_t007,smooth_gradient,top_left,,
-0.03209249675273895,0.2563011348247528,bright,True,True,4.401867221027009,463802,evaluation_t007,smooth_gradient,top_right,,
-0.05245130509138107,-0.12372259050607681,dark,False,False,-1.0639425616986007,463802,evaluation_t007,smooth_gradient,bottom_left,,
0.05616666004061699,0.2615726888179779,bright,True,True,4.492998998350286,463802,evaluation_t007,smooth_gradient,bottom_right,,
-0.24122335016727448,0.06694135069847107,bright,True,True,1.1283175802269771,466156,evaluation_t007,clean,full,,
-0.16831643879413605,0.06980312615633011,bright,True,True,1.17779040818435,466156,evaluation_t007,clean,top_left,,
-0.15266633033752441,0.021492555737495422,bright,True,False,0.3426233679856003,466156,evaluation_t007,clean,top_right,,
-0.1820359230041504,0.12477020919322968,bright,True,True,2.1280316421481045,466156,evaluation_t007,clean,bottom_left,,
-0.21487630903720856,0.04347434639930725,bright,True,False,0.7226326886401241,466156,evaluation_t007,clean,bottom_right,,
0.02196262776851654,0.08245900273323059,bright,True,True,1.396578364737433,466156,evaluation_t007,homogeneous_dark,full,,
0.11861248314380646,0.035690486431121826,dark,True,True,1.2147509813093058,466156,evaluation_t007,homogeneous_dark,top_left,,
0.053315192461013794,0.025424765422940254,dark,True,False,0.3449437813762483,466156,evaluation_t007,homogeneous_dark,top_right,,
0.09765131771564484,0.03374404460191727,dark,True,False,0.9355330778135416,466156,evaluation_t007,homogeneous_dark,bottom_left,,
0.005864456761628389,-0.020492766052484512,dark,False,False,-0.28713438177367195,466156,evaluation_t007,homogeneous_dark,bottom_right,,
-0.22049206495285034,0.16191066801548004,bright,True,True,2.770095828045386,466156,evaluation_t007,homogeneous_bright,full,,
-0.13910186290740967,0.22070567309856415,bright,True,True,3.786512110196464,466156,evaluation_t007,homogeneous_bright,top_left,,
-0.20088344812393188,0.1270984262228012,bright,True,True,2.1682806002678268,466156,evaluation_t007,homogeneous_bright,top_right,,
-0.09189964085817337,0.2568175792694092,bright,True,True,4.410795233561976,466156,evaluation_t007,homogeneous_bright,bottom_left,,
-0.18261846899986267,0.16691088676452637,bright,True,True,2.8565369082641205,466156,evaluation_t007,homogeneous_bright,bottom_right,,
-0.05268445238471031,0.13078147172927856,bright,True,True,2.231951101110491,466156,evaluation_t007,left_right,full,,
0.11861248314380646,0.035690486431121826,dark,True,True,1.2147509813093058,466156,evaluation_t007,left_right,top_left,dark,0.08292199671268463
-0.20088344812393188,0.1270984262228012,bright,True,True,2.1682806002678268,466156,evaluation_t007,left_right,top_right,bright,0.3279818743467331
0.09765131771564484,0.03374404460191727,dark,True,False,0.9355330778135416,466156,evaluation_t007,left_right,bottom_left,dark,0.06390727311372757
-0.18261846899986267,0.16691088676452637,bright,True,True,2.8565369082641205,466156,evaluation_t007,left_right,bottom_right,bright,0.34952935576438904
-0.08410924673080444,0.1631936877965927,bright,True,True,2.792275980832209,466156,evaluation_t007,quadrants,full,,
0.11861248314380646,0.035690486431121826,dark,True,True,1.2147509813093058,466156,evaluation_t007,quadrants,top_left,dark,0.08292199671268463
-0.20088344812393188,0.1270984262228012,bright,True,True,2.1682806002678268,466156,evaluation_t007,quadrants,top_right,bright,0.3279818743467331
-0.09189964085817337,0.2568175792694092,bright,True,True,4.410795233561976,466156,evaluation_t007,quadrants,bottom_left,bright,0.34871722012758255
0.005864456761628389,-0.020492766052484512,dark,False,False,-0.28713438177367195,466156,evaluation_t007,quadrants,bottom_right,dark,0.0263572228141129
-0.20729951560497284,0.08125948905944824,bright,True,True,1.375841820417514,466156,evaluation_t007,smooth_gradient,full,,
-0.08255688101053238,0.04692669212818146,bright,True,False,0.7823149763699037,466156,evaluation_t007,smooth_gradient,top_left,,
-0.20233754813671112,0.07602352648973465,bright,True,True,1.2853253283945945,466156,evaluation_t007,smooth_gradient,top_right,,
-0.11599798500537872,0.05879350006580353,bright,True,False,0.9874619406046082,466156,evaluation_t007,smooth_gradient,bottom_left,,
-0.19434547424316406,0.1366513967514038,bright,True,True,2.3334271934939013,466156,evaluation_t007,smooth_gradient,bottom_right,,
-0.19829128682613373,-0.10288701206445694,bright,False,False,-1.80758340046642,471567,evaluation_t007,clean,full,,
-0.1330660879611969,-0.059015512466430664,bright,False,False,-1.0491566182796477,471567,evaluation_t007,clean,top_left,,
-0.13115976750850677,-0.10782217234373093,bright,False,False,-1.892899785009476,471567,evaluation_t007,clean,top_right,,
-0.2023734450340271,-0.10230261087417603,bright,False,False,-1.7974805884287202,471567,evaluation_t007,clean,bottom_left,,
-0.2644323706626892,-0.1607365757226944,bright,False,False,-2.8076554020671978,471567,evaluation_t007,clean,bottom_right,,
0.23165705800056458,-0.039640314877033234,dark,True,True,2.720586584832916,471567,evaluation_t007,homogeneous_dark,full,,
0.2568839192390442,-0.050914913415908813,dark,True,True,3.056626645722059,471567,evaluation_t007,homogeneous_dark,top_left,,
0.18948134779930115,-0.07213032990694046,dark,True,True,2.15877558147047,471567,evaluation_t007,homogeneous_dark,top_right,,
0.13289006054401398,-0.0961470901966095,dark,True,True,1.4049386520448488,471567,evaluation_t007,homogeneous_dark,bottom_left,,
0.07866792380809784,-0.11136934161186218,dark,True,False,0.6826605232666347,471567,evaluation_t007,homogeneous_dark,bottom_right,,
-0.17594920098781586,0.08257710933685303,bright,True,True,1.3986201278903025,471567,evaluation_t007,homogeneous_bright,full,,
-0.09665565192699432,0.13188670575618744,bright,True,True,2.251057789832605,471567,evaluation_t007,homogeneous_bright,top_left,,
-0.07963240891695023,0.11824845522642136,bright,True,True,2.015287083138711,471567,evaluation_t007,homogeneous_bright,top_right,,
-0.23138253390789032,0.07388199865818024,bright,True,True,1.2483037522658793,471567,evaluation_t007,homogeneous_bright,bottom_left,,
-0.2929987907409668,0.040237247943878174,bright,True,False,0.6666714794800138,471567,evaluation_t007,homogeneous_bright,bottom_right,,
-0.0033204383216798306,0.013635378330945969,bright,True,False,0.20679273005162818,471567,evaluation_t007,left_right,full,,
0.2568839192390442,-0.050914913415908813,dark,True,True,3.056626645722059,471567,evaluation_t007,left_right,top_left,dark,0.307798832654953
-0.07963240891695023,0.11824845522642136,bright,True,True,2.015287083138711,471567,evaluation_t007,left_right,top_right,bright,0.19788086414337158
0.13289006054401398,-0.0961470901966095,dark,True,True,1.4049386520448488,471567,evaluation_t007,left_right,bottom_left,dark,0.22903715074062347
-0.2929987907409668,0.040237247943878174,bright,True,False,0.6666714794800138,471567,evaluation_t007,left_right,bottom_right,bright,0.33323603868484497
0.07273021340370178,0.08549357950687408,bright,True,True,1.4490384884811105,471567,evaluation_t007,quadrants,full,,
0.2568839192390442,-0.050914913415908813,dark,True,True,3.056626645722059,471567,evaluation_t007,quadrants,top_left,dark,0.307798832654953
-0.07963240891695023,0.11824845522642136,bright,True,True,2.015287083138711,471567,evaluation_t007,quadrants,top_right,bright,0.19788086414337158
-0.23138253390789032,0.07388199865818024,bright,True,True,1.2483037522658793,471567,evaluation_t007,quadrants,bottom_left,bright,0.30526453256607056
0.07866792380809784,-0.11136934161186218,dark,True,False,0.6826605232666347,471567,evaluation_t007,quadrants,bottom_right,dark,0.19003726541996002
-0.13244839012622833,-0.04974614456295967,bright,False,False,-0.8889127940122153,471567,evaluation_t007,smooth_gradient,full,,
-0.03134969621896744,-0.09126889705657959,dark,False,False,-0.7828538498168157,471567,evaluation_t007,smooth_gradient,top_left,,
-0.12890732288360596,-0.011454183608293533,bright,False,False,-0.22694206138251732,471567,evaluation_t007,smooth_gradient,top_right,,
-0.07614170014858246,-0.11404180526733398,dark,False,False,-1.3795157803504192,471567,evaluation_t007,smooth_gradient,bottom_left,,
-0.2984004616737366,-0.037668175995349884,bright,False,False,-0.6801153988920043,471567,evaluation_t007,smooth_gradient,bottom_right,,
0.0837884247303009,0.0537082739174366,dark,True,False,0.7508693037967858,474170,evaluation_t007,clean,full,,
-0.0038032401353120804,-0.060827549546957016,dark,False,False,-0.4159151057485684,474170,evaluation_t007,clean,top_left,,
0.10831061005592346,-0.041608382016420364,dark,True,True,1.0775225712031793,474170,evaluation_t007,clean,top_right,,
0.07896479219198227,0.0012568812817335129,dark,True,False,0.6866150251308785,474170,evaluation_t007,clean,bottom_left,,
0.08010366559028625,-0.03539340943098068,dark,True,False,0.701785643563874,474170,evaluation_t007,clean,bottom_right,,
0.2455558329820633,0.06440185010433197,dark,True,True,2.905728333024052,474170,evaluation_t007,homogeneous_dark,full,,
0.14749044179916382,-0.06119299307465553,dark,True,True,1.5994263039014915,474170,evaluation_t007,homogeneous_dark,top_left,,
0.309396892786026,-0.040789052844047546,dark,True,True,3.756137483054483,474170,evaluation_t007,homogeneous_dark,top_right,,
0.2252821922302246,0.07863762974739075,dark,True,True,2.635668756119546,474170,evaluation_t007,homogeneous_dark,bottom_left,,
0.3133937120437622,0.04592251032590866,dark,True,True,3.8093780100481425,474170,evaluation_t007,homogeneous_dark,bottom_right,,
-0.04983670264482498,0.04455719143152237,bright,True,False,0.741352328518283,474170,evaluation_t007,homogeneous_bright,full,,
-0.09070102870464325,-0.004648691043257713,bright,False,False,-0.10929238278506344,474170,evaluation_t007,homogeneous_bright,top_left,,
-0.019691482186317444,0.027244815602898598,bright,True,False,0.4420653287116502,474170,evaluation_t007,homogeneous_bright,top_right,,
-0.0164249986410141,0.00314281415194273,bright,True,False,0.02540294944044456,474170,evaluation_t007,homogeneous_bright,bottom_left,,
-0.01731192320585251,-0.03965182602405548,dark,False,False,-0.5958605471827296,474170,evaluation_t007,homogeneous_bright,bottom_right,,
0.14419065415859222,-0.008614826947450638,dark,True,True,1.55547074283599,474170,evaluation_t007,left_right,full,,
0.14749044179916382,-0.06119299307465553,dark,True,True,1.5994263039014915,474170,evaluation_t007,left_right,top_left,dark,0.20868343487381935
-0.019691482186317444,0.027244815602898598,bright,True,False,0.4420653287116502,474170,evaluation_t007,left_right,top_right,bright,0.04693629778921604
0.2252821922302246,0.07863762974739075,dark,True,True,2.635668756119546,474170,evaluation_t007,left_right,bottom_left,dark,0.14664456248283386
-0.01731192320585251,-0.03965182602405548,dark,False,False,-0.5958605471827296,474170,evaluation_t007,left_right,bottom_right,bright,-0.022339902818202972
0.1872572898864746,0.039196498692035675,dark,True,True,2.129149519417724,474170,evaluation_t007,quadrants,full,,
0.14749044179916382,-0.06119299307465553,dark,True,True,1.5994263039014915,474170,evaluation_t007,quadrants,top_left,dark,0.20868343487381935
-0.019691482186317444,0.027244815602898598,bright,True,False,0.4420653287116502,474170,evaluation_t007,quadrants,top_right,bright,0.04693629778921604
-0.0164249986410141,0.00314281415194273,bright,True,False,0.02540294944044456,474170,evaluation_t007,quadrants,bottom_left,bright,0.01956781279295683
0.3133937120437622,0.04592251032590866,dark,True,True,3.8093780100481425,474170,evaluation_t007,quadrants,bottom_right,dark,0.26747120171785355
0.06505057215690613,0.03651963174343109,dark,True,False,0.5012675376408444,474170,evaluation_t007,smooth_gradient,full,,
0.04554112255573273,-0.08709868043661118,dark,True,False,0.24138754028739248,474170,evaluation_t007,smooth_gradient,top_left,,
0.03247790038585663,-0.004174770787358284,dark,True,False,0.06737596065109305,474170,evaluation_t007,smooth_gradient,top_right,,
0.16870906949043274,0.043460212647914886,dark,True,True,1.882073791194992,474170,evaluation_t007,smooth_gradient,bottom_left,,
0.021629519760608673,-0.04851076751947403,dark,False,False,-0.07713232563132016,474170,evaluation_t007,smooth_gradient,bottom_right,,
-0.1401650607585907,-0.04379291087388992,bright,False,False,-0.7859965064046182,474452,evaluation_t007,clean,full,,
-0.20153772830963135,-0.2246447652578354,dark,False,False,-3.04988168676055,474452,evaluation_t007,clean,top_left,,
-0.13437382876873016,-0.1356290727853775,dark,False,False,-2.1552099050467746,474452,evaluation_t007,clean,top_right,,
-0.08100186288356781,-0.09498870372772217,dark,False,False,-1.4442566676909503,474452,evaluation_t007,clean,bottom_left,,
-0.1505758911371231,-0.12577258050441742,bright,False,False,-2.2032167430571357,474452,evaluation_t007,clean,bottom_right,,
0.10021619498729706,-0.07595691084861755,dark,True,False,0.96969910054587,474452,evaluation_t007,homogeneous_dark,full,,
0.03221110999584198,-0.25399792194366455,dark,True,False,0.06382211944755838,474452,evaluation_t007,homogeneous_dark,top_left,,
0.0652599185705185,-0.1664692759513855,dark,True,False,0.5040561834780014,474452,evaluation_t007,homogeneous_dark,top_right,,
0.17732496559619904,-0.11121660470962524,dark,True,True,1.996843766921498,474452,evaluation_t007,homogeneous_dark,bottom_left,,
0.0652904212474823,-0.17858412861824036,dark,True,False,0.5044625012250767,474452,evaluation_t007,homogeneous_dark,bottom_right,,
-0.14096583425998688,0.08665105700492859,bright,True,True,1.469048334106323,474452,evaluation_t007,homogeneous_bright,full,,
-0.13700103759765625,-0.0741925835609436,bright,False,False,-1.311529623503959,474452,evaluation_t007,homogeneous_bright,top_left,,
-0.09600605815649033,0.1256738007068634,bright,True,True,2.143652444043997,474452,evaluation_t007,homogeneous_bright,top_right,,
-0.12608541548252106,0.02369033545255661,bright,True,False,0.38061739628465135,474452,evaluation_t007,homogeneous_bright,bottom_left,,
-0.14564326405525208,0.07386605441570282,bright,True,True,1.2480281168162741,474452,evaluation_t007,homogeneous_bright,bottom_right,,
-0.0017257314175367355,0.038812823593616486,bright,True,False,0.642046800899707,474452,evaluation_t007,left_right,full,,
0.03221110999584198,-0.25399792194366455,dark,True,False,0.06382211944755838,474452,evaluation_t007,left_right,top_left,dark,0.28620903193950653
-0.09600605815649033,0.1256738007068634,bright,True,True,2.143652444043997,474452,evaluation_t007,left_right,top_right,bright,0.22167985886335373
0.17732496559619904,-0.11121660470962524,dark,True,True,1.996843766921498,474452,evaluation_t007,left_right,bottom_left,dark,0.2885415703058243
-0.14564326405525208,0.07386605441570282,bright,True,True,1.2480281168162741,474452,evaluation_t007,left_right,bottom_right,bright,0.2195093184709549
0.020812366157770157,0.04306527227163315,bright,True,False,0.7155608361351852,474452,evaluation_t007,quadrants,full,,
0.03221110999584198,-0.25399792194366455,dark,True,False,0.06382211944755838,474452,evaluation_t007,quadrants,top_left,dark,0.28620903193950653
-0.09600605815649033,0.1256738007068634,bright,True,True,2.143652444043997,474452,evaluation_t007,quadrants,top_right,bright,0.22167985886335373
-0.12608541548252106,0.02369033545255661,bright,True,False,0.38061739628465135,474452,evaluation_t007,quadrants,bottom_left,bright,0.14977575093507767
0.0652904212474823,-0.17858412861824036,dark,True,False,0.5044625012250767,474452,evaluation_t007,quadrants,bottom_right,dark,0.24387454986572266
-0.06637069582939148,-0.038512829691171646,bright,False,False,-0.6947173156364478,474452,evaluation_t007,smooth_gradient,full,,
-0.1386125683784485,-0.24999159574508667,dark,False,False,-2.2116729863265925,474452,evaluation_t007,smooth_gradient,top_left,,
-0.09651656448841095,0.027626346796751022,bright,True,False,0.44866103385755757,474452,evaluation_t007,smooth_gradient,top_right,,
-0.010263964533805847,-0.15344369411468506,dark,False,False,-0.5019766335674238,474452,evaluation_t007,smooth_gradient,bottom_left,,
-0.14752477407455444,-0.03324873000383377,bright,False,False,-0.6037144043259425,474452,evaluation_t007,smooth_gradient,bottom_right,,
-0.08742836117744446,-0.0998067855834961,dark,False,False,-1.529862279009897,475365,evaluation_t007,clean,full,,
-0.31465035676956177,-0.09782078862190247,bright,False,False,-1.7200012667672873,475365,evaluation_t007,clean,top_left,,
-0.3034176826477051,-0.10240574926137924,bright,False,False,-1.7992635891431519,475365,evaluation_t007,clean,top_right,,
-0.17834430932998657,-0.10016143321990967,bright,False,False,-1.7604650659757675,475365,evaluation_t007,clean,bottom_left,,
-0.22210395336151123,-0.16720092296600342,bright,False,False,-2.919407544656401,475365,evaluation_t007,clean,bottom_right,,
0.24827396869659424,-0.028047621250152588,dark,True,True,2.94193586920468,475365,evaluation_t007,homogeneous_dark,full,,
0.027738399803638458,-0.10388541221618652,dark,True,False,0.004242380568471908,475365,evaluation_t007,homogeneous_dark,top_left,,
0.007418312132358551,-0.1469230353832245,dark,False,False,-0.2664359029396656,475365,evaluation_t007,homogeneous_dark,top_right,,
0.07817409932613373,-0.10452099144458771,dark,True,False,0.6760824235411467,475365,evaluation_t007,homogeneous_dark,bottom_left,,
0.10439298301935196,-0.13541242480278015,dark,True,False,1.0253369419461253,475365,evaluation_t007,homogeneous_dark,bottom_right,,
-0.15482451021671295,0.08758174628019333,bright,True,True,1.4851375874649322,475365,evaluation_t007,homogeneous_bright,full,,
-0.27295565605163574,0.08868078142404556,bright,True,True,1.5041371132458912,475365,evaluation_t007,homogeneous_bright,top_left,,
-0.1207922101020813,0.21239329874515533,bright,True,True,3.642812273378684,475365,evaluation_t007,homogeneous_bright,top_right,,
-0.07916198670864105,0.12344388663768768,bright,True,True,2.105102894392541,475365,evaluation_t007,homogeneous_bright,bottom_left,,
-0.2099388837814331,0.06619527190923691,bright,True,True,1.1154197732096367,475365,evaluation_t007,homogeneous_bright,bottom_right,,
-0.023889247328042984,0.013807919807732105,bright,True,False,0.2097755338817154,475365,evaluation_t007,left_right,full,,
0.027738399803638458,-0.10388541221618652,dark,True,False,0.004242380568471908,475365,evaluation_t007,left_right,top_left,dark,0.13162381201982498
-0.1207922101020813,0.21239329874515533,bright,True,True,3.642812273378684,475365,evaluation_t007,left_right,top_right,bright,0.33318550884723663
0.07817409932613373,-0.10452099144458771,dark,True,False,0.6760824235411467,475365,evaluation_t007,left_right,bottom_left,dark,0.18269509077072144
-0.2099388837814331,0.06619527190923691,bright,True,True,1.1154197732096367,475365,evaluation_t007,left_right,bottom_right,bright,0.27613415569067
0.012805878184735775,0.05895942077040672,bright,True,False,0.990330288102263,475365,evaluation_t007,quadrants,full,,
0.027738399803638458,-0.10388541221618652,dark,True,False,0.004242380568471908,475365,evaluation_t007,quadrants,top_left,dark,0.13162381201982498
-0.1207922101020813,0.21239329874515533,bright,True,True,3.642812273378684,475365,evaluation_t007,quadrants,top_right,bright,0.33318550884723663
-0.07916198670864105,0.12344388663768768,bright,True,True,2.105102894392541,475365,evaluation_t007,quadrants,bottom_left,bright,0.20260587334632874
0.10439298301935196,-0.13541242480278015,dark,True,False,1.0253369419461253,475365,evaluation_t007,quadrants,bottom_right,dark,0.2398054078221321
-0.12526069581508636,-0.06559759378433228,bright,False,False,-1.1629440839411218,475365,evaluation_t007,smooth_gradient,full,,
-0.21497583389282227,-0.13548527657985687,bright,False,False,-2.371124585240516,475365,evaluation_t007,smooth_gradient,top_left,,
-0.1852509081363678,0.09808378666639328,bright,True,True,1.666691187626334,475365,evaluation_t007,smooth_gradient,top_right,,
-0.08485248684883118,-0.12844541668891907,dark,False,False,-1.4955497675148222,475365,evaluation_t007,smooth_gradient,bottom_left,,
-0.22636771202087402,-0.023720137774944305,bright,False,False,-0.43898924997421745,475365,evaluation_t007,smooth_gradient,bottom_right,,
-0.10533919930458069,-0.025828976184129715,bright,False,False,-0.47544570903043615,477623,evaluation_t007,clean,full,,
-0.11785953491926193,-0.1067509725689888,bright,False,False,-1.8743814620508183,477623,evaluation_t007,clean,top_left,,
-0.051079388707876205,-0.04653400927782059,bright,False,False,-0.8333831346529937,477623,evaluation_t007,clean,top_right,,
-0.12902897596359253,-0.10766860097646713,bright,False,False,-1.8902449261836531,477623,evaluation_t007,clean,bottom_left,,
-0.16282343864440918,-0.06839586794376373,bright,False,False,-1.2113191357597168,477623,evaluation_t007,clean,bottom_right,,
0.19661939144134521,0.02602708712220192,dark,True,True,2.2538594921253186,477623,evaluation_t007,homogeneous_dark,full,,
0.2041996568441391,-0.08297573029994965,dark,True,True,2.3548341168885947,477623,evaluation_t007,homogeneous_dark,top_left,,
0.1803196370601654,-0.04161599278450012,dark,True,True,2.036734959550696,477623,evaluation_t007,homogeneous_dark,top_right,,
0.11079686880111694,-0.13631869852542877,dark,True,True,1.110641338227853,477623,evaluation_t007,homogeneous_dark,bottom_left,,
0.12608492374420166,-0.07197123765945435,dark,True,True,1.3142893016183388,477623,evaluation_t007,homogeneous_dark,bottom_right,,
-0.14759480953216553,0.13009771704673767,bright,True,True,2.220130719577238,477623,evaluation_t007,homogeneous_bright,full,,
-0.03864393010735512,0.17472507059574127,bright,True,True,2.9916242964962487,477623,evaluation_t007,homogeneous_bright,top_left,,
0.004070170223712921,0.2224840223789215,bright,True,True,3.8172552517499447,477623,evaluation_t007,homogeneous_bright,top_right,,
-0.12066259980201721,0.1305326670408249,bright,True,True,2.2276499000805314,477623,evaluation_t007,homogeneous_bright,bottom_left,,
-0.05500933527946472,0.15987923741340637,bright,True,True,2.7349775533366776,477623,evaluation_t007,homogeneous_bright,bottom_right,,
0.0102715864777565,0.07512444257736206,bright,True,True,1.2697824514739406,477623,evaluation_t007,left_right,full,,
0.2041996568441391,-0.08297573029994965,dark,True,True,2.3548341168885947,477623,evaluation_t007,left_right,top_left,dark,0.28717538714408875
0.004070170223712921,0.2224840223789215,bright,True,True,3.8172552517499447,477623,evaluation_t007,left_right,top_right,bright,0.2184138521552086
0.11079686880111694,-0.13631869852542877,dark,True,True,1.110641338227853,477623,evaluation_t007,left_right,bottom_left,dark,0.24711556732654572
-0.05500933527946472,0.15987923741340637,bright,True,True,2.7349775533366776,477623,evaluation_t007,left_right,bottom_right,bright,0.2148885726928711
0.011870729736983776,0.059970732778310776,bright,True,False,1.0078133037039458,477623,evaluation_t007,quadrants,full,,
0.2041996568441391,-0.08297573029994965,dark,True,True,2.3548341168885947,477623,evaluation_t007,quadrants,top_left,dark,0.28717538714408875
0.004070170223712921,0.2224840223789215,bright,True,True,3.8172552517499447,477623,evaluation_t007,quadrants,top_right,bright,0.2184138521552086
-0.12066259980201721,0.1305326670408249,bright,True,True,2.2276499000805314,477623,evaluation_t007,quadrants,bottom_left,bright,0.2511952668428421
0.12608492374420166,-0.07197123765945435,dark,True,True,1.3142893016183388,477623,evaluation_t007,quadrants,bottom_right,dark,0.198056161403656
-0.0784263163805008,0.028243670240044594,bright,True,False,0.45933298801812755,477623,evaluation_t007,smooth_gradient,full,,
0.02804381400346756,-0.13633833825588226,dark,True,False,0.008310718889944585,477623,evaluation_t007,smooth_gradient,top_left,,
-0.015699021518230438,0.13332313299179077,bright,True,True,2.2758899678097873,477623,evaluation_t007,smooth_gradient,top_right,,
-0.054944489151239395,-0.15574321150779724,dark,False,False,-1.0971535789298954,477623,evaluation_t007,smooth_gradient,bottom_left,,
-0.09305273741483688,0.06753771752119064,bright,True,True,1.1386272476534927,477623,evaluation_t007,smooth_gradient,bottom_right,,
-0.19522488117218018,-0.11682754009962082,bright,False,False,-2.048579717359346,482100,evaluation_t007,clean,full,,
-0.21557047963142395,-0.1409779191017151,bright,False,False,-2.466078421597242,482100,evaluation_t007,clean,top_left,,
-0.19649410247802734,-0.1467379480600357,bright,False,False,-2.5656546902041684,482100,evaluation_t007,clean,top_right,,
-0.17126455903053284,-0.09629613161087036,bright,False,False,-1.6936438201012152,482100,evaluation_t007,clean,bottom_left,,
-0.125906303524971,-0.08817203342914581,bright,False,False,-1.5531988000177905,482100,evaluation_t007,clean,bottom_right,,
0.1210598573088646,-0.0983964055776596,dark,True,True,1.2473517775665186,482100,evaluation_t007,homogeneous_dark,full,,
0.1664799153804779,-0.12579119205474854,dark,True,True,1.8523798441058514,482100,evaluation_t007,homogeneous_dark,top_left,,
0.1335173398256302,-0.0747005045413971,dark,True,True,1.413294466349138,482100,evaluation_t007,homogeneous_dark,top_right,,
0.051311053335666656,-0.10719658434391022,dark,True,False,0.3182471968370393,482100,evaluation_t007,homogeneous_dark,bottom_left,,
0.16269704699516296,-0.06415320932865143,dark,True,True,1.8019892976752143,482100,evaluation_t007,homogeneous_dark,bottom_right,,
-0.14641553163528442,0.1281699240207672,bright,True,True,2.186804075290963,482100,evaluation_t007,homogeneous_bright,full,,
-0.14505413174629211,0.12299756705760956,bright,True,True,2.097387162629389,482100,evaluation_t007,homogeneous_bright,top_left,,
-0.1443946659564972,0.1971035599708557,bright,True,True,3.3784915301782377,482100,evaluation_t007,homogeneous_bright,top_right,,
-0.10211458802223206,0.175156831741333,bright,True,True,2.999088349909621,482100,evaluation_t007,homogeneous_bright,bottom_left,,
-0.12055960297584534,0.1423373520374298,bright,True,True,2.431722916474672,482100,evaluation_t007,homogeneous_bright,bottom_right,,
-0.009631078690290451,0.06168011575937271,bright,True,False,1.0373641931362725,482100,evaluation_t007,left_right,full,,
0.1664799153804779,-0.12579119205474854,dark,True,True,1.8523798441058514,482100,evaluation_t007,left_right,top_left,dark,0.29227110743522644
-0.1443946659564972,0.1971035599708557,bright,True,True,3.3784915301782377,482100,evaluation_t007,left_right,top_right,bright,0.3414982259273529
0.051311053335666656,-0.10719658434391022,dark,True,False,0.3182471968370393,482100,evaluation_t007,left_right,bottom_left,dark,0.15850763767957687
-0.12055960297584534,0.1423373520374298,bright,True,True,2.431722916474672,482100,evaluation_t007,left_right,bottom_right,bright,0.26289695501327515
0.008868688717484474,0.07620907574892044,bright,True,True,1.2885330037389713,482100,evaluation_t007,quadrants,full,,
0.1664799153804779,-0.12579119205474854,dark,True,True,1.8523798441058514,482100,evaluation_t007,quadrants,top_left,dark,0.29227110743522644
-0.1443946659564972,0.1971035599708557,bright,True,True,3.3784915301782377,482100,evaluation_t007,quadrants,top_right,bright,0.3414982259273529
-0.10211458802223206,0.175156831741333,bright,True,True,2.999088349909621,482100,evaluation_t007,quadrants,bottom_left,bright,0.27727141976356506
0.16269704699516296,-0.06415320932865143,dark,True,True,1.8019892976752143,482100,evaluation_t007,quadrants,bottom_right,dark,0.2268502563238144
-0.19445037841796875,-0.03297862783074379,bright,False,False,-0.5990450238881808,482100,evaluation_t007,smooth_gradient,full,,
-0.08417916297912598,-0.2380075454711914,dark,False,False,-1.4865806059518798,482100,evaluation_t007,smooth_gradient,top_left,,
-0.20617447793483734,0.08129024505615234,bright,True,True,1.3763735134717057,482100,evaluation_t007,smooth_gradient,top_right,,
-0.10070215165615082,-0.1638510674238205,dark,False,False,-1.7066787810125474,482100,evaluation_t007,smooth_gradient,bottom_left,,
-0.14098012447357178,0.06084137037396431,bright,True,False,1.0228644160701172,482100,evaluation_t007,smooth_gradient,bottom_right,,
-0.05898614972829819,-0.04321854189038277,bright,False,False,-0.7760671257374294,489091,evaluation_t007,clean,full,,
-0.024466391652822495,0.0011810893192887306,bright,False,False,-0.008510289587122029,489091,evaluation_t007,clean,top_left,,
-0.05976055562496185,-0.025135638192296028,bright,False,False,-0.4634596564237931,489091,evaluation_t007,clean,top_right,,
-0.0991501733660698,-0.04207668825984001,bright,False,False,-0.7563273770925076,489091,evaluation_t007,clean,bottom_left,,
-0.1440504789352417,0.010807916522026062,bright,True,False,0.15791309791816016,489091,evaluation_t007,clean,bottom_right,,
0.13905254006385803,-0.08755648136138916,dark,True,True,1.4870273420923348,489091,evaluation_t007,homogeneous_dark,full,,
0.1742750108242035,-0.07819971442222595,dark,True,True,1.9562161605933996,489091,evaluation_t007,homogeneous_dark,top_left,,
0.17429497838020325,-0.02238423377275467,dark,True,True,1.956482142899741,489091,evaluation_t007,homogeneous_dark,top_right,,
0.07106559723615646,-0.09574005007743835,dark,True,False,0.5813920277537027,489091,evaluation_t007,homogeneous_dark,bottom_left,,
0.04490821436047554,-0.06332477927207947,dark,True,False,0.2329567447769685,489091,evaluation_t007,homogeneous_dark,bottom_right,,
-0.06243818998336792,0.10939289629459381,bright,True,True,1.8621969648006214,489091,evaluation_t007,homogeneous_bright,full,,
-0.03252951800823212,0.12971755862236023,bright,True,True,2.2135587461283355,489091,evaluation_t007,homogeneous_bright,top_left,,
-0.10188797116279602,0.03629281371831894,bright,True,False,0.5984822316847812,489091,evaluation_t007,homogeneous_bright,top_right,,
-0.04342639446258545,0.15626513957977295,bright,True,True,2.672498982611138,489091,evaluation_t007,homogeneous_bright,bottom_left,,
-0.08903063833713531,0.15430372953414917,bright,True,True,2.6385911854516766,489091,evaluation_t007,homogeneous_bright,bottom_right,,
0.09295690804719925,0.04709337279200554,dark,True,False,0.8730001413570316,489091,evaluation_t007,left_right,full,,
0.1742750108242035,-0.07819971442222595,dark,True,True,1.9562161605933996,489091,evaluation_t007,left_right,top_left,dark,0.25247472524642944
-0.10188797116279602,0.03629281371831894,bright,True,False,0.5984822316847812,489091,evaluation_t007,left_right,top_right,bright,0.13818078488111496
0.07106559723615646,-0.09574005007743835,dark,True,False,0.5813920277537027,489091,evaluation_t007,left_right,bottom_left,dark,0.16680564731359482
-0.08903063833713531,0.15430372953414917,bright,True,True,2.6385911854516766,489091,evaluation_t007,left_right,bottom_right,bright,0.24333436787128448
0.06278162449598312,0.0525377057492733,dark,True,False,0.47104351163447644,489091,evaluation_t007,quadrants,full,,
0.1742750108242035,-0.07819971442222595,dark,True,True,1.9562161605933996,489091,evaluation_t007,quadrants,top_left,dark,0.25247472524642944
-0.10188797116279602,0.03629281371831894,bright,True,False,0.5984822316847812,489091,evaluation_t007,quadrants,top_right,bright,0.13818078488111496
-0.04342639446258545,0.15626513957977295,bright,True,True,2.672498982611138,489091,evaluation_t007,quadrants,bottom_left,bright,0.1996915340423584
0.04490821436047554,-0.06332477927207947,dark,True,False,0.2329567447769685,489091,evaluation_t007,quadrants,bottom_right,dark,0.10823299363255501
0.0009885262697935104,-0.027720335870981216,dark,False,False,-0.35208530705438573,489091,evaluation_t007,smooth_gradient,full,,
-0.01985599659383297,-0.06588909029960632,dark,False,False,-0.6297494471184605,489091,evaluation_t007,smooth_gradient,top_left,,
-0.0871080607175827,-0.002217015251517296,bright,False,False,-0.06725488548159478,489091,evaluation_t007,smooth_gradient,top_right,,
-0.054034337401390076,-0.1102839857339859,dark,False,False,-1.0850296984936245,489091,evaluation_t007,smooth_gradient,bottom_left,,
-0.11357933282852173,0.13464201986789703,bright,True,True,2.2986901715566095,489091,evaluation_t007,smooth_gradient,bottom_right,,
-0.05843884125351906,-0.049668192863464355,bright,False,False,-0.8875652071470314,499266,evaluation_t007,clean,full,,
-0.11292527616024017,-0.02881736308336258,bright,False,False,-0.5271073271807365,499266,evaluation_t007,clean,top_left,,
-0.11214542388916016,-0.09603124856948853,bright,False,False,-1.689064665192635,499266,evaluation_t007,clean,top_right,,
-0.12792623043060303,-0.048464372754096985,bright,False,False,-0.8667542154953967,499266,evaluation_t007,clean,bottom_left,,
-0.14086419343948364,-0.009589295834302902,bright,False,False,-0.19470288910606298,499266,evaluation_t007,clean,bottom_right,,
0.11666693538427353,-0.06005438417196274,dark,True,True,1.1888348761943761,499266,evaluation_t007,homogeneous_dark,full,,
0.12806163728237152,-0.04521710425615311,dark,True,True,1.3406205574748453,499266,evaluation_t007,homogeneous_dark,top_left,,
0.1705314964056015,-0.08833488076925278,dark,True,True,1.906349837499365,499266,evaluation_t007,homogeneous_dark,top_right,,
0.08038054406642914,-0.01101183146238327,dark,True,False,0.7054738653803886,499266,evaluation_t007,homogeneous_dark,bottom_left,,
0.024335801601409912,0.02364470064640045,dark,False,False,-0.04108269163330002,499266,evaluation_t007,homogeneous_dark,bottom_right,,
-0.07295717298984528,0.09613372385501862,bright,True,True,1.6329795553218955,499266,evaluation_t007,homogeneous_bright,full,,
-0.07384886592626572,0.13242517411708832,bright,True,True,2.2603665399325403,499266,evaluation_t007,homogeneous_bright,top_left,,
-0.10103492438793182,0.09169470518827438,bright,True,True,1.5562401989212016,499266,evaluation_t007,homogeneous_bright,top_right,,
-0.09322928637266159,0.13071510195732117,bright,True,True,2.2308037363511066,499266,evaluation_t007,homogeneous_bright,bottom_left,,
-0.01984633132815361,0.16547243297100067,bright,True,True,2.8316696962484835,499266,evaluation_t007,homogeneous_bright,bottom_right,,
0.10996724665164948,0.06183387711644173,dark,True,True,1.0995901703878848,499266,evaluation_t007,left_right,full,,
0.12806163728237152,-0.04521710425615311,dark,True,True,1.3406205574748453,499266,evaluation_t007,left_right,top_left,dark,0.17327874153852463
-0.10103492438793182,0.09169470518827438,bright,True,True,1.5562401989212016,499266,evaluation_t007,left_right,top_right,bright,0.1927296295762062
0.08038054406642914,-0.01101183146238327,dark,True,False,0.7054738653803886,499266,evaluation_t007,left_right,bottom_left,dark,0.09139237552881241
-0.01984633132815361,0.16547243297100067,bright,True,True,2.8316696962484835,499266,evaluation_t007,left_right,bottom_right,bright,0.18531876429915428
0.06627365946769714,0.03804069757461548,dark,True,False,0.5175599463755477,499266,evaluation_t007,quadrants,full,,
0.12806163728237152,-0.04521710425615311,dark,True,True,1.3406205574748453,499266,evaluation_t007,quadrants,top_left,dark,0.17327874153852463
-0.10103492438793182,0.09169470518827438,bright,True,True,1.5562401989212016,499266,evaluation_t007,quadrants,top_right,bright,0.1927296295762062
-0.09322928637266159,0.13071510195732117,bright,True,True,2.2308037363511066,499266,evaluation_t007,quadrants,bottom_left,bright,0.22394438832998276
0.024335801601409912,0.02364470064640045,dark,False,False,-0.04108269163330002,499266,evaluation_t007,quadrants,bottom_right,dark,0.0006911009550094604
-0.0022594640031456947,-0.007286657113581896,dark,False,False,-0.39535088967157606,499266,evaluation_t007,smooth_gradient,full,,
-0.023649156093597412,-0.07187377661466599,dark,False,False,-0.6802770786463491,499266,evaluation_t007,smooth_gradient,top_left,,
-0.09170825034379959,-0.0024851523339748383,bright,False,False,-0.07189029449420058,499266,evaluation_t007,smooth_gradient,top_right,,
-0.016053592786192894,-0.060118190944194794,dark,False,False,-0.5790986747149773,499266,evaluation_t007,smooth_gradient,bottom_left,,
-0.037060149013996124,0.1306215524673462,bright,True,True,2.229186503311274,499266,evaluation_t007,smooth_gradient,bottom_right,,
-0.11393147706985474,-0.030692830681800842,bright,False,False,-0.5595293977461812,499313,evaluation_t007,clean,full,,
-0.07132676243782043,-0.10175979882478714,dark,False,False,-1.3153773230843253,499313,evaluation_t007,clean,top_left,,
-0.10876576602458954,-0.005002092570066452,bright,False,False,-0.11540179744499683,499313,evaluation_t007,clean,top_right,,
-0.03640798479318619,-0.03083614818751812,bright,False,False,-0.5620069933535371,499313,evaluation_t007,clean,bottom_left,,
-0.09862402826547623,-0.08985120803117752,bright,False,False,-1.582227463314405,499313,evaluation_t007,clean,bottom_right,,
0.05023421347141266,-0.07012082636356354,dark,True,False,0.30390291000202835,499313,evaluation_t007,homogeneous_dark,full,,
0.09782907366752625,-0.10015502572059631,dark,True,False,0.9379009158227554,499313,evaluation_t007,homogeneous_dark,top_left,,
0.07725974172353745,-0.056038349866867065,dark,True,False,0.6639025181004242,499313,evaluation_t007,homogeneous_dark,top_right,,
0.1137736439704895,-0.06450939178466797,dark,True,True,1.1502941392526362,499313,evaluation_t007,homogeneous_dark,bottom_left,,
0.08935239911079407,-0.09845930337905884,dark,True,False,0.8249854719530761,499313,evaluation_t007,homogeneous_dark,bottom_right,,
-0.14119678735733032,0.05875007435679436,bright,True,False,0.9867112204092702,499313,evaluation_t007,homogeneous_bright,full,,
-0.09885358810424805,-0.027213700115680695,bright,False,False,-0.4993840682213874,499313,evaluation_t007,homogeneous_bright,top_left,,
-0.05200892686843872,0.12190259248018265,bright,True,True,2.078457833726951,499313,evaluation_t007,homogeneous_bright,top_right,,
-0.07170609384775162,0.07741545140743256,bright,True,True,1.30938817434351,499313,evaluation_t007,homogeneous_bright,bottom_left,,
-0.06718087941408157,0.07453692704439163,bright,True,True,1.2596258003624397,499313,evaluation_t007,homogeneous_bright,bottom_right,,
0.08202999085187912,0.0401507243514061,dark,True,False,0.7274456910853854,499313,evaluation_t007,left_right,full,,
0.09782907366752625,-0.10015502572059631,dark,True,False,0.9379009158227554,499313,evaluation_t007,left_right,top_left,dark,0.19798409938812256
-0.05200892686843872,0.12190259248018265,bright,True,True,2.078457833726951,499313,evaluation_t007,left_right,top_right,bright,0.17391151934862137
0.1137736439704895,-0.06450939178466797,dark,True,True,1.1502941392526362,499313,evaluation_t007,left_right,bottom_left,dark,0.17828303575515747
-0.06718087941408157,0.07453692704439163,bright,True,True,1.2596258003624397,499313,evaluation_t007,left_right,bottom_right,bright,0.1417178064584732
0.03495698794722557,0.06422603130340576,bright,True,True,1.0813766055560006,499313,evaluation_t007,quadrants,full,,
0.09782907366752625,-0.10015502572059631,dark,True,False,0.9379009158227554,499313,evaluation_t007,quadrants,top_left,dark,0.19798409938812256
-0.05200892686843872,0.12190259248018265,bright,True,True,2.078457833726951,499313,evaluation_t007,quadrants,top_right,bright,0.17391151934862137
-0.07170609384775162,0.07741545140743256,bright,True,True,1.30938817434351,499313,evaluation_t007,quadrants,bottom_left,bright,0.14912154525518417
0.08935239911079407,-0.09845930337905884,dark,True,False,0.8249854719530761,499313,evaluation_t007,quadrants,bottom_right,dark,0.1878117024898529
-0.0868963748216629,-0.0014896728098392487,bright,False,False,-0.05468098231794343,499313,evaluation_t007,smooth_gradient,full,,
-0.01692887581884861,-0.10819264501333237,dark,False,False,-0.5907580785864432,499313,evaluation_t007,smooth_gradient,top_left,,
-0.09078732132911682,0.06664049625396729,bright,True,True,1.12311657113583,499313,evaluation_t007,smooth_gradient,top_right,,
0.014017787761986256,-0.05606584623456001,dark,False,False,-0.17852610823901627,499313,evaluation_t007,smooth_gradient,bottom_left,,
-0.0836535096168518,0.002436704933643341,bright,True,False,0.013196114770692005,499313,evaluation_t007,smooth_gradient,bottom_right,,
-0.13198614120483398,-0.02618938684463501,bright,False,False,-0.48167629380682564,502737,evaluation_t007,clean,full,,
-0.17317236959934235,-0.06827113032341003,bright,False,False,-1.2091627391721986,502737,evaluation_t007,clean,top_left,,
-0.05853334069252014,-0.018867656588554382,bright,False,False,-0.35510217691913704,502737,evaluation_t007,clean,top_right,,
-0.09407943487167358,-0.033563144505023956,bright,False,False,-0.609149832350866,502737,evaluation_t007,clean,bottom_left,,
-0.10369004309177399,-0.062033649533987045,bright,False,False,-1.1013325412665245,502737,evaluation_t007,clean,bottom_right,,
0.040021415799856186,-0.049799297004938126,dark,True,False,0.16786104894943335,502737,evaluation_t007,homogeneous_dark,full,,
0.12286430597305298,-0.02295646071434021,dark,True,True,1.271388340548055,502737,evaluation_t007,homogeneous_dark,top_left,,
0.1785379946231842,0.012794222682714462,dark,True,True,2.0130021920317382,502737,evaluation_t007,homogeneous_dark,top_right,,
0.08894698321819305,-0.03708711639046669,dark,True,False,0.8195850386630533,502737,evaluation_t007,homogeneous_dark,bottom_left,,
0.11187879741191864,-0.037241384387016296,dark,True,True,1.1250534108521293,502737,evaluation_t007,homogeneous_dark,bottom_right,,
-0.16449564695358276,0.06687432527542114,bright,True,True,1.12715888092574,502737,evaluation_t007,homogeneous_bright,full,,
-0.1834825724363327,0.0410786010324955,bright,True,False,0.6812163371103568,502737,evaluation_t007,homogeneous_bright,top_left,,
-0.057647500187158585,0.05397585406899452,bright,True,False,0.9041770794862702,502737,evaluation_t007,homogeneous_bright,top_right,,
-0.06392687559127808,0.0871012806892395,bright,True,True,1.4768315579141447,502737,evaluation_t007,homogeneous_bright,bottom_left,,
-0.1305534839630127,0.017120826989412308,bright,True,False,0.26704728334336825,502737,evaluation_t007,homogeneous_bright,bottom_right,,
-0.057133764028549194,-0.004368286579847336,bright,False,False,-0.10444490191835724,502737,evaluation_t007,left_right,full,,
0.12286430597305298,-0.02295646071434021,dark,True,True,1.271388340548055,502737,evaluation_t007,left_right,top_left,dark,0.1458207666873932
-0.057647500187158585,0.05397585406899452,bright,True,False,0.9041770794862702,502737,evaluation_t007,left_right,top_right,bright,0.1116233542561531
0.08894698321819305,-0.03708711639046669,dark,True,False,0.8195850386630533,502737,evaluation_t007,left_right,bottom_left,dark,0.12603409960865974
-0.1305534839630127,0.017120826989412308,bright,True,False,0.26704728334336825,502737,evaluation_t007,left_right,bottom_right,bright,0.147674310952425
-0.023946018889546394,0.0518973246216774,bright,True,False,0.8682445853875251,502737,evaluation_t007,quadrants,full,,
0.12286430597305298,-0.02295646071434021,dark,True,True,1.271388340548055,502737,evaluation_t007,quadrants,top_left,dark,0.1458207666873932
-0.057647500187158585,0.05397585406899452,bright,True,False,0.9041770794862702,502737,evaluation_t007,quadrants,top_right,bright,0.1116233542561531
-0.06392687559127808,0.0871012806892395,bright,True,True,1.4768315579141447,502737,evaluation_t007,quadrants,bottom_left,bright,0.15102815628051758
0.11187879741191864,-0.037241384387016296,dark,True,True,1.1250534108521293,502737,evaluation_t007,quadrants,bottom_right,dark,0.14912018179893494
-0.1269911229610443,-0.02744702436029911,bright,False,False,-0.5034176517020867,502737,evaluation_t007,smooth_gradient,full,,
-0.09560056030750275,-0.06923840939998627,bright,False,False,-1.2258845372471683,502737,evaluation_t007,smooth_gradient,top_left,,
-0.07786059379577637,0.017786968499422073,bright,True,False,0.27856317786593604,502737,evaluation_t007,smooth_gradient,top_right,,
-0.03445611521601677,-0.060620326548814774,dark,False,False,-0.8242336005137978,502737,evaluation_t007,smooth_gradient,bottom_left,,
-0.12215081602334976,-0.03378219157457352,bright,False,False,-0.6129365997426373,502737,evaluation_t007,smooth_gradient,bottom_right,,
-0.0810043066740036,-0.005397714674472809,bright,False,False,-0.12224109863953296,506310,evaluation_t007,clean,full,,
-0.16257134079933167,-0.13053426146507263,bright,False,False,-2.2855341108671983,506310,evaluation_t007,clean,top_left,,
-0.19816218316555023,-0.06947273761034012,bright,False,False,-1.2299354767450799,506310,evaluation_t007,clean,top_right,,
-0.1086847186088562,-0.09641014784574509,bright,False,False,-1.6956148711691157,506310,evaluation_t007,clean,bottom_left,,
-0.11283890902996063,-0.07579188048839569,bright,False,False,-1.3391774047186966,506310,evaluation_t007,clean,bottom_right,,
0.10766809433698654,-0.050776101648807526,dark,True,True,1.0689637965196108,506310,evaluation_t007,homogeneous_dark,full,,
0.08983732014894485,-0.10953936725854874,dark,True,False,0.8314449713591322,506310,evaluation_t007,homogeneous_dark,top_left,,
0.09699247777462006,-0.08904051035642624,dark,True,False,0.926756852669826,506310,evaluation_t007,homogeneous_dark,top_right,,
0.12424777448177338,-0.09282122552394867,dark,True,True,1.2898171429866034,506310,evaluation_t007,homogeneous_dark,bottom_left,,
0.08238537609577179,-0.0884942039847374,dark,True,False,0.7321796799026161,506310,evaluation_t007,homogeneous_dark,bottom_right,,
-0.07441605627536774,0.13258378207683563,bright,True,True,2.2631084686480514,506310,evaluation_t007,homogeneous_bright,full,,
-0.15587380528450012,0.04423601180315018,bright,True,False,0.7357999486296953,506310,evaluation_t007,homogeneous_bright,top_left,,
-0.066485196352005,0.27818799018859863,bright,True,True,4.780235351541875,506310,evaluation_t007,homogeneous_bright,top_right,,
-0.1315130740404129,0.08868169784545898,bright,True,True,1.5041529558441629,506310,evaluation_t007,homogeneous_bright,bottom_left,,
-0.13157273828983307,0.09574083238840103,bright,True,True,1.6261874599181445,506310,evaluation_t007,homogeneous_bright,bottom_right,,
-0.021248944103717804,0.06065099313855171,bright,True,False,1.0195732772811872,506310,evaluation_t007,left_right,full,,
0.08983732014894485,-0.10953936725854874,dark,True,False,0.8314449713591322,506310,evaluation_t007,left_right,top_left,dark,0.1993766874074936
-0.066485196352005,0.27818799018859863,bright,True,True,4.780235351541875,506310,evaluation_t007,left_right,top_right,bright,0.34467318654060364
0.12424777448177338,-0.09282122552394867,dark,True,True,1.2898171429866034,506310,evaluation_t007,left_right,bottom_left,dark,0.21706900000572205
-0.13157273828983307,0.09574083238840103,bright,True,True,1.6261874599181445,506310,evaluation_t007,left_right,bottom_right,bright,0.2273135706782341
0.018899992108345032,0.10769380629062653,bright,True,True,1.8328240147952246,506310,evaluation_t007,quadrants,full,,
0.08983732014894485,-0.10953936725854874,dark,True,False,0.8314449713591322,506310,evaluation_t007,quadrants,top_left,dark,0.1993766874074936
-0.066485196352005,0.27818799018859863,bright,True,True,4.780235351541875,506310,evaluation_t007,quadrants,top_right,bright,0.34467318654060364
-0.1315130740404129,0.08868169784545898,bright,True,True,1.5041529558441629,506310,evaluation_t007,quadrants,bottom_left,bright,0.2201947718858719
0.08238537609577179,-0.0884942039847374,dark,True,False,0.7321796799026161,506310,evaluation_t007,quadrants,bottom_right,dark,0.17087958008050919
-0.07896807789802551,0.014875590801239014,bright,True,False,0.22823285317690603,506310,evaluation_t007,smooth_gradient,full,,
-0.031002115458250046,-0.13771790266036987,dark,False,False,-0.7782238223674552,506310,evaluation_t007,smooth_gradient,top_left,,
-0.11820045113563538,0.16241762042045593,bright,True,True,2.778859747326709,506310,evaluation_t007,smooth_gradient,top_right,,
-0.016592010855674744,-0.13421732187271118,dark,False,False,-0.5862707933207005,506310,evaluation_t007,smooth_gradient,bottom_left,,
-0.1441834717988968,-0.009211815893650055,bright,False,False,-0.18817721983666166,506310,evaluation_t007,smooth_gradient,bottom_right,,
-0.14671601355075836,-0.06969375163316727,bright,False,False,-1.23375624776241,507042,evaluation_t007,clean,full,,
-0.034716762602329254,-0.1490505337715149,dark,False,False,-0.8277056124592809,507042,evaluation_t007,clean,top_left,,
-0.07985883206129074,-0.05557284876704216,bright,False,False,-0.9896417082446166,507042,evaluation_t007,clean,top_right,,
-0.13364654779434204,-0.11131496727466583,bright,False,False,-1.9532813366906134,507042,evaluation_t007,clean,bottom_left,,
-0.14062201976776123,-0.1333252489566803,bright,False,False,-2.3337831947092917,507042,evaluation_t007,clean,bottom_right,,
0.18057914078235626,-0.0161561481654644,dark,True,True,2.040191737061842,507042,evaluation_t007,homogeneous_dark,full,,
0.3319973349571228,-0.03272952139377594,dark,True,True,4.057191739923843,507042,evaluation_t007,homogeneous_dark,top_left,,
0.27298852801322937,0.018958069384098053,dark,True,True,3.2711516974878405,507042,evaluation_t007,homogeneous_dark,top_right,,
0.2366563379764557,-0.014130786061286926,dark,True,True,2.7871806145704645,507042,evaluation_t007,homogeneous_dark,bottom_left,,
0.14291653037071228,-0.09094801545143127,dark,True,True,1.5384984912660487,507042,evaluation_t007,homogeneous_dark,bottom_right,,
-0.11511746048927307,0.14832478761672974,bright,True,True,2.5352304678819944,507042,evaluation_t007,homogeneous_bright,full,,
-0.07490891963243484,0.006036773324012756,bright,True,False,0.0754321520609018,507042,evaluation_t007,homogeneous_bright,top_left,,
-0.040917783975601196,0.15993407368659973,bright,True,True,2.7359255332007404,507042,evaluation_t007,homogeneous_bright,top_right,,
-0.05489211529493332,0.21900016069412231,bright,True,True,3.7570281332015534,507042,evaluation_t007,homogeneous_bright,bottom_left,,
0.010813765227794647,0.2909761667251587,bright,True,True,5.001310438318621,507042,evaluation_t007,homogeneous_bright,bottom_right,,
0.0061249881982803345,0.06611071527004242,bright,True,True,1.113958003715446,507042,evaluation_t007,left_right,full,,
0.3319973349571228,-0.03272952139377594,dark,True,True,4.057191739923843,507042,evaluation_t007,left_right,top_left,dark,0.36472685635089874
-0.040917783975601196,0.15993407368659973,bright,True,True,2.7359255332007404,507042,evaluation_t007,left_right,top_right,bright,0.20085185766220093
0.2366563379764557,-0.014130786061286926,dark,True,True,2.7871806145704645,507042,evaluation_t007,left_right,bottom_left,dark,0.2507871240377426
0.010813765227794647,0.2909761667251587,bright,True,True,5.001310438318621,507042,evaluation_t007,left_right,bottom_right,bright,0.28016240149736404
0.0533265545964241,0.1361021250486374,bright,True,True,2.323931681056617,507042,evaluation_t007,quadrants,full,,
0.3319973349571228,-0.03272952139377594,dark,True,True,4.057191739923843,507042,evaluation_t007,quadrants,top_left,dark,0.36472685635089874
-0.040917783975601196,0.15993407368659973,bright,True,True,2.7359255332007404,507042,evaluation_t007,quadrants,top_right,bright,0.20085185766220093
-0.05489211529493332,0.21900016069412231,bright,True,True,3.7570281332015534,507042,evaluation_t007,quadrants,bottom_left,bright,0.27389227598905563
0.14291653037071228,-0.09094801545143127,dark,True,True,1.5384984912660487,507042,evaluation_t007,quadrants,bottom_right,dark,0.23386454582214355
-0.10167522728443146,0.022378941997885704,bright,True,False,0.35794673475906275,507042,evaluation_t007,smooth_gradient,full,,
0.23280027508735657,-0.08674147725105286,dark,True,True,2.7358150643422534,507042,evaluation_t007,smooth_gradient,top_left,,
-0.06882118433713913,0.0871707946062088,bright,True,True,1.478033276953778,507042,evaluation_t007,smooth_gradient,top_right,,
-0.017074070870876312,-0.1448231041431427,dark,False,False,-0.5926921818291315,507042,evaluation_t007,smooth_gradient,bottom_left,,
-0.08366256952285767,0.08651725202798843,bright,True,True,1.4667351859570432,507042,evaluation_t007,smooth_gradient,bottom_right,,
-0.1749061644077301,-0.06128174439072609,bright,False,False,-1.0883340113886273,509258,evaluation_t007,clean,full,,
-0.22815841436386108,-0.142983540892601,bright,False,False,-2.5007505275221034,509258,evaluation_t007,clean,top_left,,
-0.18522849678993225,-0.08074094355106354,bright,False,False,-1.4247341330696794,509258,evaluation_t007,clean,top_right,,
-0.2590668797492981,-0.12529803812503815,bright,False,False,-2.19501311078786,509258,evaluation_t007,clean,bottom_left,,
-0.23019108176231384,-0.02903389185667038,bright,False,False,-0.5308505596276636,509258,evaluation_t007,clean,bottom_right,,
0.14175400137901306,-0.03792151063680649,dark,True,True,1.523012763197742,509258,evaluation_t007,homogeneous_dark,full,,
0.2094951719045639,-0.07022435963153839,dark,True,True,2.4253742124844027,509258,evaluation_t007,homogeneous_dark,top_left,,
0.1304304152727127,-0.04545353725552559,dark,True,True,1.372174395765791,509258,evaluation_t007,homogeneous_dark,top_right,,
0.2027723342180252,-0.07131081819534302,dark,True,True,2.3358211458473876,509258,evaluation_t007,homogeneous_dark,bottom_left,,
0.15234552323818207,-0.06658667325973511,dark,True,True,1.6640995046998865,509258,evaluation_t007,homogeneous_dark,bottom_right,,
-0.1533944010734558,0.1085362583398819,bright,True,True,1.8473878706633322,509258,evaluation_t007,homogeneous_bright,full,,
-0.2327740490436554,0.07658952474594116,bright,True,True,1.2951100004507405,509258,evaluation_t007,homogeneous_bright,top_left,,
-0.05533488839864731,0.23318150639533997,bright,True,True,4.0021875757964125,509258,evaluation_t007,homogeneous_bright,top_right,,
-0.24637550115585327,0.09046879410743713,bright,True,True,1.5350473104900906,509258,evaluation_t007,homogeneous_bright,bottom_left,,
-0.048284485936164856,0.2752322852611542,bright,True,True,4.729138721662459,509258,evaluation_t007,homogeneous_bright,bottom_right,,
0.023054461926221848,0.05686011537909508,bright,True,False,0.9540386307085535,509258,evaluation_t007,left_right,full,,
0.2094951719045639,-0.07022435963153839,dark,True,True,2.4253742124844027,509258,evaluation_t007,left_right,top_left,dark,0.2797195315361023
-0.05533488839864731,0.23318150639533997,bright,True,True,4.0021875757964125,509258,evaluation_t007,left_right,top_right,bright,0.2885163947939873
0.2027723342180252,-0.07131081819534302,dark,True,True,2.3358211458473876,509258,evaluation_t007,left_right,bottom_left,dark,0.2740831524133682
-0.048284485936164856,0.2752322852611542,bright,True,True,4.729138721662459,509258,evaluation_t007,left_right,bottom_right,bright,0.32351677119731903
0.043637555092573166,0.073878712952137,bright,True,True,1.2482469507550027,509258,evaluation_t007,quadrants,full,,
0.2094951719045639,-0.07022435963153839,dark,True,True,2.4253742124844027,509258,evaluation_t007,quadrants,top_left,dark,0.2797195315361023
-0.05533488839864731,0.23318150639533997,bright,True,True,4.0021875757964125,509258,evaluation_t007,quadrants,top_right,bright,0.2885163947939873
-0.24637550115585327,0.09046879410743713,bright,True,True,1.5350473104900906,509258,evaluation_t007,quadrants,bottom_left,bright,0.3368442952632904
0.15234552323818207,-0.06658667325973511,dark,True,True,1.6640995046998865,509258,evaluation_t007,quadrants,bottom_right,dark,0.21893219649791718
-0.1498485803604126,-0.04050860181450844,bright,False,False,-0.7292191458302916,509258,evaluation_t007,smooth_gradient,full,,
-0.05289732664823532,-0.17165133357048035,dark,False,False,-1.069883891842937,509258,evaluation_t007,smooth_gradient,top_left,,
-0.17091429233551025,0.06462661176919937,bright,True,True,1.0883016242232995,509258,evaluation_t007,smooth_gradient,top_right,,
-0.06910420954227448,-0.17527005076408386,dark,False,False,-1.2857713089516842,509258,evaluation_t007,smooth_gradient,bottom_left,,
-0.1631467491388321,0.17056149244308472,bright,True,True,2.919646606888289,509258,evaluation_t007,smooth_gradient,bottom_right,,
-0.07855015248060226,0.0440673753619194,bright,True,False,0.7328846529444792,514979,evaluation_t007,clean,full,,
-0.06320299208164215,-0.04606352001428604,bright,False,False,-0.8252495704606272,514979,evaluation_t007,clean,top_left,,
0.018693100661039352,0.0059644561260938644,dark,False,False,-0.11624755458061882,514979,evaluation_t007,clean,top_right,,
-0.1497485637664795,-0.03637852519750595,bright,False,False,-0.6578206126705327,514979,evaluation_t007,clean,bottom_left,,
-0.02393333613872528,-0.018669724464416504,bright,False,False,-0.35168043329567455,514979,evaluation_t007,clean,bottom_right,,
0.2128574550151825,0.005913093686103821,dark,True,True,2.470162258469901,514979,evaluation_t007,homogeneous_dark,full,,
0.2532278299331665,-0.07575923204421997,dark,True,True,3.0079248884424317,514979,evaluation_t007,homogeneous_dark,top_left,,
0.2285100370645523,-0.07255218923091888,dark,True,True,2.6786659869051848,514979,evaluation_t007,homogeneous_dark,top_right,,
0.12001951783895493,-0.09807635098695755,dark,True,True,1.2334937024176145,514979,evaluation_t007,homogeneous_dark,bottom_left,,
0.2526997923851013,-0.0534212589263916,dark,True,True,3.0008910458995106,514979,evaluation_t007,homogeneous_dark,bottom_right,,
-0.09278930723667145,0.16865399479866028,bright,True,True,2.8866708181930067,514979,evaluation_t007,homogeneous_bright,full,,
0.017769936472177505,0.14171814918518066,bright,True,True,2.4210184721074834,514979,evaluation_t007,homogeneous_bright,top_left,,
0.035130903124809265,0.12766149640083313,bright,True,True,2.1780146532904707,514979,evaluation_t007,homogeneous_bright,top_right,,
-0.03422543406486511,0.2472543716430664,bright,True,True,4.245471666921062,514979,evaluation_t007,homogeneous_bright,bottom_left,,
-0.021574154496192932,0.208314448595047,bright,True,True,3.5722993157019904,514979,evaluation_t007,homogeneous_bright,bottom_right,,
0.06729006767272949,0.09784447401762009,bright,True,True,1.6625540798500178,514979,evaluation_t007,left_right,full,,
0.2532278299331665,-0.07575923204421997,dark,True,True,3.0079248884424317,514979,evaluation_t007,left_right,top_left,dark,0.3289870619773865
0.035130903124809265,0.12766149640083313,bright,True,True,2.1780146532904707,514979,evaluation_t007,left_right,top_right,bright,0.09253059327602386
0.12001951783895493,-0.09807635098695755,dark,True,True,1.2334937024176145,514979,evaluation_t007,left_right,bottom_left,dark,0.21809586882591248
-0.021574154496192932,0.208314448595047,bright,True,True,3.5722993157019904,514979,evaluation_t007,left_right,bottom_right,bright,0.22988860309123993
0.07694505900144577,0.16892936825752258,bright,True,True,2.8914313257712334,514979,evaluation_t007,quadrants,full,,
0.2532278299331665,-0.07575923204421997,dark,True,True,3.0079248884424317,514979,evaluation_t007,quadrants,top_left,dark,0.3289870619773865
0.035130903124809265,0.12766149640083313,bright,True,True,2.1780146532904707,514979,evaluation_t007,quadrants,top_right,bright,0.09253059327602386
-0.03422543406486511,0.2472543716430664,bright,True,True,4.245471666921062,514979,evaluation_t007,quadrants,bottom_left,bright,0.2814798057079315
0.2526997923851013,-0.0534212589263916,dark,True,True,3.0008910458995106,514979,evaluation_t007,quadrants,bottom_right,dark,0.3061210513114929
-0.07763660699129105,0.039136871695518494,bright,True,False,0.6476487694089013,514979,evaluation_t007,smooth_gradient,full,,
0.08116913586854935,-0.09821593016386032,dark,True,False,0.715978479279677,514979,evaluation_t007,smooth_gradient,top_left,,
0.016948914155364037,0.08735507726669312,bright,True,True,1.4812190560241207,514979,evaluation_t007,smooth_gradient,top_right,,
-0.09487009048461914,-0.1458951085805893,dark,False,False,-1.6289915026522361,514979,evaluation_t007,smooth_gradient,bottom_left,,
-0.025104355067014694,0.1160036101937294,bright,True,True,1.976479415056877,514979,evaluation_t007,smooth_gradient,bottom_right,,
-0.15937134623527527,-0.11848382651805878,bright,False,False,-2.077212702104004,523782,evaluation_t007,clean,full,,
-0.1905198097229004,-0.1016562357544899,bright,False,False,-1.7863064045826957,523782,evaluation_t007,clean,top_left,,
-0.11797671020030975,-0.09223303198814392,bright,False,False,-1.6234031490322158,523782,evaluation_t007,clean,top_right,,
-0.06912443041801453,-0.06926308572292328,dark,False,False,-1.2860406656604195,523782,evaluation_t007,clean,bottom_left,,
-0.08049827814102173,-0.12244981527328491,dark,False,False,-1.4375485542261686,523782,evaluation_t007,clean,bottom_right,,
0.12077006697654724,-0.10623785108327866,dark,True,True,1.2434915604750452,523782,evaluation_t007,homogeneous_dark,full,,
0.16441436111927032,-0.09454551339149475,dark,True,True,1.8248651654803842,523782,evaluation_t007,homogeneous_dark,top_left,,
0.11702563613653183,-0.10417409241199493,dark,True,True,1.1936130299841152,523782,evaluation_t007,homogeneous_dark,top_right,,
0.14056208729743958,-0.119287870824337,dark,True,True,1.5071356044517448,523782,evaluation_t007,homogeneous_dark,bottom_left,,
0.12113063037395477,-0.15570874512195587,dark,True,True,1.2482945260470921,523782,evaluation_t007,homogeneous_dark,bottom_right,,
-0.18232865631580353,0.018501807004213333,bright,True,False,0.29092091972430706,523782,evaluation_t007,homogeneous_bright,full,,
-0.15811112523078918,0.08240249752998352,bright,True,True,1.3956015333122904,523782,evaluation_t007,homogeneous_bright,top_left,,
-0.1296396553516388,0.006692066788673401,bright,True,False,0.0867605114364485,523782,evaluation_t007,homogeneous_bright,top_right,,
-0.10111202299594879,0.06967052072286606,bright,True,True,1.1754979970945967,523782,evaluation_t007,homogeneous_bright,bottom_left,,
-0.05642065405845642,0.09622262418270111,bright,True,True,1.634516416155862,523782,evaluation_t007,homogeneous_bright,bottom_right,,
-0.01587921939790249,-0.03953962028026581,dark,False,False,-0.5767758949024347,523782,evaluation_t007,left_right,full,,
0.16441436111927032,-0.09454551339149475,dark,True,True,1.8248651654803842,523782,evaluation_t007,left_right,top_left,dark,0.2589598745107651
-0.1296396553516388,0.006692066788673401,bright,True,False,0.0867605114364485,523782,evaluation_t007,left_right,top_right,bright,0.1363317221403122
0.14056208729743958,-0.119287870824337,dark,True,True,1.5071356044517448,523782,evaluation_t007,left_right,bottom_left,dark,0.2598499581217766
-0.05642065405845642,0.09622262418270111,bright,True,True,1.634516416155862,523782,evaluation_t007,left_right,bottom_right,bright,0.15264327824115753
0.020298046991229057,-0.016245469450950623,dark,False,False,-0.09486850716674165,523782,evaluation_t007,quadrants,full,,
0.16441436111927032,-0.09454551339149475,dark,True,True,1.8248651654803842,523782,evaluation_t007,quadrants,top_left,dark,0.2589598745107651
-0.1296396553516388,0.006692066788673401,bright,True,False,0.0867605114364485,523782,evaluation_t007,quadrants,top_right,bright,0.1363317221403122
-0.10111202299594879,0.06967052072286606,bright,True,True,1.1754979970945967,523782,evaluation_t007,quadrants,bottom_left,bright,0.17078254371881485
0.12113063037395477,-0.15570874512195587,dark,True,True,1.2482945260470921,523782,evaluation_t007,quadrants,bottom_right,dark,0.27683937549591064
-0.13661237061023712,-0.09068208932876587,bright,False,False,-1.596591290279131,523782,evaluation_t007,smooth_gradient,full,,
-0.08773724734783173,-0.13551007211208344,dark,False,False,-1.5339768664935916,523782,evaluation_t007,smooth_gradient,top_left,,
-0.15960049629211426,-0.05304647982120514,bright,False,False,-0.9459672068538787,523782,evaluation_t007,smooth_gradient,top_right,,
-0.006506334990262985,-0.11064290255308151,dark,False,False,-0.4519222867870596,523782,evaluation_t007,smooth_gradient,bottom_left,,
-0.059026312083005905,-0.04681301489472389,bright,False,False,-0.8382064330170536,523782,evaluation_t007,smooth_gradient,bottom_right,,
-0.10007445514202118,0.037045154720544815,bright,True,False,0.6114882964569781,532058,evaluation_t007,clean,full,,
-0.09079523384571075,-0.04829560965299606,bright,False,False,-0.8638367301827772,532058,evaluation_t007,clean,top_left,,
-0.10124954581260681,-0.07422599196434021,bright,False,False,-1.3121071699320102,532058,evaluation_t007,clean,top_right,,
-0.06871353089809418,-0.03084280714392662,bright,False,False,-0.5621221097942308,532058,evaluation_t007,clean,bottom_left,,
-0.10214745998382568,-0.0002307593822479248,bright,False,False,-0.03291756714663338,532058,evaluation_t007,clean,bottom_right,,
0.10233905911445618,0.015425050631165504,dark,True,False,0.997977188089389,532058,evaluation_t007,homogeneous_dark,full,,
0.1311960071325302,-0.029790136963129044,dark,True,True,1.3823726337771407,532058,evaluation_t007,homogeneous_dark,top_left,,
0.13790786266326904,-0.041381001472473145,dark,True,True,1.4717794101456678,532058,evaluation_t007,homogeneous_dark,top_right,,
0.11417733132839203,-0.043003782629966736,dark,True,True,1.1556715472086772,532058,evaluation_t007,homogeneous_dark,bottom_left,,
0.13604332506656647,-0.0695539116859436,dark,True,True,1.4469424190668763,532058,evaluation_t007,homogeneous_dark,bottom_right,,
0.0035137832164764404,0.1961348056793213,bright,True,True,3.3617442293840987,532058,evaluation_t007,homogeneous_bright,full,,
-0.0408814400434494,0.1019878163933754,bright,True,True,1.7341819442798803,532058,evaluation_t007,homogeneous_bright,top_left,,
-0.05831712484359741,0.1116219237446785,bright,True,True,1.9007311870602537,532058,evaluation_t007,homogeneous_bright,top_right,,
0.09187562763690948,0.28635478019714355,bright,True,True,4.92141840486186,532058,evaluation_t007,homogeneous_bright,bottom_left,,
-0.018990352749824524,0.24186201393604279,bright,True,True,4.152251500261384,532058,evaluation_t007,homogeneous_bright,bottom_right,,
0.1237044632434845,0.13550716638565063,bright,True,True,2.313646357134763,532058,evaluation_t007,left_right,full,,
0.1311960071325302,-0.029790136963129044,dark,True,True,1.3823726337771407,532058,evaluation_t007,left_right,top_left,dark,0.16098614409565926
-0.05831712484359741,0.1116219237446785,bright,True,True,1.9007311870602537,532058,evaluation_t007,left_right,top_right,bright,0.1699390485882759
0.11417733132839203,-0.043003782629966736,dark,True,True,1.1556715472086772,532058,evaluation_t007,left_right,bottom_left,dark,0.15718111395835876
-0.018990352749824524,0.24186201393604279,bright,True,True,4.152251500261384,532058,evaluation_t007,left_right,bottom_right,bright,0.2608523666858673
0.07813840359449387,0.17286282777786255,bright,True,True,2.9594308487920418,532058,evaluation_t007,quadrants,full,,
0.1311960071325302,-0.029790136963129044,dark,True,True,1.3823726337771407,532058,evaluation_t007,quadrants,top_left,dark,0.16098614409565926
-0.05831712484359741,0.1116219237446785,bright,True,True,1.9007311870602537,532058,evaluation_t007,quadrants,top_right,bright,0.1699390485882759
0.09187562763690948,0.28635478019714355,bright,True,True,4.92141840486186,532058,evaluation_t007,quadrants,bottom_left,bright,0.19447915256023407
0.13604332506656647,-0.0695539116859436,dark,True,True,1.4469424190668763,532058,evaluation_t007,quadrants,bottom_right,dark,0.20559723675251007
-0.04661483317613602,0.0925406962633133,bright,True,True,1.5708652355549926,532058,evaluation_t007,smooth_gradient,full,,
-0.0382864773273468,-0.08993056416511536,dark,False,False,-0.8752567977697235,532058,evaluation_t007,smooth_gradient,top_left,,
-0.1091480702161789,-0.011275693774223328,bright,False,False,-0.22385642556547752,532058,evaluation_t007,smooth_gradient,top_right,,
0.005971692502498627,-0.03617118299007416,dark,False,False,-0.2857059240455833,532058,evaluation_t007,smooth_gradient,bottom_left,,
-0.05992305651307106,0.15905824303627014,bright,True,True,2.720784646111029,532058,evaluation_t007,smooth_gradient,bottom_right,,
-0.19564026594161987,0.041487373411655426,bright,True,False,0.6882829731500111,535523,evaluation_t007,clean,full,,
-0.19390259683132172,-0.03783797472715378,bright,False,False,-0.683050787628687,535523,evaluation_t007,clean,top_left,,
-0.18012012541294098,-0.004036851227283478,bright,False,False,-0.09871522661089968,535523,evaluation_t007,clean,top_right,,
-0.1915854811668396,-0.04489798843860626,bright,False,False,-0.8051004902928807,535523,evaluation_t007,clean,bottom_left,,
-0.18019723892211914,-0.01153809204697609,bright,False,False,-0.22839262513646727,535523,evaluation_t007,clean,bottom_right,,
0.07223336398601532,0.030048750340938568,dark,True,False,0.5969475265538593,535523,evaluation_t007,homogeneous_dark,full,,
-0.011006318032741547,-0.07327387481927872,dark,False,False,-0.5118653197826993,535523,evaluation_t007,homogeneous_dark,top_left,,
0.04617290943861008,-0.02568168193101883,dark,True,False,0.2498033991048671,535523,evaluation_t007,homogeneous_dark,top_right,,
0.13589395582675934,-0.06124775484204292,dark,True,True,1.4449527126200357,535523,evaluation_t007,homogeneous_dark,bottom_left,,
0.05454994738101959,-0.015457820147275925,dark,True,False,0.36139161111532864,535523,evaluation_t007,homogeneous_dark,bottom_right,,
-0.12756508588790894,0.16132037341594696,bright,True,True,2.759891133932622,535523,evaluation_t007,homogeneous_bright,full,,
-0.20661774277687073,0.07332749664783478,bright,True,True,1.2387178210969954,535523,evaluation_t007,homogeneous_bright,top_left,,
-0.11498194932937622,0.21104826033115387,bright,True,True,3.619559975973864,535523,evaluation_t007,homogeneous_bright,top_right,,
-0.1465110033750534,0.15014618635177612,bright,True,True,2.566717825149409,535523,evaluation_t007,homogeneous_bright,bottom_left,,
-0.09142357110977173,0.21971456706523895,bright,True,True,3.7693784045664303,535523,evaluation_t007,homogeneous_bright,bottom_right,,
0.0023582875728607178,0.11262896656990051,bright,True,True,1.9181403993382806,535523,evaluation_t007,left_right,full,,
-0.011006318032741547,-0.07327387481927872,dark,False,False,-0.5118653197826993,535523,evaluation_t007,left_right,top_left,dark,0.06226755678653717
-0.11498194932937622,0.21104826033115387,bright,True,True,3.619559975973864,535523,evaluation_t007,left_right,top_right,bright,0.3260302096605301
0.13589395582675934,-0.06124775484204292,dark,True,True,1.4449527126200357,535523,evaluation_t007,left_right,bottom_left,dark,0.19714171066880226
-0.09142357110977173,0.21971456706523895,bright,True,True,3.7693784045664303,535523,evaluation_t007,left_right,bottom_right,bright,0.3111381381750107
-0.05904161185026169,0.07070865482091904,bright,True,True,1.1934446984993536,535523,evaluation_t007,quadrants,full,,
-0.011006318032741547,-0.07327387481927872,dark,False,False,-0.5118653197826993,535523,evaluation_t007,quadrants,top_left,dark,0.06226755678653717
-0.11498194932937622,0.21104826033115387,bright,True,True,3.619559975973864,535523,evaluation_t007,quadrants,top_right,bright,0.3260302096605301
-0.1465110033750534,0.15014618635177612,bright,True,True,2.566717825149409,535523,evaluation_t007,quadrants,bottom_left,bright,0.29665718972682953
0.05454994738101959,-0.015457820147275925,dark,True,False,0.36139161111532864,535523,evaluation_t007,quadrants,bottom_right,dark,0.07000776752829552
-0.18816585838794708,0.03899523615837097,bright,True,False,0.6452002507654464,535523,evaluation_t007,smooth_gradient,full,,
-0.13501879572868347,-0.08853040635585785,bright,False,False,-1.5593941575533077,535523,evaluation_t007,smooth_gradient,top_left,,
-0.12380905449390411,0.11438926309347153,bright,True,True,1.94857145458597,535523,evaluation_t007,smooth_gradient,top_right,,
-0.12827838957309723,-0.11796844750642776,bright,False,False,-2.068303108199548,535523,evaluation_t007,smooth_gradient,bottom_left,,
-0.15386110544204712,0.13226202130317688,bright,True,True,2.2575460422337303,535523,evaluation_t007,smooth_gradient,bottom_right,,
-0.1674932986497879,-0.11909513175487518,bright,False,False,-2.0877806167625095,535578,evaluation_t007,clean,full,,
-0.13446426391601562,-0.15689925849437714,dark,False,False,-2.156414566701391,535578,evaluation_t007,clean,top_left,,
-0.13026143610477448,-0.14277082681655884,dark,False,False,-2.10042985658447,535578,evaluation_t007,clean,top_right,,
-0.10000843554735184,-0.18039797246456146,dark,False,False,-1.6974379800568975,535578,evaluation_t007,clean,bottom_left,,
-0.17024947702884674,-0.12610162794589996,bright,False,False,-2.2089051374479585,535578,evaluation_t007,clean,bottom_right,,
0.07057629525661469,-0.13750366866588593,dark,True,False,0.5748741710356583,535578,evaluation_t007,homogeneous_dark,full,,
0.0712156742811203,-0.16410183906555176,dark,True,False,0.5833911626778202,535578,evaluation_t007,homogeneous_dark,top_left,,
0.1201983392238617,-0.1359323114156723,dark,True,True,1.2358757327663086,535578,evaluation_t007,homogeneous_dark,top_right,,
0.10165894031524658,-0.1648685187101364,dark,True,False,0.9889175131445872,535578,evaluation_t007,homogeneous_dark,bottom_left,,
0.049013569951057434,-0.13524872064590454,dark,True,False,0.2876430543257132,535578,evaluation_t007,homogeneous_dark,bottom_right,,
-0.17832481861114502,0.08289501070976257,bright,True,True,1.4041158350696255,535578,evaluation_t007,homogeneous_bright,full,,
-0.11339332908391953,0.08269474655389786,bright,True,True,1.400653776541618,535578,evaluation_t007,homogeneous_bright,top_left,,
-0.13694655895233154,0.08950233459472656,bright,True,True,1.518339680592437,535578,evaluation_t007,homogeneous_bright,top_right,,
-0.19662092626094818,-0.04536189138889313,bright,False,False,-0.8131201938602701,535578,evaluation_t007,homogeneous_bright,bottom_left,,
-0.1642684042453766,0.09407675266265869,bright,True,True,1.5974197486873711,535578,evaluation_t007,homogeneous_bright,bottom_right,,
-0.08101673424243927,-0.02555178292095661,bright,False,False,-0.4706537416584869,535578,evaluation_t007,left_right,full,,
0.0712156742811203,-0.16410183906555176,dark,True,False,0.5833911626778202,535578,evaluation_t007,left_right,top_left,dark,0.23531751334667206
-0.13694655895233154,0.08950233459472656,bright,True,True,1.518339680592437,535578,evaluation_t007,left_right,top_right,bright,0.2264488935470581
0.10165894031524658,-0.1648685187101364,dark,True,False,0.9889175131445872,535578,evaluation_t007,left_right,bottom_left,dark,0.266527459025383
-0.1642684042453766,0.09407675266265869,bright,True,True,1.5974197486873711,535578,evaluation_t007,left_right,bottom_right,bright,0.2583451569080353
-0.061309121549129486,-0.04134471341967583,bright,False,False,-0.743673391526617,535578,evaluation_t007,quadrants,full,,
0.0712156742811203,-0.16410183906555176,dark,True,False,0.5833911626778202,535578,evaluation_t007,quadrants,top_left,dark,0.23531751334667206
-0.13694655895233154,0.08950233459472656,bright,True,True,1.518339680592437,535578,evaluation_t007,quadrants,top_right,bright,0.2264488935470581
-0.19662092626094818,-0.04536189138889313,bright,False,False,-0.8131201938602701,535578,evaluation_t007,quadrants,bottom_left,bright,0.15125903487205505
0.049013569951057434,-0.13524872064590454,dark,True,False,0.2876430543257132,535578,evaluation_t007,quadrants,bottom_right,dark,0.18426229059696198
-0.15292569994926453,-0.03788026049733162,bright,False,False,-0.6837818011773944,535578,evaluation_t007,smooth_gradient,full,,
-0.04797454923391342,-0.16893549263477325,dark,False,False,-1.0043089316283413,535578,evaluation_t007,smooth_gradient,top_left,,
-0.15218892693519592,-0.027582556009292603,bright,False,False,-0.5057606496249393,535578,evaluation_t007,smooth_gradient,top_right,,
-0.0006808750331401825,-0.15700870752334595,dark,False,False,-0.37432294138324773,535578,evaluation_t007,smooth_gradient,bottom_left,,
-0.16638918220996857,0.019522543996572495,bright,True,False,0.3085668693651256,535578,evaluation_t007,smooth_gradient,bottom_right,,
-0.03680741414427757,-0.12172545492649078,dark,False,False,-0.8555546050395657,536038,evaluation_t007,clean,full,,
-0.00697147473692894,-0.10098475217819214,dark,False,False,-0.45811828506500507,536038,evaluation_t007,clean,top_left,,
-0.024524768814444542,-0.09485984593629837,dark,False,False,-0.6919408742032835,536038,evaluation_t007,clean,top_right,,
-0.2018468976020813,-0.23285910487174988,dark,False,False,-3.0540000456351555,536038,evaluation_t007,clean,bottom_left,,
-0.11740130186080933,-0.19027093052864075,dark,False,False,-1.9291235551967731,536038,evaluation_t007,clean,bottom_right,,
0.25425195693969727,-0.14334726333618164,dark,True,True,3.021567001838127,536038,evaluation_t007,homogeneous_dark,full,,
0.29198306798934937,-0.022168584167957306,dark,True,True,3.524172725740078,536038,evaluation_t007,homogeneous_dark,top_left,,
0.31331318616867065,0.0031329840421676636,dark,True,True,3.8083053470754042,536038,evaluation_t007,homogeneous_dark,top_right,,
0.03607912361621857,-0.22588756680488586,dark,True,False,0.11534686207105732,536038,evaluation_t007,homogeneous_dark,bottom_left,,
0.24176880717277527,-0.15646353363990784,dark,True,True,2.8552824066953035,536038,evaluation_t007,homogeneous_dark,bottom_right,,
-0.13260383903980255,-0.02228696644306183,bright,False,False,-0.4142133583014637,536038,evaluation_t007,homogeneous_bright,full,,
-0.07232634723186493,0.027210164815187454,bright,True,False,0.44146630461480396,536038,evaluation_t007,homogeneous_bright,top_left,,
-0.039898473769426346,0.08228319883346558,bright,True,True,1.3935391619015067,536038,evaluation_t007,homogeneous_bright,top_right,,
-0.30620867013931274,-0.15672382712364197,bright,False,False,-2.738285172291858,536038,evaluation_t007,homogeneous_bright,bottom_left,,
-0.19080397486686707,-0.022274956107139587,bright,False,False,-0.41400573010297614,536038,evaluation_t007,homogeneous_bright,bottom_right,,
0.1196519285440445,0.007649585604667664,dark,True,True,1.228597146802702,536038,evaluation_t007,left_right,full,,
0.29198306798934937,-0.022168584167957306,dark,True,True,3.524172725740078,536038,evaluation_t007,left_right,top_left,dark,0.31415165215730667
-0.039898473769426346,0.08228319883346558,bright,True,True,1.3935391619015067,536038,evaluation_t007,left_right,top_right,bright,0.12218167260289192
0.03607912361621857,-0.22588756680488586,dark,True,False,0.11534686207105732,536038,evaluation_t007,left_right,bottom_left,dark,0.26196669042110443
-0.19080397486686707,-0.022274956107139587,bright,False,False,-0.41400573010297614,536038,evaluation_t007,left_right,bottom_right,bright,0.16852901875972748
0.14725539088249207,0.039031919091939926,dark,True,True,1.5962952554684846,536038,evaluation_t007,quadrants,full,,
0.29198306798934937,-0.022168584167957306,dark,True,True,3.524172725740078,536038,evaluation_t007,quadrants,top_left,dark,0.31415165215730667
-0.039898473769426346,0.08228319883346558,bright,True,True,1.3935391619015067,536038,evaluation_t007,quadrants,top_right,bright,0.12218167260289192
-0.30620867013931274,-0.15672382712364197,bright,False,False,-2.738285172291858,536038,evaluation_t007,quadrants,bottom_left,bright,0.14948484301567078
0.24176880717277527,-0.15646353363990784,dark,True,True,2.8552824066953035,536038,evaluation_t007,quadrants,bottom_right,dark,0.3982323408126831
-0.028493177145719528,-0.0746813714504242,dark,False,False,-0.7448029470813996,536038,evaluation_t007,smooth_gradient,full,,
0.08158717304468155,-0.09213472157716751,dark,True,False,0.7215470372066186,536038,evaluation_t007,smooth_gradient,top_left,,
-0.0553041473031044,-0.006519682705402374,bright,False,False,-0.14163707578212012,536038,evaluation_t007,smooth_gradient,top_right,,
-0.1042415052652359,-0.2382691502571106,dark,False,False,-1.7538255342713702,536038,evaluation_t007,smooth_gradient,bottom_left,,
-0.1743594855070114,-0.08064679801464081,bright,False,False,-1.4231065959008895,536038,evaluation_t007,smooth_gradient,bottom_right,,
-0.004730464890599251,-0.012016605585813522,dark,False,False,-0.4282664109814742,546219,evaluation_t007,clean,full,,
-0.09983742982149124,0.05444808304309845,bright,True,False,0.9123407188550307,546219,evaluation_t007,clean,top_left,,
-0.001782480627298355,-0.12619157135486603,dark,False,False,-0.3889971256758254,546219,evaluation_t007,clean,top_right,,
-0.041165512055158615,0.007894698530435562,bright,True,False,0.10755095923097485,546219,evaluation_t007,clean,bottom_left,,
-0.018496198579669,-0.08907435834407806,dark,False,False,-0.6116359528094817,546219,evaluation_t007,clean,bottom_right,,
0.28936100006103516,0.033583611249923706,dark,True,True,3.489244882043766,546219,evaluation_t007,homogeneous_dark,full,,
0.151308074593544,0.0019129849970340729,dark,True,True,1.6502799374371244,546219,evaluation_t007,homogeneous_dark,top_left,,
0.2739514112472534,-0.08482351899147034,dark,True,True,3.28397799948125,546219,evaluation_t007,homogeneous_dark,top_right,,
0.18398252129554749,-0.015349812805652618,dark,True,True,2.0855272302121834,546219,evaluation_t007,homogeneous_dark,bottom_left,,
0.1791665107011795,-0.07513584196567535,dark,True,True,2.02137448135948,546219,evaluation_t007,homogeneous_dark,bottom_right,,
0.020177334547042847,0.1533145308494568,bright,True,True,2.621490453034306,546219,evaluation_t007,homogeneous_bright,full,,
0.05335535481572151,0.2321200668811798,bright,True,True,3.9838379829494293,546219,evaluation_t007,homogeneous_bright,top_left,,
-0.14846272766590118,-0.08996269106864929,bright,False,False,-1.5841547218342376,546219,evaluation_t007,homogeneous_bright,top_right,,
-0.013092882931232452,0.215743750333786,bright,True,True,3.7007330702632295,546219,evaluation_t007,homogeneous_bright,bottom_left,,
-0.09227637201547623,0.03302238881587982,bright,True,False,0.5419448929143513,546219,evaluation_t007,homogeneous_bright,bottom_right,,
0.06003952771425247,0.04563411325216293,dark,True,False,0.4345167966862387,546219,evaluation_t007,left_right,full,,
0.151308074593544,0.0019129849970340729,dark,True,True,1.6502799374371244,546219,evaluation_t007,left_right,top_left,dark,0.14939508959650993
-0.14846272766590118,-0.08996269106864929,bright,False,False,-1.5841547218342376,546219,evaluation_t007,left_right,top_right,bright,0.05850003659725189
0.18398252129554749,-0.015349812805652618,dark,True,True,2.0855272302121834,546219,evaluation_t007,left_right,bottom_left,dark,0.1993323341012001
-0.09227637201547623,0.03302238881587982,bright,True,False,0.5419448929143513,546219,evaluation_t007,left_right,bottom_right,bright,0.12529876083135605
0.0414770133793354,0.027023889124393463,dark,True,False,0.18725066284607544,546219,evaluation_t007,quadrants,full,,
0.151308074593544,0.0019129849970340729,dark,True,True,1.6502799374371244,546219,evaluation_t007,quadrants,top_left,dark,0.14939508959650993
-0.14846272766590118,-0.08996269106864929,bright,False,False,-1.5841547218342376,546219,evaluation_t007,quadrants,top_right,bright,0.05850003659725189
-0.013092882931232452,0.215743750333786,bright,True,True,3.7007330702632295,546219,evaluation_t007,quadrants,bottom_left,bright,0.22883663326501846
0.1791665107011795,-0.07513584196567535,dark,True,True,2.02137448135948,546219,evaluation_t007,quadrants,bottom_right,dark,0.25430235266685486
0.01652681455016136,0.010963707230985165,dark,False,False,-0.14510405439330096,546219,evaluation_t007,smooth_gradient,full,,
-0.029272083193063736,-0.05627535283565521,dark,False,False,-0.7551785397126866,546219,evaluation_t007,smooth_gradient,top_left,,
-0.09878430515527725,-0.12955591082572937,dark,False,False,-1.6811316767241018,546219,evaluation_t007,smooth_gradient,top_right,,
0.029952360317111015,-0.0383988693356514,dark,True,False,0.033733937949326456,546219,evaluation_t007,smooth_gradient,bottom_left,,
-0.0707867294549942,-0.05257626250386238,bright,False,False,-0.9378383439203488,546219,evaluation_t007,smooth_gradient,bottom_right,,
-0.06388987600803375,0.06948906183242798,bright,True,True,1.1723610338351889,546826,evaluation_t007,clean,full,,
-0.10313010215759277,0.0557195283472538,bright,True,False,0.9343207783376658,546826,evaluation_t007,clean,top_left,,
-0.12749549746513367,0.01734795793890953,bright,True,False,0.2709738004841216,546826,evaluation_t007,clean,top_right,,
-0.09565378725528717,0.009330511093139648,bright,True,False,0.13237251107517015,546826,evaluation_t007,clean,bottom_left,,
-0.16082409024238586,-0.01165713369846344,bright,False,False,-0.23045055289163827,546826,evaluation_t007,clean,bottom_right,,
0.14963805675506592,0.029246240854263306,dark,True,True,1.6280340904083186,546826,evaluation_t007,homogeneous_dark,full,,
0.1761685311794281,0.034703630954027176,dark,True,True,1.9814392230049032,546826,evaluation_t007,homogeneous_dark,top_left,,
0.08917419612407684,-0.06163203716278076,dark,True,False,0.8226116791161083,546826,evaluation_t007,homogeneous_dark,top_right,,
0.07889425754547119,-0.062001150101423264,dark,True,False,0.6856754525584404,546826,evaluation_t007,homogeneous_dark,bottom_left,,
0.03982233256101608,-0.1429356038570404,dark,True,False,0.16520911603279326,546826,evaluation_t007,homogeneous_dark,bottom_right,,
0.08853430300951004,0.2576081156730652,bright,True,True,4.424461599797912,546826,evaluation_t007,homogeneous_bright,full,,
-0.011484161019325256,0.2779628038406372,bright,True,True,4.7763424516218445,546826,evaluation_t007,homogeneous_bright,top_left,,
-0.043684691190719604,0.17396724224090576,bright,True,True,2.9785233693368394,546826,evaluation_t007,homogeneous_bright,top_right,,
0.001906849443912506,0.24491727352142334,bright,True,True,4.205069177279877,546826,evaluation_t007,homogeneous_bright,bottom_left,,
-0.03655308485031128,0.13589423894882202,bright,True,True,2.320337858479569,546826,evaluation_t007,homogeneous_bright,bottom_right,,
0.0811997652053833,0.08294574916362762,bright,True,True,1.4049929740471072,546826,evaluation_t007,left_right,full,,
0.1761685311794281,0.034703630954027176,dark,True,True,1.9814392230049032,546826,evaluation_t007,left_right,top_left,dark,0.14146490022540092
-0.043684691190719604,0.17396724224090576,bright,True,True,2.9785233693368394,546826,evaluation_t007,left_right,top_right,bright,0.21765193343162537
0.07889425754547119,-0.062001150101423264,dark,True,False,0.6856754525584404,546826,evaluation_t007,left_right,bottom_left,dark,0.14089540764689445
-0.03655308485031128,0.13589423894882202,bright,True,True,2.320337858479569,546826,evaluation_t007,left_right,bottom_right,bright,0.1724473237991333
0.13478921353816986,0.18312889337539673,bright,True,True,3.1369050442992874,546826,evaluation_t007,quadrants,full,,
0.1761685311794281,0.034703630954027176,dark,True,True,1.9814392230049032,546826,evaluation_t007,quadrants,top_left,dark,0.14146490022540092
-0.043684691190719604,0.17396724224090576,bright,True,True,2.9785233693368394,546826,evaluation_t007,quadrants,top_right,bright,0.21765193343162537
0.001906849443912506,0.24491727352142334,bright,True,True,4.205069177279877,546826,evaluation_t007,quadrants,bottom_left,bright,0.24301042407751083
0.03982233256101608,-0.1429356038570404,dark,True,False,0.16520911603279326,546826,evaluation_t007,quadrants,bottom_right,dark,0.1827579364180565
-0.011573031544685364,0.09072021394968033,bright,True,True,1.5393937208858497,546826,evaluation_t007,smooth_gradient,full,,
-0.03407859802246094,-0.02423478476703167,bright,False,False,-0.4478861891202976,546826,evaluation_t007,smooth_gradient,top_left,,
-0.06934541463851929,0.10034610331058502,bright,True,True,1.7058008954882258,546826,evaluation_t007,smooth_gradient,top_right,,
-0.05188480019569397,-0.06860289722681046,dark,False,False,-1.0563963062274557,546826,evaluation_t007,smooth_gradient,bottom_left,,
-0.05876333639025688,0.07491357624530792,bright,True,True,1.266137108252107,546826,evaluation_t007,smooth_gradient,bottom_right,,
-0.14458049833774567,-0.0805479884147644,bright,False,False,-1.4213984289230097,549167,evaluation_t007,clean,full,,
0.11541785299777985,0.009667746722698212,dark,True,True,1.172196194225783,549167,evaluation_t007,clean,top_left,,
0.007435302250087261,0.008810846135020256,bright,True,False,0.12338882404343154,549167,evaluation_t007,clean,top_right,,
0.006893099285662174,-0.0313350073993206,dark,False,False,-0.27343211841471643,549167,evaluation_t007,clean,bottom_left,,
-0.16168439388275146,-0.11461642384529114,bright,False,False,-2.0103551341748775,549167,evaluation_t007,clean,bottom_right,,
0.15772874653339386,-0.043908365070819855,dark,True,True,1.7358079375010118,549167,evaluation_t007,homogeneous_dark,full,,
0.3128856420516968,0.026302829384803772,dark,True,True,3.8026101498115628,549167,evaluation_t007,homogeneous_dark,top_left,,
0.2764192819595337,-0.010484538972377777,dark,True,True,3.3168518245909797,549167,evaluation_t007,homogeneous_dark,top_right,,
0.2528027892112732,-0.038399383425712585,dark,True,True,3.002263038214012,549167,evaluation_t007,homogeneous_dark,bottom_left,,
0.11529067158699036,-0.0800633579492569,dark,True,True,1.170502045729795,549167,evaluation_t007,homogeneous_dark,bottom_right,,
-0.05780133232474327,0.22647130489349365,bright,True,True,3.8861852376155883,549167,evaluation_t007,homogeneous_bright,full,,
0.12935324013233185,0.13702832162380219,bright,True,True,2.3399432670432114,549167,evaluation_t007,homogeneous_bright,top_left,,
0.10129129886627197,0.18971343338489532,bright,True,True,3.25073501449271,549167,evaluation_t007,homogeneous_bright,top_right,,
0.06953507661819458,0.2526281177997589,bright,True,True,4.3383700871540505,549167,evaluation_t007,homogeneous_bright,bottom_left,,
-0.06703832000494003,0.21918359398841858,bright,True,True,3.760199228888132,549167,evaluation_t007,homogeneous_bright,bottom_right,,
0.10467419773340225,0.056617483496665955,dark,True,False,1.0290829255918528,549167,evaluation_t007,left_right,full,,
0.3128856420516968,0.026302829384803772,dark,True,True,3.8026101498115628,549167,evaluation_t007,left_right,top_left,dark,0.286582812666893
0.10129129886627197,0.18971343338489532,bright,True,True,3.25073501449271,549167,evaluation_t007,left_right,top_right,bright,0.08842213451862335
0.2528027892112732,-0.038399383425712585,dark,True,True,3.002263038214012,549167,evaluation_t007,left_right,bottom_left,dark,0.2912021726369858
-0.06703832000494003,0.21918359398841858,bright,True,True,3.760199228888132,549167,evaluation_t007,left_right,bottom_right,bright,0.2862219139933586
0.18323375284671783,0.12289174646139145,dark,True,True,2.075553092218639,549167,evaluation_t007,quadrants,full,,
0.3128856420516968,0.026302829384803772,dark,True,True,3.8026101498115628,549167,evaluation_t007,quadrants,top_left,dark,0.286582812666893
0.10129129886627197,0.18971343338489532,bright,True,True,3.25073501449271,549167,evaluation_t007,quadrants,top_right,bright,0.08842213451862335
0.06953507661819458,0.2526281177997589,bright,True,True,4.3383700871540505,549167,evaluation_t007,quadrants,bottom_left,bright,0.18309304118156433
0.11529067158699036,-0.0800633579492569,dark,True,True,1.170502045729795,549167,evaluation_t007,quadrants,bottom_right,dark,0.19535402953624725
-0.029172740876674652,0.06581957638263702,bright,True,True,1.1089249519263011,549167,evaluation_t007,smooth_gradient,full,,
0.14853453636169434,-0.0204230397939682,dark,True,True,1.6133343996035283,549167,evaluation_t007,smooth_gradient,top_left,,
0.13197290897369385,0.17292064428329468,bright,True,True,2.96043034930089,549167,evaluation_t007,smooth_gradient,top_right,,
0.06562494486570358,-0.08509186655282974,dark,True,False,0.5089185980804583,549167,evaluation_t007,smooth_gradient,bottom_left,,
-0.12772521376609802,0.06512745469808578,bright,True,True,1.0969599261828114,549167,evaluation_t007,smooth_gradient,bottom_right,,
-0.03728393092751503,-0.05297059938311577,dark,False,False,-0.8619021536838481,555012,evaluation_t007,clean,full,,
-0.10351778566837311,-0.06938254088163376,bright,False,False,-1.2283762044306314,555012,evaluation_t007,clean,top_left,,
-0.10717526078224182,-0.12469762563705444,dark,False,False,-1.7929052823719684,555012,evaluation_t007,clean,top_right,,
-0.040979914367198944,-0.12118743360042572,dark,False,False,-0.9111353297169479,555012,evaluation_t007,clean,bottom_left,,
-0.053538426756858826,-0.14726433157920837,dark,False,False,-1.0784238095719514,555012,evaluation_t007,clean,bottom_right,,
0.2522750496864319,-0.013883091509342194,dark,True,True,2.9952331655562605,555012,evaluation_t007,homogeneous_dark,full,,
0.1738140881061554,-0.00996340811252594,dark,True,True,1.9500763361905995,555012,evaluation_t007,homogeneous_dark,top_left,,
0.2148827612400055,-0.079334557056427,dark,True,True,2.4971408041032577,555012,evaluation_t007,homogeneous_dark,top_right,,
0.3668481409549713,-0.013023242354393005,dark,True,True,4.521429714630305,555012,evaluation_t007,homogeneous_dark,bottom_left,,
0.3477148413658142,0.007581092417240143,dark,True,True,4.266560307843253,555012,evaluation_t007,homogeneous_dark,bottom_right,,
0.06785604357719421,0.14753955602645874,bright,True,True,2.5216558083937777,555012,evaluation_t007,homogeneous_bright,full,,
-0.03135174140334129,0.10368165373802185,bright,True,True,1.7634640891488418,555012,evaluation_t007,homogeneous_bright,top_left,,
-0.09517160803079605,0.1503533273935318,bright,True,True,2.57029876756526,555012,evaluation_t007,homogeneous_bright,top_right,,
0.13682515919208527,0.1885630190372467,bright,True,True,3.2308472727956405,555012,evaluation_t007,homogeneous_bright,bottom_left,,
0.1778949499130249,0.2937373220920563,bright,True,True,5.049043800506406,555012,evaluation_t007,homogeneous_bright,bottom_right,,
0.19192156195640564,0.06295768916606903,dark,True,True,2.191281001236491,555012,evaluation_t007,left_right,full,,
0.1738140881061554,-0.00996340811252594,dark,True,True,1.9500763361905995,555012,evaluation_t007,left_right,top_left,dark,0.18377749621868134
-0.09517160803079605,0.1503533273935318,bright,True,True,2.57029876756526,555012,evaluation_t007,left_right,top_right,bright,0.24552493542432785
0.3668481409549713,-0.013023242354393005,dark,True,True,4.521429714630305,555012,evaluation_t007,left_right,bottom_left,dark,0.3798713833093643
0.1778949499130249,0.2937373220920563,bright,True,True,5.049043800506406,555012,evaluation_t007,left_right,bottom_right,bright,0.11584237217903137
0.23055815696716309,0.1438755989074707,dark,True,True,2.7059484272482495,555012,evaluation_t007,quadrants,full,,
0.1738140881061554,-0.00996340811252594,dark,True,True,1.9500763361905995,555012,evaluation_t007,quadrants,top_left,dark,0.18377749621868134
-0.09517160803079605,0.1503533273935318,bright,True,True,2.57029876756526,555012,evaluation_t007,quadrants,top_right,bright,0.24552493542432785
0.13682515919208527,0.1885630190372467,bright,True,True,3.2308472727956405,555012,evaluation_t007,quadrants,bottom_left,bright,0.05173785984516144
0.3477148413658142,0.007581092417240143,dark,True,True,4.266560307843253,555012,evaluation_t007,quadrants,bottom_right,dark,0.34013374894857407
-0.035426050424575806,-0.01579534076154232,bright,False,False,-0.3019896408104539,555012,evaluation_t007,smooth_gradient,full,,
-1.6005709767341614e-05,-0.06277419626712799,dark,False,False,-0.36546640050020135,555012,evaluation_t007,smooth_gradient,top_left,,
-0.1317255198955536,0.009059790521860123,bright,True,False,0.1276924401036155,555012,evaluation_t007,smooth_gradient,top_right,,
0.08521878719329834,-0.12423332035541534,dark,True,False,0.7699227676667196,555012,evaluation_t007,smooth_gradient,bottom_left,,
-0.05881460756063461,-0.009940006770193577,bright,False,False,-0.2007657902838755,555012,evaluation_t007,smooth_gradient,bottom_right,,
