image_id,condition,method_a,method_b,mse_a_minus_b
139,clean,identity,global_direct,0.0
139,clean,identity,spatial2_direct,0.0
139,clean,identity,global_discrete,0.0
139,clean,identity,spatial2_discrete,0.0
139,clean,identity,global_ttt,0.0
139,clean,identity,spatial2_ttt,0.0
139,clean,global_direct,spatial2_direct,0.0
139,clean,global_direct,global_discrete,0.0
139,clean,global_direct,spatial2_discrete,0.0
139,clean,global_direct,global_ttt,0.0
139,clean,global_direct,spatial2_ttt,0.0
139,clean,spatial2_direct,global_discrete,0.0
139,clean,spatial2_direct,spatial2_discrete,0.0
139,clean,spatial2_direct,global_ttt,0.0
139,clean,spatial2_direct,spatial2_ttt,0.0
139,clean,global_discrete,spatial2_discrete,0.0
139,clean,global_discrete,global_ttt,0.0
139,clean,global_discrete,spatial2_ttt,0.0
139,clean,spatial2_discrete,global_ttt,0.0
139,clean,spatial2_discrete,spatial2_ttt,0.0
139,clean,global_ttt,spatial2_ttt,0.0
139,homogeneous_bright,identity,global_direct,0.02331256866455078
139,homogeneous_bright,identity,spatial2_direct,0.015402302145957947
139,homogeneous_bright,identity,global_discrete,0.05283352651167661
139,homogeneous_bright,identity,spatial2_discrete,0.03543140925467014
139,homogeneous_bright,identity,global_ttt,0.046521673910319805
139,homogeneous_bright,identity,spatial2_ttt,0.04753216402605176
139,homogeneous_bright,global_direct,spatial2_direct,-0.007910266518592834
139,homogeneous_bright,global_direct,global_discrete,0.02952095784712583
139,homogeneous_bright,global_direct,spatial2_discrete,0.012118840590119362
139,homogeneous_bright,global_direct,global_ttt,0.023209105245769024
139,homogeneous_bright,global_direct,spatial2_ttt,0.02421959536150098
139,homogeneous_bright,spatial2_direct,global_discrete,0.03743122436571866
139,homogeneous_bright,spatial2_direct,spatial2_discrete,0.020029107108712196
139,homogeneous_bright,spatial2_direct,global_ttt,0.03111937176436186
139,homogeneous_bright,spatial2_direct,spatial2_ttt,0.03212986188009381
139,homogeneous_bright,global_discrete,spatial2_discrete,-0.017402117257006466
139,homogeneous_bright,global_discrete,global_ttt,-0.006311852601356804
139,homogeneous_bright,global_discrete,spatial2_ttt,-0.00530136248562485
139,homogeneous_bright,spatial2_discrete,global_ttt,0.011090264655649662
139,homogeneous_bright,spatial2_discrete,spatial2_ttt,0.012100754771381617
139,homogeneous_bright,global_ttt,spatial2_ttt,0.0010104901157319546
139,homogeneous_dark,identity,global_direct,0.03614901006221771
139,homogeneous_dark,identity,spatial2_direct,0.03614901006221771
139,homogeneous_dark,identity,global_discrete,0.06275430065579712
139,homogeneous_dark,identity,spatial2_discrete,0.06091170199215412
139,homogeneous_dark,identity,global_ttt,0.049643890000879765
139,homogeneous_dark,identity,spatial2_ttt,0.051409944891929626
139,homogeneous_dark,global_direct,spatial2_direct,0.0
139,homogeneous_dark,global_direct,global_discrete,0.02660529059357941
139,homogeneous_dark,global_direct,spatial2_discrete,0.02476269192993641
139,homogeneous_dark,global_direct,global_ttt,0.013494879938662052
139,homogeneous_dark,global_direct,spatial2_ttt,0.015260934829711914
139,homogeneous_dark,spatial2_direct,global_discrete,0.02660529059357941
139,homogeneous_dark,spatial2_direct,spatial2_discrete,0.02476269192993641
139,homogeneous_dark,spatial2_direct,global_ttt,0.013494879938662052
139,homogeneous_dark,spatial2_direct,spatial2_ttt,0.015260934829711914
139,homogeneous_dark,global_discrete,spatial2_discrete,-0.0018425986636430025
139,homogeneous_dark,global_discrete,global_ttt,-0.01311041065491736
139,homogeneous_dark,global_discrete,spatial2_ttt,-0.011344355763867497
139,homogeneous_dark,spatial2_discrete,global_ttt,-0.011267811991274357
139,homogeneous_dark,spatial2_discrete,spatial2_ttt,-0.009501757100224495
139,homogeneous_dark,global_ttt,spatial2_ttt,0.001766054891049862
139,left_right,identity,global_direct,-0.003675665706396103
139,left_right,identity,spatial2_direct,0.022985436022281647
139,left_right,identity,global_discrete,-0.048460204154253006
139,left_right,identity,spatial2_discrete,0.042216550558805466
139,left_right,identity,global_ttt,0.010639119893312454
139,left_right,identity,spatial2_ttt,0.042189594358205795
139,left_right,global_direct,spatial2_direct,0.02666110172867775
139,left_right,global_direct,global_discrete,-0.0447845384478569
139,left_right,global_direct,spatial2_discrete,0.04589221626520157
139,left_right,global_direct,global_ttt,0.014314785599708557
139,left_right,global_direct,spatial2_ttt,0.0458652600646019
139,left_right,spatial2_direct,global_discrete,-0.07144564017653465
139,left_right,spatial2_direct,spatial2_discrete,0.01923111453652382
139,left_right,spatial2_direct,global_ttt,-0.012346316128969193
139,left_right,spatial2_direct,spatial2_ttt,0.01920415833592415
139,left_right,global_discrete,spatial2_discrete,0.09067675471305847
139,left_right,global_discrete,global_ttt,0.05909932404756546
139,left_right,global_discrete,spatial2_ttt,0.0906497985124588
139,left_right,spatial2_discrete,global_ttt,-0.03157743066549301
139,left_right,spatial2_discrete,spatial2_ttt,-2.695620059967041e-05
139,left_right,global_ttt,spatial2_ttt,0.03155047446489334
139,quadrants,identity,global_direct,-0.005411058664321899
139,quadrants,identity,spatial2_direct,0.00906897708773613
139,quadrants,identity,global_discrete,-0.04590464383363724
139,quadrants,identity,spatial2_discrete,-0.04499046504497528
139,quadrants,identity,global_ttt,-0.060517050325870514
139,quadrants,identity,spatial2_ttt,-0.06359587609767914
139,quadrants,global_direct,spatial2_direct,0.01448003575205803
139,quadrants,global_direct,global_discrete,-0.04049358516931534
139,quadrants,global_direct,spatial2_discrete,-0.03957940638065338
139,quadrants,global_direct,global_ttt,-0.055105991661548615
139,quadrants,global_direct,spatial2_ttt,-0.05818481743335724
139,quadrants,spatial2_direct,global_discrete,-0.05497362092137337
139,quadrants,spatial2_direct,spatial2_discrete,-0.05405944213271141
139,quadrants,spatial2_direct,global_ttt,-0.06958602741360664
139,quadrants,spatial2_direct,spatial2_ttt,-0.07266485318541527
139,quadrants,global_discrete,spatial2_discrete,0.0009141787886619568
139,quadrants,global_discrete,global_ttt,-0.014612406492233276
139,quadrants,global_discrete,spatial2_ttt,-0.0176912322640419
139,quadrants,spatial2_discrete,global_ttt,-0.015526585280895233
139,quadrants,spatial2_discrete,spatial2_ttt,-0.018605411052703857
139,quadrants,global_ttt,spatial2_ttt,-0.0030788257718086243
139,smooth_gradient,identity,global_direct,-0.003858238458633423
139,smooth_gradient,identity,spatial2_direct,0.002132236026227474
139,smooth_gradient,identity,global_discrete,-0.029707832261919975
139,smooth_gradient,identity,spatial2_discrete,-0.04868313856422901
139,smooth_gradient,identity,global_ttt,-0.03385503776371479
139,smooth_gradient,identity,spatial2_ttt,-0.03501334227621555
139,smooth_gradient,global_direct,spatial2_direct,0.005990474484860897
139,smooth_gradient,global_direct,global_discrete,-0.025849593803286552
139,smooth_gradient,global_direct,spatial2_discrete,-0.04482490010559559
139,smooth_gradient,global_direct,global_ttt,-0.029996799305081367
139,smooth_gradient,global_direct,spatial2_ttt,-0.03115510381758213
139,smooth_gradient,spatial2_direct,global_discrete,-0.03184006828814745
139,smooth_gradient,spatial2_direct,spatial2_discrete,-0.050815374590456486
139,smooth_gradient,spatial2_direct,global_ttt,-0.035987273789942265
139,smooth_gradient,spatial2_direct,spatial2_ttt,-0.03714557830244303
139,smooth_gradient,global_discrete,spatial2_discrete,-0.018975306302309036
139,smooth_gradient,global_discrete,global_ttt,-0.004147205501794815
139,smooth_gradient,global_discrete,spatial2_ttt,-0.005305510014295578
139,smooth_gradient,spatial2_discrete,global_ttt,0.014828100800514221
139,smooth_gradient,spatial2_discrete,spatial2_ttt,0.013669796288013458
139,smooth_gradient,global_ttt,spatial2_ttt,-0.001158304512500763
285,clean,identity,global_direct,0.0
285,clean,identity,spatial2_direct,0.0
285,clean,identity,global_discrete,0.0
285,clean,identity,spatial2_discrete,0.0
285,clean,identity,global_ttt,0.0
285,clean,identity,spatial2_ttt,0.0
285,clean,global_direct,spatial2_direct,0.0
285,clean,global_direct,global_discrete,0.0
285,clean,global_direct,spatial2_discrete,0.0
285,clean,global_direct,global_ttt,0.0
285,clean,global_direct,spatial2_ttt,0.0
285,clean,spatial2_direct,global_discrete,0.0
285,clean,spatial2_direct,spatial2_discrete,0.0
285,clean,spatial2_direct,global_ttt,0.0
285,clean,spatial2_direct,spatial2_ttt,0.0
285,clean,global_discrete,spatial2_discrete,0.0
285,clean,global_discrete,global_ttt,0.0
285,clean,global_discrete,spatial2_ttt,0.0
285,clean,spatial2_discrete,global_ttt,0.0
285,clean,spatial2_discrete,spatial2_ttt,0.0
285,clean,global_ttt,spatial2_ttt,0.0
285,homogeneous_bright,identity,global_direct,0.027491159737110138
285,homogeneous_bright,identity,spatial2_direct,0.022959495894610882
285,homogeneous_bright,identity,global_discrete,0.023313848301768303
285,homogeneous_bright,identity,spatial2_discrete,0.005920618772506714
285,homogeneous_bright,identity,global_ttt,0.01762697659432888
285,homogeneous_bright,identity,spatial2_ttt,0.0211853152140975
285,homogeneous_bright,global_direct,spatial2_direct,-0.004531663842499256
285,homogeneous_bright,global_direct,global_discrete,-0.004177311435341835
285,homogeneous_bright,global_direct,spatial2_discrete,-0.021570540964603424
285,homogeneous_bright,global_direct,global_ttt,-0.009864183142781258
285,homogeneous_bright,global_direct,spatial2_ttt,-0.006305844523012638
285,homogeneous_bright,spatial2_direct,global_discrete,0.0003543524071574211
285,homogeneous_bright,spatial2_direct,spatial2_discrete,-0.017038877122104168
285,homogeneous_bright,spatial2_direct,global_ttt,-0.0053325193002820015
285,homogeneous_bright,spatial2_direct,spatial2_ttt,-0.001774180680513382
285,homogeneous_bright,global_discrete,spatial2_discrete,-0.01739322952926159
285,homogeneous_bright,global_discrete,global_ttt,-0.005686871707439423
285,homogeneous_bright,global_discrete,spatial2_ttt,-0.002128533087670803
285,homogeneous_bright,spatial2_discrete,global_ttt,0.011706357821822166
285,homogeneous_bright,spatial2_discrete,spatial2_ttt,0.015264696441590786
285,homogeneous_bright,global_ttt,spatial2_ttt,0.0035583386197686195
285,homogeneous_dark,identity,global_direct,0.03776773065328598
285,homogeneous_dark,identity,spatial2_direct,0.03451476991176605
285,homogeneous_dark,identity,global_discrete,0.0855747212190181
285,homogeneous_dark,identity,spatial2_discrete,0.08062904700636864
285,homogeneous_dark,identity,global_ttt,0.05673111230134964
285,homogeneous_dark,identity,spatial2_ttt,0.05685620754957199
285,homogeneous_dark,global_direct,spatial2_direct,-0.003252960741519928
285,homogeneous_dark,global_direct,global_discrete,0.04780699056573212
285,homogeneous_dark,global_direct,spatial2_discrete,0.04286131635308266
285,homogeneous_dark,global_direct,global_ttt,0.01896338164806366
285,homogeneous_dark,global_direct,spatial2_ttt,0.01908847689628601
285,homogeneous_dark,spatial2_direct,global_discrete,0.05105995130725205
285,homogeneous_dark,spatial2_direct,spatial2_discrete,0.046114277094602585
285,homogeneous_dark,spatial2_direct,global_ttt,0.022216342389583588
285,homogeneous_dark,spatial2_direct,spatial2_ttt,0.02234143763780594
285,homogeneous_dark,global_discrete,spatial2_discrete,-0.004945674212649465
285,homogeneous_dark,global_discrete,global_ttt,-0.028843608917668462
285,homogeneous_dark,global_discrete,spatial2_ttt,-0.02871851366944611
285,homogeneous_dark,spatial2_discrete,global_ttt,-0.023897934705018997
285,homogeneous_dark,spatial2_discrete,spatial2_ttt,-0.023772839456796646
285,homogeneous_dark,global_ttt,spatial2_ttt,0.00012509524822235107
285,left_right,identity,global_direct,0.002653006464242935
285,left_right,identity,spatial2_direct,0.014963056892156601
285,left_right,identity,global_discrete,0.008922562003135681
285,left_right,identity,spatial2_discrete,0.0064735449850559235
285,left_right,identity,global_ttt,0.020240433514118195
285,left_right,identity,spatial2_ttt,0.024437367916107178
285,left_right,global_direct,spatial2_direct,0.012310050427913666
285,left_right,global_direct,global_discrete,0.006269555538892746
285,left_right,global_direct,spatial2_discrete,0.0038205385208129883
285,left_right,global_direct,global_ttt,0.01758742704987526
285,left_right,global_direct,spatial2_ttt,0.021784361451864243
285,left_right,spatial2_direct,global_discrete,-0.00604049488902092
285,left_right,spatial2_direct,spatial2_discrete,-0.008489511907100677
285,left_right,spatial2_direct,global_ttt,0.005277376621961594
285,left_right,spatial2_direct,spatial2_ttt,0.009474311023950577
285,left_right,global_discrete,spatial2_discrete,-0.0024490170180797577
285,left_right,global_discrete,global_ttt,0.011317871510982513
285,left_right,global_discrete,spatial2_ttt,0.015514805912971497
285,left_right,spatial2_discrete,global_ttt,0.013766888529062271
285,left_right,spatial2_discrete,spatial2_ttt,0.017963822931051254
285,left_right,global_ttt,spatial2_ttt,0.004196934401988983
285,quadrants,identity,global_direct,0.0
285,quadrants,identity,spatial2_direct,0.011007137596607208
285,quadrants,identity,global_discrete,0.006574306637048721
285,quadrants,identity,spatial2_discrete,-0.019950054585933685
285,quadrants,identity,global_ttt,0.021574031561613083
285,quadrants,identity,spatial2_ttt,0.02865980565547943
285,quadrants,global_direct,spatial2_direct,0.011007137596607208
285,quadrants,global_direct,global_discrete,0.006574306637048721
285,quadrants,global_direct,spatial2_discrete,-0.019950054585933685
285,quadrants,global_direct,global_ttt,0.021574031561613083
285,quadrants,global_direct,spatial2_ttt,0.02865980565547943
285,quadrants,spatial2_direct,global_discrete,-0.004432830959558487
285,quadrants,spatial2_direct,spatial2_discrete,-0.030957192182540894
285,quadrants,spatial2_direct,global_ttt,0.010566893965005875
285,quadrants,spatial2_direct,spatial2_ttt,0.017652668058872223
285,quadrants,global_discrete,spatial2_discrete,-0.026524361222982407
285,quadrants,global_discrete,global_ttt,0.014999724924564362
285,quadrants,global_discrete,spatial2_ttt,0.02208549901843071
285,quadrants,spatial2_discrete,global_ttt,0.04152408614754677
285,quadrants,spatial2_discrete,spatial2_ttt,0.048609860241413116
285,quadrants,global_ttt,spatial2_ttt,0.007085774093866348
285,smooth_gradient,identity,global_direct,0.00011463463306427002
285,smooth_gradient,identity,spatial2_direct,0.00183861143887043
285,smooth_gradient,identity,global_discrete,-0.003755880519747734
285,smooth_gradient,identity,spatial2_discrete,-0.03550736978650093
285,smooth_gradient,identity,global_ttt,-0.005206884816288948
285,smooth_gradient,identity,spatial2_ttt,-0.007692247629165649
285,smooth_gradient,global_direct,spatial2_direct,0.00172397680580616
285,smooth_gradient,global_direct,global_discrete,-0.003870515152812004
285,smooth_gradient,global_direct,spatial2_discrete,-0.0356220044195652
285,smooth_gradient,global_direct,global_ttt,-0.005321519449353218
285,smooth_gradient,global_direct,spatial2_ttt,-0.007806882262229919
285,smooth_gradient,spatial2_direct,global_discrete,-0.005594491958618164
285,smooth_gradient,spatial2_direct,spatial2_discrete,-0.03734598122537136
285,smooth_gradient,spatial2_direct,global_ttt,-0.007045496255159378
285,smooth_gradient,spatial2_direct,spatial2_ttt,-0.00953085906803608
285,smooth_gradient,global_discrete,spatial2_discrete,-0.0317514892667532
285,smooth_gradient,global_discrete,global_ttt,-0.001451004296541214
285,smooth_gradient,global_discrete,spatial2_ttt,-0.003936367109417915
285,smooth_gradient,spatial2_discrete,global_ttt,0.030300484970211983
285,smooth_gradient,spatial2_discrete,spatial2_ttt,0.02781512215733528
285,smooth_gradient,global_ttt,spatial2_ttt,-0.0024853628128767014
632,clean,identity,global_direct,0.0
632,clean,identity,spatial2_direct,0.0
632,clean,identity,global_discrete,0.0
632,clean,identity,spatial2_discrete,0.0
632,clean,identity,global_ttt,0.0
632,clean,identity,spatial2_ttt,0.0
632,clean,global_direct,spatial2_direct,0.0
632,clean,global_direct,global_discrete,0.0
632,clean,global_direct,spatial2_discrete,0.0
632,clean,global_direct,global_ttt,0.0
632,clean,global_direct,spatial2_ttt,0.0
632,clean,spatial2_direct,global_discrete,0.0
632,clean,spatial2_direct,spatial2_discrete,0.0
632,clean,spatial2_direct,global_ttt,0.0
632,clean,spatial2_direct,spatial2_ttt,0.0
632,clean,global_discrete,spatial2_discrete,0.0
632,clean,global_discrete,global_ttt,0.0
632,clean,global_discrete,spatial2_ttt,0.0
632,clean,spatial2_discrete,global_ttt,0.0
632,clean,spatial2_discrete,spatial2_ttt,0.0
632,clean,global_ttt,spatial2_ttt,0.0
632,homogeneous_bright,identity,global_direct,0.010657459497451782
632,homogeneous_bright,identity,spatial2_direct,0.0073133427649736404
632,homogeneous_bright,identity,global_discrete,0.02401359484065324
632,homogeneous_bright,identity,spatial2_discrete,0.023405315587297082
632,homogeneous_bright,identity,global_ttt,0.011338135227560997
632,homogeneous_bright,identity,spatial2_ttt,0.011741540394723415
632,homogeneous_bright,global_direct,spatial2_direct,-0.003344116732478142
632,homogeneous_bright,global_direct,global_discrete,0.013356135343201458
632,homogeneous_bright,global_direct,spatial2_discrete,0.0127478560898453
632,homogeneous_bright,global_direct,global_ttt,0.0006806757301092148
632,homogeneous_bright,global_direct,spatial2_ttt,0.0010840808972716331
632,homogeneous_bright,spatial2_direct,global_discrete,0.0167002520756796
632,homogeneous_bright,spatial2_direct,spatial2_discrete,0.01609197282232344
632,homogeneous_bright,spatial2_direct,global_ttt,0.004024792462587357
632,homogeneous_bright,spatial2_direct,spatial2_ttt,0.004428197629749775
632,homogeneous_bright,global_discrete,spatial2_discrete,-0.0006082792533561587
632,homogeneous_bright,global_discrete,global_ttt,-0.012675459613092244
632,homogeneous_bright,global_discrete,spatial2_ttt,-0.012272054445929825
632,homogeneous_bright,spatial2_discrete,global_ttt,-0.012067180359736085
632,homogeneous_bright,spatial2_discrete,spatial2_ttt,-0.011663775192573667
632,homogeneous_bright,global_ttt,spatial2_ttt,0.00040340516716241837
632,homogeneous_dark,identity,global_direct,0.004308175295591354
632,homogeneous_dark,identity,spatial2_direct,0.0028467122465372086
632,homogeneous_dark,identity,global_discrete,0.02920876059215516
632,homogeneous_dark,identity,spatial2_discrete,0.02162494882941246
632,homogeneous_dark,identity,global_ttt,0.018161234445869923
632,homogeneous_dark,identity,spatial2_ttt,0.018277112394571304
632,homogeneous_dark,global_direct,spatial2_direct,-0.0014614630490541458
632,homogeneous_dark,global_direct,global_discrete,0.024900585296563804
632,homogeneous_dark,global_direct,spatial2_discrete,0.017316773533821106
632,homogeneous_dark,global_direct,global_ttt,0.013853059150278568
632,homogeneous_dark,global_direct,spatial2_ttt,0.01396893709897995
632,homogeneous_dark,spatial2_direct,global_discrete,0.02636204834561795
632,homogeneous_dark,spatial2_direct,spatial2_discrete,0.018778236582875252
632,homogeneous_dark,spatial2_direct,global_ttt,0.015314522199332714
632,homogeneous_dark,spatial2_direct,spatial2_ttt,0.015430400148034096
632,homogeneous_dark,global_discrete,spatial2_discrete,-0.007583811762742698
632,homogeneous_dark,global_discrete,global_ttt,-0.011047526146285236
632,homogeneous_dark,global_discrete,spatial2_ttt,-0.010931648197583854
632,homogeneous_dark,spatial2_discrete,global_ttt,-0.0034637143835425377
632,homogeneous_dark,spatial2_discrete,spatial2_ttt,-0.003347836434841156
632,homogeneous_dark,global_ttt,spatial2_ttt,0.00011587794870138168
632,left_right,identity,global_direct,0.0
632,left_right,identity,spatial2_direct,0.007163401693105698
632,left_right,identity,global_discrete,-0.0023399144411087036
632,left_right,identity,spatial2_discrete,0.019089657347649336
632,left_right,identity,global_ttt,0.002657303586602211
632,left_right,identity,spatial2_ttt,0.010592108592391014
632,left_right,global_direct,spatial2_direct,0.007163401693105698
632,left_right,global_direct,global_discrete,-0.0023399144411087036
632,left_right,global_direct,spatial2_discrete,0.019089657347649336
632,left_right,global_direct,global_ttt,0.002657303586602211
632,left_right,global_direct,spatial2_ttt,0.010592108592391014
632,left_right,spatial2_direct,global_discrete,-0.009503316134214401
632,left_right,spatial2_direct,spatial2_discrete,0.011926255654543638
632,left_right,spatial2_direct,global_ttt,-0.004506098106503487
632,left_right,spatial2_direct,spatial2_ttt,0.0034287068992853165
632,left_right,global_discrete,spatial2_discrete,0.02142957178875804
632,left_right,global_discrete,global_ttt,0.004997218027710915
632,left_right,global_discrete,spatial2_ttt,0.012932023033499718
632,left_right,spatial2_discrete,global_ttt,-0.016432353761047125
632,left_right,spatial2_discrete,spatial2_ttt,-0.008497548755258322
632,left_right,global_ttt,spatial2_ttt,0.007934805005788803
632,quadrants,identity,global_direct,0.0
632,quadrants,identity,spatial2_direct,0.0
632,quadrants,identity,global_discrete,0.0
632,quadrants,identity,spatial2_discrete,0.0
632,quadrants,identity,global_ttt,0.0
632,quadrants,identity,spatial2_ttt,0.0
632,quadrants,global_direct,spatial2_direct,0.0
632,quadrants,global_direct,global_discrete,0.0
632,quadrants,global_direct,spatial2_discrete,0.0
632,quadrants,global_direct,global_ttt,0.0
632,quadrants,global_direct,spatial2_ttt,0.0
632,quadrants,spatial2_direct,global_discrete,0.0
632,quadrants,spatial2_direct,spatial2_discrete,0.0
632,quadrants,spatial2_direct,global_ttt,0.0
632,quadrants,spatial2_direct,spatial2_ttt,0.0
632,quadrants,global_discrete,spatial2_discrete,0.0
632,quadrants,global_discrete,global_ttt,0.0
632,quadrants,global_discrete,spatial2_ttt,0.0
632,quadrants,spatial2_discrete,global_ttt,0.0
632,quadrants,spatial2_discrete,spatial2_ttt,0.0
632,quadrants,global_ttt,spatial2_ttt,0.0
632,smooth_gradient,identity,global_direct,0.0004323301836848259
632,smooth_gradient,identity,spatial2_direct,0.0014457963407039642
632,smooth_gradient,identity,global_discrete,-0.0050184279680252075
632,smooth_gradient,identity,spatial2_discrete,0.0008200714364647865
632,smooth_gradient,identity,global_ttt,0.00078152259811759
632,smooth_gradient,identity,spatial2_ttt,0.0018486874178051949
632,smooth_gradient,global_direct,spatial2_direct,0.0010134661570191383
632,smooth_gradient,global_direct,global_discrete,-0.005450758151710033
632,smooth_gradient,global_direct,spatial2_discrete,0.00038774125277996063
632,smooth_gradient,global_direct,global_ttt,0.00034919241443276405
632,smooth_gradient,global_direct,spatial2_ttt,0.001416357234120369
632,smooth_gradient,spatial2_direct,global_discrete,-0.006464224308729172
632,smooth_gradient,spatial2_direct,spatial2_discrete,-0.0006257249042391777
632,smooth_gradient,spatial2_direct,global_ttt,-0.0006642737425863743
632,smooth_gradient,spatial2_direct,spatial2_ttt,0.0004028910771012306
632,smooth_gradient,global_discrete,spatial2_discrete,0.005838499404489994
632,smooth_gradient,global_discrete,global_ttt,0.0057999505661427975
632,smooth_gradient,global_discrete,spatial2_ttt,0.006867115385830402
632,smooth_gradient,spatial2_discrete,global_ttt,-3.854883834719658e-05
632,smooth_gradient,spatial2_discrete,spatial2_ttt,0.0010286159813404083
632,smooth_gradient,global_ttt,spatial2_ttt,0.001067164819687605
724,clean,identity,global_direct,0.0
724,clean,identity,spatial2_direct,0.0
724,clean,identity,global_discrete,0.0
724,clean,identity,spatial2_discrete,0.0
724,clean,identity,global_ttt,0.0
724,clean,identity,spatial2_ttt,0.0
724,clean,global_direct,spatial2_direct,0.0
724,clean,global_direct,global_discrete,0.0
724,clean,global_direct,spatial2_discrete,0.0
724,clean,global_direct,global_ttt,0.0
724,clean,global_direct,spatial2_ttt,0.0
724,clean,spatial2_direct,global_discrete,0.0
724,clean,spatial2_direct,spatial2_discrete,0.0
724,clean,spatial2_direct,global_ttt,0.0
724,clean,spatial2_direct,spatial2_ttt,0.0
724,clean,global_discrete,spatial2_discrete,0.0
724,clean,global_discrete,global_ttt,0.0
724,clean,global_discrete,spatial2_ttt,0.0
724,clean,spatial2_discrete,global_ttt,0.0
724,clean,spatial2_discrete,spatial2_ttt,0.0
724,clean,global_ttt,spatial2_ttt,0.0
724,homogeneous_bright,identity,global_direct,0.02751904120668769
724,homogeneous_bright,identity,spatial2_direct,0.023218954913318157
724,homogeneous_bright,identity,global_discrete,0.027623173780739307
724,homogeneous_bright,identity,spatial2_discrete,0.006561374291777611
724,homogeneous_bright,identity,global_ttt,0.024031405337154865
724,homogeneous_bright,identity,spatial2_ttt,0.01424269750714302
724,homogeneous_bright,global_direct,spatial2_direct,-0.004300086293369532
724,homogeneous_bright,global_direct,global_discrete,0.00010413257405161858
724,homogeneous_bright,global_direct,spatial2_discrete,-0.020957666914910078
724,homogeneous_bright,global_direct,global_ttt,-0.0034876358695328236
724,homogeneous_bright,global_direct,spatial2_ttt,-0.013276343699544668
724,homogeneous_bright,spatial2_direct,global_discrete,0.00440421886742115
724,homogeneous_bright,spatial2_direct,spatial2_discrete,-0.016657580621540546
724,homogeneous_bright,spatial2_direct,global_ttt,0.0008124504238367081
724,homogeneous_bright,spatial2_direct,spatial2_ttt,-0.008976257406175137
724,homogeneous_bright,global_discrete,spatial2_discrete,-0.021061799488961697
724,homogeneous_bright,global_discrete,global_ttt,-0.003591768443584442
724,homogeneous_bright,global_discrete,spatial2_ttt,-0.013380476273596287
724,homogeneous_bright,spatial2_discrete,global_ttt,0.017470031045377254
724,homogeneous_bright,spatial2_discrete,spatial2_ttt,0.00768132321536541
724,homogeneous_bright,global_ttt,spatial2_ttt,-0.009788707830011845
724,homogeneous_dark,identity,global_direct,0.019530244171619415
724,homogeneous_dark,identity,spatial2_direct,0.019329551607370377
724,homogeneous_dark,identity,global_discrete,0.06611174624413252
724,homogeneous_dark,identity,spatial2_discrete,0.06168938521295786
724,homogeneous_dark,identity,global_ttt,0.0538787916302681
724,homogeneous_dark,identity,spatial2_ttt,0.048108166083693504
724,homogeneous_dark,global_direct,spatial2_direct,-0.0002006925642490387
724,homogeneous_dark,global_direct,global_discrete,0.046581502072513103
724,homogeneous_dark,global_direct,spatial2_discrete,0.042159141041338444
724,homogeneous_dark,global_direct,global_ttt,0.03434854745864868
724,homogeneous_dark,global_direct,spatial2_ttt,0.02857792191207409
724,homogeneous_dark,spatial2_direct,global_discrete,0.04678219463676214
724,homogeneous_dark,spatial2_direct,spatial2_discrete,0.04235983360558748
724,homogeneous_dark,spatial2_direct,global_ttt,0.03454924002289772
724,homogeneous_dark,spatial2_direct,spatial2_ttt,0.028778614476323128
724,homogeneous_dark,global_discrete,spatial2_discrete,-0.00442236103117466
724,homogeneous_dark,global_discrete,global_ttt,-0.012232954613864422
724,homogeneous_dark,global_discrete,spatial2_ttt,-0.018003580160439014
724,homogeneous_dark,spatial2_discrete,global_ttt,-0.007810593582689762
724,homogeneous_dark,spatial2_discrete,spatial2_ttt,-0.013581219129264355
724,homogeneous_dark,global_ttt,spatial2_ttt,-0.005770625546574593
724,left_right,identity,global_direct,3.725290298461914e-09
724,left_right,identity,spatial2_direct,0.01787000522017479
724,left_right,identity,global_discrete,0.014012385159730911
724,left_right,identity,spatial2_discrete,-0.0018587037920951843
724,left_right,identity,global_ttt,0.009774353355169296
724,left_right,identity,spatial2_ttt,0.016959745436906815
724,left_right,global_direct,spatial2_direct,0.01787000149488449
724,left_right,global_direct,global_discrete,0.014012381434440613
724,left_right,global_direct,spatial2_discrete,-0.0018587075173854828
724,left_right,global_direct,global_ttt,0.009774349629878998
724,left_right,global_direct,spatial2_ttt,0.016959741711616516
724,left_right,spatial2_direct,global_discrete,-0.003857620060443878
724,left_right,spatial2_direct,spatial2_discrete,-0.019728709012269974
724,left_right,spatial2_direct,global_ttt,-0.008095651865005493
724,left_right,spatial2_direct,spatial2_ttt,-0.0009102597832679749
724,left_right,global_discrete,spatial2_discrete,-0.015871088951826096
724,left_right,global_discrete,global_ttt,-0.004238031804561615
724,left_right,global_discrete,spatial2_ttt,0.0029473602771759033
724,left_right,spatial2_discrete,global_ttt,0.01163305714726448
724,left_right,spatial2_discrete,spatial2_ttt,0.018818449229002
724,left_right,global_ttt,spatial2_ttt,0.007185392081737518
724,quadrants,identity,global_direct,0.0
724,quadrants,identity,spatial2_direct,0.009488802403211594
724,quadrants,identity,global_discrete,0.011135712265968323
724,quadrants,identity,spatial2_discrete,0.005620356649160385
724,quadrants,identity,global_ttt,0.008627943694591522
724,quadrants,identity,spatial2_ttt,-0.001020379364490509
724,quadrants,global_direct,spatial2_direct,0.009488802403211594
724,quadrants,global_direct,global_discrete,0.011135712265968323
724,quadrants,global_direct,spatial2_discrete,0.005620356649160385
724,quadrants,global_direct,global_ttt,0.008627943694591522
724,quadrants,global_direct,spatial2_ttt,-0.001020379364490509
724,quadrants,spatial2_direct,global_discrete,0.0016469098627567291
724,quadrants,spatial2_direct,spatial2_discrete,-0.0038684457540512085
724,quadrants,spatial2_direct,global_ttt,-0.0008608587086200714
724,quadrants,spatial2_direct,spatial2_ttt,-0.010509181767702103
724,quadrants,global_discrete,spatial2_discrete,-0.005515355616807938
724,quadrants,global_discrete,global_ttt,-0.0025077685713768005
724,quadrants,global_discrete,spatial2_ttt,-0.012156091630458832
724,quadrants,spatial2_discrete,global_ttt,0.003007587045431137
724,quadrants,spatial2_discrete,spatial2_ttt,-0.006640736013650894
724,quadrants,global_ttt,spatial2_ttt,-0.009648323059082031
724,smooth_gradient,identity,global_direct,0.0
724,smooth_gradient,identity,spatial2_direct,0.0
724,smooth_gradient,identity,global_discrete,0.0
724,smooth_gradient,identity,spatial2_discrete,0.0
724,smooth_gradient,identity,global_ttt,0.0
724,smooth_gradient,identity,spatial2_ttt,0.0
724,smooth_gradient,global_direct,spatial2_direct,0.0
724,smooth_gradient,global_direct,global_discrete,0.0
724,smooth_gradient,global_direct,spatial2_discrete,0.0
724,smooth_gradient,global_direct,global_ttt,0.0
724,smooth_gradient,global_direct,spatial2_ttt,0.0
724,smooth_gradient,spatial2_direct,global_discrete,0.0
724,smooth_gradient,spatial2_direct,spatial2_discrete,0.0
724,smooth_gradient,spatial2_direct,global_ttt,0.0
724,smooth_gradient,spatial2_direct,spatial2_ttt,0.0
724,smooth_gradient,global_discrete,spatial2_discrete,0.0
724,smooth_gradient,global_discrete,global_ttt,0.0
724,smooth_gradient,global_discrete,spatial2_ttt,0.0
724,smooth_gradient,spatial2_discrete,global_ttt,0.0
724,smooth_gradient,spatial2_discrete,spatial2_ttt,0.0
724,smooth_gradient,global_ttt,spatial2_ttt,0.0
776,clean,identity,global_direct,0.0
776,clean,identity,spatial2_direct,0.0
776,clean,identity,global_discrete,0.0
776,clean,identity,spatial2_discrete,0.0
776,clean,identity,global_ttt,0.0
776,clean,identity,spatial2_ttt,0.0
776,clean,global_direct,spatial2_direct,0.0
776,clean,global_direct,global_discrete,0.0
776,clean,global_direct,spatial2_discrete,0.0
776,clean,global_direct,global_ttt,0.0
776,clean,global_direct,spatial2_ttt,0.0
776,clean,spatial2_direct,global_discrete,0.0
776,clean,spatial2_direct,spatial2_discrete,0.0
776,clean,spatial2_direct,global_ttt,0.0
776,clean,spatial2_direct,spatial2_ttt,0.0
776,clean,global_discrete,spatial2_discrete,0.0
776,clean,global_discrete,global_ttt,0.0
776,clean,global_discrete,spatial2_ttt,0.0
776,clean,spatial2_discrete,global_ttt,0.0
776,clean,spatial2_discrete,spatial2_ttt,0.0
776,clean,global_ttt,spatial2_ttt,0.0
776,homogeneous_bright,identity,global_direct,0.024910861626267433
776,homogeneous_bright,identity,spatial2_direct,0.022653397172689438
776,homogeneous_bright,identity,global_discrete,0.033913074410520494
776,homogeneous_bright,identity,spatial2_discrete,0.007819095626473427
776,homogeneous_bright,identity,global_ttt,0.018008306622505188
776,homogeneous_bright,identity,spatial2_ttt,0.021452603861689568
776,homogeneous_bright,global_direct,spatial2_direct,-0.0022574644535779953
776,homogeneous_bright,global_direct,global_discrete,0.00900221278425306
776,homogeneous_bright,global_direct,spatial2_discrete,-0.017091765999794006
776,homogeneous_bright,global_direct,global_ttt,-0.006902555003762245
776,homogeneous_bright,global_direct,spatial2_ttt,-0.0034582577645778656
776,homogeneous_bright,spatial2_direct,global_discrete,0.011259677237831056
776,homogeneous_bright,spatial2_direct,spatial2_discrete,-0.014834301546216011
776,homogeneous_bright,spatial2_direct,global_ttt,-0.00464509055018425
776,homogeneous_bright,spatial2_direct,spatial2_ttt,-0.0012007933109998703
776,homogeneous_bright,global_discrete,spatial2_discrete,-0.026093978784047067
776,homogeneous_bright,global_discrete,global_ttt,-0.015904767788015306
776,homogeneous_bright,global_discrete,spatial2_ttt,-0.012460470548830926
776,homogeneous_bright,spatial2_discrete,global_ttt,0.010189210996031761
776,homogeneous_bright,spatial2_discrete,spatial2_ttt,0.01363350823521614
776,homogeneous_bright,global_ttt,spatial2_ttt,0.0034442972391843796
776,homogeneous_dark,identity,global_direct,0.005814023315906525
776,homogeneous_dark,identity,spatial2_direct,0.004354771226644516
776,homogeneous_dark,identity,global_discrete,0.02294909954071045
776,homogeneous_dark,identity,spatial2_discrete,0.03757060575298965
776,homogeneous_dark,identity,global_ttt,0.019322484731674194
776,homogeneous_dark,identity,spatial2_ttt,0.01653694175183773
776,homogeneous_dark,global_direct,spatial2_direct,-0.0014592520892620087
776,homogeneous_dark,global_direct,global_discrete,0.017135076224803925
776,homogeneous_dark,global_direct,spatial2_discrete,0.031756582437083125
776,homogeneous_dark,global_direct,global_ttt,0.01350846141576767
776,homogeneous_dark,global_direct,spatial2_ttt,0.010722918435931206
776,homogeneous_dark,spatial2_direct,global_discrete,0.018594328314065933
776,homogeneous_dark,spatial2_direct,spatial2_discrete,0.033215834526345134
776,homogeneous_dark,spatial2_direct,global_ttt,0.014967713505029678
776,homogeneous_dark,spatial2_direct,spatial2_ttt,0.012182170525193214
776,homogeneous_dark,global_discrete,spatial2_discrete,0.0146215062122792
776,homogeneous_dark,global_discrete,global_ttt,-0.003626614809036255
776,homogeneous_dark,global_discrete,spatial2_ttt,-0.006412157788872719
776,homogeneous_dark,spatial2_discrete,global_ttt,-0.018248121021315455
776,homogeneous_dark,spatial2_discrete,spatial2_ttt,-0.02103366400115192
776,homogeneous_dark,global_ttt,spatial2_ttt,-0.002785542979836464
776,left_right,identity,global_direct,0.0029265061020851135
776,left_right,identity,spatial2_direct,0.006998714059591293
776,left_right,identity,global_discrete,0.001534629613161087
776,left_right,identity,spatial2_discrete,-0.01376761868596077
776,left_right,identity,global_ttt,0.005333159118890762
776,left_right,identity,spatial2_ttt,0.004681788384914398
776,left_right,global_direct,spatial2_direct,0.00407220795750618
776,left_right,global_direct,global_discrete,-0.0013918764889240265
776,left_right,global_direct,spatial2_discrete,-0.016694124788045883
776,left_right,global_direct,global_ttt,0.002406653016805649
776,left_right,global_direct,spatial2_ttt,0.0017552822828292847
776,left_right,spatial2_direct,global_discrete,-0.005464084446430206
776,left_right,spatial2_direct,spatial2_discrete,-0.020766332745552063
776,left_right,spatial2_direct,global_ttt,-0.001665554940700531
776,left_right,spatial2_direct,spatial2_ttt,-0.002316925674676895
776,left_right,global_discrete,spatial2_discrete,-0.015302248299121857
776,left_right,global_discrete,global_ttt,0.0037985295057296753
776,left_right,global_discrete,spatial2_ttt,0.003147158771753311
776,left_right,spatial2_discrete,global_ttt,0.019100777804851532
776,left_right,spatial2_discrete,spatial2_ttt,0.018449407070875168
776,left_right,global_ttt,spatial2_ttt,-0.0006513707339763641
776,quadrants,identity,global_direct,0.0
776,quadrants,identity,spatial2_direct,0.007949955761432648
776,quadrants,identity,global_discrete,0.0018879547715187073
776,quadrants,identity,spatial2_discrete,-0.0385502427816391
776,quadrants,identity,global_ttt,0.0082804374396801
776,quadrants,identity,spatial2_ttt,-7.264316082000732e-06
776,quadrants,global_direct,spatial2_direct,0.007949955761432648
776,quadrants,global_direct,global_discrete,0.0018879547715187073
776,quadrants,global_direct,spatial2_discrete,-0.0385502427816391
776,quadrants,global_direct,global_ttt,0.0082804374396801
776,quadrants,global_direct,spatial2_ttt,-7.264316082000732e-06
776,quadrants,spatial2_direct,global_discrete,-0.00606200098991394
776,quadrants,spatial2_direct,spatial2_discrete,-0.04650019854307175
776,quadrants,spatial2_direct,global_ttt,0.0003304816782474518
776,quadrants,spatial2_direct,spatial2_ttt,-0.007957220077514648
776,quadrants,global_discrete,spatial2_discrete,-0.040438197553157806
776,quadrants,global_discrete,global_ttt,0.006392482668161392
776,quadrants,global_discrete,spatial2_ttt,-0.001895219087600708
776,quadrants,spatial2_discrete,global_ttt,0.0468306802213192
776,quadrants,spatial2_discrete,spatial2_ttt,0.0385429784655571
776,quadrants,global_ttt,spatial2_ttt,-0.0082877017557621
776,smooth_gradient,identity,global_direct,0.0
776,smooth_gradient,identity,spatial2_direct,0.0
776,smooth_gradient,identity,global_discrete,0.0
776,smooth_gradient,identity,spatial2_discrete,0.0
776,smooth_gradient,identity,global_ttt,0.0
776,smooth_gradient,identity,spatial2_ttt,0.0
776,smooth_gradient,global_direct,spatial2_direct,0.0
776,smooth_gradient,global_direct,global_discrete,0.0
776,smooth_gradient,global_direct,spatial2_discrete,0.0
776,smooth_gradient,global_direct,global_ttt,0.0
776,smooth_gradient,global_direct,spatial2_ttt,0.0
776,smooth_gradient,spatial2_direct,global_discrete,0.0
776,smooth_gradient,spatial2_direct,spatial2_discrete,0.0
776,smooth_gradient,spatial2_direct,global_ttt,0.0
776,smooth_gradient,spatial2_direct,spatial2_ttt,0.0
776,smooth_gradient,global_discrete,spatial2_discrete,0.0
776,smooth_gradient,global_discrete,global_ttt,0.0
776,smooth_gradient,global_discrete,spatial2_ttt,0.0
776,smooth_gradient,spatial2_discrete,global_ttt,0.0
776,smooth_gradient,spatial2_discrete,spatial2_ttt,0.0
776,smooth_gradient,global_ttt,spatial2_ttt,0.0
785,clean,identity,global_direct,0.0
785,clean,identity,spatial2_direct,0.0
785,clean,identity,global_discrete,0.0
785,clean,identity,spatial2_discrete,0.0
785,clean,identity,global_ttt,0.0
785,clean,identity,spatial2_ttt,0.0
785,clean,global_direct,spatial2_direct,0.0
785,clean,global_direct,global_discrete,0.0
785,clean,global_direct,spatial2_discrete,0.0
785,clean,global_direct,global_ttt,0.0
785,clean,global_direct,spatial2_ttt,0.0
785,clean,spatial2_direct,global_discrete,0.0
785,clean,spatial2_direct,spatial2_discrete,0.0
785,clean,spatial2_direct,global_ttt,0.0
785,clean,spatial2_direct,spatial2_ttt,0.0
785,clean,global_discrete,spatial2_discrete,0.0
785,clean,global_discrete,global_ttt,0.0
785,clean,global_discrete,spatial2_ttt,0.0
785,clean,spatial2_discrete,global_ttt,0.0
785,clean,spatial2_discrete,spatial2_ttt,0.0
785,clean,global_ttt,spatial2_ttt,0.0
785,homogeneous_bright,identity,global_direct,0.005234062671661377
785,homogeneous_bright,identity,spatial2_direct,0.005234062671661377
785,homogeneous_bright,identity,global_discrete,0.014830870553851128
785,homogeneous_bright,identity,spatial2_discrete,-0.001822223886847496
785,homogeneous_bright,identity,global_ttt,0.017187341582030058
785,homogeneous_bright,identity,spatial2_ttt,0.010522047989070415
785,homogeneous_bright,global_direct,spatial2_direct,0.0
785,homogeneous_bright,global_direct,global_discrete,0.00959680788218975
785,homogeneous_bright,global_direct,spatial2_discrete,-0.007056286558508873
785,homogeneous_bright,global_direct,global_ttt,0.011953278910368681
785,homogeneous_bright,global_direct,spatial2_ttt,0.0052879853174090385
785,homogeneous_bright,spatial2_direct,global_discrete,0.00959680788218975
785,homogeneous_bright,spatial2_direct,spatial2_discrete,-0.007056286558508873
785,homogeneous_bright,spatial2_direct,global_ttt,0.011953278910368681
785,homogeneous_bright,spatial2_direct,spatial2_ttt,0.0052879853174090385
785,homogeneous_bright,global_discrete,spatial2_discrete,-0.016653094440698624
785,homogeneous_bright,global_discrete,global_ttt,0.0023564710281789303
785,homogeneous_bright,global_discrete,spatial2_ttt,-0.004308822564780712
785,homogeneous_bright,spatial2_discrete,global_ttt,0.019009565468877554
785,homogeneous_bright,spatial2_discrete,spatial2_ttt,0.012344271875917912
785,homogeneous_bright,global_ttt,spatial2_ttt,-0.006665293592959642
785,homogeneous_dark,identity,global_direct,0.05583865940570831
785,homogeneous_dark,identity,spatial2_direct,0.059545427560806274
785,homogeneous_dark,identity,global_discrete,0.17874345555901527
785,homogeneous_dark,identity,spatial2_discrete,0.07751724869012833
785,homogeneous_dark,identity,global_ttt,0.19520934278261848
785,homogeneous_dark,identity,spatial2_ttt,0.08051170408725739
785,homogeneous_dark,global_direct,spatial2_direct,0.0037067681550979614
785,homogeneous_dark,global_direct,global_discrete,0.12290479615330696
785,homogeneous_dark,global_direct,spatial2_discrete,0.021678589284420013
785,homogeneous_dark,global_direct,global_ttt,0.13937068337691016
785,homogeneous_dark,global_direct,spatial2_ttt,0.024673044681549072
785,homogeneous_dark,spatial2_direct,global_discrete,0.119198027998209
785,homogeneous_dark,spatial2_direct,spatial2_discrete,0.017971821129322052
785,homogeneous_dark,spatial2_direct,global_ttt,0.1356639152218122
785,homogeneous_dark,spatial2_direct,spatial2_ttt,0.02096627652645111
785,homogeneous_dark,global_discrete,spatial2_discrete,-0.10122620686888695
785,homogeneous_dark,global_discrete,global_ttt,0.016465887223603204
785,homogeneous_dark,global_discrete,spatial2_ttt,-0.09823175147175789
785,homogeneous_dark,spatial2_discrete,global_ttt,0.11769209409249015
785,homogeneous_dark,spatial2_discrete,spatial2_ttt,0.002994455397129059
785,homogeneous_dark,global_ttt,spatial2_ttt,-0.11469763869536109
785,left_right,identity,global_direct,1.4901161193847656e-08
785,left_right,identity,spatial2_direct,0.05330991744995117
785,left_right,identity,global_discrete,-0.006181403994560242
785,left_right,identity,spatial2_discrete,0.056733280420303345
785,left_right,identity,global_ttt,0.05458548665046692
785,left_right,identity,spatial2_ttt,0.08044551685452461
785,left_right,global_direct,spatial2_direct,0.05330990254878998
785,left_right,global_direct,global_discrete,-0.0061814188957214355
785,left_right,global_direct,spatial2_discrete,0.05673326551914215
785,left_right,global_direct,global_ttt,0.054585471749305725
785,left_right,global_direct,spatial2_ttt,0.08044550195336342
785,left_right,spatial2_direct,global_discrete,-0.059491321444511414
785,left_right,spatial2_direct,spatial2_discrete,0.003423362970352173
785,left_right,spatial2_direct,global_ttt,0.001275569200515747
785,left_right,spatial2_direct,spatial2_ttt,0.02713559940457344
785,left_right,global_discrete,spatial2_discrete,0.06291468441486359
785,left_right,global_discrete,global_ttt,0.06076689064502716
785,left_right,global_discrete,spatial2_ttt,0.08662692084908485
785,left_right,spatial2_discrete,global_ttt,-0.0021477937698364258
785,left_right,spatial2_discrete,spatial2_ttt,0.023712236434221268
785,left_right,global_ttt,spatial2_ttt,0.025860030204057693
785,quadrants,identity,global_direct,-0.004913508892059326
785,quadrants,identity,spatial2_direct,0.017343252897262573
785,quadrants,identity,global_discrete,-0.006573326885700226
785,quadrants,identity,spatial2_discrete,-0.019816070795059204
785,quadrants,identity,global_ttt,0.04240425303578377
785,quadrants,identity,spatial2_ttt,0.016792841255664825
785,quadrants,global_direct,spatial2_direct,0.0222567617893219
785,quadrants,global_direct,global_discrete,-0.0016598179936408997
785,quadrants,global_direct,spatial2_discrete,-0.014902561902999878
785,quadrants,global_direct,global_ttt,0.047317761927843094
785,quadrants,global_direct,spatial2_ttt,0.02170635014772415
785,quadrants,spatial2_direct,global_discrete,-0.0239165797829628
785,quadrants,spatial2_direct,spatial2_discrete,-0.03715932369232178
785,quadrants,spatial2_direct,global_ttt,0.025061000138521194
785,quadrants,spatial2_direct,spatial2_ttt,-0.0005504116415977478
785,quadrants,global_discrete,spatial2_discrete,-0.013242743909358978
785,quadrants,global_discrete,global_ttt,0.048977579921483994
785,quadrants,global_discrete,spatial2_ttt,0.02336616814136505
785,quadrants,spatial2_discrete,global_ttt,0.06222032383084297
785,quadrants,spatial2_discrete,spatial2_ttt,0.03660891205072403
785,quadrants,global_ttt,spatial2_ttt,-0.025611411780118942
785,smooth_gradient,identity,global_direct,-0.01800103485584259
785,smooth_gradient,identity,spatial2_direct,-0.0020131915807724
785,smooth_gradient,identity,global_discrete,-0.055846020579338074
785,smooth_gradient,identity,spatial2_discrete,-0.05274749547243118
785,smooth_gradient,identity,global_ttt,-0.00018609315156936646
785,smooth_gradient,identity,spatial2_ttt,0.004719600081443787
785,smooth_gradient,global_direct,spatial2_direct,0.01598784327507019
785,smooth_gradient,global_direct,global_discrete,-0.03784498572349548
785,smooth_gradient,global_direct,spatial2_discrete,-0.03474646061658859
785,smooth_gradient,global_direct,global_ttt,0.017814941704273224
785,smooth_gradient,global_direct,spatial2_ttt,0.022720634937286377
785,smooth_gradient,spatial2_direct,global_discrete,-0.053832828998565674
785,smooth_gradient,spatial2_direct,spatial2_discrete,-0.05073430389165878
785,smooth_gradient,spatial2_direct,global_ttt,0.0018270984292030334
785,smooth_gradient,spatial2_direct,spatial2_ttt,0.0067327916622161865
785,smooth_gradient,global_discrete,spatial2_discrete,0.003098525106906891
785,smooth_gradient,global_discrete,global_ttt,0.05565992742776871
785,smooth_gradient,global_discrete,spatial2_ttt,0.06056562066078186
785,smooth_gradient,spatial2_discrete,global_ttt,0.052561402320861816
785,smooth_gradient,spatial2_discrete,spatial2_ttt,0.05746709555387497
785,smooth_gradient,global_ttt,spatial2_ttt,0.004905693233013153
802,clean,identity,global_direct,0.0
802,clean,identity,spatial2_direct,0.0
802,clean,identity,global_discrete,0.0
802,clean,identity,spatial2_discrete,0.0
802,clean,identity,global_ttt,0.0
802,clean,identity,spatial2_ttt,0.0
802,clean,global_direct,spatial2_direct,0.0
802,clean,global_direct,global_discrete,0.0
802,clean,global_direct,spatial2_discrete,0.0
802,clean,global_direct,global_ttt,0.0
802,clean,global_direct,spatial2_ttt,0.0
802,clean,spatial2_direct,global_discrete,0.0
802,clean,spatial2_direct,spatial2_discrete,0.0
802,clean,spatial2_direct,global_ttt,0.0
802,clean,spatial2_direct,spatial2_ttt,0.0
802,clean,global_discrete,spatial2_discrete,0.0
802,clean,global_discrete,global_ttt,0.0
802,clean,global_discrete,spatial2_ttt,0.0
802,clean,spatial2_discrete,global_ttt,0.0
802,clean,spatial2_discrete,spatial2_ttt,0.0
802,clean,global_ttt,spatial2_ttt,0.0
802,homogeneous_bright,identity,global_direct,0.01890605315566063
802,homogeneous_bright,identity,spatial2_direct,0.017500078305602074
802,homogeneous_bright,identity,global_discrete,0.04238482681103051
802,homogeneous_bright,identity,spatial2_discrete,0.024968206882476807
802,homogeneous_bright,identity,global_ttt,0.03377257660031319
802,homogeneous_bright,identity,spatial2_ttt,0.03149124514311552
802,homogeneous_bright,global_direct,spatial2_direct,-0.0014059748500585556
802,homogeneous_bright,global_direct,global_discrete,0.023478773655369878
802,homogeneous_bright,global_direct,spatial2_discrete,0.006062153726816177
802,homogeneous_bright,global_direct,global_ttt,0.014866523444652557
802,homogeneous_bright,global_direct,spatial2_ttt,0.012585191987454891
802,homogeneous_bright,spatial2_direct,global_discrete,0.024884748505428433
802,homogeneous_bright,spatial2_direct,spatial2_discrete,0.007468128576874733
802,homogeneous_bright,spatial2_direct,global_ttt,0.016272498294711113
802,homogeneous_bright,spatial2_direct,spatial2_ttt,0.013991166837513447
802,homogeneous_bright,global_discrete,spatial2_discrete,-0.0174166199285537
802,homogeneous_bright,global_discrete,global_ttt,-0.00861225021071732
802,homogeneous_bright,global_discrete,spatial2_ttt,-0.010893581667914987
802,homogeneous_bright,spatial2_discrete,global_ttt,0.00880436971783638
802,homogeneous_bright,spatial2_discrete,spatial2_ttt,0.006523038260638714
802,homogeneous_bright,global_ttt,spatial2_ttt,-0.002281331457197666
802,homogeneous_dark,identity,global_direct,0.030620448291301727
802,homogeneous_dark,identity,spatial2_direct,0.030620448291301727
802,homogeneous_dark,identity,global_discrete,0.052594784181565046
802,homogeneous_dark,identity,spatial2_discrete,0.048352602403610945
802,homogeneous_dark,identity,global_ttt,0.04344275500625372
802,homogeneous_dark,identity,spatial2_ttt,0.042029849253594875
802,homogeneous_dark,global_direct,spatial2_direct,0.0
802,homogeneous_dark,global_direct,global_discrete,0.02197433589026332
802,homogeneous_dark,global_direct,spatial2_discrete,0.017732154112309217
802,homogeneous_dark,global_direct,global_ttt,0.012822306714951992
802,homogeneous_dark,global_direct,spatial2_ttt,0.011409400962293148
802,homogeneous_dark,spatial2_direct,global_discrete,0.02197433589026332
802,homogeneous_dark,spatial2_direct,spatial2_discrete,0.017732154112309217
802,homogeneous_dark,spatial2_direct,global_ttt,0.012822306714951992
802,homogeneous_dark,spatial2_direct,spatial2_ttt,0.011409400962293148
802,homogeneous_dark,global_discrete,spatial2_discrete,-0.0042421817779541016
802,homogeneous_dark,global_discrete,global_ttt,-0.009152029175311327
802,homogeneous_dark,global_discrete,spatial2_ttt,-0.010564934927970171
802,homogeneous_dark,spatial2_discrete,global_ttt,-0.004909847397357225
802,homogeneous_dark,spatial2_discrete,spatial2_ttt,-0.006322753150016069
802,homogeneous_dark,global_ttt,spatial2_ttt,-0.001412905752658844
802,left_right,identity,global_direct,-0.009077906608581543
802,left_right,identity,spatial2_direct,0.023738866671919823
802,left_right,identity,global_discrete,-0.03986385092139244
802,left_right,identity,spatial2_discrete,0.04052393976598978
802,left_right,identity,global_ttt,-0.016432616859674454
802,left_right,identity,spatial2_ttt,0.009271129965782166
802,left_right,global_direct,spatial2_direct,0.032816773280501366
802,left_right,global_direct,global_discrete,-0.030785944312810898
802,left_right,global_direct,spatial2_discrete,0.04960184637457132
802,left_right,global_direct,global_ttt,-0.007354710251092911
802,left_right,global_direct,spatial2_ttt,0.01834903657436371
802,left_right,spatial2_direct,global_discrete,-0.06360271759331226
802,left_right,spatial2_direct,spatial2_discrete,0.016785073094069958
802,left_right,spatial2_direct,global_ttt,-0.040171483531594276
802,left_right,spatial2_direct,spatial2_ttt,-0.014467736706137657
802,left_right,global_discrete,spatial2_discrete,0.08038779068738222
802,left_right,global_discrete,global_ttt,0.023431234061717987
802,left_right,global_discrete,spatial2_ttt,0.049134980887174606
802,left_right,spatial2_discrete,global_ttt,-0.056956556625664234
802,left_right,spatial2_discrete,spatial2_ttt,-0.031252809800207615
802,left_right,global_ttt,spatial2_ttt,0.02570374682545662
802,quadrants,identity,global_direct,-0.01609928533434868
802,quadrants,identity,spatial2_direct,0.0003417693078517914
802,quadrants,identity,global_discrete,-0.07893874123692513
802,quadrants,identity,spatial2_discrete,-0.08545160666108131
802,quadrants,identity,global_ttt,-0.03135151043534279
802,quadrants,identity,spatial2_ttt,-0.029697973281145096
802,quadrants,global_direct,spatial2_direct,0.01644105464220047
802,quadrants,global_direct,global_discrete,-0.06283945590257645
802,quadrants,global_direct,spatial2_discrete,-0.06935232132673264
802,quadrants,global_direct,global_ttt,-0.01525222510099411
802,quadrants,global_direct,spatial2_ttt,-0.013598687946796417
802,quadrants,spatial2_direct,global_discrete,-0.07928051054477692
802,quadrants,spatial2_direct,spatial2_discrete,-0.0857933759689331
802,quadrants,spatial2_direct,global_ttt,-0.03169327974319458
802,quadrants,spatial2_direct,spatial2_ttt,-0.030039742588996887
802,quadrants,global_discrete,spatial2_discrete,-0.006512865424156189
802,quadrants,global_discrete,global_ttt,0.047587230801582336
802,quadrants,global_discrete,spatial2_ttt,0.04924076795578003
802,quadrants,spatial2_discrete,global_ttt,0.054100096225738525
802,quadrants,spatial2_discrete,spatial2_ttt,0.05575363337993622
802,quadrants,global_ttt,spatial2_ttt,0.0016535371541976929
802,smooth_gradient,identity,global_direct,0.0
802,smooth_gradient,identity,spatial2_direct,0.0
802,smooth_gradient,identity,global_discrete,0.0
802,smooth_gradient,identity,spatial2_discrete,0.0
802,smooth_gradient,identity,global_ttt,0.0
802,smooth_gradient,identity,spatial2_ttt,0.0
802,smooth_gradient,global_direct,spatial2_direct,0.0
802,smooth_gradient,global_direct,global_discrete,0.0
802,smooth_gradient,global_direct,spatial2_discrete,0.0
802,smooth_gradient,global_direct,global_ttt,0.0
802,smooth_gradient,global_direct,spatial2_ttt,0.0
802,smooth_gradient,spatial2_direct,global_discrete,0.0
802,smooth_gradient,spatial2_direct,spatial2_discrete,0.0
802,smooth_gradient,spatial2_direct,global_ttt,0.0
802,smooth_gradient,spatial2_direct,spatial2_ttt,0.0
802,smooth_gradient,global_discrete,spatial2_discrete,0.0
802,smooth_gradient,global_discrete,global_ttt,0.0
802,smooth_gradient,global_discrete,spatial2_ttt,0.0
802,smooth_gradient,spatial2_discrete,global_ttt,0.0
802,smooth_gradient,spatial2_discrete,spatial2_ttt,0.0
802,smooth_gradient,global_ttt,spatial2_ttt,0.0
872,clean,identity,global_direct,0.0
872,clean,identity,spatial2_direct,0.0
872,clean,identity,global_discrete,0.0
872,clean,identity,spatial2_discrete,0.0
872,clean,identity,global_ttt,0.0
872,clean,identity,spatial2_ttt,0.0
872,clean,global_direct,spatial2_direct,0.0
872,clean,global_direct,global_discrete,0.0
872,clean,global_direct,spatial2_discrete,0.0
872,clean,global_direct,global_ttt,0.0
872,clean,global_direct,spatial2_ttt,0.0
872,clean,spatial2_direct,global_discrete,0.0
872,clean,spatial2_direct,spatial2_discrete,0.0
872,clean,spatial2_direct,global_ttt,0.0
872,clean,spatial2_direct,spatial2_ttt,0.0
872,clean,global_discrete,spatial2_discrete,0.0
872,clean,global_discrete,global_ttt,0.0
872,clean,global_discrete,spatial2_ttt,0.0
872,clean,spatial2_discrete,global_ttt,0.0
872,clean,spatial2_discrete,spatial2_ttt,0.0
872,clean,global_ttt,spatial2_ttt,0.0
872,homogeneous_bright,identity,global_direct,0.029348641633987427
872,homogeneous_bright,identity,spatial2_direct,0.025939004495739937
872,homogeneous_bright,identity,global_discrete,0.03022359497845173
872,homogeneous_bright,identity,spatial2_discrete,0.009230777621269226
872,homogeneous_bright,identity,global_ttt,0.009533427655696869
872,homogeneous_bright,identity,spatial2_ttt,0.009425874799489975
872,homogeneous_bright,global_direct,spatial2_direct,-0.00340963713824749
872,homogeneous_bright,global_direct,global_discrete,0.0008749533444643021
872,homogeneous_bright,global_direct,spatial2_discrete,-0.0201178640127182
872,homogeneous_bright,global_direct,global_ttt,-0.019815213978290558
872,homogeneous_bright,global_direct,spatial2_ttt,-0.019922766834497452
872,homogeneous_bright,spatial2_direct,global_discrete,0.004284590482711792
872,homogeneous_bright,spatial2_direct,spatial2_discrete,-0.01670822687447071
872,homogeneous_bright,spatial2_direct,global_ttt,-0.016405576840043068
872,homogeneous_bright,spatial2_direct,spatial2_ttt,-0.016513129696249962
872,homogeneous_bright,global_discrete,spatial2_discrete,-0.020992817357182503
872,homogeneous_bright,global_discrete,global_ttt,-0.02069016732275486
872,homogeneous_bright,global_discrete,spatial2_ttt,-0.020797720178961754
872,homogeneous_bright,spatial2_discrete,global_ttt,0.0003026500344276428
872,homogeneous_bright,spatial2_discrete,spatial2_ttt,0.0001950971782207489
872,homogeneous_bright,global_ttt,spatial2_ttt,-0.00010755285620689392
872,homogeneous_dark,identity,global_direct,0.05024532228708267
872,homogeneous_dark,identity,spatial2_direct,0.05024532228708267
872,homogeneous_dark,identity,global_discrete,0.08630317449569702
872,homogeneous_dark,identity,spatial2_discrete,0.0829176683910191
872,homogeneous_dark,identity,global_ttt,0.08743856381624937
872,homogeneous_dark,identity,spatial2_ttt,0.08827679173555225
872,homogeneous_dark,global_direct,spatial2_direct,0.0
872,homogeneous_dark,global_direct,global_discrete,0.03605785220861435
872,homogeneous_dark,global_direct,spatial2_discrete,0.032672346103936434
872,homogeneous_dark,global_direct,global_ttt,0.0371932415291667
872,homogeneous_dark,global_direct,spatial2_ttt,0.03803146944846958
872,homogeneous_dark,spatial2_direct,global_discrete,0.03605785220861435
872,homogeneous_dark,spatial2_direct,spatial2_discrete,0.032672346103936434
872,homogeneous_dark,spatial2_direct,global_ttt,0.0371932415291667
872,homogeneous_dark,spatial2_direct,spatial2_ttt,0.03803146944846958
872,homogeneous_dark,global_discrete,spatial2_discrete,-0.0033855061046779156
872,homogeneous_dark,global_discrete,global_ttt,0.001135389320552349
872,homogeneous_dark,global_discrete,spatial2_ttt,0.00197361723985523
872,homogeneous_dark,spatial2_discrete,global_ttt,0.004520895425230265
872,homogeneous_dark,spatial2_discrete,spatial2_ttt,0.005359123344533145
872,homogeneous_dark,global_ttt,spatial2_ttt,0.0008382279193028808
872,left_right,identity,global_direct,0.0013119354844093323
872,left_right,identity,spatial2_direct,0.029804788529872894
872,left_right,identity,global_discrete,0.0027534738183021545
872,left_right,identity,spatial2_discrete,0.033388588577508926
872,left_right,identity,global_ttt,0.023118097335100174
872,left_right,identity,spatial2_ttt,0.03877033293247223
872,left_right,global_direct,spatial2_direct,0.028492853045463562
872,left_right,global_direct,global_discrete,0.0014415383338928223
872,left_right,global_direct,spatial2_discrete,0.032076653093099594
872,left_right,global_direct,global_ttt,0.02180616185069084
872,left_right,global_direct,spatial2_ttt,0.0374583974480629
872,left_right,spatial2_direct,global_discrete,-0.02705131471157074
872,left_right,spatial2_direct,spatial2_discrete,0.003583800047636032
872,left_right,spatial2_direct,global_ttt,-0.00668669119477272
872,left_right,spatial2_direct,spatial2_ttt,0.008965544402599335
872,left_right,global_discrete,spatial2_discrete,0.030635114759206772
872,left_right,global_discrete,global_ttt,0.02036462351679802
872,left_right,global_discrete,spatial2_ttt,0.036016859114170074
872,left_right,spatial2_discrete,global_ttt,-0.010270491242408752
872,left_right,spatial2_discrete,spatial2_ttt,0.005381744354963303
872,left_right,global_ttt,spatial2_ttt,0.015652235597372055
872,quadrants,identity,global_direct,0.001508757472038269
872,quadrants,identity,spatial2_direct,0.023576557636260986
872,quadrants,identity,global_discrete,-0.004727251827716827
872,quadrants,identity,spatial2_discrete,0.009458940476179123
872,quadrants,identity,global_ttt,0.01921205222606659
872,quadrants,identity,spatial2_ttt,0.022744838148355484
872,quadrants,global_direct,spatial2_direct,0.022067800164222717
872,quadrants,global_direct,global_discrete,-0.0062360092997550964
872,quadrants,global_direct,spatial2_discrete,0.007950183004140854
872,quadrants,global_direct,global_ttt,0.01770329475402832
872,quadrants,global_direct,spatial2_ttt,0.021236080676317215
872,quadrants,spatial2_direct,global_discrete,-0.028303809463977814
872,quadrants,spatial2_direct,spatial2_discrete,-0.014117617160081863
872,quadrants,spatial2_direct,global_ttt,-0.004364505410194397
872,quadrants,spatial2_direct,spatial2_ttt,-0.0008317194879055023
872,quadrants,global_discrete,spatial2_discrete,0.01418619230389595
872,quadrants,global_discrete,global_ttt,0.023939304053783417
872,quadrants,global_discrete,spatial2_ttt,0.02747208997607231
872,quadrants,spatial2_discrete,global_ttt,0.009753111749887466
872,quadrants,spatial2_discrete,spatial2_ttt,0.013285897672176361
872,quadrants,global_ttt,spatial2_ttt,0.0035327859222888947
872,smooth_gradient,identity,global_direct,-0.0006375331431627274
872,smooth_gradient,identity,spatial2_direct,0.003638818860054016
872,smooth_gradient,identity,global_discrete,-0.04451945424079895
872,smooth_gradient,identity,spatial2_discrete,-0.040183696895837784
872,smooth_gradient,identity,global_ttt,-0.0362740233540535
872,smooth_gradient,identity,spatial2_ttt,0.0018946267664432526
872,smooth_gradient,global_direct,spatial2_direct,0.0042763520032167435
872,smooth_gradient,global_direct,global_discrete,-0.04388192109763622
872,smooth_gradient,global_direct,spatial2_discrete,-0.039546163752675056
872,smooth_gradient,global_direct,global_ttt,-0.03563649021089077
872,smooth_gradient,global_direct,spatial2_ttt,0.00253215990960598
872,smooth_gradient,spatial2_direct,global_discrete,-0.048158273100852966
872,smooth_gradient,spatial2_direct,spatial2_discrete,-0.0438225157558918
872,smooth_gradient,spatial2_direct,global_ttt,-0.03991284221410751
872,smooth_gradient,spatial2_direct,spatial2_ttt,-0.0017441920936107635
872,smooth_gradient,global_discrete,spatial2_discrete,0.004335757344961166
872,smooth_gradient,global_discrete,global_ttt,0.008245430886745453
872,smooth_gradient,global_discrete,spatial2_ttt,0.0464140810072422
872,smooth_gradient,spatial2_discrete,global_ttt,0.0039096735417842865
872,smooth_gradient,spatial2_discrete,spatial2_ttt,0.042078323662281036
872,smooth_gradient,global_ttt,spatial2_ttt,0.03816865012049675
885,clean,identity,global_direct,0.0
885,clean,identity,spatial2_direct,0.0
885,clean,identity,global_discrete,0.0
885,clean,identity,spatial2_discrete,0.0
885,clean,identity,global_ttt,0.0
885,clean,identity,spatial2_ttt,0.0
885,clean,global_direct,spatial2_direct,0.0
885,clean,global_direct,global_discrete,0.0
885,clean,global_direct,spatial2_discrete,0.0
885,clean,global_direct,global_ttt,0.0
885,clean,global_direct,spatial2_ttt,0.0
885,clean,spatial2_direct,global_discrete,0.0
885,clean,spatial2_direct,spatial2_discrete,0.0
885,clean,spatial2_direct,global_ttt,0.0
885,clean,spatial2_direct,spatial2_ttt,0.0
885,clean,global_discrete,spatial2_discrete,0.0
885,clean,global_discrete,global_ttt,0.0
885,clean,global_discrete,spatial2_ttt,0.0
885,clean,spatial2_discrete,global_ttt,0.0
885,clean,spatial2_discrete,spatial2_ttt,0.0
885,clean,global_ttt,spatial2_ttt,0.0
885,homogeneous_bright,identity,global_direct,0.0
885,homogeneous_bright,identity,spatial2_direct,0.0
885,homogeneous_bright,identity,global_discrete,0.0
885,homogeneous_bright,identity,spatial2_discrete,0.0
885,homogeneous_bright,identity,global_ttt,0.0
885,homogeneous_bright,identity,spatial2_ttt,0.0
885,homogeneous_bright,global_direct,spatial2_direct,0.0
885,homogeneous_bright,global_direct,global_discrete,0.0
885,homogeneous_bright,global_direct,spatial2_discrete,0.0
885,homogeneous_bright,global_direct,global_ttt,0.0
885,homogeneous_bright,global_direct,spatial2_ttt,0.0
885,homogeneous_bright,spatial2_direct,global_discrete,0.0
885,homogeneous_bright,spatial2_direct,spatial2_discrete,0.0
885,homogeneous_bright,spatial2_direct,global_ttt,0.0
885,homogeneous_bright,spatial2_direct,spatial2_ttt,0.0
885,homogeneous_bright,global_discrete,spatial2_discrete,0.0
885,homogeneous_bright,global_discrete,global_ttt,0.0
885,homogeneous_bright,global_discrete,spatial2_ttt,0.0
885,homogeneous_bright,spatial2_discrete,global_ttt,0.0
885,homogeneous_bright,spatial2_discrete,spatial2_ttt,0.0
885,homogeneous_bright,global_ttt,spatial2_ttt,0.0
885,homogeneous_dark,identity,global_direct,0.017229298129677773
885,homogeneous_dark,identity,spatial2_direct,0.014103349298238754
885,homogeneous_dark,identity,global_discrete,0.039038418675772846
885,homogeneous_dark,identity,spatial2_discrete,0.027996791526675224
885,homogeneous_dark,identity,global_ttt,0.03664242918603122
885,homogeneous_dark,identity,spatial2_ttt,0.031416116282343864
885,homogeneous_dark,global_direct,spatial2_direct,-0.0031259488314390182
885,homogeneous_dark,global_direct,global_discrete,0.021809120546095073
885,homogeneous_dark,global_direct,spatial2_discrete,0.010767493396997452
885,homogeneous_dark,global_direct,global_ttt,0.01941313105635345
885,homogeneous_dark,global_direct,spatial2_ttt,0.014186818152666092
885,homogeneous_dark,spatial2_direct,global_discrete,0.02493506937753409
885,homogeneous_dark,spatial2_direct,spatial2_discrete,0.01389344222843647
885,homogeneous_dark,spatial2_direct,global_ttt,0.022539079887792468
885,homogeneous_dark,spatial2_direct,spatial2_ttt,0.01731276698410511
885,homogeneous_dark,global_discrete,spatial2_discrete,-0.011041627149097621
885,homogeneous_dark,global_discrete,global_ttt,-0.0023959894897416234
885,homogeneous_dark,global_discrete,spatial2_ttt,-0.007622302393428981
885,homogeneous_dark,spatial2_discrete,global_ttt,0.008645637659355998
885,homogeneous_dark,spatial2_discrete,spatial2_ttt,0.00341932475566864
885,homogeneous_dark,global_ttt,spatial2_ttt,-0.005226312903687358
885,left_right,identity,global_direct,-0.006917014718055725
885,left_right,identity,spatial2_direct,0.0008188076317310333
885,left_right,identity,global_discrete,-0.05131909251213074
885,left_right,identity,spatial2_discrete,0.0009898729622364044
885,left_right,identity,global_ttt,-0.025342844426631927
885,left_right,identity,spatial2_ttt,-0.008326057344675064
885,left_right,global_direct,spatial2_direct,0.007735822349786758
885,left_right,global_direct,global_discrete,-0.04440207779407501
885,left_right,global_direct,spatial2_discrete,0.00790688768029213
885,left_right,global_direct,global_ttt,-0.018425829708576202
885,left_right,global_direct,spatial2_ttt,-0.001409042626619339
885,left_right,spatial2_direct,global_discrete,-0.05213790014386177
885,left_right,spatial2_direct,spatial2_discrete,0.0001710653305053711
885,left_right,spatial2_direct,global_ttt,-0.02616165205836296
885,left_right,spatial2_direct,spatial2_ttt,-0.009144864976406097
885,left_right,global_discrete,spatial2_discrete,0.05230896547436714
885,left_right,global_discrete,global_ttt,0.02597624808549881
885,left_right,global_discrete,spatial2_ttt,0.04299303516745567
885,left_right,spatial2_discrete,global_ttt,-0.026332717388868332
885,left_right,spatial2_discrete,spatial2_ttt,-0.009315930306911469
885,left_right,global_ttt,spatial2_ttt,0.017016787081956863
885,quadrants,identity,global_direct,-0.013817742466926575
885,quadrants,identity,spatial2_direct,0.0022664889693260193
885,quadrants,identity,global_discrete,-0.05249282717704773
885,quadrants,identity,spatial2_discrete,-0.04844393581151962
885,quadrants,identity,global_ttt,-0.02965770661830902
885,quadrants,identity,spatial2_ttt,-0.01689145714044571
885,quadrants,global_direct,spatial2_direct,0.016084231436252594
885,quadrants,global_direct,global_discrete,-0.038675084710121155
885,quadrants,global_direct,spatial2_discrete,-0.03462619334459305
885,quadrants,global_direct,global_ttt,-0.015839964151382446
885,quadrants,global_direct,spatial2_ttt,-0.0030737146735191345
885,quadrants,spatial2_direct,global_discrete,-0.05475931614637375
885,quadrants,spatial2_direct,spatial2_discrete,-0.05071042478084564
885,quadrants,spatial2_direct,global_ttt,-0.03192419558763504
885,quadrants,spatial2_direct,spatial2_ttt,-0.01915794610977173
885,quadrants,global_discrete,spatial2_discrete,0.004048891365528107
885,quadrants,global_discrete,global_ttt,0.02283512055873871
885,quadrants,global_discrete,spatial2_ttt,0.03560137003660202
885,quadrants,spatial2_discrete,global_ttt,0.018786229193210602
885,quadrants,spatial2_discrete,spatial2_ttt,0.031552478671073914
885,quadrants,global_ttt,spatial2_ttt,0.012766249477863312
885,smooth_gradient,identity,global_direct,0.0
885,smooth_gradient,identity,spatial2_direct,0.0
885,smooth_gradient,identity,global_discrete,0.0
885,smooth_gradient,identity,spatial2_discrete,0.0
885,smooth_gradient,identity,global_ttt,0.0
885,smooth_gradient,identity,spatial2_ttt,0.0
885,smooth_gradient,global_direct,spatial2_direct,0.0
885,smooth_gradient,global_direct,global_discrete,0.0
885,smooth_gradient,global_direct,spatial2_discrete,0.0
885,smooth_gradient,global_direct,global_ttt,0.0
885,smooth_gradient,global_direct,spatial2_ttt,0.0
885,smooth_gradient,spatial2_direct,global_discrete,0.0
885,smooth_gradient,spatial2_direct,spatial2_discrete,0.0
885,smooth_gradient,spatial2_direct,global_ttt,0.0
885,smooth_gradient,spatial2_direct,spatial2_ttt,0.0
885,smooth_gradient,global_discrete,spatial2_discrete,0.0
885,smooth_gradient,global_discrete,global_ttt,0.0
885,smooth_gradient,global_discrete,spatial2_ttt,0.0
885,smooth_gradient,spatial2_discrete,global_ttt,0.0
885,smooth_gradient,spatial2_discrete,spatial2_ttt,0.0
885,smooth_gradient,global_ttt,spatial2_ttt,0.0
1000,clean,identity,global_direct,0.0
1000,clean,identity,spatial2_direct,0.0
1000,clean,identity,global_discrete,0.0
1000,clean,identity,spatial2_discrete,0.0
1000,clean,identity,global_ttt,0.0
1000,clean,identity,spatial2_ttt,0.0
1000,clean,global_direct,spatial2_direct,0.0
1000,clean,global_direct,global_discrete,0.0
1000,clean,global_direct,spatial2_discrete,0.0
1000,clean,global_direct,global_ttt,0.0
1000,clean,global_direct,spatial2_ttt,0.0
1000,clean,spatial2_direct,global_discrete,0.0
1000,clean,spatial2_direct,spatial2_discrete,0.0
1000,clean,spatial2_direct,global_ttt,0.0
1000,clean,spatial2_direct,spatial2_ttt,0.0
1000,clean,global_discrete,spatial2_discrete,0.0
1000,clean,global_discrete,global_ttt,0.0
1000,clean,global_discrete,spatial2_ttt,0.0
1000,clean,spatial2_discrete,global_ttt,0.0
1000,clean,spatial2_discrete,spatial2_ttt,0.0
1000,clean,global_ttt,spatial2_ttt,0.0
1000,homogeneous_bright,identity,global_direct,0.03056854661554098
1000,homogeneous_bright,identity,spatial2_direct,0.026624983176589012
1000,homogeneous_bright,identity,global_discrete,0.03716791654005647
1000,homogeneous_bright,identity,spatial2_discrete,0.01708642579615116
1000,homogeneous_bright,identity,global_ttt,0.0246643777936697
1000,homogeneous_bright,identity,spatial2_ttt,0.02586587704718113
1000,homogeneous_bright,global_direct,spatial2_direct,-0.003943563438951969
1000,homogeneous_bright,global_direct,global_discrete,0.006599369924515486
1000,homogeneous_bright,global_direct,spatial2_discrete,-0.01348212081938982
1000,homogeneous_bright,global_direct,global_ttt,-0.005904168821871281
1000,homogeneous_bright,global_direct,spatial2_ttt,-0.004702669568359852
1000,homogeneous_bright,spatial2_direct,global_discrete,0.010542933363467455
1000,homogeneous_bright,spatial2_direct,spatial2_discrete,-0.009538557380437851
1000,homogeneous_bright,spatial2_direct,global_ttt,-0.0019606053829193115
1000,homogeneous_bright,spatial2_direct,spatial2_ttt,-0.0007591061294078827
1000,homogeneous_bright,global_discrete,spatial2_discrete,-0.020081490743905306
1000,homogeneous_bright,global_discrete,global_ttt,-0.012503538746386766
1000,homogeneous_bright,global_discrete,spatial2_ttt,-0.011302039492875338
1000,homogeneous_bright,spatial2_discrete,global_ttt,0.007577951997518539
1000,homogeneous_bright,spatial2_discrete,spatial2_ttt,0.008779451251029968
1000,homogeneous_bright,global_ttt,spatial2_ttt,0.0012014992535114288
1000,homogeneous_dark,identity,global_direct,0.0112728551030159
1000,homogeneous_dark,identity,spatial2_direct,0.014487147331237793
1000,homogeneous_dark,identity,global_discrete,0.04449613019824028
1000,homogeneous_dark,identity,spatial2_discrete,0.026955146342515945
1000,homogeneous_dark,identity,global_ttt,0.05433111451566219
1000,homogeneous_dark,identity,spatial2_ttt,0.03777273744344711
1000,homogeneous_dark,global_direct,spatial2_direct,0.0032142922282218933
1000,homogeneous_dark,global_direct,global_discrete,0.03322327509522438
1000,homogeneous_dark,global_direct,spatial2_discrete,0.015682291239500046
1000,homogeneous_dark,global_direct,global_ttt,0.043058259412646294
1000,homogeneous_dark,global_direct,spatial2_ttt,0.026499882340431213
1000,homogeneous_dark,spatial2_direct,global_discrete,0.030008982867002487
1000,homogeneous_dark,spatial2_direct,spatial2_discrete,0.012467999011278152
1000,homogeneous_dark,spatial2_direct,global_ttt,0.0398439671844244
1000,homogeneous_dark,spatial2_direct,spatial2_ttt,0.02328559011220932
1000,homogeneous_dark,global_discrete,spatial2_discrete,-0.017540983855724335
1000,homogeneous_dark,global_discrete,global_ttt,0.009834984317421913
1000,homogeneous_dark,global_discrete,spatial2_ttt,-0.006723392754793167
1000,homogeneous_dark,spatial2_discrete,global_ttt,0.027375968173146248
1000,homogeneous_dark,spatial2_discrete,spatial2_ttt,0.010817591100931168
1000,homogeneous_dark,global_ttt,spatial2_ttt,-0.01655837707221508
1000,left_right,identity,global_direct,0.0008351355791091919
1000,left_right,identity,spatial2_direct,0.011294536292552948
1000,left_right,identity,global_discrete,0.0001219138503074646
1000,left_right,identity,spatial2_discrete,0.02041766420006752
1000,left_right,identity,global_ttt,0.0037033483386039734
1000,left_right,identity,spatial2_ttt,0.0163138285279274
1000,left_right,global_direct,spatial2_direct,0.010459400713443756
1000,left_right,global_direct,global_discrete,-0.0007132217288017273
1000,left_right,global_direct,spatial2_discrete,0.019582528620958328
1000,left_right,global_direct,global_ttt,0.0028682127594947815
1000,left_right,global_direct,spatial2_ttt,0.015478692948818207
1000,left_right,spatial2_direct,global_discrete,-0.011172622442245483
1000,left_right,spatial2_direct,spatial2_discrete,0.009123127907514572
1000,left_right,spatial2_direct,global_ttt,-0.007591187953948975
1000,left_right,spatial2_direct,spatial2_ttt,0.005019292235374451
1000,left_right,global_discrete,spatial2_discrete,0.020295750349760056
1000,left_right,global_discrete,global_ttt,0.003581434488296509
1000,left_right,global_discrete,spatial2_ttt,0.016191914677619934
1000,left_right,spatial2_discrete,global_ttt,-0.016714315861463547
1000,left_right,spatial2_discrete,spatial2_ttt,-0.0041038356721401215
1000,left_right,global_ttt,spatial2_ttt,0.012610480189323425
1000,quadrants,identity,global_direct,0.0
1000,quadrants,identity,spatial2_direct,0.01779310777783394
1000,quadrants,identity,global_discrete,0.009419284760951996
1000,quadrants,identity,spatial2_discrete,0.0289621539413929
1000,quadrants,identity,global_ttt,0.017061401158571243
1000,quadrants,identity,spatial2_ttt,0.01315995678305626
1000,quadrants,global_direct,spatial2_direct,0.01779310777783394
1000,quadrants,global_direct,global_discrete,0.009419284760951996
1000,quadrants,global_direct,spatial2_discrete,0.0289621539413929
1000,quadrants,global_direct,global_ttt,0.017061401158571243
1000,quadrants,global_direct,spatial2_ttt,0.01315995678305626
1000,quadrants,spatial2_direct,global_discrete,-0.008373823016881943
1000,quadrants,spatial2_direct,spatial2_discrete,0.01116904616355896
1000,quadrants,spatial2_direct,global_ttt,-0.0007317066192626953
1000,quadrants,spatial2_direct,spatial2_ttt,-0.0046331509947776794
1000,quadrants,global_discrete,spatial2_discrete,0.019542869180440903
1000,quadrants,global_discrete,global_ttt,0.0076421163976192474
1000,quadrants,global_discrete,spatial2_ttt,0.0037406720221042633
1000,quadrants,spatial2_discrete,global_ttt,-0.011900752782821655
1000,quadrants,spatial2_discrete,spatial2_ttt,-0.01580219715833664
1000,quadrants,global_ttt,spatial2_ttt,-0.003901444375514984
1000,smooth_gradient,identity,global_direct,0.0
1000,smooth_gradient,identity,spatial2_direct,0.0
1000,smooth_gradient,identity,global_discrete,0.0
1000,smooth_gradient,identity,spatial2_discrete,0.0
1000,smooth_gradient,identity,global_ttt,0.0
1000,smooth_gradient,identity,spatial2_ttt,0.0
1000,smooth_gradient,global_direct,spatial2_direct,0.0
1000,smooth_gradient,global_direct,global_discrete,0.0
1000,smooth_gradient,global_direct,spatial2_discrete,0.0
1000,smooth_gradient,global_direct,global_ttt,0.0
1000,smooth_gradient,global_direct,spatial2_ttt,0.0
1000,smooth_gradient,spatial2_direct,global_discrete,0.0
1000,smooth_gradient,spatial2_direct,spatial2_discrete,0.0
1000,smooth_gradient,spatial2_direct,global_ttt,0.0
1000,smooth_gradient,spatial2_direct,spatial2_ttt,0.0
1000,smooth_gradient,global_discrete,spatial2_discrete,0.0
1000,smooth_gradient,global_discrete,global_ttt,0.0
1000,smooth_gradient,global_discrete,spatial2_ttt,0.0
1000,smooth_gradient,spatial2_discrete,global_ttt,0.0
1000,smooth_gradient,spatial2_discrete,spatial2_ttt,0.0
1000,smooth_gradient,global_ttt,spatial2_ttt,0.0
1268,clean,identity,global_direct,0.0
1268,clean,identity,spatial2_direct,0.0
1268,clean,identity,global_discrete,0.0
1268,clean,identity,spatial2_discrete,0.0
1268,clean,identity,global_ttt,0.0
1268,clean,identity,spatial2_ttt,0.0
1268,clean,global_direct,spatial2_direct,0.0
1268,clean,global_direct,global_discrete,0.0
1268,clean,global_direct,spatial2_discrete,0.0
1268,clean,global_direct,global_ttt,0.0
1268,clean,global_direct,spatial2_ttt,0.0
1268,clean,spatial2_direct,global_discrete,0.0
1268,clean,spatial2_direct,spatial2_discrete,0.0
1268,clean,spatial2_direct,global_ttt,0.0
1268,clean,spatial2_direct,spatial2_ttt,0.0
1268,clean,global_discrete,spatial2_discrete,0.0
1268,clean,global_discrete,global_ttt,0.0
1268,clean,global_discrete,spatial2_ttt,0.0
1268,clean,spatial2_discrete,global_ttt,0.0
1268,clean,spatial2_discrete,spatial2_ttt,0.0
1268,clean,global_ttt,spatial2_ttt,0.0
1268,homogeneous_bright,identity,global_direct,0.00961134908720851
1268,homogeneous_bright,identity,spatial2_direct,0.006968554109334946
1268,homogeneous_bright,identity,global_discrete,0.00470362976193428
1268,homogeneous_bright,identity,spatial2_discrete,0.0059873443096876144
1268,homogeneous_bright,identity,global_ttt,0.004913685843348503
1268,homogeneous_bright,identity,spatial2_ttt,0.006038605235517025
1268,homogeneous_bright,global_direct,spatial2_direct,-0.0026427949778735638
1268,homogeneous_bright,global_direct,global_discrete,-0.004907719325274229
1268,homogeneous_bright,global_direct,spatial2_discrete,-0.003624004777520895
1268,homogeneous_bright,global_direct,global_ttt,-0.004697663243860006
1268,homogeneous_bright,global_direct,spatial2_ttt,-0.0035727438516914845
1268,homogeneous_bright,spatial2_direct,global_discrete,-0.0022649243474006653
1268,homogeneous_bright,spatial2_direct,spatial2_discrete,-0.0009812097996473312
1268,homogeneous_bright,spatial2_direct,global_ttt,-0.0020548682659864426
1268,homogeneous_bright,spatial2_direct,spatial2_ttt,-0.0009299488738179207
1268,homogeneous_bright,global_discrete,spatial2_discrete,0.001283714547753334
1268,homogeneous_bright,global_discrete,global_ttt,0.00021005608141422272
1268,homogeneous_bright,global_discrete,spatial2_ttt,0.0013349754735827446
1268,homogeneous_bright,spatial2_discrete,global_ttt,-0.0010736584663391113
1268,homogeneous_bright,spatial2_discrete,spatial2_ttt,5.126092582941055e-05
1268,homogeneous_bright,global_ttt,spatial2_ttt,0.0011249193921685219
1268,homogeneous_dark,identity,global_direct,0.022450633347034454
1268,homogeneous_dark,identity,spatial2_direct,0.015623562037944794
1268,homogeneous_dark,identity,global_discrete,0.050408086739480495
1268,homogeneous_dark,identity,spatial2_discrete,0.050408086739480495
1268,homogeneous_dark,identity,global_ttt,0.04543439578264952
1268,homogeneous_dark,identity,spatial2_ttt,0.045560802798718214
1268,homogeneous_dark,global_direct,spatial2_direct,-0.006827071309089661
1268,homogeneous_dark,global_direct,global_discrete,0.02795745339244604
1268,homogeneous_dark,global_direct,spatial2_discrete,0.02795745339244604
1268,homogeneous_dark,global_direct,global_ttt,0.022983762435615063
1268,homogeneous_dark,global_direct,spatial2_ttt,0.02311016945168376
1268,homogeneous_dark,spatial2_direct,global_discrete,0.0347845247015357
1268,homogeneous_dark,spatial2_direct,spatial2_discrete,0.0347845247015357
1268,homogeneous_dark,spatial2_direct,global_ttt,0.029810833744704723
1268,homogeneous_dark,spatial2_direct,spatial2_ttt,0.02993724076077342
1268,homogeneous_dark,global_discrete,spatial2_discrete,0.0
1268,homogeneous_dark,global_discrete,global_ttt,-0.004973690956830978
1268,homogeneous_dark,global_discrete,spatial2_ttt,-0.004847283940762281
1268,homogeneous_dark,spatial2_discrete,global_ttt,-0.004973690956830978
1268,homogeneous_dark,spatial2_discrete,spatial2_ttt,-0.004847283940762281
1268,homogeneous_dark,global_ttt,spatial2_ttt,0.00012640701606869698
1268,left_right,identity,global_direct,0.0029358677566051483
1268,left_right,identity,spatial2_direct,0.005302611738443375
1268,left_right,identity,global_discrete,-0.0142073854804039
1268,left_right,identity,spatial2_discrete,0.01603824459016323
1268,left_right,identity,global_ttt,-0.011511016637086868
1268,left_right,identity,spatial2_ttt,-0.01203811913728714
1268,left_right,global_direct,spatial2_direct,0.0023667439818382263
1268,left_right,global_direct,global_discrete,-0.01714325323700905
1268,left_right,global_direct,spatial2_discrete,0.013102376833558083
1268,left_right,global_direct,global_ttt,-0.014446884393692017
1268,left_right,global_direct,spatial2_ttt,-0.014973986893892288
1268,left_right,spatial2_direct,global_discrete,-0.019509997218847275
1268,left_right,spatial2_direct,spatial2_discrete,0.010735632851719856
1268,left_right,spatial2_direct,global_ttt,-0.016813628375530243
1268,left_right,spatial2_direct,spatial2_ttt,-0.017340730875730515
1268,left_right,global_discrete,spatial2_discrete,0.03024563007056713
1268,left_right,global_discrete,global_ttt,0.002696368843317032
1268,left_right,global_discrete,spatial2_ttt,0.0021692663431167603
1268,left_right,spatial2_discrete,global_ttt,-0.0275492612272501
1268,left_right,spatial2_discrete,spatial2_ttt,-0.02807636372745037
1268,left_right,global_ttt,spatial2_ttt,-0.0005271025002002716
1268,quadrants,identity,global_direct,0.0
1268,quadrants,identity,spatial2_direct,-0.00015250220894813538
1268,quadrants,identity,global_discrete,-0.02787788212299347
1268,quadrants,identity,spatial2_discrete,-0.014487151056528091
1268,quadrants,identity,global_ttt,0.00045788660645484924
1268,quadrants,identity,spatial2_ttt,-0.013660434633493423
1268,quadrants,global_direct,spatial2_direct,-0.00015250220894813538
1268,quadrants,global_direct,global_discrete,-0.02787788212299347
1268,quadrants,global_direct,spatial2_discrete,-0.014487151056528091
1268,quadrants,global_direct,global_ttt,0.00045788660645484924
1268,quadrants,global_direct,spatial2_ttt,-0.013660434633493423
1268,quadrants,spatial2_direct,global_discrete,-0.027725379914045334
1268,quadrants,spatial2_direct,spatial2_discrete,-0.014334648847579956
1268,quadrants,spatial2_direct,global_ttt,0.0006103888154029846
1268,quadrants,spatial2_direct,spatial2_ttt,-0.013507932424545288
1268,quadrants,global_discrete,spatial2_discrete,0.013390731066465378
1268,quadrants,global_discrete,global_ttt,0.02833576872944832
1268,quadrants,global_discrete,spatial2_ttt,0.014217447489500046
1268,quadrants,spatial2_discrete,global_ttt,0.01494503766298294
1268,quadrants,spatial2_discrete,spatial2_ttt,0.000826716423034668
1268,quadrants,global_ttt,spatial2_ttt,-0.014118321239948273
1268,smooth_gradient,identity,global_direct,0.0
1268,smooth_gradient,identity,spatial2_direct,0.0
1268,smooth_gradient,identity,global_discrete,0.0
1268,smooth_gradient,identity,spatial2_discrete,0.0
1268,smooth_gradient,identity,global_ttt,0.0
1268,smooth_gradient,identity,spatial2_ttt,0.0
1268,smooth_gradient,global_direct,spatial2_direct,0.0
1268,smooth_gradient,global_direct,global_discrete,0.0
1268,smooth_gradient,global_direct,spatial2_discrete,0.0
1268,smooth_gradient,global_direct,global_ttt,0.0
1268,smooth_gradient,global_direct,spatial2_ttt,0.0
1268,smooth_gradient,spatial2_direct,global_discrete,0.0
1268,smooth_gradient,spatial2_direct,spatial2_discrete,0.0
1268,smooth_gradient,spatial2_direct,global_ttt,0.0
1268,smooth_gradient,spatial2_direct,spatial2_ttt,0.0
1268,smooth_gradient,global_discrete,spatial2_discrete,0.0
1268,smooth_gradient,global_discrete,global_ttt,0.0
1268,smooth_gradient,global_discrete,spatial2_ttt,0.0
1268,smooth_gradient,spatial2_discrete,global_ttt,0.0
1268,smooth_gradient,spatial2_discrete,spatial2_ttt,0.0
1268,smooth_gradient,global_ttt,spatial2_ttt,0.0
1296,clean,identity,global_direct,0.0
1296,clean,identity,spatial2_direct,0.0
1296,clean,identity,global_discrete,0.0
1296,clean,identity,spatial2_discrete,0.0
1296,clean,identity,global_ttt,0.0
1296,clean,identity,spatial2_ttt,0.0
1296,clean,global_direct,spatial2_direct,0.0
1296,clean,global_direct,global_discrete,0.0
1296,clean,global_direct,spatial2_discrete,0.0
1296,clean,global_direct,global_ttt,0.0
1296,clean,global_direct,spatial2_ttt,0.0
1296,clean,spatial2_direct,global_discrete,0.0
1296,clean,spatial2_direct,spatial2_discrete,0.0
1296,clean,spatial2_direct,global_ttt,0.0
1296,clean,spatial2_direct,spatial2_ttt,0.0
1296,clean,global_discrete,spatial2_discrete,0.0
1296,clean,global_discrete,global_ttt,0.0
1296,clean,global_discrete,spatial2_ttt,0.0
1296,clean,spatial2_discrete,global_ttt,0.0
1296,clean,spatial2_discrete,spatial2_ttt,0.0
1296,clean,global_ttt,spatial2_ttt,0.0
1296,homogeneous_bright,identity,global_direct,0.0322320181876421
1296,homogeneous_bright,identity,spatial2_direct,0.028355544432997704
1296,homogeneous_bright,identity,global_discrete,0.033070486038923264
1296,homogeneous_bright,identity,spatial2_discrete,0.02874872088432312
1296,homogeneous_bright,identity,global_ttt,0.028106925077736378
1296,homogeneous_bright,identity,spatial2_ttt,0.027390589006245136
1296,homogeneous_bright,global_direct,spatial2_direct,-0.003876473754644394
1296,homogeneous_bright,global_direct,global_discrete,0.0008384678512811661
1296,homogeneous_bright,global_direct,spatial2_discrete,-0.0034832973033189774
1296,homogeneous_bright,global_direct,global_ttt,-0.00412509310990572
1296,homogeneous_bright,global_direct,spatial2_ttt,-0.004841429181396961
1296,homogeneous_bright,spatial2_direct,global_discrete,0.00471494160592556
1296,homogeneous_bright,spatial2_direct,spatial2_discrete,0.00039317645132541656
1296,homogeneous_bright,spatial2_direct,global_ttt,-0.00024861935526132584
1296,homogeneous_bright,spatial2_direct,spatial2_ttt,-0.0009649554267525673
1296,homogeneous_bright,global_discrete,spatial2_discrete,-0.004321765154600143
1296,homogeneous_bright,global_discrete,global_ttt,-0.004963560961186886
1296,homogeneous_bright,global_discrete,spatial2_ttt,-0.005679897032678127
1296,homogeneous_bright,spatial2_discrete,global_ttt,-0.0006417958065867424
1296,homogeneous_bright,spatial2_discrete,spatial2_ttt,-0.0013581318780779839
1296,homogeneous_bright,global_ttt,spatial2_ttt,-0.0007163360714912415
1296,homogeneous_dark,identity,global_direct,0.03008320927619934
1296,homogeneous_dark,identity,spatial2_direct,0.030344732105731964
1296,homogeneous_dark,identity,global_discrete,0.06816302053630352
1296,homogeneous_dark,identity,spatial2_discrete,0.0640202178619802
1296,homogeneous_dark,identity,global_ttt,0.05989471543580294
1296,homogeneous_dark,identity,spatial2_ttt,0.057941267266869545
1296,homogeneous_dark,global_direct,spatial2_direct,0.0002615228295326233
1296,homogeneous_dark,global_direct,global_discrete,0.03807981126010418
1296,homogeneous_dark,global_direct,spatial2_discrete,0.03393700858578086
1296,homogeneous_dark,global_direct,global_ttt,0.029811506159603596
1296,homogeneous_dark,global_direct,spatial2_ttt,0.027858057990670204
1296,homogeneous_dark,spatial2_direct,global_discrete,0.037818288430571556
1296,homogeneous_dark,spatial2_direct,spatial2_discrete,0.033675485756248236
1296,homogeneous_dark,spatial2_direct,global_ttt,0.029549983330070972
1296,homogeneous_dark,spatial2_direct,spatial2_ttt,0.02759653516113758
1296,homogeneous_dark,global_discrete,spatial2_discrete,-0.00414280267432332
1296,homogeneous_dark,global_discrete,global_ttt,-0.008268305100500584
1296,homogeneous_dark,global_discrete,spatial2_ttt,-0.010221753269433975
1296,homogeneous_dark,spatial2_discrete,global_ttt,-0.004125502426177263
1296,homogeneous_dark,spatial2_discrete,spatial2_ttt,-0.006078950595110655
1296,homogeneous_dark,global_ttt,spatial2_ttt,-0.0019534481689333916
1296,left_right,identity,global_direct,0.0
1296,left_right,identity,spatial2_direct,0.027739200741052628
1296,left_right,identity,global_discrete,-0.010752607136964798
1296,left_right,identity,spatial2_discrete,0.03640793636441231
1296,left_right,identity,global_ttt,0.014512717723846436
1296,left_right,identity,spatial2_ttt,0.03732425253838301
1296,left_right,global_direct,spatial2_direct,0.027739200741052628
1296,left_right,global_direct,global_discrete,-0.010752607136964798
1296,left_right,global_direct,spatial2_discrete,0.03640793636441231
1296,left_right,global_direct,global_ttt,0.014512717723846436
1296,left_right,global_direct,spatial2_ttt,0.03732425253838301
1296,left_right,spatial2_direct,global_discrete,-0.038491807878017426
1296,left_right,spatial2_direct,spatial2_discrete,0.00866873562335968
1296,left_right,spatial2_direct,global_ttt,-0.013226483017206192
1296,left_right,spatial2_direct,spatial2_ttt,0.00958505179733038
1296,left_right,global_discrete,spatial2_discrete,0.047160543501377106
1296,left_right,global_discrete,global_ttt,0.025265324860811234
1296,left_right,global_discrete,spatial2_ttt,0.048076859675347805
1296,left_right,spatial2_discrete,global_ttt,-0.021895218640565872
1296,left_right,spatial2_discrete,spatial2_ttt,0.0009163161739706993
1296,left_right,global_ttt,spatial2_ttt,0.02281153481453657
1296,quadrants,identity,global_direct,3.725290298461914e-09
1296,quadrants,identity,spatial2_direct,0.0212717168033123
1296,quadrants,identity,global_discrete,0.013862095773220062
1296,quadrants,identity,spatial2_discrete,0.027983786538243294
1296,quadrants,identity,global_ttt,0.011401183903217316
1296,quadrants,identity,spatial2_ttt,0.023677587509155273
1296,quadrants,global_direct,spatial2_direct,0.021271713078022003
1296,quadrants,global_direct,global_discrete,0.013862092047929764
1296,quadrants,global_direct,spatial2_discrete,0.027983782812952995
1296,quadrants,global_direct,global_ttt,0.011401180177927017
1296,quadrants,global_direct,spatial2_ttt,0.023677583783864975
1296,quadrants,spatial2_direct,global_discrete,-0.007409621030092239
1296,quadrants,spatial2_direct,spatial2_discrete,0.006712069734930992
1296,quadrants,spatial2_direct,global_ttt,-0.009870532900094986
1296,quadrants,spatial2_direct,spatial2_ttt,0.002405870705842972
1296,quadrants,global_discrete,spatial2_discrete,0.014121690765023232
1296,quadrants,global_discrete,global_ttt,-0.0024609118700027466
1296,quadrants,global_discrete,spatial2_ttt,0.009815491735935211
1296,quadrants,spatial2_discrete,global_ttt,-0.016582602635025978
1296,quadrants,spatial2_discrete,spatial2_ttt,-0.00430619902908802
1296,quadrants,global_ttt,spatial2_ttt,0.012276403605937958
1296,smooth_gradient,identity,global_direct,0.0001230984926223755
1296,smooth_gradient,identity,spatial2_direct,0.003478424623608589
1296,smooth_gradient,identity,global_discrete,-0.014023268595337868
1296,smooth_gradient,identity,spatial2_discrete,-0.008894270285964012
1296,smooth_gradient,identity,global_ttt,-0.0009227897971868515
1296,smooth_gradient,identity,spatial2_ttt,0.00012805499136447906
1296,smooth_gradient,global_direct,spatial2_direct,0.0033553261309862137
1296,smooth_gradient,global_direct,global_discrete,-0.014146367087960243
1296,smooth_gradient,global_direct,spatial2_discrete,-0.009017368778586388
1296,smooth_gradient,global_direct,global_ttt,-0.001045888289809227
1296,smooth_gradient,global_direct,spatial2_ttt,4.956498742103577e-06
1296,smooth_gradient,spatial2_direct,global_discrete,-0.017501693218946457
1296,smooth_gradient,spatial2_direct,spatial2_discrete,-0.012372694909572601
1296,smooth_gradient,spatial2_direct,global_ttt,-0.004401214420795441
1296,smooth_gradient,spatial2_direct,spatial2_ttt,-0.00335036963224411
1296,smooth_gradient,global_discrete,spatial2_discrete,0.005128998309373856
1296,smooth_gradient,global_discrete,global_ttt,0.013100478798151016
1296,smooth_gradient,global_discrete,spatial2_ttt,0.014151323586702347
1296,smooth_gradient,spatial2_discrete,global_ttt,0.00797148048877716
1296,smooth_gradient,spatial2_discrete,spatial2_ttt,0.009022325277328491
1296,smooth_gradient,global_ttt,spatial2_ttt,0.0010508447885513306
1353,clean,identity,global_direct,0.0
1353,clean,identity,spatial2_direct,0.0
1353,clean,identity,global_discrete,0.0
1353,clean,identity,spatial2_discrete,0.0
1353,clean,identity,global_ttt,0.0
1353,clean,identity,spatial2_ttt,0.0
1353,clean,global_direct,spatial2_direct,0.0
1353,clean,global_direct,global_discrete,0.0
1353,clean,global_direct,spatial2_discrete,0.0
1353,clean,global_direct,global_ttt,0.0
1353,clean,global_direct,spatial2_ttt,0.0
1353,clean,spatial2_direct,global_discrete,0.0
1353,clean,spatial2_direct,spatial2_discrete,0.0
1353,clean,spatial2_direct,global_ttt,0.0
1353,clean,spatial2_direct,spatial2_ttt,0.0
1353,clean,global_discrete,spatial2_discrete,0.0
1353,clean,global_discrete,global_ttt,0.0
1353,clean,global_discrete,spatial2_ttt,0.0
1353,clean,spatial2_discrete,global_ttt,0.0
1353,clean,spatial2_discrete,spatial2_ttt,0.0
1353,clean,global_ttt,spatial2_ttt,0.0
1353,homogeneous_bright,identity,global_direct,0.0
1353,homogeneous_bright,identity,spatial2_direct,0.0
1353,homogeneous_bright,identity,global_discrete,0.0
1353,homogeneous_bright,identity,spatial2_discrete,0.0
1353,homogeneous_bright,identity,global_ttt,0.0
1353,homogeneous_bright,identity,spatial2_ttt,0.0
1353,homogeneous_bright,global_direct,spatial2_direct,0.0
1353,homogeneous_bright,global_direct,global_discrete,0.0
1353,homogeneous_bright,global_direct,spatial2_discrete,0.0
1353,homogeneous_bright,global_direct,global_ttt,0.0
1353,homogeneous_bright,global_direct,spatial2_ttt,0.0
1353,homogeneous_bright,spatial2_direct,global_discrete,0.0
1353,homogeneous_bright,spatial2_direct,spatial2_discrete,0.0
1353,homogeneous_bright,spatial2_direct,global_ttt,0.0
1353,homogeneous_bright,spatial2_direct,spatial2_ttt,0.0
1353,homogeneous_bright,global_discrete,spatial2_discrete,0.0
1353,homogeneous_bright,global_discrete,global_ttt,0.0
1353,homogeneous_bright,global_discrete,spatial2_ttt,0.0
1353,homogeneous_bright,spatial2_discrete,global_ttt,0.0
1353,homogeneous_bright,spatial2_discrete,spatial2_ttt,0.0
1353,homogeneous_bright,global_ttt,spatial2_ttt,0.0
1353,homogeneous_dark,identity,global_direct,0.011550289578735828
1353,homogeneous_dark,identity,spatial2_direct,0.009709689766168594
1353,homogeneous_dark,identity,global_discrete,0.026170832570642233
1353,homogeneous_dark,identity,spatial2_discrete,0.022281084209680557
1353,homogeneous_dark,identity,global_ttt,0.019320880994200706
1353,homogeneous_dark,identity,spatial2_ttt,0.018959645181894302
1353,homogeneous_dark,global_direct,spatial2_direct,-0.001840599812567234
1353,homogeneous_dark,global_direct,global_discrete,0.014620542991906404
1353,homogeneous_dark,global_direct,spatial2_discrete,0.010730794630944729
1353,homogeneous_dark,global_direct,global_ttt,0.007770591415464878
1353,homogeneous_dark,global_direct,spatial2_ttt,0.007409355603158474
1353,homogeneous_dark,spatial2_direct,global_discrete,0.01646114280447364
1353,homogeneous_dark,spatial2_direct,spatial2_discrete,0.012571394443511963
1353,homogeneous_dark,spatial2_direct,global_ttt,0.009611191228032112
1353,homogeneous_dark,spatial2_direct,spatial2_ttt,0.009249955415725708
1353,homogeneous_dark,global_discrete,spatial2_discrete,-0.0038897483609616756
1353,homogeneous_dark,global_discrete,global_ttt,-0.006849951576441526
1353,homogeneous_dark,global_discrete,spatial2_ttt,-0.0072111873887479305
1353,homogeneous_dark,spatial2_discrete,global_ttt,-0.0029602032154798508
1353,homogeneous_dark,spatial2_discrete,spatial2_ttt,-0.003321439027786255
1353,homogeneous_dark,global_ttt,spatial2_ttt,-0.0003612358123064041
1353,left_right,identity,global_direct,-0.0032609552145004272
1353,left_right,identity,spatial2_direct,6.066262722015381e-05
1353,left_right,identity,global_discrete,-0.04299616441130638
1353,left_right,identity,spatial2_discrete,-1.8719583749771118e-05
1353,left_right,identity,global_ttt,-0.01597341150045395
1353,left_right,identity,spatial2_ttt,-0.015111412853002548
1353,left_right,global_direct,spatial2_direct,0.003321617841720581
1353,left_right,global_direct,global_discrete,-0.039735209196805954
1353,left_right,global_direct,spatial2_discrete,0.003242235630750656
1353,left_right,global_direct,global_ttt,-0.012712456285953522
1353,left_right,global_direct,spatial2_ttt,-0.011850457638502121
1353,left_right,spatial2_direct,global_discrete,-0.043056827038526535
1353,left_right,spatial2_direct,spatial2_discrete,-7.938221096992493e-05
1353,left_right,spatial2_direct,global_ttt,-0.016034074127674103
1353,left_right,spatial2_direct,spatial2_ttt,-0.015172075480222702
1353,left_right,global_discrete,spatial2_discrete,0.04297744482755661
1353,left_right,global_discrete,global_ttt,0.027022752910852432
1353,left_right,global_discrete,spatial2_ttt,0.027884751558303833
1353,left_right,spatial2_discrete,global_ttt,-0.015954691916704178
1353,left_right,spatial2_discrete,spatial2_ttt,-0.015092693269252777
1353,left_right,global_ttt,spatial2_ttt,0.0008619986474514008
1353,quadrants,identity,global_direct,-0.004197742789983749
1353,quadrants,identity,spatial2_direct,0.002687564119696617
1353,quadrants,identity,global_discrete,-0.03492351062595844
1353,quadrants,identity,spatial2_discrete,-0.043417083099484444
1353,quadrants,identity,global_ttt,-0.011532464995980263
1353,quadrants,identity,spatial2_ttt,-0.010515080764889717
1353,quadrants,global_direct,spatial2_direct,0.0068853069096803665
1353,quadrants,global_direct,global_discrete,-0.030725767835974693
1353,quadrants,global_direct,spatial2_discrete,-0.039219340309500694
1353,quadrants,global_direct,global_ttt,-0.007334722205996513
1353,quadrants,global_direct,spatial2_ttt,-0.006317337974905968
1353,quadrants,spatial2_direct,global_discrete,-0.03761107474565506
1353,quadrants,spatial2_direct,spatial2_discrete,-0.04610464721918106
1353,quadrants,spatial2_direct,global_ttt,-0.01422002911567688
1353,quadrants,spatial2_direct,spatial2_ttt,-0.013202644884586334
1353,quadrants,global_discrete,spatial2_discrete,-0.008493572473526001
1353,quadrants,global_discrete,global_ttt,0.02339104562997818
1353,quadrants,global_discrete,spatial2_ttt,0.024408429861068726
1353,quadrants,spatial2_discrete,global_ttt,0.03188461810350418
1353,quadrants,spatial2_discrete,spatial2_ttt,0.03290200233459473
1353,quadrants,global_ttt,spatial2_ttt,0.0010173842310905457
1353,smooth_gradient,identity,global_direct,0.0
1353,smooth_gradient,identity,spatial2_direct,0.0
1353,smooth_gradient,identity,global_discrete,0.0
1353,smooth_gradient,identity,spatial2_discrete,0.0
1353,smooth_gradient,identity,global_ttt,0.0
1353,smooth_gradient,identity,spatial2_ttt,0.0
1353,smooth_gradient,global_direct,spatial2_direct,0.0
1353,smooth_gradient,global_direct,global_discrete,0.0
1353,smooth_gradient,global_direct,spatial2_discrete,0.0
1353,smooth_gradient,global_direct,global_ttt,0.0
1353,smooth_gradient,global_direct,spatial2_ttt,0.0
1353,smooth_gradient,spatial2_direct,global_discrete,0.0
1353,smooth_gradient,spatial2_direct,spatial2_discrete,0.0
1353,smooth_gradient,spatial2_direct,global_ttt,0.0
1353,smooth_gradient,spatial2_direct,spatial2_ttt,0.0
1353,smooth_gradient,global_discrete,spatial2_discrete,0.0
1353,smooth_gradient,global_discrete,global_ttt,0.0
1353,smooth_gradient,global_discrete,spatial2_ttt,0.0
1353,smooth_gradient,spatial2_discrete,global_ttt,0.0
1353,smooth_gradient,spatial2_discrete,spatial2_ttt,0.0
1353,smooth_gradient,global_ttt,spatial2_ttt,0.0
1425,clean,identity,global_direct,0.0
1425,clean,identity,spatial2_direct,0.0
1425,clean,identity,global_discrete,0.0
1425,clean,identity,spatial2_discrete,0.0
1425,clean,identity,global_ttt,0.0
1425,clean,identity,spatial2_ttt,0.0
1425,clean,global_direct,spatial2_direct,0.0
1425,clean,global_direct,global_discrete,0.0
1425,clean,global_direct,spatial2_discrete,0.0
1425,clean,global_direct,global_ttt,0.0
1425,clean,global_direct,spatial2_ttt,0.0
1425,clean,spatial2_direct,global_discrete,0.0
1425,clean,spatial2_direct,spatial2_discrete,0.0
1425,clean,spatial2_direct,global_ttt,0.0
1425,clean,spatial2_direct,spatial2_ttt,0.0
1425,clean,global_discrete,spatial2_discrete,0.0
1425,clean,global_discrete,global_ttt,0.0
1425,clean,global_discrete,spatial2_ttt,0.0
1425,clean,spatial2_discrete,global_ttt,0.0
1425,clean,spatial2_discrete,spatial2_ttt,0.0
1425,clean,global_ttt,spatial2_ttt,0.0
1425,homogeneous_bright,identity,global_direct,0.030703814700245857
1425,homogeneous_bright,identity,spatial2_direct,0.020301353186368942
1425,homogeneous_bright,identity,global_discrete,0.030893231742084026
1425,homogeneous_bright,identity,spatial2_discrete,0.02219531498849392
1425,homogeneous_bright,identity,global_ttt,0.027970452792942524
1425,homogeneous_bright,identity,spatial2_ttt,0.0267897080630064
1425,homogeneous_bright,global_direct,spatial2_direct,-0.010402461513876915
1425,homogeneous_bright,global_direct,global_discrete,0.0001894170418381691
1425,homogeneous_bright,global_direct,spatial2_discrete,-0.008508499711751938
1425,homogeneous_bright,global_direct,global_ttt,-0.0027333619073033333
1425,homogeneous_bright,global_direct,spatial2_ttt,-0.003914106637239456
1425,homogeneous_bright,spatial2_direct,global_discrete,0.010591878555715084
1425,homogeneous_bright,spatial2_direct,spatial2_discrete,0.0018939618021249771
1425,homogeneous_bright,spatial2_direct,global_ttt,0.007669099606573582
1425,homogeneous_bright,spatial2_direct,spatial2_ttt,0.006488354876637459
1425,homogeneous_bright,global_discrete,spatial2_discrete,-0.008697916753590107
1425,homogeneous_bright,global_discrete,global_ttt,-0.0029227789491415024
1425,homogeneous_bright,global_discrete,spatial2_ttt,-0.004103523679077625
1425,homogeneous_bright,spatial2_discrete,global_ttt,0.005775137804448605
1425,homogeneous_bright,spatial2_discrete,spatial2_ttt,0.004594393074512482
1425,homogeneous_bright,global_ttt,spatial2_ttt,-0.001180744729936123
1425,homogeneous_dark,identity,global_direct,0.06650429591536522
1425,homogeneous_dark,identity,spatial2_direct,0.06650429591536522
1425,homogeneous_dark,identity,global_discrete,0.11646376841235906
1425,homogeneous_dark,identity,spatial2_discrete,0.11646376841235906
1425,homogeneous_dark,identity,global_ttt,0.11020990833640099
1425,homogeneous_dark,identity,spatial2_ttt,0.10839675832539797
1425,homogeneous_dark,global_direct,spatial2_direct,0.0
1425,homogeneous_dark,global_direct,global_discrete,0.04995947249699384
1425,homogeneous_dark,global_direct,spatial2_discrete,0.04995947249699384
1425,homogeneous_dark,global_direct,global_ttt,0.04370561242103577
1425,homogeneous_dark,global_direct,spatial2_ttt,0.04189246241003275
1425,homogeneous_dark,spatial2_direct,global_discrete,0.04995947249699384
1425,homogeneous_dark,spatial2_direct,spatial2_discrete,0.04995947249699384
1425,homogeneous_dark,spatial2_direct,global_ttt,0.04370561242103577
1425,homogeneous_dark,spatial2_direct,spatial2_ttt,0.04189246241003275
1425,homogeneous_dark,global_discrete,spatial2_discrete,0.0
1425,homogeneous_dark,global_discrete,global_ttt,-0.006253860075958073
1425,homogeneous_dark,global_discrete,spatial2_ttt,-0.00806701008696109
1425,homogeneous_dark,spatial2_discrete,global_ttt,-0.006253860075958073
1425,homogeneous_dark,spatial2_discrete,spatial2_ttt,-0.00806701008696109
1425,homogeneous_dark,global_ttt,spatial2_ttt,-0.0018131500110030174
1425,left_right,identity,global_direct,0.0027836859226226807
1425,left_right,identity,spatial2_direct,0.04062873125076294
1425,left_right,identity,global_discrete,0.021293923258781433
1425,left_right,identity,spatial2_discrete,0.07668749801814556
1425,left_right,identity,global_ttt,0.028398960828781128
1425,left_right,identity,spatial2_ttt,0.0713594201952219
1425,left_right,global_direct,spatial2_direct,0.03784504532814026
1425,left_right,global_direct,global_discrete,0.018510237336158752
1425,left_right,global_direct,spatial2_discrete,0.07390381209552288
1425,left_right,global_direct,global_ttt,0.025615274906158447
1425,left_right,global_direct,spatial2_ttt,0.06857573427259922
1425,left_right,spatial2_direct,global_discrete,-0.019334807991981506
1425,left_right,spatial2_direct,spatial2_discrete,0.03605876676738262
1425,left_right,spatial2_direct,global_ttt,-0.012229770421981812
1425,left_right,spatial2_direct,spatial2_ttt,0.03073068894445896
1425,left_right,global_discrete,spatial2_discrete,0.05539357475936413
1425,left_right,global_discrete,global_ttt,0.007105037569999695
1425,left_right,global_discrete,spatial2_ttt,0.05006549693644047
1425,left_right,spatial2_discrete,global_ttt,-0.04828853718936443
1425,left_right,spatial2_discrete,spatial2_ttt,-0.00532807782292366
1425,left_right,global_ttt,spatial2_ttt,0.04296045936644077
1425,quadrants,identity,global_direct,0.007185585796833038
1425,quadrants,identity,spatial2_direct,0.029723040759563446
1425,quadrants,identity,global_discrete,0.02257729321718216
1425,quadrants,identity,spatial2_discrete,0.02257729321718216
1425,quadrants,identity,global_ttt,0.012971527874469757
1425,quadrants,identity,spatial2_ttt,0.02577734738588333
1425,quadrants,global_direct,spatial2_direct,0.022537454962730408
1425,quadrants,global_direct,global_discrete,0.015391707420349121
1425,quadrants,global_direct,spatial2_discrete,0.015391707420349121
1425,quadrants,global_direct,global_ttt,0.005785942077636719
1425,quadrants,global_direct,spatial2_ttt,0.018591761589050293
1425,quadrants,spatial2_direct,global_discrete,-0.007145747542381287
1425,quadrants,spatial2_direct,spatial2_discrete,-0.007145747542381287
1425,quadrants,spatial2_direct,global_ttt,-0.01675151288509369
1425,quadrants,spatial2_direct,spatial2_ttt,-0.003945693373680115
1425,quadrants,global_discrete,spatial2_discrete,0.0
1425,quadrants,global_discrete,global_ttt,-0.009605765342712402
1425,quadrants,global_discrete,spatial2_ttt,0.003200054168701172
1425,quadrants,spatial2_discrete,global_ttt,-0.009605765342712402
1425,quadrants,spatial2_discrete,spatial2_ttt,0.003200054168701172
1425,quadrants,global_ttt,spatial2_ttt,0.012805819511413574
1425,smooth_gradient,identity,global_direct,0.0
1425,smooth_gradient,identity,spatial2_direct,0.0
1425,smooth_gradient,identity,global_discrete,0.0
1425,smooth_gradient,identity,spatial2_discrete,0.0
1425,smooth_gradient,identity,global_ttt,0.0
1425,smooth_gradient,identity,spatial2_ttt,0.0
1425,smooth_gradient,global_direct,spatial2_direct,0.0
1425,smooth_gradient,global_direct,global_discrete,0.0
1425,smooth_gradient,global_direct,spatial2_discrete,0.0
1425,smooth_gradient,global_direct,global_ttt,0.0
1425,smooth_gradient,global_direct,spatial2_ttt,0.0
1425,smooth_gradient,spatial2_direct,global_discrete,0.0
1425,smooth_gradient,spatial2_direct,spatial2_discrete,0.0
1425,smooth_gradient,spatial2_direct,global_ttt,0.0
1425,smooth_gradient,spatial2_direct,spatial2_ttt,0.0
1425,smooth_gradient,global_discrete,spatial2_discrete,0.0
1425,smooth_gradient,global_discrete,global_ttt,0.0
1425,smooth_gradient,global_discrete,spatial2_ttt,0.0
1425,smooth_gradient,spatial2_discrete,global_ttt,0.0
1425,smooth_gradient,spatial2_discrete,spatial2_ttt,0.0
1425,smooth_gradient,global_ttt,spatial2_ttt,0.0
1532,clean,identity,global_direct,0.0
1532,clean,identity,spatial2_direct,0.0
1532,clean,identity,global_discrete,0.0
1532,clean,identity,spatial2_discrete,0.0
1532,clean,identity,global_ttt,0.0
1532,clean,identity,spatial2_ttt,0.0
1532,clean,global_direct,spatial2_direct,0.0
1532,clean,global_direct,global_discrete,0.0
1532,clean,global_direct,spatial2_discrete,0.0
1532,clean,global_direct,global_ttt,0.0
1532,clean,global_direct,spatial2_ttt,0.0
1532,clean,spatial2_direct,global_discrete,0.0
1532,clean,spatial2_direct,spatial2_discrete,0.0
1532,clean,spatial2_direct,global_ttt,0.0
1532,clean,spatial2_direct,spatial2_ttt,0.0
1532,clean,global_discrete,spatial2_discrete,0.0
1532,clean,global_discrete,global_ttt,0.0
1532,clean,global_discrete,spatial2_ttt,0.0
1532,clean,spatial2_discrete,global_ttt,0.0
1532,clean,spatial2_discrete,spatial2_ttt,0.0
1532,clean,global_ttt,spatial2_ttt,0.0
1532,homogeneous_bright,identity,global_direct,0.03649497963488102
1532,homogeneous_bright,identity,spatial2_direct,0.02726733684539795
1532,homogeneous_bright,identity,global_discrete,0.04312775144353509
1532,homogeneous_bright,identity,spatial2_discrete,0.004800792783498764
1532,homogeneous_bright,identity,global_ttt,0.018467523157596588
1532,homogeneous_bright,identity,spatial2_ttt,0.020107468590140343
1532,homogeneous_bright,global_direct,spatial2_direct,-0.00922764278948307
1532,homogeneous_bright,global_direct,global_discrete,0.00663277180865407
1532,homogeneous_bright,global_direct,spatial2_discrete,-0.031694186851382256
1532,homogeneous_bright,global_direct,global_ttt,-0.01802745647728443
1532,homogeneous_bright,global_direct,spatial2_ttt,-0.016387511044740677
1532,homogeneous_bright,spatial2_direct,global_discrete,0.01586041459813714
1532,homogeneous_bright,spatial2_direct,spatial2_discrete,-0.022466544061899185
1532,homogeneous_bright,spatial2_direct,global_ttt,-0.008799813687801361
1532,homogeneous_bright,spatial2_direct,spatial2_ttt,-0.0071598682552576065
1532,homogeneous_bright,global_discrete,spatial2_discrete,-0.038326958660036325
1532,homogeneous_bright,global_discrete,global_ttt,-0.0246602282859385
1532,homogeneous_bright,global_discrete,spatial2_ttt,-0.023020282853394747
1532,homogeneous_bright,spatial2_discrete,global_ttt,0.013666730374097824
1532,homogeneous_bright,spatial2_discrete,spatial2_ttt,0.015306675806641579
1532,homogeneous_bright,global_ttt,spatial2_ttt,0.0016399454325437546
1532,homogeneous_dark,identity,global_direct,0.0
1532,homogeneous_dark,identity,spatial2_direct,0.0
1532,homogeneous_dark,identity,global_discrete,0.0
1532,homogeneous_dark,identity,spatial2_discrete,0.0
1532,homogeneous_dark,identity,global_ttt,0.0
1532,homogeneous_dark,identity,spatial2_ttt,0.0
1532,homogeneous_dark,global_direct,spatial2_direct,0.0
1532,homogeneous_dark,global_direct,global_discrete,0.0
1532,homogeneous_dark,global_direct,spatial2_discrete,0.0
1532,homogeneous_dark,global_direct,global_ttt,0.0
1532,homogeneous_dark,global_direct,spatial2_ttt,0.0
1532,homogeneous_dark,spatial2_direct,global_discrete,0.0
1532,homogeneous_dark,spatial2_direct,spatial2_discrete,0.0
1532,homogeneous_dark,spatial2_direct,global_ttt,0.0
1532,homogeneous_dark,spatial2_direct,spatial2_ttt,0.0
1532,homogeneous_dark,global_discrete,spatial2_discrete,0.0
1532,homogeneous_dark,global_discrete,global_ttt,0.0
1532,homogeneous_dark,global_discrete,spatial2_ttt,0.0
1532,homogeneous_dark,spatial2_discrete,global_ttt,0.0
1532,homogeneous_dark,spatial2_discrete,spatial2_ttt,0.0
1532,homogeneous_dark,global_ttt,spatial2_ttt,0.0
1532,left_right,identity,global_direct,0.003837771713733673
1532,left_right,identity,spatial2_direct,0.010746218264102936
1532,left_right,identity,global_discrete,-0.006858117878437042
1532,left_right,identity,spatial2_discrete,-0.02323833853006363
1532,left_right,identity,global_ttt,0.007146097719669342
1532,left_right,identity,spatial2_ttt,0.006961740553379059
1532,left_right,global_direct,spatial2_direct,0.006908446550369263
1532,left_right,global_direct,global_discrete,-0.010695889592170715
1532,left_right,global_direct,spatial2_discrete,-0.027076110243797302
1532,left_right,global_direct,global_ttt,0.003308326005935669
1532,left_right,global_direct,spatial2_ttt,0.0031239688396453857
1532,left_right,spatial2_direct,global_discrete,-0.017604336142539978
1532,left_right,spatial2_direct,spatial2_discrete,-0.033984556794166565
1532,left_right,spatial2_direct,global_ttt,-0.0036001205444335938
1532,left_right,spatial2_direct,spatial2_ttt,-0.003784477710723877
1532,left_right,global_discrete,spatial2_discrete,-0.016380220651626587
1532,left_right,global_discrete,global_ttt,0.014004215598106384
1532,left_right,global_discrete,spatial2_ttt,0.013819858431816101
1532,left_right,spatial2_discrete,global_ttt,0.03038443624973297
1532,left_right,spatial2_discrete,spatial2_ttt,0.030200079083442688
1532,left_right,global_ttt,spatial2_ttt,-0.0001843571662902832
1532,quadrants,identity,global_direct,0.004013285040855408
1532,quadrants,identity,spatial2_direct,0.00907886028289795
1532,quadrants,identity,global_discrete,-0.006434552371501923
1532,quadrants,identity,spatial2_discrete,-0.0216524600982666
1532,quadrants,identity,global_ttt,0.00726715475320816
1532,quadrants,identity,spatial2_ttt,0.004452459514141083
1532,quadrants,global_direct,spatial2_direct,0.0050655752420425415
1532,quadrants,global_direct,global_discrete,-0.01044783741235733
1532,quadrants,global_direct,spatial2_discrete,-0.02566574513912201
1532,quadrants,global_direct,global_ttt,0.0032538697123527527
1532,quadrants,global_direct,spatial2_ttt,0.00043917447328567505
1532,quadrants,spatial2_direct,global_discrete,-0.015513412654399872
1532,quadrants,spatial2_direct,spatial2_discrete,-0.03073132038116455
1532,quadrants,spatial2_direct,global_ttt,-0.0018117055296897888
1532,quadrants,spatial2_direct,spatial2_ttt,-0.0046264007687568665
1532,quadrants,global_discrete,spatial2_discrete,-0.015217907726764679
1532,quadrants,global_discrete,global_ttt,0.013701707124710083
1532,quadrants,global_discrete,spatial2_ttt,0.010887011885643005
1532,quadrants,spatial2_discrete,global_ttt,0.028919614851474762
1532,quadrants,spatial2_discrete,spatial2_ttt,0.026104919612407684
1532,quadrants,global_ttt,spatial2_ttt,-0.0028146952390670776
1532,smooth_gradient,identity,global_direct,0.0
1532,smooth_gradient,identity,spatial2_direct,0.0
1532,smooth_gradient,identity,global_discrete,0.0
1532,smooth_gradient,identity,spatial2_discrete,0.0
1532,smooth_gradient,identity,global_ttt,0.0
1532,smooth_gradient,identity,spatial2_ttt,0.0
1532,smooth_gradient,global_direct,spatial2_direct,0.0
1532,smooth_gradient,global_direct,global_discrete,0.0
1532,smooth_gradient,global_direct,spatial2_discrete,0.0
1532,smooth_gradient,global_direct,global_ttt,0.0
1532,smooth_gradient,global_direct,spatial2_ttt,0.0
1532,smooth_gradient,spatial2_direct,global_discrete,0.0
1532,smooth_gradient,spatial2_direct,spatial2_discrete,0.0
1532,smooth_gradient,spatial2_direct,global_ttt,0.0
1532,smooth_gradient,spatial2_direct,spatial2_ttt,0.0
1532,smooth_gradient,global_discrete,spatial2_discrete,0.0
1532,smooth_gradient,global_discrete,global_ttt,0.0
1532,smooth_gradient,global_discrete,spatial2_ttt,0.0
1532,smooth_gradient,spatial2_discrete,global_ttt,0.0
1532,smooth_gradient,spatial2_discrete,spatial2_ttt,0.0
1532,smooth_gradient,global_ttt,spatial2_ttt,0.0
1584,clean,identity,global_direct,0.0
1584,clean,identity,spatial2_direct,0.0
1584,clean,identity,global_discrete,0.0
1584,clean,identity,spatial2_discrete,0.0
1584,clean,identity,global_ttt,0.0
1584,clean,identity,spatial2_ttt,0.0
1584,clean,global_direct,spatial2_direct,0.0
1584,clean,global_direct,global_discrete,0.0
1584,clean,global_direct,spatial2_discrete,0.0
1584,clean,global_direct,global_ttt,0.0
1584,clean,global_direct,spatial2_ttt,0.0
1584,clean,spatial2_direct,global_discrete,0.0
1584,clean,spatial2_direct,spatial2_discrete,0.0
1584,clean,spatial2_direct,global_ttt,0.0
1584,clean,spatial2_direct,spatial2_ttt,0.0
1584,clean,global_discrete,spatial2_discrete,0.0
1584,clean,global_discrete,global_ttt,0.0
1584,clean,global_discrete,spatial2_ttt,0.0
1584,clean,spatial2_discrete,global_ttt,0.0
1584,clean,spatial2_discrete,spatial2_ttt,0.0
1584,clean,global_ttt,spatial2_ttt,0.0
1584,homogeneous_bright,identity,global_direct,0.032572186551988125
1584,homogeneous_bright,identity,spatial2_direct,0.026311242952942848
1584,homogeneous_bright,identity,global_discrete,0.04245752212591469
1584,homogeneous_bright,identity,spatial2_discrete,0.024494832381606102
1584,homogeneous_bright,identity,global_ttt,0.016144704073667526
1584,homogeneous_bright,identity,spatial2_ttt,0.016234535723924637
1584,homogeneous_bright,global_direct,spatial2_direct,-0.006260943599045277
1584,homogeneous_bright,global_direct,global_discrete,0.009885335573926568
1584,homogeneous_bright,global_direct,spatial2_discrete,-0.008077354170382023
1584,homogeneous_bright,global_direct,global_ttt,-0.0164274824783206
1584,homogeneous_bright,global_direct,spatial2_ttt,-0.016337650828063488
1584,homogeneous_bright,spatial2_direct,global_discrete,0.016146279172971845
1584,homogeneous_bright,spatial2_direct,spatial2_discrete,-0.0018164105713367462
1584,homogeneous_bright,spatial2_direct,global_ttt,-0.010166538879275322
1584,homogeneous_bright,spatial2_direct,spatial2_ttt,-0.010076707229018211
1584,homogeneous_bright,global_discrete,spatial2_discrete,-0.01796268974430859
1584,homogeneous_bright,global_discrete,global_ttt,-0.026312818052247167
1584,homogeneous_bright,global_discrete,spatial2_ttt,-0.026222986401990056
1584,homogeneous_bright,spatial2_discrete,global_ttt,-0.008350128307938576
1584,homogeneous_bright,spatial2_discrete,spatial2_ttt,-0.008260296657681465
1584,homogeneous_bright,global_ttt,spatial2_ttt,8.98316502571106e-05
1584,homogeneous_dark,identity,global_direct,0.036665866151452065
1584,homogeneous_dark,identity,spatial2_direct,0.036665866151452065
1584,homogeneous_dark,identity,global_discrete,0.0635409860406071
1584,homogeneous_dark,identity,spatial2_discrete,0.06383600737899542
1584,homogeneous_dark,identity,global_ttt,0.06275418354198337
1584,homogeneous_dark,identity,spatial2_ttt,0.06283465819433331
1584,homogeneous_dark,global_direct,spatial2_direct,0.0
1584,homogeneous_dark,global_direct,global_discrete,0.02687511988915503
1584,homogeneous_dark,global_direct,spatial2_discrete,0.027170141227543354
1584,homogeneous_dark,global_direct,global_ttt,0.0260883173905313
1584,homogeneous_dark,global_direct,spatial2_ttt,0.02616879204288125
1584,homogeneous_dark,spatial2_direct,global_discrete,0.02687511988915503
1584,homogeneous_dark,spatial2_direct,spatial2_discrete,0.027170141227543354
1584,homogeneous_dark,spatial2_direct,global_ttt,0.0260883173905313
1584,homogeneous_dark,spatial2_direct,spatial2_ttt,0.02616879204288125
1584,homogeneous_dark,global_discrete,spatial2_discrete,0.0002950213383883238
1584,homogeneous_dark,global_discrete,global_ttt,-0.0007868024986237288
1584,homogeneous_dark,global_discrete,spatial2_ttt,-0.0007063278462737799
1584,homogeneous_dark,spatial2_discrete,global_ttt,-0.0010818238370120525
1584,homogeneous_dark,spatial2_discrete,spatial2_ttt,-0.0010013491846621037
1584,homogeneous_dark,global_ttt,spatial2_ttt,8.047465234994888e-05
1584,left_right,identity,global_direct,-0.0024225153028964996
1584,left_right,identity,spatial2_direct,0.025294829159975052
1584,left_right,identity,global_discrete,0.005893915891647339
1584,left_right,identity,spatial2_discrete,0.04514907207340002
1584,left_right,identity,global_ttt,0.006257388740777969
1584,left_right,identity,spatial2_ttt,0.040538378059864044
1584,left_right,global_direct,spatial2_direct,0.02771734446287155
1584,left_right,global_direct,global_discrete,0.008316431194543839
1584,left_right,global_direct,spatial2_discrete,0.04757158737629652
1584,left_right,global_direct,global_ttt,0.008679904043674469
1584,left_right,global_direct,spatial2_ttt,0.042960893362760544
1584,left_right,spatial2_direct,global_discrete,-0.019400913268327713
1584,left_right,spatial2_direct,spatial2_discrete,0.01985424291342497
1584,left_right,spatial2_direct,global_ttt,-0.019037440419197083
1584,left_right,spatial2_direct,spatial2_ttt,0.015243548899888992
1584,left_right,global_discrete,spatial2_discrete,0.03925515618175268
1584,left_right,global_discrete,global_ttt,0.0003634728491306305
1584,left_right,global_discrete,spatial2_ttt,0.034644462168216705
1584,left_right,spatial2_discrete,global_ttt,-0.03889168333262205
1584,left_right,spatial2_discrete,spatial2_ttt,-0.004610694013535976
1584,left_right,global_ttt,spatial2_ttt,0.034280989319086075
1584,quadrants,identity,global_direct,-0.0024781040847301483
1584,quadrants,identity,spatial2_direct,0.02158316969871521
1584,quadrants,identity,global_discrete,0.005807388573884964
1584,quadrants,identity,spatial2_discrete,0.0019284933805465698
1584,quadrants,identity,global_ttt,0.006295561790466309
1584,quadrants,identity,spatial2_ttt,-0.002696596086025238
1584,quadrants,global_direct,spatial2_direct,0.02406127378344536
1584,quadrants,global_direct,global_discrete,0.008285492658615112
1584,quadrants,global_direct,spatial2_discrete,0.004406597465276718
1584,quadrants,global_direct,global_ttt,0.008773665875196457
1584,quadrants,global_direct,spatial2_ttt,-0.00021849200129508972
1584,quadrants,spatial2_direct,global_discrete,-0.015775781124830246
1584,quadrants,spatial2_direct,spatial2_discrete,-0.01965467631816864
1584,quadrants,spatial2_direct,global_ttt,-0.015287607908248901
1584,quadrants,spatial2_direct,spatial2_ttt,-0.024279765784740448
1584,quadrants,global_discrete,spatial2_discrete,-0.003878895193338394
1584,quadrants,global_discrete,global_ttt,0.0004881732165813446
1584,quadrants,global_discrete,spatial2_ttt,-0.008503984659910202
1584,quadrants,spatial2_discrete,global_ttt,0.004367068409919739
1584,quadrants,spatial2_discrete,spatial2_ttt,-0.004625089466571808
1584,quadrants,global_ttt,spatial2_ttt,-0.008992157876491547
1584,smooth_gradient,identity,global_direct,0.0
1584,smooth_gradient,identity,spatial2_direct,0.0
1584,smooth_gradient,identity,global_discrete,0.0
1584,smooth_gradient,identity,spatial2_discrete,0.0
1584,smooth_gradient,identity,global_ttt,0.0
1584,smooth_gradient,identity,spatial2_ttt,0.0
1584,smooth_gradient,global_direct,spatial2_direct,0.0
1584,smooth_gradient,global_direct,global_discrete,0.0
1584,smooth_gradient,global_direct,spatial2_discrete,0.0
1584,smooth_gradient,global_direct,global_ttt,0.0
1584,smooth_gradient,global_direct,spatial2_ttt,0.0
1584,smooth_gradient,spatial2_direct,global_discrete,0.0
1584,smooth_gradient,spatial2_direct,spatial2_discrete,0.0
1584,smooth_gradient,spatial2_direct,global_ttt,0.0
1584,smooth_gradient,spatial2_direct,spatial2_ttt,0.0
1584,smooth_gradient,global_discrete,spatial2_discrete,0.0
1584,smooth_gradient,global_discrete,global_ttt,0.0
1584,smooth_gradient,global_discrete,spatial2_ttt,0.0
1584,smooth_gradient,spatial2_discrete,global_ttt,0.0
1584,smooth_gradient,spatial2_discrete,spatial2_ttt,0.0
1584,smooth_gradient,global_ttt,spatial2_ttt,0.0
1675,clean,identity,global_direct,0.0
1675,clean,identity,spatial2_direct,0.0
1675,clean,identity,global_discrete,0.0
1675,clean,identity,spatial2_discrete,0.0
1675,clean,identity,global_ttt,0.0
1675,clean,identity,spatial2_ttt,0.0
1675,clean,global_direct,spatial2_direct,0.0
1675,clean,global_direct,global_discrete,0.0
1675,clean,global_direct,spatial2_discrete,0.0
1675,clean,global_direct,global_ttt,0.0
1675,clean,global_direct,spatial2_ttt,0.0
1675,clean,spatial2_direct,global_discrete,0.0
1675,clean,spatial2_direct,spatial2_discrete,0.0
1675,clean,spatial2_direct,global_ttt,0.0
1675,clean,spatial2_direct,spatial2_ttt,0.0
1675,clean,global_discrete,spatial2_discrete,0.0
1675,clean,global_discrete,global_ttt,0.0
1675,clean,global_discrete,spatial2_ttt,0.0
1675,clean,spatial2_discrete,global_ttt,0.0
1675,clean,spatial2_discrete,spatial2_ttt,0.0
1675,clean,global_ttt,spatial2_ttt,0.0
1675,homogeneous_bright,identity,global_direct,0.017153575085103512
1675,homogeneous_bright,identity,spatial2_direct,0.003464082255959511
1675,homogeneous_bright,identity,global_discrete,0.014110111631453037
1675,homogeneous_bright,identity,spatial2_discrete,0.003302035853266716
1675,homogeneous_bright,identity,global_ttt,0.008977362886071205
1675,homogeneous_bright,identity,spatial2_ttt,0.005913296714425087
1675,homogeneous_bright,global_direct,spatial2_direct,-0.013689492829144001
1675,homogeneous_bright,global_direct,global_discrete,-0.0030434634536504745
1675,homogeneous_bright,global_direct,spatial2_discrete,-0.013851539231836796
1675,homogeneous_bright,global_direct,global_ttt,-0.008176212199032307
1675,homogeneous_bright,global_direct,spatial2_ttt,-0.011240278370678425
1675,homogeneous_bright,spatial2_direct,global_discrete,0.010646029375493526
1675,homogeneous_bright,spatial2_direct,spatial2_discrete,-0.0001620464026927948
1675,homogeneous_bright,spatial2_direct,global_ttt,0.005513280630111694
1675,homogeneous_bright,spatial2_direct,spatial2_ttt,0.002449214458465576
1675,homogeneous_bright,global_discrete,spatial2_discrete,-0.010808075778186321
1675,homogeneous_bright,global_discrete,global_ttt,-0.005132748745381832
1675,homogeneous_bright,global_discrete,spatial2_ttt,-0.00819681491702795
1675,homogeneous_bright,spatial2_discrete,global_ttt,0.005675327032804489
1675,homogeneous_bright,spatial2_discrete,spatial2_ttt,0.002611260861158371
1675,homogeneous_bright,global_ttt,spatial2_ttt,-0.003064066171646118
1675,homogeneous_dark,identity,global_direct,0.010366342961788177
1675,homogeneous_dark,identity,spatial2_direct,0.012866288423538208
1675,homogeneous_dark,identity,global_discrete,0.07028217450715601
1675,homogeneous_dark,identity,spatial2_discrete,0.04163233935832977
1675,homogeneous_dark,identity,global_ttt,0.046811144798994064
1675,homogeneous_dark,identity,spatial2_ttt,0.018223389983177185
1675,homogeneous_dark,global_direct,spatial2_direct,0.0024999454617500305
1675,homogeneous_dark,global_direct,global_discrete,0.05991583154536784
1675,homogeneous_dark,global_direct,spatial2_discrete,0.031265996396541595
1675,homogeneous_dark,global_direct,global_ttt,0.03644480183720589
1675,homogeneous_dark,global_direct,spatial2_ttt,0.007857047021389008
1675,homogeneous_dark,spatial2_direct,global_discrete,0.057415886083617806
1675,homogeneous_dark,spatial2_direct,spatial2_discrete,0.028766050934791565
1675,homogeneous_dark,spatial2_direct,global_ttt,0.033944856375455856
1675,homogeneous_dark,spatial2_direct,spatial2_ttt,0.005357101559638977
1675,homogeneous_dark,global_discrete,spatial2_discrete,-0.02864983514882624
1675,homogeneous_dark,global_discrete,global_ttt,-0.02347102970816195
1675,homogeneous_dark,global_discrete,spatial2_ttt,-0.05205878452397883
1675,homogeneous_dark,spatial2_discrete,global_ttt,0.005178805440664291
1675,homogeneous_dark,spatial2_discrete,spatial2_ttt,-0.023408949375152588
1675,homogeneous_dark,global_ttt,spatial2_ttt,-0.02858775481581688
1675,left_right,identity,global_direct,0.00011562928557395935
1675,left_right,identity,spatial2_direct,0.00014184415340423584
1675,left_right,identity,global_discrete,0.003123816102743149
1675,left_right,identity,spatial2_discrete,-0.016369584947824478
1675,left_right,identity,global_ttt,0.0033686943352222443
1675,left_right,identity,spatial2_ttt,-0.024020444601774216
1675,left_right,global_direct,spatial2_direct,2.621486783027649e-05
1675,left_right,global_direct,global_discrete,0.0030081868171691895
1675,left_right,global_direct,spatial2_discrete,-0.016485214233398438
1675,left_right,global_direct,global_ttt,0.003253065049648285
1675,left_right,global_direct,spatial2_ttt,-0.024136073887348175
1675,left_right,spatial2_direct,global_discrete,0.002981971949338913
1675,left_right,spatial2_direct,spatial2_discrete,-0.016511429101228714
1675,left_right,spatial2_direct,global_ttt,0.0032268501818180084
1675,left_right,spatial2_direct,spatial2_ttt,-0.02416228875517845
1675,left_right,global_discrete,spatial2_discrete,-0.019493401050567627
1675,left_right,global_discrete,global_ttt,0.00024487823247909546
1675,left_right,global_discrete,spatial2_ttt,-0.027144260704517365
1675,left_right,spatial2_discrete,global_ttt,0.019738279283046722
1675,left_right,spatial2_discrete,spatial2_ttt,-0.0076508596539497375
1675,left_right,global_ttt,spatial2_ttt,-0.02738913893699646
1675,quadrants,identity,global_direct,0.0022693611681461334
1675,quadrants,identity,spatial2_direct,-0.000567462295293808
1675,quadrants,identity,global_discrete,0.006133336573839188
1675,quadrants,identity,spatial2_discrete,-0.009785681962966919
1675,quadrants,identity,global_ttt,0.006296493113040924
1675,quadrants,identity,spatial2_ttt,-0.016284197568893433
1675,quadrants,global_direct,spatial2_direct,-0.0028368234634399414
1675,quadrants,global_direct,global_discrete,0.003863975405693054
1675,quadrants,global_direct,spatial2_discrete,-0.012055043131113052
1675,quadrants,global_direct,global_ttt,0.004027131944894791
1675,quadrants,global_direct,spatial2_ttt,-0.018553558737039566
1675,quadrants,spatial2_direct,global_discrete,0.006700798869132996
1675,quadrants,spatial2_direct,spatial2_discrete,-0.009218219667673111
1675,quadrants,spatial2_direct,global_ttt,0.006863955408334732
1675,quadrants,spatial2_direct,spatial2_ttt,-0.015716735273599625
1675,quadrants,global_discrete,spatial2_discrete,-0.015919018536806107
1675,quadrants,global_discrete,global_ttt,0.00016315653920173645
1675,quadrants,global_discrete,spatial2_ttt,-0.02241753414273262
1675,quadrants,spatial2_discrete,global_ttt,0.016082175076007843
1675,quadrants,spatial2_discrete,spatial2_ttt,-0.006498515605926514
1675,quadrants,global_ttt,spatial2_ttt,-0.022580690681934357
1675,smooth_gradient,identity,global_direct,0.0
1675,smooth_gradient,identity,spatial2_direct,0.0
1675,smooth_gradient,identity,global_discrete,0.0
1675,smooth_gradient,identity,spatial2_discrete,0.0
1675,smooth_gradient,identity,global_ttt,0.0
1675,smooth_gradient,identity,spatial2_ttt,0.0
1675,smooth_gradient,global_direct,spatial2_direct,0.0
1675,smooth_gradient,global_direct,global_discrete,0.0
1675,smooth_gradient,global_direct,spatial2_discrete,0.0
1675,smooth_gradient,global_direct,global_ttt,0.0
1675,smooth_gradient,global_direct,spatial2_ttt,0.0
1675,smooth_gradient,spatial2_direct,global_discrete,0.0
1675,smooth_gradient,spatial2_direct,spatial2_discrete,0.0
1675,smooth_gradient,spatial2_direct,global_ttt,0.0
1675,smooth_gradient,spatial2_direct,spatial2_ttt,0.0
1675,smooth_gradient,global_discrete,spatial2_discrete,0.0
1675,smooth_gradient,global_discrete,global_ttt,0.0
1675,smooth_gradient,global_discrete,spatial2_ttt,0.0
1675,smooth_gradient,spatial2_discrete,global_ttt,0.0
1675,smooth_gradient,spatial2_discrete,spatial2_ttt,0.0
1675,smooth_gradient,global_ttt,spatial2_ttt,0.0
1761,clean,identity,global_direct,0.0
1761,clean,identity,spatial2_direct,0.0
1761,clean,identity,global_discrete,0.0
1761,clean,identity,spatial2_discrete,0.0
1761,clean,identity,global_ttt,0.0
1761,clean,identity,spatial2_ttt,0.0
1761,clean,global_direct,spatial2_direct,0.0
1761,clean,global_direct,global_discrete,0.0
1761,clean,global_direct,spatial2_discrete,0.0
1761,clean,global_direct,global_ttt,0.0
1761,clean,global_direct,spatial2_ttt,0.0
1761,clean,spatial2_direct,global_discrete,0.0
1761,clean,spatial2_direct,spatial2_discrete,0.0
1761,clean,spatial2_direct,global_ttt,0.0
1761,clean,spatial2_direct,spatial2_ttt,0.0
1761,clean,global_discrete,spatial2_discrete,0.0
1761,clean,global_discrete,global_ttt,0.0
1761,clean,global_discrete,spatial2_ttt,0.0
1761,clean,spatial2_discrete,global_ttt,0.0
1761,clean,spatial2_discrete,spatial2_ttt,0.0
1761,clean,global_ttt,spatial2_ttt,0.0
1761,homogeneous_bright,identity,global_direct,-0.013515366241335869
1761,homogeneous_bright,identity,spatial2_direct,-0.013515366241335869
1761,homogeneous_bright,identity,global_discrete,-0.11324002407491207
1761,homogeneous_bright,identity,spatial2_discrete,-0.05789261870086193
1761,homogeneous_bright,identity,global_ttt,0.004409599117934704
1761,homogeneous_bright,identity,spatial2_ttt,0.012424135580658913
1761,homogeneous_bright,global_direct,spatial2_direct,0.0
1761,homogeneous_bright,global_direct,global_discrete,-0.0997246578335762
1761,homogeneous_bright,global_direct,spatial2_discrete,-0.04437725245952606
1761,homogeneous_bright,global_direct,global_ttt,0.017924965359270573
1761,homogeneous_bright,global_direct,spatial2_ttt,0.02593950182199478
1761,homogeneous_bright,spatial2_direct,global_discrete,-0.0997246578335762
1761,homogeneous_bright,spatial2_direct,spatial2_discrete,-0.04437725245952606
1761,homogeneous_bright,spatial2_direct,global_ttt,0.017924965359270573
1761,homogeneous_bright,spatial2_direct,spatial2_ttt,0.02593950182199478
1761,homogeneous_bright,global_discrete,spatial2_discrete,0.05534740537405014
1761,homogeneous_bright,global_discrete,global_ttt,0.11764962319284678
1761,homogeneous_bright,global_discrete,spatial2_ttt,0.12566415965557098
1761,homogeneous_bright,spatial2_discrete,global_ttt,0.062302217818796635
1761,homogeneous_bright,spatial2_discrete,spatial2_ttt,0.07031675428152084
1761,homogeneous_bright,global_ttt,spatial2_ttt,0.008014536462724209
1761,homogeneous_dark,identity,global_direct,0.058818355202674866
1761,homogeneous_dark,identity,spatial2_direct,0.07072025537490845
1761,homogeneous_dark,identity,global_discrete,0.18989652581512928
1761,homogeneous_dark,identity,spatial2_discrete,0.11629314720630646
1761,homogeneous_dark,identity,global_ttt,0.1819237880408764
1761,homogeneous_dark,identity,spatial2_ttt,0.04900173842906952
1761,homogeneous_dark,global_direct,spatial2_direct,0.011901900172233582
1761,homogeneous_dark,global_direct,global_discrete,0.13107817061245441
1761,homogeneous_dark,global_direct,spatial2_discrete,0.05747479200363159
1761,homogeneous_dark,global_direct,global_ttt,0.12310543283820152
1761,homogeneous_dark,global_direct,spatial2_ttt,-0.009816616773605347
1761,homogeneous_dark,spatial2_direct,global_discrete,0.11917627044022083
1761,homogeneous_dark,spatial2_direct,spatial2_discrete,0.04557289183139801
1761,homogeneous_dark,spatial2_direct,global_ttt,0.11120353266596794
1761,homogeneous_dark,spatial2_direct,spatial2_ttt,-0.021718516945838928
1761,homogeneous_dark,global_discrete,spatial2_discrete,-0.07360337860882282
1761,homogeneous_dark,global_discrete,global_ttt,-0.007972737774252892
1761,homogeneous_dark,global_discrete,spatial2_ttt,-0.14089478738605976
1761,homogeneous_dark,spatial2_discrete,global_ttt,0.06563064083456993
1761,homogeneous_dark,spatial2_discrete,spatial2_ttt,-0.06729140877723694
1761,homogeneous_dark,global_ttt,spatial2_ttt,-0.13292204961180687
1761,left_right,identity,global_direct,-0.007923714816570282
1761,left_right,identity,spatial2_direct,0.025722399353981018
1761,left_right,identity,global_discrete,-0.014051035046577454
1761,left_right,identity,spatial2_discrete,0.007061362266540527
1761,left_right,identity,global_ttt,0.017753995954990387
1761,left_right,identity,spatial2_ttt,-0.037446483969688416
1761,left_right,global_direct,spatial2_direct,0.0336461141705513
1761,left_right,global_direct,global_discrete,-0.006127320230007172
1761,left_right,global_direct,spatial2_discrete,0.01498507708311081
1761,left_right,global_direct,global_ttt,0.02567771077156067
1761,left_right,global_direct,spatial2_ttt,-0.029522769153118134
1761,left_right,spatial2_direct,global_discrete,-0.03977343440055847
1761,left_right,spatial2_direct,spatial2_discrete,-0.01866103708744049
1761,left_right,spatial2_direct,global_ttt,-0.007968403398990631
1761,left_right,spatial2_direct,spatial2_ttt,-0.06316888332366943
1761,left_right,global_discrete,spatial2_discrete,0.02111239731311798
1761,left_right,global_discrete,global_ttt,0.03180503100156784
1761,left_right,global_discrete,spatial2_ttt,-0.023395448923110962
1761,left_right,spatial2_discrete,global_ttt,0.01069263368844986
1761,left_right,spatial2_discrete,spatial2_ttt,-0.04450784623622894
1761,left_right,global_ttt,spatial2_ttt,-0.0552004799246788
1761,quadrants,identity,global_direct,-0.00922953337430954
1761,quadrants,identity,spatial2_direct,0.016854628920555115
1761,quadrants,identity,global_discrete,0.07849245890974998
1761,quadrants,identity,spatial2_discrete,0.054515767842531204
1761,quadrants,identity,global_ttt,0.0181267186999321
1761,quadrants,identity,spatial2_ttt,0.0012807771563529968
1761,quadrants,global_direct,spatial2_direct,0.026084162294864655
1761,quadrants,global_direct,global_discrete,0.08772199228405952
1761,quadrants,global_direct,spatial2_discrete,0.06374530121684074
1761,quadrants,global_direct,global_ttt,0.027356252074241638
1761,quadrants,global_direct,spatial2_ttt,0.010510310530662537
1761,quadrants,spatial2_direct,global_discrete,0.06163782998919487
1761,quadrants,spatial2_direct,spatial2_discrete,0.03766113892197609
1761,quadrants,spatial2_direct,global_ttt,0.0012720897793769836
1761,quadrants,spatial2_direct,spatial2_ttt,-0.015573851764202118
1761,quadrants,global_discrete,spatial2_discrete,-0.02397669106721878
1761,quadrants,global_discrete,global_ttt,-0.060365740209817886
1761,quadrants,global_discrete,spatial2_ttt,-0.07721168175339699
1761,quadrants,spatial2_discrete,global_ttt,-0.036389049142599106
1761,quadrants,spatial2_discrete,spatial2_ttt,-0.05323499068617821
1761,quadrants,global_ttt,spatial2_ttt,-0.0168459415435791
1761,smooth_gradient,identity,global_direct,0.0
1761,smooth_gradient,identity,spatial2_direct,0.0
1761,smooth_gradient,identity,global_discrete,0.0
1761,smooth_gradient,identity,spatial2_discrete,0.0
1761,smooth_gradient,identity,global_ttt,0.0
1761,smooth_gradient,identity,spatial2_ttt,0.0
1761,smooth_gradient,global_direct,spatial2_direct,0.0
1761,smooth_gradient,global_direct,global_discrete,0.0
1761,smooth_gradient,global_direct,spatial2_discrete,0.0
1761,smooth_gradient,global_direct,global_ttt,0.0
1761,smooth_gradient,global_direct,spatial2_ttt,0.0
1761,smooth_gradient,spatial2_direct,global_discrete,0.0
1761,smooth_gradient,spatial2_direct,spatial2_discrete,0.0
1761,smooth_gradient,spatial2_direct,global_ttt,0.0
1761,smooth_gradient,spatial2_direct,spatial2_ttt,0.0
1761,smooth_gradient,global_discrete,spatial2_discrete,0.0
1761,smooth_gradient,global_discrete,global_ttt,0.0
1761,smooth_gradient,global_discrete,spatial2_ttt,0.0
1761,smooth_gradient,spatial2_discrete,global_ttt,0.0
1761,smooth_gradient,spatial2_discrete,spatial2_ttt,0.0
1761,smooth_gradient,global_ttt,spatial2_ttt,0.0
1818,clean,identity,global_direct,0.0
1818,clean,identity,spatial2_direct,0.0
1818,clean,identity,global_discrete,0.0
1818,clean,identity,spatial2_discrete,0.0
1818,clean,identity,global_ttt,0.0
1818,clean,identity,spatial2_ttt,0.0
1818,clean,global_direct,spatial2_direct,0.0
1818,clean,global_direct,global_discrete,0.0
1818,clean,global_direct,spatial2_discrete,0.0
1818,clean,global_direct,global_ttt,0.0
1818,clean,global_direct,spatial2_ttt,0.0
1818,clean,spatial2_direct,global_discrete,0.0
1818,clean,spatial2_direct,spatial2_discrete,0.0
1818,clean,spatial2_direct,global_ttt,0.0
1818,clean,spatial2_direct,spatial2_ttt,0.0
1818,clean,global_discrete,spatial2_discrete,0.0
1818,clean,global_discrete,global_ttt,0.0
1818,clean,global_discrete,spatial2_ttt,0.0
1818,clean,spatial2_discrete,global_ttt,0.0
1818,clean,spatial2_discrete,spatial2_ttt,0.0
1818,clean,global_ttt,spatial2_ttt,0.0
1818,homogeneous_bright,identity,global_direct,0.01398657076060772
1818,homogeneous_bright,identity,spatial2_direct,0.01398657076060772
1818,homogeneous_bright,identity,global_discrete,0.015352722257375717
1818,homogeneous_bright,identity,spatial2_discrete,0.0031450409442186356
1818,homogeneous_bright,identity,global_ttt,0.01773545704782009
1818,homogeneous_bright,identity,spatial2_ttt,0.017743347212672234
1818,homogeneous_bright,global_direct,spatial2_direct,0.0
1818,homogeneous_bright,global_direct,global_discrete,0.0013661514967679977
1818,homogeneous_bright,global_direct,spatial2_discrete,-0.010841529816389084
1818,homogeneous_bright,global_direct,global_ttt,0.003748886287212372
1818,homogeneous_bright,global_direct,spatial2_ttt,0.003756776452064514
1818,homogeneous_bright,spatial2_direct,global_discrete,0.0013661514967679977
1818,homogeneous_bright,spatial2_direct,spatial2_discrete,-0.010841529816389084
1818,homogeneous_bright,spatial2_direct,global_ttt,0.003748886287212372
1818,homogeneous_bright,spatial2_direct,spatial2_ttt,0.003756776452064514
1818,homogeneous_bright,global_discrete,spatial2_discrete,-0.012207681313157082
1818,homogeneous_bright,global_discrete,global_ttt,0.002382734790444374
1818,homogeneous_bright,global_discrete,spatial2_ttt,0.0023906249552965164
1818,homogeneous_bright,spatial2_discrete,global_ttt,0.014590416103601456
1818,homogeneous_bright,spatial2_discrete,spatial2_ttt,0.014598306268453598
1818,homogeneous_bright,global_ttt,spatial2_ttt,7.890164852142334e-06
1818,homogeneous_dark,identity,global_direct,0.0
1818,homogeneous_dark,identity,spatial2_direct,0.0
1818,homogeneous_dark,identity,global_discrete,0.0
1818,homogeneous_dark,identity,spatial2_discrete,0.0
1818,homogeneous_dark,identity,global_ttt,0.0
1818,homogeneous_dark,identity,spatial2_ttt,0.0
1818,homogeneous_dark,global_direct,spatial2_direct,0.0
1818,homogeneous_dark,global_direct,global_discrete,0.0
1818,homogeneous_dark,global_direct,spatial2_discrete,0.0
1818,homogeneous_dark,global_direct,global_ttt,0.0
1818,homogeneous_dark,global_direct,spatial2_ttt,0.0
1818,homogeneous_dark,spatial2_direct,global_discrete,0.0
1818,homogeneous_dark,spatial2_direct,spatial2_discrete,0.0
1818,homogeneous_dark,spatial2_direct,global_ttt,0.0
1818,homogeneous_dark,spatial2_direct,spatial2_ttt,0.0
1818,homogeneous_dark,global_discrete,spatial2_discrete,0.0
1818,homogeneous_dark,global_discrete,global_ttt,0.0
1818,homogeneous_dark,global_discrete,spatial2_ttt,0.0
1818,homogeneous_dark,spatial2_discrete,global_ttt,0.0
1818,homogeneous_dark,spatial2_discrete,spatial2_ttt,0.0
1818,homogeneous_dark,global_ttt,spatial2_ttt,0.0
1818,left_right,identity,global_direct,-0.007987365126609802
1818,left_right,identity,spatial2_direct,0.0037206336855888367
1818,left_right,identity,global_discrete,-0.024917729198932648
1818,left_right,identity,spatial2_discrete,-0.03166642040014267
1818,left_right,identity,global_ttt,-0.0028199851512908936
1818,left_right,identity,spatial2_ttt,-0.01228884607553482
1818,left_right,global_direct,spatial2_direct,0.011707998812198639
1818,left_right,global_direct,global_discrete,-0.016930364072322845
1818,left_right,global_direct,spatial2_discrete,-0.023679055273532867
1818,left_right,global_direct,global_ttt,0.005167379975318909
1818,left_right,global_direct,spatial2_ttt,-0.004301480948925018
1818,left_right,spatial2_direct,global_discrete,-0.028638362884521484
1818,left_right,spatial2_direct,spatial2_discrete,-0.035387054085731506
1818,left_right,spatial2_direct,global_ttt,-0.00654061883687973
1818,left_right,spatial2_direct,spatial2_ttt,-0.016009479761123657
1818,left_right,global_discrete,spatial2_discrete,-0.006748691201210022
1818,left_right,global_discrete,global_ttt,0.022097744047641754
1818,left_right,global_discrete,spatial2_ttt,0.012628883123397827
1818,left_right,spatial2_discrete,global_ttt,0.028846435248851776
1818,left_right,spatial2_discrete,spatial2_ttt,0.01937757432460785
1818,left_right,global_ttt,spatial2_ttt,-0.009468860924243927
1818,quadrants,identity,global_direct,-0.004267469048500061
1818,quadrants,identity,spatial2_direct,0.002808511257171631
1818,quadrants,identity,global_discrete,0.002005588263273239
1818,quadrants,identity,spatial2_discrete,-0.005664065480232239
1818,quadrants,identity,global_ttt,0.0014214105904102325
1818,quadrants,identity,spatial2_ttt,0.001047726720571518
1818,quadrants,global_direct,spatial2_direct,0.007075980305671692
1818,quadrants,global_direct,global_discrete,0.0062730573117733
1818,quadrants,global_direct,spatial2_discrete,-0.0013965964317321777
1818,quadrants,global_direct,global_ttt,0.005688879638910294
1818,quadrants,global_direct,spatial2_ttt,0.005315195769071579
1818,quadrants,spatial2_direct,global_discrete,-0.0008029229938983917
1818,quadrants,spatial2_direct,spatial2_discrete,-0.00847257673740387
1818,quadrants,spatial2_direct,global_ttt,-0.0013871006667613983
1818,quadrants,spatial2_direct,spatial2_ttt,-0.001760784536600113
1818,quadrants,global_discrete,spatial2_discrete,-0.007669653743505478
1818,quadrants,global_discrete,global_ttt,-0.0005841776728630066
1818,quadrants,global_discrete,spatial2_ttt,-0.0009578615427017212
1818,quadrants,spatial2_discrete,global_ttt,0.007085476070642471
1818,quadrants,spatial2_discrete,spatial2_ttt,0.006711792200803757
1818,quadrants,global_ttt,spatial2_ttt,-0.0003736838698387146
1818,smooth_gradient,identity,global_direct,-0.011129163205623627
1818,smooth_gradient,identity,spatial2_direct,-0.0019419938325881958
1818,smooth_gradient,identity,global_discrete,-0.03190243989229202
1818,smooth_gradient,identity,spatial2_discrete,-0.08097437769174576
1818,smooth_gradient,identity,global_ttt,-0.0032933130860328674
1818,smooth_gradient,identity,spatial2_ttt,-0.006010575219988823
1818,smooth_gradient,global_direct,spatial2_direct,0.009187169373035431
1818,smooth_gradient,global_direct,global_discrete,-0.020773276686668396
1818,smooth_gradient,global_direct,spatial2_discrete,-0.06984521448612213
1818,smooth_gradient,global_direct,global_ttt,0.00783585011959076
1818,smooth_gradient,global_direct,spatial2_ttt,0.005118587985634804
1818,smooth_gradient,spatial2_direct,global_discrete,-0.029960446059703827
1818,smooth_gradient,spatial2_direct,spatial2_discrete,-0.07903238385915756
1818,smooth_gradient,spatial2_direct,global_ttt,-0.0013513192534446716
1818,smooth_gradient,spatial2_direct,spatial2_ttt,-0.004068581387400627
1818,smooth_gradient,global_discrete,spatial2_discrete,-0.049071937799453735
1818,smooth_gradient,global_discrete,global_ttt,0.028609126806259155
1818,smooth_gradient,global_discrete,spatial2_ttt,0.0258918646723032
1818,smooth_gradient,spatial2_discrete,global_ttt,0.07768106460571289
1818,smooth_gradient,spatial2_discrete,spatial2_ttt,0.07496380247175694
1818,smooth_gradient,global_ttt,spatial2_ttt,-0.0027172621339559555
1993,clean,identity,global_direct,0.0
1993,clean,identity,spatial2_direct,0.0
1993,clean,identity,global_discrete,0.0
1993,clean,identity,spatial2_discrete,0.0
1993,clean,identity,global_ttt,0.0
1993,clean,identity,spatial2_ttt,0.0
1993,clean,global_direct,spatial2_direct,0.0
1993,clean,global_direct,global_discrete,0.0
1993,clean,global_direct,spatial2_discrete,0.0
1993,clean,global_direct,global_ttt,0.0
1993,clean,global_direct,spatial2_ttt,0.0
1993,clean,spatial2_direct,global_discrete,0.0
1993,clean,spatial2_direct,spatial2_discrete,0.0
1993,clean,spatial2_direct,global_ttt,0.0
1993,clean,spatial2_direct,spatial2_ttt,0.0
1993,clean,global_discrete,spatial2_discrete,0.0
1993,clean,global_discrete,global_ttt,0.0
1993,clean,global_discrete,spatial2_ttt,0.0
1993,clean,spatial2_discrete,global_ttt,0.0
1993,clean,spatial2_discrete,spatial2_ttt,0.0
1993,clean,global_ttt,spatial2_ttt,0.0
1993,homogeneous_bright,identity,global_direct,0.03569489112123847
1993,homogeneous_bright,identity,spatial2_direct,0.03155821934342384
1993,homogeneous_bright,identity,global_discrete,0.036533455830067396
1993,homogeneous_bright,identity,spatial2_discrete,-0.009121507406234741
1993,homogeneous_bright,identity,global_ttt,0.036368933506309986
1993,homogeneous_bright,identity,spatial2_ttt,0.03471909603103995
1993,homogeneous_bright,global_direct,spatial2_direct,-0.004136671777814627
1993,homogeneous_bright,global_direct,global_discrete,0.0008385647088289261
1993,homogeneous_bright,global_direct,spatial2_discrete,-0.04481639852747321
1993,homogeneous_bright,global_direct,global_ttt,0.000674042385071516
1993,homogeneous_bright,global_direct,spatial2_ttt,-0.0009757950901985168
1993,homogeneous_bright,spatial2_direct,global_discrete,0.004975236486643553
1993,homogeneous_bright,spatial2_direct,spatial2_discrete,-0.040679726749658585
1993,homogeneous_bright,spatial2_direct,global_ttt,0.004810714162886143
1993,homogeneous_bright,spatial2_direct,spatial2_ttt,0.00316087668761611
1993,homogeneous_bright,global_discrete,spatial2_discrete,-0.04565496323630214
1993,homogeneous_bright,global_discrete,global_ttt,-0.00016452232375741005
1993,homogeneous_bright,global_discrete,spatial2_ttt,-0.001814359799027443
1993,homogeneous_bright,spatial2_discrete,global_ttt,0.04549044091254473
1993,homogeneous_bright,spatial2_discrete,spatial2_ttt,0.043840603437274694
1993,homogeneous_bright,global_ttt,spatial2_ttt,-0.0016498374752700329
1993,homogeneous_dark,identity,global_direct,0.022596094757318497
1993,homogeneous_dark,identity,spatial2_direct,0.028684988617897034
1993,homogeneous_dark,identity,global_discrete,0.04453210532665253
1993,homogeneous_dark,identity,spatial2_discrete,0.06413355935364962
1993,homogeneous_dark,identity,global_ttt,0.04694020003080368
1993,homogeneous_dark,identity,spatial2_ttt,0.04100804775953293
1993,homogeneous_dark,global_direct,spatial2_direct,0.006088893860578537
1993,homogeneous_dark,global_direct,global_discrete,0.02193601056933403
1993,homogeneous_dark,global_direct,spatial2_discrete,0.04153746459633112
1993,homogeneous_dark,global_direct,global_ttt,0.024344105273485184
1993,homogeneous_dark,global_direct,spatial2_ttt,0.018411953002214432
1993,homogeneous_dark,spatial2_direct,global_discrete,0.015847116708755493
1993,homogeneous_dark,spatial2_direct,spatial2_discrete,0.03544857073575258
1993,homogeneous_dark,spatial2_direct,global_ttt,0.018255211412906647
1993,homogeneous_dark,spatial2_direct,spatial2_ttt,0.012323059141635895
1993,homogeneous_dark,global_discrete,spatial2_discrete,0.01960145402699709
1993,homogeneous_dark,global_discrete,global_ttt,0.0024080947041511536
1993,homogeneous_dark,global_discrete,spatial2_ttt,-0.0035240575671195984
1993,homogeneous_dark,spatial2_discrete,global_ttt,-0.017193359322845936
1993,homogeneous_dark,spatial2_discrete,spatial2_ttt,-0.023125511594116688
1993,homogeneous_dark,global_ttt,spatial2_ttt,-0.005932152271270752
1993,left_right,identity,global_direct,7.450580596923828e-08
1993,left_right,identity,spatial2_direct,0.026380520313978195
1993,left_right,identity,global_discrete,0.01014997810125351
1993,left_right,identity,spatial2_discrete,0.0444100946187973
1993,left_right,identity,global_ttt,0.014879226684570312
1993,left_right,identity,spatial2_ttt,0.04088250920176506
1993,left_right,global_direct,spatial2_direct,0.026380445808172226
1993,left_right,global_direct,global_discrete,0.01014990359544754
1993,left_right,global_direct,spatial2_discrete,0.04441002011299133
1993,left_right,global_direct,global_ttt,0.014879152178764343
1993,left_right,global_direct,spatial2_ttt,0.04088243469595909
1993,left_right,spatial2_direct,global_discrete,-0.016230542212724686
1993,left_right,spatial2_direct,spatial2_discrete,0.018029574304819107
1993,left_right,spatial2_direct,global_ttt,-0.011501293629407883
1993,left_right,spatial2_direct,spatial2_ttt,0.014501988887786865
1993,left_right,global_discrete,spatial2_discrete,0.03426011651754379
1993,left_right,global_discrete,global_ttt,0.004729248583316803
1993,left_right,global_discrete,spatial2_ttt,0.03073253110051155
1993,left_right,spatial2_discrete,global_ttt,-0.02953086793422699
1993,left_right,spatial2_discrete,spatial2_ttt,-0.003527585417032242
1993,left_right,global_ttt,spatial2_ttt,0.026003282517194748
1993,quadrants,identity,global_direct,4.801899194717407e-05
1993,quadrants,identity,spatial2_direct,0.018029209226369858
1993,quadrants,identity,global_discrete,0.012142658233642578
1993,quadrants,identity,spatial2_discrete,-0.021338317543268204
1993,quadrants,identity,global_ttt,0.020265821367502213
1993,quadrants,identity,spatial2_ttt,0.015079915523529053
1993,quadrants,global_direct,spatial2_direct,0.017981190234422684
1993,quadrants,global_direct,global_discrete,0.012094639241695404
1993,quadrants,global_direct,spatial2_discrete,-0.021386336535215378
1993,quadrants,global_direct,global_ttt,0.02021780237555504
1993,quadrants,global_direct,spatial2_ttt,0.015031896531581879
1993,quadrants,spatial2_direct,global_discrete,-0.00588655099272728
1993,quadrants,spatial2_direct,spatial2_discrete,-0.03936752676963806
1993,quadrants,spatial2_direct,global_ttt,0.0022366121411323547
1993,quadrants,spatial2_direct,spatial2_ttt,-0.002949293702840805
1993,quadrants,global_discrete,spatial2_discrete,-0.03348097577691078
1993,quadrants,global_discrete,global_ttt,0.008123163133859634
1993,quadrants,global_discrete,spatial2_ttt,0.0029372572898864746
1993,quadrants,spatial2_discrete,global_ttt,0.041604138910770416
1993,quadrants,spatial2_discrete,spatial2_ttt,0.036418233066797256
1993,quadrants,global_ttt,spatial2_ttt,-0.00518590584397316
1993,smooth_gradient,identity,global_direct,0.0
1993,smooth_gradient,identity,spatial2_direct,0.0
1993,smooth_gradient,identity,global_discrete,0.0
1993,smooth_gradient,identity,spatial2_discrete,0.0
1993,smooth_gradient,identity,global_ttt,0.0
1993,smooth_gradient,identity,spatial2_ttt,0.0
1993,smooth_gradient,global_direct,spatial2_direct,0.0
1993,smooth_gradient,global_direct,global_discrete,0.0
1993,smooth_gradient,global_direct,spatial2_discrete,0.0
1993,smooth_gradient,global_direct,global_ttt,0.0
1993,smooth_gradient,global_direct,spatial2_ttt,0.0
1993,smooth_gradient,spatial2_direct,global_discrete,0.0
1993,smooth_gradient,spatial2_direct,spatial2_discrete,0.0
1993,smooth_gradient,spatial2_direct,global_ttt,0.0
1993,smooth_gradient,spatial2_direct,spatial2_ttt,0.0
1993,smooth_gradient,global_discrete,spatial2_discrete,0.0
1993,smooth_gradient,global_discrete,global_ttt,0.0
1993,smooth_gradient,global_discrete,spatial2_ttt,0.0
1993,smooth_gradient,spatial2_discrete,global_ttt,0.0
1993,smooth_gradient,spatial2_discrete,spatial2_ttt,0.0
1993,smooth_gradient,global_ttt,spatial2_ttt,0.0
2006,clean,identity,global_direct,0.0
2006,clean,identity,spatial2_direct,0.0
2006,clean,identity,global_discrete,0.0
2006,clean,identity,spatial2_discrete,0.0
2006,clean,identity,global_ttt,0.0
2006,clean,identity,spatial2_ttt,0.0
2006,clean,global_direct,spatial2_direct,0.0
2006,clean,global_direct,global_discrete,0.0
2006,clean,global_direct,spatial2_discrete,0.0
2006,clean,global_direct,global_ttt,0.0
2006,clean,global_direct,spatial2_ttt,0.0
2006,clean,spatial2_direct,global_discrete,0.0
2006,clean,spatial2_direct,spatial2_discrete,0.0
2006,clean,spatial2_direct,global_ttt,0.0
2006,clean,spatial2_direct,spatial2_ttt,0.0
2006,clean,global_discrete,spatial2_discrete,0.0
2006,clean,global_discrete,global_ttt,0.0
2006,clean,global_discrete,spatial2_ttt,0.0
2006,clean,spatial2_discrete,global_ttt,0.0
2006,clean,spatial2_discrete,spatial2_ttt,0.0
2006,clean,global_ttt,spatial2_ttt,0.0
2006,homogeneous_bright,identity,global_direct,0.033086925745010376
2006,homogeneous_bright,identity,spatial2_direct,0.02511659450829029
2006,homogeneous_bright,identity,global_discrete,0.03514346852898598
2006,homogeneous_bright,identity,spatial2_discrete,0.018033914268016815
2006,homogeneous_bright,identity,global_ttt,0.040330312214791775
2006,homogeneous_bright,identity,spatial2_ttt,0.013885434716939926
2006,homogeneous_bright,global_direct,spatial2_direct,-0.007970331236720085
2006,homogeneous_bright,global_direct,global_discrete,0.002056542783975601
2006,homogeneous_bright,global_direct,spatial2_discrete,-0.01505301147699356
2006,homogeneous_bright,global_direct,global_ttt,0.007243386469781399
2006,homogeneous_bright,global_direct,spatial2_ttt,-0.01920149102807045
2006,homogeneous_bright,spatial2_direct,global_discrete,0.010026874020695686
2006,homogeneous_bright,spatial2_direct,spatial2_discrete,-0.007082680240273476
2006,homogeneous_bright,spatial2_direct,global_ttt,0.015213717706501484
2006,homogeneous_bright,spatial2_direct,spatial2_ttt,-0.011231159791350365
2006,homogeneous_bright,global_discrete,spatial2_discrete,-0.017109554260969162
2006,homogeneous_bright,global_discrete,global_ttt,0.005186843685805798
2006,homogeneous_bright,global_discrete,spatial2_ttt,-0.02125803381204605
2006,homogeneous_bright,spatial2_discrete,global_ttt,0.02229639794677496
2006,homogeneous_bright,spatial2_discrete,spatial2_ttt,-0.004148479551076889
2006,homogeneous_bright,global_ttt,spatial2_ttt,-0.02644487749785185
2006,homogeneous_dark,identity,global_direct,0.050843745470047
2006,homogeneous_dark,identity,spatial2_direct,0.050843745470047
2006,homogeneous_dark,identity,global_discrete,0.08733103098347783
2006,homogeneous_dark,identity,spatial2_discrete,0.08048111386597157
2006,homogeneous_dark,identity,global_ttt,0.08677776204422116
2006,homogeneous_dark,identity,spatial2_ttt,0.08686796016991138
2006,homogeneous_dark,global_direct,spatial2_direct,0.0
2006,homogeneous_dark,global_direct,global_discrete,0.036487285513430834
2006,homogeneous_dark,global_direct,spatial2_discrete,0.029637368395924568
2006,homogeneous_dark,global_direct,global_ttt,0.035934016574174166
2006,homogeneous_dark,global_direct,spatial2_ttt,0.03602421469986439
2006,homogeneous_dark,spatial2_direct,global_discrete,0.036487285513430834
2006,homogeneous_dark,spatial2_direct,spatial2_discrete,0.029637368395924568
2006,homogeneous_dark,spatial2_direct,global_ttt,0.035934016574174166
2006,homogeneous_dark,spatial2_direct,spatial2_ttt,0.03602421469986439
2006,homogeneous_dark,global_discrete,spatial2_discrete,-0.006849917117506266
2006,homogeneous_dark,global_discrete,global_ttt,-0.0005532689392566681
2006,homogeneous_dark,global_discrete,spatial2_ttt,-0.0004630708135664463
2006,homogeneous_dark,spatial2_discrete,global_ttt,0.0062966481782495975
2006,homogeneous_dark,spatial2_discrete,spatial2_ttt,0.006386846303939819
2006,homogeneous_dark,global_ttt,spatial2_ttt,9.019812569022179e-05
2006,left_right,identity,global_direct,-0.010410390794277191
2006,left_right,identity,spatial2_direct,0.016609665006399155
2006,left_right,identity,global_discrete,-0.04818730056285858
2006,left_right,identity,spatial2_discrete,-0.01949666440486908
2006,left_right,identity,global_ttt,-0.05430036783218384
2006,left_right,identity,spatial2_ttt,-0.024752803146839142
2006,left_right,global_direct,spatial2_direct,0.027020055800676346
2006,left_right,global_direct,global_discrete,-0.03777690976858139
2006,left_right,global_direct,spatial2_discrete,-0.009086273610591888
2006,left_right,global_direct,global_ttt,-0.04388997703790665
2006,left_right,global_direct,spatial2_ttt,-0.01434241235256195
2006,left_right,spatial2_direct,global_discrete,-0.06479696556925774
2006,left_right,spatial2_direct,spatial2_discrete,-0.036106329411268234
2006,left_right,spatial2_direct,global_ttt,-0.07091003283858299
2006,left_right,spatial2_direct,spatial2_ttt,-0.041362468153238297
2006,left_right,global_discrete,spatial2_discrete,0.028690636157989502
2006,left_right,global_discrete,global_ttt,-0.006113067269325256
2006,left_right,global_discrete,spatial2_ttt,0.02343449741601944
2006,left_right,spatial2_discrete,global_ttt,-0.03480370342731476
2006,left_right,spatial2_discrete,spatial2_ttt,-0.005256138741970062
2006,left_right,global_ttt,spatial2_ttt,0.029547564685344696
2006,quadrants,identity,global_direct,-0.004890769720077515
2006,quadrants,identity,spatial2_direct,0.01569102704524994
2006,quadrants,identity,global_discrete,0.007937069982290268
2006,quadrants,identity,spatial2_discrete,-0.017012298107147217
2006,quadrants,identity,global_ttt,0.019519377499818802
2006,quadrants,identity,spatial2_ttt,-0.02134910225868225
2006,quadrants,global_direct,spatial2_direct,0.020581796765327454
2006,quadrants,global_direct,global_discrete,0.012827839702367783
2006,quadrants,global_direct,spatial2_discrete,-0.012121528387069702
2006,quadrants,global_direct,global_ttt,0.024410147219896317
2006,quadrants,global_direct,spatial2_ttt,-0.016458332538604736
2006,quadrants,spatial2_direct,global_discrete,-0.007753957062959671
2006,quadrants,spatial2_direct,spatial2_discrete,-0.032703325152397156
2006,quadrants,spatial2_direct,global_ttt,0.003828350454568863
2006,quadrants,spatial2_direct,spatial2_ttt,-0.03704012930393219
2006,quadrants,global_discrete,spatial2_discrete,-0.024949368089437485
2006,quadrants,global_discrete,global_ttt,0.011582307517528534
2006,quadrants,global_discrete,spatial2_ttt,-0.02928617224097252
2006,quadrants,spatial2_discrete,global_ttt,0.03653167560696602
2006,quadrants,spatial2_discrete,spatial2_ttt,-0.004336804151535034
2006,quadrants,global_ttt,spatial2_ttt,-0.04086847975850105
2006,smooth_gradient,identity,global_direct,0.0
2006,smooth_gradient,identity,spatial2_direct,0.0
2006,smooth_gradient,identity,global_discrete,0.0
2006,smooth_gradient,identity,spatial2_discrete,0.0
2006,smooth_gradient,identity,global_ttt,0.0
2006,smooth_gradient,identity,spatial2_ttt,0.0
2006,smooth_gradient,global_direct,spatial2_direct,0.0
2006,smooth_gradient,global_direct,global_discrete,0.0
2006,smooth_gradient,global_direct,spatial2_discrete,0.0
2006,smooth_gradient,global_direct,global_ttt,0.0
2006,smooth_gradient,global_direct,spatial2_ttt,0.0
2006,smooth_gradient,spatial2_direct,global_discrete,0.0
2006,smooth_gradient,spatial2_direct,spatial2_discrete,0.0
2006,smooth_gradient,spatial2_direct,global_ttt,0.0
2006,smooth_gradient,spatial2_direct,spatial2_ttt,0.0
2006,smooth_gradient,global_discrete,spatial2_discrete,0.0
2006,smooth_gradient,global_discrete,global_ttt,0.0
2006,smooth_gradient,global_discrete,spatial2_ttt,0.0
2006,smooth_gradient,spatial2_discrete,global_ttt,0.0
2006,smooth_gradient,spatial2_discrete,spatial2_ttt,0.0
2006,smooth_gradient,global_ttt,spatial2_ttt,0.0
2149,clean,identity,global_direct,0.0
2149,clean,identity,spatial2_direct,0.0
2149,clean,identity,global_discrete,0.0
2149,clean,identity,spatial2_discrete,0.0
2149,clean,identity,global_ttt,0.0
2149,clean,identity,spatial2_ttt,0.0
2149,clean,global_direct,spatial2_direct,0.0
2149,clean,global_direct,global_discrete,0.0
2149,clean,global_direct,spatial2_discrete,0.0
2149,clean,global_direct,global_ttt,0.0
2149,clean,global_direct,spatial2_ttt,0.0
2149,clean,spatial2_direct,global_discrete,0.0
2149,clean,spatial2_direct,spatial2_discrete,0.0
2149,clean,spatial2_direct,global_ttt,0.0
2149,clean,spatial2_direct,spatial2_ttt,0.0
2149,clean,global_discrete,spatial2_discrete,0.0
2149,clean,global_discrete,global_ttt,0.0
2149,clean,global_discrete,spatial2_ttt,0.0
2149,clean,spatial2_discrete,global_ttt,0.0
2149,clean,spatial2_discrete,spatial2_ttt,0.0
2149,clean,global_ttt,spatial2_ttt,0.0
2149,homogeneous_bright,identity,global_direct,0.0
2149,homogeneous_bright,identity,spatial2_direct,0.0
2149,homogeneous_bright,identity,global_discrete,0.0
2149,homogeneous_bright,identity,spatial2_discrete,0.0
2149,homogeneous_bright,identity,global_ttt,0.0
2149,homogeneous_bright,identity,spatial2_ttt,0.0
2149,homogeneous_bright,global_direct,spatial2_direct,0.0
2149,homogeneous_bright,global_direct,global_discrete,0.0
2149,homogeneous_bright,global_direct,spatial2_discrete,0.0
2149,homogeneous_bright,global_direct,global_ttt,0.0
2149,homogeneous_bright,global_direct,spatial2_ttt,0.0
2149,homogeneous_bright,spatial2_direct,global_discrete,0.0
2149,homogeneous_bright,spatial2_direct,spatial2_discrete,0.0
2149,homogeneous_bright,spatial2_direct,global_ttt,0.0
2149,homogeneous_bright,spatial2_direct,spatial2_ttt,0.0
2149,homogeneous_bright,global_discrete,spatial2_discrete,0.0
2149,homogeneous_bright,global_discrete,global_ttt,0.0
2149,homogeneous_bright,global_discrete,spatial2_ttt,0.0
2149,homogeneous_bright,spatial2_discrete,global_ttt,0.0
2149,homogeneous_bright,spatial2_discrete,spatial2_ttt,0.0
2149,homogeneous_bright,global_ttt,spatial2_ttt,0.0
2149,homogeneous_dark,identity,global_direct,0.02160005457699299
2149,homogeneous_dark,identity,spatial2_direct,0.024073300883173943
2149,homogeneous_dark,identity,global_discrete,0.048941746121272445
2149,homogeneous_dark,identity,spatial2_discrete,0.04480800358578563
2149,homogeneous_dark,identity,global_ttt,0.04458292294293642
2149,homogeneous_dark,identity,spatial2_ttt,0.04285485716536641
2149,homogeneous_dark,global_direct,spatial2_direct,0.002473246306180954
2149,homogeneous_dark,global_direct,global_discrete,0.027341691544279456
2149,homogeneous_dark,global_direct,spatial2_discrete,0.02320794900879264
2149,homogeneous_dark,global_direct,global_ttt,0.022982868365943432
2149,homogeneous_dark,global_direct,spatial2_ttt,0.021254802588373423
2149,homogeneous_dark,spatial2_direct,global_discrete,0.024868445238098502
2149,homogeneous_dark,spatial2_direct,spatial2_discrete,0.020734702702611685
2149,homogeneous_dark,spatial2_direct,global_ttt,0.020509622059762478
2149,homogeneous_dark,spatial2_direct,spatial2_ttt,0.01878155628219247
2149,homogeneous_dark,global_discrete,spatial2_discrete,-0.004133742535486817
2149,homogeneous_dark,global_discrete,global_ttt,-0.004358823178336024
2149,homogeneous_dark,global_discrete,spatial2_ttt,-0.0060868889559060335
2149,homogeneous_dark,spatial2_discrete,global_ttt,-0.00022508064284920692
2149,homogeneous_dark,spatial2_discrete,spatial2_ttt,-0.001953146420419216
2149,homogeneous_dark,global_ttt,spatial2_ttt,-0.0017280657775700092
2149,left_right,identity,global_direct,-0.005125831812620163
2149,left_right,identity,spatial2_direct,0.010569654405117035
2149,left_right,identity,global_discrete,-0.02270830050110817
2149,left_right,identity,spatial2_discrete,-0.0028337612748146057
2149,left_right,identity,global_ttt,-0.014428909868001938
2149,left_right,identity,spatial2_ttt,-0.007883388549089432
2149,left_right,global_direct,spatial2_direct,0.015695486217737198
2149,left_right,global_direct,global_discrete,-0.017582468688488007
2149,left_right,global_direct,spatial2_discrete,0.0022920705378055573
2149,left_right,global_direct,global_ttt,-0.009303078055381775
2149,left_right,global_direct,spatial2_ttt,-0.002757556736469269
2149,left_right,spatial2_direct,global_discrete,-0.033277954906225204
2149,left_right,spatial2_direct,spatial2_discrete,-0.01340341567993164
2149,left_right,spatial2_direct,global_ttt,-0.024998564273118973
2149,left_right,spatial2_direct,spatial2_ttt,-0.018453042954206467
2149,left_right,global_discrete,spatial2_discrete,0.019874539226293564
2149,left_right,global_discrete,global_ttt,0.008279390633106232
2149,left_right,global_discrete,spatial2_ttt,0.014824911952018738
2149,left_right,spatial2_discrete,global_ttt,-0.011595148593187332
2149,left_right,spatial2_discrete,spatial2_ttt,-0.005049627274274826
2149,left_right,global_ttt,spatial2_ttt,0.006545521318912506
2149,quadrants,identity,global_direct,-0.006267506629228592
2149,quadrants,identity,spatial2_direct,0.004038337618112564
2149,quadrants,identity,global_discrete,-0.022678349167108536
2149,quadrants,identity,spatial2_discrete,-0.030352089554071426
2149,quadrants,identity,global_ttt,-0.007657095789909363
2149,quadrants,identity,spatial2_ttt,-0.0074953846633434296
2149,quadrants,global_direct,spatial2_direct,0.010305844247341156
2149,quadrants,global_direct,global_discrete,-0.016410842537879944
2149,quadrants,global_direct,spatial2_discrete,-0.024084582924842834
2149,quadrants,global_direct,global_ttt,-0.0013895891606807709
2149,quadrants,global_direct,spatial2_ttt,-0.0012278780341148376
2149,quadrants,spatial2_direct,global_discrete,-0.0267166867852211
2149,quadrants,spatial2_direct,spatial2_discrete,-0.03439042717218399
2149,quadrants,spatial2_direct,global_ttt,-0.011695433408021927
2149,quadrants,spatial2_direct,spatial2_ttt,-0.011533722281455994
2149,quadrants,global_discrete,spatial2_discrete,-0.007673740386962891
2149,quadrants,global_discrete,global_ttt,0.015021253377199173
2149,quadrants,global_discrete,spatial2_ttt,0.015182964503765106
2149,quadrants,spatial2_discrete,global_ttt,0.022694993764162064
2149,quadrants,spatial2_discrete,spatial2_ttt,0.022856704890727997
2149,quadrants,global_ttt,spatial2_ttt,0.00016171112656593323
2149,smooth_gradient,identity,global_direct,0.0
2149,smooth_gradient,identity,spatial2_direct,0.0
2149,smooth_gradient,identity,global_discrete,0.0
2149,smooth_gradient,identity,spatial2_discrete,0.0
2149,smooth_gradient,identity,global_ttt,0.0
2149,smooth_gradient,identity,spatial2_ttt,0.0
2149,smooth_gradient,global_direct,spatial2_direct,0.0
2149,smooth_gradient,global_direct,global_discrete,0.0
2149,smooth_gradient,global_direct,spatial2_discrete,0.0
2149,smooth_gradient,global_direct,global_ttt,0.0
2149,smooth_gradient,global_direct,spatial2_ttt,0.0
2149,smooth_gradient,spatial2_direct,global_discrete,0.0
2149,smooth_gradient,spatial2_direct,spatial2_discrete,0.0
2149,smooth_gradient,spatial2_direct,global_ttt,0.0
2149,smooth_gradient,spatial2_direct,spatial2_ttt,0.0
2149,smooth_gradient,global_discrete,spatial2_discrete,0.0
2149,smooth_gradient,global_discrete,global_ttt,0.0
2149,smooth_gradient,global_discrete,spatial2_ttt,0.0
2149,smooth_gradient,spatial2_discrete,global_ttt,0.0
2149,smooth_gradient,spatial2_discrete,spatial2_ttt,0.0
2149,smooth_gradient,global_ttt,spatial2_ttt,0.0
2153,clean,identity,global_direct,0.0
2153,clean,identity,spatial2_direct,0.0
2153,clean,identity,global_discrete,0.0
2153,clean,identity,spatial2_discrete,0.0
2153,clean,identity,global_ttt,0.0
2153,clean,identity,spatial2_ttt,0.0
2153,clean,global_direct,spatial2_direct,0.0
2153,clean,global_direct,global_discrete,0.0
2153,clean,global_direct,spatial2_discrete,0.0
2153,clean,global_direct,global_ttt,0.0
2153,clean,global_direct,spatial2_ttt,0.0
2153,clean,spatial2_direct,global_discrete,0.0
2153,clean,spatial2_direct,spatial2_discrete,0.0
2153,clean,spatial2_direct,global_ttt,0.0
2153,clean,spatial2_direct,spatial2_ttt,0.0
2153,clean,global_discrete,spatial2_discrete,0.0
2153,clean,global_discrete,global_ttt,0.0
2153,clean,global_discrete,spatial2_ttt,0.0
2153,clean,spatial2_discrete,global_ttt,0.0
2153,clean,spatial2_discrete,spatial2_ttt,0.0
2153,clean,global_ttt,spatial2_ttt,0.0
2153,homogeneous_bright,identity,global_direct,0.01455368846654892
2153,homogeneous_bright,identity,spatial2_direct,0.010239776223897934
2153,homogeneous_bright,identity,global_discrete,0.033427055925130844
2153,homogeneous_bright,identity,spatial2_discrete,0.02555416151881218
2153,homogeneous_bright,identity,global_ttt,0.014757966622710228
2153,homogeneous_bright,identity,spatial2_ttt,0.01623164303600788
2153,homogeneous_bright,global_direct,spatial2_direct,-0.004313912242650986
2153,homogeneous_bright,global_direct,global_discrete,0.018873367458581924
2153,homogeneous_bright,global_direct,spatial2_discrete,0.01100047305226326
2153,homogeneous_bright,global_direct,global_ttt,0.0002042781561613083
2153,homogeneous_bright,global_direct,spatial2_ttt,0.0016779545694589615
2153,homogeneous_bright,spatial2_direct,global_discrete,0.02318727970123291
2153,homogeneous_bright,spatial2_direct,spatial2_discrete,0.015314385294914246
2153,homogeneous_bright,spatial2_direct,global_ttt,0.004518190398812294
2153,homogeneous_bright,spatial2_direct,spatial2_ttt,0.005991866812109947
2153,homogeneous_bright,global_discrete,spatial2_discrete,-0.007872894406318665
2153,homogeneous_bright,global_discrete,global_ttt,-0.018669089302420616
2153,homogeneous_bright,global_discrete,spatial2_ttt,-0.017195412889122963
2153,homogeneous_bright,spatial2_discrete,global_ttt,-0.010796194896101952
2153,homogeneous_bright,spatial2_discrete,spatial2_ttt,-0.009322518482804298
2153,homogeneous_bright,global_ttt,spatial2_ttt,0.0014736764132976532
2153,homogeneous_dark,identity,global_direct,0.01095111295580864
2153,homogeneous_dark,identity,spatial2_direct,0.010810943320393562
2153,homogeneous_dark,identity,global_discrete,0.03707055177073926
2153,homogeneous_dark,identity,spatial2_discrete,0.03684040473308414
2153,homogeneous_dark,identity,global_ttt,0.0371111580170691
2153,homogeneous_dark,identity,spatial2_ttt,0.03715441911481321
2153,homogeneous_dark,global_direct,spatial2_direct,-0.0001401696354150772
2153,homogeneous_dark,global_direct,global_discrete,0.026119438814930618
2153,homogeneous_dark,global_direct,spatial2_discrete,0.025889291777275503
2153,homogeneous_dark,global_direct,global_ttt,0.026160045061260462
2153,homogeneous_dark,global_direct,spatial2_ttt,0.02620330615900457
2153,homogeneous_dark,spatial2_direct,global_discrete,0.026259608450345695
2153,homogeneous_dark,spatial2_direct,spatial2_discrete,0.02602946141269058
2153,homogeneous_dark,spatial2_direct,global_ttt,0.02630021469667554
2153,homogeneous_dark,spatial2_direct,spatial2_ttt,0.026343475794419646
2153,homogeneous_dark,global_discrete,spatial2_discrete,-0.00023014703765511513
2153,homogeneous_dark,global_discrete,global_ttt,4.0606246329844e-05
2153,homogeneous_dark,global_discrete,spatial2_ttt,8.386734407395124e-05
2153,homogeneous_dark,spatial2_discrete,global_ttt,0.0002707532839849591
2153,homogeneous_dark,spatial2_discrete,spatial2_ttt,0.00031401438172906637
2153,homogeneous_dark,global_ttt,spatial2_ttt,4.3261097744107246e-05
2153,left_right,identity,global_direct,3.725290298461914e-09
2153,left_right,identity,spatial2_direct,0.011236205697059631
2153,left_right,identity,global_discrete,-0.002389185130596161
2153,left_right,identity,spatial2_discrete,0.02690374944359064
2153,left_right,identity,global_ttt,-0.004462935030460358
2153,left_right,identity,spatial2_ttt,0.025297517888247967
2153,left_right,global_direct,spatial2_direct,0.011236201971769333
2153,left_right,global_direct,global_discrete,-0.0023891888558864594
2153,left_right,global_direct,spatial2_discrete,0.026903745718300343
2153,left_right,global_direct,global_ttt,-0.004462938755750656
2153,left_right,global_direct,spatial2_ttt,0.02529751416295767
2153,left_right,spatial2_direct,global_discrete,-0.013625390827655792
2153,left_right,spatial2_direct,spatial2_discrete,0.01566754374653101
2153,left_right,spatial2_direct,global_ttt,-0.01569914072751999
2153,left_right,spatial2_direct,spatial2_ttt,0.014061312191188335
2153,left_right,global_discrete,spatial2_discrete,0.029292934574186802
2153,left_right,global_discrete,global_ttt,-0.0020737498998641968
2153,left_right,global_discrete,spatial2_ttt,0.027686703018844128
2153,left_right,spatial2_discrete,global_ttt,-0.031366684474051
2153,left_right,spatial2_discrete,spatial2_ttt,-0.0016062315553426743
2153,left_right,global_ttt,spatial2_ttt,0.029760452918708324
2153,quadrants,identity,global_direct,-0.005869720131158829
2153,quadrants,identity,spatial2_direct,0.0005172491073608398
2153,quadrants,identity,global_discrete,-0.11298159882426262
2153,quadrants,identity,spatial2_discrete,-0.12349889799952507
2153,quadrants,identity,global_ttt,-0.05778026953339577
2153,quadrants,identity,spatial2_ttt,-0.05902372673153877
2153,quadrants,global_direct,spatial2_direct,0.006386969238519669
2153,quadrants,global_direct,global_discrete,-0.10711187869310379
2153,quadrants,global_direct,spatial2_discrete,-0.11762917786836624
2153,quadrants,global_direct,global_ttt,-0.05191054940223694
2153,quadrants,global_direct,spatial2_ttt,-0.053154006600379944
2153,quadrants,spatial2_direct,global_discrete,-0.11349884793162346
2153,quadrants,spatial2_direct,spatial2_discrete,-0.12401614710688591
2153,quadrants,spatial2_direct,global_ttt,-0.05829751864075661
2153,quadrants,spatial2_direct,spatial2_ttt,-0.05954097583889961
2153,quadrants,global_discrete,spatial2_discrete,-0.010517299175262451
2153,quadrants,global_discrete,global_ttt,0.05520132929086685
2153,quadrants,global_discrete,spatial2_ttt,0.053957872092723846
2153,quadrants,spatial2_discrete,global_ttt,0.0657186284661293
2153,quadrants,spatial2_discrete,spatial2_ttt,0.0644751712679863
2153,quadrants,global_ttt,spatial2_ttt,-0.0012434571981430054
2153,smooth_gradient,identity,global_direct,0.0
2153,smooth_gradient,identity,spatial2_direct,0.0
2153,smooth_gradient,identity,global_discrete,0.0
2153,smooth_gradient,identity,spatial2_discrete,0.0
2153,smooth_gradient,identity,global_ttt,0.0
2153,smooth_gradient,identity,spatial2_ttt,0.0
2153,smooth_gradient,global_direct,spatial2_direct,0.0
2153,smooth_gradient,global_direct,global_discrete,0.0
2153,smooth_gradient,global_direct,spatial2_discrete,0.0
2153,smooth_gradient,global_direct,global_ttt,0.0
2153,smooth_gradient,global_direct,spatial2_ttt,0.0
2153,smooth_gradient,spatial2_direct,global_discrete,0.0
2153,smooth_gradient,spatial2_direct,spatial2_discrete,0.0
2153,smooth_gradient,spatial2_direct,global_ttt,0.0
2153,smooth_gradient,spatial2_direct,spatial2_ttt,0.0
2153,smooth_gradient,global_discrete,spatial2_discrete,0.0
2153,smooth_gradient,global_discrete,global_ttt,0.0
2153,smooth_gradient,global_discrete,spatial2_ttt,0.0
2153,smooth_gradient,spatial2_discrete,global_ttt,0.0
2153,smooth_gradient,spatial2_discrete,spatial2_ttt,0.0
2153,smooth_gradient,global_ttt,spatial2_ttt,0.0
2157,clean,identity,global_direct,0.0
2157,clean,identity,spatial2_direct,0.0
2157,clean,identity,global_discrete,0.0
2157,clean,identity,spatial2_discrete,0.0
2157,clean,identity,global_ttt,0.0
2157,clean,identity,spatial2_ttt,0.0
2157,clean,global_direct,spatial2_direct,0.0
2157,clean,global_direct,global_discrete,0.0
2157,clean,global_direct,spatial2_discrete,0.0
2157,clean,global_direct,global_ttt,0.0
2157,clean,global_direct,spatial2_ttt,0.0
2157,clean,spatial2_direct,global_discrete,0.0
2157,clean,spatial2_direct,spatial2_discrete,0.0
2157,clean,spatial2_direct,global_ttt,0.0
2157,clean,spatial2_direct,spatial2_ttt,0.0
2157,clean,global_discrete,spatial2_discrete,0.0
2157,clean,global_discrete,global_ttt,0.0
2157,clean,global_discrete,spatial2_ttt,0.0
2157,clean,spatial2_discrete,global_ttt,0.0
2157,clean,spatial2_discrete,spatial2_ttt,0.0
2157,clean,global_ttt,spatial2_ttt,0.0
2157,homogeneous_bright,identity,global_direct,0.016824688762426376
2157,homogeneous_bright,identity,spatial2_direct,0.01382504217326641
2157,homogeneous_bright,identity,global_discrete,0.03623648430220783
2157,homogeneous_bright,identity,spatial2_discrete,0.02813972532749176
2157,homogeneous_bright,identity,global_ttt,0.013434013351798058
2157,homogeneous_bright,identity,spatial2_ttt,0.013112513348460197
2157,homogeneous_bright,global_direct,spatial2_direct,-0.0029996465891599655
2157,homogeneous_bright,global_direct,global_discrete,0.01941179553978145
2157,homogeneous_bright,global_direct,spatial2_discrete,0.011315036565065384
2157,homogeneous_bright,global_direct,global_ttt,-0.003390675410628319
2157,homogeneous_bright,global_direct,spatial2_ttt,-0.003712175413966179
2157,homogeneous_bright,spatial2_direct,global_discrete,0.022411442128941417
2157,homogeneous_bright,spatial2_direct,spatial2_discrete,0.01431468315422535
2157,homogeneous_bright,spatial2_direct,global_ttt,-0.00039102882146835327
2157,homogeneous_bright,spatial2_direct,spatial2_ttt,-0.0007125288248062134
2157,homogeneous_bright,global_discrete,spatial2_discrete,-0.008096758974716067
2157,homogeneous_bright,global_discrete,global_ttt,-0.02280247095040977
2157,homogeneous_bright,global_discrete,spatial2_ttt,-0.02312397095374763
2157,homogeneous_bright,spatial2_discrete,global_ttt,-0.014705711975693703
2157,homogeneous_bright,spatial2_discrete,spatial2_ttt,-0.015027211979031563
2157,homogeneous_bright,global_ttt,spatial2_ttt,-0.0003215000033378601
2157,homogeneous_dark,identity,global_direct,0.030842376872897148
2157,homogeneous_dark,identity,spatial2_direct,0.030842376872897148
2157,homogeneous_dark,identity,global_discrete,0.05297597707249224
2157,homogeneous_dark,identity,spatial2_discrete,0.05082456860691309
2157,homogeneous_dark,identity,global_ttt,0.04694271460175514
2157,homogeneous_dark,identity,spatial2_ttt,0.04492444545030594
2157,homogeneous_dark,global_direct,spatial2_direct,0.0
2157,homogeneous_dark,global_direct,global_discrete,0.022133600199595094
2157,homogeneous_dark,global_direct,spatial2_discrete,0.01998219173401594
2157,homogeneous_dark,global_direct,global_ttt,0.016100337728857994
2157,homogeneous_dark,global_direct,spatial2_ttt,0.01408206857740879
2157,homogeneous_dark,spatial2_direct,global_discrete,0.022133600199595094
2157,homogeneous_dark,spatial2_direct,spatial2_discrete,0.01998219173401594
2157,homogeneous_dark,spatial2_direct,global_ttt,0.016100337728857994
2157,homogeneous_dark,spatial2_direct,spatial2_ttt,0.01408206857740879
2157,homogeneous_dark,global_discrete,spatial2_discrete,-0.002151408465579152
2157,homogeneous_dark,global_discrete,global_ttt,-0.0060332624707371
2157,homogeneous_dark,global_discrete,spatial2_ttt,-0.008051531622186303
2157,homogeneous_dark,spatial2_discrete,global_ttt,-0.0038818540051579475
2157,homogeneous_dark,spatial2_discrete,spatial2_ttt,-0.005900123156607151
2157,homogeneous_dark,global_ttt,spatial2_ttt,-0.0020182691514492035
2157,left_right,identity,global_direct,-0.007273919880390167
2157,left_right,identity,spatial2_direct,0.010364294052124023
2157,left_right,identity,global_discrete,-0.030567266047000885
2157,left_right,identity,spatial2_discrete,-0.013896595686674118
2157,left_right,identity,global_ttt,-0.01253606379032135
2157,left_right,identity,spatial2_ttt,-0.012715734541416168
2157,left_right,global_direct,spatial2_direct,0.01763821393251419
2157,left_right,global_direct,global_discrete,-0.023293346166610718
2157,left_right,global_direct,spatial2_discrete,-0.006622675806283951
2157,left_right,global_direct,global_ttt,-0.005262143909931183
2157,left_right,global_direct,spatial2_ttt,-0.005441814661026001
2157,left_right,spatial2_direct,global_discrete,-0.04093156009912491
2157,left_right,spatial2_direct,spatial2_discrete,-0.02426088973879814
2157,left_right,spatial2_direct,global_ttt,-0.022900357842445374
2157,left_right,spatial2_direct,spatial2_ttt,-0.02308002859354019
2157,left_right,global_discrete,spatial2_discrete,0.016670670360326767
2157,left_right,global_discrete,global_ttt,0.018031202256679535
2157,left_right,global_discrete,spatial2_ttt,0.017851531505584717
2157,left_right,spatial2_discrete,global_ttt,0.001360531896352768
2157,left_right,spatial2_discrete,spatial2_ttt,0.0011808611452579498
2157,left_right,global_ttt,spatial2_ttt,-0.00017967075109481812
2157,quadrants,identity,global_direct,-0.0050987303256988525
2157,quadrants,identity,spatial2_direct,0.011602222919464111
2157,quadrants,identity,global_discrete,0.002911783754825592
2157,quadrants,identity,spatial2_discrete,-0.008043508976697922
2157,quadrants,identity,global_ttt,0.007281821221113205
2157,quadrants,identity,spatial2_ttt,-0.0008476823568344116
2157,quadrants,global_direct,spatial2_direct,0.016700953245162964
2157,quadrants,global_direct,global_discrete,0.008010514080524445
2157,quadrants,global_direct,spatial2_discrete,-0.002944778650999069
2157,quadrants,global_direct,global_ttt,0.012380551546812057
2157,quadrants,global_direct,spatial2_ttt,0.004251047968864441
2157,quadrants,spatial2_direct,global_discrete,-0.00869043916463852
2157,quadrants,spatial2_direct,spatial2_discrete,-0.019645731896162033
2157,quadrants,spatial2_direct,global_ttt,-0.004320401698350906
2157,quadrants,spatial2_direct,spatial2_ttt,-0.012449905276298523
2157,quadrants,global_discrete,spatial2_discrete,-0.010955292731523514
2157,quadrants,global_discrete,global_ttt,0.004370037466287613
2157,quadrants,global_discrete,spatial2_ttt,-0.0037594661116600037
2157,quadrants,spatial2_discrete,global_ttt,0.015325330197811127
2157,quadrants,spatial2_discrete,spatial2_ttt,0.00719582661986351
2157,quadrants,global_ttt,spatial2_ttt,-0.008129503577947617
2157,smooth_gradient,identity,global_direct,0.0
2157,smooth_gradient,identity,spatial2_direct,0.0
2157,smooth_gradient,identity,global_discrete,0.0
2157,smooth_gradient,identity,spatial2_discrete,0.0
2157,smooth_gradient,identity,global_ttt,0.0
2157,smooth_gradient,identity,spatial2_ttt,0.0
2157,smooth_gradient,global_direct,spatial2_direct,0.0
2157,smooth_gradient,global_direct,global_discrete,0.0
2157,smooth_gradient,global_direct,spatial2_discrete,0.0
2157,smooth_gradient,global_direct,global_ttt,0.0
2157,smooth_gradient,global_direct,spatial2_ttt,0.0
2157,smooth_gradient,spatial2_direct,global_discrete,0.0
2157,smooth_gradient,spatial2_direct,spatial2_discrete,0.0
2157,smooth_gradient,spatial2_direct,global_ttt,0.0
2157,smooth_gradient,spatial2_direct,spatial2_ttt,0.0
2157,smooth_gradient,global_discrete,spatial2_discrete,0.0
2157,smooth_gradient,global_discrete,global_ttt,0.0
2157,smooth_gradient,global_discrete,spatial2_ttt,0.0
2157,smooth_gradient,spatial2_discrete,global_ttt,0.0
2157,smooth_gradient,spatial2_discrete,spatial2_ttt,0.0
2157,smooth_gradient,global_ttt,spatial2_ttt,0.0
2261,clean,identity,global_direct,0.0
2261,clean,identity,spatial2_direct,0.0
2261,clean,identity,global_discrete,0.0
2261,clean,identity,spatial2_discrete,0.0
2261,clean,identity,global_ttt,0.0
2261,clean,identity,spatial2_ttt,0.0
2261,clean,global_direct,spatial2_direct,0.0
2261,clean,global_direct,global_discrete,0.0
2261,clean,global_direct,spatial2_discrete,0.0
2261,clean,global_direct,global_ttt,0.0
2261,clean,global_direct,spatial2_ttt,0.0
2261,clean,spatial2_direct,global_discrete,0.0
2261,clean,spatial2_direct,spatial2_discrete,0.0
2261,clean,spatial2_direct,global_ttt,0.0
2261,clean,spatial2_direct,spatial2_ttt,0.0
2261,clean,global_discrete,spatial2_discrete,0.0
2261,clean,global_discrete,global_ttt,0.0
2261,clean,global_discrete,spatial2_ttt,0.0
2261,clean,spatial2_discrete,global_ttt,0.0
2261,clean,spatial2_discrete,spatial2_ttt,0.0
2261,clean,global_ttt,spatial2_ttt,0.0
2261,homogeneous_bright,identity,global_direct,0.06077334890142083
2261,homogeneous_bright,identity,spatial2_direct,0.06077334890142083
2261,homogeneous_bright,identity,global_discrete,0.0574218537658453
2261,homogeneous_bright,identity,spatial2_discrete,0.047331131994724274
2261,homogeneous_bright,identity,global_ttt,0.06005992693826556
2261,homogeneous_bright,identity,spatial2_ttt,0.05999105563387275
2261,homogeneous_bright,global_direct,spatial2_direct,0.0
2261,homogeneous_bright,global_direct,global_discrete,-0.003351495135575533
2261,homogeneous_bright,global_direct,spatial2_discrete,-0.013442216906696558
2261,homogeneous_bright,global_direct,global_ttt,-0.0007134219631552696
2261,homogeneous_bright,global_direct,spatial2_ttt,-0.0007822932675480843
2261,homogeneous_bright,spatial2_direct,global_discrete,-0.003351495135575533
2261,homogeneous_bright,spatial2_direct,spatial2_discrete,-0.013442216906696558
2261,homogeneous_bright,spatial2_direct,global_ttt,-0.0007134219631552696
2261,homogeneous_bright,spatial2_direct,spatial2_ttt,-0.0007822932675480843
2261,homogeneous_bright,global_discrete,spatial2_discrete,-0.010090721771121025
2261,homogeneous_bright,global_discrete,global_ttt,0.0026380731724202633
2261,homogeneous_bright,global_discrete,spatial2_ttt,0.0025692018680274487
2261,homogeneous_bright,spatial2_discrete,global_ttt,0.012728794943541288
2261,homogeneous_bright,spatial2_discrete,spatial2_ttt,0.012659923639148474
2261,homogeneous_bright,global_ttt,spatial2_ttt,-6.887130439281464e-05
2261,homogeneous_dark,identity,global_direct,0.04736059159040451
2261,homogeneous_dark,identity,spatial2_direct,0.046406686305999756
2261,homogeneous_dark,identity,global_discrete,0.10986567637883127
2261,homogeneous_dark,identity,spatial2_discrete,0.08573336340487003
2261,homogeneous_dark,identity,global_ttt,0.10798819293268025
2261,homogeneous_dark,identity,spatial2_ttt,0.10165318194776773
2261,homogeneous_dark,global_direct,spatial2_direct,-0.0009539052844047546
2261,homogeneous_dark,global_direct,global_discrete,0.06250508478842676
2261,homogeneous_dark,global_direct,spatial2_discrete,0.03837277181446552
2261,homogeneous_dark,global_direct,global_ttt,0.06062760134227574
2261,homogeneous_dark,global_direct,spatial2_ttt,0.054292590357363224
2261,homogeneous_dark,spatial2_direct,global_discrete,0.06345899007283151
2261,homogeneous_dark,spatial2_direct,spatial2_discrete,0.03932667709887028
2261,homogeneous_dark,spatial2_direct,global_ttt,0.06158150662668049
2261,homogeneous_dark,spatial2_direct,spatial2_ttt,0.05524649564176798
2261,homogeneous_dark,global_discrete,spatial2_discrete,-0.024132312973961234
2261,homogeneous_dark,global_discrete,global_ttt,-0.0018774834461510181
2261,homogeneous_dark,global_discrete,spatial2_ttt,-0.008212494431063533
2261,homogeneous_dark,spatial2_discrete,global_ttt,0.022254829527810216
2261,homogeneous_dark,spatial2_discrete,spatial2_ttt,0.0159198185428977
2261,homogeneous_dark,global_ttt,spatial2_ttt,-0.006335010984912515
2261,left_right,identity,global_direct,0.0
2261,left_right,identity,spatial2_direct,0.05297492444515228
2261,left_right,identity,global_discrete,0.02657904475927353
2261,left_right,identity,spatial2_discrete,0.051826853305101395
2261,left_right,identity,global_ttt,0.040599092841148376
2261,left_right,identity,spatial2_ttt,0.07523307390511036
2261,left_right,global_direct,spatial2_direct,0.05297492444515228
2261,left_right,global_direct,global_discrete,0.02657904475927353
2261,left_right,global_direct,spatial2_discrete,0.051826853305101395
2261,left_right,global_direct,global_ttt,0.040599092841148376
2261,left_right,global_direct,spatial2_ttt,0.07523307390511036
2261,left_right,spatial2_direct,global_discrete,-0.026395879685878754
2261,left_right,spatial2_direct,spatial2_discrete,-0.001148071140050888
2261,left_right,spatial2_direct,global_ttt,-0.012375831604003906
2261,left_right,spatial2_direct,spatial2_ttt,0.022258149459958076
2261,left_right,global_discrete,spatial2_discrete,0.025247808545827866
2261,left_right,global_discrete,global_ttt,0.014020048081874847
2261,left_right,global_discrete,spatial2_ttt,0.04865402914583683
2261,left_right,spatial2_discrete,global_ttt,-0.011227760463953018
2261,left_right,spatial2_discrete,spatial2_ttt,0.023406220600008965
2261,left_right,global_ttt,spatial2_ttt,0.03463398106396198
2261,quadrants,identity,global_direct,0.00759810209274292
2261,quadrants,identity,spatial2_direct,0.026714414358139038
2261,quadrants,identity,global_discrete,0.024466529488563538
2261,quadrants,identity,spatial2_discrete,0.011091306805610657
2261,quadrants,identity,global_ttt,0.029063060879707336
2261,quadrants,identity,spatial2_ttt,0.027606341987848282
2261,quadrants,global_direct,spatial2_direct,0.019116312265396118
2261,quadrants,global_direct,global_discrete,0.016868427395820618
2261,quadrants,global_direct,spatial2_discrete,0.003493204712867737
2261,quadrants,global_direct,global_ttt,0.021464958786964417
2261,quadrants,global_direct,spatial2_ttt,0.020008239895105362
2261,quadrants,spatial2_direct,global_discrete,-0.0022478848695755005
2261,quadrants,spatial2_direct,spatial2_discrete,-0.015623107552528381
2261,quadrants,spatial2_direct,global_ttt,0.0023486465215682983
2261,quadrants,spatial2_direct,spatial2_ttt,0.0008919276297092438
2261,quadrants,global_discrete,spatial2_discrete,-0.01337522268295288
2261,quadrants,global_discrete,global_ttt,0.004596531391143799
2261,quadrants,global_discrete,spatial2_ttt,0.0031398124992847443
2261,quadrants,spatial2_discrete,global_ttt,0.01797175407409668
2261,quadrants,spatial2_discrete,spatial2_ttt,0.016515035182237625
2261,quadrants,global_ttt,spatial2_ttt,-0.0014567188918590546
2261,smooth_gradient,identity,global_direct,0.0014223866164684296
2261,smooth_gradient,identity,spatial2_direct,0.006238400936126709
2261,smooth_gradient,identity,global_discrete,-0.018671410158276558
2261,smooth_gradient,identity,spatial2_discrete,-0.024941762909293175
2261,smooth_gradient,identity,global_ttt,0.0032685380429029465
2261,smooth_gradient,identity,spatial2_ttt,-0.003428058698773384
2261,smooth_gradient,global_direct,spatial2_direct,0.004816014319658279
2261,smooth_gradient,global_direct,global_discrete,-0.020093796774744987
2261,smooth_gradient,global_direct,spatial2_discrete,-0.026364149525761604
2261,smooth_gradient,global_direct,global_ttt,0.001846151426434517
2261,smooth_gradient,global_direct,spatial2_ttt,-0.004850445315241814
2261,smooth_gradient,spatial2_direct,global_discrete,-0.024909811094403267
2261,smooth_gradient,spatial2_direct,spatial2_discrete,-0.031180163845419884
2261,smooth_gradient,spatial2_direct,global_ttt,-0.0029698628932237625
2261,smooth_gradient,spatial2_direct,spatial2_ttt,-0.009666459634900093
2261,smooth_gradient,global_discrete,spatial2_discrete,-0.006270352751016617
2261,smooth_gradient,global_discrete,global_ttt,0.021939948201179504
2261,smooth_gradient,global_discrete,spatial2_ttt,0.015243351459503174
2261,smooth_gradient,spatial2_discrete,global_ttt,0.02821030095219612
2261,smooth_gradient,spatial2_discrete,spatial2_ttt,0.02151370421051979
2261,smooth_gradient,global_ttt,spatial2_ttt,-0.006696596741676331
2431,clean,identity,global_direct,0.0
2431,clean,identity,spatial2_direct,0.0
2431,clean,identity,global_discrete,0.0
2431,clean,identity,spatial2_discrete,0.0
2431,clean,identity,global_ttt,0.0
2431,clean,identity,spatial2_ttt,0.0
2431,clean,global_direct,spatial2_direct,0.0
2431,clean,global_direct,global_discrete,0.0
2431,clean,global_direct,spatial2_discrete,0.0
2431,clean,global_direct,global_ttt,0.0
2431,clean,global_direct,spatial2_ttt,0.0
2431,clean,spatial2_direct,global_discrete,0.0
2431,clean,spatial2_direct,spatial2_discrete,0.0
2431,clean,spatial2_direct,global_ttt,0.0
2431,clean,spatial2_direct,spatial2_ttt,0.0
2431,clean,global_discrete,spatial2_discrete,0.0
2431,clean,global_discrete,global_ttt,0.0
2431,clean,global_discrete,spatial2_ttt,0.0
2431,clean,spatial2_discrete,global_ttt,0.0
2431,clean,spatial2_discrete,spatial2_ttt,0.0
2431,clean,global_ttt,spatial2_ttt,0.0
2431,homogeneous_bright,identity,global_direct,0.0507563054561615
2431,homogeneous_bright,identity,spatial2_direct,0.044390903785824776
2431,homogeneous_bright,identity,global_discrete,0.047475715167820454
2431,homogeneous_bright,identity,spatial2_discrete,0.02874044142663479
2431,homogeneous_bright,identity,global_ttt,0.05183086032047868
2431,homogeneous_bright,identity,spatial2_ttt,0.049394266679883
2431,homogeneous_bright,global_direct,spatial2_direct,-0.006365401670336723
2431,homogeneous_bright,global_direct,global_discrete,-0.0032805902883410454
2431,homogeneous_bright,global_direct,spatial2_discrete,-0.02201586402952671
2431,homogeneous_bright,global_direct,global_ttt,0.0010745548643171787
2431,homogeneous_bright,global_direct,spatial2_ttt,-0.0013620387762784958
2431,homogeneous_bright,spatial2_direct,global_discrete,0.003084811381995678
2431,homogeneous_bright,spatial2_direct,spatial2_discrete,-0.015650462359189987
2431,homogeneous_bright,spatial2_direct,global_ttt,0.007439956534653902
2431,homogeneous_bright,spatial2_direct,spatial2_ttt,0.0050033628940582275
2431,homogeneous_bright,global_discrete,spatial2_discrete,-0.018735273741185665
2431,homogeneous_bright,global_discrete,global_ttt,0.004355145152658224
2431,homogeneous_bright,global_discrete,spatial2_ttt,0.0019185515120625496
2431,homogeneous_bright,spatial2_discrete,global_ttt,0.02309041889384389
2431,homogeneous_bright,spatial2_discrete,spatial2_ttt,0.020653825253248215
2431,homogeneous_bright,global_ttt,spatial2_ttt,-0.0024365936405956745
2431,homogeneous_dark,identity,global_direct,0.04443629831075668
2431,homogeneous_dark,identity,spatial2_direct,0.04443629831075668
2431,homogeneous_dark,identity,global_discrete,0.07779721694532782
2431,homogeneous_dark,identity,spatial2_discrete,0.07776697678491473
2431,homogeneous_dark,identity,global_ttt,0.07325821556150913
2431,homogeneous_dark,identity,spatial2_ttt,0.0754205898847431
2431,homogeneous_dark,global_direct,spatial2_direct,0.0
2431,homogeneous_dark,global_direct,global_discrete,0.033360918634571135
2431,homogeneous_dark,global_direct,spatial2_discrete,0.03333067847415805
2431,homogeneous_dark,global_direct,global_ttt,0.02882191725075245
2431,homogeneous_dark,global_direct,spatial2_ttt,0.03098429157398641
2431,homogeneous_dark,spatial2_direct,global_discrete,0.033360918634571135
2431,homogeneous_dark,spatial2_direct,spatial2_discrete,0.03333067847415805
2431,homogeneous_dark,spatial2_direct,global_ttt,0.02882191725075245
2431,homogeneous_dark,spatial2_direct,spatial2_ttt,0.03098429157398641
2431,homogeneous_dark,global_discrete,spatial2_discrete,-3.0240160413086414e-05
2431,homogeneous_dark,global_discrete,global_ttt,-0.004539001383818686
2431,homogeneous_dark,global_discrete,spatial2_ttt,-0.002376627060584724
2431,homogeneous_dark,spatial2_discrete,global_ttt,-0.0045087612234056
2431,homogeneous_dark,spatial2_discrete,spatial2_ttt,-0.0023463869001716375
2431,homogeneous_dark,global_ttt,spatial2_ttt,0.002162374323233962
2431,left_right,identity,global_direct,-0.0043416619300842285
2431,left_right,identity,spatial2_direct,0.028595346957445145
2431,left_right,identity,global_discrete,-0.019033044576644897
2431,left_right,identity,spatial2_discrete,0.014907024800777435
2431,left_right,identity,global_ttt,-0.032304540276527405
2431,left_right,identity,spatial2_ttt,0.05152273736894131
2431,left_right,global_direct,spatial2_direct,0.03293700888752937
2431,left_right,global_direct,global_discrete,-0.014691382646560669
2431,left_right,global_direct,spatial2_discrete,0.019248686730861664
2431,left_right,global_direct,global_ttt,-0.027962878346443176
2431,left_right,global_direct,spatial2_ttt,0.055864399299025536
2431,left_right,spatial2_direct,global_discrete,-0.04762839153409004
2431,left_right,spatial2_direct,spatial2_discrete,-0.01368832215666771
2431,left_right,spatial2_direct,global_ttt,-0.06089988723397255
2431,left_right,spatial2_direct,spatial2_ttt,0.022927390411496162
2431,left_right,global_discrete,spatial2_discrete,0.03394006937742233
2431,left_right,global_discrete,global_ttt,-0.013271495699882507
2431,left_right,global_discrete,spatial2_ttt,0.0705557819455862
2431,left_right,spatial2_discrete,global_ttt,-0.04721156507730484
2431,left_right,spatial2_discrete,spatial2_ttt,0.03661571256816387
2431,left_right,global_ttt,spatial2_ttt,0.08382727764546871
2431,quadrants,identity,global_direct,7.450580596923828e-09
2431,quadrants,identity,spatial2_direct,0.02847139909863472
2431,quadrants,identity,global_discrete,0.009106539189815521
2431,quadrants,identity,spatial2_discrete,0.035342153161764145
2431,quadrants,identity,global_ttt,0.018514595925807953
2431,quadrants,identity,spatial2_ttt,0.03494338318705559
2431,quadrants,global_direct,spatial2_direct,0.028471391648054123
2431,quadrants,global_direct,global_discrete,0.009106531739234924
2431,quadrants,global_direct,spatial2_discrete,0.03534214571118355
2431,quadrants,global_direct,global_ttt,0.018514588475227356
2431,quadrants,global_direct,spatial2_ttt,0.03494337573647499
2431,quadrants,spatial2_direct,global_discrete,-0.0193648599088192
2431,quadrants,spatial2_direct,spatial2_discrete,0.006870754063129425
2431,quadrants,spatial2_direct,global_ttt,-0.009956803172826767
2431,quadrants,spatial2_direct,spatial2_ttt,0.006471984088420868
2431,quadrants,global_discrete,spatial2_discrete,0.026235613971948624
2431,quadrants,global_discrete,global_ttt,0.009408056735992432
2431,quadrants,global_discrete,spatial2_ttt,0.025836843997240067
2431,quadrants,spatial2_discrete,global_ttt,-0.016827557235956192
2431,quadrants,spatial2_discrete,spatial2_ttt,-0.00039876997470855713
2431,quadrants,global_ttt,spatial2_ttt,0.016428787261247635
2431,smooth_gradient,identity,global_direct,0.0
2431,smooth_gradient,identity,spatial2_direct,0.0
2431,smooth_gradient,identity,global_discrete,0.0
2431,smooth_gradient,identity,spatial2_discrete,0.0
2431,smooth_gradient,identity,global_ttt,0.0
2431,smooth_gradient,identity,spatial2_ttt,0.0
2431,smooth_gradient,global_direct,spatial2_direct,0.0
2431,smooth_gradient,global_direct,global_discrete,0.0
2431,smooth_gradient,global_direct,spatial2_discrete,0.0
2431,smooth_gradient,global_direct,global_ttt,0.0
2431,smooth_gradient,global_direct,spatial2_ttt,0.0
2431,smooth_gradient,spatial2_direct,global_discrete,0.0
2431,smooth_gradient,spatial2_direct,spatial2_discrete,0.0
2431,smooth_gradient,spatial2_direct,global_ttt,0.0
2431,smooth_gradient,spatial2_direct,spatial2_ttt,0.0
2431,smooth_gradient,global_discrete,spatial2_discrete,0.0
2431,smooth_gradient,global_discrete,global_ttt,0.0
2431,smooth_gradient,global_discrete,spatial2_ttt,0.0
2431,smooth_gradient,spatial2_discrete,global_ttt,0.0
2431,smooth_gradient,spatial2_discrete,spatial2_ttt,0.0
2431,smooth_gradient,global_ttt,spatial2_ttt,0.0
2473,clean,identity,global_direct,0.0
2473,clean,identity,spatial2_direct,0.0
2473,clean,identity,global_discrete,0.0
2473,clean,identity,spatial2_discrete,0.0
2473,clean,identity,global_ttt,0.0
2473,clean,identity,spatial2_ttt,0.0
2473,clean,global_direct,spatial2_direct,0.0
2473,clean,global_direct,global_discrete,0.0
2473,clean,global_direct,spatial2_discrete,0.0
2473,clean,global_direct,global_ttt,0.0
2473,clean,global_direct,spatial2_ttt,0.0
2473,clean,spatial2_direct,global_discrete,0.0
2473,clean,spatial2_direct,spatial2_discrete,0.0
2473,clean,spatial2_direct,global_ttt,0.0
2473,clean,spatial2_direct,spatial2_ttt,0.0
2473,clean,global_discrete,spatial2_discrete,0.0
2473,clean,global_discrete,global_ttt,0.0
2473,clean,global_discrete,spatial2_ttt,0.0
2473,clean,spatial2_discrete,global_ttt,0.0
2473,clean,spatial2_discrete,spatial2_ttt,0.0
2473,clean,global_ttt,spatial2_ttt,0.0
2473,homogeneous_bright,identity,global_direct,0.03069734387099743
2473,homogeneous_bright,identity,spatial2_direct,0.020548777654767036
2473,homogeneous_bright,identity,global_discrete,-0.005332667380571365
2473,homogeneous_bright,identity,spatial2_discrete,0.01689641922712326
2473,homogeneous_bright,identity,global_ttt,0.026031602174043655
2473,homogeneous_bright,identity,spatial2_ttt,0.02529104333370924
2473,homogeneous_bright,global_direct,spatial2_direct,-0.010148566216230392
2473,homogeneous_bright,global_direct,global_discrete,-0.036030011251568794
2473,homogeneous_bright,global_direct,spatial2_discrete,-0.013800924643874168
2473,homogeneous_bright,global_direct,global_ttt,-0.0046657416969537735
2473,homogeneous_bright,global_direct,spatial2_ttt,-0.005406300537288189
2473,homogeneous_bright,spatial2_direct,global_discrete,-0.025881445035338402
2473,homogeneous_bright,spatial2_direct,spatial2_discrete,-0.003652358427643776
2473,homogeneous_bright,spatial2_direct,global_ttt,0.005482824519276619
2473,homogeneous_bright,spatial2_direct,spatial2_ttt,0.0047422656789422035
2473,homogeneous_bright,global_discrete,spatial2_discrete,0.022229086607694626
2473,homogeneous_bright,global_discrete,global_ttt,0.03136426955461502
2473,homogeneous_bright,global_discrete,spatial2_ttt,0.030623710714280605
2473,homogeneous_bright,spatial2_discrete,global_ttt,0.009135182946920395
2473,homogeneous_bright,spatial2_discrete,spatial2_ttt,0.00839462410658598
2473,homogeneous_bright,global_ttt,spatial2_ttt,-0.0007405588403344154
2473,homogeneous_dark,identity,global_direct,0.013710364699363708
2473,homogeneous_dark,identity,spatial2_direct,0.010827511548995972
2473,homogeneous_dark,identity,global_discrete,0.05411749333143234
2473,homogeneous_dark,identity,spatial2_discrete,0.01150587946176529
2473,homogeneous_dark,identity,global_ttt,0.048422154039144516
2473,homogeneous_dark,identity,spatial2_ttt,0.04004081338644028
2473,homogeneous_dark,global_direct,spatial2_direct,-0.002882853150367737
2473,homogeneous_dark,global_direct,global_discrete,0.040407128632068634
2473,homogeneous_dark,global_direct,spatial2_discrete,-0.002204485237598419
2473,homogeneous_dark,global_direct,global_ttt,0.03471178933978081
2473,homogeneous_dark,global_direct,spatial2_ttt,0.02633044868707657
2473,homogeneous_dark,spatial2_direct,global_discrete,0.04328998178243637
2473,homogeneous_dark,spatial2_direct,spatial2_discrete,0.0006783679127693176
2473,homogeneous_dark,spatial2_direct,global_ttt,0.037594642490148544
2473,homogeneous_dark,spatial2_direct,spatial2_ttt,0.029213301837444305
2473,homogeneous_dark,global_discrete,spatial2_discrete,-0.04261161386966705
2473,homogeneous_dark,global_discrete,global_ttt,-0.0056953392922878265
2473,homogeneous_dark,global_discrete,spatial2_ttt,-0.014076679944992065
2473,homogeneous_dark,spatial2_discrete,global_ttt,0.03691627457737923
2473,homogeneous_dark,spatial2_discrete,spatial2_ttt,0.028534933924674988
2473,homogeneous_dark,global_ttt,spatial2_ttt,-0.008381340652704239
2473,left_right,identity,global_direct,0.0019690319895744324
2473,left_right,identity,spatial2_direct,0.013046395033597946
2473,left_right,identity,global_discrete,-0.04673845320940018
2473,left_right,identity,spatial2_discrete,-0.00984840840101242
2473,left_right,identity,global_ttt,-0.018160775303840637
2473,left_right,identity,spatial2_ttt,-0.027464821934700012
2473,left_right,global_direct,spatial2_direct,0.011077363044023514
2473,left_right,global_direct,global_discrete,-0.04870748519897461
2473,left_right,global_direct,spatial2_discrete,-0.011817440390586853
2473,left_right,global_direct,global_ttt,-0.02012980729341507
2473,left_right,global_direct,spatial2_ttt,-0.029433853924274445
2473,left_right,spatial2_direct,global_discrete,-0.05978484824299812
2473,left_right,spatial2_direct,spatial2_discrete,-0.022894803434610367
2473,left_right,spatial2_direct,global_ttt,-0.031207170337438583
2473,left_right,spatial2_direct,spatial2_ttt,-0.04051121696829796
2473,left_right,global_discrete,spatial2_discrete,0.036890044808387756
2473,left_right,global_discrete,global_ttt,0.02857767790555954
2473,left_right,global_discrete,spatial2_ttt,0.019273631274700165
2473,left_right,spatial2_discrete,global_ttt,-0.008312366902828217
2473,left_right,spatial2_discrete,spatial2_ttt,-0.01761641353368759
2473,left_right,global_ttt,spatial2_ttt,-0.009304046630859375
2473,quadrants,identity,global_direct,-0.0006756633520126343
2473,quadrants,identity,spatial2_direct,0.007323563098907471
2473,quadrants,identity,global_discrete,-0.012721411883831024
2473,quadrants,identity,spatial2_discrete,-0.04622286558151245
2473,quadrants,identity,global_ttt,0.003744058310985565
2473,quadrants,identity,spatial2_ttt,-0.0009802505373954773
2473,quadrants,global_direct,spatial2_direct,0.007999226450920105
2473,quadrants,global_direct,global_discrete,-0.01204574853181839
2473,quadrants,global_direct,spatial2_discrete,-0.04554720222949982
2473,quadrants,global_direct,global_ttt,0.0044197216629981995
2473,quadrants,global_direct,spatial2_ttt,-0.000304587185382843
2473,quadrants,spatial2_direct,global_discrete,-0.020044974982738495
2473,quadrants,spatial2_direct,spatial2_discrete,-0.05354642868041992
2473,quadrants,spatial2_direct,global_ttt,-0.0035795047879219055
2473,quadrants,spatial2_direct,spatial2_ttt,-0.008303813636302948
2473,quadrants,global_discrete,spatial2_discrete,-0.03350145369768143
2473,quadrants,global_discrete,global_ttt,0.01646547019481659
2473,quadrants,global_discrete,spatial2_ttt,0.011741161346435547
2473,quadrants,spatial2_discrete,global_ttt,0.049966923892498016
2473,quadrants,spatial2_discrete,spatial2_ttt,0.045242615044116974
2473,quadrants,global_ttt,spatial2_ttt,-0.0047243088483810425
2473,smooth_gradient,identity,global_direct,-0.0004484932869672775
2473,smooth_gradient,identity,spatial2_direct,-0.0003837738186120987
2473,smooth_gradient,identity,global_discrete,-0.020901696756482124
2473,smooth_gradient,identity,spatial2_discrete,-0.03357669524848461
2473,smooth_gradient,identity,global_ttt,-0.0031140297651290894
2473,smooth_gradient,identity,spatial2_ttt,-0.013179672881960869
2473,smooth_gradient,global_direct,spatial2_direct,6.471946835517883e-05
2473,smooth_gradient,global_direct,global_discrete,-0.020453203469514847
2473,smooth_gradient,global_direct,spatial2_discrete,-0.033128201961517334
2473,smooth_gradient,global_direct,global_ttt,-0.002665536478161812
2473,smooth_gradient,global_direct,spatial2_ttt,-0.012731179594993591
2473,smooth_gradient,spatial2_direct,global_discrete,-0.020517922937870026
2473,smooth_gradient,spatial2_direct,spatial2_discrete,-0.03319292142987251
2473,smooth_gradient,spatial2_direct,global_ttt,-0.0027302559465169907
2473,smooth_gradient,spatial2_direct,spatial2_ttt,-0.01279589906334877
2473,smooth_gradient,global_discrete,spatial2_discrete,-0.012674998492002487
2473,smooth_gradient,global_discrete,global_ttt,0.017787666991353035
2473,smooth_gradient,global_discrete,spatial2_ttt,0.0077220238745212555
2473,smooth_gradient,spatial2_discrete,global_ttt,0.030462665483355522
2473,smooth_gradient,spatial2_discrete,spatial2_ttt,0.020397022366523743
2473,smooth_gradient,global_ttt,spatial2_ttt,-0.01006564311683178
2532,clean,identity,global_direct,0.0
2532,clean,identity,spatial2_direct,0.0
2532,clean,identity,global_discrete,0.0
2532,clean,identity,spatial2_discrete,0.0
2532,clean,identity,global_ttt,0.0
2532,clean,identity,spatial2_ttt,0.0
2532,clean,global_direct,spatial2_direct,0.0
2532,clean,global_direct,global_discrete,0.0
2532,clean,global_direct,spatial2_discrete,0.0
2532,clean,global_direct,global_ttt,0.0
2532,clean,global_direct,spatial2_ttt,0.0
2532,clean,spatial2_direct,global_discrete,0.0
2532,clean,spatial2_direct,spatial2_discrete,0.0
2532,clean,spatial2_direct,global_ttt,0.0
2532,clean,spatial2_direct,spatial2_ttt,0.0
2532,clean,global_discrete,spatial2_discrete,0.0
2532,clean,global_discrete,global_ttt,0.0
2532,clean,global_discrete,spatial2_ttt,0.0
2532,clean,spatial2_discrete,global_ttt,0.0
2532,clean,spatial2_discrete,spatial2_ttt,0.0
2532,clean,global_ttt,spatial2_ttt,0.0
2532,homogeneous_bright,identity,global_direct,0.0297425901517272
2532,homogeneous_bright,identity,spatial2_direct,0.0297425901517272
2532,homogeneous_bright,identity,global_discrete,0.029439295642077923
2532,homogeneous_bright,identity,spatial2_discrete,0.027210389263927937
2532,homogeneous_bright,identity,global_ttt,0.027439674362540245
2532,homogeneous_bright,identity,spatial2_ttt,0.02650846540927887
2532,homogeneous_bright,global_direct,spatial2_direct,0.0
2532,homogeneous_bright,global_direct,global_discrete,-0.00030329450964927673
2532,homogeneous_bright,global_direct,spatial2_discrete,-0.002532200887799263
2532,homogeneous_bright,global_direct,global_ttt,-0.0023029157891869545
2532,homogeneous_bright,global_direct,spatial2_ttt,-0.00323412474244833
2532,homogeneous_bright,spatial2_direct,global_discrete,-0.00030329450964927673
2532,homogeneous_bright,spatial2_direct,spatial2_discrete,-0.002532200887799263
2532,homogeneous_bright,spatial2_direct,global_ttt,-0.0023029157891869545
2532,homogeneous_bright,spatial2_direct,spatial2_ttt,-0.00323412474244833
2532,homogeneous_bright,global_discrete,spatial2_discrete,-0.0022289063781499863
2532,homogeneous_bright,global_discrete,global_ttt,-0.0019996212795376778
2532,homogeneous_bright,global_discrete,spatial2_ttt,-0.002930830232799053
2532,homogeneous_bright,spatial2_discrete,global_ttt,0.0002292850986123085
2532,homogeneous_bright,spatial2_discrete,spatial2_ttt,-0.0007019238546490669
2532,homogeneous_bright,global_ttt,spatial2_ttt,-0.0009312089532613754
2532,homogeneous_dark,identity,global_direct,0.035691216588020325
2532,homogeneous_dark,identity,spatial2_direct,0.0236649289727211
2532,homogeneous_dark,identity,global_discrete,0.07033980265259743
2532,homogeneous_dark,identity,spatial2_discrete,0.04572106897830963
2532,homogeneous_dark,identity,global_ttt,0.08175322413444519
2532,homogeneous_dark,identity,spatial2_ttt,0.05840729922056198
2532,homogeneous_dark,global_direct,spatial2_direct,-0.012026287615299225
2532,homogeneous_dark,global_direct,global_discrete,0.0346485860645771
2532,homogeneous_dark,global_direct,spatial2_discrete,0.010029852390289307
2532,homogeneous_dark,global_direct,global_ttt,0.046062007546424866
2532,homogeneous_dark,global_direct,spatial2_ttt,0.022716082632541656
2532,homogeneous_dark,spatial2_direct,global_discrete,0.04667487367987633
2532,homogeneous_dark,spatial2_direct,spatial2_discrete,0.02205614000558853
2532,homogeneous_dark,spatial2_direct,global_ttt,0.05808829516172409
2532,homogeneous_dark,spatial2_direct,spatial2_ttt,0.03474237024784088
2532,homogeneous_dark,global_discrete,spatial2_discrete,-0.024618733674287796
2532,homogeneous_dark,global_discrete,global_ttt,0.011413421481847763
2532,homogeneous_dark,global_discrete,spatial2_ttt,-0.011932503432035446
2532,homogeneous_dark,spatial2_discrete,global_ttt,0.03603215515613556
2532,homogeneous_dark,spatial2_discrete,spatial2_ttt,0.01268623024225235
2532,homogeneous_dark,global_ttt,spatial2_ttt,-0.02334592491388321
2532,left_right,identity,global_direct,0.002405114471912384
2532,left_right,identity,spatial2_direct,0.021174214780330658
2532,left_right,identity,global_discrete,0.010556511580944061
2532,left_right,identity,spatial2_discrete,0.019575148820877075
2532,left_right,identity,global_ttt,0.03103599324822426
2532,left_right,identity,spatial2_ttt,0.008172310888767242
2532,left_right,global_direct,spatial2_direct,0.018769100308418274
2532,left_right,global_direct,global_discrete,0.008151397109031677
2532,left_right,global_direct,spatial2_discrete,0.01717003434896469
2532,left_right,global_direct,global_ttt,0.028630878776311874
2532,left_right,global_direct,spatial2_ttt,0.005767196416854858
2532,left_right,spatial2_direct,global_discrete,-0.010617703199386597
2532,left_right,spatial2_direct,spatial2_discrete,-0.0015990659594535828
2532,left_right,spatial2_direct,global_ttt,0.0098617784678936
2532,left_right,spatial2_direct,spatial2_ttt,-0.013001903891563416
2532,left_right,global_discrete,spatial2_discrete,0.009018637239933014
2532,left_right,global_discrete,global_ttt,0.020479481667280197
2532,left_right,global_discrete,spatial2_ttt,-0.002384200692176819
2532,left_right,spatial2_discrete,global_ttt,0.011460844427347183
2532,left_right,spatial2_discrete,spatial2_ttt,-0.011402837932109833
2532,left_right,global_ttt,spatial2_ttt,-0.022863682359457016
2532,quadrants,identity,global_direct,0.0014996230602264404
2532,quadrants,identity,spatial2_direct,0.013189196586608887
2532,quadrants,identity,global_discrete,0.016024872660636902
2532,quadrants,identity,spatial2_discrete,0.0011635273694992065
2532,quadrants,identity,global_ttt,0.029666315764188766
2532,quadrants,identity,spatial2_ttt,-0.001420930027961731
2532,quadrants,global_direct,spatial2_direct,0.011689573526382446
2532,quadrants,global_direct,global_discrete,0.014525249600410461
2532,quadrants,global_direct,spatial2_discrete,-0.0003360956907272339
2532,quadrants,global_direct,global_ttt,0.028166692703962326
2532,quadrants,global_direct,spatial2_ttt,-0.0029205530881881714
2532,quadrants,spatial2_direct,global_discrete,0.002835676074028015
2532,quadrants,spatial2_direct,spatial2_discrete,-0.01202566921710968
2532,quadrants,spatial2_direct,global_ttt,0.01647711917757988
2532,quadrants,spatial2_direct,spatial2_ttt,-0.014610126614570618
2532,quadrants,global_discrete,spatial2_discrete,-0.014861345291137695
2532,quadrants,global_discrete,global_ttt,0.013641443103551865
2532,quadrants,global_discrete,spatial2_ttt,-0.017445802688598633
2532,quadrants,spatial2_discrete,global_ttt,0.02850278839468956
2532,quadrants,spatial2_discrete,spatial2_ttt,-0.0025844573974609375
2532,quadrants,global_ttt,spatial2_ttt,-0.031087245792150497
2532,smooth_gradient,identity,global_direct,-3.045611083507538e-05
2532,smooth_gradient,identity,spatial2_direct,0.002674700692296028
2532,smooth_gradient,identity,global_discrete,-0.025850709527730942
2532,smooth_gradient,identity,spatial2_discrete,-0.030634470283985138
2532,smooth_gradient,identity,global_ttt,0.0018492471426725388
2532,smooth_gradient,identity,spatial2_ttt,0.0018308218568563461
2532,smooth_gradient,global_direct,spatial2_direct,0.0027051568031311035
2532,smooth_gradient,global_direct,global_discrete,-0.025820253416895866
2532,smooth_gradient,global_direct,spatial2_discrete,-0.030604014173150063
2532,smooth_gradient,global_direct,global_ttt,0.0018797032535076141
2532,smooth_gradient,global_direct,spatial2_ttt,0.0018612779676914215
2532,smooth_gradient,spatial2_direct,global_discrete,-0.02852541022002697
2532,smooth_gradient,spatial2_direct,spatial2_discrete,-0.033309170976281166
2532,smooth_gradient,spatial2_direct,global_ttt,-0.0008254535496234894
2532,smooth_gradient,spatial2_direct,spatial2_ttt,-0.000843878835439682
2532,smooth_gradient,global_discrete,spatial2_discrete,-0.004783760756254196
2532,smooth_gradient,global_discrete,global_ttt,0.02769995667040348
2532,smooth_gradient,global_discrete,spatial2_ttt,0.027681531384587288
2532,smooth_gradient,spatial2_discrete,global_ttt,0.03248371742665768
2532,smooth_gradient,spatial2_discrete,spatial2_ttt,0.032465292140841484
2532,smooth_gradient,global_ttt,spatial2_ttt,-1.8425285816192627e-05
2587,clean,identity,global_direct,-0.010318061336874962
2587,clean,identity,spatial2_direct,-0.010318061336874962
2587,clean,identity,global_discrete,-0.03006901778280735
2587,clean,identity,spatial2_discrete,-0.013986188918352127
2587,clean,identity,global_ttt,-0.0025019210297614336
2587,clean,identity,spatial2_ttt,-0.011502801440656185
2587,clean,global_direct,spatial2_direct,0.0
2587,clean,global_direct,global_discrete,-0.01975095644593239
2587,clean,global_direct,spatial2_discrete,-0.0036681275814771652
2587,clean,global_direct,global_ttt,0.007816140307113528
2587,clean,global_direct,spatial2_ttt,-0.0011847401037812233
2587,clean,spatial2_direct,global_discrete,-0.01975095644593239
2587,clean,spatial2_direct,spatial2_discrete,-0.0036681275814771652
2587,clean,spatial2_direct,global_ttt,0.007816140307113528
2587,clean,spatial2_direct,spatial2_ttt,-0.0011847401037812233
2587,clean,global_discrete,spatial2_discrete,0.016082828864455223
2587,clean,global_discrete,global_ttt,0.027567096753045917
2587,clean,global_discrete,spatial2_ttt,0.018566216342151165
2587,clean,spatial2_discrete,global_ttt,0.011484267888590693
2587,clean,spatial2_discrete,spatial2_ttt,0.002483387477695942
2587,clean,global_ttt,spatial2_ttt,-0.009000880410894752
2587,homogeneous_bright,identity,global_direct,0.028178285574540496
2587,homogeneous_bright,identity,spatial2_direct,0.028178285574540496
2587,homogeneous_bright,identity,global_discrete,0.026285857195034623
2587,homogeneous_bright,identity,spatial2_discrete,0.022477903869003057
2587,homogeneous_bright,identity,global_ttt,0.023628449998795986
2587,homogeneous_bright,identity,spatial2_ttt,0.023721797857433558
2587,homogeneous_bright,global_direct,spatial2_direct,0.0
2587,homogeneous_bright,global_direct,global_discrete,-0.0018924283795058727
2587,homogeneous_bright,global_direct,spatial2_discrete,-0.005700381705537438
2587,homogeneous_bright,global_direct,global_ttt,-0.00454983557574451
2587,homogeneous_bright,global_direct,spatial2_ttt,-0.004456487717106938
2587,homogeneous_bright,spatial2_direct,global_discrete,-0.0018924283795058727
2587,homogeneous_bright,spatial2_direct,spatial2_discrete,-0.005700381705537438
2587,homogeneous_bright,spatial2_direct,global_ttt,-0.00454983557574451
2587,homogeneous_bright,spatial2_direct,spatial2_ttt,-0.004456487717106938
2587,homogeneous_bright,global_discrete,spatial2_discrete,-0.0038079533260315657
2587,homogeneous_bright,global_discrete,global_ttt,-0.002657407196238637
2587,homogeneous_bright,global_discrete,spatial2_ttt,-0.0025640593376010656
2587,homogeneous_bright,spatial2_discrete,global_ttt,0.0011505461297929287
2587,homogeneous_bright,spatial2_discrete,spatial2_ttt,0.0012438939884305
2587,homogeneous_bright,global_ttt,spatial2_ttt,9.334785863757133e-05
2587,homogeneous_dark,identity,global_direct,0.0
2587,homogeneous_dark,identity,spatial2_direct,0.0015729144215583801
2587,homogeneous_dark,identity,global_discrete,0.020482076331973076
2587,homogeneous_dark,identity,spatial2_discrete,0.005469266325235367
2587,homogeneous_dark,identity,global_ttt,0.008160678669810295
2587,homogeneous_dark,identity,spatial2_ttt,0.010396625846624374
2587,homogeneous_dark,global_direct,spatial2_direct,0.0015729144215583801
2587,homogeneous_dark,global_direct,global_discrete,0.020482076331973076
2587,homogeneous_dark,global_direct,spatial2_discrete,0.005469266325235367
2587,homogeneous_dark,global_direct,global_ttt,0.008160678669810295
2587,homogeneous_dark,global_direct,spatial2_ttt,0.010396625846624374
2587,homogeneous_dark,spatial2_direct,global_discrete,0.018909161910414696
2587,homogeneous_dark,spatial2_direct,spatial2_discrete,0.0038963519036769867
2587,homogeneous_dark,spatial2_direct,global_ttt,0.006587764248251915
2587,homogeneous_dark,spatial2_direct,spatial2_ttt,0.008823711425065994
2587,homogeneous_dark,global_discrete,spatial2_discrete,-0.015012810006737709
2587,homogeneous_dark,global_discrete,global_ttt,-0.01232139766216278
2587,homogeneous_dark,global_discrete,spatial2_ttt,-0.010085450485348701
2587,homogeneous_dark,spatial2_discrete,global_ttt,0.0026914123445749283
2587,homogeneous_dark,spatial2_discrete,spatial2_ttt,0.004927359521389008
2587,homogeneous_dark,global_ttt,spatial2_ttt,0.0022359471768140793
2587,left_right,identity,global_direct,0.0
2587,left_right,identity,spatial2_direct,0.01800115965306759
2587,left_right,identity,global_discrete,0.0052994247525930405
2587,left_right,identity,spatial2_discrete,0.0010857433080673218
2587,left_right,identity,global_ttt,0.0013524927198886871
2587,left_right,identity,spatial2_ttt,0.0002978108823299408
2587,left_right,global_direct,spatial2_direct,0.01800115965306759
2587,left_right,global_direct,global_discrete,0.0052994247525930405
2587,left_right,global_direct,spatial2_discrete,0.0010857433080673218
2587,left_right,global_direct,global_ttt,0.0013524927198886871
2587,left_right,global_direct,spatial2_ttt,0.0002978108823299408
2587,left_right,spatial2_direct,global_discrete,-0.012701734900474548
2587,left_right,spatial2_direct,spatial2_discrete,-0.016915416345000267
2587,left_right,spatial2_direct,global_ttt,-0.0166486669331789
2587,left_right,spatial2_direct,spatial2_ttt,-0.017703348770737648
2587,left_right,global_discrete,spatial2_discrete,-0.004213681444525719
2587,left_right,global_discrete,global_ttt,-0.003946932032704353
2587,left_right,global_discrete,spatial2_ttt,-0.0050016138702631
2587,left_right,spatial2_discrete,global_ttt,0.00026674941182136536
2587,left_right,spatial2_discrete,spatial2_ttt,-0.000787932425737381
2587,left_right,global_ttt,spatial2_ttt,-0.0010546818375587463
2587,quadrants,identity,global_direct,0.004656683653593063
2587,quadrants,identity,spatial2_direct,0.008508853614330292
2587,quadrants,identity,global_discrete,-0.009037893265485764
2587,quadrants,identity,spatial2_discrete,-0.004705075174570084
2587,quadrants,identity,global_ttt,-0.002850409597158432
2587,quadrants,identity,spatial2_ttt,0.011888565495610237
2587,quadrants,global_direct,spatial2_direct,0.0038521699607372284
2587,quadrants,global_direct,global_discrete,-0.013694576919078827
2587,quadrants,global_direct,spatial2_discrete,-0.009361758828163147
2587,quadrants,global_direct,global_ttt,-0.007507093250751495
2587,quadrants,global_direct,spatial2_ttt,0.007231881842017174
2587,quadrants,spatial2_direct,global_discrete,-0.017546746879816055
2587,quadrants,spatial2_direct,spatial2_discrete,-0.013213928788900375
2587,quadrants,spatial2_direct,global_ttt,-0.011359263211488724
2587,quadrants,spatial2_direct,spatial2_ttt,0.0033797118812799454
2587,quadrants,global_discrete,spatial2_discrete,0.00433281809091568
2587,quadrants,global_discrete,global_ttt,0.0061874836683273315
2587,quadrants,global_discrete,spatial2_ttt,0.020926458761096
2587,quadrants,spatial2_discrete,global_ttt,0.0018546655774116516
2587,quadrants,spatial2_discrete,spatial2_ttt,0.01659364067018032
2587,quadrants,global_ttt,spatial2_ttt,0.014738975092768669
2587,smooth_gradient,identity,global_direct,-0.007893285248428583
2587,smooth_gradient,identity,spatial2_direct,-0.007893285248428583
2587,smooth_gradient,identity,global_discrete,-0.026143003720790148
2587,smooth_gradient,identity,spatial2_discrete,-0.022139834705740213
2587,smooth_gradient,identity,global_ttt,-0.019519249442964792
2587,smooth_gradient,identity,spatial2_ttt,-0.006091990973800421
2587,smooth_gradient,global_direct,spatial2_direct,0.0
2587,smooth_gradient,global_direct,global_discrete,-0.018249718472361565
2587,smooth_gradient,global_direct,spatial2_discrete,-0.01424654945731163
2587,smooth_gradient,global_direct,global_ttt,-0.011625964194536209
2587,smooth_gradient,global_direct,spatial2_ttt,0.0018012942746281624
2587,smooth_gradient,spatial2_direct,global_discrete,-0.018249718472361565
2587,smooth_gradient,spatial2_direct,spatial2_discrete,-0.01424654945731163
2587,smooth_gradient,spatial2_direct,global_ttt,-0.011625964194536209
2587,smooth_gradient,spatial2_direct,spatial2_ttt,0.0018012942746281624
2587,smooth_gradient,global_discrete,spatial2_discrete,0.004003169015049934
2587,smooth_gradient,global_discrete,global_ttt,0.0066237542778253555
2587,smooth_gradient,global_discrete,spatial2_ttt,0.020051012746989727
2587,smooth_gradient,spatial2_discrete,global_ttt,0.002620585262775421
2587,smooth_gradient,spatial2_discrete,spatial2_ttt,0.016047843731939793
2587,smooth_gradient,global_ttt,spatial2_ttt,0.013427258469164371
2592,clean,identity,global_direct,-0.014272980391979218
2592,clean,identity,spatial2_direct,-0.016796408221125603
2592,clean,identity,global_discrete,-0.007342187687754631
2592,clean,identity,spatial2_discrete,-0.0322229377925396
2592,clean,identity,global_ttt,-0.010800977237522602
2592,clean,identity,spatial2_ttt,-0.012000620365142822
2592,clean,global_direct,spatial2_direct,-0.002523427829146385
2592,clean,global_direct,global_discrete,0.0069307927042245865
2592,clean,global_direct,spatial2_discrete,-0.01794995740056038
2592,clean,global_direct,global_ttt,0.0034720031544566154
2592,clean,global_direct,spatial2_ttt,0.0022723600268363953
2592,clean,spatial2_direct,global_discrete,0.009454220533370972
2592,clean,spatial2_direct,spatial2_discrete,-0.015426529571413994
2592,clean,spatial2_direct,global_ttt,0.005995430983603001
2592,clean,spatial2_direct,spatial2_ttt,0.0047957878559827805
2592,clean,global_discrete,spatial2_discrete,-0.024880750104784966
2592,clean,global_discrete,global_ttt,-0.003458789549767971
2592,clean,global_discrete,spatial2_ttt,-0.004658432677388191
2592,clean,spatial2_discrete,global_ttt,0.021421960555016994
2592,clean,spatial2_discrete,spatial2_ttt,0.020222317427396774
2592,clean,global_ttt,spatial2_ttt,-0.0011996431276202202
2592,homogeneous_bright,identity,global_direct,0.0567198779899627
2592,homogeneous_bright,identity,spatial2_direct,0.0567198779899627
2592,homogeneous_bright,identity,global_discrete,0.051024594344198704
2592,homogeneous_bright,identity,spatial2_discrete,0.037131255492568016
2592,homogeneous_bright,identity,global_ttt,0.04673699289560318
2592,homogeneous_bright,identity,spatial2_ttt,0.045627755112946033
2592,homogeneous_bright,global_direct,spatial2_direct,0.0
2592,homogeneous_bright,global_direct,global_discrete,-0.005695283645763993
2592,homogeneous_bright,global_direct,spatial2_discrete,-0.01958862249739468
2592,homogeneous_bright,global_direct,global_ttt,-0.009982885094359517
2592,homogeneous_bright,global_direct,spatial2_ttt,-0.011092122877016664
2592,homogeneous_bright,spatial2_direct,global_discrete,-0.005695283645763993
2592,homogeneous_bright,spatial2_direct,spatial2_discrete,-0.01958862249739468
2592,homogeneous_bright,spatial2_direct,global_ttt,-0.009982885094359517
2592,homogeneous_bright,spatial2_direct,spatial2_ttt,-0.011092122877016664
2592,homogeneous_bright,global_discrete,spatial2_discrete,-0.013893338851630688
2592,homogeneous_bright,global_discrete,global_ttt,-0.004287601448595524
2592,homogeneous_bright,global_discrete,spatial2_ttt,-0.00539683923125267
2592,homogeneous_bright,spatial2_discrete,global_ttt,0.009605737403035164
2592,homogeneous_bright,spatial2_discrete,spatial2_ttt,0.008496499620378017
2592,homogeneous_bright,global_ttt,spatial2_ttt,-0.0011092377826571465
2592,homogeneous_dark,identity,global_direct,0.03516774624586105
2592,homogeneous_dark,identity,spatial2_direct,0.03354519233107567
2592,homogeneous_dark,identity,global_discrete,0.08122231985908002
2592,homogeneous_dark,identity,spatial2_discrete,0.04729056358337402
2592,homogeneous_dark,identity,global_ttt,0.07921383297070861
2592,homogeneous_dark,identity,spatial2_ttt,0.07569526135921478
2592,homogeneous_dark,global_direct,spatial2_direct,-0.0016225539147853851
2592,homogeneous_dark,global_direct,global_discrete,0.04605457361321896
2592,homogeneous_dark,global_direct,spatial2_discrete,0.01212281733751297
2592,homogeneous_dark,global_direct,global_ttt,0.044046086724847555
2592,homogeneous_dark,global_direct,spatial2_ttt,0.04052751511335373
2592,homogeneous_dark,spatial2_direct,global_discrete,0.04767712752800435
2592,homogeneous_dark,spatial2_direct,spatial2_discrete,0.013745371252298355
2592,homogeneous_dark,spatial2_direct,global_ttt,0.04566864063963294
2592,homogeneous_dark,spatial2_direct,spatial2_ttt,0.042150069028139114
2592,homogeneous_dark,global_discrete,spatial2_discrete,-0.03393175627570599
2592,homogeneous_dark,global_discrete,global_ttt,-0.002008486888371408
2592,homogeneous_dark,global_discrete,spatial2_ttt,-0.005527058499865234
2592,homogeneous_dark,spatial2_discrete,global_ttt,0.031923269387334585
2592,homogeneous_dark,spatial2_discrete,spatial2_ttt,0.02840469777584076
2592,homogeneous_dark,global_ttt,spatial2_ttt,-0.003518571611493826
2592,left_right,identity,global_direct,7.450580596923828e-09
2592,left_right,identity,spatial2_direct,0.039521291851997375
2592,left_right,identity,global_discrete,0.008665069937705994
2592,left_right,identity,spatial2_discrete,0.042253490537405014
2592,left_right,identity,global_ttt,0.028844259679317474
2592,left_right,identity,spatial2_ttt,0.047759534791111946
2592,left_right,global_direct,spatial2_direct,0.03952128440141678
2592,left_right,global_direct,global_discrete,0.008665062487125397
2592,left_right,global_direct,spatial2_discrete,0.04225348308682442
2592,left_right,global_direct,global_ttt,0.028844252228736877
2592,left_right,global_direct,spatial2_ttt,0.04775952734053135
2592,left_right,spatial2_direct,global_discrete,-0.030856221914291382
2592,left_right,spatial2_direct,spatial2_discrete,0.0027321986854076385
2592,left_right,spatial2_direct,global_ttt,-0.010677032172679901
2592,left_right,spatial2_direct,spatial2_ttt,0.00823824293911457
2592,left_right,global_discrete,spatial2_discrete,0.03358842059969902
2592,left_right,global_discrete,global_ttt,0.02017918974161148
2592,left_right,global_discrete,spatial2_ttt,0.03909446485340595
2592,left_right,spatial2_discrete,global_ttt,-0.01340923085808754
2592,left_right,spatial2_discrete,spatial2_ttt,0.005506044253706932
2592,left_right,global_ttt,spatial2_ttt,0.018915275111794472
2592,quadrants,identity,global_direct,0.007682003080844879
2592,quadrants,identity,spatial2_direct,0.02424958348274231
2592,quadrants,identity,global_discrete,0.007605545222759247
2592,quadrants,identity,spatial2_discrete,0.022420037537813187
2592,quadrants,identity,global_ttt,0.02919648587703705
2592,quadrants,identity,spatial2_ttt,0.027109578251838684
2592,quadrants,global_direct,spatial2_direct,0.01656758040189743
2592,quadrants,global_direct,global_discrete,-7.645785808563232e-05
2592,quadrants,global_direct,spatial2_discrete,0.014738034456968307
2592,quadrants,global_direct,global_ttt,0.02151448279619217
2592,quadrants,global_direct,spatial2_ttt,0.019427575170993805
2592,quadrants,spatial2_direct,global_discrete,-0.016644038259983063
2592,quadrants,spatial2_direct,spatial2_discrete,-0.001829545944929123
2592,quadrants,spatial2_direct,global_ttt,0.004946902394294739
2592,quadrants,spatial2_direct,spatial2_ttt,0.0028599947690963745
2592,quadrants,global_discrete,spatial2_discrete,0.01481449231505394
2592,quadrants,global_discrete,global_ttt,0.0215909406542778
2592,quadrants,global_discrete,spatial2_ttt,0.019504033029079437
2592,quadrants,spatial2_discrete,global_ttt,0.006776448339223862
2592,quadrants,spatial2_discrete,spatial2_ttt,0.0046895407140254974
2592,quadrants,global_ttt,spatial2_ttt,-0.0020869076251983643
2592,smooth_gradient,identity,global_direct,-0.0061963461339473724
2592,smooth_gradient,identity,spatial2_direct,-0.0015302877873182297
2592,smooth_gradient,identity,global_discrete,0.002673886716365814
2592,smooth_gradient,identity,spatial2_discrete,-0.007559480145573616
2592,smooth_gradient,identity,global_ttt,0.008605023846030235
2592,smooth_gradient,identity,spatial2_ttt,-0.03530990332365036
2592,smooth_gradient,global_direct,spatial2_direct,0.004666058346629143
2592,smooth_gradient,global_direct,global_discrete,0.008870232850313187
2592,smooth_gradient,global_direct,spatial2_discrete,-0.0013631340116262436
2592,smooth_gradient,global_direct,global_ttt,0.014801369979977608
2592,smooth_gradient,global_direct,spatial2_ttt,-0.029113557189702988
2592,smooth_gradient,spatial2_direct,global_discrete,0.004204174503684044
2592,smooth_gradient,spatial2_direct,spatial2_discrete,-0.006029192358255386
2592,smooth_gradient,spatial2_direct,global_ttt,0.010135311633348465
2592,smooth_gradient,spatial2_direct,spatial2_ttt,-0.03377961553633213
2592,smooth_gradient,global_discrete,spatial2_discrete,-0.01023336686193943
2592,smooth_gradient,global_discrete,global_ttt,0.005931137129664421
2592,smooth_gradient,global_discrete,spatial2_ttt,-0.037983790040016174
2592,smooth_gradient,spatial2_discrete,global_ttt,0.01616450399160385
2592,smooth_gradient,spatial2_discrete,spatial2_ttt,-0.027750423178076744
2592,smooth_gradient,global_ttt,spatial2_ttt,-0.043914927169680595
2685,clean,identity,global_direct,0.0
2685,clean,identity,spatial2_direct,0.0
2685,clean,identity,global_discrete,0.0
2685,clean,identity,spatial2_discrete,0.0
2685,clean,identity,global_ttt,0.0
2685,clean,identity,spatial2_ttt,0.0
2685,clean,global_direct,spatial2_direct,0.0
2685,clean,global_direct,global_discrete,0.0
2685,clean,global_direct,spatial2_discrete,0.0
2685,clean,global_direct,global_ttt,0.0
2685,clean,global_direct,spatial2_ttt,0.0
2685,clean,spatial2_direct,global_discrete,0.0
2685,clean,spatial2_direct,spatial2_discrete,0.0
2685,clean,spatial2_direct,global_ttt,0.0
2685,clean,spatial2_direct,spatial2_ttt,0.0
2685,clean,global_discrete,spatial2_discrete,0.0
2685,clean,global_discrete,global_ttt,0.0
2685,clean,global_discrete,spatial2_ttt,0.0
2685,clean,spatial2_discrete,global_ttt,0.0
2685,clean,spatial2_discrete,spatial2_ttt,0.0
2685,clean,global_ttt,spatial2_ttt,0.0
2685,homogeneous_bright,identity,global_direct,0.03832069365307689
2685,homogeneous_bright,identity,spatial2_direct,0.03464171011000872
2685,homogeneous_bright,identity,global_discrete,0.04063115967437625
2685,homogeneous_bright,identity,spatial2_discrete,0.03136191610246897
2685,homogeneous_bright,identity,global_ttt,0.03942692093551159
2685,homogeneous_bright,identity,spatial2_ttt,0.03666008310392499
2685,homogeneous_bright,global_direct,spatial2_direct,-0.0036789835430681705
2685,homogeneous_bright,global_direct,global_discrete,0.002310466021299362
2685,homogeneous_bright,global_direct,spatial2_discrete,-0.00695877755060792
2685,homogeneous_bright,global_direct,global_ttt,0.001106227282434702
2685,homogeneous_bright,global_direct,spatial2_ttt,-0.0016606105491518974
2685,homogeneous_bright,spatial2_direct,global_discrete,0.005989449564367533
2685,homogeneous_bright,spatial2_direct,spatial2_discrete,-0.003279794007539749
2685,homogeneous_bright,spatial2_direct,global_ttt,0.0047852108255028725
2685,homogeneous_bright,spatial2_direct,spatial2_ttt,0.002018372993916273
2685,homogeneous_bright,global_discrete,spatial2_discrete,-0.009269243571907282
2685,homogeneous_bright,global_discrete,global_ttt,-0.0012042387388646603
2685,homogeneous_bright,global_discrete,spatial2_ttt,-0.00397107657045126
2685,homogeneous_bright,spatial2_discrete,global_ttt,0.008065004833042622
2685,homogeneous_bright,spatial2_discrete,spatial2_ttt,0.005298167001456022
2685,homogeneous_bright,global_ttt,spatial2_ttt,-0.0027668378315865993
2685,homogeneous_dark,identity,global_direct,0.019193273037672043
2685,homogeneous_dark,identity,spatial2_direct,0.01875903829932213
2685,homogeneous_dark,identity,global_discrete,0.037825869396328926
2685,homogeneous_dark,identity,spatial2_discrete,0.05033677630126476
2685,homogeneous_dark,identity,global_ttt,0.0433988943696022
2685,homogeneous_dark,identity,spatial2_ttt,0.04338660091161728
2685,homogeneous_dark,global_direct,spatial2_direct,-0.00043423473834991455
2685,homogeneous_dark,global_direct,global_discrete,0.018632596358656883
2685,homogeneous_dark,global_direct,spatial2_discrete,0.03114350326359272
2685,homogeneous_dark,global_direct,global_ttt,0.02420562133193016
2685,homogeneous_dark,global_direct,spatial2_ttt,0.024193327873945236
2685,homogeneous_dark,spatial2_direct,global_discrete,0.019066831097006798
2685,homogeneous_dark,spatial2_direct,spatial2_discrete,0.031577738001942635
2685,homogeneous_dark,spatial2_direct,global_ttt,0.024639856070280075
2685,homogeneous_dark,spatial2_direct,spatial2_ttt,0.02462756261229515
2685,homogeneous_dark,global_discrete,spatial2_discrete,0.012510906904935837
2685,homogeneous_dark,global_discrete,global_ttt,0.005573024973273277
2685,homogeneous_dark,global_discrete,spatial2_ttt,0.005560731515288353
2685,homogeneous_dark,spatial2_discrete,global_ttt,-0.0069378819316625595
2685,homogeneous_dark,spatial2_discrete,spatial2_ttt,-0.006950175389647484
2685,homogeneous_dark,global_ttt,spatial2_ttt,-1.2293457984924316e-05
2685,left_right,identity,global_direct,0.0043433718383312225
2685,left_right,identity,spatial2_direct,0.01895061507821083
2685,left_right,identity,global_discrete,0.015245683491230011
2685,left_right,identity,spatial2_discrete,0.011247575283050537
2685,left_right,identity,global_ttt,0.022734105587005615
2685,left_right,identity,spatial2_ttt,0.01965540647506714
2685,left_right,global_direct,spatial2_direct,0.014607243239879608
2685,left_right,global_direct,global_discrete,0.010902311652898788
2685,left_right,global_direct,spatial2_discrete,0.006904203444719315
2685,left_right,global_direct,global_ttt,0.018390733748674393
2685,left_right,global_direct,spatial2_ttt,0.015312034636735916
2685,left_right,spatial2_direct,global_discrete,-0.0037049315869808197
2685,left_right,spatial2_direct,spatial2_discrete,-0.007703039795160294
2685,left_right,spatial2_direct,global_ttt,0.0037834905087947845
2685,left_right,spatial2_direct,spatial2_ttt,0.000704791396856308
2685,left_right,global_discrete,spatial2_discrete,-0.003998108208179474
2685,left_right,global_discrete,global_ttt,0.007488422095775604
2685,left_right,global_discrete,spatial2_ttt,0.004409722983837128
2685,left_right,spatial2_discrete,global_ttt,0.011486530303955078
2685,left_right,spatial2_discrete,spatial2_ttt,0.008407831192016602
2685,left_right,global_ttt,spatial2_ttt,-0.0030786991119384766
2685,quadrants,identity,global_direct,0.0033403001725673676
2685,quadrants,identity,spatial2_direct,0.005363810807466507
2685,quadrants,identity,global_discrete,-0.00211397185921669
2685,quadrants,identity,spatial2_discrete,-0.0368795283138752
2685,quadrants,identity,global_ttt,0.0049884021282196045
2685,quadrants,identity,spatial2_ttt,-0.03192520514130592
2685,quadrants,global_direct,spatial2_direct,0.0020235106348991394
2685,quadrants,global_direct,global_discrete,-0.005454272031784058
2685,quadrants,global_direct,spatial2_discrete,-0.040219828486442566
2685,quadrants,global_direct,global_ttt,0.001648101955652237
2685,quadrants,global_direct,spatial2_ttt,-0.03526550531387329
2685,quadrants,spatial2_direct,global_discrete,-0.007477782666683197
2685,quadrants,spatial2_direct,spatial2_discrete,-0.042243339121341705
2685,quadrants,spatial2_direct,global_ttt,-0.00037540867924690247
2685,quadrants,spatial2_direct,spatial2_ttt,-0.03728901594877243
2685,quadrants,global_discrete,spatial2_discrete,-0.03476555645465851
2685,quadrants,global_discrete,global_ttt,0.0071023739874362946
2685,quadrants,global_discrete,spatial2_ttt,-0.029811233282089233
2685,quadrants,spatial2_discrete,global_ttt,0.0418679304420948
2685,quadrants,spatial2_discrete,spatial2_ttt,0.004954323172569275
2685,quadrants,global_ttt,spatial2_ttt,-0.03691360726952553
2685,smooth_gradient,identity,global_direct,-0.0011036638170480728
2685,smooth_gradient,identity,spatial2_direct,0.004487380385398865
2685,smooth_gradient,identity,global_discrete,-0.011295212432742119
2685,smooth_gradient,identity,spatial2_discrete,-0.01753469742834568
2685,smooth_gradient,identity,global_ttt,0.0008570635691285133
2685,smooth_gradient,identity,spatial2_ttt,0.0020847348496317863
2685,smooth_gradient,global_direct,spatial2_direct,0.0055910442024469376
2685,smooth_gradient,global_direct,global_discrete,-0.010191548615694046
2685,smooth_gradient,global_direct,spatial2_discrete,-0.016431033611297607
2685,smooth_gradient,global_direct,global_ttt,0.001960727386176586
2685,smooth_gradient,global_direct,spatial2_ttt,0.003188398666679859
2685,smooth_gradient,spatial2_direct,global_discrete,-0.015782592818140984
2685,smooth_gradient,spatial2_direct,spatial2_discrete,-0.022022077813744545
2685,smooth_gradient,spatial2_direct,global_ttt,-0.0036303168162703514
2685,smooth_gradient,spatial2_direct,spatial2_ttt,-0.0024026455357670784
2685,smooth_gradient,global_discrete,spatial2_discrete,-0.006239484995603561
2685,smooth_gradient,global_discrete,global_ttt,0.012152276001870632
2685,smooth_gradient,global_discrete,spatial2_ttt,0.013379947282373905
2685,smooth_gradient,spatial2_discrete,global_ttt,0.018391760997474194
2685,smooth_gradient,spatial2_discrete,spatial2_ttt,0.019619432277977467
2685,smooth_gradient,global_ttt,spatial2_ttt,0.001227671280503273
2923,clean,identity,global_direct,0.0
2923,clean,identity,spatial2_direct,0.0
2923,clean,identity,global_discrete,0.0
2923,clean,identity,spatial2_discrete,0.0
2923,clean,identity,global_ttt,0.0
2923,clean,identity,spatial2_ttt,0.0
2923,clean,global_direct,spatial2_direct,0.0
2923,clean,global_direct,global_discrete,0.0
2923,clean,global_direct,spatial2_discrete,0.0
2923,clean,global_direct,global_ttt,0.0
2923,clean,global_direct,spatial2_ttt,0.0
2923,clean,spatial2_direct,global_discrete,0.0
2923,clean,spatial2_direct,spatial2_discrete,0.0
2923,clean,spatial2_direct,global_ttt,0.0
2923,clean,spatial2_direct,spatial2_ttt,0.0
2923,clean,global_discrete,spatial2_discrete,0.0
2923,clean,global_discrete,global_ttt,0.0
2923,clean,global_discrete,spatial2_ttt,0.0
2923,clean,spatial2_discrete,global_ttt,0.0
2923,clean,spatial2_discrete,spatial2_ttt,0.0
2923,clean,global_ttt,spatial2_ttt,0.0
2923,homogeneous_bright,identity,global_direct,0.05761043028905988
2923,homogeneous_bright,identity,spatial2_direct,0.05464647989720106
2923,homogeneous_bright,identity,global_discrete,0.0542497830465436
2923,homogeneous_bright,identity,spatial2_discrete,0.04138178378343582
2923,homogeneous_bright,identity,global_ttt,0.06242845649830997
2923,homogeneous_bright,identity,spatial2_ttt,0.06128223519772291
2923,homogeneous_bright,global_direct,spatial2_direct,-0.002963950391858816
2923,homogeneous_bright,global_direct,global_discrete,-0.0033606472425162792
2923,homogeneous_bright,global_direct,spatial2_discrete,-0.016228646505624056
2923,homogeneous_bright,global_direct,global_ttt,0.0048180262092500925
2923,homogeneous_bright,global_direct,spatial2_ttt,0.0036718049086630344
2923,homogeneous_bright,spatial2_direct,global_discrete,-0.0003966968506574631
2923,homogeneous_bright,spatial2_direct,spatial2_discrete,-0.01326469611376524
2923,homogeneous_bright,spatial2_direct,global_ttt,0.007781976601108909
2923,homogeneous_bright,spatial2_direct,spatial2_ttt,0.006635755300521851
2923,homogeneous_bright,global_discrete,spatial2_discrete,-0.012867999263107777
2923,homogeneous_bright,global_discrete,global_ttt,0.008178673451766372
2923,homogeneous_bright,global_discrete,spatial2_ttt,0.007032452151179314
2923,homogeneous_bright,spatial2_discrete,global_ttt,0.02104667271487415
2923,homogeneous_bright,spatial2_discrete,spatial2_ttt,0.01990045141428709
2923,homogeneous_bright,global_ttt,spatial2_ttt,-0.001146221300587058
2923,homogeneous_dark,identity,global_direct,0.0
2923,homogeneous_dark,identity,spatial2_direct,0.0
2923,homogeneous_dark,identity,global_discrete,0.0
2923,homogeneous_dark,identity,spatial2_discrete,0.0
2923,homogeneous_dark,identity,global_ttt,0.0
2923,homogeneous_dark,identity,spatial2_ttt,0.0
2923,homogeneous_dark,global_direct,spatial2_direct,0.0
2923,homogeneous_dark,global_direct,global_discrete,0.0
2923,homogeneous_dark,global_direct,spatial2_discrete,0.0
2923,homogeneous_dark,global_direct,global_ttt,0.0
2923,homogeneous_dark,global_direct,spatial2_ttt,0.0
2923,homogeneous_dark,spatial2_direct,global_discrete,0.0
2923,homogeneous_dark,spatial2_direct,spatial2_discrete,0.0
2923,homogeneous_dark,spatial2_direct,global_ttt,0.0
2923,homogeneous_dark,spatial2_direct,spatial2_ttt,0.0
2923,homogeneous_dark,global_discrete,spatial2_discrete,0.0
2923,homogeneous_dark,global_discrete,global_ttt,0.0
2923,homogeneous_dark,global_discrete,spatial2_ttt,0.0
2923,homogeneous_dark,spatial2_discrete,global_ttt,0.0
2923,homogeneous_dark,spatial2_discrete,spatial2_ttt,0.0
2923,homogeneous_dark,global_ttt,spatial2_ttt,0.0
2923,left_right,identity,global_direct,0.01070539653301239
2923,left_right,identity,spatial2_direct,0.025394000113010406
2923,left_right,identity,global_discrete,0.025108564645051956
2923,left_right,identity,spatial2_discrete,-0.03389785438776016
2923,left_right,identity,global_ttt,0.006620876491069794
2923,left_right,identity,spatial2_ttt,0.011690221726894379
2923,left_right,global_direct,spatial2_direct,0.014688603579998016
2923,left_right,global_direct,global_discrete,0.014403168112039566
2923,left_right,global_direct,spatial2_discrete,-0.04460325092077255
2923,left_right,global_direct,global_ttt,-0.0040845200419425964
2923,left_right,global_direct,spatial2_ttt,0.0009848251938819885
2923,left_right,spatial2_direct,global_discrete,-0.0002854354679584503
2923,left_right,spatial2_direct,spatial2_discrete,-0.05929185450077057
2923,left_right,spatial2_direct,global_ttt,-0.018773123621940613
2923,left_right,spatial2_direct,spatial2_ttt,-0.013703778386116028
2923,left_right,global_discrete,spatial2_discrete,-0.05900641903281212
2923,left_right,global_discrete,global_ttt,-0.018487688153982162
2923,left_right,global_discrete,spatial2_ttt,-0.013418342918157578
2923,left_right,spatial2_discrete,global_ttt,0.040518730878829956
2923,left_right,spatial2_discrete,spatial2_ttt,0.04558807611465454
2923,left_right,global_ttt,spatial2_ttt,0.005069345235824585
2923,quadrants,identity,global_direct,0.008061729371547699
2923,quadrants,identity,spatial2_direct,0.01622718945145607
2923,quadrants,identity,global_discrete,0.007735677063465118
2923,quadrants,identity,spatial2_discrete,-0.016500063240528107
2923,quadrants,identity,global_ttt,0.013241637498140335
2923,quadrants,identity,spatial2_ttt,0.012951590120792389
2923,quadrants,global_direct,spatial2_direct,0.008165460079908371
2923,quadrants,global_direct,global_discrete,-0.00032605230808258057
2923,quadrants,global_direct,spatial2_discrete,-0.024561792612075806
2923,quadrants,global_direct,global_ttt,0.005179908126592636
2923,quadrants,global_direct,spatial2_ttt,0.00488986074924469
2923,quadrants,spatial2_direct,global_discrete,-0.008491512387990952
2923,quadrants,spatial2_direct,spatial2_discrete,-0.03272725269198418
2923,quadrants,spatial2_direct,global_ttt,-0.002985551953315735
2923,quadrants,spatial2_direct,spatial2_ttt,-0.003275599330663681
2923,quadrants,global_discrete,spatial2_discrete,-0.024235740303993225
2923,quadrants,global_discrete,global_ttt,0.005505960434675217
2923,quadrants,global_discrete,spatial2_ttt,0.0052159130573272705
2923,quadrants,spatial2_discrete,global_ttt,0.029741700738668442
2923,quadrants,spatial2_discrete,spatial2_ttt,0.029451653361320496
2923,quadrants,global_ttt,spatial2_ttt,-0.00029004737734794617
2923,smooth_gradient,identity,global_direct,0.0
2923,smooth_gradient,identity,spatial2_direct,0.0
2923,smooth_gradient,identity,global_discrete,0.0
2923,smooth_gradient,identity,spatial2_discrete,0.0
2923,smooth_gradient,identity,global_ttt,0.0
2923,smooth_gradient,identity,spatial2_ttt,0.0
2923,smooth_gradient,global_direct,spatial2_direct,0.0
2923,smooth_gradient,global_direct,global_discrete,0.0
2923,smooth_gradient,global_direct,spatial2_discrete,0.0
2923,smooth_gradient,global_direct,global_ttt,0.0
2923,smooth_gradient,global_direct,spatial2_ttt,0.0
2923,smooth_gradient,spatial2_direct,global_discrete,0.0
2923,smooth_gradient,spatial2_direct,spatial2_discrete,0.0
2923,smooth_gradient,spatial2_direct,global_ttt,0.0
2923,smooth_gradient,spatial2_direct,spatial2_ttt,0.0
2923,smooth_gradient,global_discrete,spatial2_discrete,0.0
2923,smooth_gradient,global_discrete,global_ttt,0.0
2923,smooth_gradient,global_discrete,spatial2_ttt,0.0
2923,smooth_gradient,spatial2_discrete,global_ttt,0.0
2923,smooth_gradient,spatial2_discrete,spatial2_ttt,0.0
2923,smooth_gradient,global_ttt,spatial2_ttt,0.0
3156,clean,identity,global_direct,0.0
3156,clean,identity,spatial2_direct,0.0
3156,clean,identity,global_discrete,0.0
3156,clean,identity,spatial2_discrete,0.0
3156,clean,identity,global_ttt,0.0
3156,clean,identity,spatial2_ttt,0.0
3156,clean,global_direct,spatial2_direct,0.0
3156,clean,global_direct,global_discrete,0.0
3156,clean,global_direct,spatial2_discrete,0.0
3156,clean,global_direct,global_ttt,0.0
3156,clean,global_direct,spatial2_ttt,0.0
3156,clean,spatial2_direct,global_discrete,0.0
3156,clean,spatial2_direct,spatial2_discrete,0.0
3156,clean,spatial2_direct,global_ttt,0.0
3156,clean,spatial2_direct,spatial2_ttt,0.0
3156,clean,global_discrete,spatial2_discrete,0.0
3156,clean,global_discrete,global_ttt,0.0
3156,clean,global_discrete,spatial2_ttt,0.0
3156,clean,spatial2_discrete,global_ttt,0.0
3156,clean,spatial2_discrete,spatial2_ttt,0.0
3156,clean,global_ttt,spatial2_ttt,0.0
3156,homogeneous_bright,identity,global_direct,0.02261938014999032
3156,homogeneous_bright,identity,spatial2_direct,0.018032683059573174
3156,homogeneous_bright,identity,global_discrete,0.019013861194252968
3156,homogeneous_bright,identity,spatial2_discrete,0.011730924248695374
3156,homogeneous_bright,identity,global_ttt,0.0154251828789711
3156,homogeneous_bright,identity,spatial2_ttt,0.014958621934056282
3156,homogeneous_bright,global_direct,spatial2_direct,-0.004586697090417147
3156,homogeneous_bright,global_direct,global_discrete,-0.0036055189557373524
3156,homogeneous_bright,global_direct,spatial2_discrete,-0.010888455901294947
3156,homogeneous_bright,global_direct,global_ttt,-0.00719419727101922
3156,homogeneous_bright,global_direct,spatial2_ttt,-0.007660758215934038
3156,homogeneous_bright,spatial2_direct,global_discrete,0.0009811781346797943
3156,homogeneous_bright,spatial2_direct,spatial2_discrete,-0.0063017588108778
3156,homogeneous_bright,spatial2_direct,global_ttt,-0.0026075001806020737
3156,homogeneous_bright,spatial2_direct,spatial2_ttt,-0.0030740611255168915
3156,homogeneous_bright,global_discrete,spatial2_discrete,-0.007282936945557594
3156,homogeneous_bright,global_discrete,global_ttt,-0.003588678315281868
3156,homogeneous_bright,global_discrete,spatial2_ttt,-0.004055239260196686
3156,homogeneous_bright,spatial2_discrete,global_ttt,0.0036942586302757263
3156,homogeneous_bright,spatial2_discrete,spatial2_ttt,0.0032276976853609085
3156,homogeneous_bright,global_ttt,spatial2_ttt,-0.0004665609449148178
3156,homogeneous_dark,identity,global_direct,0.026900552213191986
3156,homogeneous_dark,identity,spatial2_direct,0.02795133739709854
3156,homogeneous_dark,identity,global_discrete,0.09106094622984529
3156,homogeneous_dark,identity,spatial2_discrete,0.09234778257086873
3156,homogeneous_dark,identity,global_ttt,0.08984296396374702
3156,homogeneous_dark,identity,spatial2_ttt,0.08926043938845396
3156,homogeneous_dark,global_direct,spatial2_direct,0.0010507851839065552
3156,homogeneous_dark,global_direct,global_discrete,0.0641603940166533
3156,homogeneous_dark,global_direct,spatial2_discrete,0.06544723035767674
3156,homogeneous_dark,global_direct,global_ttt,0.06294241175055504
3156,homogeneous_dark,global_direct,spatial2_ttt,0.062359887175261974
3156,homogeneous_dark,spatial2_direct,global_discrete,0.06310960883274674
3156,homogeneous_dark,spatial2_direct,spatial2_discrete,0.06439644517377019
3156,homogeneous_dark,spatial2_direct,global_ttt,0.06189162656664848
3156,homogeneous_dark,spatial2_direct,spatial2_ttt,0.06130910199135542
3156,homogeneous_dark,global_discrete,spatial2_discrete,0.0012868363410234451
3156,homogeneous_dark,global_discrete,global_ttt,-0.0012179822660982609
3156,homogeneous_dark,global_discrete,spatial2_ttt,-0.001800506841391325
3156,homogeneous_dark,spatial2_discrete,global_ttt,-0.002504818607121706
3156,homogeneous_dark,spatial2_discrete,spatial2_ttt,-0.00308734318241477
3156,homogeneous_dark,global_ttt,spatial2_ttt,-0.0005825245752930641
3156,left_right,identity,global_direct,0.006379254162311554
3156,left_right,identity,spatial2_direct,0.02933785691857338
3156,left_right,identity,global_discrete,0.013567905873060226
3156,left_right,identity,spatial2_discrete,0.03238738887012005
3156,left_right,identity,global_ttt,0.02184947207570076
3156,left_right,identity,spatial2_ttt,0.03975171595811844
3156,left_right,global_direct,spatial2_direct,0.022958602756261826
3156,left_right,global_direct,global_discrete,0.0071886517107486725
3156,left_right,global_direct,spatial2_discrete,0.026008134707808495
3156,left_right,global_direct,global_ttt,0.015470217913389206
3156,left_right,global_direct,spatial2_ttt,0.033372461795806885
3156,left_right,spatial2_direct,global_discrete,-0.015769951045513153
3156,left_right,spatial2_direct,spatial2_discrete,0.003049531951546669
3156,left_right,spatial2_direct,global_ttt,-0.00748838484287262
3156,left_right,spatial2_direct,spatial2_ttt,0.01041385903954506
3156,left_right,global_discrete,spatial2_discrete,0.018819482997059822
3156,left_right,global_discrete,global_ttt,0.008281566202640533
3156,left_right,global_discrete,spatial2_ttt,0.026183810085058212
3156,left_right,spatial2_discrete,global_ttt,-0.010537916794419289
3156,left_right,spatial2_discrete,spatial2_ttt,0.00736432708799839
3156,left_right,global_ttt,spatial2_ttt,0.01790224388241768
3156,quadrants,identity,global_direct,0.004395816475152969
3156,quadrants,identity,spatial2_direct,0.018583115190267563
3156,quadrants,identity,global_discrete,0.019510619342327118
3156,quadrants,identity,spatial2_discrete,0.010544806718826294
3156,quadrants,identity,global_ttt,0.022800005972385406
3156,quadrants,identity,spatial2_ttt,0.03491185046732426
3156,quadrants,global_direct,spatial2_direct,0.014187298715114594
3156,quadrants,global_direct,global_discrete,0.015114802867174149
3156,quadrants,global_direct,spatial2_discrete,0.006148990243673325
3156,quadrants,global_direct,global_ttt,0.018404189497232437
3156,quadrants,global_direct,spatial2_ttt,0.030516033992171288
3156,quadrants,spatial2_direct,global_discrete,0.000927504152059555
3156,quadrants,spatial2_direct,spatial2_discrete,-0.008038308471441269
3156,quadrants,spatial2_direct,global_ttt,0.004216890782117844
3156,quadrants,spatial2_direct,spatial2_ttt,0.016328735277056694
3156,quadrants,global_discrete,spatial2_discrete,-0.008965812623500824
3156,quadrants,global_discrete,global_ttt,0.0032893866300582886
3156,quadrants,global_discrete,spatial2_ttt,0.015401231124997139
3156,quadrants,spatial2_discrete,global_ttt,0.012255199253559113
3156,quadrants,spatial2_discrete,spatial2_ttt,0.024367043748497963
3156,quadrants,global_ttt,spatial2_ttt,0.01211184449493885
3156,smooth_gradient,identity,global_direct,0.0028773583471775055
3156,smooth_gradient,identity,spatial2_direct,0.0021541398018598557
3156,smooth_gradient,identity,global_discrete,0.0005380455404520035
3156,smooth_gradient,identity,spatial2_discrete,-0.03459342196583748
3156,smooth_gradient,identity,global_ttt,0.0020874720066785812
3156,smooth_gradient,identity,spatial2_ttt,0.012951559387147427
3156,smooth_gradient,global_direct,spatial2_direct,-0.0007232185453176498
3156,smooth_gradient,global_direct,global_discrete,-0.002339312806725502
3156,smooth_gradient,global_direct,spatial2_discrete,-0.037470780313014984
3156,smooth_gradient,global_direct,global_ttt,-0.0007898863404989243
3156,smooth_gradient,global_direct,spatial2_ttt,0.010074201039969921
3156,smooth_gradient,spatial2_direct,global_discrete,-0.0016160942614078522
3156,smooth_gradient,spatial2_direct,spatial2_discrete,-0.036747561767697334
3156,smooth_gradient,spatial2_direct,global_ttt,-6.666779518127441e-05
3156,smooth_gradient,spatial2_direct,spatial2_ttt,0.010797419585287571
3156,smooth_gradient,global_discrete,spatial2_discrete,-0.03513146750628948
3156,smooth_gradient,global_discrete,global_ttt,0.0015494264662265778
3156,smooth_gradient,global_discrete,spatial2_ttt,0.012413513846695423
3156,smooth_gradient,spatial2_discrete,global_ttt,0.03668089397251606
3156,smooth_gradient,spatial2_discrete,spatial2_ttt,0.047544981352984905
3156,smooth_gradient,global_ttt,spatial2_ttt,0.010864087380468845
3255,clean,identity,global_direct,0.0
3255,clean,identity,spatial2_direct,0.0
3255,clean,identity,global_discrete,0.0
3255,clean,identity,spatial2_discrete,0.0
3255,clean,identity,global_ttt,0.0
3255,clean,identity,spatial2_ttt,0.0
3255,clean,global_direct,spatial2_direct,0.0
3255,clean,global_direct,global_discrete,0.0
3255,clean,global_direct,spatial2_discrete,0.0
3255,clean,global_direct,global_ttt,0.0
3255,clean,global_direct,spatial2_ttt,0.0
3255,clean,spatial2_direct,global_discrete,0.0
3255,clean,spatial2_direct,spatial2_discrete,0.0
3255,clean,spatial2_direct,global_ttt,0.0
3255,clean,spatial2_direct,spatial2_ttt,0.0
3255,clean,global_discrete,spatial2_discrete,0.0
3255,clean,global_discrete,global_ttt,0.0
3255,clean,global_discrete,spatial2_ttt,0.0
3255,clean,spatial2_discrete,global_ttt,0.0
3255,clean,spatial2_discrete,spatial2_ttt,0.0
3255,clean,global_ttt,spatial2_ttt,0.0
3255,homogeneous_bright,identity,global_direct,0.05132999736815691
3255,homogeneous_bright,identity,spatial2_direct,0.05132999736815691
3255,homogeneous_bright,identity,global_discrete,0.05132999736815691
3255,homogeneous_bright,identity,spatial2_discrete,0.03038887120783329
3255,homogeneous_bright,identity,global_ttt,0.052388678304851055
3255,homogeneous_bright,identity,spatial2_ttt,0.05035342928022146
3255,homogeneous_bright,global_direct,spatial2_direct,0.0
3255,homogeneous_bright,global_direct,global_discrete,0.0
3255,homogeneous_bright,global_direct,spatial2_discrete,-0.02094112616032362
3255,homogeneous_bright,global_direct,global_ttt,0.0010586809366941452
3255,homogeneous_bright,global_direct,spatial2_ttt,-0.0009765680879354477
3255,homogeneous_bright,spatial2_direct,global_discrete,0.0
3255,homogeneous_bright,spatial2_direct,spatial2_discrete,-0.02094112616032362
3255,homogeneous_bright,spatial2_direct,global_ttt,0.0010586809366941452
3255,homogeneous_bright,spatial2_direct,spatial2_ttt,-0.0009765680879354477
3255,homogeneous_bright,global_discrete,spatial2_discrete,-0.02094112616032362
3255,homogeneous_bright,global_discrete,global_ttt,0.0010586809366941452
3255,homogeneous_bright,global_discrete,spatial2_ttt,-0.0009765680879354477
3255,homogeneous_bright,spatial2_discrete,global_ttt,0.021999807097017765
3255,homogeneous_bright,spatial2_discrete,spatial2_ttt,0.019964558072388172
3255,homogeneous_bright,global_ttt,spatial2_ttt,-0.002035249024629593
3255,homogeneous_dark,identity,global_direct,0.036584340035915375
3255,homogeneous_dark,identity,spatial2_direct,0.0441305935382843
3255,homogeneous_dark,identity,global_discrete,0.072099968791008
3255,homogeneous_dark,identity,spatial2_discrete,0.10697785578668118
3255,homogeneous_dark,identity,global_ttt,0.08463462069630623
3255,homogeneous_dark,identity,spatial2_ttt,0.08471783995628357
3255,homogeneous_dark,global_direct,spatial2_direct,0.007546253502368927
3255,homogeneous_dark,global_direct,global_discrete,0.03551562875509262
3255,homogeneous_dark,global_direct,spatial2_discrete,0.0703935157507658
3255,homogeneous_dark,global_direct,global_ttt,0.048050280660390854
3255,homogeneous_dark,global_direct,spatial2_ttt,0.048133499920368195
3255,homogeneous_dark,spatial2_direct,global_discrete,0.027969375252723694
3255,homogeneous_dark,spatial2_direct,spatial2_discrete,0.06284726224839687
3255,homogeneous_dark,spatial2_direct,global_ttt,0.04050402715802193
3255,homogeneous_dark,spatial2_direct,spatial2_ttt,0.04058724641799927
3255,homogeneous_dark,global_discrete,spatial2_discrete,0.03487788699567318
3255,homogeneous_dark,global_discrete,global_ttt,0.012534651905298233
3255,homogeneous_dark,global_discrete,spatial2_ttt,0.012617871165275574
3255,homogeneous_dark,spatial2_discrete,global_ttt,-0.022343235090374947
3255,homogeneous_dark,spatial2_discrete,spatial2_ttt,-0.022260015830397606
3255,homogeneous_dark,global_ttt,spatial2_ttt,8.32192599773407e-05
3255,left_right,identity,global_direct,0.005560062825679779
3255,left_right,identity,spatial2_direct,0.033897098153829575
3255,left_right,identity,global_discrete,0.01915191113948822
3255,left_right,identity,spatial2_discrete,0.01345127820968628
3255,left_right,identity,global_ttt,0.03947729617357254
3255,left_right,identity,spatial2_ttt,0.04757864028215408
3255,left_right,global_direct,spatial2_direct,0.028337035328149796
3255,left_right,global_direct,global_discrete,0.013591848313808441
3255,left_right,global_direct,spatial2_discrete,0.0078912153840065
3255,left_right,global_direct,global_ttt,0.03391723334789276
3255,left_right,global_direct,spatial2_ttt,0.042018577456474304
3255,left_right,spatial2_direct,global_discrete,-0.014745187014341354
3255,left_right,spatial2_direct,spatial2_discrete,-0.020445819944143295
3255,left_right,spatial2_direct,global_ttt,0.005580198019742966
3255,left_right,spatial2_direct,spatial2_ttt,0.013681542128324509
3255,left_right,global_discrete,spatial2_discrete,-0.005700632929801941
3255,left_right,global_discrete,global_ttt,0.02032538503408432
3255,left_right,global_discrete,spatial2_ttt,0.028426729142665863
3255,left_right,spatial2_discrete,global_ttt,0.02602601796388626
3255,left_right,spatial2_discrete,spatial2_ttt,0.034127362072467804
3255,left_right,global_ttt,spatial2_ttt,0.008101344108581543
3255,quadrants,identity,global_direct,0.004209771752357483
3255,quadrants,identity,spatial2_direct,0.034721504896879196
3255,quadrants,identity,global_discrete,0.01860734075307846
3255,quadrants,identity,spatial2_discrete,0.033838339149951935
3255,quadrants,identity,global_ttt,0.040437545627355576
3255,quadrants,identity,spatial2_ttt,0.03864005580544472
3255,quadrants,global_direct,spatial2_direct,0.030511733144521713
3255,quadrants,global_direct,global_discrete,0.014397569000720978
3255,quadrants,global_direct,spatial2_discrete,0.029628567397594452
3255,quadrants,global_direct,global_ttt,0.03622777387499809
3255,quadrants,global_direct,spatial2_ttt,0.034430284053087234
3255,quadrants,spatial2_direct,global_discrete,-0.016114164143800735
3255,quadrants,spatial2_direct,spatial2_discrete,-0.0008831657469272614
3255,quadrants,spatial2_direct,global_ttt,0.005716040730476379
3255,quadrants,spatial2_direct,spatial2_ttt,0.003918550908565521
3255,quadrants,global_discrete,spatial2_discrete,0.015230998396873474
3255,quadrants,global_discrete,global_ttt,0.021830204874277115
3255,quadrants,global_discrete,spatial2_ttt,0.020032715052366257
3255,quadrants,spatial2_discrete,global_ttt,0.006599206477403641
3255,quadrants,spatial2_discrete,spatial2_ttt,0.004801716655492783
3255,quadrants,global_ttt,spatial2_ttt,-0.0017974898219108582
3255,smooth_gradient,identity,global_direct,0.0
3255,smooth_gradient,identity,spatial2_direct,0.0
3255,smooth_gradient,identity,global_discrete,0.0
3255,smooth_gradient,identity,spatial2_discrete,0.0
3255,smooth_gradient,identity,global_ttt,0.0
3255,smooth_gradient,identity,spatial2_ttt,0.0
3255,smooth_gradient,global_direct,spatial2_direct,0.0
3255,smooth_gradient,global_direct,global_discrete,0.0
3255,smooth_gradient,global_direct,spatial2_discrete,0.0
3255,smooth_gradient,global_direct,global_ttt,0.0
3255,smooth_gradient,global_direct,spatial2_ttt,0.0
3255,smooth_gradient,spatial2_direct,global_discrete,0.0
3255,smooth_gradient,spatial2_direct,spatial2_discrete,0.0
3255,smooth_gradient,spatial2_direct,global_ttt,0.0
3255,smooth_gradient,spatial2_direct,spatial2_ttt,0.0
3255,smooth_gradient,global_discrete,spatial2_discrete,0.0
3255,smooth_gradient,global_discrete,global_ttt,0.0
3255,smooth_gradient,global_discrete,spatial2_ttt,0.0
3255,smooth_gradient,spatial2_discrete,global_ttt,0.0
3255,smooth_gradient,spatial2_discrete,spatial2_ttt,0.0
3255,smooth_gradient,global_ttt,spatial2_ttt,0.0
3501,clean,identity,global_direct,0.0
3501,clean,identity,spatial2_direct,0.0
3501,clean,identity,global_discrete,0.0
3501,clean,identity,spatial2_discrete,0.0
3501,clean,identity,global_ttt,0.0
3501,clean,identity,spatial2_ttt,0.0
3501,clean,global_direct,spatial2_direct,0.0
3501,clean,global_direct,global_discrete,0.0
3501,clean,global_direct,spatial2_discrete,0.0
3501,clean,global_direct,global_ttt,0.0
3501,clean,global_direct,spatial2_ttt,0.0
3501,clean,spatial2_direct,global_discrete,0.0
3501,clean,spatial2_direct,spatial2_discrete,0.0
3501,clean,spatial2_direct,global_ttt,0.0
3501,clean,spatial2_direct,spatial2_ttt,0.0
3501,clean,global_discrete,spatial2_discrete,0.0
3501,clean,global_discrete,global_ttt,0.0
3501,clean,global_discrete,spatial2_ttt,0.0
3501,clean,spatial2_discrete,global_ttt,0.0
3501,clean,spatial2_discrete,spatial2_ttt,0.0
3501,clean,global_ttt,spatial2_ttt,0.0
3501,homogeneous_bright,identity,global_direct,0.021329605020582676
3501,homogeneous_bright,identity,spatial2_direct,0.021329605020582676
3501,homogeneous_bright,identity,global_discrete,0.02006962150335312
3501,homogeneous_bright,identity,spatial2_discrete,0.010755268856883049
3501,homogeneous_bright,identity,global_ttt,0.01194765418767929
3501,homogeneous_bright,identity,spatial2_ttt,0.015484163537621498
3501,homogeneous_bright,global_direct,spatial2_direct,0.0
3501,homogeneous_bright,global_direct,global_discrete,-0.001259983517229557
3501,homogeneous_bright,global_direct,spatial2_discrete,-0.010574336163699627
3501,homogeneous_bright,global_direct,global_ttt,-0.009381950832903385
3501,homogeneous_bright,global_direct,spatial2_ttt,-0.005845441482961178
3501,homogeneous_bright,spatial2_direct,global_discrete,-0.001259983517229557
3501,homogeneous_bright,spatial2_direct,spatial2_discrete,-0.010574336163699627
3501,homogeneous_bright,spatial2_direct,global_ttt,-0.009381950832903385
3501,homogeneous_bright,spatial2_direct,spatial2_ttt,-0.005845441482961178
3501,homogeneous_bright,global_discrete,spatial2_discrete,-0.00931435264647007
3501,homogeneous_bright,global_discrete,global_ttt,-0.008121967315673828
3501,homogeneous_bright,global_discrete,spatial2_ttt,-0.004585457965731621
3501,homogeneous_bright,spatial2_discrete,global_ttt,0.0011923853307962418
3501,homogeneous_bright,spatial2_discrete,spatial2_ttt,0.004728894680738449
3501,homogeneous_bright,global_ttt,spatial2_ttt,0.0035365093499422073
3501,homogeneous_dark,identity,global_direct,0.029527150094509125
3501,homogeneous_dark,identity,spatial2_direct,0.03336445242166519
3501,homogeneous_dark,identity,global_discrete,0.09995223768055439
3501,homogeneous_dark,identity,spatial2_discrete,0.0929988082498312
3501,homogeneous_dark,identity,global_ttt,0.09176264330744743
3501,homogeneous_dark,identity,spatial2_ttt,0.09114421345293522
3501,homogeneous_dark,global_direct,spatial2_direct,0.003837302327156067
3501,homogeneous_dark,global_direct,global_discrete,0.07042508758604527
3501,homogeneous_dark,global_direct,spatial2_discrete,0.06347165815532207
3501,homogeneous_dark,global_direct,global_ttt,0.06223549321293831
3501,homogeneous_dark,global_direct,spatial2_ttt,0.061617063358426094
3501,homogeneous_dark,spatial2_direct,global_discrete,0.0665877852588892
3501,homogeneous_dark,spatial2_direct,spatial2_discrete,0.05963435582816601
3501,homogeneous_dark,spatial2_direct,global_ttt,0.05839819088578224
3501,homogeneous_dark,spatial2_direct,spatial2_ttt,0.05777976103127003
3501,homogeneous_dark,global_discrete,spatial2_discrete,-0.00695342943072319
3501,homogeneous_dark,global_discrete,global_ttt,-0.008189594373106956
3501,homogeneous_dark,global_discrete,spatial2_ttt,-0.008808024227619171
3501,homogeneous_dark,spatial2_discrete,global_ttt,-0.0012361649423837662
3501,homogeneous_dark,spatial2_discrete,spatial2_ttt,-0.0018545947968959808
3501,homogeneous_dark,global_ttt,spatial2_ttt,-0.0006184298545122147
3501,left_right,identity,global_direct,-0.003915697336196899
3501,left_right,identity,spatial2_direct,0.0008232854306697845
3501,left_right,identity,global_discrete,0.0019483566284179688
3501,left_right,identity,spatial2_discrete,-0.035264741629362106
3501,left_right,identity,global_ttt,0.015371259301900864
3501,left_right,identity,spatial2_ttt,0.014535889029502869
3501,left_right,global_direct,spatial2_direct,0.004738982766866684
3501,left_right,global_direct,global_discrete,0.005864053964614868
3501,left_right,global_direct,spatial2_discrete,-0.03134904429316521
3501,left_right,global_direct,global_ttt,0.019286956638097763
3501,left_right,global_direct,spatial2_ttt,0.018451586365699768
3501,left_right,spatial2_direct,global_discrete,0.0011250711977481842
3501,left_right,spatial2_direct,spatial2_discrete,-0.03608802706003189
3501,left_right,spatial2_direct,global_ttt,0.014547973871231079
3501,left_right,spatial2_direct,spatial2_ttt,0.013712603598833084
3501,left_right,global_discrete,spatial2_discrete,-0.037213098257780075
3501,left_right,global_discrete,global_ttt,0.013422902673482895
3501,left_right,global_discrete,spatial2_ttt,0.0125875324010849
3501,left_right,spatial2_discrete,global_ttt,0.05063600093126297
3501,left_right,spatial2_discrete,spatial2_ttt,0.049800630658864975
3501,left_right,global_ttt,spatial2_ttt,-0.000835370272397995
3501,quadrants,identity,global_direct,0.0009493604302406311
3501,quadrants,identity,spatial2_direct,0.014414116740226746
3501,quadrants,identity,global_discrete,0.005302857607603073
3501,quadrants,identity,spatial2_discrete,-0.00019115954637527466
3501,quadrants,identity,global_ttt,0.022211290895938873
3501,quadrants,identity,spatial2_ttt,0.005884788930416107
3501,quadrants,global_direct,spatial2_direct,0.013464756309986115
3501,quadrants,global_direct,global_discrete,0.004353497177362442
3501,quadrants,global_direct,spatial2_discrete,-0.0011405199766159058
3501,quadrants,global_direct,global_ttt,0.021261930465698242
3501,quadrants,global_direct,spatial2_ttt,0.004935428500175476
3501,quadrants,spatial2_direct,global_discrete,-0.009111259132623672
3501,quadrants,spatial2_direct,spatial2_discrete,-0.01460527628660202
3501,quadrants,spatial2_direct,global_ttt,0.007797174155712128
3501,quadrants,spatial2_direct,spatial2_ttt,-0.008529327809810638
3501,quadrants,global_discrete,spatial2_discrete,-0.005494017153978348
3501,quadrants,global_discrete,global_ttt,0.0169084332883358
3501,quadrants,global_discrete,spatial2_ttt,0.0005819313228130341
3501,quadrants,spatial2_discrete,global_ttt,0.022402450442314148
3501,quadrants,spatial2_discrete,spatial2_ttt,0.006075948476791382
3501,quadrants,global_ttt,spatial2_ttt,-0.016326501965522766
3501,smooth_gradient,identity,global_direct,0.0
3501,smooth_gradient,identity,spatial2_direct,0.0
3501,smooth_gradient,identity,global_discrete,0.0
3501,smooth_gradient,identity,spatial2_discrete,0.0
3501,smooth_gradient,identity,global_ttt,0.0
3501,smooth_gradient,identity,spatial2_ttt,0.0
3501,smooth_gradient,global_direct,spatial2_direct,0.0
3501,smooth_gradient,global_direct,global_discrete,0.0
3501,smooth_gradient,global_direct,spatial2_discrete,0.0
3501,smooth_gradient,global_direct,global_ttt,0.0
3501,smooth_gradient,global_direct,spatial2_ttt,0.0
3501,smooth_gradient,spatial2_direct,global_discrete,0.0
3501,smooth_gradient,spatial2_direct,spatial2_discrete,0.0
3501,smooth_gradient,spatial2_direct,global_ttt,0.0
3501,smooth_gradient,spatial2_direct,spatial2_ttt,0.0
3501,smooth_gradient,global_discrete,spatial2_discrete,0.0
3501,smooth_gradient,global_discrete,global_ttt,0.0
3501,smooth_gradient,global_discrete,spatial2_ttt,0.0
3501,smooth_gradient,spatial2_discrete,global_ttt,0.0
3501,smooth_gradient,spatial2_discrete,spatial2_ttt,0.0
3501,smooth_gradient,global_ttt,spatial2_ttt,0.0
3553,clean,identity,global_direct,0.0
3553,clean,identity,spatial2_direct,0.0
3553,clean,identity,global_discrete,0.0
3553,clean,identity,spatial2_discrete,0.0
3553,clean,identity,global_ttt,0.0
3553,clean,identity,spatial2_ttt,0.0
3553,clean,global_direct,spatial2_direct,0.0
3553,clean,global_direct,global_discrete,0.0
3553,clean,global_direct,spatial2_discrete,0.0
3553,clean,global_direct,global_ttt,0.0
3553,clean,global_direct,spatial2_ttt,0.0
3553,clean,spatial2_direct,global_discrete,0.0
3553,clean,spatial2_direct,spatial2_discrete,0.0
3553,clean,spatial2_direct,global_ttt,0.0
3553,clean,spatial2_direct,spatial2_ttt,0.0
3553,clean,global_discrete,spatial2_discrete,0.0
3553,clean,global_discrete,global_ttt,0.0
3553,clean,global_discrete,spatial2_ttt,0.0
3553,clean,spatial2_discrete,global_ttt,0.0
3553,clean,spatial2_discrete,spatial2_ttt,0.0
3553,clean,global_ttt,spatial2_ttt,0.0
3553,homogeneous_bright,identity,global_direct,0.015692858956754208
3553,homogeneous_bright,identity,spatial2_direct,0.0015326514840126038
3553,homogeneous_bright,identity,global_discrete,0.010733197443187237
3553,homogeneous_bright,identity,spatial2_discrete,0.010029609315097332
3553,homogeneous_bright,identity,global_ttt,0.010990191251039505
3553,homogeneous_bright,identity,spatial2_ttt,0.014843628741800785
3553,homogeneous_bright,global_direct,spatial2_direct,-0.014160207472741604
3553,homogeneous_bright,global_direct,global_discrete,-0.004959661513566971
3553,homogeneous_bright,global_direct,spatial2_discrete,-0.005663249641656876
3553,homogeneous_bright,global_direct,global_ttt,-0.004702667705714703
3553,homogeneous_bright,global_direct,spatial2_ttt,-0.0008492302149534225
3553,homogeneous_bright,spatial2_direct,global_discrete,0.009200545959174633
3553,homogeneous_bright,spatial2_direct,spatial2_discrete,0.008496957831084728
3553,homogeneous_bright,spatial2_direct,global_ttt,0.009457539767026901
3553,homogeneous_bright,spatial2_direct,spatial2_ttt,0.013310977257788181
3553,homogeneous_bright,global_discrete,spatial2_discrete,-0.0007035881280899048
3553,homogeneous_bright,global_discrete,global_ttt,0.0002569938078522682
3553,homogeneous_bright,global_discrete,spatial2_ttt,0.004110431298613548
3553,homogeneous_bright,spatial2_discrete,global_ttt,0.000960581935942173
3553,homogeneous_bright,spatial2_discrete,spatial2_ttt,0.004814019426703453
3553,homogeneous_bright,global_ttt,spatial2_ttt,0.00385343749076128
3553,homogeneous_dark,identity,global_direct,0.04492837190628052
3553,homogeneous_dark,identity,spatial2_direct,0.04492837190628052
3553,homogeneous_dark,identity,global_discrete,0.07717059017159045
3553,homogeneous_dark,identity,spatial2_discrete,0.07751642446964979
3553,homogeneous_dark,identity,global_ttt,0.07574855396524072
3553,homogeneous_dark,identity,spatial2_ttt,0.07613633177243173
3553,homogeneous_dark,global_direct,spatial2_direct,0.0
3553,homogeneous_dark,global_direct,global_discrete,0.03224221826530993
3553,homogeneous_dark,global_direct,spatial2_discrete,0.032588052563369274
3553,homogeneous_dark,global_direct,global_ttt,0.0308201820589602
3553,homogeneous_dark,global_direct,spatial2_ttt,0.031207959866151214
3553,homogeneous_dark,spatial2_direct,global_discrete,0.03224221826530993
3553,homogeneous_dark,spatial2_direct,spatial2_discrete,0.032588052563369274
3553,homogeneous_dark,spatial2_direct,global_ttt,0.0308201820589602
3553,homogeneous_dark,spatial2_direct,spatial2_ttt,0.031207959866151214
3553,homogeneous_dark,global_discrete,spatial2_discrete,0.0003458342980593443
3553,homogeneous_dark,global_discrete,global_ttt,-0.0014220362063497305
3553,homogeneous_dark,global_discrete,spatial2_ttt,-0.0010342583991587162
3553,homogeneous_dark,spatial2_discrete,global_ttt,-0.0017678705044090748
3553,homogeneous_dark,spatial2_discrete,spatial2_ttt,-0.0013800926972180605
3553,homogeneous_dark,global_ttt,spatial2_ttt,0.0003877778071910143
3553,left_right,identity,global_direct,1.862645149230957e-09
3553,left_right,identity,spatial2_direct,0.01017971895635128
3553,left_right,identity,global_discrete,-0.011270280927419662
3553,left_right,identity,spatial2_discrete,0.01789558120071888
3553,left_right,identity,global_ttt,0.003870708867907524
3553,left_right,identity,spatial2_ttt,0.01369447261095047
3553,left_right,global_direct,spatial2_direct,0.010179717093706131
3553,left_right,global_direct,global_discrete,-0.011270282790064812
3553,left_right,global_direct,spatial2_discrete,0.01789557933807373
3553,left_right,global_direct,global_ttt,0.003870707005262375
3553,left_right,global_direct,spatial2_ttt,0.01369447074830532
3553,left_right,spatial2_direct,global_discrete,-0.021449999883770943
3553,left_right,spatial2_direct,spatial2_discrete,0.0077158622443675995
3553,left_right,spatial2_direct,global_ttt,-0.006309010088443756
3553,left_right,spatial2_direct,spatial2_ttt,0.0035147536545991898
3553,left_right,global_discrete,spatial2_discrete,0.029165862128138542
3553,left_right,global_discrete,global_ttt,0.015140989795327187
3553,left_right,global_discrete,spatial2_ttt,0.024964753538370132
3553,left_right,spatial2_discrete,global_ttt,-0.014024872332811356
3553,left_right,spatial2_discrete,spatial2_ttt,-0.00420110858976841
3553,left_right,global_ttt,spatial2_ttt,0.009823763743042946
3553,quadrants,identity,global_direct,-0.0001939721405506134
3553,quadrants,identity,spatial2_direct,0.014022614806890488
3553,quadrants,identity,global_discrete,-0.010783106088638306
3553,quadrants,identity,spatial2_discrete,-0.013605378568172455
3553,quadrants,identity,global_ttt,0.007449232041835785
3553,quadrants,identity,spatial2_ttt,-0.021484345197677612
3553,quadrants,global_direct,spatial2_direct,0.014216586947441101
3553,quadrants,global_direct,global_discrete,-0.010589133948087692
3553,quadrants,global_direct,spatial2_discrete,-0.013411406427621841
3553,quadrants,global_direct,global_ttt,0.007643204182386398
3553,quadrants,global_direct,spatial2_ttt,-0.021290373057127
3553,quadrants,spatial2_direct,global_discrete,-0.024805720895528793
3553,quadrants,spatial2_direct,spatial2_discrete,-0.027627993375062943
3553,quadrants,spatial2_direct,global_ttt,-0.006573382765054703
3553,quadrants,spatial2_direct,spatial2_ttt,-0.0355069600045681
3553,quadrants,global_discrete,spatial2_discrete,-0.002822272479534149
3553,quadrants,global_discrete,global_ttt,0.01823233813047409
3553,quadrants,global_discrete,spatial2_ttt,-0.010701239109039307
3553,quadrants,spatial2_discrete,global_ttt,0.02105461061000824
3553,quadrants,spatial2_discrete,spatial2_ttt,-0.007878966629505157
3553,quadrants,global_ttt,spatial2_ttt,-0.028933577239513397
3553,smooth_gradient,identity,global_direct,0.0
3553,smooth_gradient,identity,spatial2_direct,0.0
3553,smooth_gradient,identity,global_discrete,0.0
3553,smooth_gradient,identity,spatial2_discrete,0.0
3553,smooth_gradient,identity,global_ttt,0.0
3553,smooth_gradient,identity,spatial2_ttt,0.0
3553,smooth_gradient,global_direct,spatial2_direct,0.0
3553,smooth_gradient,global_direct,global_discrete,0.0
3553,smooth_gradient,global_direct,spatial2_discrete,0.0
3553,smooth_gradient,global_direct,global_ttt,0.0
3553,smooth_gradient,global_direct,spatial2_ttt,0.0
3553,smooth_gradient,spatial2_direct,global_discrete,0.0
3553,smooth_gradient,spatial2_direct,spatial2_discrete,0.0
3553,smooth_gradient,spatial2_direct,global_ttt,0.0
3553,smooth_gradient,spatial2_direct,spatial2_ttt,0.0
3553,smooth_gradient,global_discrete,spatial2_discrete,0.0
3553,smooth_gradient,global_discrete,global_ttt,0.0
3553,smooth_gradient,global_discrete,spatial2_ttt,0.0
3553,smooth_gradient,spatial2_discrete,global_ttt,0.0
3553,smooth_gradient,spatial2_discrete,spatial2_ttt,0.0
3553,smooth_gradient,global_ttt,spatial2_ttt,0.0
3661,clean,identity,global_direct,0.0
3661,clean,identity,spatial2_direct,0.0
3661,clean,identity,global_discrete,0.0
3661,clean,identity,spatial2_discrete,0.0
3661,clean,identity,global_ttt,0.0
3661,clean,identity,spatial2_ttt,0.0
3661,clean,global_direct,spatial2_direct,0.0
3661,clean,global_direct,global_discrete,0.0
3661,clean,global_direct,spatial2_discrete,0.0
3661,clean,global_direct,global_ttt,0.0
3661,clean,global_direct,spatial2_ttt,0.0
3661,clean,spatial2_direct,global_discrete,0.0
3661,clean,spatial2_direct,spatial2_discrete,0.0
3661,clean,spatial2_direct,global_ttt,0.0
3661,clean,spatial2_direct,spatial2_ttt,0.0
3661,clean,global_discrete,spatial2_discrete,0.0
3661,clean,global_discrete,global_ttt,0.0
3661,clean,global_discrete,spatial2_ttt,0.0
3661,clean,spatial2_discrete,global_ttt,0.0
3661,clean,spatial2_discrete,spatial2_ttt,0.0
3661,clean,global_ttt,spatial2_ttt,0.0
3661,homogeneous_bright,identity,global_direct,0.0416562557220459
3661,homogeneous_bright,identity,spatial2_direct,0.03413080982863903
3661,homogeneous_bright,identity,global_discrete,0.03829298913478851
3661,homogeneous_bright,identity,spatial2_discrete,0.022863253951072693
3661,homogeneous_bright,identity,global_ttt,0.03490854147821665
3661,homogeneous_bright,identity,spatial2_ttt,0.035661554895341396
3661,homogeneous_bright,global_direct,spatial2_direct,-0.007525445893406868
3661,homogeneous_bright,global_direct,global_discrete,-0.0033632665872573853
3661,homogeneous_bright,global_direct,spatial2_discrete,-0.018793001770973206
3661,homogeneous_bright,global_direct,global_ttt,-0.00674771424382925
3661,homogeneous_bright,global_direct,spatial2_ttt,-0.005994700826704502
3661,homogeneous_bright,spatial2_direct,global_discrete,0.004162179306149483
3661,homogeneous_bright,spatial2_direct,spatial2_discrete,-0.011267555877566338
3661,homogeneous_bright,spatial2_direct,global_ttt,0.0007777316495776176
3661,homogeneous_bright,spatial2_direct,spatial2_ttt,0.0015307450667023659
3661,homogeneous_bright,global_discrete,spatial2_discrete,-0.01542973518371582
3661,homogeneous_bright,global_discrete,global_ttt,-0.003384447656571865
3661,homogeneous_bright,global_discrete,spatial2_ttt,-0.002631434239447117
3661,homogeneous_bright,spatial2_discrete,global_ttt,0.012045287527143955
3661,homogeneous_bright,spatial2_discrete,spatial2_ttt,0.012798300944268703
3661,homogeneous_bright,global_ttt,spatial2_ttt,0.0007530134171247482
3661,homogeneous_dark,identity,global_direct,0.04017322137951851
3661,homogeneous_dark,identity,spatial2_direct,0.042388468980789185
3661,homogeneous_dark,identity,global_discrete,0.09102513315156102
3661,homogeneous_dark,identity,spatial2_discrete,0.08362257853150368
3661,homogeneous_dark,identity,global_ttt,0.07107512652873993
3661,homogeneous_dark,identity,spatial2_ttt,0.06732692569494247
3661,homogeneous_dark,global_direct,spatial2_direct,0.0022152476012706757
3661,homogeneous_dark,global_direct,global_discrete,0.05085191177204251
3661,homogeneous_dark,global_direct,spatial2_discrete,0.04344935715198517
3661,homogeneous_dark,global_direct,global_ttt,0.03090190514922142
3661,homogeneous_dark,global_direct,spatial2_ttt,0.027153704315423965
3661,homogeneous_dark,spatial2_direct,global_discrete,0.04863666417077184
3661,homogeneous_dark,spatial2_direct,spatial2_discrete,0.04123410955071449
3661,homogeneous_dark,spatial2_direct,global_ttt,0.028686657547950745
3661,homogeneous_dark,spatial2_direct,spatial2_ttt,0.02493845671415329
3661,homogeneous_dark,global_discrete,spatial2_discrete,-0.0074025546200573444
3661,homogeneous_dark,global_discrete,global_ttt,-0.019950006622821093
3661,homogeneous_dark,global_discrete,spatial2_ttt,-0.023698207456618547
3661,homogeneous_dark,spatial2_discrete,global_ttt,-0.012547452002763748
3661,homogeneous_dark,spatial2_discrete,spatial2_ttt,-0.016295652836561203
3661,homogeneous_dark,global_ttt,spatial2_ttt,-0.003748200833797455
3661,left_right,identity,global_direct,0.006180081516504288
3661,left_right,identity,spatial2_direct,0.029486943036317825
3661,left_right,identity,global_discrete,0.018411953002214432
3661,left_right,identity,spatial2_discrete,0.00011558085680007935
3661,left_right,identity,global_ttt,0.0279683955013752
3661,left_right,identity,spatial2_ttt,0.03469852730631828
3661,left_right,global_direct,spatial2_direct,0.023306861519813538
3661,left_right,global_direct,global_discrete,0.012231871485710144
3661,left_right,global_direct,spatial2_discrete,-0.006064500659704208
3661,left_right,global_direct,global_ttt,0.02178831398487091
3661,left_right,global_direct,spatial2_ttt,0.028518445789813995
3661,left_right,spatial2_direct,global_discrete,-0.011074990034103394
3661,left_right,spatial2_direct,spatial2_discrete,-0.029371362179517746
3661,left_right,spatial2_direct,global_ttt,-0.001518547534942627
3661,left_right,spatial2_direct,spatial2_ttt,0.005211584270000458
3661,left_right,global_discrete,spatial2_discrete,-0.018296372145414352
3661,left_right,global_discrete,global_ttt,0.009556442499160767
3661,left_right,global_discrete,spatial2_ttt,0.01628657430410385
3661,left_right,spatial2_discrete,global_ttt,0.02785281464457512
3661,left_right,spatial2_discrete,spatial2_ttt,0.034582946449518204
3661,left_right,global_ttt,spatial2_ttt,0.006730131804943085
3661,quadrants,identity,global_direct,-0.002255737781524658
3661,quadrants,identity,spatial2_direct,0.02596450224518776
3661,quadrants,identity,global_discrete,0.011972598731517792
3661,quadrants,identity,spatial2_discrete,0.012131959199905396
3661,quadrants,identity,global_ttt,0.022800322622060776
3661,quadrants,identity,spatial2_ttt,0.021580778062343597
3661,quadrants,global_direct,spatial2_direct,0.028220240026712418
3661,quadrants,global_direct,global_discrete,0.01422833651304245
3661,quadrants,global_direct,spatial2_discrete,0.014387696981430054
3661,quadrants,global_direct,global_ttt,0.025056060403585434
3661,quadrants,global_direct,spatial2_ttt,0.023836515843868256
3661,quadrants,spatial2_direct,global_discrete,-0.013991903513669968
3661,quadrants,spatial2_direct,spatial2_discrete,-0.013832543045282364
3661,quadrants,spatial2_direct,global_ttt,-0.0031641796231269836
3661,quadrants,spatial2_direct,spatial2_ttt,-0.004383724182844162
3661,quadrants,global_discrete,spatial2_discrete,0.00015936046838760376
3661,quadrants,global_discrete,global_ttt,0.010827723890542984
3661,quadrants,global_discrete,spatial2_ttt,0.009608179330825806
3661,quadrants,spatial2_discrete,global_ttt,0.01066836342215538
3661,quadrants,spatial2_discrete,spatial2_ttt,0.009448818862438202
3661,quadrants,global_ttt,spatial2_ttt,-0.0012195445597171783
3661,smooth_gradient,identity,global_direct,0.001215476542711258
3661,smooth_gradient,identity,spatial2_direct,0.004292372614145279
3661,smooth_gradient,identity,global_discrete,-0.041547058150172234
3661,smooth_gradient,identity,spatial2_discrete,-0.07604922167956829
3661,smooth_gradient,identity,global_ttt,-0.03289777226746082
3661,smooth_gradient,identity,spatial2_ttt,-0.09394980035722256
3661,smooth_gradient,global_direct,spatial2_direct,0.003076896071434021
3661,smooth_gradient,global_direct,global_discrete,-0.04276253469288349
3661,smooth_gradient,global_direct,spatial2_discrete,-0.07726469822227955
3661,smooth_gradient,global_direct,global_ttt,-0.03411324881017208
3661,smooth_gradient,global_direct,spatial2_ttt,-0.09516527689993382
3661,smooth_gradient,spatial2_direct,global_discrete,-0.04583943076431751
3661,smooth_gradient,spatial2_direct,spatial2_discrete,-0.08034159429371357
3661,smooth_gradient,spatial2_direct,global_ttt,-0.0371901448816061
3661,smooth_gradient,spatial2_direct,spatial2_ttt,-0.09824217297136784
3661,smooth_gradient,global_discrete,spatial2_discrete,-0.03450216352939606
3661,smooth_gradient,global_discrete,global_ttt,0.00864928588271141
3661,smooth_gradient,global_discrete,spatial2_ttt,-0.052402742207050323
3661,smooth_gradient,spatial2_discrete,global_ttt,0.04315144941210747
3661,smooth_gradient,spatial2_discrete,spatial2_ttt,-0.017900578677654266
3661,smooth_gradient,global_ttt,spatial2_ttt,-0.061052028089761734
3845,clean,identity,global_direct,0.0
3845,clean,identity,spatial2_direct,0.0
3845,clean,identity,global_discrete,0.0
3845,clean,identity,spatial2_discrete,0.0
3845,clean,identity,global_ttt,0.0
3845,clean,identity,spatial2_ttt,0.0
3845,clean,global_direct,spatial2_direct,0.0
3845,clean,global_direct,global_discrete,0.0
3845,clean,global_direct,spatial2_discrete,0.0
3845,clean,global_direct,global_ttt,0.0
3845,clean,global_direct,spatial2_ttt,0.0
3845,clean,spatial2_direct,global_discrete,0.0
3845,clean,spatial2_direct,spatial2_discrete,0.0
3845,clean,spatial2_direct,global_ttt,0.0
3845,clean,spatial2_direct,spatial2_ttt,0.0
3845,clean,global_discrete,spatial2_discrete,0.0
3845,clean,global_discrete,global_ttt,0.0
3845,clean,global_discrete,spatial2_ttt,0.0
3845,clean,spatial2_discrete,global_ttt,0.0
3845,clean,spatial2_discrete,spatial2_ttt,0.0
3845,clean,global_ttt,spatial2_ttt,0.0
3845,homogeneous_bright,identity,global_direct,0.028385820798575878
3845,homogeneous_bright,identity,spatial2_direct,0.021657723933458328
3845,homogeneous_bright,identity,global_discrete,0.03496466111391783
3845,homogeneous_bright,identity,spatial2_discrete,0.011278444901108742
3845,homogeneous_bright,identity,global_ttt,0.03153621032834053
3845,homogeneous_bright,identity,spatial2_ttt,0.030505934730172157
3845,homogeneous_bright,global_direct,spatial2_direct,-0.00672809686511755
3845,homogeneous_bright,global_direct,global_discrete,0.0065788403153419495
3845,homogeneous_bright,global_direct,spatial2_discrete,-0.017107375897467136
3845,homogeneous_bright,global_direct,global_ttt,0.0031503895297646523
3845,homogeneous_bright,global_direct,spatial2_ttt,0.002120113931596279
3845,homogeneous_bright,spatial2_direct,global_discrete,0.0133069371804595
3845,homogeneous_bright,spatial2_direct,spatial2_discrete,-0.010379279032349586
3845,homogeneous_bright,spatial2_direct,global_ttt,0.009878486394882202
3845,homogeneous_bright,spatial2_direct,spatial2_ttt,0.008848210796713829
3845,homogeneous_bright,global_discrete,spatial2_discrete,-0.023686216212809086
3845,homogeneous_bright,global_discrete,global_ttt,-0.003428450785577297
3845,homogeneous_bright,global_discrete,spatial2_ttt,-0.00445872638374567
3845,homogeneous_bright,spatial2_discrete,global_ttt,0.02025776542723179
3845,homogeneous_bright,spatial2_discrete,spatial2_ttt,0.019227489829063416
3845,homogeneous_bright,global_ttt,spatial2_ttt,-0.001030275598168373
3845,homogeneous_dark,identity,global_direct,0.020077917724847794
3845,homogeneous_dark,identity,spatial2_direct,0.015568498522043228
3845,homogeneous_dark,identity,global_discrete,0.03956931643188
3845,homogeneous_dark,identity,spatial2_discrete,0.05058564431965351
3845,homogeneous_dark,identity,global_ttt,0.03820269554853439
3845,homogeneous_dark,identity,spatial2_ttt,0.037923477590084076
3845,homogeneous_dark,global_direct,spatial2_direct,-0.004509419202804565
3845,homogeneous_dark,global_direct,global_discrete,0.019491398707032204
3845,homogeneous_dark,global_direct,spatial2_discrete,0.030507726594805717
3845,homogeneous_dark,global_direct,global_ttt,0.0181247778236866
3845,homogeneous_dark,global_direct,spatial2_ttt,0.017845559865236282
3845,homogeneous_dark,spatial2_direct,global_discrete,0.02400081790983677
3845,homogeneous_dark,spatial2_direct,spatial2_discrete,0.03501714579761028
3845,homogeneous_dark,spatial2_direct,global_ttt,0.022634197026491165
3845,homogeneous_dark,spatial2_direct,spatial2_ttt,0.022354979068040848
3845,homogeneous_dark,global_discrete,spatial2_discrete,0.011016327887773514
3845,homogeneous_dark,global_discrete,global_ttt,-0.001366620883345604
3845,homogeneous_dark,global_discrete,spatial2_ttt,-0.0016458388417959213
3845,homogeneous_dark,spatial2_discrete,global_ttt,-0.012382948771119118
3845,homogeneous_dark,spatial2_discrete,spatial2_ttt,-0.012662166729569435
3845,homogeneous_dark,global_ttt,spatial2_ttt,-0.0002792179584503174
3845,left_right,identity,global_direct,3.725290298461914e-09
3845,left_right,identity,spatial2_direct,0.025593606755137444
3845,left_right,identity,global_discrete,0.015324421226978302
3845,left_right,identity,spatial2_discrete,0.009014993906021118
3845,left_right,identity,global_ttt,0.014672841876745224
3845,left_right,identity,spatial2_ttt,0.024818293750286102
3845,left_right,global_direct,spatial2_direct,0.025593603029847145
3845,left_right,global_direct,global_discrete,0.015324417501688004
3845,left_right,global_direct,spatial2_discrete,0.00901499018073082
3845,left_right,global_direct,global_ttt,0.014672838151454926
3845,left_right,global_direct,spatial2_ttt,0.024818290024995804
3845,left_right,spatial2_direct,global_discrete,-0.010269185528159142
3845,left_right,spatial2_direct,spatial2_discrete,-0.016578612849116325
3845,left_right,spatial2_direct,global_ttt,-0.01092076487839222
3845,left_right,spatial2_direct,spatial2_ttt,-0.0007753130048513412
3845,left_right,global_discrete,spatial2_discrete,-0.006309427320957184
3845,left_right,global_discrete,global_ttt,-0.000651579350233078
3845,left_right,global_discrete,spatial2_ttt,0.0094938725233078
3845,left_right,spatial2_discrete,global_ttt,0.005657847970724106
3845,left_right,spatial2_discrete,spatial2_ttt,0.015803299844264984
3845,left_right,global_ttt,spatial2_ttt,0.010145451873540878
3845,quadrants,identity,global_direct,0.0
3845,quadrants,identity,spatial2_direct,0.008615758270025253
3845,quadrants,identity,global_discrete,0.012117445468902588
3845,quadrants,identity,spatial2_discrete,0.011781979352235794
3845,quadrants,identity,global_ttt,0.013506647199392319
3845,quadrants,identity,spatial2_ttt,0.011646505445241928
3845,quadrants,global_direct,spatial2_direct,0.008615758270025253
3845,quadrants,global_direct,global_discrete,0.012117445468902588
3845,quadrants,global_direct,spatial2_discrete,0.011781979352235794
3845,quadrants,global_direct,global_ttt,0.013506647199392319
3845,quadrants,global_direct,spatial2_ttt,0.011646505445241928
3845,quadrants,spatial2_direct,global_discrete,0.0035016871988773346
3845,quadrants,spatial2_direct,spatial2_discrete,0.0031662210822105408
3845,quadrants,spatial2_direct,global_ttt,0.004890888929367065
3845,quadrants,spatial2_direct,spatial2_ttt,0.003030747175216675
3845,quadrants,global_discrete,spatial2_discrete,-0.0003354661166667938
3845,quadrants,global_discrete,global_ttt,0.0013892017304897308
3845,quadrants,global_discrete,spatial2_ttt,-0.0004709400236606598
3845,quadrants,spatial2_discrete,global_ttt,0.0017246678471565247
3845,quadrants,spatial2_discrete,spatial2_ttt,-0.00013547390699386597
3845,quadrants,global_ttt,spatial2_ttt,-0.0018601417541503906
3845,smooth_gradient,identity,global_direct,0.0021735820919275284
3845,smooth_gradient,identity,spatial2_direct,0.002917960286140442
3845,smooth_gradient,identity,global_discrete,-0.008608600124716759
3845,smooth_gradient,identity,spatial2_discrete,-0.019339093938469887
3845,smooth_gradient,identity,global_ttt,0.0025373687967658043
3845,smooth_gradient,identity,spatial2_ttt,0.0026575634256005287
3845,smooth_gradient,global_direct,spatial2_direct,0.0007443781942129135
3845,smooth_gradient,global_direct,global_discrete,-0.010782182216644287
3845,smooth_gradient,global_direct,spatial2_discrete,-0.021512676030397415
3845,smooth_gradient,global_direct,global_ttt,0.0003637867048382759
3845,smooth_gradient,global_direct,spatial2_ttt,0.00048398133367300034
3845,smooth_gradient,spatial2_direct,global_discrete,-0.0115265604108572
3845,smooth_gradient,spatial2_direct,spatial2_discrete,-0.02225705422461033
3845,smooth_gradient,spatial2_direct,global_ttt,-0.0003805914893746376
3845,smooth_gradient,spatial2_direct,spatial2_ttt,-0.0002603968605399132
3845,smooth_gradient,global_discrete,spatial2_discrete,-0.010730493813753128
3845,smooth_gradient,global_discrete,global_ttt,0.011145968921482563
3845,smooth_gradient,global_discrete,spatial2_ttt,0.011266163550317287
3845,smooth_gradient,spatial2_discrete,global_ttt,0.02187646273523569
3845,smooth_gradient,spatial2_discrete,spatial2_ttt,0.021996657364070415
3845,smooth_gradient,global_ttt,spatial2_ttt,0.00012019462883472443
3934,clean,identity,global_direct,-0.0012347492156550288
3934,clean,identity,spatial2_direct,-0.002921002684161067
3934,clean,identity,global_discrete,-0.015377387404441833
3934,clean,identity,spatial2_discrete,-0.0207640640437603
3934,clean,identity,global_ttt,-0.008979696780443192
3934,clean,identity,spatial2_ttt,-0.009172606281936169
3934,clean,global_direct,spatial2_direct,-0.0016862534685060382
3934,clean,global_direct,global_discrete,-0.014142638188786805
3934,clean,global_direct,spatial2_discrete,-0.01952931482810527
3934,clean,global_direct,global_ttt,-0.007744947564788163
3934,clean,global_direct,spatial2_ttt,-0.00793785706628114
3934,clean,spatial2_direct,global_discrete,-0.012456384720280766
3934,clean,spatial2_direct,spatial2_discrete,-0.017843061359599233
3934,clean,spatial2_direct,global_ttt,-0.0060586940962821245
3934,clean,spatial2_direct,spatial2_ttt,-0.006251603597775102
3934,clean,global_discrete,spatial2_discrete,-0.005386676639318466
3934,clean,global_discrete,global_ttt,0.006397690623998642
3934,clean,global_discrete,spatial2_ttt,0.006204781122505665
3934,clean,spatial2_discrete,global_ttt,0.011784367263317108
3934,clean,spatial2_discrete,spatial2_ttt,0.011591457761824131
3934,clean,global_ttt,spatial2_ttt,-0.00019290950149297714
3934,homogeneous_bright,identity,global_direct,0.03267312189564109
3934,homogeneous_bright,identity,spatial2_direct,0.028342386707663536
3934,homogeneous_bright,identity,global_discrete,0.03079772088676691
3934,homogeneous_bright,identity,spatial2_discrete,0.01590852253139019
3934,homogeneous_bright,identity,global_ttt,0.026375677436590195
3934,homogeneous_bright,identity,spatial2_ttt,0.006453715264797211
3934,homogeneous_bright,global_direct,spatial2_direct,-0.004330735187977552
3934,homogeneous_bright,global_direct,global_discrete,-0.001875401008874178
3934,homogeneous_bright,global_direct,spatial2_discrete,-0.0167645993642509
3934,homogeneous_bright,global_direct,global_ttt,-0.006297444459050894
3934,homogeneous_bright,global_direct,spatial2_ttt,-0.026219406630843878
3934,homogeneous_bright,spatial2_direct,global_discrete,0.0024553341791033745
3934,homogeneous_bright,spatial2_direct,spatial2_discrete,-0.012433864176273346
3934,homogeneous_bright,spatial2_direct,global_ttt,-0.0019667092710733414
3934,homogeneous_bright,spatial2_direct,spatial2_ttt,-0.021888671442866325
3934,homogeneous_bright,global_discrete,spatial2_discrete,-0.01488919835537672
3934,homogeneous_bright,global_discrete,global_ttt,-0.004422043450176716
3934,homogeneous_bright,global_discrete,spatial2_ttt,-0.0243440056219697
3934,homogeneous_bright,spatial2_discrete,global_ttt,0.010467154905200005
3934,homogeneous_bright,spatial2_discrete,spatial2_ttt,-0.00945480726659298
3934,homogeneous_bright,global_ttt,spatial2_ttt,-0.019921962171792984
3934,homogeneous_dark,identity,global_direct,0.007733393460512161
3934,homogeneous_dark,identity,spatial2_direct,0.009146463125944138
3934,homogeneous_dark,identity,global_discrete,0.05243117897771299
3934,homogeneous_dark,identity,spatial2_discrete,0.01734079048037529
3934,homogeneous_dark,identity,global_ttt,0.047231477219611406
3934,homogeneous_dark,identity,spatial2_ttt,0.029361732304096222
3934,homogeneous_dark,global_direct,spatial2_direct,0.0014130696654319763
3934,homogeneous_dark,global_direct,global_discrete,0.04469778551720083
3934,homogeneous_dark,global_direct,spatial2_discrete,0.009607397019863129
3934,homogeneous_dark,global_direct,global_ttt,0.039498083759099245
3934,homogeneous_dark,global_direct,spatial2_ttt,0.02162833884358406
3934,homogeneous_dark,spatial2_direct,global_discrete,0.04328471585176885
3934,homogeneous_dark,spatial2_direct,spatial2_discrete,0.008194327354431152
3934,homogeneous_dark,spatial2_direct,global_ttt,0.03808501409366727
3934,homogeneous_dark,spatial2_direct,spatial2_ttt,0.020215269178152084
3934,homogeneous_dark,global_discrete,spatial2_discrete,-0.0350903884973377
3934,homogeneous_dark,global_discrete,global_ttt,-0.0051997017581015825
3934,homogeneous_dark,global_discrete,spatial2_ttt,-0.023069446673616767
3934,homogeneous_dark,spatial2_discrete,global_ttt,0.029890686739236116
3934,homogeneous_dark,spatial2_discrete,spatial2_ttt,0.012020941823720932
3934,homogeneous_dark,global_ttt,spatial2_ttt,-0.017869744915515184
3934,left_right,identity,global_direct,0.0
3934,left_right,identity,spatial2_direct,0.015690479427576065
3934,left_right,identity,global_discrete,0.012253839522600174
3934,left_right,identity,spatial2_discrete,0.03496268950402737
3934,left_right,identity,global_ttt,0.016941476613283157
3934,left_right,identity,spatial2_ttt,0.035944556817412376
3934,left_right,global_direct,spatial2_direct,0.015690479427576065
3934,left_right,global_direct,global_discrete,0.012253839522600174
3934,left_right,global_direct,spatial2_discrete,0.03496268950402737
3934,left_right,global_direct,global_ttt,0.016941476613283157
3934,left_right,global_direct,spatial2_ttt,0.035944556817412376
3934,left_right,spatial2_direct,global_discrete,-0.003436639904975891
3934,left_right,spatial2_direct,spatial2_discrete,0.0192722100764513
3934,left_right,spatial2_direct,global_ttt,0.0012509971857070923
3934,left_right,spatial2_direct,spatial2_ttt,0.02025407738983631
3934,left_right,global_discrete,spatial2_discrete,0.022708849981427193
3934,left_right,global_discrete,global_ttt,0.004687637090682983
3934,left_right,global_discrete,spatial2_ttt,0.023690717294812202
3934,left_right,spatial2_discrete,global_ttt,-0.01802121289074421
3934,left_right,spatial2_discrete,spatial2_ttt,0.0009818673133850098
3934,left_right,global_ttt,spatial2_ttt,0.01900308020412922
3934,quadrants,identity,global_direct,0.004192028194665909
3934,quadrants,identity,spatial2_direct,0.0172298364341259
3934,quadrants,identity,global_discrete,0.013127170503139496
3934,quadrants,identity,spatial2_discrete,0.004984937608242035
3934,quadrants,identity,global_ttt,0.01787589304149151
3934,quadrants,identity,spatial2_ttt,0.006804950535297394
3934,quadrants,global_direct,spatial2_direct,0.013037808239459991
3934,quadrants,global_direct,global_discrete,0.008935142308473587
3934,quadrants,global_direct,spatial2_discrete,0.0007929094135761261
3934,quadrants,global_direct,global_ttt,0.0136838648468256
3934,quadrants,global_direct,spatial2_ttt,0.002612922340631485
3934,quadrants,spatial2_direct,global_discrete,-0.004102665930986404
3934,quadrants,spatial2_direct,spatial2_discrete,-0.012244898825883865
3934,quadrants,spatial2_direct,global_ttt,0.0006460566073656082
3934,quadrants,spatial2_direct,spatial2_ttt,-0.010424885898828506
3934,quadrants,global_discrete,spatial2_discrete,-0.008142232894897461
3934,quadrants,global_discrete,global_ttt,0.004748722538352013
3934,quadrants,global_discrete,spatial2_ttt,-0.006322219967842102
3934,quadrants,spatial2_discrete,global_ttt,0.012890955433249474
3934,quadrants,spatial2_discrete,spatial2_ttt,0.0018200129270553589
3934,quadrants,global_ttt,spatial2_ttt,-0.011070942506194115
3934,smooth_gradient,identity,global_direct,-0.00011909939348697662
3934,smooth_gradient,identity,spatial2_direct,0.0028373925015330315
3934,smooth_gradient,identity,global_discrete,-0.06508562713861465
3934,smooth_gradient,identity,spatial2_discrete,-0.07419832050800323
3934,smooth_gradient,identity,global_ttt,-0.07283200323581696
3934,smooth_gradient,identity,spatial2_ttt,-0.07858801633119583
3934,smooth_gradient,global_direct,spatial2_direct,0.002956491895020008
3934,smooth_gradient,global_direct,global_discrete,-0.06496652774512768
3934,smooth_gradient,global_direct,spatial2_discrete,-0.07407922111451626
3934,smooth_gradient,global_direct,global_ttt,-0.07271290384232998
3934,smooth_gradient,global_direct,spatial2_ttt,-0.07846891693770885
3934,smooth_gradient,spatial2_direct,global_discrete,-0.06792301964014769
3934,smooth_gradient,spatial2_direct,spatial2_discrete,-0.07703571300953627
3934,smooth_gradient,spatial2_direct,global_ttt,-0.07566939573734999
3934,smooth_gradient,spatial2_direct,spatial2_ttt,-0.08142540883272886
3934,smooth_gradient,global_discrete,spatial2_discrete,-0.00911269336938858
3934,smooth_gradient,global_discrete,global_ttt,-0.007746376097202301
3934,smooth_gradient,global_discrete,spatial2_ttt,-0.013502389192581177
3934,smooth_gradient,spatial2_discrete,global_ttt,0.0013663172721862793
3934,smooth_gradient,spatial2_discrete,spatial2_ttt,-0.0043896958231925964
3934,smooth_gradient,global_ttt,spatial2_ttt,-0.005756013095378876
4134,clean,identity,global_direct,0.0
4134,clean,identity,spatial2_direct,0.0
4134,clean,identity,global_discrete,0.0
4134,clean,identity,spatial2_discrete,0.0
4134,clean,identity,global_ttt,0.0
4134,clean,identity,spatial2_ttt,0.0
4134,clean,global_direct,spatial2_direct,0.0
4134,clean,global_direct,global_discrete,0.0
4134,clean,global_direct,spatial2_discrete,0.0
4134,clean,global_direct,global_ttt,0.0
4134,clean,global_direct,spatial2_ttt,0.0
4134,clean,spatial2_direct,global_discrete,0.0
4134,clean,spatial2_direct,spatial2_discrete,0.0
4134,clean,spatial2_direct,global_ttt,0.0
4134,clean,spatial2_direct,spatial2_ttt,0.0
4134,clean,global_discrete,spatial2_discrete,0.0
4134,clean,global_discrete,global_ttt,0.0
4134,clean,global_discrete,spatial2_ttt,0.0
4134,clean,spatial2_discrete,global_ttt,0.0
4134,clean,spatial2_discrete,spatial2_ttt,0.0
4134,clean,global_ttt,spatial2_ttt,0.0
4134,homogeneous_bright,identity,global_direct,0.01919323904439807
4134,homogeneous_bright,identity,spatial2_direct,0.012469266541302204
4134,homogeneous_bright,identity,global_discrete,0.019667136715725064
4134,homogeneous_bright,identity,spatial2_discrete,0.006181420758366585
4134,homogeneous_bright,identity,global_ttt,0.015582316555082798
4134,homogeneous_bright,identity,spatial2_ttt,0.014927326701581478
4134,homogeneous_bright,global_direct,spatial2_direct,-0.006723972503095865
4134,homogeneous_bright,global_direct,global_discrete,0.0004738976713269949
4134,homogeneous_bright,global_direct,spatial2_discrete,-0.013011818286031485
4134,homogeneous_bright,global_direct,global_ttt,-0.0036109224893152714
4134,homogeneous_bright,global_direct,spatial2_ttt,-0.004265912342816591
4134,homogeneous_bright,spatial2_direct,global_discrete,0.00719787017442286
4134,homogeneous_bright,spatial2_direct,spatial2_discrete,-0.006287845782935619
4134,homogeneous_bright,spatial2_direct,global_ttt,0.003113050013780594
4134,homogeneous_bright,spatial2_direct,spatial2_ttt,0.002458060160279274
4134,homogeneous_bright,global_discrete,spatial2_discrete,-0.01348571595735848
4134,homogeneous_bright,global_discrete,global_ttt,-0.004084820160642266
4134,homogeneous_bright,global_discrete,spatial2_ttt,-0.004739810014143586
4134,homogeneous_bright,spatial2_discrete,global_ttt,0.009400895796716213
4134,homogeneous_bright,spatial2_discrete,spatial2_ttt,0.008745905943214893
4134,homogeneous_bright,global_ttt,spatial2_ttt,-0.0006549898535013199
4134,homogeneous_dark,identity,global_direct,0.012168101966381073
4134,homogeneous_dark,identity,spatial2_direct,0.0116218701004982
4134,homogeneous_dark,identity,global_discrete,0.041190189542248845
4134,homogeneous_dark,identity,spatial2_discrete,0.0384861440397799
4134,homogeneous_dark,identity,global_ttt,0.03196346014738083
4134,homogeneous_dark,identity,spatial2_ttt,0.013533689081668854
4134,homogeneous_dark,global_direct,spatial2_direct,-0.0005462318658828735
4134,homogeneous_dark,global_direct,global_discrete,0.029022087575867772
4134,homogeneous_dark,global_direct,spatial2_discrete,0.02631804207339883
4134,homogeneous_dark,global_direct,global_ttt,0.019795358180999756
4134,homogeneous_dark,global_direct,spatial2_ttt,0.0013655871152877808
4134,homogeneous_dark,spatial2_direct,global_discrete,0.029568319441750646
4134,homogeneous_dark,spatial2_direct,spatial2_discrete,0.026864273939281702
4134,homogeneous_dark,spatial2_direct,global_ttt,0.02034159004688263
4134,homogeneous_dark,spatial2_direct,spatial2_ttt,0.0019118189811706543
4134,homogeneous_dark,global_discrete,spatial2_discrete,-0.0027040455024689436
4134,homogeneous_dark,global_discrete,global_ttt,-0.009226729394868016
4134,homogeneous_dark,global_discrete,spatial2_ttt,-0.02765650046057999
4134,homogeneous_dark,spatial2_discrete,global_ttt,-0.006522683892399073
4134,homogeneous_dark,spatial2_discrete,spatial2_ttt,-0.024952454958111048
4134,homogeneous_dark,global_ttt,spatial2_ttt,-0.018429771065711975
4134,left_right,identity,global_direct,-0.0007942467927932739
4134,left_right,identity,spatial2_direct,0.003845810890197754
4134,left_right,identity,global_discrete,-0.0065299030393362045
4134,left_right,identity,spatial2_discrete,-0.014116311445832253
4134,left_right,identity,global_ttt,-0.009073195978999138
4134,left_right,identity,spatial2_ttt,-0.023236988112330437
4134,left_right,global_direct,spatial2_direct,0.004640057682991028
4134,left_right,global_direct,global_discrete,-0.005735656246542931
4134,left_right,global_direct,spatial2_discrete,-0.013322064653038979
4134,left_right,global_direct,global_ttt,-0.008278949186205864
4134,left_right,global_direct,spatial2_ttt,-0.022442741319537163
4134,left_right,spatial2_direct,global_discrete,-0.010375713929533958
4134,left_right,spatial2_direct,spatial2_discrete,-0.017962122336030006
4134,left_right,spatial2_direct,global_ttt,-0.012919006869196892
4134,left_right,spatial2_direct,spatial2_ttt,-0.02708279900252819
4134,left_right,global_discrete,spatial2_discrete,-0.007586408406496048
4134,left_right,global_discrete,global_ttt,-0.0025432929396629333
4134,left_right,global_discrete,spatial2_ttt,-0.016707085072994232
4134,left_right,spatial2_discrete,global_ttt,0.005043115466833115
4134,left_right,spatial2_discrete,spatial2_ttt,-0.009120676666498184
4134,left_right,global_ttt,spatial2_ttt,-0.014163792133331299
4134,quadrants,identity,global_direct,0.0
4134,quadrants,identity,spatial2_direct,0.005910325795412064
4134,quadrants,identity,global_discrete,0.010667070746421814
4134,quadrants,identity,spatial2_discrete,-0.029901180416345596
4134,quadrants,identity,global_ttt,0.009154049679636955
4134,quadrants,identity,spatial2_ttt,0.0016083717346191406
4134,quadrants,global_direct,spatial2_direct,0.005910325795412064
4134,quadrants,global_direct,global_discrete,0.010667070746421814
4134,quadrants,global_direct,spatial2_discrete,-0.029901180416345596
4134,quadrants,global_direct,global_ttt,0.009154049679636955
4134,quadrants,global_direct,spatial2_ttt,0.0016083717346191406
4134,quadrants,spatial2_direct,global_discrete,0.00475674495100975
4134,quadrants,spatial2_direct,spatial2_discrete,-0.03581150621175766
4134,quadrants,spatial2_direct,global_ttt,0.0032437238842248917
4134,quadrants,spatial2_direct,spatial2_ttt,-0.004301954060792923
4134,quadrants,global_discrete,spatial2_discrete,-0.04056825116276741
4134,quadrants,global_discrete,global_ttt,-0.0015130210667848587
4134,quadrants,global_discrete,spatial2_ttt,-0.009058699011802673
4134,quadrants,spatial2_discrete,global_ttt,0.03905523009598255
4134,quadrants,spatial2_discrete,spatial2_ttt,0.03150955215096474
4134,quadrants,global_ttt,spatial2_ttt,-0.007545677945017815
4134,smooth_gradient,identity,global_direct,-0.0009881388396024704
4134,smooth_gradient,identity,spatial2_direct,-0.00011971965432167053
4134,smooth_gradient,identity,global_discrete,-0.0027610110118985176
4134,smooth_gradient,identity,spatial2_discrete,-0.01098394300788641
4134,smooth_gradient,identity,global_ttt,-0.004899606108665466
4134,smooth_gradient,identity,spatial2_ttt,-0.008036441169679165
4134,smooth_gradient,global_direct,spatial2_direct,0.0008684191852807999
4134,smooth_gradient,global_direct,global_discrete,-0.0017728721722960472
4134,smooth_gradient,global_direct,spatial2_discrete,-0.00999580416828394
4134,smooth_gradient,global_direct,global_ttt,-0.003911467269062996
4134,smooth_gradient,global_direct,spatial2_ttt,-0.0070483023300766945
4134,smooth_gradient,spatial2_direct,global_discrete,-0.002641291357576847
4134,smooth_gradient,spatial2_direct,spatial2_discrete,-0.01086422335356474
4134,smooth_gradient,spatial2_direct,global_ttt,-0.004779886454343796
4134,smooth_gradient,spatial2_direct,spatial2_ttt,-0.007916721515357494
4134,smooth_gradient,global_discrete,spatial2_discrete,-0.008222931995987892
4134,smooth_gradient,global_discrete,global_ttt,-0.0021385950967669487
4134,smooth_gradient,global_discrete,spatial2_ttt,-0.005275430157780647
4134,smooth_gradient,spatial2_discrete,global_ttt,0.0060843368992209435
4134,smooth_gradient,spatial2_discrete,spatial2_ttt,0.002947501838207245
4134,smooth_gradient,global_ttt,spatial2_ttt,-0.0031368350610136986
