seed,family,condition,model,loss_before,loss_after,mse,psnr_db,left_mse,right_mse,top_left_mse,top_right_mse,bottom_left_mse,bottom_right_mse,input_output_drift_mse,identity_drift_mse,parameter_count,input_clipping_fraction,output_clipping_fraction,all_finite,field_variance_exposure_ev,field_variance_gamma,field_variance_wb_r,field_variance_wb_g,field_variance_wb_b,field_variance_contrast,lambda_a,lambda_s,gradient_norm_last_update,gradient_norm_max,correction_grid_tv,prior_before,prior_after,anchor_before,anchor_after,smooth_before,smooth_after,normalized_grid_variance_exposure_ev,normalized_grid_variance_gamma,normalized_grid_variance_wb_r,normalized_grid_variance_wb_g,normalized_grid_variance_wb_b,normalized_grid_variance_contrast
7,midtone,clean,identity,3.8747643316128233e-07,3.8747643316128233e-07,0.0,,0.0,0.0,0.0,0.0,0.0,0.0,0.0,0.0,0,0.0,0.0,True,0.0,9.028655815484188e-17,9.028655815484188e-17,9.028655815484188e-17,9.028655815484188e-17,9.028655815484188e-17,0.0,0.0,0.0,0.0,0.0,3.8747643316128233e-07,3.8747643316128233e-07,0.0,0.0,0.0,0.0,0.0,0.0,0.0,0.0,0.0,0.0
7,midtone,clean,global,3.874766889566672e-07,1.9080761148870806e-07,0.0005589054781012237,32.52661633634277,0.0005588876083493233,0.000558923464268446,0.0005583686288446188,0.0005584778846241534,0.0005594070535153151,0.0005593684036284685,0.0005589054781012237,0.0005589054781012237,6,0.0,0.0,True,8.001242249717637e-20,5.199358333585974e-16,3.076148855161745e-16,2.728078533233535e-16,3.95471400808529e-16,2.9680599133488673e-16,0.0,0.0,8.251609528997506e-07,0.04292451590299606,-0.0,3.874766889566672e-07,1.9080761148870806e-07,0.0,0.04019923135638237,0.0,-0.0,0.0,0.0,0.0,0.0,0.0,0.0
7,midtone,clean,a0_s0,3.8747643316128233e-07,1.6119643930778693e-07,0.0005297648604027927,32.75916852077454,0.0005401733797043562,0.0005193565739318728,0.0005758324987255037,0.0005020159296691418,0.000504514027852565,0.0005366969853639603,0.0005297648604027927,0.0005297648604027927,96,0.0,0.0,True,6.268306348441709e-05,1.2440706702701475e-05,6.037058026242152e-05,6.082758538428681e-05,5.962881278883132e-05,0.00031922534943270485,0.0,0.0,1.5447589873929246e-07,0.007818436250090599,0.03819136321544647,3.8747643316128233e-07,1.6119643930778693e-07,0.0,0.037389859557151794,0.0,0.03819136321544647,2.5720044946457124e-05,4.6495885467363665e-05,0.0002079783986592515,0.00021206026506260563,0.00020328985838858035,0.002418127810046491
7,midtone,clean,a0.01_s0,3.8747643316128233e-07,3.2714606845729577e-07,6.416495779149045e-08,71.9270208708203,6.59020997773041e-08,6.242780159482209e-08,5.102992517436178e-08,3.878719212480064e-08,8.077430635466953e-08,8.606840395941617e-08,6.416495779149045e-08,6.416495779149045e-08,96,0.0,0.0,True,1.70696912648241e-07,1.1496428150529516e-08,1.211274843864118e-07,1.1906873923763166e-07,1.0649056477093077e-07,1.145211344324528e-08,0.01,0.0,1.8279402524967736e-07,0.0078531289473176,0.0014043820556253195,3.8747643316128233e-07,3.234426912968047e-07,0.0,3.7033703392808093e-07,0.0,0.0014043820556253195,7.904044121118208e-08,5.6259996091587126e-08,7.381279768830413e-07,4.6789461721100365e-07,6.86478051034721e-07,5.447350688379523e-08
7,midtone,clean,a0.1_s0,3.8747643316128233e-07,3.43237019251319e-07,3.791110714246315e-08,74.2123353240708,3.811642557138839e-08,3.770579581896527e-08,2.2939007138234047e-08,2.1557013951678528e-08,5.329384933361325e-08,5.3854549264542584e-08,3.791110714246315e-08,3.791110714246315e-08,96,0.0,0.0,True,1.4955837617050724e-07,2.215261597213212e-09,3.45513698052746e-08,4.31650221136013e-08,2.757488341954e-08,1.2111329704419762e-10,0.1,0.0,1.739139037226778e-07,0.008177622221410275,0.0006501791067421436,3.8747643316128233e-07,3.333653353365662e-07,0.0,9.871683204210058e-08,0.0,0.0006501791067421436,7.002701462157552e-08,9.108232386589557e-09,1.5539303703964786e-07,1.5567072465247016e-07,1.442738902031044e-07,5.712351630013766e-10
7,midtone,clean,a1_s0,3.8747643316128233e-07,3.661136531718512e-07,1.3106434160192748e-08,78.82515449820063,1.26559660529324e-08,1.3556905820166776e-08,4.283939425420158e-09,5.690512061562458e-09,2.102799356862306e-08,2.1423293361522155e-08,1.3106434160192748e-08,1.3106434160192748e-08,96,0.0,0.0,True,7.058920848855423e-08,9.851321835665334e-10,1.6763215546170498e-09,2.0350576626971425e-09,1.3474421855032848e-09,1.11440842405416e-12,1.0,0.0,3.405632185149443e-07,0.012224697507917881,0.0001716951373964548,3.8747643316128233e-07,3.568740112314117e-07,0.0,9.23963838772579e-09,0.0,0.0001716951373964548,2.9152071654907966e-08,3.4057875630450516e-09,5.93959577714275e-09,6.829273255883362e-09,5.597066738271879e-09,5.405278999290557e-12
7,midtone,clean,a10_s0,3.8747643316128233e-07,3.8249473277574e-07,9.172335113660779e-10,90.3752008658983,9.024248015521152e-10,9.320422211800405e-10,1.3804368759195995e-10,2.5748814191928204e-10,1.6668059155122705e-09,1.6065966335077064e-09,9.172335113660779e-10,9.172335113660779e-10,96,0.0,0.0,True,5.092958521884797e-09,7.129476305408118e-11,3.78423687817576e-11,3.432409060578601e-11,3.519196045942693e-11,1.3088664461540108e-13,10.0,0.0,1.6257346260317718e-06,0.06348422169685364,2.8114616725360975e-05,3.8747643316128233e-07,3.783516149269417e-07,0.0,4.143122789290743e-10,0.0,2.8114616725360975e-05,1.8258969077663935e-09,2.1306263940456224e-10,1.1697162595755073e-10,1.1446612570068549e-10,1.2223573364929524e-10,4.699848515168498e-13
7,midtone,clean,a0_s0.01,3.8747643316128233e-07,8.337285544257611e-05,1.0935746104223654e-05,49.611515813603745,1.0514872883504722e-05,1.135661659645848e-05,1.0504288184165489e-05,1.2577535926538985e-05,1.0525462130317464e-05,1.0135696356883273e-05,1.0935746104223654e-05,1.0935746104223654e-05,96,0.0,0.0,True,9.753274151173542e-06,2.6585159046507654e-06,2.0855550794897034e-06,4.579754949235798e-06,3.4521548939214587e-06,4.021825889792504e-06,0.0,0.01,0.0033602523617446423,0.009082566015422344,0.008149158209562302,3.8747643316128233e-07,1.8812750113283983e-06,0.0,0.0003669543657451868,0.0,0.008149158209562302,4.765152384540218e-06,1.0891221525137304e-05,9.804053259109816e-06,1.1632630420703978e-05,1.592728219239658e-05,2.1295883125245796e-05
7,midtone,clean,a0_s0.1,3.8747643316128233e-07,0.0008345110109075904,5.13322038386832e-06,52.89610089831718,5.607809271168662e-06,4.658633770304732e-06,6.244066298677353e-06,5.717354270018404e-06,4.971547696186462e-06,3.5999109968543053e-06,5.13322038386832e-06,5.13322038386832e-06,96,0.0,0.0,True,2.3138905425591647e-05,2.1780973997450992e-06,2.933069707616726e-06,2.217849439560785e-06,2.5707260632665253e-06,5.6606355289450725e-06,0.0,0.1,0.030433837324380875,0.03396942839026451,0.008306547068059444,3.8747643316128233e-07,3.856315743178129e-06,0.0,5.4283987992675975e-05,0.0,0.008306547068059444,1.0624203784957816e-05,8.607679760921343e-06,1.294629872977285e-05,1.0947243672671097e-05,9.949325727494269e-06,2.055267532230013e-05
7,midtone,clean,a0_s1,3.8747643316128233e-07,0.008419876918196678,7.95531286712503e-06,50.99342735716449,1.0888461474678479e-05,5.022161985834828e-06,1.511753180238884e-05,6.040393600414973e-06,6.6593925112101715e-06,4.003927642770577e-06,7.95531286712503e-06,7.95531286712503e-06,96,0.0,0.0,True,3.610646079775429e-05,3.6394200675711974e-06,2.762467899576746e-06,3.3305497091258614e-06,2.829909597847565e-06,2.5949725230215084e-06,0.0,1.0,0.2967366576194763,0.34369024634361267,0.008412763476371765,3.8747643316128233e-07,7.113319952622987e-06,0.0,4.0703394915908575e-05,0.0,0.008412763476371765,1.7482131489806713e-05,1.3495381316108104e-05,1.1152914931674991e-05,1.5446822976484084e-05,9.647329200879296e-06,9.727106973102926e-06
7,midtone,clean,a0.1_s0.1,3.8747643316128233e-07,0.0009427924524061382,6.038493665982969e-06,52.190713849120804,6.612222932744771e-06,5.464768037199974e-06,1.0059378837468103e-05,7.113814717740752e-06,3.1650642995373346e-06,3.815717718680389e-06,6.038493665982969e-06,6.038493665982969e-06,96,0.0,0.0,True,3.4478842142149436e-05,3.2975804558699074e-06,4.138176649726191e-06,5.369967016400615e-06,2.992716058628783e-06,4.923445810958052e-06,0.1,0.1,0.03148124739527702,0.03533438593149185,0.009354718029499054,3.8747643316128233e-07,5.740630513173528e-06,0.0,1.5800504115759395e-05,0.0,0.009354718029499054,1.597737721430095e-05,1.1977615069611564e-05,1.815096574692694e-05,2.0730962798198873e-05,1.1589389015248859e-05,1.6172346637529448e-05
7,midtone,clean,a1_s0.1,3.8747643316128233e-07,0.0007572202011942863,2.597661477921065e-06,55.854174459689304,1.00557224413933e-06,4.1897492337739095e-06,1.0005304602600518e-06,7.129223376978189e-06,1.010613686958095e-06,1.25028009279049e-06,2.597661477921065e-06,2.597661477921065e-06,96,0.0,0.0,True,9.999883483231774e-06,3.0781267496664084e-06,2.391025844102196e-06,2.0310536586670263e-06,3.7187944528320626e-06,1.5628336787059078e-06,1.0,0.1,0.0328725129365921,0.036423392593860626,0.007449961267411709,3.8747643316128233e-07,2.6979143967764685e-06,0.0,9.526145731797442e-06,0.0,0.007449961267411709,5.464080183554375e-06,1.1766086206421718e-05,1.0472922708816794e-05,8.224515315974186e-06,1.4140939275018325e-05,6.868337997802463e-06
7,midtone,clean,a1_s1,3.8747643316128233e-07,0.009406423196196556,8.240927854785696e-06,50.840238878747755,8.928872375690844e-06,7.552988790848758e-06,9.206780305248685e-06,6.679704711132217e-06,8.650957170175388e-06,8.426271051575895e-06,8.240927854785696e-06,8.240927854785696e-06,96,0.0,0.0,True,5.0571082571922126e-05,7.720007962231976e-06,4.3811768666766525e-06,2.127886859201284e-06,1.8693346621467025e-06,2.6960497916822935e-06,1.0,1.0,0.3050224184989929,0.3443421721458435,0.009382298216223717,3.8747643316128233e-07,8.087025889835786e-06,0.0,1.6037922250689007e-05,0.0,0.009382298216223717,1.9616269024341087e-05,2.9063011911216296e-05,1.660125694718747e-05,1.0766369356507575e-05,8.915072745259632e-06,1.0866437056850733e-05
7,midtone,homogeneous_dark,identity,0.07562145590782166,0.07562145590782166,0.07758688926696777,11.102116601859535,0.07760515809059143,0.07756856083869934,0.07757063210010529,0.07759546488523483,0.07763979583978653,0.07754168659448624,0.0,,0,0.0,0.0,True,0.0,9.028655815484188e-17,9.028655815484188e-17,9.028655815484188e-17,9.028655815484188e-17,9.028655815484188e-17,0.0,0.0,0.0,0.0,0.0,0.07562145590782166,0.07562145590782166,0.0,0.0,0.0,0.0,0.0,0.0,0.0,0.0,0.0,0.0
7,midtone,homogeneous_dark,global,0.07562145590782166,1.2949816152740823e-07,0.0011350276181474328,29.449935708381698,0.0011350719723850489,0.0011349829146638513,0.001133900717832148,0.0011341623030602932,0.0011362432269379497,0.0011358042247593403,0.07573672384023666,,6,0.0,0.0,True,2.0737022900307783e-16,3.615178046117679e-16,8.718788686671917e-16,9.842251794533637e-16,8.946561516343696e-16,1.988302550665391e-16,0.0,0.0,4.8017741391959134e-06,0.24281208217144012,0.0,0.07562145590782166,1.2949816152740823e-07,0.0,0.10002303123474121,0.0,0.0,0.0,0.0,0.0,0.0,0.0,0.0
7,midtone,homogeneous_dark,a0_s0,0.07562145590782166,1.0931648830592167e-07,0.001135130412876606,29.449542403747664,0.0011374938767403364,0.0011327675310894847,0.0011364617384970188,0.0011327206157147884,0.0011385256657376885,0.0011328139808028936,0.07573676109313965,,96,0.0,0.0,True,8.799311551188358e-08,7.393453127511666e-09,1.635949191707509e-07,1.3958801355883365e-07,1.5134123410188034e-07,3.4830867419530037e-07,0.0,0.0,1.2016297432637657e-06,0.060704171657562256,0.0014503097627311945,0.07562145590782166,1.0931648830592167e-07,0.0,0.1000247374176979,0.0,0.0014503097627311945,3.5836205638376346e-08,3.623789400497775e-08,7.138193724859401e-07,3.9269441767450143e-07,6.946871731992964e-07,1.6234264260638164e-06
7,midtone,homogeneous_dark,a0.01_s0,0.07562145590782166,0.0005321756470948458,0.0005419534863904119,32.66037985547996,0.000538858468644321,0.0005450483877211809,0.0005365578690543771,0.0005439171218313277,0.0005411590100266039,0.0005461798282340169,0.07510536164045334,,96,0.0,0.0,True,1.5766606527001825e-07,6.684886707754968e-08,1.925227598779711e-07,2.1836068467975757e-07,2.3598611675664498e-07,1.6610764444266138e-06,0.01,0.0,0.00018389528850093484,0.060704171657562256,0.0016205853316932917,0.07562145590782166,3.2304899377777474e-06,0.0,0.05289451777935028,0.0,0.0016205853316932917,6.236301569595585e-08,2.7044037883770476e-07,6.596277065255036e-07,5.783645438300114e-07,7.653237641470155e-07,5.334127636893297e-06
7,midtone,homogeneous_dark,a0.1_s0,0.07562145590782166,0.004307896364480257,0.00029497500509023666,35.3021478270415,0.00029241887386888266,0.0002975312527269125,0.0002884097630158067,0.00029822689248248935,0.0002964279556181282,0.0002968355256598443,0.0700158104300499,,96,0.0,0.0,True,1.7755588213513478e-06,6.588678552721458e-07,2.804245149301086e-08,3.7398010966262316e-08,2.7800681503484966e-08,1.1816165882839336e-06,0.1,0.0,2.2440026441472583e-06,0.060704171657562256,0.0012545955833047628,0.07562145590782166,0.0001534530019853264,0.0,0.04154443368315697,0.0,0.0012545955833047628,5.632456370162352e-07,2.1123388657942335e-06,1.1309280413345394e-07,1.2031334956238207e-07,1.1954993788584097e-07,2.981484872331525e-06
7,midtone,homogeneous_dark,a1_s0,0.07562145590782166,0.031232506036758423,0.011411125771701336,19.42671507876281,0.0113439429551363,0.011478304862976074,0.011306408792734146,0.011466260999441147,0.0113814827054739,0.011490345932543278,0.029680868610739708,,96,0.0,0.0,True,7.0202625686233325e-06,1.0050448519967621e-07,2.6849464378503657e-08,2.7965370568058015e-08,2.9171353594336166e-08,8.484067752652102e-07,1.0,0.0,7.002543043199694e-07,0.060704171657562256,0.0009059554431587458,0.07562145590782166,0.010764661245048046,0.0,0.02046784572303295,0.0,0.0009059554431587458,2.1475330775032314e-06,2.9827305972254305e-07,6.434390890388319e-08,6.730375193947905e-08,7.009429704891962e-08,2.2185883316204143e-06
7,midtone,homogeneous_dark,a10_s0,0.07562145590782166,0.06753832846879959,0.061895549297332764,12.083405785259574,0.06187189370393753,0.06191917881369591,0.06182974576950073,0.061930324882268906,0.06191407889127731,0.0619080476462841,0.0008911962504498661,,96,0.0,0.0,True,4.480049810346928e-07,1.8374527318662934e-09,1.6164076818409798e-09,1.6135418793932476e-09,1.6208385728360733e-09,1.675173030831515e-08,10.0,0.0,1.307093270952464e-06,0.060704171657562256,0.00016589797451160848,0.07562145590782166,0.06014512479305267,0.0,0.0007393204723484814,0.0,0.00016589797451160848,1.3429877978449142e-07,4.864107636148298e-09,3.98883077083535e-09,3.979069430011168e-09,3.995960230103384e-09,4.288687521692607e-08
7,midtone,homogeneous_dark,a0_s0.01,0.07562145590782166,3.804921652772464e-05,0.001132360310293734,29.46015361244853,0.0011325484374538064,0.0011321725323796272,0.0011312155984342098,0.00113066122867167,0.0011338802287355065,0.0011336837196722627,0.07574126124382019,,96,0.0,0.0,True,4.692543814486786e-07,9.672736981728435e-08,2.8034739130625445e-06,1.3996492090356902e-06,1.0812967723502173e-06,6.541689387727133e-08,0.0,0.01,0.0029042214155197144,0.060704171657562256,0.0037775440141558647,0.07562145590782166,2.737768909355509e-07,0.0,0.0998370572924614,0.0,0.0037775440141558647,2.085469529532328e-07,8.18807120162008e-07,7.926419539391209e-06,3.98415944045939e-06,3.90490760701288e-06,6.237782262802395e-07
7,midtone,homogeneous_dark,a0_s0.1,0.07562145590782166,0.00074870785465464,0.0009916166309267282,30.036561980607928,0.0009908329229801893,0.0009924001060426235,0.0009931325912475586,0.00098663370590657,0.000988533953204751,0.000998166506178677,0.07592685520648956,,96,0.0,0.0,True,2.0803472246566746e-05,2.313541058037473e-06,3.3229808674921964e-06,2.8643882585660984e-06,3.317789755370656e-06,1.372539403316181e-06,0.0,0.1,0.027728287503123283,0.060704171657562256,0.007469090633094311,0.07562145590782166,1.7987794080909225e-06,0.0,0.0813932716846466,0.0,0.007469090633094311,8.876293181688685e-06,1.5600301874859385e-05,9.545111405523372e-06,8.466393654704708e-06,1.0182708117853495e-05,9.064526779845044e-06
7,midtone,homogeneous_dark,a0_s1,0.07562145590782166,0.008182037621736526,0.0005349612911231816,32.71677641641944,0.0005372535088099539,0.000532669248059392,0.0005379962385632098,0.0005369496066123247,0.0005365107208490372,0.0005283884238451719,0.07681615650653839,,96,0.0,0.0,True,1.6214643897917415e-05,8.210921156184639e-07,4.7016787110745615e-06,2.8526064488373735e-06,4.7693398538954145e-06,3.188138949808981e-06,0.0,1.0,0.2998339831829071,0.3335038423538208,0.008177993819117546,0.07562145590782166,4.043564786115894e-06,0.0,0.055014703422784805,0.0,0.008177993819117546,8.080751324798077e-06,5.324493987921007e-06,1.2766582382861564e-05,9.745504062594841e-06,1.61988581942607e-05,1.89243267746447e-05
7,midtone,homogeneous_dark,a0.1_s0.1,0.07562145590782166,0.005090595688670874,0.00032481420203112066,34.88364990117731,0.0003337031521368772,0.00031592525192536414,0.00034325988963246346,0.00031420926097780466,0.0003241465019527823,0.0003176413010805845,0.0698382556438446,,96,0.0,0.0,True,6.718318472431175e-06,1.2999012963532768e-06,6.3268012570398156e-06,2.698333865616866e-06,2.7833933545502467e-06,2.786746348024702e-06,0.1,0.1,0.028476832434535027,0.060704171657562256,0.007758548483252525,0.07562145590782166,0.0001607078011147678,0.0,0.04154032841324806,0.0,0.007758548483252525,3.3355035046721135e-06,6.773280730661652e-06,2.082988744336532e-05,9.434632499076553e-06,1.4521332413776832e-05,9.84130972403113e-06
7,midtone,homogeneous_dark,a1_s0.1,0.07562145590782166,0.03202023357152939,0.011410783976316452,19.426845164151146,0.011411463841795921,0.011410105973482132,0.011274388991296291,0.011504188179969788,0.011548535898327827,0.011316018179059029,0.02968471869826317,,96,0.0,0.0,True,1.235622847837814e-05,2.2510493107548064e-06,5.324308645789671e-06,2.843001658356307e-06,3.912986534359488e-06,2.428111923356983e-06,1.0,0.1,0.029789073392748833,0.060704171657562256,0.00774766830727458,0.07562145590782166,0.010763523168861866,0.0,0.02048194222152233,0.0,0.00774766830727458,7.213073061382329e-06,1.011292946165222e-05,1.6063492203106586e-05,9.740269191463448e-06,1.567608183614101e-05,1.1950511771691152e-05
7,midtone,homogeneous_dark,a1_s1,0.07562145590782166,0.03981855511665344,0.011372051201760769,19.441611936006503,0.011398185044527054,0.011345918290317059,0.011472780257463455,0.011446423828601837,0.011323591694235802,0.011245407164096832,0.029757879674434662,,96,0.0,0.0,True,3.0097944546448783e-05,1.2069231339327207e-06,2.922913948862191e-06,2.3999447022777623e-06,4.121009096786274e-06,2.563404626572202e-06,1.0,1.0,0.30417102575302124,0.345595121383667,0.00857006199657917,0.07562145590782166,0.010716436430811882,0.0,0.02053205855190754,0.0,0.00857006199657917,1.6571508387599336e-05,6.601786120787577e-06,9.227305608832188e-06,1.0262749236100702e-05,1.542932581162829e-05,1.1562550359570916e-05
7,midtone,homogeneous_bright,identity,0.07547680288553238,0.07547680288553238,0.07738085836172104,11.113664570948547,0.07739735394716263,0.07736429572105408,0.07737073302268982,0.07738859951496124,0.07742408663034439,0.0773400291800499,0.0,,0,0.0173068568110466,0.0173068568110466,True,0.0,9.028655815484188e-17,9.028655815484188e-17,9.028655815484188e-17,9.028655815484188e-17,9.028655815484188e-17,0.0,0.0,0.0,0.0,0.0,0.07547680288553238,0.07547680288553238,0.0,0.0,0.0,0.0,0.0,0.0,0.0,0.0,0.0,0.0
7,midtone,homogeneous_bright,global,0.07547680288553238,2.2240834596232162e-07,0.00033326190896332264,34.772143223202676,0.0003333525382913649,0.00033317148336209357,0.0003327194426674396,0.00033295349567197263,0.0003339851973578334,0.0003333896165713668,0.07929962128400803,,6,0.0173068568110466,0.0,True,7.901911519951101e-17,5.294697534090941e-16,3.7315829448262025e-16,3.8105781935649063e-16,3.8462523720469127e-16,2.9576884574428275e-16,0.0,0.0,5.4140145948622376e-06,0.6271526217460632,-0.0,0.07547680288553238,2.2240834596232162e-07,0.0,0.059224218130111694,0.0,-0.0,0.0,0.0,0.0,0.0,0.0,0.0
7,midtone,homogeneous_bright,a0_s0,0.07547680288553238,1.8756162489808048e-07,0.0003335392102599144,34.7685310388075,0.0003312729822937399,0.0003358053509145975,0.00032957695657387376,0.00033483808510936797,0.00033296929905191064,0.00033677267492748797,0.07930043339729309,,96,0.0173068568110466,0.0,True,7.479851394305538e-07,2.254473126174211e-06,1.9354943010474683e-07,1.75815101615972e-07,1.614315566351755e-07,4.8032191370866975e-06,0.0,0.0,1.3575566981671727e-06,0.15679435431957245,0.002886401955038309,0.07547680288553238,1.8756162489808048e-07,0.0,0.05923774465918541,0.0,0.002886401955038309,2.3509732310563992e-07,5.240717168123612e-06,1.2631954245355376e-06,8.270988496794273e-07,1.1550545903063108e-06,2.1442208592539074e-05
7,midtone,homogeneous_bright,a0.01_s0,0.07547680288553238,0.00018297033966518939,5.901047188672237e-06,52.290709124414924,6.2875988078303635e-06,5.514493750524707e-06,6.4983305492205545e-06,5.414027782535413e-06,6.076864337956067e-06,5.614961082756054e-06,0.0770077034831047,,96,0.0173068568110466,0.0,True,1.4073930164586056e-07,8.119999461185301e-07,3.151338170252378e-07,2.976559955166341e-07,2.5758388484851643e-07,3.732988180308796e-06,0.01,0.0,0.00015598688332829624,0.15679435431957245,0.0022351474035531282,0.07547680288553238,1.1051574801967945e-06,0.0,0.018186518922448158,0.0,0.0022351474035531282,6.060823309807697e-08,1.790677218737464e-06,1.335338351919058e-06,1.0438481445156095e-06,1.16443561130517e-06,1.0803652181843467e-05
7,midtone,homogeneous_bright,a0.1_s0,0.07547680288553238,0.0013702744618058205,6.304901762632653e-05,42.00321675828239,6.134143768576905e-05,6.475659756688401e-05,6.239424692466855e-05,6.327948358375579e-05,6.0288686654530466e-05,6.623368244618177e-05,0.07376750558614731,,96,0.0173068568110466,0.0,True,5.263678535666784e-07,2.795927234490761e-07,3.750387020248243e-08,4.713176331263582e-08,2.7969794091279512e-08,3.6016558136141407e-07,0.1,0.0,4.971677753928816e-07,0.15679435431957245,0.001006071805022657,0.07547680288553238,3.516352080623619e-05,0.0,0.013351109810173512,0.0,0.001006071805022657,1.866997099385372e-07,6.307183578553533e-07,1.7535212517948215e-07,1.7955301039214306e-07,1.5247898656981704e-07,8.972784251304261e-07
7,midtone,homogeneous_bright,a1_s0,0.07547680288553238,0.011252373456954956,0.002246177988126874,26.48555833026186,0.0022267692256718874,0.0022655867505818605,0.0022292404901236296,0.002255277941003442,0.002224298194050789,0.0022758962586522102,0.05331861972808838,,96,0.0173068568110466,0.0,True,8.773095960603415e-07,1.5271441363954803e-07,5.801815204221859e-09,6.307926166341658e-09,4.197617847044852e-09,2.1003182330042197e-07,1.0,0.0,9.11214897314494e-07,0.15679435431957245,0.0005367573467083275,0.07547680288553238,0.0021415865048766136,0.0,0.009110786952078342,0.0,0.0005367573467083275,2.904525865064795e-07,3.4988499706691404e-07,1.8691314094090345e-08,1.9493835609965812e-08,1.45011701325247e-08,5.315904374037402e-07
7,midtone,homogeneous_bright,a10_s0,0.07547680288553238,0.045019496232271194,0.02905680052936077,15.36752207964393,0.02895764820277691,0.02915596030652523,0.028933929279446602,0.029124140739440918,0.028981365263462067,0.029187768697738647,0.011603740975260735,,96,0.0173068568110466,0.0,True,7.164733649984525e-07,2.145356639318187e-08,2.5446274512239028e-09,2.542993902110642e-09,2.3569234668986225e-09,3.652742635569528e-08,10.0,0.0,2.639873855514452e-06,0.15679435431957245,0.0002726230304688215,0.07547680288553238,0.02831675298511982,0.0,0.0016702743014320731,0.0,0.0002726230304688215,2.2281202250221705e-07,5.208038486254951e-08,6.803900260852999e-09,6.749349863149023e-09,6.301568451860722e-09,9.344460749952252e-08
7,midtone,homogeneous_bright,a0_s0.01,0.07547680288553238,3.079617818002589e-05,0.0003283949044998735,34.83603590178528,0.0003274017944931984,0.00032938810181804,0.00032706657657399774,0.0003282949037384242,0.00032773686689324677,0.0003304812125861645,0.07928679883480072,,96,0.0173068568110466,0.0,True,2.3303179318498446e-07,9.93880773029155e-07,3.6898410873010353e-07,3.0358181631634446e-07,2.710454243973694e-07,1.2036193354507295e-07,0.0,0.01,0.0031265374273061752,0.15679435431957245,0.0030442732386291027,0.07547680288553238,3.534454151576938e-07,0.0,0.0589606948196888,0.0,0.0030442732386291027,1.0760354692603506e-07,3.679218811582868e-06,1.5158143201986064e-06,1.6757991357363501e-06,2.0973537755673797e-06,1.0051916967540585e-06
7,midtone,homogeneous_bright,a0_s0.1,0.07547680288553238,0.0007583691622130573,0.00012295469059608877,39.10254898717529,0.00012333650374785066,0.0001225729356519878,0.00011994779924862087,0.00011573391384445131,0.00012672510638367385,0.00012941194290760905,0.07849927991628647,,96,0.0173068568110466,0.0,True,1.8501187297772718e-05,5.081294091345219e-06,2.2931164103433005e-06,1.3964340031630122e-06,2.5115848240310313e-06,2.402675689230944e-06,0.0,0.1,0.03167841210961342,0.15679435431957245,0.007557958364486694,0.07547680288553238,2.573301571828779e-06,0.0,0.04299135506153107,0.0,0.007557958364486694,9.294773254439626e-06,1.9226068969962352e-05,1.209007454813435e-05,7.29119935238832e-06,1.0559270003914463e-05,1.1731832280592579e-05
7,midtone,homogeneous_bright,a0_s1,0.07547680288553238,0.009815359488129616,7.475195161532611e-06,51.26377464345303,6.531817689392483e-06,8.418570359935984e-06,6.714216851833044e-06,1.1413498214096762e-05,6.349413979478413e-06,5.423648417490767e-06,0.07775215059518814,,96,0.0173068568110466,0.0,True,2.366392016105351e-05,8.138565906571172e-06,3.4677683892663487e-06,2.3873393654056165e-06,3.913307047857729e-06,3.0532305185674674e-06,0.0,1.0,0.3000165820121765,0.33196303248405457,0.00981244258582592,0.07547680288553238,2.9170294055802515e-06,0.0,0.01888224296271801,0.0,0.00981244258582592,9.795621348424068e-06,2.4028463040309587e-05,1.5803219249443244e-05,1.0398058094092907e-05,2.372648398776282e-05,1.72473181811285e-05
7,midtone,homogeneous_bright,a0.1_s0.1,0.07547680288553238,0.002180560026317835,6.291180034168065e-05,42.01267886468628,5.7187753554899246e-05,6.86358253005892e-05,4.962091406923719e-05,6.255351763684303e-05,6.475461850641295e-05,7.471812568837777e-05,0.0738142654299736,,96,0.0173068568110466,0.0,True,1.0047909243116969e-05,2.9611157670178873e-06,1.081297804590838e-06,3.890682070493267e-06,2.835014725152546e-06,3.6051523054526005e-06,0.1,0.1,0.03203735873103142,0.15679435431957245,0.00806395336985588,0.07547680288553238,3.671040394692682e-05,0.0,0.013374541886150837,0.0,0.00806395336985588,4.5033005432321155e-06,8.469951201204267e-06,4.662561978270622e-06,1.770536131825789e-05,1.4634056187646037e-05,1.7043319690673384e-05
7,midtone,homogeneous_bright,a1_s0.1,0.07547680288553238,0.011908329091966152,0.002247926779091358,26.482178389901975,0.002222684444859624,0.002273168880492449,0.0022843985352665186,0.00233095558360219,0.0021609701216220856,0.0022153807803988457,0.05332048982381821,,96,0.0173068568110466,0.0,True,6.4747925513812606e-06,4.120731378059371e-06,2.5999178568725425e-06,1.315572161742492e-06,2.4846492702654187e-06,2.871896251237871e-06,1.0,0.1,0.03412088379263878,0.15679435431957245,0.006447920575737953,0.07547680288553238,0.002143147401511669,0.0,0.009120389819145203,0.0,0.006447920575737953,3.265030897591465e-06,1.404235588016532e-05,9.823345610533843e-06,5.5258427241193165e-06,9.970082354665828e-06,1.024905851212897e-05
7,midtone,homogeneous_bright,a1_s1,0.07547680288553238,0.01959225907921791,0.0022068945690989494,26.562184140754347,0.0023147889878600836,0.002098999684676528,0.0022909215185791254,0.0019972985610365868,0.002338655758649111,0.0022007019724696875,0.0535564199090004,,96,0.0173068568110466,0.0,True,4.1919791556598306e-05,1.8211357543578345e-06,3.146285737830923e-06,3.1453116607691857e-06,3.126759552563627e-06,2.885202273688699e-06,1.0,1.0,0.31143325567245483,0.33795273303985596,0.008317439816892147,0.07547680288553238,0.002103017410263419,0.0,0.009171802550554276,0.0,0.008317439816892147,1.7341900784974988e-05,8.509169006741135e-06,1.2211766994228806e-05,1.1137516483171807e-05,1.1470363716342828e-05,1.5394386061679643e-05
7,midtone,left_right,identity,0.07551639527082443,0.07551639527082443,0.07748476415872574,11.107836844909187,0.07760515809059143,0.07736429572105408,0.07757063210010529,0.07738859951496124,0.07763979583978653,0.0773400291800499,0.0,,0,0.0086805559694767,0.0086805559694767,True,0.0,9.028655815484188e-17,9.028655815484188e-17,9.028655815484188e-17,9.028655815484188e-17,9.028655815484188e-17,0.0,0.0,0.0,0.0,0.0,0.07551639527082443,0.07551639527082443,0.0,0.0,0.0,0.0,0.0,0.0,0.0,0.0,0.0,0.0
7,midtone,left_right,global,0.07551638782024384,0.006238466128706932,0.00988832302391529,20.048773548349004,0.014185224659740925,0.00559141905978322,0.014163268730044365,0.005582911893725395,0.014207184314727783,0.0055999248288571835,0.04526995122432709,,6,0.0086805559694767,0.0,True,1.3810919235035788e-16,1.357578289642333e-16,3.959189159588229e-16,3.159228669867468e-16,3.798468440174048e-16,1.3869317487593209e-16,0.0,0.0,0.0016659684479236603,0.24313177168369293,-0.0,0.07551638782024384,0.006238466128706932,0.0,0.33516719937324524,0.0,-0.0,0.0,0.0,0.0,0.0,0.0,0.0
7,midtone,left_right,a0_s0,0.07551638782024384,0.0007818623562343419,0.0024597933515906334,26.091013766501128,0.002431144006550312,0.0024884422309696674,0.0024314885959029198,0.002485848730430007,0.00243080104701221,0.0024910345673561096,0.0756155326962471,,96,0.0086805559694767,0.0,True,0.26962676500954363,0.01445083083832774,0.022966666795705342,0.023052606145623097,0.02306903749717958,0.0032057279785088874,0.0,0.0,0.00022818564320914447,0.10863307863473892,0.299577534198761,0.07551638782024384,0.0007818623562343419,0.0,0.17551319301128387,0.0,0.299577534198761,0.08498373810506997,0.07856013484154516,0.0659515719918522,0.06613206209621998,0.06619491999391937,0.024083798655141764
7,midtone,left_right,a0.01_s0,0.07551638782024384,0.0021859989501535892,0.0021905070170760155,26.594553512634768,0.0022385669872164726,0.002142447279766202,0.0022381669841706753,0.002140897326171398,0.002238968387246132,0.002143996302038431,0.07318589091300964,,96,0.0086805559694767,0.0,True,0.36218856764893403,0.014904418695011488,0.006754958249149096,0.006804513485587583,0.006811091138139142,0.011848779184961633,0.01,0.0,0.00019733143562916666,0.10863307863473892,0.2632194459438324,0.07551638782024384,0.001105451607145369,0.0,0.1080547496676445,0.0,0.2632194459438324,0.11139100151197596,0.06609263187944851,0.01987922140005054,0.019982087220572573,0.020012574788763837,0.0678992760279906
7,midtone,left_right,a0.1_s0,0.07551638782024384,0.0071957469917833805,0.003827542532235384,24.17079974656481,0.003751391777768731,0.0039036935195326805,0.0037480732426047325,0.0039016592781990767,0.0037547126412391663,0.0039057289250195026,0.0659693256020546,,96,0.0086805559694767,0.0,True,0.41969824622467516,0.00882041498858297,0.0018843816490417952,0.0019130566499134507,0.0019129710953025728,0.004164411888116628,0.1,0.0,1.5441090681633796e-06,0.10863307863473892,0.15596231818199158,0.07551638782024384,0.003253133036196232,0.0,0.03942613676190376,0.0,0.15596231818199158,0.12801616498629803,0.030574312707618376,0.004878893233567658,0.004944211329747654,0.004946509502498958,0.015666868322124123
7,midtone,left_right,a1_s0,0.07551638782024384,0.027066238224506378,0.013631175272166729,18.654666979281803,0.020264696329832077,0.006997654680162668,0.020229097455739975,0.006990509573370218,0.020300284028053284,0.007004802580922842,0.03500068187713623,,96,0.0086805559694767,0.0,True,0.2035186206061188,0.004251504790088367,0.0007607918842493924,0.0007667143784625212,0.0007656725907628364,0.0003865887259571919,1.0,0.0,1.1349765145496349e-06,0.10863307863473892,0.07297039777040482,0.07551638782024384,0.012900073081254959,0.0,0.014166165143251419,0.0,0.07297039777040482,0.0600676305882349,0.011344923624978718,0.0018513610746809077,0.0018652426312343038,0.0018629056920944275,0.0012157405640055802
7,midtone,left_right,a10_s0,0.07551638782024384,0.0588829405605793,0.04962613061070442,13.04289585772471,0.06566707789897919,0.03358517587184906,0.06562816351652145,0.033557433634996414,0.06570599973201752,0.033612944185733795,0.005058095790445805,,96,0.0086805559694767,0.0,True,0.014603014385870881,0.00022743701864516954,4.8346180342682446e-05,4.865552388679417e-05,4.856765646425255e-05,1.552808963180882e-05,10.0,0.0,2.2898184397490695e-06,0.10863307863473892,0.015889734029769897,0.07551638782024384,0.048241328448057175,0.0,0.0010641611879691482,0.0,0.015889734029769897,0.004217571229057659,0.0005498488261198269,0.00011689212259925917,0.00011761822174994363,0.00011741640237929364,3.868789428723604e-05
7,midtone,left_right,a0_s0.01,0.07551638782024384,0.0017100585391744971,0.0032144065480679274,24.92899195893589,0.0032638057600706816,0.003165007568895817,0.003263169666752219,0.003161745611578226,0.0032644416205585003,0.00316826906055212,0.07305119931697845,,96,0.0086805559694767,0.0,True,0.616818344726415,0.00047939440666585286,1.3463697074624891e-06,1.883208071050517e-06,1.0081220914649285e-06,3.670107350159549e-08,0.0,0.01,0.002375438343733549,0.10863307863473892,0.06662871688604355,0.07551638782024384,0.001043771393597126,0.0,0.197825089097023,0.0,0.06662871688604355,0.18963978003158896,0.002695365644442337,9.568034565559349e-06,1.4349330477509378e-05,5.672750161735634e-06,2.9828710812473767e-07
7,midtone,left_right,a0_s0.1,0.07551638782024384,0.007052719593048096,0.0036831945180892944,24.33775344435332,0.0037464764900505543,0.0036199118476361036,0.00375819462351501,0.0036077823024243116,0.003734759520739317,0.0036320420913398266,0.06483131647109985,,96,0.0086805559694767,0.0,True,0.5386945571736691,1.1721018095441662e-06,5.548855196484264e-06,4.284167295886536e-06,2.6927277752082898e-06,4.133309265194742e-07,0.0,0.1,0.025730790570378304,0.10863307863473892,0.05165685713291168,0.07551638782024384,0.0018870338099077344,0.0,0.1390085220336914,0.0,0.05165685713291168,0.16155122708342184,7.74822714132147e-06,2.0398850561564997e-05,1.783954203091101e-05,1.2618134383964509e-05,3.399307460350032e-06
7,midtone,left_right,a0_s1,0.07551638782024384,0.029681723564863205,0.02390671893954277,16.214800242284227,0.04009784385561943,0.007715590298175812,0.040203191339969635,0.007706192787736654,0.03999250754714012,0.00772499106824398,0.023907069116830826,,96,0.0086805559694767,0.0,True,0.00012288663861893573,2.564591403118879e-06,3.86702611738387e-06,2.3707454369692358e-06,2.5886112766682644e-06,7.500218579625187e-07,0.0,1.0,0.279797226190567,0.322387158870697,0.007797065656632185,0.07551638782024384,0.021884657442569733,0.0,0.06457649171352386,0.0,0.007797065656632185,3.984787803992027e-05,1.4168018788382465e-05,1.5987127265851735e-05,8.051790016221505e-06,9.793547748804998e-06,5.542551905764852e-06
7,midtone,left_right,a0.1_s0.1,0.07551638782024384,0.01467210054397583,0.005618838593363762,22.50353443259837,0.005224968306720257,0.006012709811329842,0.005293245892971754,0.0059837778098881245,0.005156686995178461,0.006041640881448984,0.05880992114543915,,96,0.0086805559694767,0.0,True,0.554502068794438,2.427353567650367e-05,7.29373389562066e-06,9.237509073770317e-06,6.978508140699374e-06,1.589628948501948e-06,0.1,0.1,0.028671132400631905,0.10863307863473892,0.0558234304189682,0.07551638782024384,0.0048464760184288025,0.0,0.04243280366063118,0.0,0.0558234304189682,0.16633930766323757,8.69839052349403e-05,2.9295034905286018e-05,2.8371588951096076e-05,2.5523284490921898e-05,8.729540764993388e-06
7,midtone,left_right,a1_s0.1,0.07551638782024384,0.03302104026079178,0.016479387879371643,17.83058924043537,0.024217946454882622,0.008740823715925217,0.02425122819840908,0.008899353444576263,0.024184681475162506,0.008582294918596745,0.030880838632583618,,96,0.0086805559694767,0.0,True,0.19493873364050382,0.0027686127770139915,9.464389015165739e-05,9.86275538248459e-05,0.00011648221052764636,1.0506800615045928e-05,1.0,0.1,0.024998391047120094,0.10863307863473892,0.04950188100337982,0.07551638782024384,0.015694953501224518,0.0,0.012375897727906704,0.0,0.04950188100337982,0.05726216028538097,0.007511581372283168,0.0002242711436417837,0.00023416076465981314,0.00028704805011379027,3.281753592129528e-05
7,midtone,left_right,a1_s1,0.07551638782024384,0.059177376329898834,0.036646075546741486,14.35972527425374,0.05762089788913727,0.015671279281377792,0.05789588391780853,0.015709953382611275,0.05734584107995033,0.015632614493370056,0.012976442463696003,,96,0.0086805559694767,0.0,True,0.019689521238778405,1.0270514363906844e-05,4.300811149512903e-06,1.1610202426933902e-05,2.1317654846575684e-06,4.101734648609395e-06,1.0,1.0,0.2798135578632355,0.3218480050563812,0.016494812443852425,0.07551638782024384,0.03545309230685234,0.0,0.007229472044855356,0.0,0.016494812443852425,0.005834823238196008,3.0496323988270762e-05,1.7560437932587544e-05,3.3168750734508825e-05,6.170042528889595e-06,1.6882466280506602e-05
7,midtone,quadrants,identity,0.0756027102470398,0.0756027102470398,0.07748124748468399,11.108033955503318,0.07749731838703156,0.07746513932943344,0.07757063210010529,0.07738859951496124,0.07742408663034439,0.07754168659448624,0.0,,0,0.00927734375,0.00927734375,True,0.0,9.028655815484188e-17,9.028655815484188e-17,9.028655815484188e-17,9.028655815484188e-17,9.028655815484188e-17,0.0,0.0,0.0,0.0,0.0,0.0756027102470398,0.0756027102470398,0.0,0.0,0.0,0.0,0.0,0.0,0.0,0.0,0.0,0.0
7,midtone,quadrants,global,0.0756027102470398,0.006243853364139795,0.009869854897260666,20.05689232110731,0.009871222078800201,0.00986848957836628,0.014167698100209236,0.005578869953751564,0.005574746057391167,0.01415810827165842,0.0453251376748085,,6,0.00927734375,0.0,True,1.3646491353609574e-16,1.1796119629991459e-16,3.531900576092534e-16,3.566723049403594e-16,3.36692114269318e-16,1.3930633261814749e-16,0.0,0.0,0.0016672378405928612,0.2435160130262375,-0.0,0.0756027102470398,0.006243853364139795,0.0,0.3352046012878418,0.0,-0.0,0.0,0.0,0.0,0.0,0.0,0.0
7,midtone,quadrants,a0_s0,0.0756027102470398,0.0011509538162499666,0.004057416692376137,23.917503884241633,0.00397180300205946,0.004143030382692814,0.0035042492672801018,0.00403429102152586,0.00443935627117753,0.004251767881214619,0.07523742318153381,,96,0.00927734375,0.0,True,0.29477543425116254,0.008168587913816134,0.019269946556836625,0.019302095629601168,0.019335130462781378,0.001669757811395928,0.0,0.0,0.00026613965746946633,0.10042742639780045,0.4965921938419342,0.0756027102470398,0.0011509538162499666,0.0,0.23358632624149323,0.0,0.4965921938419342,0.12061840466491357,0.0533335500339592,0.07448402642101663,0.07449924543280897,0.07458801481754018,0.01370250011039286
7,midtone,quadrants,a0.01_s0,0.0756027102470398,0.0031481110490858555,0.004094105679541826,23.87840951255948,0.003993259277194738,0.004194952081888914,0.003627871861681342,0.003933617379516363,0.004358645994216204,0.004456286784261465,0.07217729091644287,,96,0.00927734375,0.0,True,0.35907922976580625,0.00934915825353542,0.006644041509097308,0.006667335987837847,0.006681404261672256,0.006708155138592635,0.01,0.0,0.00022228409943636507,0.10042742639780045,0.4221998453140259,0.0756027102470398,0.0016319156857207417,0.0,0.1516195386648178,0.0,0.4221998453140259,0.1385574042882648,0.05061953754344894,0.025984199733132984,0.02601875059274338,0.02605268588204619,0.04277578124139117
7,midtone,quadrants,a0.1_s0,0.0756027102470398,0.009921018034219742,0.007108720485121012,21.482085618944357,0.0068811411038041115,0.007336298003792763,0.006735687609761953,0.006888777483254671,0.0070265959948301315,0.007783816196024418,0.06297043710947037,,96,0.00927734375,0.0,True,0.3848621804992049,0.007283965687526861,0.0018256668724245132,0.0018397334721100011,0.0018454572457326328,0.0035790380298266118,0.1,0.0,1.1620995792327449e-06,0.10042742639780045,0.27642345428466797,0.0756027102470398,0.004916508682072163,0.0,0.05004509910941124,0.0,0.27642345428466797,0.14533798743591209,0.03152636157327574,0.0058988551474256955,0.005931897812811386,0.005945926600774212,0.014435449559616542
7,midtone,quadrants,a1_s0,0.0756027102470398,0.031624842435121536,0.019144220277667046,17.17962317276728,0.018852151930332184,0.019436297938227654,0.027872048318386078,0.010099966078996658,0.009832250885665417,0.02877262607216835,0.030301179736852646,,96,0.00927734375,0.0,True,0.16049089844543968,0.0033610922217823043,0.0006018178410316812,0.0006048154219590981,0.0006048880626521597,0.0004233811421176763,1.0,0.0,1.3270148429000983e-06,0.10042742639780045,0.1326524019241333,0.0756027102470398,0.01773291826248169,0.0,0.013891925103962421,0.0,0.1326524019241333,0.05575591098917189,0.01061645130179004,0.001727573004491925,0.0017356452895377697,0.001735388873597069,0.0014661048451217649
7,midtone,quadrants,a10_s0,0.0756027102470398,0.06101072207093239,0.05288645252585411,12.766555632535866,0.05274413526058197,0.05302879214286804,0.06876617670059204,0.037003181874752045,0.036722104996442795,0.06905440241098404,0.004247763194143772,,96,0.00927734375,0.0,True,0.010464177896622127,0.00015701534135008967,3.466180426610343e-05,3.4824150295877724e-05,3.480282886842482e-05,1.067238318296946e-05,10.0,0.0,1.742913013913494e-06,0.10042742639780045,0.028264682739973068,0.0756027102470398,0.051496900618076324,0.0,0.0009513821569271386,0.0,0.028264682739973068,0.0034848840606850583,0.0004365319889343041,9.668710870087535e-05,9.712266662726411e-05,9.704747845901815e-05,3.020445215633712e-05
7,midtone,quadrants,a0_s0.01,0.0756027102470398,0.0026028556749224663,0.004511180799454451,23.45709766865511,0.004403400234878063,0.004618961829692125,0.004180775955319405,0.004241505637764931,0.004626024514436722,0.004996417090296745,0.07195344567298889,,96,0.00927734375,0.0,True,0.6451482639486223,1.7385050277377696e-08,1.0399816057416075e-06,3.2247754116011696e-06,6.734460060057271e-07,1.3295304964089463e-08,0.0,0.01,0.002028915798291564,0.10042742639780045,0.12082619965076447,0.0756027102470398,0.0013945938553661108,0.0,0.2684367597103119,0.0,0.12082619965076447,0.2381827772930432,2.2855531676970035e-07,4.871706265948543e-06,1.736185621480086e-05,4.222123559768212e-06,1.346415764991211e-07
7,midtone,quadrants,a0_s0.1,0.0756027102470398,0.010167771950364113,0.0077645787969231606,21.098820983557083,0.0077607533894479275,0.007768402341753244,0.010171949863433838,0.005142662208527327,0.005349559709429741,0.01039414294064045,0.048085376620292664,,96,0.00927734375,0.0,True,0.12314937854286866,3.898817896852573e-07,3.370449668958593e-06,3.5624803755572734e-06,2.27746812096028e-06,1.1086046184879514e-07,0.0,0.1,0.024302778765559196,0.10042742639780045,0.05270547419786453,0.0756027102470398,0.0048972237855196,0.0,0.2027592658996582,0.0,0.05270547419786453,0.04391801372036044,3.348710163164619e-06,1.3547974740887837e-05,1.6105334357776464e-05,1.3259604410584795e-05,1.6318626973599431e-06
7,midtone,quadrants,a0_s1,0.0756027102470398,0.028597746044397354,0.022737829014658928,16.432510036748248,0.02269589714705944,0.02277977392077446,0.03898729011416435,0.006678842473775148,0.006404498126357794,0.038880690932273865,0.025969693437218666,,96,0.00927734375,0.0,True,4.7666115122406475e-05,1.798001534041949e-06,3.379213255400211e-06,4.76016734949699e-06,6.332618457939809e-06,2.0379149545465997e-07,0.0,1.0,0.2902607321739197,0.3379822373390198,0.007982000708580017,0.0756027102470398,0.020615745335817337,0.0,0.07451992481946945,0.0,0.007982000708580017,1.9236163768760472e-05,1.1047414654061227e-05,1.3189994021461263e-05,1.8457415903756485e-05,2.2739713939733152e-05,1.5151242347410828e-06
7,midtone,quadrants,a0.1_s0.1,0.0756027102470398,0.021898552775382996,0.009432482533156872,20.25373990342245,0.00934551190584898,0.009519449435174465,0.010870453901588917,0.007504052482545376,0.00782056711614132,0.011534851975739002,0.04652159661054611,,96,0.00927734375,0.0,True,0.3595691169515334,3.9902938804456354e-06,1.1824576060689324e-05,4.448551032148551e-06,5.868134616388857e-06,1.540071886698676e-06,0.1,0.1,0.02660541795194149,0.10042742639780045,0.08794613182544708,0.0756027102470398,0.00772780692204833,0.0,0.0537613183259964,0.0,0.08794613182544708,0.12885980925842083,2.00262882002998e-05,3.493885561805095e-05,1.4001350827298958e-05,1.8911013663010755e-05,9.436291941108262e-06
7,midtone,quadrants,a1_s0.1,0.0756027102470398,0.040781427174806595,0.024235941469669342,16.155401050049484,0.02395937591791153,0.0245125163346529,0.035966906696558,0.012016059830784798,0.011951838620007038,0.03700897470116615,0.023524636402726173,,96,0.00927734375,0.0,True,0.1289833451739028,0.001075332636175742,1.2540284299667796e-05,2.0640692687336115e-05,1.3908813786468737e-05,8.928995771613774e-06,1.0,0.1,0.02504785917699337,0.10042742639780045,0.07104100286960602,0.0756027102470398,0.02300635352730751,0.0,0.010670973919332027,0.0,0.07104100286960602,0.04472748339619412,0.0034262798838677116,3.905446418191304e-05,5.539594219076377e-05,4.0013946448661045e-05,3.439647885172273e-05
7,midtone,quadrants,a1_s1,0.0756027102470398,0.061392661184072495,0.04396243020892143,13.569183081240626,0.043752774596214294,0.04417208582162857,0.06977757811546326,0.018802005797624588,0.017727987840771675,0.06954213976860046,0.010641592554748058,,96,0.00927734375,0.0,True,0.0001497366768734007,7.247442316921304e-06,3.1667974425358717e-06,1.732172482770071e-06,2.7339329108678034e-06,4.710365651604875e-06,1.0,1.0,0.28819718956947327,0.33592748641967773,0.009234447032213211,0.0756027102470398,0.04258520528674126,0.0,0.009573010727763176,0.0,0.009234447032213211,5.5593791637914355e-05,2.748541820301438e-05,1.3555705741235784e-05,8.62059526324688e-06,9.076142458614357e-06,2.298712553083423e-05
7,midtone,smooth_gradient,identity,0.025543713942170143,0.025543713942170143,0.026389943435788155,15.785615406458618,0.027162188664078712,0.02561771310865879,0.02714253030717373,0.025628766044974327,0.027181845158338547,0.025606654584407806,0.0,,0,0.00027126737404614687,0.00027126737404614687,True,0.0,9.028655815484188e-17,9.028655815484188e-17,9.028655815484188e-17,9.028655815484188e-17,9.028655815484188e-17,0.0,0.0,0.0,0.0,0.0,0.025543713942170143,0.025543713942170143,0.0,0.0,0.0,0.0,0.0,0.0,0.0,0.0,0.0,0.0
7,midtone,smooth_gradient,global,0.025543712079524994,0.002131054177880287,0.0058479830622673035,22.32993893911772,0.007072947919368744,0.004623017739504576,0.007057372014969587,0.0046166423708200455,0.007088528014719486,0.004629391245543957,0.016405194997787476,,6,0.00027126737404614687,0.0,True,1.0556795143443525e-16,1.5142539751330827e-16,3.9209635107723406e-16,3.145537779196044e-16,3.7691149721524663e-16,1.8656399381547779e-16,0.0,0.0,0.0006572409765794873,0.08066275715827942,-0.0,0.025543712079524994,0.002131054177880287,0.0,0.31997954845428467,0.0,-0.0,0.0,0.0,0.0,0.0,0.0,0.0
7,midtone,smooth_gradient,a0_s0,0.025543712079524994,8.736931340536103e-05,0.0010788367362692952,29.670442734840698,0.0014702804619446397,0.0006873933016322553,0.0014706883812323213,0.0006849679630249739,0.0014698709128424525,0.0006898189312778413,0.026286210864782333,,96,0.00027126737404614687,0.0,True,0.06328654021763318,0.009475157045298221,0.007220189481753538,0.007242179526052304,0.0072317807692259825,0.000822898017476233,0.0,0.0,7.525218825321645e-05,0.06115151569247246,0.1187274158000946,0.025543712079524994,8.736931340536103e-05,0.0,0.07374799251556396,0.0,0.1187274158000946,0.017554475040452856,0.03498275430981367,0.017023363922415147,0.017082772853704804,0.017045396223222913,0.004477307211922967
7,midtone,smooth_gradient,a0.01_s0,0.025543712079524994,0.00031711580231785774,0.0004207532329019159,33.75972538391785,0.0007559332880191505,8.557343244319782e-05,0.0007542957318946719,8.561039430787787e-05,0.0007575703202746809,8.553648513043299e-05,0.025489140301942825,,96,0.00027126737404614687,0.0,True,0.1146717549874427,0.009726546030328449,0.0010662205482998958,0.001075543152679065,0.001069915262809905,0.002798407388159101,0.01,0.0,4.7313544200733304e-05,0.06115151569247246,0.09304989874362946,0.025543712079524994,0.0001632446510484442,0.0,0.015387114137411118,0.0,0.09304989874362946,0.031785016404422765,0.03284929079245525,0.002553753005716861,0.0025786416545628536,0.002561739077698188,0.009429459710240553
7,midtone,smooth_gradient,a0.1_s0,0.025543712079524994,0.0012462195008993149,0.00046826712787151337,33.295063284128574,0.0008307113312184811,0.00010582330287434161,0.0008277185261249542,0.00010501685756025836,0.0008337031467817724,0.00010662971180863678,0.02398253232240677,,96,0.00027126737404614687,0.0,True,0.14534522380939568,0.003257173537409362,0.0005609807652653633,0.0005647783228084201,0.0005623897804079474,0.00011533380585612441,0.1,0.0,7.377081487902615e-07,0.06115151569247246,0.06348275393247604,0.025543712079524994,0.0003249738656450063,0.0,0.009212455712258816,0.0,0.06348275393247604,0.04079655572764936,0.00858135016205487,0.001296271031535257,0.0013048731830256394,0.0012988370685981434,0.00032791467267744576
7,midtone,smooth_gradient,a1_s0,0.025543712079524994,0.007324043661355972,0.002608858747407794,25.835494344613124,0.004133427049964666,0.001084290212020278,0.004117267206311226,0.001078298781067133,0.0041495864279568195,0.0010902821086347103,0.013775850646197796,,96,0.00027126737404614687,0.0,True,0.08333077313914976,0.0015177544608860876,0.0002961180726055943,0.00029697530457245075,0.0002961431163317133,3.9993684075141505e-05,1.0,0.0,4.229040939662809e-07,0.06115151569247246,0.0455428771674633,0.025543712079524994,0.0023724527563899755,0.0,0.00495159113779664,0.0,0.0455428771674633,0.023239043234481505,0.0037297974461058536,0.0006828465454139572,0.0006848311070702599,0.0006828303767345423,0.00011259780401395262
7,midtone,smooth_gradient,a10_s0,0.025543712079524994,0.01962430775165558,0.01613493077456951,17.922328935564483,0.020768102258443832,0.011501750908792019,0.0207450482994318,0.011489165015518665,0.02079116553068161,0.01151434425264597,0.0016313227824866772,,96,0.00027126737404614687,0.0,True,0.006919050420807719,0.00010392163969317056,2.2994901389584596e-05,2.3044050125977304e-05,2.297898675300553e-05,7.904873067263985e-06,10.0,0.0,1.4504156524708378e-06,0.06115151569247246,0.01298315916210413,0.025543712079524994,0.015507014468312263,0.0,0.00041172935743816197,0.0,0.01298315916210413,0.0019279417508056963,0.0002429954160917323,5.3471112399626414e-05,5.359249475835094e-05,5.343644381325026e-05,2.3474924368207323e-05
7,midtone,smooth_gradient,a0_s0.01,0.025543712079524994,0.0005946440505795181,0.0012595708249136806,28.997774073604692,0.0014680715976282954,0.001051069819368422,0.0014594793319702148,0.0010540939401835203,0.0014766644453629851,0.001048045582138002,0.02577907219529152,,96,0.00027126737404614687,0.0,True,0.22296682048304006,4.902991359534271e-05,2.2441214692627226e-06,6.566848988777909e-06,7.077088557924644e-06,5.253268779663212e-07,0.0,0.01,0.002736821072176099,0.06115151569247246,0.04499633610248566,0.025543712079524994,0.00014468068548012525,0.0,0.06274791806936264,0.0,0.04499633610248566,0.06285742293118934,0.00017108659224940317,7.938496873770075e-06,2.012495492073992e-05,2.2776865909056643e-05,4.810358892326521e-06
7,midtone,smooth_gradient,a0_s0.1,0.025543712079524994,0.0048763928934931755,0.0011107157915830612,29.54397053514045,0.0014649371150881052,0.0007564944680780172,0.0014429553411900997,0.0007623233832418919,0.0014869191218167543,0.0007506653782911599,0.021364038810133934,,96,0.00027126737404614687,0.0,True,0.18423058623181476,1.5169003341651711e-05,6.572003645229475e-06,5.508040340147999e-06,4.832204136540601e-06,3.776835069494163e-06,0.0,0.1,0.02861691452562809,0.06115151569247246,0.04346219822764397,0.025543712079524994,0.0005301728961057961,0.0,0.024718767032027245,0.0,0.04346219822764397,0.05155210335245959,5.820639850671099e-05,2.4766461617123117e-05,2.1530705457478135e-05,1.5015282130910015e-05,2.143493071157444e-05
7,midtone,smooth_gradient,a0_s1,0.025543712079524994,0.021369099617004395,0.0129407849162817,18.880393809724502,0.01895175129175186,0.006929825525730848,0.018846454098820686,0.006783758290112019,0.01905703917145729,0.007075890898704529,0.004330693744122982,,96,0.00027126737404614687,0.0,True,0.00034624981389490966,1.1802550798425476e-05,4.2466339131308715e-06,1.968112292274136e-06,2.9896882152179162e-06,3.0089644611376095e-06,0.0,1.0,0.31186535954475403,0.327058345079422,0.009696092456579208,0.025543712079524994,0.011673006229102612,0.0,0.020857863128185272,0.0,0.009696092456579208,0.00010278927253857314,4.264197705958818e-05,1.575593557570991e-05,8.797103882464111e-06,1.3493154507567086e-05,1.654419870538921e-05
7,midtone,smooth_gradient,a0.1_s0.1,0.025543712079524994,0.0058519551530480385,0.0008955246885307133,30.479224366771987,0.0013859444297850132,0.0004051051801070571,0.0013864276697859168,0.00041080612572841346,0.0013854596763849258,0.00039940455462783575,0.020149007439613342,,96,0.00027126737404614687,0.0,True,0.1844209553339519,1.637840807089245e-05,3.896206887831888e-06,7.81286342975746e-06,1.0866799284537515e-05,1.403160460485288e-06,0.1,0.1,0.025970451533794403,0.06115151569247246,0.041823625564575195,0.025543712079524994,0.0007543000974692404,0.0,0.00915292464196682,0.0,0.041823625564575195,0.05169598872348894,4.945562897178805e-05,1.2006494751947927e-05,2.394590795088973e-05,3.308270970511989e-05,6.552346871542071e-06
7,midtone,smooth_gradient,a1_s0.1,0.025543712079524994,0.01138766948133707,0.004060591105371714,23.91410741024979,0.006216751877218485,0.001904429867863655,0.006137197837233543,0.0018325499258935452,0.0062963091768324375,0.0019763100426644087,0.011006135493516922,,96,0.00027126737404614687,0.0,True,0.08107260887204489,0.0005062588436269457,1.4668347390994346e-05,2.9995345387700716e-05,9.763989451691546e-06,3.482238572467335e-06,1.0,0.1,0.027360307052731514,0.06115151569247246,0.03490160405635834,0.025543712079524994,0.003790203481912613,0.0,0.004107306245714426,0.0,0.03490160405635834,0.02251827474456048,0.0012449332857886785,4.146306585712256e-05,7.806915045102715e-05,2.6937010322145028e-05,1.2650680786664299e-05
7,midtone,smooth_gradient,a1_s1,0.025543712079524994,0.03139229863882065,0.0171646885573864,17.65364072170395,0.023609977215528488,0.010719414800405502,0.02311679720878601,0.010670537129044533,0.024103129282593727,0.010768290609121323,0.0018410985358059406,,96,0.00027126737404614687,0.0,True,0.0025018763166167507,2.0651787802235142e-05,5.576381930545834e-06,5.201732449724911e-06,5.346829480260608e-06,5.2968852718781314e-06,1.0,1.0,0.27685990929603577,0.31970614194869995,0.013377499766647816,0.025543712079524994,0.016398243606090546,0.0,0.001616555149666965,0.0,0.013377499766647816,0.0007138835045130485,6.191291500367034e-05,1.9109261478641104e-05,1.8397125950310772e-05,1.772938940773597e-05,2.458960520336935e-05
7,midtone,stripes_4,identity,0.05072857439517975,0.05072857439517975,0.07751722633838654,11.106017752695191,0.0775330513715744,0.07750134915113449,0.07749933004379272,0.07752396911382675,0.07756686210632324,0.07747873663902283,0.0,,0,0.005642361007630825,0.005642361007630825,True,0.0,9.028655815484188e-17,9.028655815484188e-17,9.028655815484188e-17,9.028655815484188e-17,9.028655815484188e-17,0.0,0.0,0.0,0.0,0.0,0.05072857439517975,0.05072857439517975,0.0,0.0,0.0,0.0,0.0,0.0,0.0,0.0,0.0,0.0
7,midtone,stripes_4,global,0.05072857439517975,0.004388011060655117,0.012300762347877026,19.100679720389344,0.012301893904805183,0.01229962706565857,0.012285489588975906,0.012295825406908989,0.012318303808569908,0.012303438037633896,0.037537530064582825,,6,0.005642361007630825,0.0,True,1.0757760734648724e-16,1.3357361349593145e-16,3.7809593321169824e-16,3.5831037162812636e-16,3.8926387271330196e-16,1.4741752002943434e-16,0.0,0.0,0.001227335655130446,0.1498429924249649,-0.0,0.05072857439517975,0.004388011060655117,0.0,0.3247763216495514,0.0,-0.0,0.0,0.0,0.0,0.0,0.0,0.0
7,midtone,stripes_4,a0_s0,0.05072857439517975,0.0042304592207074165,0.012063690461218357,19.18519814769183,0.012096940539777279,0.012030447833240032,0.012083142064511776,0.012023749761283398,0.012110734358429909,0.012037142179906368,0.03848018869757652,,96,0.005642361007630825,0.0,True,0.013711338365349365,3.024019874923552e-06,0.0001599679671026577,0.0001645546782533851,0.00016114228853989526,6.827087775853664e-07,0.0,0.0,0.00030466471798717976,0.04063134267926216,0.03870205581188202,0.05072857439517975,0.0042304592207074165,0.0,0.3253712058067322,0.0,0.03870205581188202,0.005236041549036274,3.3829162338391804e-05,0.0006810619330609867,0.0007027755900356756,0.0006882141336678612,7.191916361545793e-06
7,midtone,stripes_4,a0.01_s0,0.05072857439517975,0.007493369281291962,0.012629730626940727,18.986059121905747,0.012652430683374405,0.0126070287078619,0.012637909501791,0.012597408145666122,0.012666957452893257,0.012616647407412529,0.036834076046943665,,96,0.005642361007630825,0.0,True,0.009262300519635912,7.266076791287532e-06,0.00020307828488708783,0.00020715109383096438,0.00020430745712850186,4.179533106526916e-06,0.01,0.0,0.00022386826458387077,0.04063134267926216,0.03652588278055191,0.05072857439517975,0.004624906927347183,0.0,0.28684625029563904,0.0,0.03652588278055191,0.003639107551300949,6.807616918441672e-05,0.0006547462025293138,0.0006698537248451246,0.000660473957579565,3.855199044933144e-05
7,midtone,stripes_4,a0.1_s0,0.05072857439517975,0.021427098661661148,0.024327736347913742,16.13898299509216,0.02376670390367508,0.024888770654797554,0.023734670132398605,0.024879684671759605,0.023798730224370956,0.0248978640884161,0.019943661987781525,,96,0.005642361007630825,0.0,True,0.005864897436984699,0.000674183030739955,2.785349991266871e-05,2.895087828040417e-05,2.831730286973985e-05,0.00011000271628174524,0.1,0.0,3.2555911388953973e-07,0.04063134267926216,0.03288228064775467,0.05072857439517975,0.013244228437542915,0.0,0.08182870596647263,0.0,0.03288228064775467,0.00218786036875088,0.002865578071831951,9.553121786060865e-05,9.916677344579431e-05,9.754556629660905e-05,0.0006321309769980468
7,midtone,stripes_4,a1_s0,0.05072857439517975,0.03891417384147644,0.0518447682261467,12.852950627108928,0.05200042575597763,0.051689084619283676,0.0519530288875103,0.05167969688773155,0.05204782262444496,0.05169852077960968,0.005565964616835117,,96,0.005642361007630825,0.0,True,0.003635445667438769,0.00017948734398073188,1.253598274323058e-05,1.2871814477709565e-05,1.2612724638038614e-05,4.5893804061059226e-05,1.0,0.0,4.1601333578000776e-07,0.04063134267926216,0.017496613785624504,0.05072857439517975,0.03309352323412895,0.0,0.005820650607347488,0.0,0.017496613785624504,0.0012282162362062025,0.0005064763326066493,3.6210233436181125e-05,3.717248917932024e-05,3.6547876501598875e-05,0.00013806243952661695
7,midtone,stripes_4,a10_s0,0.05072857439517975,0.04782409593462944,0.07016579061746597,11.538745768621157,0.07115155458450317,0.06918004900217056,0.07110939919948578,0.06918172538280487,0.07119370251893997,0.06917835026979446,0.0006264375988394022,,96,0.005642361007630825,0.0,True,0.0004457483464848091,6.998873432977578e-06,1.4683344736671325e-06,1.4933442932601586e-06,1.4738250068006287e-06,4.7377815828152616e-07,10.0,0.0,1.3591761671705171e-06,0.04562631621956825,0.003970990423113108,0.05072857439517975,0.045618247240781784,0.0,0.00022058479953557253,0.0,0.003970990423113108,0.00013736050189531987,1.7773960560842365e-05,3.7885469086288404e-06,3.854688872466999e-06,3.807600409729877e-06,1.192139172785381e-06
7,midtone,stripes_4,a0_s0.01,0.05072857439517975,0.004387576598674059,0.012144871056079865,19.156070918041177,0.012170333415269852,0.012119405902922153,0.012151873670518398,0.012111835181713104,0.01218880619853735,0.012126974761486053,0.037964895367622375,,96,0.005642361007630825,0.0,True,0.007048783191960457,1.1687181357845437e-10,2.394052644314282e-06,3.4098717453550394e-06,2.6124896162186573e-06,1.8528194039264585e-10,0.0,0.01,0.0020230875816196203,0.04063134267926216,0.011199467815458775,0.05072857439517975,0.0042755817994475365,0.0,0.32154494524002075,0.0,0.011199467815458775,0.002110888307844325,1.756343945278662e-09,1.3436876867001237e-05,1.499387922743786e-05,1.060206198121633e-05,3.1440300224392365e-09
7,midtone,stripes_4,a0_s0.1,0.05072857439517975,0.0060049425810575485,0.013530888594686985,18.686736816657017,0.013537130318582058,0.013524647802114487,0.013533257879316807,0.013514808379113674,0.013540995307266712,0.013534489087760448,0.03470849618315697,,96,0.005642361007630825,0.0,True,0.00012088991635082236,7.672180492037862e-08,2.5464369542492686e-06,5.624189114630801e-06,4.892050717565334e-06,1.9018737958397714e-08,0.0,0.1,0.023380083963274956,0.04063134267926216,0.007029271684587002,0.05072857439517975,0.005302015226334333,0.0,0.26248201727867126,0.0,0.007029271684587002,3.867328874051721e-05,7.165919217455646e-07,1.0600906004996016e-05,3.032479886381686e-05,2.065571280094961e-05,2.2430870759427148e-07
7,midtone,stripes_4,a0_s1,0.05072857439517975,0.024908607825636864,0.028838468715548515,15.400278038015426,0.028867222368717194,0.028809726238250732,0.028862986713647842,0.028849558904767036,0.028871437534689903,0.02876988798379898,0.01626620441675186,,96,0.005642361007630825,0.0,True,4.698755568234543e-05,1.5304726476214583e-06,3.1304652326934384e-06,4.3267578280071495e-06,2.6897872189267875e-06,1.7220647034029003e-06,0.0,1.0,0.30516937375068665,0.32843437790870667,0.008175719529390335,0.05072857439517975,0.01673288829624653,0.0,0.05798645690083504,0.0,0.008175719529390335,1.7342098048426174e-05,9.419436061905457e-06,1.1825160067222038e-05,1.7704593079214488e-05,1.0775019904168782e-05,1.384638282081118e-05
7,midtone,stripes_4,a0.1_s0.1,0.05072857439517975,0.02272721193730831,0.024579888209700584,16.094200966334775,0.024594249203801155,0.024565530940890312,0.024561448022723198,0.024511003866791725,0.024627041071653366,0.024620044976472855,0.019067171961069107,,96,0.005642361007630825,0.0,True,9.55980657317898e-05,5.510911204418041e-06,3.3058111990355816e-06,3.2022510256979267e-06,4.1237575458015564e-06,1.8756222809197817e-06,0.1,0.1,0.026526015251874924,0.04063134267926216,0.008906922303140163,0.05072857439517975,0.013450603000819683,0.0,0.0838591530919075,0.0,0.008906922303140163,3.0282765340567308e-05,2.8575419655781788e-05,1.350964343054309e-05,1.3166131439053383e-05,1.727856774735868e-05,1.334105644706924e-05
7,midtone,stripes_4,a1_s0.1,0.05072857439517975,0.04029937833547592,0.05227295309305191,12.817229643026822,0.05276607349514961,0.05177980661392212,0.052650585770606995,0.05173596739768982,0.05288156867027283,0.0518236942589283,0.005064846016466618,,96,0.005642361007630825,0.0,True,0.0010952724732592202,9.377969909653442e-06,2.75653790476328e-06,6.306887596350785e-06,4.439911158672856e-06,6.4746236493148925e-06,1.0,0.1,0.030886050313711166,0.04063134267926216,0.010687398724257946,0.05072857439517975,0.03351058065891266,0.0,0.005720056593418121,0.0,0.010687398724257946,0.00031765661317176183,2.7330757118234326e-05,9.479946217794774e-06,2.444620942238738e-05,1.6076274325116835e-05,2.0374350452101466e-05
7,midtone,stripes_4,a1_s1,0.05072857439517975,0.05054137855768204,0.0524914413690567,12.799115017216057,0.05258643999695778,0.052396420389413834,0.05248914286494255,0.0524045005440712,0.0526837594807148,0.05238834396004677,0.004921005107462406,,96,0.005642361007630825,0.0,True,4.4275604042736645e-05,3.6435137173446632e-06,3.7009699086212317e-06,4.136901921095063e-06,5.9503367779202466e-06,3.7003207379850024e-06,1.0,1.0,0.29393959045410156,0.33796584606170654,0.01093067042529583,0.05072857439517975,0.033764470368623734,0.0,0.005846234504133463,0.0,0.01093067042529583,1.8321726441925677e-05,1.921598204001283e-05,1.3857461400713683e-05,2.1641068291689935e-05,1.9848327070083104e-05,2.1623705704971144e-05
7,midtone,stripes_12,identity,0.0011012586764991283,0.0011012586764991283,0.07758687436580658,11.102117435955703,0.07760515809059143,0.07756856083869934,0.07757063210010529,0.07759545743465424,0.07763978093862534,0.07754167914390564,0.0,,0,0.0,0.0,True,0.0,9.028655815484188e-17,9.028655815484188e-17,9.028655815484188e-17,9.028655815484188e-17,9.028655815484188e-17,0.0,0.0,0.0,0.0,0.0,0.0011012586764991283,0.0011012586764991283,0.0,0.0,0.0,0.0,0.0,0.0,0.0,0.0,0.0,0.0
7,midtone,stripes_12,global,0.0011012586764991283,2.8045730005032965e-07,0.05046826973557472,12.969815844514404,0.05048266798257828,0.050453878939151764,0.050461720675230026,0.05046507343649864,0.050503600388765335,0.050442662090063095,0.004011083859950304,,6,0.0,0.0,True,1.4945098568066516e-18,4.1651094600634765e-16,4.393413078508981e-16,3.561830018636165e-16,3.26124625346787e-16,2.9584263432932817e-16,0.0,0.0,5.469177040140494e-07,0.04681827127933502,-0.0,0.0011012586764991283,2.8045730005032965e-07,0.0,0.0355030857026577,0.0,-0.0,0.0,0.0,0.0,0.0,0.0,0.0
7,midtone,stripes_12,a0_s0,0.0011012586764991283,2.401940548679704e-07,0.052057601511478424,12.835158453379208,0.05286796763539314,0.051247235387563705,0.052746426314115524,0.051141247153282166,0.052989497780799866,0.05135321989655495,0.003633933374658227,,96,0.0,0.0,True,7.691382288659622e-07,1.3434990509600082e-06,3.660085179879685e-07,5.278906294249282e-07,3.109428990928151e-07,8.399146315430618e-05,0.0,0.0,3.0089634606156324e-07,0.011709428392350674,0.008063195273280144,0.0011012586764991283,2.401940548679704e-07,0.0,0.031101128086447716,0.0,0.008063195273280144,3.2005893332765655e-07,4.783259757532226e-06,2.374691407427704e-06,2.1021693976173814e-06,1.6769992666263975e-06,0.0003946578791392678
7,midtone,stripes_12,a0.01_s0,0.0011012586764991283,3.955894044338493e-06,0.08417684584856033,10.74807351529659,0.08412620425224304,0.08422742038965225,0.08412186801433563,0.08422941714525223,0.08413057774305344,0.08422555029392242,0.0012883578892797232,,96,0.0,0.0,True,3.536737569500468e-07,1.2117567992025963e-07,2.957540344894002e-07,2.469351155787116e-07,1.346108750255502e-07,2.2327316586082972e-07,0.01,0.0,3.723151564827276e-07,0.011709428392350674,0.0022010132670402527,0.0011012586764991283,4.729388649593602e-07,0.0,0.0003482955216895789,0.0,0.0022010132670402527,1.662757060363546e-07,4.053509808488024e-07,1.8247752647711023e-06,1.1073570630988356e-06,8.55975700427425e-07,7.293558529980272e-07
7,midtone,stripes_12,a0.1_s0,0.0011012586764991283,3.4438784496160224e-05,0.083990179002285,10.757714931580061,0.08393457531929016,0.08404573798179626,0.0839245468378067,0.08405908942222595,0.08394463360309601,0.08403239399194717,0.001220731995999813,,96,0.0,0.0,True,3.132527136903063e-07,6.304355548905621e-08,8.343346801491046e-08,8.039257170949804e-08,3.7928541939294705e-08,1.2161618098628414e-07,0.1,0.0,3.578967664452648e-07,0.011709428392350674,0.0010271903593093157,0.0011012586764991283,1.4783145161345601e-06,0.0,0.000329604692524299,0.0,0.0010271903593093157,1.3080922342919136e-07,1.6635064906013333e-07,3.8900360282905313e-07,3.164919949345406e-07,1.908111039250828e-07,3.115750928944891e-07
7,midtone,stripes_12,a1_s0,0.0011012586764991283,0.00026840242207981646,0.08237717300653458,10.84193116102943,0.08231866359710693,0.0824357345700264,0.08230164647102356,0.08245733380317688,0.08233568072319031,0.08241404592990875,0.0007492954609915614,,96,0.0,0.0,True,4.687038801043411e-07,2.5756218522665977e-08,5.539866140465728e-09,3.3183691078874555e-09,3.235500748639313e-09,7.48454073604818e-08,1.0,0.0,3.2017860007726995e-07,0.011709428392350674,0.0003681863017845899,0.0011012586764991283,6.376762030413374e-05,0.0,0.0002046347944997251,0.0,0.0003681863017845899,1.5629077730654654e-07,6.523465177098913e-08,1.8348382387037153e-08,1.1561154238335131e-08,1.1480127593501838e-08,1.8753514973343278e-07
7,midtone,stripes_12,a10_s0,0.0011012586764991283,0.0008455729112029076,0.07887785881757736,11.030448870669993,0.07886300981044769,0.07889267802238464,0.07883305102586746,0.0789206475019455,0.07889300584793091,0.07886472344398499,7.036743772914633e-05,,96,0.0,0.0,True,1.7823903089315946e-07,6.009129493420444e-10,7.045652324095765e-10,5.339233288442424e-10,6.196771413851465e-10,7.0702951063001785e-09,10.0,0.0,1.3057764363111346e-06,0.061916500329971313,0.00010583534458419308,0.0011012586764991283,0.0006474648835137486,0.0,1.981080276891589e-05,0.0,0.00010583534458419308,5.4264472122322913e-08,1.52325913223994e-09,1.8070088964525946e-09,1.3687923070297273e-09,1.6179111227015935e-09,1.7676965579765173e-08
7,midtone,stripes_12,a0_s0.01,0.0011012586764991283,7.994983752723783e-05,0.07265406101942062,11.387401056738234,0.07266104966402054,0.07264703512191772,0.07268083095550537,0.07280648499727249,0.07264130562543869,0.07248762249946594,0.0011438499204814434,,96,0.0,0.0,True,1.5412952927517152e-05,2.504637190853447e-06,2.318356206759709e-06,1.3699743020592395e-06,4.251005965355527e-06,1.200965933041338e-06,0.0,0.01,0.003305878723040223,0.011709428392350674,0.00775411631911993,0.0011012586764991283,2.4086732537398348e-06,0.0,0.002700529061257839,0.0,0.00775411631911993,7.849999283514757e-06,1.0316760145087674e-05,1.2780056211692852e-05,6.122582853876985e-06,1.390829014500804e-05,5.617149635816185e-06
7,midtone,stripes_12,a0_s0.1,0.0011012586764991283,0.0008690098766237497,0.07742179930210114,11.11136739786717,0.07732842862606049,0.07751516997814178,0.0770156979560852,0.07785885781049728,0.07764118164777756,0.07717147469520569,0.001103003858588636,,96,0.0,0.0,True,4.402700890895347e-05,3.5148410715541576e-06,3.0232848649357525e-06,4.799959166546281e-06,4.528612552176292e-06,4.026151375367295e-06,0.0,0.1,0.030983833596110344,0.03574390709400177,0.008636824786663055,0.0011012586764991283,5.327398412191542e-06,0.0,0.0017968720057979226,0.0,0.008636824786663055,1.6640644867209934e-05,1.5120414119341442e-05,1.2084427322787066e-05,1.779497834050889e-05,1.6531694984106686e-05,1.3793168000440987e-05
7,midtone,stripes_12,a0_s1,0.0011012586764991283,0.009239306673407555,0.07818092405796051,11.068992007379808,0.07825157046318054,0.07811030000448227,0.07831217348575592,0.07813985645771027,0.07819092273712158,0.07808070629835129,0.001112931757234037,,96,0.0,0.0,True,3.919033307966659e-05,4.8328025676990125e-06,2.1411626460681118e-06,4.01420367332055e-06,5.637572399307287e-06,7.0153719769508036e-06,0.0,1.0,0.3187228739261627,0.3491016626358032,0.009233731776475906,0.0011012586764991283,5.575262093771016e-06,0.0,0.0017382520018145442,0.0,0.009233731776475906,1.8119076462945273e-05,1.8984475883615127e-05,6.989721743046132e-06,1.4242197172035897e-05,1.807262655622921e-05,2.5772671689068315e-05
7,midtone,stripes_12,a0.1_s0.1,0.0011012586764991283,0.0009985455544665456,0.08400903642177582,10.756739965924238,0.08393113315105438,0.08408691734075546,0.08435031026601791,0.08436132222414017,0.08351200819015503,0.08381251990795135,0.0012257752241566777,,96,0.0,0.0,True,3.693043650073561e-05,3.4714509674320324e-06,3.0529694590470744e-06,3.927374781751346e-06,4.781907132746668e-06,3.1735623030993885e-06,0.1,0.1,0.03170517832040787,0.035347096621990204,0.009575802832841873,0.0011012586764991283,6.638209924858529e-06,0.0,0.0003432710363995284,0.0,0.009575802832841873,1.572232500953071e-05,1.1843203371500372e-05,1.2780408815225338e-05,1.7538949689744255e-05,1.8168185641255673e-05,1.3189549683484606e-05
7,midtone,stripes_12,a1_s0.1,0.0011012586764991283,0.0010970321018248796,0.08246281743049622,10.837418311449598,0.08251789212226868,0.08240775763988495,0.08232548832893372,0.08221928030252457,0.08271021395921707,0.08259625732898712,0.0007691571954637766,,96,0.0,0.0,True,2.2742103657821134e-05,1.2451069468719907e-06,2.0633853249669065e-06,3.4942696527174024e-06,5.085157643151204e-06,1.4838361306167692e-06,1.0,0.1,0.033547524362802505,0.03514888137578964,0.008137153461575508,0.0011012586764991283,6.367799505824223e-05,0.0,0.00021963880863040686,0.0,0.008137153461575508,1.256814205125538e-05,5.35780054053906e-06,9.447217826556124e-06,1.3121522726475593e-05,2.1821232628556467e-05,6.026829675555193e-06
7,midtone,stripes_12,a1_s1,0.0011012586764991283,0.009492840617895126,0.08229267597198486,10.846388151703865,0.08234526216983795,0.08224009722471237,0.08229096233844757,0.08208585530519485,0.08239960670471191,0.08239433169364929,0.0007517237099818885,,96,0.0,0.0,True,2.6540414102326838e-05,3.5605629749533627e-06,9.863291206187004e-06,1.94521619591772e-06,5.007984137741897e-06,4.041529583728725e-06,1.0,1.0,0.2959385812282562,0.3408691883087158,0.009202685207128525,0.0011012586764991283,6.824526644777507e-05,0.0,0.00022191059542819858,0.0,0.009202685207128525,1.2887401143619558e-05,1.4705214545791125e-05,3.0867202102392426e-05,6.731468396247482e-06,1.907044853246171e-05,1.7191085885452713e-05
7,dark_structures,clean,identity,0.024708541110157967,0.024708541110157967,0.0,,0.0,0.0,0.0,0.0,0.0,0.0,0.0,0.0,0,0.0,0.0,True,0.0,9.028655815484188e-17,9.028655815484188e-17,9.028655815484188e-17,9.028655815484188e-17,9.028655815484188e-17,0.0,0.0,0.0,0.0,0.0,0.024708541110157967,0.024708541110157967,0.0,0.0,0.0,0.0,0.0,0.0,0.0,0.0,0.0,0.0
7,dark_structures,clean,global,0.024708539247512817,0.0024329712614417076,0.01769636571407318,17.521159151288565,0.022049343213438988,0.013343388214707375,0.02115405537188053,0.012938871048390865,0.022944636642932892,0.013747899793088436,0.01769636571407318,0.01769636571407318,6,0.0,0.0,True,3.714519469964716e-17,1.46294166502138e-16,4.076569116062764e-16,3.7607209025925054e-16,4.224680356917561e-16,1.1853482585360594e-16,0.0,0.0,0.0006709611043334007,0.08149919658899307,-0.0,0.024708539247512817,0.0024329712614417076,0.0,0.3021419942378998,0.0,-0.0,0.0,0.0,0.0,0.0,0.0,0.0
7,dark_structures,clean,a0_s0,0.024708539247512817,0.001847283449023962,0.0203558336943388,16.913111059381617,0.027521993964910507,0.01318967156112194,0.026433190330863,0.012568344362080097,0.028610803186893463,0.01381099596619606,0.0203558336943388,0.0203558336943388,96,0.0,0.0,True,0.03069043132976534,0.010362181428756176,0.0019401931859607657,0.001923503415571696,0.0019248355686343822,1.608793344533326e-05,0.0,0.0,0.00019773427629843354,0.02429751306772232,0.21993482112884521,0.024708539247512817,0.001847283449023962,0.0,0.2582017481327057,0.0,0.21993482112884521,0.016217842233561503,0.0707517914699447,0.008260856467494486,0.008187819047787603,0.008189954465347088,0.000173508107738738
7,dark_structures,clean,a0.01_s0,0.024708539247512817,0.003910839557647705,0.017976485192775726,17.45295218642918,0.024646896868944168,0.011306087486445904,0.023372409865260124,0.010752493515610695,0.02592136710882187,0.011859669350087643,0.017976485192775726,0.017976485192775726,96,0.0,0.0,True,0.020158908203777134,0.02269787443189085,0.00011375481557298634,0.00010979594994696575,0.00011009347759864659,0.013576543483500798,0.01,0.0,0.00013765878975391388,0.02429751306772232,0.24012956023216248,0.024708539247512817,0.002347448607906699,0.0,0.1563391089439392,0.0,0.24012956023216248,0.011106979370500716,0.12717929152566174,0.0006042247649813746,0.0005868386825270129,0.0005855081142631897,0.08707170697431686
7,dark_structures,clean,a0.1_s0,0.024708539247512817,0.010433985851705074,0.010136084631085396,19.941297719742654,0.014598177745938301,0.005673988722264767,0.013924247585237026,0.005244782194495201,0.01527210883796215,0.0061031971126794815,0.010136084631085396,0.010136084631085396,96,0.0,0.0,True,0.008064308952449696,0.00807757455002959,6.723132656971526e-05,6.675773140175379e-05,6.629750919893519e-05,0.008115556766497308,0.1,0.0,2.7524288270797115e-07,0.02429751306772232,0.14528581500053406,0.024708539247512817,0.006819543894380331,0.0,0.03614441677927971,0.0,0.14528581500053406,0.003540109948725099,0.0357635200426027,0.00024393352309607042,0.0002407287716502182,0.00023852284606366896,0.03669726343111908
7,dark_structures,clean,a1_s0,0.024708539247512817,0.018517369404435158,0.0031211748719215393,25.056818981776694,0.004317324608564377,0.001925024320371449,0.004087446723133326,0.001804764848202467,0.004547203425318003,0.002045285189524293,0.0031211748719215393,0.0031211748719215393,96,0.0,0.0,True,0.006163993291759758,0.000791006301331251,2.467942789833725e-05,2.4584151129047377e-05,2.4561642502850064e-05,0.0007262367381927619,1.0,0.0,3.4177739394181117e-07,0.02429751306772232,0.054351843893527985,0.024708539247512817,0.015416913665831089,0.0,0.0031004559714347124,0.0,0.054351843893527985,0.002320537566662424,0.002760487531600565,7.653973583344782e-05,7.606932491153783e-05,7.598424149671371e-05,0.0025382607157530862
7,dark_structures,clean,a10_s0,0.024708539247512817,0.023473745211958885,0.00016686935850884765,37.77623403597821,0.0002198788133682683,0.00011385996913304552,0.00020617608970496804,0.0001089099605451338,0.00023358144972007722,0.00011880994861712679,0.00016686935850884765,0.00016686935850884765,96,0.0,0.0,True,0.0002498661879377569,1.8831209480938326e-05,8.611931917330933e-07,8.579151406679728e-07,8.574450277279075e-07,1.8668983217537333e-05,10.0,0.0,1.3926036217526416e-06,0.0549783930182457,0.008474340662360191,0.024708539247512817,0.022394228726625443,0.0,0.00010795165871968493,0.0,0.008474340662360191,9.0282883980283e-05,5.930576250841133e-05,2.5831890326233092e-06,2.5707552924229787e-06,2.570197703171196e-06,6.05217171458384e-05
7,dark_structures,clean,a0_s0.01,0.024708539247512817,0.00230789789929986,0.019199395552277565,17.167124438195042,0.024723423644900322,0.013675372116267681,0.02368263155221939,0.013288695365190506,0.025764189660549164,0.014062055386602879,0.019199395552277565,0.019199395552277565,96,0.0,0.0,True,0.03208628801505697,1.688800771200668e-08,1.2232601797667078e-06,2.5081312914803345e-06,3.649846519130372e-06,6.1654748205593e-10,0.0,0.01,0.002169947372749448,0.02429751306772232,0.03045165166258812,0.024708539247512817,0.002003381261602044,0.0,0.2833499014377594,0.0,0.03045165166258812,0.011638859084004475,1.6652820677972485e-07,5.00140638928695e-06,1.3037978868441633e-05,1.2466305869408623e-05,8.699739817429686e-09
7,dark_structures,clean,a0_s0.1,0.024708539247512817,0.0044009811244904995,0.01449523400515318,18.387747691791844,0.01802309975028038,0.010967365466058254,0.01731918752193451,0.01068156585097313,0.018727008253335953,0.011253167875111103,0.01449523400515318,0.01449523400515318,96,0.0,0.0,True,5.281005424742567e-05,5.28727740951251e-07,5.0613636410035695e-06,3.8370757801793e-06,2.7521325515464954e-06,5.081696000614976e-08,0.0,0.1,0.027896888554096222,0.03408658131957054,0.00707576610147953,0.024708539247512817,0.003693404607474804,0.0,0.19131189584732056,0.0,0.00707576610147953,2.0033127769433078e-05,4.124489260889926e-06,2.0687530997269023e-05,1.4479146609650194e-05,1.1855144522011636e-05,7.25214560723385e-07
7,dark_structures,clean,a0_s1,0.024708539247512817,0.020527636632323265,0.005113640334457159,22.91269821138313,0.005836766213178635,0.004390514921396971,0.005764281377196312,0.004298255778849125,0.005909247323870659,0.004482774063944817,0.005113640334457159,0.005113640334457159,96,0.0,0.0,True,2.828194868472975e-05,2.488013708714605e-06,4.309429031564883e-06,2.8346552337659383e-06,4.917621731626566e-06,1.8960379687373208e-06,0.0,1.0,0.3235965073108673,0.34258753061294556,0.008343208581209183,0.024708539247512817,0.012184428051114082,0.0,0.022180041298270226,0.0,0.008343208581209183,1.0557688549912037e-05,1.4584697822114102e-05,1.4330851040575351e-05,1.0857122707941431e-05,2.0325681427917368e-05,1.184595519530819e-05
7,dark_structures,clean,a0.1_s0.1,0.024708539247512817,0.014612700790166855,0.006435731891542673,21.914020566253548,0.007921379990875721,0.004950083792209625,0.007622326258569956,0.004733894485980272,0.008220436982810497,0.005166270304471254,0.006435731891542673,0.006435731891542673,96,0.0,0.0,True,0.00031927699755441566,1.9991949354082765e-05,5.28809627019503e-06,3.480019869149185e-06,3.971468058602035e-06,3.482398620989678e-06,0.1,0.1,0.028662189841270447,0.03379860147833824,0.01141761988401413,0.024708539247512817,0.009517550468444824,0.0,0.03953387960791588,0.0,0.01141761988401413,0.00011313961467381246,7.854152110152427e-05,2.235443896602257e-05,1.3053596377892896e-05,1.3740871440307341e-05,1.9525569334696768e-05
7,dark_structures,clean,a1_s0.1,0.024708539247512817,0.02147549018263817,0.002045793691650033,26.891381649032333,0.0024676555767655373,0.001623931690119207,0.002319593448191881,0.0016237632371485233,0.002615717239677906,0.001624100492335856,0.002045793691650033,0.002045793691650033,96,0.0,0.0,True,0.0015846376442183044,4.309521007361003e-05,5.507685440879163e-06,2.869426924645158e-06,3.1738094586568527e-06,5.73083124473122e-06,1.0,0.1,0.029506172984838486,0.036085423082113266,0.01614491268992424,0.024708539247512817,0.01778549514710903,0.0,0.002075504744425416,0.0,0.01614491268992424,0.0005712325026709138,0.0001487748080945287,2.1967305229497444e-05,9.72219096812395e-06,1.3014722359462967e-05,1.9756899272017192e-05
7,dark_structures,clean,a1_s1,0.024708539247512817,0.02920166216790676,0.0018098840955644846,27.423492363288876,0.0018568645464256406,0.0017629037611186504,0.0018423172878101468,0.001558334450237453,0.0018714123871177435,0.0019674724899232388,0.0018098840955644846,0.0018098840955644846,96,0.0,0.0,True,5.707427827299943e-05,2.7639405362392173e-06,2.0389541938447765e-06,4.358775457949722e-06,3.8092453904148403e-06,1.742254011126404e-06,1.0,1.0,0.30519089102745056,0.3470052182674408,0.00831339880824089,0.024708539247512817,0.01886826753616333,0.0,0.002019995590671897,0.0,0.00831339880824089,2.018326659468681e-05,1.3113854501813413e-05,9.092654000952237e-06,1.6098377335346512e-05,1.3241987029162566e-05,8.64631469850787e-06
7,dark_structures,homogeneous_dark,identity,0.10357373207807541,0.10357373207807541,0.05833546817302704,12.340673123396495,0.05249176174402237,0.0641791895031929,0.05373998358845711,0.06492258608341217,0.051243528723716736,0.06343577802181244,0.0,,0,0.0,0.0,True,0.0,9.028655815484188e-17,9.028655815484188e-17,9.028655815484188e-17,9.028655815484188e-17,9.028655815484188e-17,0.0,0.0,0.0,0.0,0.0,0.10357373207807541,0.10357373207807541,0.0,0.0,0.0,0.0,0.0,0.0,0.0,0.0,0.0,0.0
7,dark_structures,homogeneous_dark,global,0.10357373207807541,0.0032984204590320587,0.015359077602624893,18.136348653018228,0.019075913354754448,0.01164223812520504,0.018310384824872017,0.011291170492768288,0.019841447472572327,0.011993307620286942,0.09336353093385696,,6,0.0,0.0,True,9.982556229018505e-17,2.1620798406402236e-16,7.285834831905892e-16,7.956598340427046e-16,7.538758882238326e-16,1.7635216558053544e-16,0.0,0.0,0.0020642592571675777,0.24747206270694733,-0.0,0.10357373207807541,0.0032984204590320587,0.0,0.23218010365962982,0.0,-0.0,0.0,0.0,0.0,0.0,0.0,0.0
7,dark_structures,homogeneous_dark,a0_s0,0.10357373207807541,0.0024388700257986784,0.018337344750761986,17.36663549995167,0.025043275207281113,0.011631411500275135,0.023978523910045624,0.01108112558722496,0.02610803209245205,0.012181702069938183,0.09613353759050369,,96,0.0,0.0,True,0.007606324617512303,0.005120213170091113,0.0007347206402049659,0.0007324088443732041,0.0007252754921437283,0.0013587530890324152,0.0,0.0,0.00045989235513843596,0.06243915110826492,0.16126388311386108,0.10357373207807541,0.0024388700257986784,0.0,0.20692306756973267,0.0,0.16126388311386108,0.003962185781670595,0.03598542787988921,0.00267175751448332,0.002655885131429585,0.002627611826140214,0.011458547711470457
7,dark_structures,homogeneous_dark,a0.01_s0,0.10357373207807541,0.004420700948685408,0.01694919541478157,17.708509131077527,0.023248154670000076,0.010650236159563065,0.02219332754611969,0.010102447122335434,0.02430296689271927,0.011198039166629314,0.09414880722761154,,96,0.0,0.0,True,0.009023994796350687,0.005370079298876438,0.00024236002858836494,0.0002425342470135988,0.0002394060839949961,0.005789743924155071,0.01,0.0,0.0003457214334048331,0.06243915110826492,0.16255447268486023,0.10357373207807541,0.0027171699330210686,0.0,0.17035311460494995,0.0,0.16255447268486023,0.004677149263311962,0.03691183778579026,0.0009812550398648442,0.0009772501812632794,0.0009636691642450833,0.03955938575222672
7,dark_structures,homogeneous_dark,a0.1_s0,0.10357373207807541,0.014908459968864918,0.009156636893749237,20.38264007410652,0.013032662682235241,0.005280611105263233,0.01245122216641903,0.0049211555160582066,0.013614106923341751,0.0056400662288069725,0.08196769654750824,,96,0.0,0.0,True,0.0029554822323937277,0.004938959747323759,9.833521240470033e-05,9.776256648790323e-05,9.728323398238395e-05,0.007036630398069072,0.1,0.0,2.2002448531566188e-05,0.06243915110826492,0.12923187017440796,0.10357373207807541,0.006297306157648563,0.0,0.08611153811216354,0.0,0.12923187017440796,0.001412682371260517,0.027719200613657874,0.00029379913130542375,0.00029078936054556867,0.0002889452621092698,0.03107149694554247
7,dark_structures,homogeneous_dark,a1_s0,0.10357373207807541,0.05474952608346939,0.007184406742453575,21.436090882279075,0.0060584209859371185,0.008310393430292606,0.006274032406508923,0.008428119122982025,0.005842807237058878,0.008192668668925762,0.0279528871178627,,96,0.0,0.0,True,0.00011289299639942182,0.00019724969868147455,4.1486559726459607e-07,3.9760928248754604e-07,4.142899872070942e-07,0.0009498607876068237,1.0,0.0,1.2339399972915999e-06,0.06243915110826492,0.029788333922624588,0.10357373207807541,0.0295332632958889,0.0,0.02521626092493534,0.0,0.029788333922624588,5.3093964941297596e-05,0.0008067685460531014,1.5084818539970787e-06,1.460852705920632e-06,1.5199591833257681e-06,0.0035597231141125023
7,dark_structures,homogeneous_dark,a10_s0,0.10357373207807541,0.09503937512636185,0.04603748023509979,13.36888454589139,0.04117610678076744,0.05089883878827095,0.04218877851963043,0.05150104686617851,0.040163420140743256,0.05029670521616936,0.0007756170234642923,,96,0.0,0.0,True,5.600473704087692e-05,3.3794953736543754e-08,1.990435007680293e-07,1.991057332885252e-07,1.9922207478231485e-07,2.086877175854797e-05,10.0,0.0,1.384673510074208e-06,0.06243915110826492,0.004652184434235096,0.10357373207807541,0.08723891526460648,0.0,0.0007800462190061808,0.0,0.004652184434235096,2.1467259333484174e-05,1.2435779243386438e-07,6.28981755596162e-07,6.290983352519449e-07,6.295428688815844e-07,6.836314504753652e-05
7,dark_structures,homogeneous_dark,a0_s0.01,0.10357373207807541,0.0030773705802857876,0.017235927283763885,17.635653468142745,0.022570287808775902,0.01190156303346157,0.021598808467388153,0.011565487831830978,0.0235417690128088,0.012237634509801865,0.09536150097846985,,96,0.0,0.0,True,0.005327244287246485,0.002073299130428061,3.86740528445949e-06,3.355647339829129e-06,2.9466121255020933e-06,5.4723455059687316e-06,0.0,0.01,0.0022871759720146656,0.06243915110826492,0.04540166258811951,0.10357373207807541,0.0026233538519591093,0.0,0.22154021263122559,0.0,0.04540166258811951,0.001968323285021694,0.015812707471097552,1.1131559216086787e-05,8.513964882963399e-06,8.93094532868065e-06,4.489092388181042e-05
7,dark_structures,homogeneous_dark,a0_s0.1,0.10357373207807541,0.004548940341919661,0.014253674075007439,18.460731760178138,0.017734389752149582,0.010772953741252422,0.01705954782664776,0.010429387912154198,0.018409239128232002,0.011116516776382923,0.09317424893379211,,96,0.0,0.0,True,5.6278788264496644e-05,4.7236324241545096e-07,3.656077748656559e-06,4.763214341048795e-06,7.268301627214595e-06,3.392520782308536e-08,0.0,0.1,0.0271471980959177,0.06243915110826492,0.00734842661768198,0.10357373207807541,0.0038140974938869476,0.0,0.20642144978046417,0.0,0.00734842661768198,2.3615917133907285e-05,4.048507204090803e-06,1.650290738646961e-05,1.1082130537659637e-05,1.815165312281383e-05,4.850123563743212e-07
7,dark_structures,homogeneous_dark,a0_s1,0.10357373207807541,0.01669064350426197,0.008081396110355854,20.925136057294157,0.00952569767832756,0.00663710106164217,0.009248968213796616,0.006465950049459934,0.009802416898310184,0.006808250676840544,0.0912855938076973,,96,0.0,0.0,True,3.163456728554331e-05,1.1828872028895238e-06,2.904706722115531e-06,4.258943902474598e-06,3.362070641441662e-06,1.0725040700365355e-06,0.0,1.0,0.29595133662223816,0.31478679180145264,0.008171048946678638,0.10357373207807541,0.008519594557583332,0.0,0.09786834567785263,0.0,0.008171048946678638,1.4667763608308027e-05,8.338236758109732e-06,1.0930329923872204e-05,1.3725605539971491e-05,1.3017393381262182e-05,7.927413471883051e-06
7,dark_structures,homogeneous_dark,a0.1_s0.1,0.10357373207807541,0.01823434978723526,0.005961800925433636,22.246225298849236,0.007405610755085945,0.004517992492765188,0.007132812403142452,0.004355941899120808,0.0076784067787230015,0.004680043552070856,0.07817211002111435,,96,0.0,0.0,True,5.4957980988184296e-05,3.838365468178177e-06,3.190527525730502e-06,4.735681765669924e-06,2.4018777615630943e-06,1.8048591555557828e-06,0.1,0.1,0.02753107063472271,0.06243915110826492,0.007773233577609062,0.10357373207807541,0.008805455639958382,0.0,0.08651570230722427,0.0,0.007773233577609062,2.188660769592016e-05,2.031032140303522e-05,1.1040717146890838e-05,1.4999351767588938e-05,7.5096456202542615e-06,1.0188493086538122e-05
7,dark_structures,homogeneous_dark,a1_s0.1,0.10357373207807541,0.05634143576025963,0.006856755819171667,21.638813162301997,0.005985031370073557,0.007728480733931065,0.006149275228381157,0.007961918599903584,0.005820787511765957,0.007495040539652109,0.027610797435045242,,96,0.0,0.0,True,2.5877925773467407e-05,5.190746916635915e-06,1.3038720635080695e-06,1.486958911456789e-06,3.5480361892126307e-06,2.376381562152961e-05,1.0,0.1,0.029385672882199287,0.06243915110826492,0.008388638496398926,0.10357373207807541,0.030970335006713867,0.0,0.02453223429620266,0.0,0.008388638496398926,1.3200610927879099e-05,2.15698361823646e-05,4.443851762806752e-06,6.30314687472661e-06,1.0194858545852227e-05,7.879885118374113e-05
7,dark_structures,homogeneous_dark,a1_s1,0.10357373207807541,0.06398653984069824,0.006723377853631973,21.7241248072266,0.005992638412863016,0.0074541145004332066,0.006220763549208641,0.007370591163635254,0.005764518398791552,0.0075376322492957115,0.027824444696307182,,96,0.0,0.0,True,4.1977184683580916e-05,2.4588087451648186e-06,3.1790232704602183e-06,2.926950455421026e-06,4.1403374608749706e-06,4.208173275348616e-06,1.0,1.0,0.2957763969898224,0.34141701459884644,0.008332911878824234,0.10357373207807541,0.030953608453273773,0.0,0.024700023233890533,0.0,0.008332911878824234,1.6613955374888946e-05,1.5415237247877994e-05,1.0955806437095698e-05,8.919740949043846e-06,1.3387857333261578e-05,1.853060023322323e-05
7,dark_structures,homogeneous_bright,identity,0.05585341155529022,0.05585341155529022,0.05818367004394531,12.351988882872364,0.052352163940668106,0.06401517987251282,0.0535934716463089,0.0647483691573143,0.051110852509737015,0.06328196823596954,0.0,,0,0.012858073227107525,0.012858073227107525,True,0.0,9.028655815484188e-17,9.028655815484188e-17,9.028655815484188e-17,9.028655815484188e-17,9.028655815484188e-17,0.0,0.0,0.0,0.0,0.0,0.05585341155529022,0.05585341155529022,0.0,0.0,0.0,0.0,0.0,0.0,0.0,0.0,0.0,0.0
7,dark_structures,homogeneous_bright,global,0.05585341155529022,0.0026270051021128893,0.017155136913061142,17.656058115425395,0.021354619413614273,0.01295566651970148,0.0204908549785614,0.012563984841108322,0.022218359634280205,0.013347345404326916,0.056246016174554825,,6,0.012858073227107525,0.0,True,2.130862904371537e-16,1.6172531822154183e-16,3.085262919225453e-16,3.2404308913195804e-16,3.2322541968337886e-16,1.8898236899877193e-16,0.0,0.0,0.0009856045944616199,0.3596625328063965,-0.0,0.05585341155529022,0.0026270051021128893,0.0,0.335144966840744,0.0,-0.0,0.0,0.0,0.0,0.0,0.0,0.0
7,dark_structures,homogeneous_bright,a0_s0,0.05585341155529022,0.001973169157281518,0.019380899146199226,17.12626078411444,0.026608699932694435,0.012153107672929764,0.025359444320201874,0.011568931862711906,0.027857933193445206,0.0127372732385993,0.05829717591404915,,96,0.012858073227107525,0.0,True,0.015348443683139167,0.02605633150087104,0.0008653697593085153,0.0008655507585150693,0.0008592460250007576,0.0025719080983150496,0.0,0.0,0.00023417208285536617,0.09962879866361618,0.2427687793970108,0.05585341155529022,0.001973169157281518,0.0,0.2444353848695755,0.0,0.2427687793970108,0.007075467663354516,0.14624496268683038,0.005621251437058661,0.005626821646532733,0.005583174127558761,0.021861770677326975
7,dark_structures,homogeneous_bright,a0.01_s0,0.05585341155529022,0.00414645578712225,0.017990581691265106,17.44954794340803,0.024681368842720985,0.011299805715680122,0.023423699662089348,0.010709986090660095,0.02593901753425598,0.011889617890119553,0.05495264381170273,,96,0.012858073227107525,0.0,True,0.010848018332306815,0.02992195470817151,0.00015235560879231998,0.00015296105754186666,0.0001520512212043067,0.010196655069829905,0.01,0.0,0.00017779532936401665,0.09962879866361618,0.2356111854314804,0.05585341155529022,0.0024258012417703867,0.0,0.17206548154354095,0.0,0.2356111854314804,0.0060249303075375895,0.15620944916092663,0.0009102092571041524,0.0009114722977443619,0.0009047837069173588,0.06855783021409328
7,dark_structures,homogeneous_bright,a0.1_s0,0.05585341155529022,0.011450443416833878,0.011018414050340652,19.57880911723135,0.01581844687461853,0.006218392867594957,0.015086915343999863,0.0057485406287014484,0.016549961641430855,0.006688236724585295,0.042449500411748886,,96,0.012858073227107525,0.0,True,0.011962931277863397,0.009796831650873703,4.845368589321008e-05,4.921560367630452e-05,4.885470166527382e-05,0.008520130160380333,0.1,0.0,1.0644615713317762e-06,0.09962879866361618,0.15272027254104614,0.05585341155529022,0.007175013422966003,0.0,0.042754292488098145,0.0,0.15272027254104614,0.005141682623952734,0.039289436969405664,0.00019970662863154505,0.00020128313924284627,0.00019916019440350508,0.03925379056279441
7,dark_structures,homogeneous_bright,a1_s0,0.05585341155529022,0.0234434325248003,0.010617413558065891,19.739812661421155,0.013319977559149265,0.007914857938885689,0.012752678245306015,0.007622843608260155,0.013887268491089344,0.008206862024962902,0.02551002986729145,,96,0.012858073227107525,0.0,True,0.012037985274256131,0.0010611820363517906,3.572715527301735e-05,3.595366738270433e-05,3.590114100525501e-05,0.0005943250974730908,1.0,0.0,7.525878800151986e-07,0.09962879866361618,0.06365051120519638,0.05585341155529022,0.016832109540700912,0.0,0.006611322984099388,0.0,0.06365051120519638,0.004615107108649989,0.003458384686328061,0.00011889848074840475,0.00011943930351751198,0.00011919236813276462,0.0020811280767296194
7,dark_structures,homogeneous_bright,a10_s0,0.05585341155529022,0.04229537025094032,0.03124522790312767,15.05216303235018,0.030801229178905487,0.031689200550317764,0.030725250020623207,0.03170815482735634,0.030877236276865005,0.03167027235031128,0.004742778372019529,,96,0.012858073227107525,0.0,True,0.001971434642821897,3.107519115931221e-05,6.284588231628733e-06,6.309950548077072e-06,6.3064420700248865e-06,1.914021536616712e-06,10.0,0.0,1.9477197383821476e-06,0.09962879866361618,0.015447890385985374,0.05585341155529022,0.03418867290019989,0.0,0.0008106697350740433,0.0,0.015447890385985374,0.0007286116298248211,9.682956668795149e-05,1.961374977509223e-05,1.9680230364827913e-05,1.9669960533106467e-05,7.2085362440305875e-06
7,dark_structures,homogeneous_bright,a0_s0.01,0.05585341155529022,0.0026363469660282135,0.01853315345942974,17.320506781712123,0.024055346846580505,0.013010959140956402,0.022917697206139565,0.012613181956112385,0.02519298903644085,0.013408740982413292,0.05737550929188728,,96,0.012858073227107525,0.0,True,0.01268671757516641,0.00164215458681252,8.512277693802663e-07,8.908974542612085e-07,1.1364486841896096e-06,2.0809789116174972e-05,0.0,0.01,0.0020009183790534735,0.09962879866361618,0.04909138381481171,0.05585341155529022,0.002145433099940419,0.0,0.2892161011695862,0.0,0.04909138381481171,0.004682554519949034,0.014415943503380586,5.3578385030803955e-06,4.619119429307581e-06,7.286982499576951e-06,0.00019818556745748598
7,dark_structures,homogeneous_bright,a0_s0.1,0.05585341155529022,0.004326063208281994,0.014253624714910984,18.460746799707263,0.017712976783514023,0.010794257745146751,0.017047308385372162,0.01047030184417963,0.018378667533397675,0.011118222028017044,0.05208032205700874,,96,0.012858073227107525,0.0,True,1.7409253358421142e-05,1.2381051832617936e-07,2.1372686220705343e-06,2.5982727230348156e-06,2.9435746367603035e-06,2.914574488956599e-08,0.0,0.1,0.02603898197412491,0.09962879866361618,0.005287784151732922,0.05585341155529022,0.0037972847931087017,0.0,0.21661873161792755,0.0,0.005287784151732922,6.795281145777214e-06,1.2502179765755526e-06,1.086860320972589e-05,1.0077576226639197e-05,1.4158556198565741e-05,4.2093077801119747e-07
7,dark_structures,homogeneous_bright,a0_s1,0.05585341155529022,0.01890045963227749,0.004823487717658281,23.16638823008903,0.005482989363372326,0.0041639856062829494,0.0054075648076832294,0.004145816899836063,0.00555841438472271,0.004182153381407261,0.0393286794424057,,96,0.012858073227107525,0.0,True,1.776408751857948e-05,4.112630742945317e-06,1.172473559717685e-06,2.747578407860486e-06,2.1806450416537084e-06,5.676093877400715e-07,0.0,1.0,0.3085649311542511,0.3441566824913025,0.006711725145578384,0.05585341155529022,0.012188734486699104,0.0,0.03420661762356758,0.0,0.006711725145578384,7.021219867001611e-06,1.857104680789631e-05,5.1013816454517635e-06,1.1459085423956007e-05,1.0239288931542103e-05,4.657865665277256e-06
7,dark_structures,homogeneous_bright,a0.1_s0.1,0.05585341155529022,0.015786249190568924,0.007143144030123949,21.461105929305564,0.008533437736332417,0.005752849392592907,0.008069348521530628,0.005520819220691919,0.00899752788245678,0.005984879564493895,0.03825218975543976,,96,0.012858073227107525,0.0,True,0.0008235536494085294,2.3000569415551113e-06,4.207167154794805e-06,5.435008042266421e-06,3.7519648808305348e-06,3.827378205012406e-06,0.1,0.1,0.02804243192076683,0.09962879866361618,0.011580359190702438,0.05585341155529022,0.009910169057548046,0.0,0.047180432826280594,0.0,0.011580359190702438,0.0002937606640812628,1.0538621228287622e-05,1.5672091877929244e-05,1.881672256827692e-05,1.4264500387263623e-05,2.2564175345393685e-05
7,dark_structures,homogeneous_bright,a1_s0.1,0.05585341155529022,0.026758259162306786,0.0092623271048069,20.332798856932218,0.010414748452603817,0.008109904825687408,0.009954150766134262,0.008012603037059307,0.01087534986436367,0.00820720661431551,0.0234844908118248,,96,0.012858073227107525,0.0,True,0.005494377492738467,2.529260616726128e-05,2.498936544883786e-06,2.8633346166373664e-06,4.3982833593217634e-06,5.7029860513617345e-06,1.0,0.1,0.02866290882229805,0.09962879866361618,0.019296905025839806,0.05585341155529022,0.0190872922539711,0.0,0.00574127584695816,0.0,0.019296905025839806,0.0019801000835026057,7.673557628468541e-05,1.0424631421507237e-05,1.0332467152328374e-05,1.5895090564540177e-05,1.8385388564742123e-05
7,dark_structures,homogeneous_bright,a1_s1,0.05585341155529022,0.03461921587586403,0.008490553125739098,20.71064016277667,0.008183144964277744,0.008797961287200451,0.008353631012141705,0.008900981396436691,0.008012659847736359,0.00869494117796421,0.02266562730073929,,96,0.012858073227107525,0.0,True,4.8760975851777336e-05,3.418309155674781e-06,3.903226875548857e-06,3.844418069224382e-06,1.5361031932735e-06,1.2322212273520613e-06,1.0,1.0,0.2896552085876465,0.3327997326850891,0.0077656409703195095,0.05585341155529022,0.020758282393217087,0.0,0.006095291581004858,0.0,0.0077656409703195095,1.8537227315928995e-05,1.2112825939689412e-05,1.6105031135288557e-05,1.4637036201254257e-05,6.597165206206846e-06,7.300081338874025e-06
7,dark_structures,left_right,identity,0.08593133091926575,0.08593133091926575,0.058253467082977295,12.346782215432157,0.05249176174402237,0.06401517987251282,0.05373998358845711,0.0647483691573143,0.051243528723716736,0.06328196823596954,0.0,,0,0.00678168423473835,0.00678168423473835,True,0.0,9.028655815484188e-17,9.028655815484188e-17,9.028655815484188e-17,9.028655815484188e-17,9.028655815484188e-17,0.0,0.0,0.0,0.0,0.0,0.08593133091926575,0.08593133091926575,0.0,0.0,0.0,0.0,0.0,0.0,0.0,0.0,0.0,0.0
7,dark_structures,left_right,global,0.08593133091926575,0.009219693019986153,0.018810732290148735,17.25594297305532,0.01812625303864479,0.019495205953717232,0.017827428877353668,0.018973827362060547,0.018425079062581062,0.02001659758388996,0.04656846821308136,,6,0.00678168423473835,0.0,True,8.448981893527748e-17,1.2719950220119923e-16,3.726379339063417e-16,3.967724419972038e-16,3.8264167672430793e-16,1.5894770888842514e-16,0.0,0.0,0.0021721962839365005,0.18605202436447144,-0.0,0.08593133091926575,0.009219693019986153,0.0,0.3248773217201233,0.0,-0.0,0.0,0.0,0.0,0.0,0.0,0.0
7,dark_structures,left_right,a0_s0,0.08593133091926575,0.002588365925475955,0.020266007632017136,16.932317981327188,0.027388183400034904,0.013143833726644516,0.02630097046494484,0.012655791826546192,0.02847539447247982,0.013631871901452541,0.08274928480386734,,96,0.00678168423473835,0.0,True,0.5656836960291575,0.007564987606886057,0.021327344792947383,0.02138832126467792,0.02141377052896339,0.0009346979491210122,0.0,0.0,0.0003829403140116483,0.08415910601615906,0.39043763279914856,0.08593133091926575,0.002588365925475955,0.0,0.27328217029571533,0.0,0.39043763279914856,0.2091195493731549,0.054704945080052275,0.061435379406569846,0.061551226558348146,0.061607265693942294,0.0092481287061522
7,dark_structures,left_right,a0.01_s0,0.08593133091926575,0.005197483580559492,0.019260944798588753,17.153224134342363,0.02558201737701893,0.012939867563545704,0.02453944832086563,0.012457004748284817,0.02662460319697857,0.013422729447484016,0.07974550127983093,,96,0.00678168423473835,0.0,True,0.6381655585176628,0.012436441170183903,0.007231143551571887,0.007266909719071248,0.0072760612418780665,0.00404661638375418,0.01,0.0,0.0002704205980990082,0.08415910601615906,0.34331169724464417,0.08593133091926575,0.0030035744421184063,0.0,0.21939091384410858,0.0,0.34331169724464417,0.2240844065110929,0.07555041049384842,0.0213586279301264,0.02142570059987541,0.021451435818935105,0.03214081096718418
7,dark_structures,left_right,a0.1_s0,0.08593133091926575,0.016714075580239296,0.0123478714376688,19.084079009101952,0.014412079937756062,0.010283663868904114,0.013940352946519852,0.00986133050173521,0.014883803203701973,0.01070600189268589,0.06303039193153381,,96,0.00678168423473835,0.0,True,0.4196870299694986,0.014120607341697627,0.0028056774506326006,0.0028293823883213734,0.0028300163486822583,0.0066452344822934455,0.1,0.0,4.511033330345526e-05,0.08415910601615906,0.24147701263427734,0.08593133091926575,0.008308869786560535,0.0,0.08405205607414246,0.0,0.24147701263427734,0.13119083666597323,0.0642251017968425,0.007358856341152353,0.007407269792044876,0.007408698731817305,0.03239496251996576
7,dark_structures,left_right,a1_s0,0.08593133091926575,0.04610295593738556,0.012687666341662407,18.966182508871427,0.012612428516149521,0.012762906961143017,0.012963633984327316,0.012473110109567642,0.012261224910616875,0.01305269543081522,0.02412690967321396,,96,0.00678168423473835,0.0,True,0.15319022224392279,0.004042102771545814,0.0006102907032925607,0.000614002334833997,0.0006133646218031637,0.0017255082101639656,1.0,0.0,8.491594485349196e-07,0.08415910601615906,0.10245978832244873,0.08593133091926575,0.030320756137371063,0.0,0.015782199800014496,0.0,0.10245978832244873,0.0452412371600812,0.011553674794630582,0.0014770817590158247,0.0014850156374739197,0.0014837589849053033,0.006247595325909288
7,dark_structures,left_right,a10_s0,0.08593133091926575,0.07478316873311996,0.03950464352965355,14.033518527082878,0.04379598796367645,0.035213299095630646,0.04487086459994316,0.03529626503586769,0.042721107602119446,0.035130321979522705,0.0027718355413526297,,96,0.00678168423473835,0.0,True,0.008966576764318562,0.00016036464585809248,2.9863108898026574e-05,3.0017438392471383e-05,2.997658893907466e-05,7.128874485526987e-05,10.0,0.0,1.680595232755877e-06,0.08415910601615906,0.02078228071331978,0.08593133091926575,0.06689528375864029,0.0,0.0007887882529757917,0.0,0.02078228071331978,0.0026640716218351472,0.000396349430870255,7.415779293351761e-05,7.44922902459768e-05,7.440589373148424e-05,0.0001968113027910137
7,dark_structures,left_right,a0_s0.01,0.08593133091926575,0.004062799271196127,0.018691442906856537,17.28357171478432,0.023890413343906403,0.013492471538484097,0.02300882153213024,0.013131404295563698,0.02477201074361801,0.013853540644049644,0.07704572379589081,,96,0.00678168423473835,0.0,True,0.8781747010025117,0.0004421388454686991,9.10640600718375e-05,9.771041779243441e-05,9.155275051536263e-05,7.186410579997744e-05,0.0,0.01,0.0019388273358345032,0.08415910601615906,0.11936357617378235,0.08593133091926575,0.0028691634070128202,0.0,0.28761765360832214,0.0,0.11936357617378235,0.27866668339034756,0.004329447897045578,0.0002722697671868882,0.00028984006151527077,0.0002853864189971966,0.0006848782524983549
7,dark_structures,left_right,a0_s0.1,0.08593133091926575,0.009782425127923489,0.015608747489750385,18.06631945119138,0.01725076325237751,0.013966739177703857,0.016557618975639343,0.013527633622288704,0.017943888902664185,0.01440584845840931,0.06369448453187943,,96,0.00678168423473835,0.0,True,0.4942901348517416,2.2362612600148302e-07,1.3218384245343146e-05,3.193478638087362e-06,7.4253452201061536e-06,2.7709543161051213e-08,0.0,0.1,0.021321451291441917,0.08415910601615906,0.04983466863632202,0.08593133091926575,0.0047989580780267715,0.0,0.24538296461105347,0.0,0.04983466863632202,0.14828268345107393,2.193544422102195e-06,4.420894494044037e-05,1.3957023706320088e-05,2.6284195303794514e-05,2.92432860579658e-07
7,dark_structures,left_right,a0_s1,0.08593133091926575,0.03320298716425896,0.018513545393943787,17.32510404716362,0.02102401666343212,0.016003066673874855,0.021323485299944878,0.015822989866137505,0.02072455734014511,0.01618315652012825,0.024353425949811935,,96,0.00678168423473835,0.0,True,5.853299310823907e-05,2.0052434966825918e-06,4.063615880098869e-06,4.000486503844502e-06,3.0749578088391365e-06,2.3638507559496888e-07,0.0,1.0,0.2902713418006897,0.3139689862728119,0.00863534677773714,0.08593133091926575,0.02456763945519924,0.0,0.09185737371444702,0.0,0.00863534677773714,2.5417095375263023e-05,1.1510617833207495e-05,1.607731008258936e-05,1.6898382687504024e-05,1.4172631410211175e-05,2.315357755952624e-06
7,dark_structures,left_right,a0.1_s0.1,0.08593133091926575,0.026222066953778267,0.009895832277834415,20.045476740729825,0.00879252515733242,0.010999142192304134,0.008476339280605316,0.010761022567749023,0.009108707308769226,0.011237254366278648,0.049614354968070984,,96,0.00678168423473835,0.0,True,0.4526855425332424,0.000491754239192484,8.273147977168136e-06,8.368658111482731e-06,7.791907614905032e-06,1.4152336490940306e-06,0.1,0.1,0.023496754467487335,0.08415910601615906,0.05641748756170273,0.08593133091926575,0.01156665850430727,0.0,0.0901365801692009,0.0,0.05641748756170273,0.13572102237687023,0.0021207682832504425,3.074207246605852e-05,2.7266506614265966e-05,2.458847961364131e-05,1.0183168119262012e-05
7,dark_structures,left_right,a1_s0.1,0.08593133091926575,0.053057894110679626,0.014640647917985916,18.344397032653617,0.015467141754925251,0.013814149424433708,0.016044987365603447,0.013481820933520794,0.01488929521292448,0.014146488159894943,0.019402220845222473,,96,0.00678168423473835,0.0,True,0.1338731569575977,0.0022701096940965304,2.9557651229110655e-05,2.8824674412188415e-05,4.119271673949445e-05,0.0003489027648213665,1.0,0.1,0.021694233641028404,0.08415910601615906,0.05054142326116562,0.08593133091926575,0.034770213067531586,0.0,0.013233539648354053,0.0,0.05054142326116562,0.039062492718305045,0.0064732028334022525,7.602331563720667e-05,7.35915275160202e-05,0.00010875962437492465,0.0010409744367015986
7,dark_structures,left_right,a1_s1,0.08593133091926575,0.07525451481342316,0.03063827008008957,15.137357597927268,0.03781836852431297,0.02345816232264042,0.03890039026737213,0.023527638986706734,0.0367363840341568,0.02338867262005806,0.007076819892972708,,96,0.00678168423473835,0.0,True,0.00034758654964137597,8.652180464659732e-06,9.181319462649101e-06,5.041726063927596e-06,6.3285194313665056e-06,3.883889952133027e-06,1.0,1.0,0.30663180351257324,0.3168387711048126,0.011358506977558136,0.08593133091926575,0.052480749785900116,0.0,0.011415258049964905,0.0,0.011358506977558136,0.0001041566108059069,3.0334051932186752e-05,3.280135235868605e-05,2.4878773280472232e-05,1.9186865948849847e-05,2.283175559975644e-05
7,dark_structures,quadrants,identity,0.07939355075359344,0.07939355075359344,0.05825875326991081,12.346388134569196,0.05242542177438736,0.06409208476543427,0.05373998358845711,0.0647483691573143,0.051110852509737015,0.06343577802181244,0.0,,0,0.00689019076526165,0.00689019076526165,True,0.0,9.028655815484188e-17,9.028655815484188e-17,9.028655815484188e-17,9.028655815484188e-17,9.028655815484188e-17,0.0,0.0,0.0,0.0,0.0,0.07939355075359344,0.07939355075359344,0.0,0.0,0.0,0.0,0.0,0.0,0.0,0.0,0.0,0.0
7,dark_structures,quadrants,global,0.07939355075359344,0.008307907730340958,0.021399933844804764,16.695875692153255,0.025209441781044006,0.01759042590856552,0.017521517351269722,0.02074538916349411,0.03289738669991493,0.014435453340411186,0.043911054730415344,,6,0.00689019076526165,0.0,True,7.646201714235643e-17,1.2950757279454876e-16,4.163531148306823e-16,3.927699303820744e-16,3.731097322860587e-16,1.4917680761263501e-16,0.0,0.0,0.002084252657368779,0.15329915285110474,-0.0,0.07939355075359344,0.008307907730340958,0.0,0.3166666328907013,0.0,-0.0,0.0,0.0,0.0,0.0,0.0,0.0
7,dark_structures,quadrants,a0_s0,0.07939355075359344,0.002996844006702304,0.020495692268013954,16.883374082525286,0.02686792053282261,0.014123459346592426,0.02577029913663864,0.014755995944142342,0.027965549379587173,0.013490932062268257,0.07412582635879517,,96,0.00689019076526165,0.0,True,0.43642516309190965,0.00629522554088571,0.020851299071459554,0.020870258844086526,0.020887793865022222,0.0012422390867850208,0.0,0.0,0.00038141384720802307,0.07272104918956757,0.5461188554763794,0.07939355075359344,0.002996844006702304,0.0,0.29421085119247437,0.0,0.5461188554763794,0.20992594022425445,0.04622121320221005,0.07771775040182505,0.07786616393535876,0.07777932773132525,0.011007481647234627
7,dark_structures,quadrants,a0.01_s0,0.07939355075359344,0.00572824664413929,0.019590966403484344,17.079441401487763,0.025652384385466576,0.013529537245631218,0.023362843319773674,0.014861997216939926,0.027941938489675522,0.012197080999612808,0.07078555226325989,,96,0.00689019076526165,0.0,True,0.4856094912643126,0.009022189738970203,0.006017886603262162,0.006027567959366673,0.0060448100440976165,0.0050296691538869445,0.01,0.0,0.00029982454725541174,0.07272104918956757,0.4209555983543396,0.07939355075359344,0.003435311606153846,0.0,0.22929351031780243,0.0,0.4209555983543396,0.20714385468373542,0.060077591667958646,0.02103401846059944,0.021067238320712313,0.021089630098505407,0.03675334088796515
7,dark_structures,quadrants,a0.1_s0,0.07939355075359344,0.017804719507694244,0.014159426093101501,18.489543490226794,0.018048470839858055,0.0102703757584095,0.012220374308526516,0.01310703344643116,0.02387658692896366,0.007433714810758829,0.05396202579140663,,96,0.00689019076526165,0.0,True,0.3201942551920381,0.010472562931451919,0.0019152068986332202,0.0019238943685565746,0.001930527393212363,0.008583614777967036,0.1,0.0,2.058447898889426e-05,0.07272104918956757,0.30340462923049927,0.07939355075359344,0.009166614152491093,0.0,0.08638104796409607,0.0,0.30340462923049927,0.11475163111199878,0.05180589739041829,0.005904712494074941,0.0059298360799899434,0.0059411881734961446,0.04294522063242779
7,dark_structures,quadrants,a1_s0,0.07939355075359344,0.045869890600442886,0.017767667770385742,17.50369575060503,0.018780723214149475,0.01675461418926716,0.01449829712510109,0.015152929350733757,0.023063141852617264,0.01835629716515541,0.019489891827106476,,96,0.00689019076526165,0.00048828125,True,0.11623239406644258,0.0028189581323707132,0.0004579379760383674,0.000459215530390302,0.00045955424571482174,0.001311851598697254,1.0,0.0,9.579463267073152e-07,0.07272104918956757,0.12917384505271912,0.07939355075359344,0.03157715126872063,0.0,0.01429273933172226,0.0,0.12917384505271912,0.03782607785717197,0.00878987619219984,0.0012288690489363969,0.0012324998961481095,0.0012329268144617733,0.005066100187340221
7,dark_structures,quadrants,a10_s0,0.07939355075359344,0.07070621848106384,0.04302418977022171,13.662872995392759,0.04075492173433304,0.045293450355529785,0.045517727732658386,0.03654627129435539,0.03599213808774948,0.05404062941670418,0.0019962387159466743,,96,0.00689019076526165,0.0,True,0.006800509632476266,0.00011573716142783396,2.266579314357203e-05,2.276471299675136e-05,2.275188275353122e-05,3.36529602140563e-05,10.0,0.0,1.551314767311851e-06,0.07272104918956757,0.025570735335350037,0.07939355075359344,0.06431716680526733,0.0,0.0006389054469764233,0.0,0.025570735335350037,0.002162615660707061,0.00031241717178237863,6.0278488137507135e-05,6.0536487412623254e-05,6.0494785186587516e-05,0.00011009152652886468
7,dark_structures,quadrants,a0_s0.01,0.07939355075359344,0.00478607602417469,0.019392313435673714,17.12370378006617,0.025157593190670013,0.013627033680677414,0.0209539532661438,0.015303785912692547,0.02936122752726078,0.011950280517339706,0.0688229501247406,,96,0.00689019076526165,0.0,True,0.6353682430568658,0.00045093140759245107,2.5214245740528753e-06,1.8663510860571826e-06,1.7935654336770685e-06,2.7008746004844195e-05,0.0,0.01,0.0019892656709998846,0.07272104918956757,0.1433611661195755,0.07939355075359344,0.0033524646423757076,0.0,0.2948530316352844,0.0,0.1433611661195755,0.23362396555338943,0.004206225116215322,1.3076573681962925e-05,9.300514872425362e-06,9.45411794860043e-06,0.00023447305874796368
7,dark_structures,quadrants,a0_s0.1,0.07939355075359344,0.010288825258612633,0.020869113504886627,16.804959988556302,0.025701532140374184,0.016036687418818474,0.01630767434835434,0.018807224929332733,0.035095393657684326,0.013266144320368767,0.043163105845451355,,96,0.00689019076526165,0.0,True,0.011107751279153122,4.346935890769436e-08,6.633874760806284e-06,6.811636809124784e-06,6.730091237283051e-06,1.0654354789439378e-08,0.0,0.1,0.022468863055109978,0.07272104918956757,0.017120100557804108,0.07939355075359344,0.008576815016567707,0.0,0.2617476284503937,0.0,0.017120100557804108,0.0035595215593085825,4.3953118855634076e-07,2.409463960705516e-05,2.8134137286067025e-05,2.3106988884188245e-05,1.9199692274928747e-07
7,dark_structures,quadrants,a0_s1,0.07939355075359344,0.030644716694951057,0.021812306717038155,16.61298404044971,0.022373627871274948,0.021250979974865913,0.019840016961097717,0.019785188138484955,0.02490723878145218,0.02271677926182747,0.021304653957486153,,96,0.00689019076526165,0.0,True,6.599799336530886e-05,1.3558274520250974e-06,4.252147443046269e-06,8.685907365639612e-06,1.7004399092637403e-06,7.459038510680799e-07,0.0,1.0,0.28928545117378235,0.3192475140094757,0.007673464249819517,0.07939355075359344,0.022971251979470253,0.0,0.0899387001991272,0.0,0.007673464249819517,2.3897387835394166e-05,8.332604491619708e-06,1.7462738853291418e-05,3.114229352740469e-05,5.009109075957677e-06,7.2906158271463555e-06
7,dark_structures,quadrants,a0.1_s0.1,0.07939355075359344,0.029151616618037224,0.015985069796442986,17.96285463105533,0.019476372748613358,0.012493766844272614,0.00974708516150713,0.015670934692025185,0.029205650091171265,0.009316612035036087,0.03584248945116997,,96,0.00689019076526165,0.0,True,0.16490143766045764,8.37536864518884e-06,3.137108239192395e-06,4.143560365387423e-06,5.434725413668931e-06,1.1029403984049178e-06,0.1,0.1,0.02281077392399311,0.07272104918956757,0.06215965375304222,0.07939355075359344,0.01339725125581026,0.0,0.09538400173187256,0.0,0.06215965375304222,0.05627896997246105,4.618271380935077e-05,1.1258964126913203e-05,1.640765768932905e-05,1.813707756300464e-05,7.278027872911651e-06
7,dark_structures,quadrants,a1_s0.1,0.07939355075359344,0.054250337183475494,0.022425154224038124,16.49264561509359,0.023500490933656693,0.021349821239709854,0.020332256332039833,0.0178273543715477,0.026668725535273552,0.02487228997051716,0.013475868850946426,,96,0.00689019076526165,0.00016276042151730508,True,0.08093439201087514,0.0006665850840770722,2.1095467870171125e-06,1.8253439736848747e-05,1.989146105544711e-05,2.3386346711631064e-05,1.0,0.1,0.020290086045861244,0.07272104918956757,0.05844230204820633,0.07939355075359344,0.037325263023376465,0.0,0.011080843396484852,0.0,0.05844230204820633,0.02645513217119594,0.0020466025261274903,6.845362699165079e-06,5.367480448507332e-05,5.595749184999851e-05,8.798159621228092e-05
7,dark_structures,quadrants,a1_s1,0.07939355075359344,0.06941689550876617,0.035079363733530045,14.549482924303671,0.03241704776883125,0.03774168714880943,0.03706608712673187,0.029850300401449203,0.027767999097704887,0.04563305899500847,0.004844218492507935,,96,0.00689019076526165,0.0,True,0.00013291095171993723,6.934244170146649e-06,1.756662425753905e-06,2.1987406556896593e-06,2.8794575298628552e-06,1.744967521362867e-06,1.0,1.0,0.27470290660858154,0.32952430844306946,0.00810130313038826,0.07939355075359344,0.05056994780898094,0.0,0.010745641775429249,0.0,0.00810130313038826,4.805734793207768e-05,2.5297555550241554e-05,7.958154742184128e-06,8.617185183440182e-06,9.509422458677819e-06,8.02190817411267e-06
7,dark_structures,smooth_gradient,identity,0.047759220004081726,0.047759220004081726,0.021210631355643272,16.73446404081688,0.020701680332422256,0.021719589829444885,0.021012578159570694,0.021943161264061928,0.02039078250527382,0.021496014669537544,0.0,,0,0.00027126737404614687,0.00027126737404614687,True,0.0,9.028655815484188e-17,9.028655815484188e-17,9.028655815484188e-17,9.028655815484188e-17,9.028655815484188e-17,0.0,0.0,0.0,0.0,0.0,0.047759220004081726,0.047759220004081726,0.0,0.0,0.0,0.0,0.0,0.0,0.0,0.0,0.0,0.0
7,dark_structures,smooth_gradient,global,0.047759220004081726,0.005001454148441553,0.018341174349188805,17.365728607573498,0.01924072951078415,0.017441608011722565,0.01857178285717964,0.016959093511104584,0.019909679889678955,0.017924124374985695,0.02692960388958454,,6,0.00027126737404614687,0.0,True,5.934818691277353e-17,1.2721267842879244e-16,1.688159251281229e-16,3.946853565245822e-16,3.746761789512764e-16,1.3124483732965074e-16,0.0,0.0,0.0013218806125223637,0.07883597910404205,-0.0,0.047759220004081726,0.005001454148441553,0.0,0.3115033209323883,0.0,-0.0,0.0,0.0,0.0,0.0,0.0,0.0
7,dark_structures,smooth_gradient,a0_s0,0.047759220004081726,0.0018722891109064221,0.01986892707645893,17.01825584191354,0.027130775153636932,0.01260707899928093,0.026015251874923706,0.012043305672705173,0.02824629284441471,0.01317085325717926,0.0435289666056633,,96,0.00027126737404614687,0.0,True,0.16985976636802413,0.014224049880151404,0.016584362952275257,0.0165893388341805,0.01663383169774538,0.0008997817478197213,0.0,0.0,0.00027198909083381295,0.05287330225110054,0.3594095706939697,0.047759220004081726,0.0018722891109064221,0.0,0.23520074784755707,0.0,0.3594095706939697,0.06858492451324477,0.0955956444123238,0.046353008511466696,0.04635798701802491,0.046500914674799526,0.00873330240653068
7,dark_structures,smooth_gradient,a0.01_s0,0.047759220004081726,0.003903613891452551,0.018108393996953964,17.421200648261397,0.024781612679362297,0.011435170657932758,0.023617710918188095,0.010886740870773792,0.02594551257789135,0.011983606964349747,0.04132407531142235,,96,0.00027126737404614687,0.0,True,0.2010047859867139,0.0227053281843226,0.0028963210145655175,0.002899726679277842,0.002908275658888057,0.010886005089706665,0.01,0.0,0.00018184600048698485,0.05287330225110054,0.2707088887691498,0.047759220004081726,0.002314703306183219,0.0,0.15889106690883636,0.0,0.2707088887691498,0.06298771385682882,0.12624335411213497,0.00701865349821746,0.007022665298436918,0.007052719068803559,0.073300677406718
7,dark_structures,smooth_gradient,a0.1_s0,0.047759220004081726,0.01114141009747982,0.010382028296589851,19.83717791770396,0.014736127108335495,0.0060279276221990585,0.014104321599006653,0.005577995441854,0.015367938205599785,0.006477850954979658,0.0323076993227005,,96,0.00027126737404614687,0.0,True,0.17921671668622352,0.010957887742637376,0.0010891774918987793,0.0010919891703080203,0.0010914783208723358,0.007511752096129886,0.1,0.0,6.354474066938565e-07,0.05287330225110054,0.1850104033946991,0.047759220004081726,0.006487083621323109,0.0,0.04654325917363167,0.0,0.1850104033946991,0.05073844242947462,0.044794142917220066,0.0024956330955998246,0.00250039000265149,0.002498808690391826,0.034720978010371564
7,dark_structures,smooth_gradient,a1_s0,0.047759220004081726,0.026688143610954285,0.004313123878091574,23.652080682164417,0.003530307440087199,0.005095940548926592,0.0035245423205196857,0.004877165425568819,0.003536073723807931,0.0053147124126553535,0.013245809823274612,,96,0.00027126737404614687,0.0,True,0.09015371085800822,0.0024065667047095665,0.0003580993177049844,0.0003585677626129702,0.0003578364182922219,0.0008182107786435005,1.0,0.0,7.323212116716604e-07,0.05287330225110054,0.08479216694831848,0.047759220004081726,0.017913267016410828,0.0,0.008774877525866032,0.0,0.08479216694831848,0.025531161163304842,0.0067871990730916185,0.0008278344294625947,0.0008286920197783126,0.0008270832788181891,0.002890312380410201
7,dark_structures,smooth_gradient,a10_s0,0.047759220004081726,0.042698122560977936,0.013975356705486774,18.54637098414882,0.015267577022314072,0.012683137319982052,0.015515291132032871,0.012686350382864475,0.015019860118627548,0.012679923325777054,0.0009944392368197441,,96,0.00027126737404614687,0.0,True,0.0051106032882749465,0.00010556072960261129,1.720496868843808e-05,1.7223929262855014e-05,1.7180267318493823e-05,4.076538985208746e-05,10.0,0.0,1.286902943320456e-06,0.05287330225110054,0.017682520672678947,0.047759220004081726,0.038705673068761826,0.0,0.0003992450365331024,0.0,0.017682520672678947,0.0014802309890086407,0.00025824837075454586,4.149386485562819e-05,4.153156753300963e-05,4.143060988841865e-05,0.00011739285419893559
7,dark_structures,smooth_gradient,a0_s0.01,0.047759220004081726,0.0028065009973943233,0.019490955397486687,17.101668723401996,0.026346933096647263,0.012634987011551857,0.02532951533794403,0.0122835086658597,0.027364341542124748,0.01298645418137312,0.04190449044108391,,96,0.00027126737404614687,0.0,True,0.3652898716906381,0.0005004500877959933,5.719172050295591e-06,8.803232506265131e-06,4.062580048834008e-06,1.7656037456769696e-05,0.0,0.01,0.00209297938272357,0.05287330225110054,0.08064848184585571,0.047759220004081726,0.0020000161603093147,0.0,0.2558034360408783,0.0,0.08064848184585571,0.10687602427739273,0.004722913017137114,2.0027844719227448e-05,3.053574046848139e-05,1.6845671855798113e-05,0.0001481621908191315
7,dark_structures,smooth_gradient,a0_s0.1,0.047759220004081726,0.006914210505783558,0.015729760751128197,18.03277882923758,0.018841439858078957,0.012618078850209713,0.018072577193379402,0.012214972637593746,0.019610311836004257,0.013021185994148254,0.030419787392020226,,96,0.00027126737404614687,0.0,True,0.11052333424141471,8.638582130948304e-07,6.26305270449348e-06,5.722869143920219e-06,3.932217791618947e-06,4.017329217875725e-08,0.0,0.1,0.023179443553090096,0.05287330225110054,0.02740219235420227,0.047759220004081726,0.004173991270363331,0.0,0.2083299160003662,0.0,0.02740219235420227,0.03261126436507453,6.4973686929453914e-06,1.7927886642929483e-05,1.799604645950598e-05,1.5950415503054267e-05,5.41934638817451e-07
7,dark_structures,smooth_gradient,a0_s1,0.047759220004081726,0.02695710025727749,0.012997852638363838,18.86128391104,0.010936975479125977,0.015058732591569424,0.01084731612354517,0.014837360940873623,0.011026626452803612,0.015280097723007202,0.008304540067911148,,96,0.00027126737404614687,0.0,True,9.477899747876145e-05,1.993330193061921e-06,2.23943609598716e-06,1.8274278182411863e-06,8.06625533876014e-06,6.412744835073123e-07,0.0,1.0,0.2878354787826538,0.31787195801734924,0.008297903463244438,0.047759220004081726,0.01865919679403305,0.0,0.051539842039346695,0.0,0.008297903463244438,3.710949582525959e-05,1.2255720680639391e-05,7.711117860842008e-06,7.187678522820409e-06,2.613050595456951e-05,5.568143632159141e-06
7,dark_structures,smooth_gradient,a0.1_s0.1,0.047759220004081726,0.018865244463086128,0.00763932429254055,21.169450535969418,0.009122364223003387,0.006156284827739,0.008593147620558739,0.006049611140042543,0.009651586413383484,0.0062629543244838715,0.023187216371297836,,96,0.00027126737404614687,0.0,True,0.1891951370792867,1.4252851356602714e-05,1.8532371128295015e-05,3.8602448402586525e-06,9.767513018043718e-06,1.3191422952054769e-06,0.1,0.1,0.022396594285964966,0.05287330225110054,0.04234078899025917,0.047759220004081726,0.009525283239781857,0.0,0.0510588176548481,0.0,0.04234078899025917,0.05334452448714899,5.439222468145087e-05,5.273763718538215e-05,1.607671994993504e-05,2.888252183624231e-05,8.656211603171656e-06
7,dark_structures,smooth_gradient,a1_s0.1,0.047759220004081726,0.03241448849439621,0.004824989940971136,23.16503587726465,0.00395593699067831,0.005694044288247824,0.0038158027455210686,0.005711562931537628,0.004096070304512978,0.0056765214540064335,0.009569783695042133,,96,0.00027126737404614687,0.0,True,0.07759565720345168,0.0007702570081238746,1.0581640782544516e-05,3.016234367178447e-05,2.8460587765231256e-05,1.801459252197109e-05,1.0,0.1,0.02144521288573742,0.05287330225110054,0.04021720588207245,0.047759220004081726,0.021577248349785805,0.0,0.0068155196495354176,0.0,0.04021720588207245,0.021692587824848772,0.0020887297553677563,2.99756262845684e-05,7.521807313898118e-05,6.921265479897002e-05,5.2719945398137747e-05
7,dark_structures,smooth_gradient,a1_s1,0.047759220004081726,0.04973612725734711,0.014558856375515461,18.36872738299743,0.013404781930148602,0.015712935477495193,0.01358409970998764,0.015931375324726105,0.01322547160089016,0.015494482591748238,0.0014418780338019133,,96,0.00027126737404614687,0.0,True,0.0008280103519327577,1.128595197771559e-05,1.046692296224967e-05,5.337252194436358e-06,1.981636946640709e-06,2.1057492108646144e-06,1.0,1.0,0.2860684096813202,0.33121925592422485,0.01078478991985321,0.047759220004081726,0.03384372964501381,0.0,0.005107606761157513,0.0,0.01078478991985321,0.00024337147017927516,4.150796974504781e-05,3.0241011524978987e-05,1.8611542106396145e-05,8.822256603209607e-06,1.0223619548624362e-05
7,dark_structures,stripes_4,identity,0.06631111353635788,0.06631111353635788,0.05828477814793587,12.344448522654428,0.052441880106925964,0.06412766873836517,0.05368940159678459,0.06486600637435913,0.05119435489177704,0.06338933110237122,0.0,,0,0.0042860242538154125,0.0042860242538154125,True,0.0,9.028655815484188e-17,9.028655815484188e-17,9.028655815484188e-17,9.028655815484188e-17,9.028655815484188e-17,0.0,0.0,0.0,0.0,0.0,0.06631111353635788,0.06631111353635788,0.0,0.0,0.0,0.0,0.0,0.0,0.0,0.0,0.0,0.0
7,dark_structures,stripes_4,global,0.06631111353635788,0.006839205045253038,0.024280771613121033,16.147375160318738,0.027891751378774643,0.020669782534241676,0.027166109532117844,0.02037370577454567,0.028617415577173233,0.020965861156582832,0.04006410390138626,,6,0.0042860242538154125,0.0,True,5.503791872894692e-17,1.3009663746881862e-16,4.930228678959046e-16,3.826284042244336e-16,3.353764835257123e-16,1.6132467167418495e-16,0.0,0.0,0.0018097813008353114,0.11323405057191849,-0.0,0.06631111353635788,0.006839205045253038,0.0,0.3089748024940491,0.0,-0.0,0.0,0.0,0.0,0.0,0.0,0.0
7,dark_structures,stripes_4,a0_s0,0.06631111353635788,0.005465101916342974,0.027341045439243317,15.631848833375424,0.033921971917152405,0.020760105922818184,0.03302702307701111,0.02031899057328701,0.03481695428490639,0.021201232448220253,0.04842305928468704,,96,0.0042860242538154125,0.0,True,0.10064871363339216,0.0007739942750302933,0.01495975064253527,0.014980198563887659,0.015035226945870133,4.0757619136327076e-05,0.0,0.0,0.0004232024075463414,0.04071171581745148,0.29453879594802856,0.06631111353635788,0.005465101916342974,0.0,0.338602215051651,0.0,0.29453879594802856,0.03718527600763396,0.007424554827456077,0.06059599745733059,0.060682984769915675,0.060919025225292654,0.0004438046735816825
7,dark_structures,stripes_4,a0.01_s0,0.06631111353635788,0.008647836744785309,0.027149925008416176,15.662313656506782,0.03340233117341995,0.0208975151181221,0.032534971833229065,0.020488226786255836,0.03426968678832054,0.021306809037923813,0.046610549092292786,,96,0.0042860242538154125,0.0,True,0.1159122344255657,0.0006407621229653903,0.002402216450047413,0.0024144251486080243,0.002423337160888529,0.00012922081388622996,0.01,0.0,0.0003392136422917247,0.04071171581745148,0.1626777946949005,0.06631111353635788,0.005887884646654129,0.0,0.2759951651096344,0.0,0.1626777946949005,0.042909212531446625,0.006236474477927287,0.007529416631301749,0.00757027673139526,0.007607388487946436,0.0013792286560997955
7,dark_structures,stripes_4,a0.1_s0,0.06631111353635788,0.02381141483783722,0.029207386076450348,15.345073085988673,0.033297277987003326,0.02511749230325222,0.03297149017453194,0.02507930062711239,0.033623069524765015,0.02515568397939205,0.02977544069290161,,96,0.0042860242538154125,0.0,True,0.1037080788608901,0.0014085692177112222,0.0006633435481066258,0.0006691605294632339,0.000672123010643626,0.0024971576822052774,0.1,0.0,6.132101407274604e-05,0.04071171581745148,0.17981600761413574,0.06631111353635788,0.013942890800535679,0.0,0.09868524223566055,0.0,0.17981600761413574,0.04053671784590371,0.00894691848120188,0.0021102454217428166,0.002127781921584093,0.002140349209425315,0.019900389268121762
7,dark_structures,stripes_4,a1_s0,0.06631111353635788,0.04855640232563019,0.03962031006813049,14.020821300001177,0.03766057267785072,0.04158003628253937,0.03839894011616707,0.042161837220191956,0.03692221641540527,0.04099825769662857,0.007379090413451195,,96,0.0042860242538154125,0.0,True,0.04181934556842165,0.0005581821336252537,0.00017217058230151923,0.00017362544688032553,0.00017323731497742185,0.00039741641271733057,1.0,0.0,5.940077016930445e-07,0.04071171581745148,0.08064362406730652,0.06631111353635788,0.03868754580616951,0.0,0.009868857450783253,0.0,0.08064362406730652,0.015375634525039183,0.00171396343291592,0.0005183003929823117,0.0005223078926065421,0.0005220501138244554,0.001997207430696644
7,dark_structures,stripes_4,a10_s0,0.06631111353635788,0.06296531856060028,0.05283857882022858,12.770488719589654,0.04842810332775116,0.057249054312705994,0.04958522319793701,0.057934343814849854,0.04727093130350113,0.05656380206346512,0.00041821837658062577,,96,0.0042860242538154125,0.0,True,0.0019306839851682292,2.9901949166262623e-05,6.565309866285898e-06,6.626193817504303e-06,6.5939770957900085e-06,1.195730199868243e-05,10.0,0.0,1.3490208630173584e-06,0.04376739263534546,0.01500304788351059,0.06631111353635788,0.060084350407123566,0.0,0.0002880966058000922,0.0,0.01500304788351059,0.0006471274163248077,7.987845766115405e-05,1.8328354686785393e-05,1.8489584696962205e-05,1.8422745684651197e-05,4.233790792473099e-05
7,dark_structures,stripes_4,a0_s0.01,0.06631111353635788,0.006174389272928238,0.026371441781520844,15.788661257757113,0.03325878083705902,0.01948409341275692,0.0323367714881897,0.019226863980293274,0.03418080508708954,0.019741330295801163,0.04609554260969162,,96,0.0042860242538154125,0.0,True,0.12678709530838075,2.2299805211189027e-05,6.830546929151448e-06,6.5909093708383904e-06,1.0742264050145459e-05,2.9153096455561525e-06,0.0,0.01,0.002245727926492691,0.04071171581745148,0.05668538808822632,0.06631111353635788,0.005607535596936941,0.0,0.3022714853286743,0.0,0.05668538808822632,0.042341173946026066,0.00021788757327788352,2.567298924640787e-05,2.202095924112074e-05,4.226572259923015e-05,2.756297495452867e-05
7,dark_structures,stripes_4,a0_s0.1,0.06631111353635788,0.008254419080913067,0.024182766675949097,16.164940143370192,0.0276729017496109,0.020692631602287292,0.027015918865799904,0.02045629173517227,0.028329892084002495,0.02092897891998291,0.03801902011036873,,96,0.0042860242538154125,0.0,True,0.00023028496393304976,4.906533308691602e-08,4.885344649117167e-06,3.6395715500869308e-06,5.238654089133375e-06,9.014041395162716e-09,0.0,0.1,0.02336137741804123,0.04071171581745148,0.006540253292769194,0.06631111353635788,0.007600393611937761,0.0,0.26991716027259827,0.0,0.006540253292769194,7.379841917075358e-05,4.532495098685868e-07,1.6693228713832288e-05,1.8111122757194275e-05,1.7291937173606898e-05,1.0140712657090754e-07
7,dark_structures,stripes_4,a0_s1,0.06631111353635788,0.02886955812573433,0.026607122272253036,15.750020945904506,0.02665826678276062,0.026555979624390602,0.02666402980685234,0.026726990938186646,0.026652490720152855,0.026384983211755753,0.017148485407233238,,96,0.0042860242538154125,0.0,True,5.3887799476553076e-05,1.28288782319417e-06,3.039519264031849e-06,1.6183093400332916e-06,5.2684820632330055e-06,3.3451803675867166e-07,0.0,1.0,0.3001762628555298,0.3200485408306122,0.008366351947188377,0.06631111353635788,0.020503206178545952,0.0,0.08017956465482712,0.0,0.008366351947188377,2.1017827735829225e-05,9.319750230992605e-06,1.206817191608981e-05,7.397238826038491e-06,2.2720821542020315e-05,3.494577215920621e-06
7,dark_structures,stripes_4,a0.1_s0.1,0.06631111353635788,0.028287742286920547,0.025373632088303566,15.956173615916276,0.027072709053754807,0.023674553260207176,0.026972023770213127,0.023634515702724457,0.027173401787877083,0.023714598268270493,0.02303609997034073,,96,0.0042860242538154125,0.0,True,0.007794236663626193,1.1510578681353026e-06,1.5459781446666222e-06,9.364718209305822e-06,6.494926465030178e-06,2.5434665806762526e-07,0.1,0.1,0.025817543268203735,0.04071171581745148,0.015248767100274563,0.06631111353635788,0.0156268123537302,0.0,0.11136054247617722,0.0,0.015248767100274563,0.002380149392286489,7.883205542777432e-06,7.786194387222422e-06,3.4946658819066576e-05,2.0489061986823297e-05,2.3682905592181817e-06
7,dark_structures,stripes_4,a1_s0.1,0.06631111353635788,0.052641406655311584,0.03935525193810463,14.049973030624841,0.03766092285513878,0.04104959964752197,0.038119275122880936,0.04154933989048004,0.03720258176326752,0.040549829602241516,0.0047439709305763245,,96,0.0042860242538154125,0.0,True,0.022474562299404394,2.5681314759146295e-05,7.133375765253869e-06,5.107886439641918e-06,4.953928588457892e-06,4.080094110973839e-06,1.0,0.1,0.027662422508001328,0.04071171581745148,0.024298716336488724,0.06631111353635788,0.04167146980762482,0.0,0.008540065959095955,0.0,0.024298716336488724,0.007176625505462453,7.94465325104493e-05,1.9487833823235902e-05,1.4252008191137195e-05,1.5588640720717568e-05,2.1465299789010455e-05
7,dark_structures,stripes_4,a1_s1,0.06631111353635788,0.06419384479522705,0.040701452642679214,13.903900904445194,0.0372665636241436,0.04413636028766632,0.038128819316625595,0.04492555558681488,0.036404285579919815,0.043347157537937164,0.002819423796609044,,96,0.0042860242538154125,0.0,True,0.00010021751650972175,5.192620770116545e-06,4.15451280997177e-06,2.231681114390408e-06,6.9436862360247365e-06,1.8086790290878576e-06,1.0,1.0,0.3060035705566406,0.337607204914093,0.010516326874494553,0.06631111353635788,0.045015133917331696,0.0,0.00866238959133625,0.0,0.010516326874494553,4.005913681285838e-05,2.2900493420432067e-05,1.7062764189830224e-05,1.0624789995724215e-05,2.4454755083779292e-05,8.816430386596208e-06
7,dark_structures,stripes_12,identity,0.03010856732726097,0.03010856732726097,0.05833546817302704,12.340673123396495,0.052491750568151474,0.0641791895031929,0.05373997986316681,0.06492258608341217,0.051243528723716736,0.06343577802181244,0.0,,0,0.0,0.0,True,0.0,9.028655815484188e-17,9.028655815484188e-17,9.028655815484188e-17,9.028655815484188e-17,9.028655815484188e-17,0.0,0.0,0.0,0.0,0.0,0.03010856732726097,0.03010856732726097,0.0,0.0,0.0,0.0,0.0,0.0,0.0,0.0,0.0,0.0
7,dark_structures,stripes_12,global,0.03010856732726097,0.002563457004725933,0.031143274158239365,15.066357310708089,0.034668516367673874,0.02761802077293396,0.03398065268993378,0.027326064184308052,0.03535638004541397,0.02790999412536621,0.03435789421200752,,6,0.0,0.0,True,1.694164125306653e-17,1.537033512725966e-16,4.662655699540854e-16,4.4145964315337424e-16,3.3987168783265755e-16,1.4622640392234258e-16,0.0,0.0,0.0007728696218691766,0.11200378835201263,-0.0,0.03010856732726097,0.002563457004725933,0.0,0.28779757022857666,0.0,-0.0,0.0,0.0,0.0,0.0,0.0,0.0
7,dark_structures,stripes_12,a0_s0,0.03010856732726097,0.001918472582474351,0.03674863278865814,14.347588139508531,0.04262889176607132,0.03086836077272892,0.0418296679854393,0.03123033419251442,0.04342813417315483,0.03050641156733036,0.03564478084445,,96,0.0,0.0,True,0.039802667735370216,0.008482433681792486,0.002183609540753203,0.002156313077497531,0.0021637807711993623,3.5131888649085856e-05,0.0,0.0,0.0002192036045016721,0.030449355021119118,0.20513322949409485,0.03010856732726097,0.001918472582474351,0.0,0.24765171110630035,0.0,0.20513322949409485,0.01862261541024985,0.05467562673065769,0.008106411608930508,0.008013766742882506,0.008027410216472639,0.00040477657675741654
7,dark_structures,stripes_12,a0.01_s0,0.03010856732726097,0.003971803467720747,0.04673108458518982,13.303941392860445,0.04667603224515915,0.04678613319993019,0.04781172424554825,0.048179991543293,0.04554031044244766,0.045392315834760666,0.028006553649902344,,96,0.0,0.0,True,0.02945831350584309,0.019104019037627568,0.00016815057535769155,0.00016070233467006676,0.0001630407365719223,0.012906556508485366,0.01,0.0,0.00015274460020009428,0.030449355021119118,0.23453253507614136,0.03010856732726097,0.0024105925112962723,0.0,0.15612109005451202,0.0,0.23453253507614136,0.015625816059695145,0.10783834617013018,0.0008199352909329454,0.0007933369392185275,0.0007995662171834658,0.08018987896260375
7,dark_structures,stripes_12,a0.1_s0,0.03010856732726097,0.010863403789699078,0.057874903082847595,12.37509723241718,0.05725550651550293,0.05849432945251465,0.05899737775325775,0.05941690504550934,0.05551361292600632,0.05757175013422966,0.015382920391857624,,96,0.0,0.0,True,0.01493495809491998,0.008271874822100308,0.00011165791418975747,0.00011080672573634326,0.000110509175793331,0.008132228659338938,0.1,0.0,3.6647867318606586e-07,0.030449355021119118,0.1505044400691986,0.03010856732726097,0.006857697851955891,0.0,0.04005705937743187,0.0,0.1505044400691986,0.0068768381326102515,0.0358992609830621,0.0004246336416799864,0.00041954231027347685,0.00041796728559394546,0.0364963106396789
7,dark_structures,stripes_12,a1_s0,0.03010856732726097,0.02081936225295067,0.06421628594398499,11.923548161889652,0.05932234227657318,0.06911024451255798,0.06055733188986778,0.06989604234695435,0.05808733403682709,0.06832442432641983,0.005219893530011177,,96,0.0,0.0009765625,True,0.006314931639704306,0.000842706913401587,2.691333717302613e-05,2.6120691138569265e-05,2.750325864824094e-05,0.0008342879329413063,1.0,0.0,3.705716267177195e-07,0.030449355021119118,0.05257542431354523,0.03010856732726097,0.016492940485477448,0.0,0.0043264226987957954,0.0,0.05257542431354523,0.0023973285628142087,0.0028283404606015794,8.334145441749265e-05,8.09108292166098e-05,8.464251032162654e-05,0.002772168348275395
7,dark_structures,stripes_12,a10_s0,0.03010856732726097,0.028178956359624863,0.059556469321250916,12.250710563823873,0.05350163206458092,0.06561131030321121,0.0547882616519928,0.06638550013303757,0.05221501365303993,0.06483713537454605,0.0002902192936744541,,96,0.0,0.0,True,0.00014522325948382192,1.7724416805400122e-05,5.098171019491417e-07,5.053804647839974e-07,5.049306720471819e-07,2.5536795426983914e-05,10.0,0.0,1.2959956166014308e-06,0.04852232709527016,0.007401441223919392,0.03010856732726097,0.026502316817641258,0.0,0.0001676639512879774,0.0,0.007401441223919392,5.308892767547903e-05,5.361405686333889e-05,1.544373364574536e-06,1.5286527317410581e-06,1.5274723218735051e-06,7.755760055279471e-05
7,dark_structures,stripes_12,a0_s0.01,0.03010856732726097,0.0024295253679156303,0.03325172886252403,14.781857694305106,0.03871333971619606,0.0277901291847229,0.037877991795539856,0.027595417574048042,0.03954865038394928,0.0279848575592041,0.036022283136844635,,96,0.0,0.0,True,0.03617074726188127,5.379984765499077e-06,5.399374830262851e-06,5.38142180098622e-06,3.5069911329246606e-06,1.6240013067042126e-09,0.0,0.01,0.0023133819922804832,0.030449355021119118,0.034844253212213516,0.03010856732726097,0.0020810829009860754,0.0,0.2708719074726105,0.0,0.034844253212213516,0.01305535317004837,4.8791204492137966e-05,2.3092090080953224e-05,2.2112635223095778e-05,1.7302555237269425e-05,1.9478846632886163e-08
7,dark_structures,stripes_12,a0_s0.1,0.03010856732726097,0.0044094109907746315,0.03259579837322235,14.868383772610487,0.03501094877719879,0.03018065355718136,0.03436412289738655,0.02996755950152874,0.03565776348114014,0.03039374202489853,0.02863156795501709,,96,0.0,0.0,True,0.00011793717800819567,2.720212638210717e-07,2.2331423703043453e-06,9.09353943801841e-06,2.362715810816629e-06,4.393792341437794e-08,0.0,0.1,0.023386618122458458,0.038744714111089706,0.0071241725236177444,0.03010856732726097,0.003696993924677372,0.0,0.19661831855773926,0.0,0.0071241725236177444,3.965204713964375e-05,2.822287591061605e-06,9.243843439385735e-06,3.177301971762817e-05,8.227040886417052e-06,6.076959779693708e-07
7,dark_structures,stripes_12,a0_s1,0.03010856732726097,0.020759571343660355,0.04974741488695145,13.032294823454318,0.04621332511305809,0.0532815121114254,0.04692256078124046,0.0537291057407856,0.045504093170166016,0.05283393710851669,0.010478248819708824,,96,0.0,0.0,True,2.143040469056357e-05,1.3113971818315614e-06,5.160176292368227e-06,2.989780544203602e-06,2.5434513128451782e-06,2.692408033470095e-06,0.0,1.0,0.3018224239349365,0.3437119722366333,0.008569355122745037,0.03010856732726097,0.012190216220915318,0.0,0.027193361893296242,0.0,0.008569355122745037,1.0270377315083417e-05,1.0380685551126217e-05,1.8025756582791227e-05,1.1552731333765366e-05,8.089538111435792e-06,1.4785052429855384e-05
7,dark_structures,stripes_12,a0.1_s0.1,0.03010856732726097,0.015032852999866009,0.0434805303812027,13.61705166972478,0.0417838878929615,0.045177161693573,0.04228149354457855,0.045213110744953156,0.04128628969192505,0.04514123499393463,0.012525851838290691,,96,0.0,0.0,True,0.00046457157671003796,1.4283473609898748e-05,3.829481678363908e-06,3.209644348420742e-06,3.7774022159551602e-06,1.5826687679568863e-06,0.1,0.1,0.027797479182481766,0.038220781832933426,0.010732106864452362,0.03010856732726097,0.0095670185983181,0.0,0.04392623528838158,0.0,0.010732106864452362,0.0001626272244776713,6.243089450846617e-05,1.3516428390710503e-05,1.1077909466463994e-05,1.2900000897285356e-05,1.1396251697423673e-05
7,dark_structures,stripes_12,a1_s0.1,0.03010856732726097,0.023672470822930336,0.06161005049943924,12.103484352316055,0.056333236396312714,0.06688685715198517,0.05708189308643341,0.06743285059928894,0.05558456853032112,0.06634088605642319,0.004122470039874315,,96,0.0,0.0,True,0.001268997110183966,2.6306179107693254e-05,6.925435025171325e-06,2.7537762539004015e-06,2.0557279513136215e-06,8.598467226801292e-06,1.0,0.1,0.02831413596868515,0.037810806185007095,0.013936351984739304,0.03010856732726097,0.01911051757633686,0.0,0.003168319119140506,0.0,0.013936351984739304,0.0004423729316368133,8.974992975815249e-05,2.216504827970639e-05,8.172189219386794e-06,8.154201022062535e-06,2.859940047569061e-05
7,dark_structures,stripes_12,a1_s1,0.03010856732726097,0.03127693384885788,0.061319462954998016,12.124016574168511,0.05528721958398819,0.06735169887542725,0.056525349617004395,0.06813465058803558,0.05404910445213318,0.06656873226165771,0.003915540874004364,,96,0.0,0.0,True,4.831325430769908e-05,2.901422872336838e-06,7.046304276655623e-06,3.5198222412592372e-06,5.360926558526187e-06,1.2872780073932699e-06,1.0,1.0,0.31069299578666687,0.33534300327301025,0.00816418882459402,0.03010856732726097,0.020022742450237274,0.0,0.0030900018755346537,0.0,0.00816418882459402,2.0692692829659137e-05,1.0575474954212754e-05,2.4742200751837023e-05,1.3000428097340953e-05,1.6956767652591716e-05,5.088258325048948e-06
7,high_key,clean,identity,0.06250376254320145,0.06250376254320145,0.0,,0.0,0.0,0.0,0.0,0.0,0.0,0.0,0.0,0,0.0,0.0,True,0.0,9.028655815484188e-17,9.028655815484188e-17,9.028655815484188e-17,9.028655815484188e-17,9.028655815484188e-17,0.0,0.0,0.0,0.0,0.0,0.06250376254320145,0.06250376254320145,0.0,0.0,0.0,0.0,0.0,0.0,0.0,0.0,0.0,0.0
7,high_key,clean,global,0.06250376254320145,2.5717513452150342e-08,0.06288089603185654,12.014812783726192,0.06288821250200272,0.06287358701229095,0.06287482380867004,0.0628846138715744,0.0629015639424324,0.06286254525184631,0.06288089603185654,0.06288089603185654,6,0.0,0.0,True,6.456647454295885e-17,4.4177586965856976e-16,3.6046776447209697e-16,4.062775634022056e-16,3.7280254189738654e-16,2.8878176577172237e-16,0.0,0.0,3.01038267025433e-06,0.5530306696891785,-0.0,0.06250376254320145,2.5717513452150342e-08,0.0,0.05503489449620247,0.0,-0.0,0.0,0.0,0.0,0.0,0.0,0.0
7,high_key,clean,a0_s0,0.06250376254320145,2.1731501931299135e-08,0.06288095563650131,12.014808667061562,0.06289557367563248,0.06286630034446716,0.06286941468715668,0.06288786977529526,0.06292176246643066,0.06284477561712265,0.06288095563650131,0.06288095563650131,96,0.0,0.0,True,6.568899738529205e-08,1.6617425744173898e-07,2.171959799519075e-08,1.8399315762916235e-08,1.7944724135796588e-08,6.528960862905385e-07,0.0,0.0,7.628049161212402e-07,0.13825814425945282,0.0009731658501550555,0.06250376254320145,2.1731501931299135e-08,0.0,0.055036190897226334,0.0,0.0009731658501550555,2.1066228254005565e-08,3.8816773147019004e-07,1.4657829138994808e-07,8.613967790449981e-08,1.3365670683326362e-07,2.9119448585190824e-06
7,high_key,clean,a0.01_s0,0.06250376254320145,0.00014312367420643568,0.062291469424963,12.05571424212936,0.06230694055557251,0.0622759647667408,0.06228191405534744,0.062297336757183075,0.06233201548457146,0.062254589051008224,0.062291469424963,0.062291469424963,96,0.0,0.0,True,1.631962524725027e-08,6.965371685335752e-08,3.3846185717070816e-08,3.0250458432290885e-08,2.6655964131562467e-08,4.817698912154261e-07,0.01,0.0,0.0001181114130304195,0.13825814425945282,0.0007562722312286496,0.06250376254320145,6.295931598288007e-07,0.0,0.014249409548938274,0.0,0.0007562722312286496,7.0502049051217595e-09,1.5534220985935524e-07,1.4706375488725797e-07,1.0543380012779139e-07,1.256032771323668e-07,1.3350587698324085e-06
7,high_key,clean,a0.1_s0,0.06250376254320145,0.0011697467416524887,0.05993757024407387,12.223008665118174,0.059955283999443054,0.05991985276341438,0.059932198375463486,0.05994109809398651,0.05997840687632561,0.05989859625697136,0.05993757024407387,0.05993757024407387,96,0.0,0.0,True,5.8552646632847076e-08,2.829018833901066e-08,4.4996933701583605e-09,5.318202014866352e-09,3.193757221698455e-09,3.5359977717789374e-08,0.1,0.0,1.4915822248440236e-06,0.13825814425945282,0.00033085845643654466,0.06250376254320145,2.9912733225501142e-05,0.0,0.011398340575397015,0.0,0.00033085845643654466,2.0690017517831317e-08,6.434311468502539e-08,2.0540996340000696e-08,1.9912175152605535e-08,1.76076616871871e-08,8.837577999078304e-08
7,high_key,clean,a1_s0,0.06250376254320145,0.009597723372280598,0.04299701005220413,13.665617435593989,0.04302637279033661,0.04296766221523285,0.04301506653428078,0.04298761114478111,0.043037671595811844,0.04294769838452339,0.04299701005220413,0.04299701005220413,96,0.0,0.0,True,9.288587745337454e-08,1.5402313404769333e-08,6.649725683505689e-10,6.495845702659505e-10,4.343908465344086e-10,2.036445607493525e-08,1.0,0.0,1.2038325394314597e-06,0.13825814425945282,0.00017238660075236112,0.06250376254320145,0.0018401382258161902,0.0,0.007757585495710373,0.0,0.00017238660075236112,3.068632594468136e-08,3.54187905098758e-08,2.1151159484891794e-09,2.0133627870367925e-09,1.5309525329323088e-09,5.149976470774245e-08
7,high_key,clean,a10_s0,0.06250376254320145,0.03799346834421158,0.00894802063703537,20.48273022950436,0.008966155350208282,0.008929881267249584,0.00896709319204092,0.008937889710068703,0.008965213783085346,0.008921882137656212,0.00894802063703537,0.00894802063703537,96,0.0,0.0,True,7.067623294398513e-08,2.035946264734812e-09,2.585141008359576e-10,2.4432601291345e-10,2.2844649167765641e-10,3.4766562573843992e-09,10.0,0.0,2.2395586256607203e-06,0.13825814425945282,8.543131843907759e-05,0.06250376254320145,0.024191930890083313,0.0,0.0013801539316773415,0.0,8.543131843907759e-05,2.1937572128446538e-08,4.939384921353675e-09,6.888479820429522e-10,6.472481197381825e-10,6.106135230689952e-10,8.873509125207993e-09
7,high_key,clean,a0_s0.01,0.06250376254320145,3.562815618352033e-05,0.06288161128759384,12.014763384008187,0.06288405507802963,0.06287914514541626,0.06292826682329178,0.06292706727981567,0.06283985823392868,0.06283124536275864,0.06288161128759384,0.06288161128759384,96,0.0,0.0,True,3.1798967089216193e-07,8.312817131894507e-07,1.1752574461623178e-06,4.797620709791996e-07,3.981257466332535e-07,2.8050184933711434e-07,0.0,0.01,0.0032404311932623386,0.13825814425945282,0.003545202547684312,0.06250376254320145,1.7613193392662652e-07,0.0,0.054572682827711105,0.0,0.003545202547684312,2.3222686806791802e-07,3.871495644935377e-06,5.379078798438937e-06,2.664461179132505e-06,1.7070356743134233e-06,1.7689779512296333e-06
7,high_key,clean,a0_s0.1,0.06250376254320145,0.0008548101177439094,0.06280073523521423,12.02035271760777,0.06265860050916672,0.06294287741184235,0.06297526508569717,0.06287553906440735,0.06234196200966835,0.06301019340753555,0.06280073523521423,0.06280073523521423,96,0.0,0.0,True,8.988025868198962e-06,2.8562239932678182e-06,4.768614364975204e-06,2.7433792601999498e-06,4.405714998415736e-06,3.4212495791451106e-06,0.0,0.1,0.029646651819348335,0.13825814425945282,0.008525237441062927,0.06250376254320145,2.2863125650474103e-06,0.0,0.036602046340703964,0.0,0.008525237441062927,4.356124467432497e-06,9.6889177235869e-06,2.1884180248510358e-05,1.3365330186545203e-05,2.2356278355123955e-05,1.841569715099737e-05
7,high_key,clean,a0_s1,0.06250376254320145,0.00968345906585455,0.0629759132862091,12.008255255799888,0.06290409713983536,0.06304772943258286,0.06213095411658287,0.06352242082357407,0.06367722898721695,0.06257303059101105,0.0629759132862091,0.0629759132862091,96,0.0,0.0,True,2.1074299899424452e-05,2.582797264284563e-06,1.2447075009437106e-06,2.337101279131454e-06,4.4192337463157216e-06,4.013610788041639e-06,0.0,1.0,0.3086701035499573,0.3446520268917084,0.00967979896813631,0.06250376254320145,3.6601034025807166e-06,0.0,0.016162045300006866,0.0,0.00967979896813631,9.80701488475719e-06,8.705227454933706e-06,7.915969870277675e-06,1.537013374997704e-05,2.1767420279195577e-05,1.800013598399363e-05
7,high_key,clean,a0.1_s0.1,0.06250376254320145,0.0021343131083995104,0.06001477688550949,12.21741804121219,0.059892065823078156,0.06013750284910202,0.06018130108714104,0.060235731303691864,0.059602849185466766,0.06003924086689949,0.06001477688550949,0.06001477688550949,96,0.0,0.0,True,5.400811750251052e-06,5.313201208781384e-06,2.778645873597722e-06,3.3733029317667136e-06,5.780566668498569e-06,2.589360530639128e-06,0.1,0.1,0.03316756710410118,0.13825814425945282,0.00960194319486618,0.06250376254320145,3.071146784350276e-05,0.0,0.011434074491262436,0.0,0.00960194319486618,2.712275283082122e-06,2.1962436617713712e-05,1.2396411351949868e-05,1.621407186561293e-05,2.1121216326878472e-05,1.3944829763887663e-05
7,high_key,clean,a1_s0.1,0.06250376254320145,0.010517561808228493,0.042968153953552246,13.668533045662183,0.042944129556417465,0.04299217462539673,0.04315449669957161,0.04316612705588341,0.04273374751210213,0.04281824082136154,0.042968153953552246,0.042968153953552246,96,0.0,0.0,True,7.87638988941497e-06,6.13947717189511e-06,4.8432616547281035e-06,3.2592978366107498e-06,2.780097815796904e-06,5.684553368202483e-06,1.0,0.1,0.033372912555933,0.13825814425945282,0.009016996249556541,0.06250376254320145,0.001849538297392428,0.0,0.007766323164105415,0.0,0.009016996249556541,3.997664670102318e-06,2.350413290148033e-05,1.8822309499757156e-05,1.2805351805371139e-05,1.2256678963906772e-05,1.980858489472328e-05
7,high_key,clean,a1_s1,0.06250376254320145,0.018821101635694504,0.04309143126010895,13.65609080800365,0.04278162494301796,0.04340123012661934,0.04260013997554779,0.04318102076649666,0.042963139712810516,0.04362143203616142,0.04309143126010895,0.04309143126010895,96,0.0,0.0,True,2.2816817340643158e-05,2.0260214958469117e-06,5.124924171252244e-06,3.700801190282946e-06,2.2141850453267266e-06,2.07955630733342e-06,1.0,1.0,0.30999553203582764,0.35089707374572754,0.009203728288412094,0.06250376254320145,0.0018269262509420514,0.0,0.007790447678416967,0.0,0.009203728288412094,1.0351725601562802e-05,1.0395780682108214e-05,2.352612054593363e-05,1.6574641236161372e-05,8.431280132111616e-06,1.1292355430494027e-05
7,high_key,homogeneous_dark,identity,0.026405204087495804,0.026405204087495804,0.1706489473581314,7.678963863069065,0.17066268622875214,0.1706351339817047,0.17063769698143005,0.17065612971782684,0.17068777978420258,0.17061419785022736,0.0,,0,0.0,0.0,True,0.0,9.028655815484188e-17,9.028655815484188e-17,9.028655815484188e-17,9.028655815484188e-17,9.028655815484188e-17,0.0,0.0,0.0,0.0,0.0,0.026405204087495804,0.026405204087495804,0.0,0.0,0.0,0.0,0.0,0.0,0.0,0.0,0.0,0.0
7,high_key,homogeneous_dark,global,0.026405204087495804,1.8109618693529228e-08,0.0630216896533966,12.005099572821482,0.06303029507398605,0.06301310658454895,0.06301447749137878,0.06302597373723984,0.06304606795310974,0.06300027668476105,0.026404496282339096,,6,0.0,0.0,True,4.940912575117098e-17,4.2679081984188386e-16,6.291022876227821e-16,5.804905021435833e-16,7.073319917492242e-16,3.1264437970168854e-16,0.0,0.0,3.7622298805217724e-06,0.1821792721748352,-0.0,0.026405204087495804,1.8109618693529228e-08,0.0,0.04715123400092125,0.0,-0.0,0.0,0.0,0.0,0.0,0.0,0.0
7,high_key,homogeneous_dark,a0_s0,0.026405204087495804,1.5311652390437303e-08,0.0630217045545578,12.00509854595417,0.06303718686103821,0.06300623714923859,0.06301091611385345,0.06302814185619354,0.06306348741054535,0.06298428028821945,0.02640450745820999,,96,0.0,0.0,True,1.2075753730840452e-08,1.789828235253745e-09,1.7430325687870995e-08,1.5079848267859318e-08,1.6558861089798077e-08,3.5888076994009554e-07,0.0,0.0,9.392969673172047e-07,0.045544933527708054,0.0006884756730869412,0.026405204087495804,1.5311652390437303e-08,0.0,0.04715079069137573,0.0,0.0006884756730869412,4.844072778315623e-09,6.7863569061175515e-09,9.239095288739832e-08,5.0936653360262416e-08,9.18662495172364e-08,1.6089595645252136e-06
7,high_key,homogeneous_dark,a0.01_s0,0.026405204087495804,0.00011399920185795054,0.06308726221323013,12.000583191859635,0.06310169398784637,0.06307286769151688,0.06307581812143326,0.06309416145086288,0.06312752515077591,0.06305155158042908,0.02622930519282818,,96,0.0,0.0,True,1.1632289932029304e-08,9.247206681128407e-09,1.2533330540973511e-08,1.3299732845789082e-08,1.3425114781463641e-08,6.842009791256914e-08,0.01,0.0,4.59823313576635e-05,0.045544933527708054,0.000493731233291328,0.026405204087495804,4.694676647432061e-07,0.0,0.011352973990142345,0.0,0.000493731233291328,6.092005701980093e-09,2.8977460403422066e-08,6.879001989736033e-08,4.718605654509711e-08,7.058434481430772e-08,1.7314143632999347e-07
7,high_key,homogeneous_dark,a0.1_s0,0.026405204087495804,0.0010634848149493337,0.06565222144126892,11.827505743214516,0.065662682056427,0.06564177572727203,0.06563587486743927,0.0656617134809494,0.06568951159715652,0.06562178581953049,0.024612093344330788,,96,0.0,0.0,True,3.8887058774262336e-08,2.329587574336095e-08,3.3992207950242853e-09,4.409536107315254e-09,3.033742491511514e-09,3.2039536748158e-08,0.1,0.0,1.1777531199186342e-06,0.045544933527708054,0.00030518334824591875,0.026405204087495804,3.3251326385652646e-05,0.0,0.01030233409255743,0.0,0.00030518334824591875,1.4763141201711456e-08,6.524907366408491e-08,1.4626156633924768e-08,1.5108501538773388e-08,1.4489161060185314e-08,8.037486589167283e-08
7,high_key,homogeneous_dark,a1_s0,0.026405204087495804,0.008176900446414948,0.0885239988565445,10.529389761037333,0.08850673586130142,0.08854123204946518,0.08847281336784363,0.08855175971984863,0.08854077011346817,0.08853062987327576,0.01335817202925682,,96,0.0,0.0,True,1.2009054002601628e-07,8.079489068044203e-09,4.166297477506341e-10,4.972581291389542e-10,5.43678401875054e-10,2.2563568805877424e-08,1.0,0.0,5.084653480480483e-07,0.045544933527708054,0.00016042137576732785,0.026405204087495804,0.0022110650315880775,0.0,0.005965835880488157,0.0,0.00016042137576732785,3.8682329685755575e-08,2.1680303614012566e-08,1.150829851770732e-09,1.3826716429785045e-09,1.5189036039662203e-09,5.679652205436928e-08
7,high_key,homogeneous_dark,a10_s0,0.026405204087495804,0.022083966061472893,0.14903107285499573,8.267231721075936,0.14902180433273315,0.14904026687145233,0.14899080991744995,0.14905335009098053,0.14905281364917755,0.1490272730588913,0.0007319608703255653,,96,0.0,0.0,True,2.7679691756638287e-08,1.694782130153864e-11,9.453237949576987e-11,9.598136312500035e-11,9.838555676364861e-11,1.2250302106703662e-09,10.0,0.0,9.98493760562269e-07,0.045544933527708054,4.164143683738075e-05,0.026405204087495804,0.018349913880228996,0.0,0.0003734052006620914,0.0,4.164143683738075e-05,8.384462373033665e-09,4.406642607236753e-11,2.3636534656279257e-10,2.404220160596424e-10,2.4620214803012314e-10,3.0697431176249986e-09
7,high_key,homogeneous_dark,a0_s0.01,0.026405204087495804,5.0634924264159054e-05,0.06300978362560272,12.005920117412945,0.06308740377426147,0.06293215602636337,0.06311891227960587,0.06299279630184174,0.06305592507123947,0.0628715306520462,0.02640625834465027,,96,0.0,0.0,True,1.5576145021786763e-06,6.487680257944306e-07,3.4933179402534826e-06,1.94771667348357e-06,1.563113604606481e-06,6.872085756338312e-07,0.0,0.01,0.003108167089521885,0.045544933527708054,0.005024757701903582,0.026405204087495804,3.873494733852567e-07,0.0,0.04487134888768196,0.0,0.005024757701903582,7.040121980349272e-07,3.4307151903769816e-06,1.1681526523400766e-05,6.341402621732581e-06,5.017491158783089e-06,5.209838223354386e-06
7,high_key,homogeneous_dark,a0_s0.1,0.026405204087495804,0.0008906867587938905,0.06291794776916504,12.012254514502548,0.06260357052087784,0.06323231756687164,0.06213872879743576,0.06330806761980057,0.06306847184896469,0.0631565973162651,0.02639663591980934,,96,0.0,0.0,True,1.296809163447536e-05,5.654145182381536e-06,4.3046369138766425e-06,2.6571085612539286e-06,2.28045893349821e-06,3.105546566695461e-06,0.0,0.1,0.03190195560455322,0.045544933527708054,0.00888367835432291,0.026405204087495804,2.3189234070741804e-06,0.0,0.022592825815081596,0.0,0.00888367835432291,8.585597750993007e-06,2.457740405450905e-05,1.4190370011552511e-05,8.289886301835576e-06,8.594019874941753e-06,1.8070669398676468e-05
7,high_key,homogeneous_dark,a0_s1,0.026405204087495804,0.0073549337685108185,0.062477972358465195,12.042730733660145,0.06273186206817627,0.062224045395851135,0.06298252195119858,0.06187713146209717,0.06248120963573456,0.06257102638483047,0.02664651721715927,,96,0.0,0.0,True,2.403130958191701e-05,1.3821191728735668e-06,3.28457488986163e-06,3.5669638636111387e-06,6.04248387176089e-06,4.902517358564647e-06,0.0,1.0,0.31104403734207153,0.3321313261985779,0.007352064363658428,0.026405204087495804,2.8694489628833253e-06,0.0,0.014819146133959293,0.0,0.007352064363658428,1.099244363137517e-05,7.634732211921601e-06,1.0242304305024263e-05,1.1110697060773401e-05,1.5401925386111235e-05,1.8580782055833136e-05
7,high_key,homogeneous_dark,a0.1_s0.1,0.026405204087495804,0.0019137985073029995,0.06570936739444733,11.82372713884256,0.06612280756235123,0.06529588997364044,0.06597012281417847,0.06497159600257874,0.06627550721168518,0.06562025099992752,0.02458733506500721,,96,0.0,0.0,True,3.659136512874345e-05,5.686940264502474e-06,3.8574678470411165e-06,3.7331403145487865e-06,3.4917263570167087e-06,2.135124776379e-06,0.1,0.1,0.031410448253154755,0.045544933527708054,0.008432375267148018,0.026405204087495804,3.982919952250086e-05,0.0,0.010307318530976772,0.0,0.008432375267148018,1.5233161380307422e-05,2.476935701771403e-05,1.556338493320647e-05,1.177833379777544e-05,1.094271827641258e-05,8.834372680367707e-06
7,high_key,homogeneous_dark,a1_s0.1,0.026405204087495804,0.008994693867862225,0.08844590187072754,10.5332228526598,0.08795615285634995,0.08893566578626633,0.0876370221376419,0.0885259211063385,0.08827527612447739,0.08934541791677475,0.013393670320510864,,96,0.0,0.0,True,5.031949234277519e-05,2.582456524610343e-06,3.115811384573609e-06,2.182752812746507e-06,2.501770283078186e-06,2.1585356927082687e-06,1.0,0.1,0.030841859057545662,0.045544933527708054,0.008029778487980366,0.026405204087495804,0.0022021280601620674,0.0,0.0059895883314311504,0.0,0.008029778487980366,1.8803281014021507e-05,1.160235474720825e-05,1.4830321422830794e-05,8.898360812213124e-06,9.003645361969213e-06,9.256481271813322e-06
7,high_key,homogeneous_dark,a1_s1,0.026405204087495804,0.01670452393591404,0.08853685110807419,10.52875928152362,0.08857929706573486,0.08849440515041351,0.08942560106515884,0.08823466300964355,0.08773298561573029,0.08875411003828049,0.013363595120608807,,96,0.0,0.0,True,5.9432478667791916e-05,2.0844207185291884e-06,9.28511875853659e-07,5.195070296571572e-06,4.030698711039657e-06,1.75422380012042e-06,1.0,1.0,0.2868247330188751,0.3402498960494995,0.008507216349244118,0.026405204087495804,0.0022188974544405937,0.0,0.0059784105978906155,0.0,0.008507216349244118,2.6929623137306663e-05,8.577379060870204e-06,6.100869228260631e-06,1.8767714303394457e-05,1.5653082034742247e-05,6.350828546416947e-06
7,high_key,homogeneous_bright,identity,0.25,0.25,0.06411406397819519,11.930466937547648,0.0640987977385521,0.06412932276725769,0.06412441283464432,0.06410451233386993,0.06407323479652405,0.06415414065122604,0.0,,0,1.0,1.0,True,0.0,9.028655815484188e-17,9.028655815484188e-17,9.028655815484188e-17,9.028655815484188e-17,9.028655815484188e-17,0.0,0.0,0.0,0.0,0.0,0.25,0.25,0.0,0.0,0.0,0.0,0.0,0.0,0.0,0.0,0.0,0.0
7,high_key,homogeneous_bright,global,0.2499999701976776,1.8417267710901797e-11,0.06412374973297119,11.929810895505359,0.06413888931274414,0.06410861760377884,0.06411032378673553,0.06413082033395767,0.06416745483875275,0.06408637017011642,0.25000476837158203,,6,1.0,0.0,True,2.565037861331126e-16,3.3457566141651295e-16,3.0600843958614927e-16,3.0600843958614927e-16,3.0600843958614927e-16,2.757712463027402e-16,0.0,0.0,5.870072982361307e-06,1.4839452505111694,-0.0,0.2499999701976776,1.8417267710901797e-11,0.0,0.10855835676193237,0.0,-0.0,0.0,0.0,0.0,0.0,0.0,0.0
7,high_key,homogeneous_bright,a0_s0,0.2499999701976776,1.8348230920728348e-11,0.0641237199306488,11.929812913944273,0.06413886696100235,0.06410858780145645,0.06411030143499374,0.06413081288337708,0.06416742503643036,0.06408635526895523,0.25000473856925964,,96,1.0,0.0,True,1.7990387024030837e-14,3.69000067692559e-15,7.000057213791073e-16,7.000057213791073e-16,7.000057213791073e-16,5.671144249712928e-16,0.0,0.0,1.4330861404232564e-06,0.3709845542907715,1.2691856454694062e-07,0.2499999701976776,1.8348230920728348e-11,0.0,0.10852733999490738,0.0,1.2691856454694062e-07,6.380312944002323e-15,1.4137779488880662e-14,3.05311331733972e-15,3.05311331733972e-15,3.05311331733972e-15,2.1649348982786437e-15
7,high_key,homogeneous_bright,a0.01_s0,0.2499999701976776,0.0007084718672558665,0.0632980614900589,11.986095900942058,0.06331309676170349,0.0632830336689949,0.0632847249507904,0.0633050948381424,0.06334146857261658,0.06326096504926682,0.248350590467453,,96,1.0,0.0,True,7.600823098923739e-15,1.1336416836369585e-14,1.2435654869049106e-15,1.2435654869049106e-15,1.2435654869049106e-15,0.0,0.01,0.0,0.0003711673489306122,0.3709845542907715,1.01721120415732e-07,0.2499999701976776,2.7286826025374467e-06,0.0,0.0705743208527565,0.0,1.01721120415732e-07,2.189221028749751e-15,2.541369892296932e-14,3.4972025278257586e-15,3.4972025278257586e-15,3.4972025278257586e-15,0.0
7,high_key,homogeneous_bright,a0.1_s0,0.2499999701976776,0.003450653748586774,0.059514693915843964,12.253757956374457,0.05952925980091095,0.05950013920664787,0.05950172245502472,0.05952147766947746,0.05955677479505539,0.05947877839207649,0.2406987100839615,,96,1.0,0.0,True,1.708792589266921e-15,1.3510447617809378e-14,8.279449929395624e-16,8.279449929395624e-16,8.279449929395624e-16,0.0,0.1,0.0,0.00012863978918176144,0.3709845542907715,8.951045060712204e-08,0.2499999701976776,8.816592890070751e-05,0.0,0.03362487629055977,0.0,8.951045060712204e-08,7.736866704245357e-16,2.7157963377824437e-14,1.8735013538671247e-15,1.8735013538671247e-15,1.8735013538671247e-15,0.0
7,high_key,homogeneous_bright,a1_s0,0.2499999701976776,0.028707845136523247,0.03367108479142189,14.7274289159114,0.03368190675973892,0.03366026654839516,0.03366103395819664,0.03367580473423004,0.0337027907371521,0.033644724637269974,0.1840643584728241,,96,1.0,0.0,True,8.033375582593997e-15,1.7531895276550213e-15,6.733403821434927e-16,6.733403821434927e-16,6.733403821434927e-16,5.757471170820697e-16,1.0,0.0,2.3284121652977774e-06,0.3709845542907715,6.402842700481415e-08,0.2499999701976776,0.005037105176597834,0.0,0.0236707404255867,0.0,6.402842700481415e-08,2.633310237312898e-15,3.3584246495427973e-15,1.467576060673099e-15,1.467576060673099e-15,1.467576060673099e-15,1.1675637670238306e-15
7,high_key,homogeneous_bright,a10_s0,0.2499999701976776,0.12538588047027588,0.0018948507495224476,27.224249921399828,0.0018937794957309961,0.0018959229346364737,0.001894095097668469,0.0018930538790300488,0.0018934630788862705,0.001898791640996933,0.054450247436761856,,96,1.0,0.0,True,2.3183356172294577e-14,2.325101695370651e-15,8.818162329818501e-16,8.818162329818501e-16,8.818162329818501e-16,9.644516409999489e-16,10.0,0.0,3.2621280752209714e-06,0.3709845542907715,1.201664758809784e-07,0.2499999701976776,0.07110472023487091,0.0,0.0054281167685985565,0.0,1.201664758809784e-07,7.7776327049125e-15,6.733708642835836e-15,1.8860645467280397e-15,1.8860645467280397e-15,1.8860645467280397e-15,2.3950025989705685e-15
7,high_key,homogeneous_bright,a0_s0.01,0.2499999701976776,1.555669223307632e-05,0.06412328779697418,11.929842181413925,0.06409861892461777,0.0641479641199112,0.06407544761896133,0.06416421383619308,0.06412176042795181,0.0641317293047905,0.25000429153442383,,96,1.0,0.0,True,8.926388141553626e-09,7.799827923377526e-07,7.883021897558131e-08,7.883021897558131e-08,7.883021897558131e-08,1.1829235750984103e-08,0.0,0.01,0.0028678267262876034,0.3709845542907715,0.0015513930702582002,0.2499999701976776,4.276246556855767e-08,0.0,0.10822591930627823,0.0,0.0015513930702582002,3.89986652693499e-09,2.8428723579539526e-06,5.048120119699479e-07,5.048120119699479e-07,5.048120119699479e-07,8.805078111073522e-08
7,high_key,homogeneous_bright,a0_s0.1,0.2499999701976776,0.0006912151584401727,0.06417824327945709,11.926121748142082,0.06418640166521072,0.06417009979486465,0.06424775719642639,0.06389239430427551,0.06412500888109207,0.06444776058197021,0.25011423230171204,,96,1.0,0.0,True,1.8307585713732085e-06,4.639388821094029e-06,1.581792393180942e-06,1.581792393180942e-06,1.581792393180942e-06,6.411739293076921e-07,0.0,0.1,0.027170199900865555,0.3709845542907715,0.006906105205416679,0.2499999701976776,6.046070666343439e-07,0.0,0.10024956613779068,0.0,0.006906105205416679,8.666887825192798e-07,1.7388667831759146e-05,9.598790098416793e-06,9.598790098416793e-06,9.598790098416793e-06,4.066245160246701e-06
7,high_key,homogeneous_bright,a0_s1,0.2499999701976776,0.009192493744194508,0.06465905904769897,11.893706197579533,0.06504545360803604,0.0642726719379425,0.0647067204117775,0.06360968202352524,0.0653841495513916,0.06493566930294037,0.2510664761066437,,96,1.0,0.0,True,2.151400964425157e-05,4.2983500248365104e-06,4.0169747855293974e-06,4.0169747855293974e-06,4.0169747855293974e-06,2.227478765159384e-06,0.0,1.0,0.2542928457260132,0.3709845542907715,0.009188076481223106,0.2499999701976776,4.417699528858066e-06,0.0,0.05315757170319557,0.0,0.009188076481223106,1.0281351974974354e-05,1.512016459868313e-05,1.8715123677736346e-05,1.8715123677736346e-05,1.8715123677736346e-05,1.3121598839451617e-05
7,high_key,homogeneous_bright,a0.1_s0.1,0.2499999701976776,0.004183140583336353,0.05942496284842491,12.260310811139446,0.05945117771625519,0.05939875543117523,0.05923110991716385,0.05927536264061928,0.059671223163604736,0.059522178024053574,0.24051547050476074,,96,1.0,0.0,True,1.2519869837121787e-06,2.6571839333190707e-06,3.2744963493266904e-06,3.2744963493266904e-06,3.2744963493266904e-06,8.536873674819646e-07,0.1,0.1,0.02691064402461052,0.3709845542907715,0.007024249993264675,0.2499999701976776,9.322072583017871e-05,0.0,0.03387494757771492,0.0,0.007024249993264675,6.933726968659456e-07,1.0410613201417132e-05,1.3676749585907684e-05,1.3676749585907684e-05,1.3676749585907684e-05,4.332622593833798e-06
7,high_key,homogeneous_bright,a1_s0.1,0.2499999701976776,0.029300877824425697,0.03364994004368782,14.730157052503678,0.03378062695264816,0.03351924195885658,0.033621206879615784,0.03321122005581856,0.033940061926841736,0.033827271312475204,0.18400688469409943,,96,1.0,0.0,True,1.0955678080441794e-06,5.680785628682122e-06,1.749124453489806e-06,1.749124453489806e-06,1.749124453489806e-06,1.3882309428515024e-06,1.0,0.1,0.030264962464571,0.3709845542907715,0.0058297449722886086,0.2499999701976776,0.005048958119004965,0.0,0.023668944835662842,0.0,0.0058297449722886086,5.544940593592214e-07,1.7053777927043252e-05,8.323023277901438e-06,8.323023277901438e-06,8.323023277901438e-06,4.87601636686836e-06
7,high_key,homogeneous_bright,a1_s1,0.2499999701976776,0.038651593029499054,0.0336337573826313,14.732246129294552,0.03370830789208412,0.03355921059846878,0.03398062288761139,0.03311256319284439,0.03343602269887924,0.03400583565235138,0.18396088480949402,,96,1.0,0.0,True,3.236812178777743e-05,2.6653185404737066e-06,2.749665170800891e-06,2.749665170800891e-06,2.749665170800891e-06,2.0914945088918886e-06,1.0,1.0,0.29730960726737976,0.3709845542907715,0.009920882061123848,0.2499999701976776,0.00506294472143054,0.0,0.02366776578128338,0.0,0.009920882061123848,1.4226594148833432e-05,7.813070432147734e-06,1.5809298713797056e-05,1.5809298713797056e-05,1.5809298713797056e-05,1.0165576821431243e-05
7,high_key,left_right,identity,0.13820035755634308,0.13820035755634308,0.1173960268497467,9.303466010988783,0.17066268622875214,0.06412932276725769,0.17063769698143005,0.06410451233386993,0.17068777978420258,0.06415414065122604,0.0,,0,0.5,0.5,True,0.0,9.028655815484188e-17,9.028655815484188e-17,9.028655815484188e-17,9.028655815484188e-17,9.028655815484188e-17,0.0,0.0,0.0,0.0,0.0,0.13820035755634308,0.13820035755634308,0.0,0.0,0.0,0.0,0.0,0.0,0.0,0.0,0.0,0.0
7,high_key,left_right,global,0.13820034265518188,0.00530607346445322,0.07877597957849503,11.03606187672974,0.11643115431070328,0.04112081229686737,0.116397924721241,0.04113822057843208,0.11646437644958496,0.04110343009233475,0.10345607250928879,,6,0.5,0.0,True,2.954571382322037e-16,1.4621586262159104e-16,3.1166963205826246e-16,3.20791988909905e-16,3.289646339197927e-16,1.6188907767087688e-16,0.0,0.0,0.0019961735233664513,0.6715494990348816,-0.0,0.13820034265518188,0.00530607346445322,0.0,0.3645075559616089,0.0,-0.0,0.0,0.0,0.0,0.0,0.0,0.0
7,high_key,left_right,a0_s0,0.13820034265518188,0.0006781430565752089,0.06494680047035217,11.874422390835965,0.06833428889513016,0.06155930459499359,0.0683073028922081,0.061579663306474686,0.068361297249794,0.061538927257061005,0.13423269987106323,,96,0.5,0.0,True,0.21220588654429007,0.015525047569138419,0.01695570328196434,0.016958435798143746,0.01696853148513475,0.0026037913922903233,0.0,0.0,0.00028382218442857265,0.24648119509220123,0.27771759033203125,0.13820034265518188,0.0006781430565752089,0.0,0.17190836369991302,0.0,0.27771759033203125,0.06487971889225877,0.08799548010972696,0.054335265680126255,0.05434602682643173,0.054373679844957425,0.01856043040522347
7,high_key,left_right,a0.01_s0,0.13820034265518188,0.002054669428616762,0.06519702076911926,11.857722492541756,0.06975185871124268,0.06064218282699585,0.0697256550192833,0.0606621652841568,0.06977808475494385,0.0606222078204155,0.1328703761100769,,96,0.5,0.0,True,0.2501915415373941,0.016669574122211157,0.009550763946838476,0.009553393523394668,0.009560577357688917,0.01363627500726615,0.01,0.0,0.0003097283188253641,0.24648119509220123,0.2667650282382965,0.13820034265518188,0.000989073421806097,0.0,0.10655960440635681,0.0,0.2667650282382965,0.07484253346015389,0.07869284199200043,0.0309417116164289,0.03095225963691255,0.030971424268330945,0.06430243377752165
7,high_key,left_right,a0.1_s0,0.13820034265518188,0.006163493730127811,0.06785841286182404,11.683963022713995,0.07868911325931549,0.05702775716781616,0.07866056263446808,0.057046592235565186,0.07871754467487335,0.057008903473615646,0.12681250274181366,,96,0.5,0.0,True,0.35678912185342476,0.006831201251010986,0.0014182451045584973,0.0014191145165849785,0.0014212688727208427,0.003423073714104397,0.1,0.0,0.0001385547366226092,0.24648119509220123,0.13937455415725708,0.13820034265518188,0.002864235080778599,0.0,0.03299258276820183,0.0,0.13937455415725708,0.10944667513371809,0.021435482986942332,0.003919953462125122,0.003922651182306482,0.003928206910916951,0.012590819029664826
7,high_key,left_right,a1_s0,0.13820034265518188,0.024906443431973457,0.0696651041507721,11.569847092733102,0.10906736552715302,0.030262844637036324,0.10903014987707138,0.030275072902441025,0.10910458117723465,0.03025059960782528,0.09074563533067703,,96,0.5,0.0,True,0.21980108750850566,0.0026100815858416293,0.000698810641407537,0.0006989181827112616,0.0006992159281956806,0.00016907036584121497,1.0,0.0,2.596153763079201e-06,0.24648119509220123,0.06791684031486511,0.13820034265518188,0.00927373394370079,0.0,0.015632709488272667,0.0,0.06791684031486511,0.06559593726335189,0.006612504848194629,0.0017779166694382113,0.0017782057349358298,0.0017789275224090358,0.0005523368137650946
7,high_key,left_right,a10_s0,0.13820034265518188,0.07931938022375107,0.08162668347358704,10.881678487092143,0.1598750203847885,0.003378380322828889,0.15984445810317993,0.0033734203316271305,0.15990549325942993,0.0033833414781838655,0.024116385728120804,,96,0.5,0.0,True,0.03219153262213621,0.00014230869416415956,0.00010410277334098772,0.00010410414357965127,0.0001041114317843349,4.2858452247963764e-05,10.0,0.0,4.3042614379373845e-06,0.24648119509220123,0.021473824977874756,0.13820034265518188,0.05181795358657837,0.0,0.0027501427102833986,0.0,0.021473824977874756,0.009328009631815543,0.0003418511612265151,0.00025505997006799764,0.0002550637414409493,0.00025508141311871463,0.00010816234797831007
7,high_key,left_right,a0_s0.01,0.13820034265518188,0.001523347687907517,0.0650993213057518,11.86423539153826,0.07076353579759598,0.05943511426448822,0.0708119198679924,0.059480566531419754,0.07071510702371597,0.059389665722846985,0.1315453052520752,,96,0.5,0.0,True,0.48742805246771786,0.00041379279378094013,1.5777570688496836e-06,1.0539180445554925e-06,2.808091948574766e-06,0.0001912978126100142,0.0,0.01,0.0022051420528441668,0.24648119509220123,0.06166715547442436,0.13820034265518188,0.0009066761704161763,0.0,0.23049861192703247,0.0,0.06166715547442436,0.14905943971700963,0.0023374212563938962,8.727451409507037e-06,6.286075941188548e-06,1.4812815722405769e-05,0.001176883649725402
7,high_key,left_right,a0_s0.1,0.13820034265518188,0.00614736694842577,0.06711896508932114,11.731547485360633,0.08021768927574158,0.05402025952935219,0.080533966422081,0.05410146713256836,0.07990137487649918,0.05393905192613602,0.1232994943857193,,96,0.5,0.0,True,0.4171639640256554,1.026068913801927e-06,2.13368416035648e-06,2.0149152470162646e-06,3.2223740288606186e-06,4.916215823147192e-07,0.0,0.1,0.026217488572001457,0.24648119509220123,0.045072317123413086,0.13820034265518188,0.0016401350731030107,0.0,0.15823709964752197,0.0,0.045072317123413086,0.12493409639742004,7.129973778382362e-06,1.0852481730549974e-05,9.487272135979415e-06,1.5756469797109675e-05,4.021143314311624e-06
7,high_key,left_right,a0_s1,0.13820034265518188,0.029439503327012062,0.1063266322016716,9.733579417835742,0.1850430816411972,0.02761014550924301,0.18454454839229584,0.027488144114613533,0.18554174900054932,0.02773211896419525,0.08474224805831909,,96,0.5,0.0,True,6.452617834204938e-05,4.2799829975365316e-06,5.237796801023437e-06,3.0066789717844033e-06,3.7156431373764783e-06,5.339890774814996e-07,0.0,1.0,0.28121817111968994,0.3139253556728363,0.009485583752393723,0.13820034265518188,0.01995391957461834,0.0,0.07335609942674637,0.0,0.009485583752393723,2.8063653529388685e-05,2.2045446497444882e-05,2.4775239470678634e-05,1.404090770298816e-05,1.704660341185472e-05,3.85540492300539e-06
7,high_key,left_right,a0.1_s0.1,0.13820034265518188,0.01260264590382576,0.06997537612915039,11.550547584512895,0.08783949166536331,0.05211125314235687,0.08805999904870987,0.052156273275613785,0.08761897683143616,0.052066247910261154,0.11906959116458893,,96,0.5,0.0,True,0.4472517738248903,1.4124392811189003e-05,7.64746922135707e-06,7.505074193792074e-06,6.434870900516995e-06,2.478508246142852e-06,0.1,0.1,0.02876948192715645,0.24648119509220123,0.049892302602529526,0.13820034265518188,0.004170319065451622,0.0,0.03443096950650215,0.0,0.049892302602529526,0.13383571756358537,5.1788662523024593e-05,2.6968091923232515e-05,2.4879403079250262e-05,2.212693235483041e-05,1.380895058300173e-05
7,high_key,left_right,a1_s0.1,0.13820034265518188,0.030616726726293564,0.0728430449962616,11.376119080523877,0.11777261644601822,0.027913443744182587,0.11741892248392105,0.027935491874814034,0.11812625825405121,0.027891406789422035,0.0860501229763031,,96,0.5,0.0,True,0.21937675326754355,0.0013941730229880321,8.553138956209195e-05,9.509483743236871e-05,9.841393794360739e-05,4.5775861467851305e-06,1.0,0.1,0.025081805884838104,0.24648119509220123,0.04825223982334137,0.13820034265518188,0.011281819082796574,0.0,0.014509685337543488,0.0,0.04825223982334137,0.06493733928122247,0.003532348896575289,0.00021961368096199115,0.0002454192409380739,0.0002444334022025615,1.884846432382431e-05
7,high_key,left_right,a1_s1,0.13820034265518188,0.06062563508749008,0.09353133291006088,10.29042876502865,0.1742771714925766,0.01278548501431942,0.17468008399009705,0.012706921435892582,0.17387430369853973,0.012864048592746258,0.0626324787735939,,96,0.5,0.0,True,0.06516825441666226,1.0841546250608933e-05,4.374289953913079e-06,4.491556797106833e-06,1.6818130030943914e-06,8.90029303034332e-06,1.0,1.0,0.2882775664329529,0.33396682143211365,0.02445211075246334,0.13820034265518188,0.02533895894885063,0.0,0.010834567248821259,0.0,0.02445211075246334,0.019506176832436495,3.599830251277761e-05,1.3937957493323976e-05,1.6866578943748557e-05,9.087311506586208e-06,3.401730638553381e-05
7,high_key,quadrants,identity,0.13820630311965942,0.13820630311965942,0.11735741049051285,9.304894818342383,0.11735545098781586,0.11735934764146805,0.17063769698143005,0.06410451233386993,0.06407323479652405,0.17061419785022736,0.0,,0,0.5,0.5,True,0.0,9.028655815484188e-17,9.028655815484188e-17,9.028655815484188e-17,9.028655815484188e-17,9.028655815484188e-17,0.0,0.0,0.0,0.0,0.0,0.13820630311965942,0.13820630311965942,0.0,0.0,0.0,0.0,0.0,0.0,0.0,0.0,0.0,0.0
7,high_key,quadrants,global,0.13820627331733704,0.005306932143867016,0.07876709848642349,11.036551521762883,0.07878190279006958,0.07875233143568039,0.11639663577079773,0.0411374531686306,0.041167110204696655,0.11636720597743988,0.1034572497010231,,6,0.5,0.0,True,3.0723880298859363e-16,1.1505860270847564e-16,2.976789067734362e-16,2.7650308269596995e-16,3.332822425914778e-16,1.756192939106833e-16,0.0,0.0,0.0019963602535426617,0.6715475916862488,-0.0,0.13820627331733704,0.005306932143867016,0.0,0.36450740694999695,0.0,-0.0,0.0,0.0,0.0,0.0,0.0,0.0
7,high_key,quadrants,a0_s0,0.13820627331733704,0.0010340095032006502,0.06617268919944763,11.793212156548897,0.06615222990512848,0.06619314104318619,0.07164690643548965,0.06030676141381264,0.06065762788057327,0.07207953929901123,0.13190191984176636,,96,0.5,0.0,True,0.19000099895482678,0.010216570421057487,0.014493568877776341,0.014491688504981302,0.014502503875402329,0.0017524926401447807,0.0,0.0,0.0003756631922442466,0.23155516386032104,0.45100098848342896,0.13820627331733704,0.0010340095032006502,0.0,0.22663180530071259,0.0,0.45100098848342896,0.07130083216647674,0.06729066410359767,0.06303554716004639,0.0630198916976608,0.06305648060508312,0.012593958206336265
7,high_key,quadrants,a0.01_s0,0.13820627331733704,0.002973899245262146,0.06693188846111298,11.743669213483534,0.06690951436758041,0.06695428490638733,0.07411236315965652,0.05930096656084061,0.0597066693007946,0.07460758090019226,0.1302032172679901,,96,0.5,0.0,True,0.21588878728341498,0.01236020504593689,0.00911434050452707,0.009114082758533223,0.009121828379855028,0.007507649179903167,0.01,0.0,0.0003578650357667357,0.23155516386032104,0.43564528226852417,0.13820627331733704,0.0015034449752420187,0.0,0.14704543352127075,0.0,0.43564528226852417,0.07895493095802798,0.07073545718515474,0.03847755175567599,0.03847236847346854,0.038497932622976155,0.04246639920167469
7,high_key,quadrants,a0.1_s0,0.13820627331733704,0.008691808208823204,0.07218009233474731,11.415825667147828,0.07214392721652985,0.07221624255180359,0.08793815970420837,0.05570676550269127,0.05634970963001251,0.0887257382273674,0.12282529473304749,,96,0.5,0.0,True,0.3244992030865137,0.005990445278456957,0.0014096507448936434,0.0014092760393011711,0.0014118069077122984,0.0030768832677252798,0.1,0.0,0.000201346367248334,0.23155516386032104,0.25277411937713623,0.13820627331733704,0.004415169358253479,0.0,0.04276638850569725,0.0,0.25277411937713623,0.12292359321876782,0.023807352616786535,0.004916705238411419,0.004914536152147013,0.004922275976352422,0.012093198165108166
7,high_key,quadrants,a1_s0,0.13820627331733704,0.030064281076192856,0.07718823850154877,11.124488699105953,0.07712998986244202,0.07724645733833313,0.12600797414779663,0.02759471908211708,0.02825195901095867,0.12689825892448425,0.08427157998085022,,96,0.5,0.0,True,0.17984576652518716,0.002222485020020636,0.0005782569980532273,0.0005782346323709208,0.000578513844980316,0.00022292889913788356,1.0,0.0,2.689622078833054e-06,0.23155516386032104,0.12829811871051788,0.13820627331733704,0.01358387153595686,0.0,0.01648041047155857,0.0,0.12829811871051788,0.06369965410782155,0.006776276503608053,0.001751137202026325,0.001751033188518434,0.0017518232222351793,0.0007545317810441507
7,high_key,quadrants,a10_s0,0.13820627331733704,0.08386246860027313,0.08699586242437363,10.605014021974018,0.08699030429124832,0.08700138330459595,0.1686975359916687,0.004946966655552387,0.005283098202198744,0.16905577480793,0.021397747099399567,,96,0.5,0.0,True,0.02339356635078871,0.00010157630414474727,7.56564844118354e-05,7.565510567192799e-05,7.566094824212502e-05,3.2118622827316414e-05,10.0,0.0,2.26808083425567e-06,0.23155516386032104,0.03900296613574028,0.13820627331733704,0.05760487541556358,0.0,0.0026257589925080538,0.0,0.03900296613574028,0.007840520694249642,0.00028101988336937345,0.00021453845827875843,0.0002145344880232422,0.00021455051358272367,9.391822325429381e-05
7,high_key,quadrants,a0_s0.01,0.13820627331733704,0.0022814571857452393,0.06679955124855042,11.752264550533905,0.06683751940727234,0.0667615756392479,0.0754748284816742,0.05783752724528313,0.058200206607580185,0.07568565011024475,0.12857848405838013,,96,0.5,0.0,True,0.4817025261338004,3.0758666256099105e-08,1.9683229839463034e-07,5.240679609299735e-07,4.6589148707207747e-07,8.667564331896389e-07,0.0,0.01,0.0019142994424328208,0.23155516386032104,0.10353878140449524,0.13820627331733704,0.00124606944154948,0.0,0.30472591519355774,0.0,0.10353878140449524,0.17758341607716246,2.973118384819184e-07,1.8015748046128138e-06,4.247719584946107e-06,2.5417235137402088e-06,6.84289924167417e-06
7,high_key,quadrants,a0_s0.1,0.13820627331733704,0.008729117922484875,0.07480765879154205,11.260539368864393,0.07480855286121368,0.07480671256780624,0.10705956816673279,0.042440857738256454,0.04255753383040428,0.10717261582612991,0.1059044748544693,,96,0.5,0.0,True,0.0917288088973735,2.1113611096965989e-07,1.1789645850395586e-06,1.03256593222501e-06,1.266145150503946e-06,5.3143324157510805e-08,0.0,0.1,0.022659314796328545,0.23155516386032104,0.04505256190896034,0.13820627331733704,0.0042238617315888405,0.0,0.23516009747982025,0.0,0.04505256190896034,0.03285164620710122,2.0251812011679006e-06,7.833783103507942e-06,6.364899842094976e-06,8.470729432941144e-06,5.920738171821507e-07
7,high_key,quadrants,a0_s1,0.13820627331733704,0.025671860203146935,0.10510721802711487,9.783674586462826,0.10512398183345795,0.10509044677019119,0.17894724011421204,0.030876053497195244,0.031300731003284454,0.179304838180542,0.08897045999765396,,96,0.5,0.0,True,3.571023651999794e-05,2.2433878615268324e-06,1.8950156148246261e-06,3.443564119722715e-06,2.7469325646974913e-06,6.124953747485909e-07,0.0,1.0,0.30258506536483765,0.3684569299221039,0.007798055186867714,0.13820627331733704,0.01787380501627922,0.0,0.08769377321004868,0.0,0.007798055186867714,1.7077831102926815e-05,1.251180705210896e-05,8.363013797980925e-06,1.6635900834605566e-05,1.4796034008159858e-05,5.491574798066632e-06
7,high_key,quadrants,a0.1_s0.1,0.13820627331733704,0.019507765769958496,0.07551417499780655,11.219715179668409,0.07571003586053848,0.0753183364868164,0.10726006329059601,0.043858736753463745,0.04415998235344887,0.10677792876958847,0.10618739575147629,,96,0.5,0.0,True,0.31145203119652726,1.5398561205845803e-05,7.423225203383095e-06,5.542005438679324e-06,2.6342717463777065e-06,1.3419560564247545e-06,0.1,0.1,0.027009718120098114,0.23155516386032104,0.08307071030139923,0.13820627331733704,0.006616706494241953,0.0,0.04583987593650818,0.0,0.08307071030139923,0.11082953659416765,6.046193821712318e-05,2.1994766837332718e-05,2.191385699762492e-05,1.1707739487134413e-05,6.9825538809818605e-06
7,high_key,quadrants,a1_s0.1,0.13820627331733704,0.039048973470926285,0.08283998817205429,10.817599717874204,0.0825943574309349,0.08308559656143188,0.14188247919082642,0.022599155083298683,0.02330629713833332,0.14357201755046844,0.07593267410993576,,96,0.5,0.0,True,0.16212776348092592,0.00042592813791637245,2.4835319091740212e-05,1.1459318846803982e-05,1.274958577355319e-05,2.8022003440253454e-06,1.0,0.1,0.022582322359085083,0.23155516386032104,0.07109762728214264,0.13820627331733704,0.01756470277905464,0.0,0.014374510385096073,0.0,0.07109762728214264,0.056676883462037295,0.0012777968623436584,8.190302094238756e-05,3.111084442105667e-05,3.7354484847847596e-05,1.1259287196383439e-05
7,high_key,quadrants,a1_s1,0.13820627331733704,0.06642428785562515,0.1153605505824089,9.379426798582505,0.11523500829935074,0.11548610776662827,0.22360150516033173,0.006668359041213989,0.006868560332804918,0.22430378198623657,0.05354343354701996,,96,0.5,0.0,True,4.939007271554395e-05,2.8562606115151214e-06,5.824482145824984e-06,3.498726778010191e-06,3.925482757820815e-06,2.2244390547198224e-06,1.0,1.0,0.2947155237197876,0.36920666694641113,0.00952921248972416,0.13820627331733704,0.04064278304576874,0.0,0.016252292320132256,0.0,0.00952921248972416,1.9267527755314172e-05,1.220674864069004e-05,2.6970269018946294e-05,1.6249575549445864e-05,1.6205759763634853e-05,1.0793728776068401e-05
7,high_key,smooth_gradient,identity,0.10051414370536804,0.10051414370536804,0.04787910729646683,13.198539555887827,0.05865469202399254,0.037103526294231415,0.05864051356911659,0.03708843141794205,0.058668870478868484,0.03711862489581108,0.0,,0,0.1952039897441864,0.1952039897441864,True,0.0,9.028655815484188e-17,9.028655815484188e-17,9.028655815484188e-17,9.028655815484188e-17,9.028655815484188e-17,0.0,0.0,0.0,0.0,0.0,0.10051414370536804,0.10051414370536804,0.0,0.0,0.0,0.0,0.0,0.0,0.0,0.0,0.0,0.0
7,high_key,smooth_gradient,global,0.10051414370536804,0.0022383471950888634,0.06975418329238892,11.564297417988566,0.09101602435112,0.04849236458539963,0.09098557382822037,0.0485103577375412,0.09104646742343903,0.04847436398267746,0.0863913893699646,,6,0.1952039897441864,0.0,True,2.7357093621145863e-16,1.8262783233083843e-16,3.1007579706014015e-16,2.933610144000406e-16,2.775466264738714e-16,2.2096482481536342e-16,0.0,0.0,0.0012341439723968506,0.6403722763061523,-0.0,0.10051414370536804,0.0022383471950888634,0.0,0.33460238575935364,0.0,-0.0,0.0,0.0,0.0,0.0,0.0,0.0
7,high_key,smooth_gradient,a0_s0,0.10051414370536804,4.0235456253867596e-05,0.0634094774723053,11.97845825614954,0.0633910521864891,0.0634278953075409,0.06336403638124466,0.0634501501917839,0.06341807544231415,0.0634056031703949,0.10055428743362427,,96,0.1952039897441864,0.0,True,0.03503751529766868,0.02098557653056447,0.005274136206250299,0.005263150644530631,0.005264643609525607,0.005030050479342236,0.0,0.0,3.383455259609036e-05,0.21314233541488647,0.13309019804000854,0.10051414370536804,4.0235456253867596e-05,0.0,0.105706125497818,0.0,0.13309019804000854,0.010026315733586312,0.08385549711318187,0.01554019000606085,0.015503415227118388,0.01550676052049512,0.02863441413895417
7,high_key,smooth_gradient,a0.01_s0,0.10051414370536804,0.0005030386382713914,0.06303531676530838,12.004160604064609,0.0635722279548645,0.062498390674591064,0.06354555487632751,0.06252137571573257,0.06359891593456268,0.062475401908159256,0.09967663139104843,,96,0.1952039897441864,0.0,True,0.06293118439242197,0.013218906526234244,0.0043381228148598894,0.004326199817171235,0.004327891120489825,0.002807682195090786,0.01,0.0,0.00023040520318318158,0.21314233541488647,0.12387715280056,0.10051414370536804,0.00014773011207580566,0.0,0.03553085774183273,0.0,0.12387715280056,0.017507226346806563,0.042533850698934665,0.011610861790306475,0.011573908069149274,0.01157762064281057,0.010791488909203239
7,high_key,smooth_gradient,a0.1_s0,0.10051414370536804,0.0019585154950618744,0.061470210552215576,12.113352992996928,0.06392607092857361,0.05901433899998665,0.06390097737312317,0.059036143124103546,0.06395118683576584,0.05899256467819214,0.09627547860145569,,96,0.1952039897441864,0.0,True,0.13751743868558378,0.0028661179923798463,0.00044134976649563455,0.0004384755035307304,0.00043880082996489487,0.00011026777574091474,0.1,0.0,5.795761535409838e-05,0.21314233541488647,0.058015596121549606,0.10051414370536804,0.0003512341936584562,0.0,0.016072813421487808,0.0,0.058015596121549606,0.038690160717571684,0.006851343535619704,0.0010745598560451869,0.0010671707347033074,0.001067898041101769,0.00031370205994197896
7,high_key,smooth_gradient,a1_s0,0.10051414370536804,0.01366572454571724,0.0493287593126297,13.068998075148448,0.0635625422000885,0.0350949689745903,0.06354054063558578,0.03511394187808037,0.06358455866575241,0.03507597744464874,0.07126310467720032,,96,0.1952039897441864,0.0,True,0.09577085901185177,0.0009847472012568215,0.000284546757902201,0.0002837478500239199,0.0002837738564985613,1.514683171827812e-05,1.0,0.0,2.3550953756057424e-06,0.21314233541488647,0.0436013862490654,0.10051414370536804,0.002924796659499407,0.0,0.01074092835187912,0.0,0.0436013862490654,0.026838529300719016,0.0022667339380415485,0.000685338971657711,0.0006834022042569609,0.000683454146750614,3.963715909717878e-05
7,high_key,smooth_gradient,a10_s0,0.10051414370536804,0.05479419231414795,0.032037153840065,14.943460733137254,0.06190590187907219,0.0021684106905013323,0.061890456825494766,0.0021689580753445625,0.06192132458090782,0.0021678656339645386,0.018815351650118828,,96,0.1952039897441864,0.0,True,0.0178674200586129,5.234986179167492e-05,5.71190991217681e-05,5.700572701626599e-05,5.699830650189198e-05,4.827307252695326e-05,10.0,0.0,2.8092158572690096e-06,0.21314233541488647,0.01834290288388729,0.10051414370536804,0.03308222442865372,0.0,0.0021711967419832945,0.0,0.01834290288388729,0.004956044622103396,0.0001254279251337112,0.0001342411925959503,0.00013397399759821894,0.00013395624321211564,0.00011529998756362126
7,high_key,smooth_gradient,a0_s0.01,0.10051414370536804,0.0005760763888247311,0.06356187909841537,11.968032721001268,0.06458166241645813,0.06254208087921143,0.06452322751283646,0.06252321600914001,0.06464013457298279,0.06256094574928284,0.09954438358545303,,96,0.1952039897441864,0.0,True,0.2067261630292707,8.331518529136716e-06,1.4251163345454342e-06,8.177018170717923e-07,1.8230713388810872e-06,8.991063197192297e-07,0.0,0.01,0.0027572812978178263,0.21314233541488647,0.04024066776037216,0.10051414370536804,0.0001736697304295376,0.0,0.09348375350236893,0.0,0.04024066776037216,0.05849639555538741,2.7922044352978418e-05,9.263767437692189e-06,4.909407105499472e-06,8.239686444797025e-06,5.219348548437412e-06
7,high_key,smooth_gradient,a0_s0.1,0.10051414370536804,0.004269266035407782,0.0643630102276802,11.913636523495956,0.06994219124317169,0.05878385528922081,0.07058010995388031,0.05871502682566643,0.06930426508188248,0.0588526651263237,0.09444300830364227,,96,0.1952039897441864,0.0,True,0.16158718972793862,1.125995828261804e-05,1.989332331993299e-06,2.5104074198589406e-06,2.885197524259028e-06,8.449062463125499e-07,0.0,0.1,0.027123060077428818,0.21314233541488647,0.03754711151123047,0.10051414370536804,0.0005145547329448164,0.0,0.06427637487649918,0.0,0.03754711151123047,0.04557605764441128,3.612092147886459e-05,1.1960967504442107e-05,1.4227936295459908e-05,1.3800592759738441e-05,5.836709158088594e-06
7,high_key,smooth_gradient,a0_s1,0.10051414370536804,0.019460542127490044,0.08682151883840561,10.613726209694594,0.1370982825756073,0.0365447960793972,0.13701313734054565,0.036338355392217636,0.13718324899673462,0.036751218140125275,0.0790192112326622,,96,0.1952039897441864,0.0,True,5.281969302103306e-05,4.783051396064183e-06,5.042408167301735e-06,2.706373908136193e-06,3.5645011955116334e-06,1.580089565823995e-06,0.0,1.0,0.29810255765914917,0.31780028343200684,0.008482617326080799,0.10051414370536804,0.010977924801409245,0.0,0.04036315903067589,0.0,0.008482617326080799,1.732916318764044e-05,2.3918918073135252e-05,2.171884349917002e-05,1.1471070025670901e-05,1.2807073180290901e-05,8.62058960798479e-06
7,high_key,smooth_gradient,a0.1_s0.1,0.10051414370536804,0.00625559501349926,0.06223911792039871,12.0593657098331,0.06936171650886536,0.05511650815606117,0.06951265037059784,0.05502435192465782,0.06921080499887466,0.05520866811275482,0.09133562445640564,,96,0.1952039897441864,0.0,True,0.16683085848205761,5.1310957810238725e-06,5.865297683856901e-06,1.3211264280956498e-05,3.4373746862409815e-06,2.926705231842773e-06,0.1,0.1,0.027626607567071915,0.21314233541488647,0.039187394082546234,0.10051414370536804,0.0007416980806738138,0.0,0.015951571986079216,0.0,0.039187394082546234,0.04700509592324068,1.3394764508933442e-05,2.197814632242003e-05,4.0665719741549506e-05,1.4308351174178862e-05,1.105194914689838e-05
7,high_key,smooth_gradient,a1_s0.1,0.10051414370536804,0.017719203606247902,0.05093660578131676,12.929699981151845,0.06922703981399536,0.032646164298057556,0.06826923787593842,0.03257649764418602,0.07018484175205231,0.032715871930122375,0.0679648295044899,,96,0.1952039897441864,0.0,True,0.09572236423539647,0.00017994061933783144,3.9654872293036146e-05,2.6772574437016323e-05,4.360377746394166e-05,5.155136300235632e-06,1.0,0.1,0.025787776336073875,0.21314233541488647,0.03602828085422516,0.10051414370536804,0.0038536253850907087,0.0,0.010262750089168549,0.0,0.03602828085422516,0.026782315232246553,0.00040979663404340283,0.00010548437749578043,7.264146069667574e-05,0.00011499912015052707,2.1529731961912793e-05
7,high_key,smooth_gradient,a1_s1,0.10051414370536804,0.03850964456796646,0.06639907509088516,11.778379701157544,0.11297011375427246,0.01982801966369152,0.11358323693275452,0.020045429468154907,0.11235703527927399,0.019610613584518433,0.0544368214905262,,96,0.1952039897441864,0.0,True,0.012203381712681762,5.189223073717645e-06,1.1433448313097858e-05,2.981420605724998e-06,2.705557270802366e-06,4.763103468523605e-06,1.0,1.0,0.27878233790397644,0.3223661184310913,0.015338153578341007,0.10051414370536804,0.01413893885910511,0.0,0.009032552130520344,0.0,0.015338153578341007,0.003632911517586773,1.7937433042521192e-05,3.8109812041872645e-05,1.066044413116684e-05,1.141217429461447e-05,1.6824078574332947e-05
7,high_key,stripes_4,identity,0.10240495204925537,0.10240495204925537,0.1221826896071434,9.129903189757863,0.12218014150857925,0.12218526005744934,0.12216401100158691,0.12217529863119125,0.12219627946615219,0.12219516187906265,0.0,,0,0.5,0.5,True,0.0,9.028655815484188e-17,9.028655815484188e-17,9.028655815484188e-17,9.028655815484188e-17,9.028655815484188e-17,0.0,0.0,0.0,0.0,0.0,0.10240495204925537,0.10240495204925537,0.0,0.0,0.0,0.0,0.0,0.0,0.0,0.0,0.0,0.0
7,high_key,stripes_4,global,0.10240492224693298,0.003613968612626195,0.0770697072148323,11.131162908806612,0.07708395272493362,0.0770554468035698,0.07705311477184296,0.07707536965608597,0.07711482048034668,0.07703550159931183,0.10034134984016418,,6,0.5,0.0,True,2.627495265213296e-16,1.2316301386489405e-16,3.372049461738222e-16,3.092731880537198e-16,3.1342618969001883e-16,1.7572169092840694e-16,0.0,0.0,0.0014069321332499385,0.560695469379425,-0.0,0.10240492224693298,0.003613968612626195,0.0,0.357911616563797,0.0,-0.0,0.0,0.0,0.0,0.0,0.0,0.0
7,high_key,stripes_4,a0_s0,0.10240492224693298,0.0035081931855529547,0.07671496272087097,11.151199216657481,0.07321193069219589,0.08021797984838486,0.0731784850358963,0.08023755252361298,0.07324539124965668,0.08019845187664032,0.10120495408773422,,96,0.5,0.0,True,0.004224462989884582,6.646459407058905e-06,0.00033276257177615513,0.0003326331263756355,0.0003328962146504288,7.199769153409325e-05,0.0,0.0,0.00035151210613548756,0.14399883151054382,0.04800419136881828,0.10240492224693298,0.0035081931855529547,0.0,0.35437098145484924,0.0,0.04800419136881828,0.0015299695026744638,7.700607963066767e-05,0.0016883124279066211,0.0016872044796454842,0.0016885932037462828,0.0005818921711559928
7,high_key,stripes_4,a0.01_s0,0.10240492224693298,0.0070093837566673756,0.07556864619255066,11.216583580703194,0.07182595878839493,0.07931136339902878,0.07179354876279831,0.07933098077774048,0.07185836136341095,0.0792916864156723,0.09686575084924698,,96,0.5,0.0,True,0.002279520617695542,5.8639699439280296e-05,0.00043975359623928226,0.0004396606612800328,0.0004399195203546949,9.766156380371521e-05,0.01,0.0,0.00032837121398188174,0.14399883151054382,0.04512038826942444,0.10240492224693298,0.0039765555411577225,0.0,0.30328282713890076,0.0,0.04512038826942444,0.0009107740495345463,0.0005756302794579504,0.0017454706802025803,0.0017447450384713837,0.0017458281235119407,0.0007473980584443567
7,high_key,stripes_4,a0.1_s0,0.10240492224693298,0.020154645666480064,0.09498277306556702,10.22355155142576,0.08827419579029083,0.101691335439682,0.08823957294225693,0.10171040892601013,0.08830885589122772,0.10167226195335388,0.07663444429636002,,96,0.5,0.0,True,0.005305109559046405,0.0006748750370391098,1.7600087174213117e-05,1.7596614897243158e-05,1.760786573439086e-05,0.00012593868630146962,0.1,0.0,6.146782993710076e-07,0.14399883151054382,0.030007246881723404,0.10240492224693298,0.012204773724079132,0.0,0.07949871569871902,0.0,0.030007246881723404,0.001962365665571616,0.0025734793946057327,6.521547366042182e-05,6.516611278303304e-05,6.521186468631678e-05,0.0006784409014451396
7,high_key,stripes_4,a1_s0,0.10240492224693298,0.0421038493514061,0.11721188575029373,9.310283469012248,0.11107660084962845,0.12334713339805603,0.11104391515254974,0.12335964292287827,0.11110933870077133,0.12333466112613678,0.04652538523077965,,96,0.5,0.0,True,0.004046044384989745,0.00016063550837897548,1.1814483413535195e-05,1.1815283055292172e-05,1.1816035947066909e-05,2.6842292739703444e-05,1.0,0.0,1.1408474165364169e-06,0.14399883151054382,0.01707507111132145,0.10240492224693298,0.030332425609230995,0.0,0.011771424673497677,0.0,0.01707507111132145,0.0013750315548201853,0.00042766252750030736,3.5763722211070695e-05,3.5758826357133314e-05,3.5762162833004066e-05,7.988452593216809e-05
7,high_key,stripes_4,a10_s0,0.10240492224693298,0.07594536244869232,0.11266868561506271,9.481967721021414,0.11203428357839584,0.11330310255289078,0.1120125949382782,0.11330413818359375,0.1120559349656105,0.11330202221870422,0.009548180736601353,,96,0.5,0.0,True,0.0009269953940642989,4.294404200960337e-06,2.970207596101654e-06,2.970123020125908e-06,2.9705334676912815e-06,1.1662855367218834e-06,10.0,0.0,2.3202885586215416e-06,0.14399883151054382,0.005580422934144735,0.10240492224693298,0.06091410666704178,0.0,0.001503125298768282,0.0,0.005580422934144735,0.0002895313415347895,1.0691946539039583e-05,7.879917002280445e-06,7.879157632993693e-06,7.880265029905288e-06,3.357277938912379e-06
7,high_key,stripes_4,a0_s0.01,0.10240492224693298,0.0036263226065784693,0.07685932517051697,11.143034329865193,0.07415005564689636,0.07956859469413757,0.07409050315618515,0.07957472652196884,0.07420962303876877,0.07956250011920929,0.10069379210472107,,96,0.5,0.0,True,0.005707904568253334,1.9038654048271797e-10,3.065812125489092e-07,1.8536067414327448e-07,5.162487440336009e-07,1.560606333837774e-07,0.0,0.01,0.0019420874305069447,0.14399883151054382,0.008422503247857094,0.10240492224693298,0.003542097518220544,0.0,0.3553515374660492,0.0,0.008422503247857094,0.0017147508876837437,1.9724021860234934e-09,1.913053896931253e-06,1.5310347476170298e-06,3.0329043022581222e-06,1.3184117481634913e-06
7,high_key,stripes_4,a0_s0.1,0.10240492224693298,0.005170382093638182,0.07981492578983307,10.979158858168898,0.07969105243682861,0.07993882149457932,0.07965239137411118,0.08012290298938751,0.07972967624664307,0.07975471019744873,0.0966184139251709,,96,0.5,0.0,True,7.914845783290886e-06,1.2132258922555807e-07,5.718287765391937e-06,1.182573652680958e-06,4.180271207381089e-06,2.4344601978000357e-08,0.0,0.1,0.02407727763056755,0.14399883151054382,0.005675828084349632,0.10240492224693298,0.004602799192070961,0.0,0.2801542282104492,0.0,0.005675828084349632,3.458571485422804e-06,1.1336331442457425e-06,2.842857239237687e-05,7.517196206452338e-06,2.011772661014367e-05,3.666820189707328e-07
7,high_key,stripes_4,a0_s1,0.10240492224693298,0.023343384265899658,0.10595997422933578,9.74858156000124,0.10601186007261276,0.10590805858373642,0.10589742660522461,0.10615664720535278,0.10612630099058151,0.10565951466560364,0.07851271331310272,,96,0.5,0.0,True,3.0613418554386686e-05,4.031450650876188e-06,2.2085020878352577e-06,4.984882141152544e-06,2.7147918514043545e-06,9.591972215411404e-07,0.0,1.0,0.2931350767612457,0.37923702597618103,0.008626256138086319,0.10240492224693298,0.01471712812781334,0.0,0.06585308909416199,0.0,0.008626256138086319,1.4473655966240614e-05,2.1431570856707993e-05,1.1051306619994787e-05,2.1240503271866503e-05,1.247170886314526e-05,7.608967313495825e-06
7,high_key,stripes_4,a0.1_s0.1,0.10240492224693298,0.02126982994377613,0.09535499662160873,10.206565449007499,0.09451279789209366,0.0961972251534462,0.09443826973438263,0.09658320248126984,0.09458731859922409,0.09581119567155838,0.07554584741592407,,96,0.5,0.0,True,7.974928742629035e-05,4.363781151023543e-06,3.1211726008684154e-06,3.2554190523975743e-06,1.684270980039793e-06,8.095047317733186e-07,0.1,0.1,0.02663029357790947,0.14399883151054382,0.006989283487200737,0.10240492224693298,0.01239918451756239,0.0,0.08171717077493668,0.0,0.006989283487200737,2.4206112430646968e-05,1.7326784678858114e-05,1.2238151750484705e-05,1.3070831535101401e-05,7.922119879203401e-06,6.784877436716399e-06
7,high_key,stripes_4,a1_s0.1,0.10240492224693298,0.043408285826444626,0.11764644086360931,9.294212069212422,0.11384990811347961,0.1214430034160614,0.11371675133705139,0.12158159166574478,0.11398306488990784,0.12130439281463623,0.04583007097244263,,96,0.5,0.0,True,0.0016698390446328948,2.290511970678955e-05,6.092083531665401e-06,3.7478644653225047e-06,3.3718454887516053e-06,8.993891214098576e-07,1.0,0.1,0.02623019367456436,0.14399883151054382,0.010820516385138035,0.10240492224693298,0.030633989721536636,0.0,0.011692243628203869,0.0,0.010820516385138035,0.0005016681715913039,6.0254484013325976e-05,1.9898635402297585e-05,1.627184675098549e-05,1.1185074271600401e-05,4.53254461933033e-06
7,high_key,stripes_4,a1_s1,0.10240492224693298,0.05117671936750412,0.11827526986598969,9.271060523584378,0.11797862499952316,0.11857184767723083,0.117940753698349,0.11838216334581375,0.1180165708065033,0.1187615692615509,0.04552433267235756,,96,0.5,0.0,True,1.4270515762495276e-05,2.5137237692236945e-06,1.2267714054764266e-06,3.2489789398292034e-06,2.8595419973554206e-06,4.335656304976056e-06,1.0,1.0,0.3196982443332672,0.3420129716396332,0.008220135234296322,0.10240492224693298,0.031036125496029854,0.0,0.011920458637177944,0.0,0.008220135234296322,6.740839291360246e-06,1.281925135535517e-05,4.72079390526281e-06,1.3909423814411398e-05,1.2681885545076783e-05,1.9491304602565132e-05
7,high_key,stripes_12,identity,0.03081464022397995,0.03081464022397995,0.1317705661058426,8.801815882654441,0.13177967071533203,0.13176147639751434,0.13178037106990814,0.13174837827682495,0.1317790001630783,0.13177460432052612,0.0,,0,0.5,0.5,True,0.0,9.028655815484188e-17,9.028655815484188e-17,9.028655815484188e-17,9.028655815484188e-17,9.028655815484188e-17,0.0,0.0,0.0,0.0,0.0,0.03081464022397995,0.03081464022397995,0.0,0.0,0.0,0.0,0.0,0.0,0.0,0.0,0.0,0.0
7,high_key,stripes_12,global,0.030814630910754204,3.0981457399548162e-09,0.10819990932941437,9.657731031643062,0.10821735113859177,0.10818250477313995,0.10819490998983383,0.10819398611783981,0.10823969542980194,0.1081710085272789,0.05103682354092598,,6,0.5,0.0,True,3.873876948620217e-17,4.1860104768277946e-16,4.104675569068115e-16,4.0809218971474384e-16,4.0529246677619677e-16,2.9739326822757917e-16,0.0,0.0,3.465310555839096e-06,0.34775277972221375,-0.0,0.030814630910754204,3.0981457399548162e-09,0.0,0.04472903907299042,0.0,-0.0,0.0,0.0,0.0,0.0,0.0,0.0
7,high_key,stripes_12,a0_s0,0.030814630910754204,8.270699680679172e-09,0.10813318938016891,9.660409873381264,0.10737267136573792,0.10889366269111633,0.10735488682985306,0.10890915989875793,0.10739051550626755,0.10887819528579712,0.051091451197862625,,96,0.5,0.0,True,3.2560806603398684e-06,2.0222631067937687e-05,4.082100881211759e-07,4.053511774350292e-07,4.1157330730300825e-07,0.00013678030392705518,0.0,0.0,1.1631158258751384e-06,0.08698222041130066,0.006375493016093969,0.030814630910754204,8.270699680679172e-09,0.0,0.045014988631010056,0.0,0.006375493016093969,1.079064874644903e-06,5.222682188525584e-05,1.3667463123444297e-06,1.3611191466977825e-06,1.390708402767415e-06,0.0005990093829282249
7,high_key,stripes_12,a0.01_s0,0.030814630910754204,6.954918353585526e-05,0.14009961485862732,8.535630586114618,0.14068013429641724,0.13951903581619263,0.1406582146883011,0.13952206075191498,0.14070212841033936,0.13951601088047028,0.03649870678782463,,96,0.5,0.0,True,1.1914554036659599e-08,2.634184347629824e-06,5.796862194263717e-07,5.754372646080882e-07,5.815464747813701e-07,1.3244539924038281e-05,0.01,0.0,3.931868923245929e-05,0.08698222041130066,0.001949821598827839,0.030814630910754204,2.679036015251768e-07,0.0,0.006928128655999899,0.0,0.001949821598827839,6.2015931131735825e-09,5.726685018432719e-06,1.5158601505153779e-06,1.506391172937003e-06,1.528743352813973e-06,3.192214324787429e-05
7,high_key,stripes_12,a0.1_s0,0.030814630910754204,0.0006606690585613251,0.13875128328800201,8.5776299146784,0.1390366405248642,0.13846594095230103,0.13901470601558685,0.13847258687019348,0.13905851542949677,0.13845929503440857,0.03506995737552643,,96,0.5,0.0,True,1.1074869126392978e-06,1.5505508940231411e-06,6.537035901634456e-09,6.402602201107816e-09,6.824214052188295e-09,2.585490705507955e-06,0.1,0.0,1.4720970966664026e-06,0.08698222041130066,0.0009165756637230515,0.030814630910754204,1.7984144506044686e-05,0.0,0.006426848936825991,0.0,0.0009165756637230515,3.473519442553573e-07,3.608568265292676e-06,1.7512383068858658e-08,1.7411122129067064e-08,1.9273008111520807e-08,6.427294644144799e-06
7,high_key,stripes_12,a1_s0,0.030814630910754204,0.005350261926651001,0.13208764791488647,8.791377932350038,0.13226056098937988,0.1319146603345871,0.13224345445632935,0.13191837072372437,0.1322776824235916,0.13191097974777222,0.024383582174777985,,96,0.5,0.0,True,4.32688836805641e-06,8.020771709172354e-07,1.619580109087654e-08,1.6021325691749904e-08,1.6202782233437227e-08,1.5153630473271508e-06,1.0,0.0,5.687388693331741e-07,0.08698222041130066,0.0009250666480511427,0.030814630910754204,0.0010944338282570243,0.0,0.004255827981978655,0.0,0.0009250666480511427,1.4312454325836256e-06,1.8840607454903547e-06,4.503661702078007e-08,4.4618862296520526e-08,4.521667269796236e-08,3.8119469591782717e-06
7,high_key,stripes_12,a10_s0,0.030814630910754204,0.020021488890051842,0.12526734173297882,9.0216213853378,0.12540648877620697,0.12512822449207306,0.12540003657341003,0.12512150406837463,0.12541300058364868,0.1251348853111267,0.004357425030320883,,96,0.5,0.0,True,4.2078522710161675e-06,8.78867923217021e-08,1.4045014632249713e-08,1.401255141775235e-08,1.4038096505613078e-08,2.2893345931787834e-07,10.0,0.0,1.994293370444211e-06,0.08698222041130066,0.0005127951735630631,0.030814630910754204,0.013394023291766644,0.0,0.0006627465481869876,0.0,0.0005127951735630631,1.3085866196157272e-06,2.1457943729640777e-07,3.6758754354171156e-08,3.668465778761501e-08,3.6761515653779505e-08,5.801976502567514e-07
7,high_key,stripes_12,a0_s0.01,0.030814630910754204,4.518403875408694e-05,0.10911983996629715,9.620962796176277,0.1091640293598175,0.10907565802335739,0.10905739665031433,0.10892416536808014,0.10927068442106247,0.10922715067863464,0.05043857917189598,,96,0.5,0.0,True,3.704805805773194e-07,1.6128106722472714e-06,7.538425757411203e-07,8.774091419538143e-07,8.444293300564555e-07,3.296221272269689e-07,0.0,0.01,0.0030168304219841957,0.08698222041130066,0.004496880806982517,0.030814630910754204,2.152316653791786e-07,0.0,0.04272971674799919,0.0,0.004496880806982517,1.5858757518219058e-07,5.772123596569514e-06,3.1507313576900526e-06,4.462401467445452e-06,5.124650766935597e-06,3.140226696285408e-06
7,high_key,stripes_12,a0_s0.1,0.030814630910754204,0.0007531936280429363,0.126792773604393,8.96905497819969,0.12658315896987915,0.12700238823890686,0.12692689895629883,0.1269332766532898,0.12623941898345947,0.12707151472568512,0.04127884283661842,,96,0.5,0.0,True,2.0435519913470488e-05,3.6186983752997606e-06,3.312576038954458e-06,1.2353440840366993e-06,1.3383590115707156e-06,1.255786528057132e-06,0.0,0.1,0.03006933629512787,0.08698222041130066,0.007504315115511417,0.030814630910754204,2.7621290428214706e-06,0.0,0.018572943285107613,0.0,0.007504315115511417,9.167914919671971e-06,1.4677537250650482e-05,1.510736565572738e-05,7.326713688818317e-06,6.297848356980745e-06,6.6250422552918305e-06
7,high_key,stripes_12,a0_s1,0.030814630910754204,0.00832719448953867,0.13680876791477203,8.638860682958725,0.13680599629878998,0.1368115395307541,0.13715413212776184,0.1369107961654663,0.13645783066749573,0.13671226799488068,0.03783749043941498,,96,0.5,0.0,True,1.7668090655765485e-05,4.414814367352568e-06,1.955526610006515e-06,3.8450381297626974e-06,4.0685181157928125e-06,2.7404087751739774e-06,0.0,1.0,0.3243717849254608,0.34232082962989807,0.008324475958943367,0.030814630910754204,2.71847329713637e-06,0.0,0.009705306962132454,0.0,0.008324475958943367,1.0329036491347159e-05,1.304586985914951e-05,9.887989319643425e-06,1.522881455089608e-05,1.6874452818920443e-05,1.0728902646141645e-05
7,high_key,stripes_12,a0.1_s0.1,0.030814630910754204,0.0015002655563876033,0.13859492540359497,8.582526709476102,0.13848799467086792,0.13870185613632202,0.13835082948207855,0.13867102563381195,0.13862530887126923,0.1387326568365097,0.03509266674518585,,96,0.5,0.0,True,1.159843163565248e-05,3.0170900658350777e-06,4.357113400931493e-06,2.1366314307871866e-06,2.7166355460361954e-06,2.649128666512348e-06,0.1,0.1,0.0303970817476511,0.08698222041130066,0.008353075012564659,0.030814630910754204,2.1124591512489133e-05,0.0,0.006438334006816149,0.0,0.008353075012564659,6.116368102711951e-06,1.2186038370338133e-05,1.8177083021330562e-05,1.2350770602287427e-05,1.0609038018562639e-05,9.83286307627834e-06
7,high_key,stripes_12,a1_s0.1,0.030814630910754204,0.0061481124721467495,0.13214606046676636,8.78945779509549,0.13237205147743225,0.13192008435726166,0.13265536725521088,0.13189814984798431,0.13208869099617004,0.1319420337677002,0.02446170151233673,,96,0.5,0.0,True,2.1527374700480275e-05,3.440379431300936e-06,3.5330690300245582e-06,2.0471427253370096e-06,2.0464220746237197e-06,1.8932888160889514e-06,1.0,0.1,0.032394036650657654,0.08698222041130066,0.0078128632158041,0.030814630910754204,0.0010829655220732093,0.0,0.0042838603258132935,0.0,0.0078128632158041,8.27858384587406e-06,1.2782930344160664e-05,1.566358174023146e-05,9.600193276068765e-06,8.787119970081501e-06,7.812657693332227e-06
7,high_key,stripes_12,a1_s1,0.030814630910754204,0.014610900543630123,0.13213235139846802,8.789908363318396,0.1321476548910141,0.13211701810359955,0.13213051855564117,0.13238829374313354,0.13216489553451538,0.13184568285942078,0.02443065121769905,,96,0.5,0.0,True,2.411690978524261e-05,4.349407606256208e-06,3.641870837874434e-06,1.6686518567451769e-06,6.227852380715844e-06,3.7764133247855214e-06,1.0,1.0,0.3244616389274597,0.3405161499977112,0.009241129271686077,0.030814630910754204,0.0010899787303060293,0.0,0.00427979277446866,0.0,0.009241129271686077,1.3463586697539494e-05,1.8347994339010803e-05,1.3468107275335305e-05,6.6477967427544755e-06,2.1587837822196242e-05,1.6236702017680365e-05
11,midtone,clean,identity,3.2764074830993195e-07,3.2764074830993195e-07,0.0,,0.0,0.0,0.0,0.0,0.0,0.0,0.0,0.0,0,0.0,0.0,True,0.0,9.028655815484188e-17,9.028655815484188e-17,9.028655815484188e-17,9.028655815484188e-17,9.028655815484188e-17,0.0,0.0,0.0,0.0,0.0,3.2764074830993195e-07,3.2764074830993195e-07,0.0,0.0,0.0,0.0,0.0,0.0,0.0,0.0,0.0,0.0
11,midtone,clean,global,3.276406914665131e-07,1.6238450939454196e-07,0.0005564332823269069,32.545869011483084,0.0005566210020333529,0.0005562452715821564,0.000558061758056283,0.0005568860215134919,0.0005551801878027618,0.0005556052201427519,0.0005564332823269069,0.0005564332823269069,6,0.0,0.0,True,8.66994662216577e-20,4.2347722915127253e-16,3.09923709258811e-16,3.168757789864878e-16,2.9374312092033024e-16,2.6956418858318813e-16,0.0,0.0,8.562229822928202e-07,0.04296550154685974,-0.0,3.276406914665131e-07,1.6238450939454196e-07,0.0,0.04004501923918724,0.0,-0.0,0.0,0.0,0.0,0.0,0.0,0.0
11,midtone,clean,a0_s0,3.2764074830993195e-07,1.287686046680392e-07,0.0005536889075301588,32.56734176951671,0.0005718219908885658,0.0005355558241717517,0.0006180572672747076,0.0005908689927309752,0.0005255867727100849,0.0004802424809895456,0.0005536889075301588,0.0005536889075301588,96,0.0,0.0,True,6.249044858054038e-05,1.1820261146027997e-05,4.523565671214742e-05,5.2925113713423584e-05,5.154924217017764e-05,0.0003387723814647218,0.0,0.0,1.289632507450733e-07,0.008733239956200123,0.03186202421784401,3.2764074830993195e-07,1.287686046680392e-07,0.0,0.03896597400307655,0.0,0.03186202421784401,2.3687700373271723e-05,4.019116194475137e-05,0.00014373245329781545,0.00016833906713385277,0.0001609286734528139,0.0021114568739129475
11,midtone,clean,a0.01_s0,3.2764074830993195e-07,2.644089533987426e-07,6.646521200082134e-08,71.77405605662726,5.8697342097957517e-08,7.423309966725355e-08,5.679380166156989e-08,6.74160602898155e-08,6.060083279635364e-08,8.105010351755482e-08,6.646521200082134e-08,6.646521200082134e-08,96,0.0,0.0,True,1.186296705399001e-07,3.6070181944654032e-09,2.3541324823454532e-07,1.238483125074029e-07,1.619655579954406e-07,4.1533874836685764e-09,0.01,0.0,1.235622306694495e-07,0.008767488412559032,0.0013301880098879337,3.2764074830993195e-07,2.603959501357167e-07,0.0,4.01301093688744e-07,0.0,0.0013301880098879337,6.442990175506818e-08,1.8388464589668883e-08,8.288580337922668e-07,5.215814662850614e-07,9.007576653196568e-07,2.409942995800684e-08
11,midtone,clean,a0.1_s0,3.2764074830993195e-07,2.8381714400893543e-07,3.4296892437168935e-08,74.64745228602413,3.2360361501559964e-08,3.623341982006423e-08,2.894408446252328e-08,2.632978635119798e-08,3.577664031695349e-08,4.6137049736216795e-08,3.4296892437168935e-08,3.4296892437168935e-08,96,0.0,0.0,True,9.70710799157955e-08,1.2741195651519055e-09,9.536654627008971e-08,4.28813311707709e-08,4.36872165201267e-08,4.8138402423844854e-11,0.1,0.0,1.855338638279136e-07,0.009086341597139835,0.000668938911985606,3.2764074830993195e-07,2.713993296765693e-07,0.0,1.241781859562252e-07,0.0,0.000668938911985606,5.019035869124605e-08,5.3926595345975865e-09,2.975073180390003e-07,1.5698401367473744e-07,2.184981084013221e-07,2.755135228434535e-10
11,midtone,clean,a1_s0,3.2764074830993195e-07,3.10138517534142e-07,9.231775344176185e-09,80.34714772642822,1.0253688564887398e-08,8.209863011643392e-09,8.318394861817069e-09,2.6178399448184564e-09,1.2188977827065628e-08,1.3801891185494242e-08,9.231775344176185e-09,9.231775344176185e-09,96,0.0,0.0,True,4.335924781877329e-08,5.92488547558315e-10,5.737059158254795e-09,1.7916222870906887e-09,1.496505922096104e-09,9.401026034225324e-13,1.0,0.0,2.949290092146839e-07,0.013001123443245888,0.00016891647828742862,3.2764074830993195e-07,3.0130038908282586e-07,0.0,8.838115128639856e-09,0.0,0.00016891647828742862,1.928724416879052e-08,2.189595703293812e-09,1.6226996817122846e-08,5.76270255484169e-09,7.119518843831956e-09,4.578106102895399e-12
11,midtone,clean,a10_s0,3.2764074830993195e-07,3.238951364892273e-07,6.442157918229441e-10,91.90968633416509,7.371391830268692e-10,5.512923451078677e-10,4.771989470242488e-10,1.267633775725585e-10,9.97079530051792e-10,9.75821312643177e-10,6.442157918229441e-10,6.442157918229441e-10,96,0.0,0.0,True,3.095247261278423e-09,4.2777210010487834e-11,1.0356425534961365e-10,2.1314958841396633e-11,1.9079029457912232e-11,6.289189957498811e-14,10.0,0.0,1.4760175872652326e-06,0.0631483718752861,2.5785604520933703e-05,3.2764074830993195e-07,3.207702832241921e-07,0.0,3.1248637011316305e-10,0.0,2.5785604520933703e-05,1.131370017211281e-09,1.299576317874492e-10,2.837830020484266e-10,6.835684084147677e-11,9.343433152198394e-11,3.2246988791266243e-13
11,midtone,clean,a0_s0.01,3.2764074830993195e-07,0.00010119729267898947,1.386947860737564e-05,48.57939864968231,1.1444977644714527e-05,1.629397775104735e-05,1.2190187590022106e-05,1.5876559700700454e-05,1.0699774975364562e-05,1.671139762038365e-05,1.386947860737564e-05,1.386947860737564e-05,96,0.0,0.0,True,2.3053971879885266e-05,4.713868604137429e-06,4.215633118460426e-06,3.4320666222611203e-06,8.061291239559902e-06,4.317508075428403e-06,0.0,0.01,0.003100223373621702,0.009766416624188423,0.009756532497704029,3.2764074830993195e-07,3.6319704577181255e-06,0.0,0.00042910175397992134,0.0,0.009756532497704029,8.675932383869528e-06,1.883266805364744e-05,1.8909317716192447e-05,1.3296923500220175e-05,3.5143739875930364e-05,1.7662276145322596e-05
11,midtone,clean,a0_s0.1,3.2764074830993195e-07,0.0008642874890938401,6.55512667435687e-06,51.83418911381581,3.0370747481356375e-06,1.0073178600578103e-05,3.014680942214909e-06,1.1841005289170425e-05,3.059468099309015e-06,8.305348274006974e-06,6.55512667435687e-06,6.55512667435687e-06,96,0.0,0.0,True,3.299373032099531e-05,5.244224210100069e-06,3.866759012287961e-06,2.765053143238226e-06,1.9383705137144016e-06,4.2599883235914534e-06,0.0,0.1,0.03085513412952423,0.034083545207977295,0.008591585792601109,3.2764074830993195e-07,5.128915290697478e-06,0.0,5.250924368738197e-05,0.0,0.008591585792601109,1.479014271160702e-05,1.9499598761415257e-05,1.5308402511872313e-05,1.2536121817194225e-05,6.7074678958214075e-06,1.5850946075691125e-05
11,midtone,clean,a0_s1,3.2764074830993195e-07,0.008600857108831406,3.996626674052095e-06,53.98306417406984,2.754787828962435e-06,5.238467110757483e-06,2.4694193143659504e-06,7.846208063710947e-06,3.040156116185244e-06,2.6307241114409408e-06,3.996626674052095e-06,3.996626674052095e-06,96,0.0,0.0,True,2.5128122805692736e-05,2.219171091592485e-06,4.244866190351054e-06,3.8298450538497985e-06,5.122737008542735e-06,2.967342617034733e-06,0.0,1.0,0.3131590187549591,0.3437049388885498,0.0085974195972085,3.2764074830993195e-07,3.437752639001701e-06,0.0,3.495902274153195e-05,0.0,0.0085974195972085,1.3924877378141357e-05,9.810738511406303e-06,1.4128682373310608e-05,1.5279309421695874e-05,2.0095897405443562e-05,1.256002976904823e-05
11,midtone,clean,a0.1_s0.1,3.2764074830993195e-07,0.000840570020955056,3.334419488965068e-06,54.7697976435129,4.59120019513648e-06,2.0776381006726297e-06,6.6643628997553606e-06,2.1698474483855534e-06,2.5180363536492223e-06,1.985429889828083e-06,3.334419488965068e-06,3.334419488965068e-06,96,0.0,0.0,True,1.4134805214953483e-05,5.548695775352708e-06,2.846239803526694e-06,4.527827190390173e-06,3.758940370966965e-06,2.614578016993611e-06,0.1,0.1,0.030412109568715096,0.034329190850257874,0.008359542116522789,3.2764074830993195e-07,3.2631714930175804e-06,0.0,1.3526542716135737e-05,0.0,0.008359542116522789,8.552684088795977e-06,1.8049692618748477e-05,9.356791238267778e-06,1.733537720417887e-05,1.608257700701823e-05,1.1587098018066187e-05
11,midtone,clean,a1_s0.1,3.2764074830993195e-07,0.0008894390775822103,2.4523003503418295e-06,56.10426339819288,1.1325987543386873e-06,3.7720019463449717e-06,9.950365438271547e-07,1.6721357951610116e-06,1.270161760658084e-06,5.871867415407905e-06,2.4523003503418295e-06,2.4523003503418295e-06,96,0.0,0.0,True,1.2157650400345994e-05,2.2786743457318503e-06,3.6251242698074e-06,2.779801274831569e-06,2.4512246553307843e-06,3.4676060511261974e-06,1.0,0.1,0.031353577971458435,0.036288660019636154,0.008750620298087597,3.2764074830993195e-07,2.6505201731197303e-06,0.0,1.1726543561962899e-05,0.0,0.008750620298087597,8.185387553736414e-06,9.651497364668764e-06,1.4657510729880566e-05,1.0388994025634272e-05,1.1053153015489027e-05,1.633654451730359e-05
11,midtone,clean,a1_s1,3.2764074830993195e-07,0.008675750344991684,5.127070835442282e-06,52.90130682319852,4.051641099067638e-06,6.202505119290436e-06,6.237371053430252e-06,1.0572171049716417e-05,1.8659084162209183e-06,1.8328361193198361e-06,5.127070835442282e-06,5.127070835442282e-06,96,0.0,0.0,True,2.8482243766429503e-05,5.549391889747474e-06,3.7770348720477475e-06,6.17574217601052e-06,4.704922609777486e-06,2.6694330954976243e-06,1.0,1.0,0.33858218789100647,0.34530869126319885,0.008654202334582806,3.2764074830993195e-07,5.073197371530114e-06,0.0,1.6474599760840647e-05,0.0,0.008654202334582806,1.0372648780029259e-05,1.828819918325317e-05,1.4846772738168642e-05,2.6332932833276798e-05,1.6986835085375192e-05,1.1629256507680666e-05
11,midtone,homogeneous_dark,identity,0.07561609148979187,0.07561609148979187,0.0775909423828125,11.101889733649358,0.07758954167366028,0.0775923877954483,0.0775691568851471,0.07757708430290222,0.07760989665985107,0.0776076540350914,0.0,,0,0.0,0.0,True,0.0,9.028655815484188e-17,9.028655815484188e-17,9.028655815484188e-17,9.028655815484188e-17,9.028655815484188e-17,0.0,0.0,0.0,0.0,0.0,0.07561609148979187,0.07561609148979187,0.0,0.0,0.0,0.0,0.0,0.0,0.0,0.0,0.0,0.0
11,midtone,homogeneous_dark,global,0.07561609148979187,1.103007249980692e-07,0.0011335457675158978,29.455609403117595,0.0011338996700942516,0.0011331916321069002,0.0011368540581315756,0.0011343206278979778,0.0011309455148875713,0.0011320627527311444,0.07573127001523972,,6,0.0,0.0,True,1.9081807630504744e-16,3.0843660177321077e-16,8.117417899884394e-16,8.179928929041899e-16,8.835464688515284e-16,2.87728339760703e-16,0.0,0.0,4.8199499360634945e-06,0.24280895292758942,0.0,0.07561609148979187,1.103007249980692e-07,0.0,0.10001436620950699,0.0,0.0,0.0,0.0,0.0,0.0,0.0,0.0
11,midtone,homogeneous_dark,a0_s0,0.07561609148979187,8.821373853606929e-08,0.0011335588060319424,29.455559449042813,0.0011359768686816096,0.0011311410926282406,0.0011392835294827819,0.0011326199164614081,0.0011326702078804374,0.0011296618031337857,0.0757313221693039,,96,0.0,0.0,True,4.8765271636318206e-08,1.0410102698513606e-08,2.7948737740004105e-07,1.0682077894439653e-07,2.0724993671045387e-07,3.5265436794649943e-07,0.0,0.0,1.2015337915727287e-06,0.060703448951244354,0.0013588753063231707,0.07561609148979187,8.821373853606929e-08,0.0,0.10001590102910995,0.0,0.0013588753063231707,2.4715090137655843e-08,4.173315492836968e-08,6.69101404584397e-07,3.3703644982882633e-07,8.484296758343218e-07,1.6567278960932314e-06
11,midtone,homogeneous_dark,a0.01_s0,0.07561609148979187,0.0005320711061358452,0.0005412030732259154,32.66639745922775,0.0005378726054914296,0.0005445335991680622,0.0005377638153731823,0.0005436077481135726,0.000537981279194355,0.0005454594502225518,0.07509972900152206,,96,0.0,0.0,True,9.058606633580513e-08,5.106726999334e-08,2.399924620611388e-07,3.198944155694931e-07,2.5690481712222684e-07,1.5637410682325106e-06,0.01,0.0,0.00018388635362498462,0.060703448951244354,0.0016011008992791176,0.07561609148979187,3.198114427505061e-06,0.0,0.05288730189204216,0.0,0.0016011008992791176,4.3799048495689884e-08,2.1526467991473636e-07,6.38597314691284e-07,8.20211626563618e-07,8.170077233004749e-07,5.034072586506381e-06
11,midtone,homogeneous_dark,a0.1_s0,0.07561609148979187,0.004307370632886887,0.00029528693994507194,35.29755760739684,0.00029093772172927856,0.00029963592533022165,0.00028746671159751713,0.0002969485067296773,0.0002944091393146664,0.00030232357676140964,0.07000991702079773,,96,0.0,0.0,True,2.1305007191843545e-06,6.194090335283401e-07,7.375106976229618e-08,4.671362014112073e-08,3.770386734432123e-08,1.1766562153383867e-06,0.1,0.0,2.2394895040633855e-06,0.060703448951244354,0.001262238947674632,0.07561609148979187,0.00015338572848122567,0.0,0.04153985157608986,0.0,0.001262238947674632,6.340826056681764e-07,2.002790598135659e-06,2.0584451424095907e-07,1.4457147024123558e-07,1.608425126036554e-07,2.9649000742160525e-06
11,midtone,homogeneous_dark,a1_s0,0.07561609148979187,0.031229279935359955,0.011413313448429108,19.425882553656887,0.011336741968989372,0.01148988213390112,0.011302719824016094,0.011458775959908962,0.011370765045285225,0.011520992033183575,0.029679546132683754,,96,0.0,0.0,True,7.350835640696805e-06,8.797260193652792e-08,2.7039496773123057e-08,3.318474027482977e-08,2.9427042389775286e-08,8.248756556449544e-07,1.0,0.0,7.007326985331019e-07,0.060703448951244354,0.0008760985219851136,0.07561609148979187,0.010763152502477169,0.0,0.02046612650156021,0.0,0.0008760985219851136,2.2215177902205434e-06,2.637613499617163e-07,6.436651842057124e-08,7.884544301565258e-08,6.897013786819232e-08,2.1644656662926176e-06
11,midtone,homogeneous_dark,a10_s0,0.07561609148979187,0.06753318011760712,0.06189899891614914,12.083163747069907,0.06185811758041382,0.061939869076013565,0.06182838976383209,0.06191440299153328,0.06188785284757614,0.06196536123752594,0.0008912080083973706,,96,0.0,0.0,True,4.462145453318195e-07,1.9964954457792146e-09,1.6064580079260298e-09,1.6172245207183621e-09,1.6098613088739974e-09,1.5638676574971845e-08,10.0,0.0,1.3052293752480182e-06,0.060703448951244354,0.00016361568123102188,0.07561609148979187,0.060140177607536316,0.0,0.000739299866836518,0.0,0.00016361568123102188,1.3371923576147726e-07,5.216377609322503e-09,3.96145485660991e-09,3.987126073081564e-09,3.9736337757244556e-09,4.03856692779466e-08
11,midtone,homogeneous_dark,a0_s0.01,0.07561609148979187,3.4243879781570286e-05,0.0011300689075142145,29.468950740026226,0.001129902433604002,0.0011302356142550707,0.001130613381974399,0.0011309173423796892,0.0011291918344795704,0.001129553304053843,0.07574404776096344,,96,0.0,0.0,True,2.7314483641978994e-07,4.3899821750431905e-08,2.4182624828554625e-06,2.522239870967213e-06,1.9302351626032006e-06,8.209741037142444e-08,0.0,0.01,0.002731305779889226,0.060703448951244354,0.0033917613327503204,0.07561609148979187,3.262674681536737e-07,0.0,0.09979993849992752,0.0,0.0033917613327503204,1.3737746692652074e-07,2.8275794305975963e-07,6.354262790816909e-06,7.140099608657376e-06,4.441277316216008e-06,7.535871849283176e-07
11,midtone,homogeneous_dark,a0_s0.1,0.07561609148979187,0.0007463744841516018,0.0009700336377136409,30.132132055068233,0.000970002671238035,0.0009700640221126378,0.0009746781433932483,0.0009676783811300993,0.0009653278393670917,0.0009724504197947681,0.07588599622249603,,96,0.0,0.0,True,6.055536976642225e-06,1.2653041405295078e-06,4.43328920495844e-06,8.078059789476985e-06,3.06149052473438e-06,2.1928096700653195e-06,0.0,0.1,0.028361286967992783,0.060703448951244354,0.007454999722540379,0.07561609148979187,8.745014952182828e-07,0.0,0.08062682300806046,0.0,0.007454999722540379,3.1347093591843753e-06,6.9047738174705486e-06,1.2094289463269155e-05,2.3095384445004326e-05,9.79889577658928e-06,1.1520038596109917e-05
11,midtone,homogeneous_dark,a0_s1,0.07561609148979187,0.009065610356628895,0.0005128590855747461,32.90001946319069,0.0005069604958407581,0.0005187575006857514,0.0005139396525919437,0.0005208894144743681,0.0004999812226742506,0.0005166258779354393,0.07680705934762955,,96,0.0,0.0,True,2.6121064978894843e-05,2.4030001728570253e-06,5.941188081895941e-06,7.96900657584074e-06,4.245688989212792e-06,2.174124815516313e-06,0.0,1.0,0.303536057472229,0.32887446880340576,0.009061312302947044,0.07561609148979187,4.298355179344071e-06,0.0,0.054295171052217484,0.0,0.009061312302947044,1.206734710226462e-05,1.3433587134455824e-05,1.7027576685715848e-05,2.2866817772512736e-05,1.850989760347755e-05,9.624312085974003e-06
11,midtone,homogeneous_dark,a0.1_s0.1,0.07561609148979187,0.0050870799459517,0.00031983095686882734,34.95079502607805,0.0003176663303747773,0.0003219956997781992,0.00033168174559250474,0.00032356337760575116,0.00030365088605321944,0.00032042773091234267,0.0699491873383522,,96,0.0,0.0,True,1.6945473343010503e-05,1.0188039553958822e-06,2.067023285093466e-06,2.5658557757716814e-06,2.223447253332985e-06,4.171964848910513e-06,0.1,0.1,0.031134098768234253,0.060703448951244354,0.007723195478320122,0.07561609148979187,0.00015580288891214877,0.0,0.04158957302570343,0.0,0.007723195478320122,9.451933476511976e-06,6.040850590047742e-06,9.000892520301916e-06,8.11098803050938e-06,9.831559081393887e-06,1.5171858107865788e-05
11,midtone,homogeneous_dark,a1_s0.1,0.07561609148979187,0.03199763223528862,0.011409314349293709,19.427404540274956,0.011500874534249306,0.011317756026983261,0.011457454413175583,0.011258644983172417,0.011544294655323029,0.011376868933439255,0.029689626768231392,,96,0.0,0.0,True,8.844347767234257e-06,2.757782251781473e-06,1.7586788096114217e-06,2.865964312460289e-06,2.786220694511479e-06,5.850216845322639e-06,1.0,0.1,0.03133152052760124,0.060703448951244354,0.007557958364486694,0.07561609148979187,0.010757502168416977,0.0,0.020484335720539093,0.0,0.007557958364486694,5.053073463153597e-06,1.2882042757858528e-05,6.849069981104363e-06,9.62730710036066e-06,9.10561861450866e-06,2.30807673078778e-05
11,midtone,homogeneous_dark,a1_s1,0.07561609148979187,0.03933870792388916,0.011341526173055172,19.45328500651326,0.011254090815782547,0.01142896804958582,0.011132408864796162,0.01148118358105421,0.011375761590898037,0.011376750655472279,0.029808737337589264,,96,0.0,0.0,True,3.424715699296422e-05,2.5060024269776517e-06,2.9686380275385074e-06,5.018204105904813e-06,4.272109692321155e-06,3.434936789796212e-06,1.0,1.0,0.32483628392219543,0.33342674374580383,0.00809401273727417,0.07561609148979187,0.010686657391488552,0.0,0.020558036863803864,0.0,0.00809401273727417,1.2588996598381064e-05,1.2784926988470417e-05,1.0245899444146586e-05,1.8595114762391106e-05,1.2284828553199938e-05,1.421747726432951e-05
11,midtone,homogeneous_bright,identity,0.07549559324979782,0.07549559324979782,0.07738542556762695,11.11340824737821,0.07738436013460159,0.07738648355007172,0.07736587524414062,0.07736381888389587,0.07740285992622375,0.07740914076566696,0.0,,0,0.01654730923473835,0.01654730923473835,True,0.0,9.028655815484188e-17,9.028655815484188e-17,9.028655815484188e-17,9.028655815484188e-17,9.028655815484188e-17,0.0,0.0,0.0,0.0,0.0,0.07549559324979782,0.07549559324979782,0.0,0.0,0.0,0.0,0.0,0.0,0.0,0.0,0.0,0.0
11,midtone,homogeneous_bright,global,0.07549559324979782,1.861383225332247e-07,0.00033288373379036784,34.77707425923776,0.00033301927032880485,0.00033274819725193083,0.00033375926432199776,0.00033351226011291146,0.00033227927633561194,0.0003319841343909502,0.07931388169527054,,6,0.01654730923473835,0.0,True,8.256651340157342e-17,5.365535850243307e-16,3.4260788768300054e-16,3.912929912606087e-16,3.7726386331235006e-16,1.0922875722084285e-16,0.0,0.0,5.326300197339151e-06,0.6272588968276978,-0.0,0.07549559324979782,1.861383225332247e-07,0.0,0.05922721326351166,0.0,-0.0,0.0,0.0,0.0,0.0,0.0,0.0
11,midtone,homogeneous_bright,a0_s0,0.07549559324979782,1.5074519410518405e-07,0.0003330896724946797,34.77438832478753,0.00033062195871025324,0.0003355573571752757,0.0003303663688711822,0.0003351948980707675,0.00033087763586081564,0.0003359197289682925,0.0793144553899765,,96,0.01654730923473835,0.0,True,5.324500491046505e-07,2.2744509978691384e-06,2.835758900487262e-07,8.685025130711343e-08,2.1968500194660887e-07,4.7455895187345625e-06,0.0,0.0,1.3350346534934943e-06,0.15682031214237213,0.0027215182781219482,0.07549559324979782,1.5074519410518405e-07,0.0,0.05924028158187866,0.0,0.0027215182781219482,1.8197938705163194e-07,5.2373972796550834e-06,1.189254069330209e-06,5.132576434106715e-07,1.539028825988514e-06,2.1158017221436323e-05
11,midtone,homogeneous_bright,a0.01_s0,0.07549559324979782,0.00018296425696462393,5.842409791512182e-06,52.33407984515698,6.304486760200234e-06,5.380331003834726e-06,6.55234089208534e-06,5.571659130509943e-06,6.05663353780983e-06,5.1890042414015625e-06,0.07702416926622391,,96,0.01654730923473835,0.0,True,7.678532486789937e-08,8.394490765589825e-07,4.347455297712442e-07,1.418704403860607e-07,3.0975982986720875e-07,3.382836483223199e-06,0.01,0.0,0.00015602826897520572,0.15682031214237213,0.0021438056137412786,0.07549559324979782,1.0454308494445286e-06,0.0,0.018191883340477943,0.0,0.0021438056137412786,4.149588647348018e-08,1.8266560753950922e-06,1.437615948041667e-06,5.690788141604504e-07,1.5185324593177812e-06,9.968245340708661e-06
11,midtone,homogeneous_bright,a0.1_s0,0.07549559324979782,0.0013704990269616246,6.272663449635729e-05,42.0254801325767,6.196221511345357e-05,6.349105387926102e-05,6.309724994935095e-05,6.378752004820853e-05,6.0827187553513795e-05,6.319460226222873e-05,0.07378381490707397,,96,0.01654730923473835,0.0,True,3.124406434150716e-07,2.9725580141865923e-07,9.260552190982286e-08,3.46362221820256e-08,4.662270310522466e-08,3.591577936676563e-07,0.1,0.0,4.885709472546296e-07,0.15682031214237213,0.001012190361507237,0.07549559324979782,3.510625538183376e-05,0.0,0.013353927992284298,0.0,0.001012190361507237,1.277137723874868e-07,6.599701634303562e-07,2.960455979181276e-07,1.4102366047841328e-07,2.445566399159033e-07,8.98014963449489e-07
11,midtone,homogeneous_bright,a1_s0,0.07549559324979782,0.011254662647843361,0.0022443882189691067,26.489020196202183,0.0022302118595689535,0.002258564345538616,0.0022338537964969873,0.002257987391203642,0.0022265715524554253,0.002259141067042947,0.053330905735492706,,96,0.01654730923473835,0.0,True,6.424118896748162e-07,1.6211029541321303e-07,1.1808053320139897e-08,2.2810174928734933e-09,5.087904778820075e-09,2.0646856185723553e-07,1.0,0.0,9.075255320567521e-07,0.15682031214237213,0.0005534569500014186,0.07549559324979782,0.0021419536788016558,0.0,0.009112709201872349,0.0,0.0005534569500014186,2.3337644074802138e-07,3.6658628667797176e-07,3.353921595653086e-08,7.939003019005222e-09,2.0632947468624257e-08,5.242962089467779e-07
11,midtone,homogeneous_bright,a10_s0,0.07549559324979782,0.045029520988464355,0.029054343700408936,15.367889302582503,0.028960300609469414,0.02914837934076786,0.028941912576556206,0.02912180684506893,0.028978688642382622,0.029174966737627983,0.011607009917497635,,96,0.01654730923473835,0.0,True,5.986891641612408e-07,2.2135084059524972e-08,2.7462537124768586e-09,1.6218442477918525e-09,2.1380862267766607e-09,3.455611684381544e-08,10.0,0.0,2.6715190415416146e-06,0.15682031214237213,0.00027754067559726536,0.07549559324979782,0.028322551399469376,0.0,0.0016706971218809485,0.0,0.00027754067559726536,1.9316373278330351e-07,5.3400729292692406e-08,7.333251342308425e-09,4.434141180828333e-09,6.185279500248026e-09,8.920860661645253e-08
11,midtone,homogeneous_bright,a0_s0.01,0.07549559324979782,3.1609946745447814e-05,0.00032784618088044226,34.843298711166064,0.0003280115488450974,0.00032768098753876984,0.00032771992846392095,0.00032765159267000854,0.00032830314012244344,0.0003277100622653961,0.07930152118206024,,96,0.01654730923473835,0.0,True,1.9628278775896633e-07,9.000764537301242e-07,2.9390739644318537e-07,4.899368710389839e-07,6.993949309335895e-07,1.6365131559793537e-07,0.0,0.01,0.002805751282721758,0.15682031214237213,0.003134645987302065,0.07549559324979782,2.6348749315729947e-07,0.0,0.058945249766111374,0.0,0.003134645987302065,7.262606074864946e-08,3.71078963871382e-06,1.3384445977336693e-06,2.670797383141033e-06,3.420481818908202e-06,1.3444891255737215e-06
11,midtone,homogeneous_bright,a0_s0.1,0.07549559324979782,0.000610706047154963,0.00011834729957627133,39.26841647261761,0.00011965986777795479,0.00011703466589096934,0.00011984205775661394,0.00011547291069291532,0.00011947769235121086,0.00011859645019285381,0.07852237671613693,,96,0.01654730923473835,0.0,True,1.226902936822431e-05,1.981988716374327e-06,1.606240245392728e-06,8.847298446946855e-07,1.252371572515373e-06,1.808140190277299e-06,0.0,0.1,0.030336806550621986,0.15682031214237213,0.006090794689953327,0.07549559324979782,1.6265393014691654e-06,0.0,0.04237766191363335,0.0,0.006090794689953327,6.192832489246294e-06,7.822674649673147e-06,6.709094965993116e-06,5.350412707528201e-06,6.662817967953943e-06,1.030375253557867e-05
11,midtone,homogeneous_bright,a0_s1,0.07549559324979782,0.007846780121326447,8.872056241671089e-06,50.51975713773912,1.1421369890740607e-05,6.32274714007508e-06,7.570941306767054e-06,6.722717444063164e-06,1.5271791198756546e-05,5.922780019318452e-06,0.07784969359636307,,96,0.01654730923473835,0.0,True,1.6894315194673636e-05,2.8276548529065562e-06,3.1296768415371477e-06,1.753229413988447e-06,3.4587752293364864e-06,3.0119079382170693e-06,0.0,1.0,0.30705663561820984,0.3347291052341461,0.007842323742806911,0.07549559324979782,4.456805982044898e-06,0.0,0.018699025735259056,0.0,0.007842323742806911,7.929043649135796e-06,8.686716040980792e-06,1.6129718957360603e-05,7.418773300852326e-06,1.5018344729619961e-05,1.3619202635237884e-05
11,midtone,homogeneous_bright,a0.1_s0.1,0.07549559324979782,0.002128426218405366,6.342555570881814e-05,41.97735718978664,6.50310394121334e-05,6.18200792814605e-05,7.01527897035703e-05,5.6374294217675924e-05,5.9909303672611713e-05,6.726584979332983e-05,0.07376457005739212,,96,0.01654730923473835,0.0,True,6.80439149652616e-06,4.178523180604754e-06,1.5337671220462516e-06,1.8430665751060095e-06,3.5256446208294695e-06,2.829723912726033e-06,0.1,0.1,0.03284909948706627,0.15682031214237213,0.007548968307673931,0.07549559324979782,3.7343739677453414e-05,0.0,0.013361855410039425,0.0,0.007548968307673931,3.6241151244453716e-06,1.494406841066106e-05,6.99507345805483e-06,9.285578792625955e-06,1.31253697631499e-05,1.136820675367584e-05
11,midtone,homogeneous_bright,a1_s0.1,0.07549559324979782,0.011933933943510056,0.002248448319733143,26.48117090178609,0.0021843111608177423,0.0023125845473259687,0.0022704717703163624,0.002369221532717347,0.0020981517154723406,0.002255948493257165,0.05332978814840317,,96,0.01654730923473835,0.0,True,9.670096718447591e-06,4.311351674794568e-06,1.871949518840349e-06,2.366558073444154e-06,4.267431241850169e-06,1.753182847001793e-06,1.0,0.1,0.03136199340224266,0.15682031214237213,0.006665336433798075,0.07549559324979782,0.00214560329914093,0.0,0.009121797047555447,0.0,0.006665336433798075,3.7070827830498724e-06,1.3308543141314971e-05,6.135751506591271e-06,1.104209864802823e-05,1.675998258729656e-05,6.218692224020317e-06
11,midtone,homogeneous_bright,a1_s1,0.07549559324979782,0.019134342670440674,0.0022296342067420483,26.51766381357294,0.0024254051968455315,0.0020338634494692087,0.002513437531888485,0.002217503497377038,0.0023373726289719343,0.0018502229359000921,0.053471073508262634,,96,0.01654730923473835,0.0,True,5.7380021601867264e-05,5.6964637647977744e-06,2.81977885595383e-06,1.9550830333875746e-06,3.2048727054323303e-06,2.4663687397778714e-06,1.0,1.0,0.3219764828681946,0.34637022018432617,0.007853129878640175,0.07549559324979782,0.002125645987689495,0.0,0.009155566804111004,0.0,0.007853129878640175,2.3576906408652978e-05,1.6026856364356552e-05,1.172995162671497e-05,9.265642245427883e-06,1.2179225087153035e-05,8.415262569427333e-06
11,midtone,left_right,identity,0.07555952668190002,0.07555952668190002,0.0774879977107048,11.107655611282748,0.07758954167366028,0.07738648355007172,0.0775691568851471,0.07736381888389587,0.07760989665985107,0.07740914076566696,0.0,,0,0.008517795242369175,0.008517795242369175,True,0.0,9.028655815484188e-17,9.028655815484188e-17,9.028655815484188e-17,9.028655815484188e-17,9.028655815484188e-17,0.0,0.0,0.0,0.0,0.0,0.07555952668190002,0.07555952668190002,0.0,0.0,0.0,0.0,0.0,0.0,0.0,0.0,0.0,0.0
11,midtone,left_right,global,0.07555952668190002,0.006240783259272575,0.009877245873212814,20.053641352512884,0.014176266267895699,0.005578231532126665,0.014174235984683037,0.0055852108635008335,0.014178292825818062,0.0055712428875267506,0.04529113695025444,,6,0.008517795242369175,0.0,True,1.1958062899717307e-16,1.1563882038749193e-16,3.234762356821651e-16,3.580381900957734e-16,4.1392429794484596e-16,1.514615376882655e-16,0.0,0.0,0.0016665346920490265,0.24334409832954407,-0.0,0.07555952668190002,0.006240783259272575,0.0,0.33518949151039124,0.0,-0.0,0.0,0.0,0.0,0.0,0.0,0.0
11,midtone,left_right,a0_s0,0.07555952668190002,0.0007817295845597982,0.0024582273326814175,26.09377956777557,0.0024292534217238426,0.0024872005451470613,0.0024304974358528852,0.002492695115506649,0.0024280098732560873,0.0024817069061100483,0.07565253227949142,,96,0.008517795242369175,0.0,True,0.2696882529390718,0.014449387240051534,0.022963107286332194,0.02307782639346007,0.02307177086086451,0.003204328720545571,0.0,0.0,0.00022823014296591282,0.10870631039142609,0.29944732785224915,0.07555952668190002,0.0007817295845597982,0.0,0.17548662424087524,0.0,0.29944732785224915,0.08500195452806542,0.07853298236002947,0.06593600218190751,0.06617786134940391,0.06622516602122694,0.024072760900287087
11,midtone,left_right,a0.01_s0,0.07555952668190002,0.002185648772865534,0.0021899156272411346,26.59572617273795,0.0022371215745806694,0.002142710145562887,0.0022350570652633905,0.0021490028593689203,0.0022391858510673046,0.002136416733264923,0.07322461903095245,,96,0.008517795242369175,0.0,True,0.36227906200983057,0.01490512897781438,0.006749333734888015,0.006816821985388567,0.006817143882357157,0.011837652848906907,0.01,0.0,0.00019743699522223324,0.10870631039142609,0.2630796730518341,0.07555952668190002,0.00110524776391685,0.0,0.10804011672735214,0.0,0.2630796730518341,0.11141913566054885,0.06608340337475783,0.019864405990612833,0.020004813895522115,0.020036950803576203,0.06783448412637366
11,midtone,left_right,a0.1_s0,0.07555952668190002,0.007195120677351952,0.0038265176117420197,24.171962834674765,0.003748048096895218,0.003904985962435603,0.0037361520808190107,0.003911539446562529,0.003759943414479494,0.003898434340953827,0.06600993871688843,,96,0.008517795242369175,0.0,True,0.41988914662095,0.008822741575185112,0.0018791175154356592,0.0019179734512061548,0.0019155052983762808,0.004161619423017844,0.1,0.0,1.5576547411910724e-06,0.10870631039142609,0.15593859553337097,0.07555952668190002,0.0032520019449293613,0.0,0.03943118825554848,0.0,0.15593859553337097,0.12807537087184728,0.03058061018623332,0.004866635790733145,0.00495377783673251,0.0049547844166172505,0.01565555757380341
11,midtone,left_right,a1_s0,0.07555952668190002,0.027072463184595108,0.01362141128629446,18.657778937376534,0.020253725349903107,0.006989097222685814,0.02020779810845852,0.006992485839873552,0.02029966562986374,0.006985705811530352,0.03502864018082619,,96,0.008517795242369175,0.0,True,0.20362272382547333,0.0042533527574403944,0.0007592362051365402,0.0007676114033233063,0.0007674026799678745,0.0003865048653001624,1.0,0.0,1.1349163742124802e-06,0.10870631039142609,0.07297208160161972,0.07555952668190002,0.012900162488222122,0.0,0.014172299765050411,0.0,0.07297208160161972,0.060098741902922914,0.01134989099344147,0.001847688172992746,0.0018670730784273511,0.0018674330577114514,0.0012154791759270834
11,midtone,left_right,a10_s0,0.07555952668190002,0.05890816077589989,0.04961349070072174,13.04400215843694,0.06565233319997787,0.033574674278497696,0.06562063843011856,0.0335468165576458,0.06568393111228943,0.03360254317522049,0.005064872559159994,,96,0.008517795242369175,0.0,True,0.014615006026167818,0.00022750740499634384,4.826073264708399e-05,4.871410122153969e-05,4.8711551317551394e-05,1.550835380858415e-05,10.0,0.0,2.2851538687973516e-06,0.10870631039142609,0.01589171029627323,0.07555952668190002,0.048257432878017426,0.0,0.001065072719939053,0.0,0.01589171029627323,0.00422104420452882,0.0005500196064006664,0.00011669107900237647,0.00011774794414412642,0.00011777352235386588,3.863938558108152e-05
11,midtone,left_right,a0_s0.01,0.07555952668190002,0.0017016169149428606,0.003213869407773018,24.929717743168652,0.0032650690991431475,0.003162669949233532,0.003271724097430706,0.0031659698579460382,0.003258416196331382,0.0031593695748597383,0.07298122346401215,,96,0.008517795242369175,0.0,True,0.6155424313713685,0.00048089585505370217,7.818015985466741e-07,7.881012173214162e-07,1.1861135245656248e-06,2.2801377913735374e-08,0.0,0.01,0.0024724819231778383,0.10870631039142609,0.0655195564031601,0.07555952668190002,0.0010464213555678725,0.0,0.19757916033267975,0.0,0.0655195564031601,0.18922143753955925,0.0027059907993641627,4.889552477224673e-06,4.680383454538048e-06,6.1456845806195545e-06,2.1961881424559677e-07
11,midtone,left_right,a0_s0.1,0.07555952668190002,0.006981917191296816,0.003666522214189172,24.35745679420436,0.003761943429708481,0.003571102162823081,0.003774782409891486,0.003558285068720579,0.003749103518202901,0.00358391972258687,0.0648687332868576,,96,0.008517795242369175,0.0,True,0.537530043674022,1.156162589323527e-06,4.193187742086808e-06,9.100848558346635e-07,5.026878426673565e-06,3.8430325329472206e-07,0.0,0.1,0.025233393535017967,0.10870631039142609,0.051163412630558014,0.07555952668190002,0.0018655761377885938,0.0,0.1398661881685257,0.0,0.051163412630558014,0.16113984057088823,8.435020746419515e-06,1.824622161816692e-05,4.060393591770451e-06,1.8606152966270517e-05,3.1240126585618887e-06
11,midtone,left_right,a0_s1,0.07555952668190002,0.030751138925552368,0.02467811293900013,16.0768805256069,0.04106698930263519,0.008289249613881111,0.041105952113866806,0.008281928487122059,0.0410279855132103,0.008296563290059566,0.022939976304769516,,96,0.008517795242369175,0.0,True,1.8205391915355356e-05,2.25551467793834e-06,2.5232831837582543e-06,3.143705141760774e-06,4.160789894955046e-06,1.2576986748181962e-06,0.0,1.0,0.28849485516548157,0.32157039642333984,0.008046128787100315,0.07555952668190002,0.022705011069774628,0.0,0.06167472526431084,0.0,0.008046128787100315,8.973156883230164e-06,1.2177598823937013e-05,1.0574214031908027e-05,1.0964151702693351e-05,1.6434497989680758e-05,1.054174637149171e-05
11,midtone,left_right,a0.1_s0.1,0.07555952668190002,0.014499427750706673,0.005620014388114214,22.502625725678413,0.005206471774727106,0.006033558864146471,0.005189825780689716,0.006043018773198128,0.005223115906119347,0.006024097092449665,0.058760061860084534,,96,0.008517795242369175,0.0,True,0.5576052695898898,1.0909911537634823e-05,5.620339135340467e-06,1.1128782871865287e-05,2.8613205882162913e-06,5.84026325064716e-06,0.1,0.1,0.028135405853390694,0.10870631039142609,0.053922004997730255,0.07555952668190002,0.004856593906879425,0.0,0.04250633344054222,0.0,0.053922004997730255,0.16708006071797554,4.242869586228762e-05,2.0097486630117188e-05,2.829316553320073e-05,1.0416123547429614e-05,2.8940170609135198e-05
11,midtone,left_right,a1_s0.1,0.07555952668190002,0.03300746902823448,0.016447044909000397,17.839121217262942,0.024239234626293182,0.008654856123030186,0.024242758750915527,0.008694875985383987,0.02423570305109024,0.008614830672740936,0.030931629240512848,,96,0.008517795242369175,0.0,True,0.1951188170169742,0.002790635079925156,9.318844838504193e-05,0.00010412885967696254,9.29722295242333e-05,7.410535460001657e-06,1.0,0.1,0.023559071123600006,0.10870631039142609,0.049361228942871094,0.07555952668190002,0.01567535288631916,0.0,0.012395993806421757,0.0,0.049361228942871094,0.057366895491199096,0.007574137605482278,0.00022945692042691636,0.00024376820461319867,0.00022709681291788875,2.6664545604483465e-05
11,midtone,left_right,a1_s1,0.07555952668190002,0.05961992219090462,0.0368039496243,14.341055724135236,0.057768967002630234,0.015838950872421265,0.057959869503974915,0.015870466828346252,0.057578034698963165,0.015807442367076874,0.01285023707896471,,96,0.008517795242369175,0.0,True,0.019653275359440007,1.15153489053216e-05,2.0434027279173257e-06,2.653456272587102e-06,1.6461130282954805e-06,2.720333148823306e-06,1.0,1.0,0.2875711917877197,0.32147496938705444,0.016796600073575974,0.07555952668190002,0.035631176084280014,0.0,0.007192144636064768,0.0,0.016796600073575974,0.005843541145455284,3.842860276790422e-05,1.0734892096494011e-05,1.0386249151008937e-05,5.84436269108205e-06,1.2554501699845456e-05
11,midtone,quadrants,identity,0.07556113600730896,0.07556113600730896,0.07748586684465408,11.107775040887242,0.07748601585626602,0.07748573273420334,0.0775691568851471,0.07736381888389587,0.07740285992622375,0.0776076540350914,0.0,,0,0.00884331576526165,0.00884331576526165,True,0.0,9.028655815484188e-17,9.028655815484188e-17,9.028655815484188e-17,9.028655815484188e-17,9.028655815484188e-17,0.0,0.0,0.0,0.0,0.0,0.07556113600730896,0.07556113600730896,0.0,0.0,0.0,0.0,0.0,0.0,0.0,0.0,0.0,0.0
11,midtone,quadrants,global,0.07556113600730896,0.006240942049771547,0.009876856580376625,20.053812524785606,0.00987110286951065,0.0098826102912426,0.014174305833876133,0.005585135892033577,0.005567898042500019,0.014180082827806473,0.04528918117284775,,6,0.00884331576526165,0.0,True,1.3010416647120594e-16,1.2352676774585185e-16,3.1381092969023453e-16,3.801008594345907e-16,3.808346729253409e-16,1.6132693035470483e-16,0.0,0.0,0.0016665647272020578,0.2433495670557022,-0.0,0.07556113600730896,0.006240942049771547,0.0,0.3351905643939972,0.0,-0.0,0.0,0.0,0.0,0.0,0.0,0.0
11,midtone,quadrants,a0_s0,0.07556113600730896,0.00114943936932832,0.004058354534208775,23.916500160693353,0.003968092612922192,0.004148618318140507,0.003510339418426156,0.00404578261077404,0.0044258409179747105,0.004251452628523111,0.0751950666308403,,96,0.00884331576526165,0.0,True,0.2945341970660888,0.008176107999679171,0.019280756397328163,0.019298372348968054,0.01930815064711316,0.0016697971933254034,0.0,0.0,0.00026594693190418184,0.10039286315441132,0.49649590253829956,0.07556113600730896,0.00114943936932832,0.0,0.23346976935863495,0.0,0.49649590253829956,0.12054171142610785,0.05335588044818341,0.07434798999033024,0.07454395109390728,0.07458449607169347,0.013705781116823846
11,midtone,quadrants,a0.01_s0,0.07556113600730896,0.003145183902233839,0.004097123630344868,23.87520931051376,0.003991489764302969,0.004202754702419043,0.0036339042708277702,0.00394637044519186,0.004349080845713615,0.004459140822291374,0.07213863730430603,,96,0.00884331576526165,0.0,True,0.35887081258104025,0.00935172738589163,0.006638110174962988,0.006664417496376523,0.0066682505273392345,0.006712603424851838,0.01,0.0,0.0002220793830929324,0.10039286315441132,0.42204904556274414,0.07556113600730896,0.0016303213778883219,0.0,0.15148626267910004,0.0,0.42204904556274414,0.13850160800721623,0.05061672631816959,0.02587735486431131,0.02603034428963706,0.026050729646988863,0.04279360292793506
11,midtone,quadrants,a0.1_s0,0.07556113600730896,0.00991140678524971,0.007115356624126434,21.478033280450738,0.0068790544755756855,0.007351661566644907,0.0067345923744142056,0.006901984568685293,0.0070235165767371655,0.007801333907991648,0.06294234097003937,,96,0.00884331576526165,0.0,True,0.3846837453286896,0.007282453069662786,0.0018265565225481421,0.0018398427175653341,0.00184074216257582,0.00357243768376391,0.1,0.0,1.1520249927343684e-06,0.10039286315441132,0.27633315324783325,0.07556113600730896,0.00491126487031579,0.0,0.05000142380595207,0.0,0.27633315324783325,0.14529591267428404,0.03151835224163857,0.0058865236828292995,0.0059386443536762696,0.005941584029752675,0.014405595243562195
11,midtone,quadrants,a1_s0,0.07556113600730896,0.03160318732261658,0.019152525812387466,17.17773943677237,0.01884475350379944,0.019460299983620644,0.027852438390254974,0.010102793574333191,0.009837063029408455,0.028817802667617798,0.030287835747003555,,96,0.00884331576526165,0.0,True,0.16045416767523996,0.003359655149466772,0.0006012730259322145,0.000604710771363444,0.0006049701354209783,0.0004226989045167376,1.0,0.0,1.3416727142612217e-06,0.10039286315441132,0.1326248198747635,0.07556113600730896,0.017716769129037857,0.0,0.01388641819357872,0.0,0.1326248198747635,0.05574691215818752,0.010612734889086428,0.0017250081071853627,0.0017357340784523259,0.001736608039484787,0.0014638700433309245
11,midtone,quadrants,a10_s0,0.07556113600730896,0.06097763031721115,0.05289861187338829,12.765557242528565,0.052742619067430496,0.05305462330579758,0.06875839829444885,0.036993011832237244,0.03672681748867035,0.06911623477935791,0.004244663752615452,,96,0.00884331576526165,0.0,True,0.01046290722772032,0.00015698173391123752,3.461476933720737e-05,3.4827126472862115e-05,3.4835740331404865e-05,1.065253922437263e-05,10.0,0.0,1.783990910553257e-06,0.10039286315441132,0.028261501342058182,0.07556113600730896,0.05146845430135727,0.0,0.0009509175433777273,0.0,0.028261501342058182,0.0034844462077199823,0.00043644675931992004,9.652312384169334e-05,9.713454034825791e-05,9.716648055614589e-05,3.015225478175537e-05
11,midtone,quadrants,a0_s0.01,0.07556113600730896,0.0025972367729991674,0.0045126997865736485,23.45563557543725,0.004400020930916071,0.004625379107892513,0.004172065295279026,0.004251370206475258,0.004627975169569254,0.004999388474971056,0.07189153879880905,,96,0.00884331576526165,0.0,True,0.6444876252747385,6.743298024411433e-08,9.143846380741858e-07,7.089904240012818e-07,4.682990784164411e-07,3.6159393059069166e-09,0.0,0.01,0.0021450347267091274,0.10039286315441132,0.12024541199207306,0.07556113600730896,0.001394782681018114,0.0,0.2682953178882599,0.0,0.12024541199207306,0.23795817320599105,6.104774520898416e-07,4.830722696937818e-06,5.384174799880079e-06,2.7935952634471247e-06,3.769249677654718e-08
11,midtone,quadrants,a0_s0.1,0.07556113600730896,0.010093272663652897,0.007777881342917681,21.09138686607583,0.007795768324285746,0.00775999017059803,0.010234350338578224,0.0051130857318639755,0.005357197020202875,0.01040689367800951,0.048066914081573486,,96,0.00884331576526165,0.0,True,0.12063724211444153,3.4132722466697877e-07,4.81616679859442e-06,6.0567516563405565e-06,2.575680947283162e-06,8.134630080949545e-08,0.0,0.1,0.0214510727673769,0.10039286315441132,0.05202048271894455,0.07556113600730896,0.004891224205493927,0.0,0.20366986095905304,0.0,0.05202048271894455,0.04312002268022008,2.70804136891229e-06,1.9103455925512106e-05,2.1491745708642654e-05,1.2216166331214232e-05,1.0168012074401945e-06
11,midtone,quadrants,a0_s1,0.07556113600730896,0.030288562178611755,0.023022528737783432,16.378469762513788,0.023011116310954094,0.02303393930196762,0.039320606738328934,0.006599385756999254,0.006701622158288956,0.03946848213672638,0.025651000440120697,,96,0.00884331576526165,0.0,True,3.8540510363935047e-05,1.0069835122434425e-06,8.104212686042656e-06,4.048015677372076e-06,6.9478172136011514e-06,6.687192641497103e-07,0.0,1.0,0.2666572332382202,0.33244943618774414,0.00939672440290451,0.07556113600730896,0.020891837775707245,0.0,0.07291800528764725,0.0,0.00939672440290451,1.8052254705718454e-05,6.178591747216238e-06,3.092649753914565e-05,1.4874009122760881e-05,2.9300719256182493e-05,5.013693727726144e-06
11,midtone,quadrants,a0.1_s0.1,0.07556113600730896,0.02205348014831543,0.009385651908814907,20.275355567593852,0.009234387427568436,0.009536915458738804,0.010912058874964714,0.007475140038877726,0.007556712254881859,0.011598696000874043,0.04664003103971481,,96,0.00884331576526165,0.0,True,0.3592342177988381,1.0595625018484631e-05,8.288325123268466e-06,7.888135188714493e-06,4.295830182535545e-06,2.024853534329886e-06,0.1,0.1,0.026549629867076874,0.10039286315441132,0.09032148867845535,0.07556113600730896,0.007661299780011177,0.0,0.05360032245516777,0.0,0.09032148867845535,0.12843385022808795,5.315712807568728e-05,2.891160239976831e-05,2.3109879458358486e-05,1.608548390660589e-05,1.4747740644412856e-05
11,midtone,quadrants,a1_s0.1,0.07556113600730896,0.04085322096943855,0.024111652746796608,16.17773019642749,0.023874111473560333,0.024349194020032883,0.035802796483039856,0.012073083780705929,0.01194541621953249,0.03662531077861786,0.02364366315305233,,96,0.00884331576526165,0.0,True,0.12945879171202004,0.0010926638315882802,2.5678488482368843e-05,2.253218646286302e-05,2.1265912073682568e-05,1.2391715285486002e-05,1.0,0.1,0.023763077333569527,0.10039286315441132,0.07298923283815384,0.07556113600730896,0.022844277322292328,0.0,0.010710018686950207,0.0,0.07298923283815384,0.04484905657490978,0.0034751647756782853,7.391557222045553e-05,6.747222385215256e-05,6.402279118643317e-05,4.1255108748269325e-05
11,midtone,quadrants,a1_s1,0.07556113600730896,0.06143815815448761,0.04466034844517708,13.500778928358457,0.04460584744811058,0.044714853167533875,0.07039979100227356,0.019501514732837677,0.01881193369626999,0.06992817670106888,0.010152144357562065,,96,0.00884331576526165,0.0,True,4.154879312618751e-05,5.612611516523248e-06,6.342070790044325e-06,2.6918580954946255e-06,1.6176865876839513e-06,1.4830318081262058e-06,1.0,1.0,0.3002660870552063,0.3495778441429138,0.008673695847392082,0.07556113600730896,0.04323197901248932,0.0,0.00953247956931591,0.0,0.008673695847392082,1.8127609032844462e-05,1.9533544357595646e-05,2.5244927125385986e-05,1.1577816628459964e-05,7.788404787316781e-06,8.527952234236252e-06
11,midtone,smooth_gradient,identity,0.025565480813384056,0.025565480813384056,0.02639022469520569,15.785569120356339,0.027153320610523224,0.025627121329307556,0.027152156457304955,0.02562895603477955,0.027154486626386642,0.025625301524996758,0.0,,0,0.00016276042151730508,0.00016276042151730508,True,0.0,9.028655815484188e-17,9.028655815484188e-17,9.028655815484188e-17,9.028655815484188e-17,9.028655815484188e-17,0.0,0.0,0.0,0.0,0.0,0.025565480813384056,0.025565480813384056,0.0,0.0,0.0,0.0,0.0,0.0,0.0,0.0,0.0,0.0
11,midtone,smooth_gradient,global,0.025565480813384056,0.0021324758417904377,0.0058393776416778564,22.336334373376154,0.007065826095640659,0.004612927790731192,0.0070725358091294765,0.004616629332304001,0.007059117313474417,0.004609227646142244,0.016413820907473564,,6,0.00016276042151730508,0.0,True,1.0140217282751905e-16,1.3929729724466573e-16,3.752544199354676e-16,3.126702618448099e-16,3.765253435668433e-16,1.3925362879683142e-16,0.0,0.0,0.0006576617597602308,0.08078548312187195,-0.0,0.025565480813384056,0.0021324758417904377,0.0,0.31999459862709045,0.0,-0.0,0.0,0.0,0.0,0.0,0.0,0.0
11,midtone,smooth_gradient,a0_s0,0.025565480813384056,8.754267037147656e-05,0.001076416578143835,29.680196221857408,0.0014662514440715313,0.0006865818286314607,0.0014696274884045124,0.0006874425453133881,0.0014628758653998375,0.0006857207627035677,0.02630564197897911,,96,0.00016276042151730508,0.0,True,0.06330984577140544,0.009489407738924845,0.00720384169887798,0.0072576184702987726,0.007241093839403526,0.0008240718629855281,0.0,0.0,7.537106284871697e-05,0.06119746342301369,0.11860539019107819,0.025565480813384056,8.754267037147656e-05,0.0,0.073766328394413,0.0,0.11860539019107819,0.01756110638174087,0.03505152711071655,0.016974906078066232,0.017122640013812543,0.017076110510677714,0.004480086487181259
11,midtone,smooth_gradient,a0.01_s0,0.025565480813384056,0.00031765486346557736,0.00041941055678762496,33.773606423091316,0.0007532599847763777,8.556133252568543e-05,0.000753588683437556,8.583757153246552e-05,0.000752930820453912,8.528511534677818e-05,0.02550954930484295,,96,0.00016276042151730508,0.0,True,0.11469789598415324,0.009743614916261386,0.0010587722957112512,0.001081442272962183,0.001073280826989593,0.002814339466735575,0.01,0.0,4.741399243357591e-05,0.06119746342301369,0.09307336062192917,0.025565480813384056,0.0001635145308682695,0.0,0.015414033085107803,0.0,0.09307336062192917,0.03179174250775741,0.03291431837462925,0.002534819372643111,0.0025938499526313853,0.0025694419478492665,0.009487374916843995
11,midtone,smooth_gradient,a0.1_s0,0.025565480813384056,0.0012475872645154595,0.00046677602222189307,33.30891461290289,0.0008284441428259015,0.00010510756692383438,0.0008275610161945224,0.0001054491731338203,0.0008293279679492116,0.00010476594616193324,0.02400171011686325,,96,0.00016276042151730508,0.0,True,0.14540468185391783,0.0032620265906240804,0.0005571576648568342,0.0005675418435963608,0.000564181686795714,0.00011620753483819067,0.1,0.0,7.293970725186227e-07,0.06119746342301369,0.06351113319396973,0.025565480813384056,0.00032583458232693374,0.0,0.009217526763677597,0.0,0.06351113319396973,0.04080975301677182,0.008594583067031767,0.0012872936493632842,0.0013112051990845457,0.0013029599163915744,0.0003304317585508307
11,midtone,smooth_gradient,a1_s0,0.025565480813384056,0.007328520063310862,0.002604312263429165,25.84306944007986,0.004128541797399521,0.0010800838936120272,0.004118470475077629,0.0010803076438605785,0.004138612188398838,0.0010798589792102575,0.013789402320981026,,96,0.00016276042151730508,0.0,True,0.08338675406704872,0.0015186742745366402,0.0002951962593643736,0.00029762200657280045,0.0002969578115150829,4.003291680021935e-05,1.0,0.0,4.2204754890917684e-07,0.06119746342301369,0.04555689916014671,0.025565480813384056,0.0023740967735648155,0.0,0.004954423289746046,0.0,0.04555689916014671,0.02325359776378098,0.0037317972253842454,0.0006806670863406017,0.0006863036547777414,0.0006847120015470947,0.00011271379920398404
11,midtone,smooth_gradient,a10_s0,0.025565480813384056,0.019638564437627792,0.016128750517964363,17.923992757711034,0.02075956203043461,0.01149793528020382,0.020751070231199265,0.011492162011563778,0.02076806128025055,0.011503707617521286,0.0016338727436959743,,96,0.00016276042151730508,0.0,True,0.006926384611014094,0.00010398047115371482,2.294795860391692e-05,2.3088949541802984e-05,2.305306693823693e-05,7.902482131233234e-06,10.0,0.0,1.4496105222860933e-06,0.06119746342301369,0.012984908185899258,0.025565480813384056,0.015516857616603374,0.0,0.00041217062971554697,0.0,0.012984908185899258,0.0019299719530457755,0.00024312652817182505,5.335935295023348e-05,5.369871995592893e-05,5.3609172878295644e-05,2.347108744865604e-05
11,midtone,smooth_gradient,a0_s0.01,0.025565480813384056,0.0005978748667985201,0.0012465710751712322,29.04282954484982,0.001453748089261353,0.001039394410327077,0.001458583865314722,0.0010379937011748552,0.001448913011699915,0.0010407944209873676,0.02578815445303917,,96,0.00016276042151730508,0.0,True,0.22245948958430795,5.787199752192656e-05,4.867145991089798e-06,4.441151858163032e-06,4.715165662159966e-06,2.704853154284189e-07,0.0,0.01,0.0028432596009224653,0.06119746342301369,0.04523244872689247,0.025565480813384056,0.00014555039524566382,0.0,0.062018752098083496,0.0,0.04523244872689247,0.0627258401811702,0.00020223744404878827,1.7693900347646096e-05,1.5851772076814484e-05,1.6554198070197994e-05,2.6829543879891793e-06
11,midtone,smooth_gradient,a0_s0.1,0.025565480813384056,0.004693205468356609,0.0010687076719477773,29.71141072922061,0.0014262653421610594,0.0007111497689038515,0.0014102963032200933,0.0007349936058744788,0.0014422346139326692,0.0006873059901408851,0.02147103101015091,,96,0.00016276042151730508,0.0,True,0.1864653811714471,9.522439365816949e-06,6.286182071996089e-06,3.857990907136168e-06,3.3640355478002553e-06,2.4383406919756184e-06,0.0,0.1,0.029382992535829544,0.06119746342301369,0.04171079024672508,0.025565480813384056,0.0005221262690611184,0.0,0.023634063079953194,0.0,0.04171079024672508,0.052183725825035186,3.341639307435571e-05,2.0930559166091726e-05,1.7310005497963923e-05,1.1493415371754892e-05,1.2816246290178047e-05
11,midtone,smooth_gradient,a0_s1,0.025565480813384056,0.02155464142560959,0.013476597145199776,18.70419753766942,0.019486136734485626,0.007467052899301052,0.019797496497631073,0.007590730208903551,0.019174790009856224,0.0073433732613921165,0.004018303472548723,,96,0.00016276042151730508,0.0,True,0.0001520658401685331,3.212073036948604e-06,5.01652716832576e-06,4.66370477346967e-06,3.4903904385169674e-06,2.539267426982527e-06,0.0,1.0,0.28539833426475525,0.32666832208633423,0.00933109037578106,0.025565480813384056,0.01222355104982853,0.0,0.020259175449609756,0.0,0.00933109037578106,4.633954960716386e-05,1.6703099850547843e-05,1.8227883748043895e-05,2.164463884783392e-05,1.0987994630273917e-05,1.5558224975450296e-05
11,midtone,smooth_gradient,a0.1_s0.1,0.025565480813384056,0.006090803071856499,0.0008979491540230811,30.467482543709878,0.0013714432716369629,0.00042445474537089467,0.0014019892551004887,0.00044231588253751397,0.0013408977538347244,0.00040659395745024085,0.02015821635723114,,96,0.00016276042151730508,0.0,True,0.18481358707444365,1.4883729053375502e-05,1.0495130771974826e-05,2.6701204906648904e-06,1.2825496432763678e-05,5.164677135905995e-06,0.1,0.1,0.029953163117170334,0.06119746342301369,0.0441221222281456,0.025565480813384056,0.0007602142868563533,0.0,0.009183763526380062,0.0,0.0441221222281456,0.05181357811864784,4.6877732976893e-05,3.547468155308339e-05,9.352452666200193e-06,3.768847381482763e-05,2.6923354705792342e-05
11,midtone,smooth_gradient,a1_s0.1,0.025565480813384056,0.011468054726719856,0.004026261158287525,23.95098058576851,0.006216038949787617,0.0018364829011261463,0.00610761484131217,0.00191380619071424,0.006324464920908213,0.0017591598443686962,0.01110469363629818,,96,0.00016276042151730508,0.0,True,0.08122276845564397,0.0005164511343128455,3.107622873740833e-05,1.130560695226438e-05,1.3425042257692645e-05,5.638761336545032e-06,1.0,0.1,0.02230461686849594,0.06119746342301369,0.035874269902706146,0.025565480813384056,0.0037604831159114838,0.0,0.0041201445274055,0.0,0.035874269902706146,0.022566438809741907,0.0012691144180182509,7.921632124760731e-05,3.325511763229639e-05,3.843264108085595e-05,1.8274432217860974e-05
11,midtone,smooth_gradient,a1_s1,0.025565480813384056,0.030984926968812943,0.017330896109342575,17.611789811244464,0.02391766384243965,0.010744122788310051,0.023714952170848846,0.010661137290298939,0.02412039414048195,0.010827108286321163,0.0018110680393874645,,96,0.00016276042151730508,0.0,True,0.0026070070868478,2.163576231693551e-06,5.177291184730162e-06,5.599808133664497e-06,3.854718652125373e-06,6.456114115806822e-06,1.0,1.0,0.28429970145225525,0.31989848613739014,0.012776301242411137,0.025565480813384056,0.01658415049314499,0.0,0.001624477095901966,0.0,0.012776301242411137,0.0007532110767442447,8.789960482811708e-06,2.2841274966038115e-05,2.3041899517900855e-05,1.6645943739383025e-05,2.4904746038527898e-05
11,midtone,stripes_4,identity,0.05073355883359909,0.05073355883359909,0.07752352207899094,11.105665044722173,0.07751821726560593,0.07752883434295654,0.07749810814857483,0.07751480489969254,0.07753831148147583,0.07754284143447876,0.0,,0,0.0055338540114462376,0.0055338540114462376,True,0.0,9.028655815484188e-17,9.028655815484188e-17,9.028655815484188e-17,9.028655815484188e-17,9.028655815484188e-17,0.0,0.0,0.0,0.0,0.0,0.05073355883359909,0.05073355883359909,0.0,0.0,0.0,0.0,0.0,0.0,0.0,0.0,0.0,0.0
11,midtone,stripes_4,global,0.05073355883359909,0.004388099070638418,0.0122920460999012,19.1037581964124,0.012296203523874283,0.012287888675928116,0.012310933321714401,0.012281302362680435,0.012281474657356739,0.012294470332562923,0.03754980117082596,,6,0.0055338540114462376,0.0,True,1.0777835459265576e-16,1.3183559600813112e-16,3.5611288419414043e-16,3.9281849558562526e-16,3.289333864080928e-16,1.3526287903378675e-16,0.0,0.0,0.0012272843159735203,0.149916410446167,-0.0,0.05073355883359909,0.004388099070638418,0.0,0.3247894048690796,0.0,-0.0,0.0,0.0,0.0,0.0,0.0,0.0
11,midtone,stripes_4,a0_s0,0.05073355883359909,0.004230563063174486,0.012055586092174053,19.18811671191984,0.012092179618775845,0.012018993496894836,0.012108106166124344,0.012007806450128555,0.012076257728040218,0.012030179612338543,0.038492221385240555,,96,0.0055338540114462376,0.0,True,0.013676625854063791,3.0115924790558432e-06,0.00015982613947710222,0.00016513032694936755,0.00016285594042606737,6.881810461781802e-07,0.0,0.0,0.0003046642814297229,0.04065573588013649,0.03853960335254669,0.05073355883359909,0.004230563063174486,0.0,0.3253737986087799,0.0,0.03853960335254669,0.0052175680584610066,3.362829620855157e-05,0.0006818990057668448,0.0007043212540212833,0.000691076905042609,7.239453391413785e-06
11,midtone,stripes_4,a0.01_s0,0.05073355883359909,0.0074935294687747955,0.012621669098734856,18.988832098748613,0.01264786347746849,0.012595469132065773,0.012663964182138443,0.012580914422869682,0.012631770223379135,0.012610022909939289,0.03684546425938606,,96,0.0055338540114462376,0.0,True,0.009244101045397171,7.310978093544355e-06,0.00020255380881071457,0.00020733164276497007,0.00020608436931193543,4.206840940684547e-06,0.01,0.0,0.00022388419893104583,0.04065573588013649,0.036407601088285446,0.05073355883359909,0.004625040106475353,0.0,0.28684893250465393,0.0,0.036407601088285446,0.003627290441248196,6.838382057278164e-05,0.0006544757440026524,0.0006697604351990955,0.0006630311652823792,3.8780079448130717e-05
11,midtone,stripes_4,a0.1_s0,0.05073355883359909,0.021426979452371597,0.024322139099240303,16.13998232107238,0.023761682212352753,0.024882592260837555,0.02377382479608059,0.024853870272636414,0.023749539628624916,0.02491130493581295,0.019952453672885895,,96,0.0055338540114462376,0.0,True,0.005859597681826231,0.0006755678976703085,2.7633021006181787e-05,2.8737708191314598e-05,2.8578884880377315e-05,0.0001103488732486411,0.1,0.0,3.260423966366943e-07,0.04065573588013649,0.032790377736091614,0.05073355883359909,0.013244371861219406,0.0,0.08182608336210251,0.0,0.032790377736091614,0.0021821423641648664,0.002870001581887656,9.548636393002578e-05,9.83947377075974e-05,9.729627934245777e-05,0.000633892945628531
11,midtone,stripes_4,a1_s0,0.05073355883359909,0.0389135479927063,0.05184267461299896,12.85312600893194,0.0519946925342083,0.05169064551591873,0.05199691653251648,0.051651183515787125,0.05199246108531952,0.051730163395404816,0.005571808200329542,,96,0.0055338540114462376,0.0,True,0.003638205616559498,0.00017976239730814727,1.2436263760022052e-05,1.2826972841975308e-05,1.2774413656849342e-05,4.6017495503154834e-05,1.0,0.0,4.182950306130806e-07,0.04065573588013649,0.01745492033660412,0.05073355883359909,0.03309263288974762,0.0,0.005820916965603828,0.0,0.01745492033660412,0.0012272932283619413,0.0005069275733095566,3.6031885340772924e-05,3.7008101844133864e-05,3.677246398622919e-05,0.00013841009350732168
11,midtone,stripes_4,a10_s0,0.05073355883359909,0.047826286405324936,0.07016689330339432,11.538677517890026,0.0711405873298645,0.06919318437576294,0.07112754136323929,0.06916406005620956,0.07115361094474792,0.06922238320112228,0.0006274936022236943,,96,0.0055338540114462376,0.0,True,0.00044690232217449574,7.008334053886004e-06,1.4630511994440705e-06,1.494580586804303e-06,1.489150700382845e-06,4.7346233200254967e-07,10.0,0.0,1.3733424566453323e-06,0.045623667538166046,0.003960066474974155,0.05073355883359909,0.045618779957294464,0.0,0.00022075050219427794,0.0,0.003960066474974155,0.0001375793666129933,1.7787824097879165e-05,3.7774269702164434e-06,3.854361572790349e-06,3.8367382165892255e-06,1.1914049894513537e-06
11,midtone,stripes_4,a0_s0.01,0.05073355883359909,0.004389662761241198,0.012137137353420258,19.15883733212577,0.012167468667030334,0.012106809765100479,0.012179490178823471,0.012099597603082657,0.012155437842011452,0.012114020995795727,0.03797316923737526,,96,0.0055338540114462376,0.0,True,0.007120191387956149,2.56118259391407e-10,2.392228939190597e-06,2.025861725868529e-06,1.4024944872720423e-06,1.7331524641676168e-10,0.0,0.01,0.002176195615902543,0.04065573588013649,0.011381760239601135,0.05073355883359909,0.004275845363736153,0.0,0.32155856490135193,0.0,0.011381760239601135,0.0021398026957456717,3.7721234469324175e-09,1.1891939145566853e-05,9.170122856852494e-06,1.0044815058254244e-05,2.3514949987195104e-09
11,midtone,stripes_4,a0_s0.1,0.05073355883359909,0.005920117720961571,0.013570713810622692,18.67397308135295,0.013586942106485367,0.01355447992682457,0.013594021089375019,0.013554796576499939,0.013579871505498886,0.013554166071116924,0.03461439535021782,,96,0.0055338540114462376,0.0,True,1.0866403662792788e-05,2.7367440255556147e-08,4.531054636738323e-06,4.461505271955545e-06,3.141145673871451e-06,1.684883809562155e-08,0.0,0.1,0.024283261969685555,0.04065573588013649,0.005828340072184801,0.05073355883359909,0.005337283480912447,0.0,0.26201683282852173,0.0,0.005828340072184801,4.970259747827417e-06,3.6999401296922813e-07,1.735843744737114e-05,2.068242882735574e-05,1.2842791208749432e-05,2.658840782543298e-07
11,midtone,stripes_4,a0_s1,0.05073355883359909,0.02630573883652687,0.028544984757900238,15.444701845564605,0.028514960780739784,0.02857501059770584,0.028546608984470367,0.028519801795482635,0.02848329208791256,0.02863023430109024,0.01642526686191559,,96,0.0055338540114462376,0.0,True,4.0376444648205335e-05,3.3323450619350453e-06,4.897261021734051e-06,2.88325446633605e-06,1.7032238602615828e-06,1.089315092782454e-06,0.0,1.0,0.28853195905685425,0.32030120491981506,0.009798455983400345,0.05073355883359909,0.016507282853126526,0.0,0.05956227704882622,0.0,0.009798455983400345,2.0666173538172468e-05,1.8438296939982157e-05,2.3492897536446543e-05,1.1519638815452558e-05,7.946459625128693e-06,9.879496263239664e-06
11,midtone,stripes_4,a0.1_s0.1,0.05073355883359909,0.022716959938406944,0.02458510734140873,16.09327891189979,0.02463921159505844,0.02453100122511387,0.024636846035718918,0.02457483299076557,0.024641571566462517,0.02448718436062336,0.019060133025050163,,96,0.0055338540114462376,0.0,True,0.00014103582420942133,4.208714065326702e-06,4.309875431125066e-06,2.802753110819786e-06,4.758167856591933e-06,6.402151208355019e-07,0.1,0.1,0.026213370263576508,0.04065573588013649,0.008703073486685753,0.05073355883359909,0.013459216803312302,0.0,0.08387434482574463,0.0,0.008703073486685753,4.289527555156786e-05,2.029731368588181e-05,1.8460160929118646e-05,1.2263697793124646e-05,2.149063318517084e-05,5.191667497628238e-06
11,midtone,stripes_4,a1_s0.1,0.05073355883359909,0.04027174413204193,0.05228210240602493,12.816469565739585,0.05278734862804413,0.05177684128284454,0.05281694233417511,0.051660627126693726,0.052757758647203445,0.05189306661486626,0.005068651400506496,,96,0.0055338540114462376,0.0,True,0.0011573475048200616,2.8754889590269396e-06,8.719910137206923e-06,2.219268373153078e-06,1.9505602279428657e-06,3.692165195169081e-06,1.0,0.1,0.029911618679761887,0.04065573588013649,0.010461319237947464,0.05073355883359909,0.033513300120830536,0.0,0.005712311714887619,0.0,0.010461319237947464,0.00035466232986056627,1.0283692846023256e-05,2.7954960424663065e-05,9.352299274965125e-06,8.114990891476494e-06,1.3255215659687365e-05
11,midtone,stripes_4,a1_s1,0.05073355883359909,0.0481693297624588,0.052503541111946106,12.798114045270843,0.05251879617571831,0.052488308399915695,0.05256113409996033,0.052450135350227356,0.05247640237212181,0.05252650007605553,0.004895865451544523,,96,0.0055338540114462376,0.0,True,4.4387928777810303e-05,2.8202950346619324e-06,4.1038833353122765e-06,1.8714643476698287e-06,1.8556210131855652e-06,2.3818740063682327e-06,1.0,1.0,0.30934157967567444,0.33334556221961975,0.008568692952394485,0.05073355883359909,0.03376816213130951,0.0,0.005832474213093519,0.0,0.008568692952394485,2.520861705675517e-05,1.1024597402091464e-05,1.7560628118795435e-05,7.0680878024694305e-06,8.614763071716433e-06,9.97025915852516e-06
11,midtone,stripes_12,identity,0.0010984808905050159,0.0010984808905050159,0.0775909423828125,11.101889733649358,0.07758954167366028,0.0775923877954483,0.0775691568851471,0.07757708430290222,0.07760988175868988,0.0776076465845108,0.0,,0,0.0,0.0,True,0.0,9.028655815484188e-17,9.028655815484188e-17,9.028655815484188e-17,9.028655815484188e-17,9.028655815484188e-17,0.0,0.0,0.0,0.0,0.0,0.0010984808905050159,0.0010984808905050159,0.0,0.0,0.0,0.0,0.0,0.0,0.0,0.0,0.0,0.0
11,midtone,stripes_12,global,0.0010984808905050159,2.4684811705810716e-07,0.05050693824887276,12.966489577977322,0.05050550401210785,0.05050838738679886,0.05050282925367355,0.05049904063344002,0.05050816014409065,0.050517719238996506,0.003999433480203152,,6,0.0,0.0,True,1.3826573933283005e-18,4.1213536155832197e-16,4.2783483752745197e-16,4.024543413141382e-16,3.5850613135890515e-16,2.834148711232592e-16,0.0,0.0,5.006738774682162e-07,0.046763915568590164,-0.0,0.0010984808905050159,2.4684811705810716e-07,0.0,0.03537963703274727,0.0,-0.0,0.0,0.0,0.0,0.0,0.0,0.0
11,midtone,stripes_12,a0_s0,0.0010984808905050159,2.0544152334878163e-07,0.05209922045469284,12.83168774872416,0.05293561890721321,0.05126282945275307,0.05273338779807091,0.05140818655490875,0.05313784256577492,0.05111744999885559,0.0036222338676452637,,96,0.0,0.0,True,7.754552660282738e-07,1.1787092833356022e-06,2.2872687382752813e-07,5.070551374930179e-07,3.817275060885733e-07,8.595744178189015e-05,0.0,0.0,2.6485369630790956e-07,0.01169590000063181,0.006265042349696159,0.0010984808905050159,2.0544152334878163e-07,0.0,0.030984895303845406,0.0,0.006265042349696159,3.188007630509394e-07,4.093100975891374e-06,9.08889636063532e-07,1.900750130656137e-06,1.6463943202924601e-06,0.0003783615972626635
11,midtone,stripes_12,a0.01_s0,0.0010984808905050159,3.8734415284125134e-06,0.08418008685112,10.747906305131247,0.08412626385688782,0.08423390984535217,0.08413633704185486,0.08424149453639984,0.0841161459684372,0.08422629535198212,0.001285527483560145,,96,0.0,0.0,True,3.782923418006483e-07,9.165972894166746e-08,2.593252727066017e-07,2.0040855721977494e-07,1.813490117343133e-07,1.656027968738913e-07,0.01,0.0,3.6351869425743644e-07,0.01169590000063181,0.0017413310706615448,0.0010984808905050159,4.018501158498111e-07,0.0,0.00034715913352556527,0.0,0.0017413310706615448,1.7873001243931666e-07,2.884475770118345e-07,9.508410335244481e-07,9.157371093117322e-07,8.728211548791064e-07,5.10558259481029e-07
11,midtone,stripes_12,a0.1_s0,0.0010984808905050159,3.427252158871852e-05,0.08398880064487457,10.7577862039522,0.08392887562513351,0.08404872566461563,0.08394600450992584,0.08405002951622009,0.08391173928976059,0.08404741436243057,0.0012178453616797924,,96,0.0,0.0,True,3.762494745338309e-07,6.151366095396492e-08,1.0563777267691231e-07,6.373710681942945e-08,5.639172003706505e-08,1.1931880504287834e-07,0.1,0.0,3.555970522484131e-07,0.01169590000063181,0.0009586041560396552,0.0010984808905050159,1.3981408528707107e-06,0.0,0.00032874380121938884,0.0,0.0009586041560396552,1.722387136266078e-07,1.5745710205206683e-07,3.3823937021964574e-07,2.713697215849214e-07,2.4696131015750474e-07,3.0354577401513723e-07
11,midtone,stripes_12,a1_s0,0.0010984808905050159,0.00026764266658574343,0.08237704634666443,10.841937838574065,0.0823088139295578,0.08244528621435165,0.08231431245803833,0.08244413137435913,0.08230326324701309,0.08244646340608597,0.0007475308375433087,,96,0.0,0.0,True,5.046942826346574e-07,2.5688980469030217e-08,8.720882779230778e-09,3.1047504923829576e-09,2.648382627661296e-09,7.463007499701464e-08,1.0,0.0,3.052145416404528e-07,0.01169590000063181,0.00037795412936247885,0.0010984808905050159,6.352261698339134e-05,0.0,0.00020412004960235208,0.0,0.00037795412936247885,1.8529247919514552e-07,6.3223835654238e-08,2.411430831521161e-08,1.1602744484345115e-08,1.1529757444288332e-08,1.8659017266439421e-07
11,midtone,stripes_12,a10_s0,0.0010984808905050159,0.0008433957700617611,0.07888107001781464,11.030272068437142,0.07884854078292847,0.07891359180212021,0.07883400470018387,0.07890297472476959,0.07886302471160889,0.0789242684841156,7.021191413514316e-05,,96,0.0,0.0,True,1.7732263837143648e-07,6.110005075450475e-10,8.069495052938733e-10,5.488502642040347e-10,5.2050530564058e-10,7.0676416302201825e-09,10.0,0.0,1.3516255421563983e-06,0.061927035450935364,0.00011066298611694947,0.0010984808905050159,0.0006457591080106795,0.0,1.9763665477512404e-05,0.0,0.00011066298611694947,5.5595004811150174e-08,1.4912596777352652e-09,2.0647702122200796e-09,1.4510499640567926e-09,1.4445816814738845e-09,1.761577981840577e-08
11,midtone,stripes_12,a0_s0.01,0.0010984808905050159,8.082018030108884e-05,0.07270920276641846,11.384106172326774,0.0726107731461525,0.0728076696395874,0.07246781140565872,0.07265486568212509,0.07275374233722687,0.07296039909124374,0.0011603519087657332,,96,0.0,0.0,True,6.183353405681257e-06,1.8965550155966982e-06,3.252573732933512e-06,4.973968198230988e-06,4.729147732767509e-06,2.7046606783746046e-06,0.0,0.01,0.0033257438335567713,0.01169590000063181,0.007913636974990368,0.0010984808905050159,1.6838125702633988e-06,0.0,0.0026777114253491163,0.0,0.007913636974990368,3.6198159333925233e-06,7.138490910164366e-06,1.126618598535018e-05,2.1743071355452585e-05,1.8763840373698442e-05,1.1984821404719679e-05
11,midtone,stripes_12,a0_s0.1,0.0010984808905050159,0.0008837365894578397,0.07826060056686401,11.064568236743588,0.07817792147397995,0.07834333181381226,0.07819303870201111,0.07820656150579453,0.0781627744436264,0.0784800574183464,0.0011155796237289906,,96,0.0,0.0,True,9.741894741662131e-06,6.26429145272108e-06,3.7980165132544173e-06,2.7996111295507415e-06,3.451140738328221e-06,3.911429394552485e-06,0.0,0.1,0.03062753938138485,0.03406430408358574,0.008814075961709023,0.0010984808905050159,2.3290263015951496e-06,0.0,0.0015564759960398078,0.0,0.008814075961709023,5.630347873980001e-06,2.6540208738166685e-05,1.9732255701183013e-05,9.00001760924853e-06,1.2319857557953626e-05,1.5150451462510346e-05
11,midtone,stripes_12,a0_s1,0.0010984808905050159,0.008717410266399384,0.07887149602174759,11.030799214685366,0.07885594666004181,0.07888704538345337,0.07873213291168213,0.07889824360609055,0.07897978276014328,0.07887580990791321,0.0011118543334305286,,96,0.0,0.0,True,2.1298735869573662e-05,3.089284315007131e-06,5.754705409202725e-06,4.507798274823509e-06,3.87070760279419e-06,3.9191568756133264e-06,0.0,1.0,0.313921183347702,0.34984004497528076,0.008713530376553535,0.0010984808905050159,3.879804353346117e-06,0.0,0.0015488374046981335,0.0,0.008713530376553535,1.0157974369457051e-05,1.397984272421322e-05,2.065762711516344e-05,1.567251269642459e-05,1.4268739894546028e-05,1.6026347782074073e-05
11,midtone,stripes_12,a0.1_s0.1,0.0010984808905050159,0.0008198351715691388,0.08386790007352829,10.764042309290815,0.08421165496110916,0.083524189889431,0.08415263891220093,0.0834764614701271,0.08427062630653381,0.08357184380292892,0.001202416024170816,,96,0.0,0.0,True,3.298445801633214e-05,3.318865856464368e-06,2.766748345150234e-06,1.538604615651559e-06,2.0351786089173273e-06,5.062173018761836e-06,0.1,0.1,0.030988020822405815,0.03590221703052521,0.007795579265803099,0.0010984808905050159,6.661386123596458e-06,0.0,0.0003361586423125118,0.0,0.007795579265803099,1.5423991918937217e-05,1.3260189705334034e-05,1.0776041002722295e-05,7.417271577170699e-06,7.386703734240732e-06,1.547182115732561e-05
11,midtone,stripes_12,a1_s0.1,0.0010984808905050159,0.001168583519756794,0.08241678029298782,10.839843556971562,0.08222489804029465,0.082608662545681,0.08229261636734009,0.0826929584145546,0.08215717226266861,0.08252435177564621,0.000759773189201951,,96,0.0,0.0,True,2.6636578718016658e-05,1.8277717041236017e-06,5.037094291905202e-06,2.770482819754087e-06,2.1383910915832924e-06,1.8651836960808125e-06,1.0,0.1,0.0330079011619091,0.03593366593122482,0.008854741230607033,0.0010984808905050159,6.501664029201493e-05,0.0,0.00021809274039696902,0.0,0.008854741230607033,1.3039439345113038e-05,6.903491786978542e-06,2.013837811233268e-05,1.4471033850988904e-05,1.0388781875072168e-05,8.965011476247061e-06
11,midtone,stripes_12,a1_s1,0.0010984808905050159,0.00959924329072237,0.0823303759098053,10.84439901651744,0.08236541599035263,0.08229532837867737,0.08214705437421799,0.08250932395458221,0.08258379250764847,0.08208134770393372,0.0007509836577810347,,96,0.0,0.0,True,2.9216156037348654e-05,6.423386194066662e-06,6.154613537524394e-06,5.5760679160123344e-06,1.2810903078239553e-06,1.8736263343563656e-06,1.0,1.0,0.2946290671825409,0.34197622537612915,0.00930917076766491,0.0010984808905050159,6.937560101505369e-05,0.0,0.00022069721308071166,0.0,0.00930917076766491,1.3491615762893769e-05,2.4997530061804953e-05,2.3779806905041587e-05,2.364611568898746e-05,5.856527661032237e-06,8.282350682858635e-06
11,dark_structures,clean,identity,0.024714207276701927,0.024714207276701927,0.0,,0.0,0.0,0.0,0.0,0.0,0.0,0.0,0.0,0,0.0,0.0,True,0.0,9.028655815484188e-17,9.028655815484188e-17,9.028655815484188e-17,9.028655815484188e-17,9.028655815484188e-17,0.0,0.0,0.0,0.0,0.0,0.024714207276701927,0.024714207276701927,0.0,0.0,0.0,0.0,0.0,0.0,0.0,0.0,0.0,0.0
11,dark_structures,clean,global,0.024714211001992226,0.00243357359431684,0.017692632973194122,17.522075316668936,0.02205224335193634,0.013333018869161606,0.02115645632147789,0.012938604690134525,0.02294803597033024,0.013727434910833836,0.017692632973194122,0.017692632973194122,6,0.0,0.0,True,3.852642306120364e-17,1.4566256193806676e-16,4.053108168877465e-16,3.7774949555216474e-16,3.6306279076240085e-16,1.2950757299135866e-16,0.0,0.0,0.0006711084861308336,0.08147573471069336,-0.0,0.024714211001992226,0.00243357359431684,0.0,0.3021527826786041,0.0,-0.0,0.0,0.0,0.0,0.0,0.0,0.0
11,dark_structures,clean,a0_s0,0.024714211001992226,0.0018475683173164725,0.020357077941298485,16.912845605712413,0.02752716839313507,0.013186980038881302,0.026437750086188316,0.012574691325426102,0.028616584837436676,0.013799270614981651,0.020357077941298485,0.020357077941298485,96,0.0,0.0,True,0.030550307556750197,0.010247525391578246,0.0019358596443181427,0.0019199444334018665,0.0019186453779183618,1.6057838604798785e-05,0.0,0.0,0.0001977485226234421,0.0243010725826025,0.21888026595115662,0.024714211001992226,0.0018475683173164725,0.0,0.25823166966438293,0.0,0.21888026595115662,0.01611837203173918,0.07005624936197122,0.008234277907435143,0.008162931125301112,0.008174510340683262,0.00017312114489292826
11,dark_structures,clean,a0.01_s0,0.024714211001992226,0.003911078907549381,0.01797778159379959,17.45263899978316,0.024650240316987038,0.011305317282676697,0.02337767742574215,0.010760079137980938,0.025922812521457672,0.011850562877953053,0.01797778159379959,0.01797778159379959,96,0.0,0.0,True,0.020074067872354537,0.022618186539383633,0.00011400268309160404,0.00010871224040548786,0.0001116331172801175,0.013551998416657928,0.01,0.0,0.00013767820200882852,0.0243010725826025,0.23985037207603455,0.024714211001992226,0.0023480441886931658,0.0,0.15630346536636353,0.0,0.23985037207603455,0.011055704853640347,0.12685441650489387,0.0006074396627890235,0.0005786566189491077,0.0005947401670600956,0.08694893496643182
11,dark_structures,clean,a0.1_s0,0.024714211001992226,0.01043439470231533,0.010140116326510906,19.939570627865088,0.014603974297642708,0.005676263943314552,0.013932024128735065,0.005256559234112501,0.015275910496711731,0.006095964927226305,0.010140116326510906,0.010140116326510906,96,0.0,0.0,True,0.008085867641797459,0.008080243833911692,6.697525996595927e-05,6.68483924657782e-05,6.673728691379502e-05,0.008116125015690395,0.1,0.0,2.812089405779261e-07,0.0243010725826025,0.14534445106983185,0.024714211001992226,0.006819393951445818,0.0,0.0361500047147274,0.0,0.14534445106983185,0.0035469034842662878,0.03577552985893565,0.00024378141224811283,0.00023924915401358376,0.00024091320982440524,0.03670312303480463
11,dark_structures,clean,a1_s0,0.024714211001992226,0.01852029375731945,0.0031226894352585077,25.054712060548816,0.004320723935961723,0.0019246542360633612,0.004091138020157814,0.0018096924759447575,0.004550311714410782,0.0020396155305206776,0.0031226894352585077,0.0031226894352585077,96,0.0,0.0,True,0.006179260883460489,0.0007917814402042013,2.4656704939323467e-05,2.4746314102704197e-05,2.4588465566108546e-05,0.000726309247242326,1.0,0.0,3.460878872374451e-07,0.0243010725826025,0.054368264973163605,0.024714211001992226,0.015418421477079391,0.0,0.00310187297873199,0.0,0.054368264973163605,0.002325789788421017,0.0027628650593177323,7.651124452212339e-05,7.644699099725128e-05,7.610561316820552e-05,0.0025385379666182095
11,dark_structures,clean,a10_s0,0.024714211001992226,0.023478982970118523,0.00016687816241756082,37.77600491134151,0.0002200906164944172,0.00011366569378878921,0.00020646530902013183,0.00010910834680544212,0.00023371583665721118,0.00011822310625575483,0.00016687816241756082,0.00016687816241756082,96,0.0,0.0,True,0.0002508154380782121,1.8860625550582717e-05,8.61362358825298e-07,8.641048475948079e-07,8.608092810034162e-07,1.8669486385356867e-05,10.0,0.0,1.4115056501395884e-06,0.05498793348670006,0.008479204028844833,0.024714211001992226,0.022399036213755608,0.0,0.00010799464507726952,0.0,0.008479204028844833,9.060502489416213e-05,5.938944565620675e-05,2.5839668051131678e-06,2.588060419734629e-06,2.5795434885558533e-06,6.0523049822357824e-05
11,dark_structures,clean,a0_s0.01,0.024714211001992226,0.0023143894504755735,0.019208716228604317,17.16501659264467,0.024767547845840454,0.013649885542690754,0.02378547564148903,0.013275026343762875,0.02574962005019188,0.014024745672941208,0.019208716228604317,0.019208716228604317,96,0.0,0.0,True,0.031943348935663626,1.131914282791505e-08,5.351436226458625e-06,7.2580371326201e-06,5.153766002402237e-06,8.885855973133157e-10,0.0,0.01,0.0019593529868870974,0.0243010725826025,0.03159010410308838,0.024714211001992226,0.001998488325625658,0.0,0.2835160195827484,0.0,0.03159010410308838,0.011586483391415195,1.2394904012891432e-07,1.9616385845341876e-05,3.0008477233850943e-05,1.9263501668759728e-05,1.0316507648156347e-08
11,dark_structures,clean,a0_s0.1,0.024714211001992226,0.0044051045551896095,0.014499098062515259,18.386590128447303,0.018058225512504578,0.010939969681203365,0.017351269721984863,0.010587997734546661,0.01876518689095974,0.011291949078440666,0.014499098062515259,0.014499098062515259,96,0.0,0.0,True,5.5936909443687195e-05,2.2967166544993842e-07,3.2184397249822656e-06,2.911006752294245e-06,5.596016594873004e-06,8.904760342067316e-08,0.0,0.1,0.024754764512181282,0.033830903470516205,0.007174315396696329,0.024714211001992226,0.0036876732483506203,0.0,0.19139569997787476,0.0,0.007174315396696329,2.03627187121405e-05,2.4910749836237624e-06,1.426242280599412e-05,1.0548007977125162e-05,2.146922310737816e-05,1.337009632659812e-06
11,dark_structures,clean,a0_s1,0.024714211001992226,0.020872406661510468,0.005117801949381828,22.909165246142997,0.005821263417601585,0.004414341412484646,0.0057201809249818325,0.00433613546192646,0.005922346375882626,0.004492545500397682,0.005117801949381828,0.005117801949381828,96,0.0,0.0,True,2.7341149715835376e-05,1.656438749233286e-06,3.426321562992675e-06,3.85523881308831e-06,2.7790200125639814e-06,1.707149804411189e-06,0.0,1.0,0.30602678656578064,0.3376075029373169,0.00869012251496315,0.024714211001992226,0.012182284146547318,0.0,0.022171668708324432,0.0,0.00869012251496315,1.3632503549421467e-05,8.004529684724701e-06,1.199488362680559e-05,1.5218830605465864e-05,1.4776253584247099e-05,1.2150592459403423e-05
11,dark_structures,clean,a0.1_s0.1,0.024714211001992226,0.01459000539034605,0.0064821564592421055,21.88280490649468,0.008030042983591557,0.004934269469231367,0.007659898139536381,0.004810923710465431,0.008400187827646732,0.005057617090642452,0.0064821564592421055,0.0064821564592421055,96,0.0,0.0,True,0.0006227803652571533,1.0772907291798926e-05,5.266142783446714e-06,5.5733254474399135e-06,1.8331730743569268e-06,1.941384935120528e-06,0.1,0.1,0.027303554117679596,0.033563800156116486,0.011983548291027546,0.024714211001992226,0.009427865035831928,0.0,0.03963785246014595,0.0,0.011983548291027546,0.00022134975266200786,4.6385343291845875e-05,1.8194240920718744e-05,2.0044775162058148e-05,7.651375066835773e-06,1.204468122693875e-05
11,dark_structures,clean,a1_s0.1,0.024714211001992226,0.021301064640283585,0.002034640870988369,26.91512235830387,0.002455754205584526,0.0016135270707309246,0.002209592843428254,0.0015301299281418324,0.0027019167318940163,0.001696923514828086,0.002034640870988369,0.002034640870988369,96,0.0,0.0,True,0.0015761819944881596,2.207220224603622e-05,6.883527364811313e-06,2.5130190959590423e-06,1.4369968662276429e-06,1.5612529518896062e-05,1.0,0.1,0.028218716382980347,0.037111084908246994,0.01444520428776741,0.024714211001992226,0.01780255325138569,0.0,0.002053991425782442,0.0,0.01444520428776741,0.0005604301578793822,6.782985241461602e-05,1.912785468876144e-05,9.037880016767104e-06,5.520423613328123e-06,5.775704730424391e-05
11,dark_structures,clean,a1_s1,0.024714211001992226,0.02907252497971058,0.0018140894826501608,27.413412945291114,0.0018582841148599982,0.0017698953161016107,0.0017708931118249893,0.0017613430973142385,0.0019456744194030762,0.0017784469528123736,0.0018140894826501608,0.0018140894826501608,96,0.0,0.0,True,5.09523525105607e-05,4.0864040050116784e-06,5.417672246331531e-06,3.068070493009657e-06,4.481557569516103e-06,9.614344663076632e-07,1.0,1.0,0.29667016863822937,0.33927375078201294,0.008237103000283241,0.024714211001992226,0.018822383135557175,0.0,0.0020130379125475883,0.0,0.008237103000283241,2.1669058200861308e-05,1.8800714013061522e-05,1.92732291940662e-05,1.2317116481029263e-05,1.4049305587777898e-05,3.7226535250700516e-06
11,dark_structures,homogeneous_dark,identity,0.10357194393873215,0.10357194393873215,0.05833692103624344,12.340564962334197,0.05247936770319939,0.06419450044631958,0.053726088255643845,0.06489475071430206,0.05123263970017433,0.06349421292543411,0.0,,0,0.0,0.0,True,0.0,9.028655815484188e-17,9.028655815484188e-17,9.028655815484188e-17,9.028655815484188e-17,9.028655815484188e-17,0.0,0.0,0.0,0.0,0.0,0.10357194393873215,0.10357194393873215,0.0,0.0,0.0,0.0,0.0,0.0,0.0,0.0,0.0,0.0
11,dark_structures,homogeneous_dark,global,0.10357194393873215,0.003298987401649356,0.015356449410319328,18.13709186632399,0.019079316407442093,0.011633582413196564,0.018313422799110413,0.011291945353150368,0.019845210015773773,0.011975222267210484,0.09335878491401672,,6,0.0,0.0,True,1.0016588134036107e-16,2.1552574606362109e-16,7.42452235343857e-16,7.515474876887348e-16,5.551100051855505e-16,1.6999348935541455e-16,0.0,0.0,0.0020643635652959347,0.24746891856193542,-0.0,0.10357194393873215,0.003298987401649356,0.0,0.2321932315826416,0.0,-0.0,0.0,0.0,0.0,0.0,0.0,0.0
11,dark_structures,homogeneous_dark,a0_s0,0.10357194393873215,0.002438920084387064,0.01833837479352951,17.366391555513367,0.025047745555639267,0.011629006825387478,0.02398393116891384,0.011087576858699322,0.02611156553030014,0.01217043399810791,0.09613148123025894,,96,0.0,0.0,True,0.007613594189430317,0.005119658862194892,0.0007361191070604619,0.0007213003748183265,0.0007312578382492758,0.0013571653331407444,0.0,0.0,0.00045987506746314466,0.062438856810331345,0.16121399402618408,0.10357194393873215,0.002438920084387064,0.0,0.2069173902273178,0.0,0.16121399402618408,0.00396268748522402,0.035986110614348386,0.002680371753924298,0.002608403161997855,0.002654914043908299,0.011446100184999686
11,dark_structures,homogeneous_dark,a0.01_s0,0.10357194393873215,0.00442067626863718,0.016950689256191254,17.70812637633498,0.023252427577972412,0.010648947209119797,0.022198693826794624,0.01010954100638628,0.02430618554353714,0.01118835061788559,0.09414691478013992,,96,0.0,0.0,True,0.009030504356721456,0.005371351701003846,0.00024262931908299433,0.00023893516619375655,0.00024209925898646746,0.005786812695612702,0.01,0.0,0.0003456939884927124,0.062438856810331345,0.16253922879695892,0.10357194393873215,0.002717224881052971,0.0,0.17034514248371124,0.0,0.16253922879695892,0.004676765901695855,0.036923405784610036,0.0009845825971934764,0.0009584389546394282,0.0009760868328835234,0.0395437037747861
11,dark_structures,homogeneous_dark,a0.1_s0,0.10357194393873215,0.014908441342413425,0.009160254150629044,20.380924766940968,0.013036541640758514,0.005283965263515711,0.012456203810870647,0.0049295444041490555,0.013616880401968956,0.005638384260237217,0.08196544647216797,,96,0.0,0.0,True,0.0029653145894850473,0.004941153912440685,9.800401535479956e-05,9.813897205239534e-05,9.771883456454594e-05,0.00703663326043136,0.1,0.0,2.1991807443555444e-05,0.062438856810331345,0.12927916646003723,0.10357194393873215,0.006297128275036812,0.0,0.08611313253641129,0.0,0.12927916646003723,0.0014156736906982522,0.02773089701285372,0.0002934216102944273,0.0002904302857219231,0.00029089500602332615,0.031073614216598548
11,dark_structures,homogeneous_dark,a1_s0,0.10357194393873215,0.05474923551082611,0.007186624687165022,21.434750350582775,0.006053285673260689,0.00831996276974678,0.006267700809985399,0.008420532569289207,0.005838873330503702,0.008219394832849503,0.027951164171099663,,96,0.0,0.0,True,0.00011387075567170924,0.0001976452813385641,4.198883378015999e-07,4.152373658929613e-07,4.156555532528378e-07,0.000950300235986239,1.0,0.0,1.245001726601913e-06,0.062438856810331345,0.02980976551771164,0.10357194393873215,0.029533948749303818,0.0,0.025215284898877144,0.0,0.02980976551771164,5.3450593335693015e-05,0.0008082595990967423,1.5194574298745339e-06,1.516599563489532e-06,1.5178185827859e-06,0.0035611764169245544
11,dark_structures,homogeneous_dark,a10_s0,0.10357194393873215,0.09503769874572754,0.046038668602705,13.368772442702896,0.041165146976709366,0.050912193953990936,0.04217652603983879,0.05147673562169075,0.04015375301241875,0.05034767463803291,0.0007756261620670557,,96,0.0,0.0,True,5.603597370082498e-05,3.395878379861377e-08,1.9919114509377668e-07,1.9920415244470197e-07,1.9930320304830247e-07,2.0891379821016988e-05,10.0,0.0,1.400678002028144e-06,0.062438856810331345,0.004653842654079199,0.10357194393873215,0.08723737299442291,0.0,0.0007800327730365098,0.0,0.004653842654079199,2.1477699163173325e-05,1.2498122947457253e-07,6.294443384662557e-07,6.293429079168033e-07,6.297020597129595e-07,6.842926573702698e-05
11,dark_structures,homogeneous_dark,a0_s0.01,0.10357194393873215,0.0030798970256000757,0.017246587201952934,17.63296831373126,0.02260170876979828,0.011891481466591358,0.021643172949552536,0.011552337557077408,0.02356022037565708,0.012230629101395607,0.09535393118858337,,96,0.0,0.0,True,0.005333357458748627,0.002078164666141893,2.4140619740995486e-06,1.1699213756407982e-06,3.867196769043431e-06,5.643715960785341e-06,0.0,0.01,0.0022276006639003754,0.062438856810331345,0.04567774012684822,0.10357194393873215,0.0026231196243315935,0.0,0.2215481996536255,0.0,0.04567774012684822,0.0019674943088691236,0.015845716090568864,8.018829609566206e-06,4.009318820024365e-06,1.1986969542305244e-05,4.603886455344015e-05
11,dark_structures,homogeneous_dark,a0_s0.1,0.10357194393873215,0.004435131326317787,0.014275007881224155,18.45423643308299,0.01775236986577511,0.010797649621963501,0.017038527876138687,0.010486570186913013,0.018466206267476082,0.011108717881143093,0.09330860525369644,,96,0.0,0.0,True,3.6867573072513954e-05,2.3292068886297139e-07,4.932621464479113e-06,6.032811782271059e-06,6.361258883769696e-06,8.150643608735592e-08,0.0,0.1,0.02523057721555233,0.062438856810331345,0.006113480776548386,0.10357194393873215,0.0038237832486629486,0.0,0.2069225162267685,0.0,0.006113480776548386,1.539768010934331e-05,2.7908363779416437e-06,1.3336538992026432e-05,1.3514503503311172e-05,1.5307182604089795e-05,7.992575183773897e-07
11,dark_structures,homogeneous_dark,a0_s1,0.10357194393873215,0.01556653156876564,0.008003232069313526,20.967345897084382,0.009463977068662643,0.006542483810335398,0.009174962528049946,0.006409404333680868,0.009752998128533363,0.006675570737570524,0.09116671234369278,,96,0.0,0.0,True,1.0027732923180137e-05,7.524504151493223e-07,2.1448995010205496e-06,5.702205844208798e-06,3.9402680898831775e-06,9.562784857799374e-07,0.0,1.0,0.297246515750885,0.3120749890804291,0.006980790290981531,0.10357194393873215,0.008585740812122822,0.0,0.09715452045202255,0.0,0.006980790290981531,5.202554978100967e-06,5.3846724972078585e-06,6.689336263679914e-06,1.4723514352560865e-05,1.207697527927027e-05,8.124901481332278e-06
11,dark_structures,homogeneous_dark,a0.1_s0.1,0.10357194393873215,0.018326042219996452,0.005944880191236734,22.25856893410147,0.007412605918943882,0.004477153066545725,0.007143901661038399,0.004369664937257767,0.007681310176849365,0.004584642592817545,0.07814094424247742,,96,0.0,0.0,True,7.8721933671635e-05,2.1363504581197667e-06,3.908971794659738e-06,5.066266420742927e-06,4.614274032216009e-06,2.2648716325883225e-06,0.1,0.1,0.02721104957163334,0.062438856810331345,0.008403385058045387,0.10357194393873215,0.008831601589918137,0.0,0.08654101938009262,0.0,0.008403385058045387,2.7181731743010992e-05,1.6100815656602815e-05,1.3779252934386333e-05,1.4754137376189051e-05,1.4735999671886825e-05,1.2594796660145305e-05
11,dark_structures,homogeneous_dark,a1_s0.1,0.10357194393873215,0.05633554980158806,0.006854735780507326,21.640092806672016,0.006008270662277937,0.007701199036091566,0.006252899765968323,0.007862623780965805,0.00576364528387785,0.0075397733598947525,0.027601981535553932,,96,0.0,0.0,True,2.6832632488227252e-05,1.637017685152303e-06,4.228036939640044e-06,1.6898517814476137e-06,2.307052002998962e-06,1.9390526233218085e-05,1.0,0.1,0.030547380447387695,0.062438856810331345,0.008335014805197716,0.10357194393873215,0.030993610620498657,0.0,0.024508437141776085,0.0,0.008335014805197716,1.018601658030195e-05,8.011934963216686e-06,1.3509623843647843e-05,7.605633562418556e-06,8.216867250971626e-06,7.044936074537982e-05
11,dark_structures,homogeneous_dark,a1_s1,0.10357194393873215,0.06525787711143494,0.0066999769769608974,21.739266896567884,0.006007768213748932,0.007392184808850288,0.00619448721408844,0.007643654942512512,0.00582105340436101,0.007140714209526777,0.02785315178334713,,96,0.0,0.0,True,2.4922229563749994e-05,2.8695585302476565e-06,2.9257638394235764e-06,1.0599046670874315e-05,5.805314286721775e-06,5.476493183336007e-06,1.0,1.0,0.30929142236709595,0.3380286693572998,0.009542897343635559,0.10357194393873215,0.03098544105887413,0.0,0.024729540571570396,0.0,0.009542897343635559,1.244268875371864e-05,1.6378807767307955e-05,1.1021443309666201e-05,2.91245893387823e-05,1.804495123774569e-05,2.4565644590426895e-05
11,dark_structures,homogeneous_bright,identity,0.05587628111243248,0.05587628111243248,0.058180298656225204,12.35224053724613,0.05233204737305641,0.06402856856584549,0.053575094789266586,0.06471088528633118,0.051089003682136536,0.06334620714187622,0.0,,0,0.0126953125,0.0126953125,True,0.0,9.028655815484188e-17,9.028655815484188e-17,9.028655815484188e-17,9.028655815484188e-17,9.028655815484188e-17,0.0,0.0,0.0,0.0,0.0,0.05587628111243248,0.05587628111243248,0.0,0.0,0.0,0.0,0.0,0.0,0.0,0.0,0.0,0.0
11,dark_structures,homogeneous_bright,global,0.05587628111243248,0.002627723151817918,0.01715189404785633,17.656879147399746,0.021358031779527664,0.012945747002959251,0.020493602380156517,0.012564451433718204,0.022222468629479408,0.01332704909145832,0.05624116212129593,,6,0.0126953125,0.0,True,2.080650798278689e-16,1.65210952734983e-16,3.647548802404237e-16,3.3356600014763586e-16,3.090314062149578e-16,1.647963772789012e-16,0.0,0.0,0.0009858643170446157,0.3597484529018402,-0.0,0.05587628111243248,0.002627723151817918,0.0,0.33516165614128113,0.0,-0.0,0.0,0.0,0.0,0.0,0.0,0.0
11,dark_structures,homogeneous_bright,a0_s0,0.05587628111243248,0.0019734485540539026,0.01938244327902794,17.125914782802255,0.026614397764205933,0.012150491587817669,0.02536681480705738,0.011575968936085701,0.02786199189722538,0.012725010514259338,0.05829989165067673,,96,0.0126953125,0.0,True,0.015388052500041438,0.025995889248734944,0.0008635810584339644,0.0008560063792873697,0.0008602721657063431,0.0025732858340968665,0.0,0.0,0.0002341306972084567,0.09967304766178131,0.24247059226036072,0.05587628111243248,0.0019734485540539026,0.0,0.2444361001253128,0.0,0.24247059226036072,0.007084315818139222,0.1459801263346724,0.005620625058336596,0.005556500767512847,0.005601991322546434,0.021870501649954247
11,dark_structures,homogeneous_bright,a0.01_s0,0.05587628111243248,0.004146660678088665,0.017993098124861717,17.448940516245244,0.024686483666300774,0.011299708858132362,0.023431172594428062,0.01071976963430643,0.025941798463463783,0.01187964528799057,0.05495765805244446,,96,0.0126953125,0.0,True,0.010829283305270452,0.029882990876634246,0.00015222983299632124,0.00015064926990133117,0.00015299298057799677,0.010181138932487604,0.01,0.0,0.00017773595754988492,0.09967304766178131,0.235416442155838,0.05587628111243248,0.002426096936687827,0.0,0.1720563769340515,0.0,0.235416442155838,0.006012922159123523,0.15608836976993426,0.0009128751640215121,0.0008949477602393668,0.0009120272613462477,0.06847507327161106
11,dark_structures,homogeneous_bright,a0.1_s0,0.05587628111243248,0.011451033875346184,0.011023130267858505,19.576950602015586,0.01582636684179306,0.006219891365617514,0.0150968749076128,0.005762291140854359,0.016555864363908768,0.006677492521703243,0.0424618273973465,,96,0.0126953125,0.0,True,0.011997385645611947,0.009800563193579026,4.848769413132734e-05,4.907486975832984e-05,4.924529161691444e-05,0.00852107003188969,0.1,0.0,1.070314169737685e-06,0.09967304766178131,0.15274855494499207,0.05587628111243248,0.00717482203617692,0.0,0.04276211932301521,0.0,0.15274855494499207,0.005153565226007143,0.0393039280723299,0.0002003996604641932,0.00019898136429219465,0.0002016891148768378,0.03926121005909488
11,dark_structures,homogeneous_bright,a1_s0,0.05587628111243248,0.023447906598448753,0.010616624727845192,19.740135336371207,0.013326025567948818,0.007907223887741566,0.012760215438902378,0.007630435284227133,0.013891837559640408,0.00818401575088501,0.025522619485855103,,96,0.0126953125,0.0,True,0.012063933154585586,0.001062071999734072,3.5754926380290095e-05,3.6133402032875755e-05,3.591430549497622e-05,0.0005943229681562963,1.0,0.0,7.3514695486665e-07,0.09967304766178131,0.06366036832332611,0.05587628111243248,0.016833921894431114,0.0,0.006613984704017639,0.0,0.06366036832332611,0.004623943943261029,0.0034609278647601788,0.00011902144843685693,0.00011979148248541865,0.00011936285654107656,0.002081177720698318
11,dark_structures,homogeneous_bright,a10_s0,0.05587628111243248,0.04230867326259613,0.031237177550792694,15.05328213895,0.030797669664025307,0.03167669102549553,0.03072638064622879,0.03169546276330948,0.030868951231241226,0.031657908111810684,0.004746403079479933,,96,0.0126953125,0.0,True,0.001976275900404546,3.109527308798184e-05,6.289072771178654e-06,6.33864462823146e-06,6.319677449412748e-06,1.9085347417908947e-06,10.0,0.0,1.9796425476670265e-06,0.09967304766178131,0.015451233834028244,0.05587628111243248,0.03419739007949829,0.0,0.0008111282368190587,0.0,0.015451233834028244,0.0007302460114457244,9.688596998840688e-05,1.9627680415574734e-05,1.9757829448431197e-05,1.971105109487144e-05,7.196677320145962e-06
11,dark_structures,homogeneous_bright,a0_s0.01,0.05587628111243248,0.0026333131827414036,0.018535472452640533,17.319963397148193,0.024070288985967636,0.013000656850636005,0.022940197959542274,0.012618353590369225,0.025200381875038147,0.013382960110902786,0.05737585574388504,,96,0.0126953125,0.0,True,0.012760318215955585,0.0016388083259167659,1.749621076832338e-06,9.442467075160949e-07,1.118956449858688e-06,2.085424341739864e-05,0.0,0.01,0.0020174223463982344,0.09967304766178131,0.04873896390199661,0.05587628111243248,0.0021459234412759542,0.0,0.2892860174179077,0.0,0.04873896390199661,0.00470672322576726,0.014401291671237656,9.544198346946754e-06,5.006316333263527e-06,5.278076903838382e-06,0.0001990084037590821
11,dark_structures,homogeneous_bright,a0_s0.1,0.05587628111243248,0.004451691173017025,0.014271282590925694,18.455369941502145,0.017758352681994438,0.010784207843244076,0.01695900596678257,0.01044475194066763,0.018557710573077202,0.011123660020530224,0.05209808424115181,,96,0.0126953125,0.0,True,4.915206918853563e-05,5.679128813627895e-07,1.5037990873743859e-06,1.1352245301350795e-06,5.897576502545045e-06,6.006072373943504e-08,0.0,0.1,0.024930933490395546,0.09967304766178131,0.0066511305049061775,0.05587628111243248,0.003786578308790922,0.0,0.21651887893676758,0.0,0.0066511305049061775,1.7248863013560895e-05,5.483476628542744e-06,7.771229259503912e-06,8.162731557039687e-06,2.63430617359027e-05,6.553713446239032e-07
11,dark_structures,homogeneous_bright,a0_s1,0.05587628111243248,0.019869230687618256,0.004819063004106283,23.170373957247662,0.005529518239200115,0.004108607303351164,0.005314463749527931,0.004061101004481316,0.005744572263211012,0.0041561126708984375,0.039372168481349945,,96,0.0126953125,0.0,True,1.8809460606159007e-05,1.3356045756873856e-06,3.5991836340546064e-06,4.89225479145641e-06,1.5283882895077935e-06,1.6904603223083274e-06,0.0,1.0,0.3106261193752289,0.3390837013721466,0.007722672075033188,0.05587628111243248,0.012146557681262493,0.0,0.034127287566661835,0.0,0.007722672075033188,7.906238551068901e-06,7.358117200033165e-06,1.3959269777170248e-05,1.9085300568918497e-05,5.859739018445606e-06,1.2218992331999139e-05
11,dark_structures,homogeneous_bright,a0.1_s0.1,0.05587628111243248,0.015938494354486465,0.0071440585888922215,21.46054992427425,0.00861362274736166,0.0056744953617453575,0.008096393197774887,0.005475318059325218,0.00913084764033556,0.005873674992471933,0.03833460807800293,,96,0.0126953125,0.0,True,0.0009029992786180706,7.0220128908146405e-06,5.224102744121398e-06,4.862787985803506e-06,4.898941970481213e-06,3.6972806217144787e-06,0.1,0.1,0.026305826380848885,0.09967304766178131,0.013365858234465122,0.05587628111243248,0.009877916425466537,0.0,0.047239918261766434,0.0,0.013365858234465122,0.0003185052661110434,3.200617693968277e-05,2.0911269247554784e-05,1.954558944591666e-05,1.6227453773429963e-05,2.3787779650532388e-05
11,dark_structures,homogeneous_bright,a1_s0.1,0.05587628111243248,0.02681729942560196,0.009277407079935074,20.325733867365003,0.010250833816826344,0.008303976617753506,0.009769059717655182,0.008144725114107132,0.010732612572610378,0.008463230915367603,0.02334326133131981,,96,0.0126953125,0.0,True,0.00530071321415961,2.547125593415646e-05,4.91017034955873e-06,1.8420018400501266e-06,4.193374101784112e-06,7.496651226847401e-06,1.0,0.1,0.027526920661330223,0.09967304766178131,0.0198518056422472,0.05587628111243248,0.01912856101989746,0.0,0.005703557748347521,0.0,0.0198518056422472,0.0019195424435823733,7.780135445130992e-05,1.6097982347184952e-05,7.830259935077041e-06,1.6928704912897396e-05,2.7496408369034025e-05
11,dark_structures,homogeneous_bright,a1_s1,0.05587628111243248,0.03578634932637215,0.008533337153494358,20.688810949850218,0.00791903492063284,0.009147643111646175,0.008140705525875092,0.00916380900889635,0.0076973638497292995,0.009131474420428276,0.022568795830011368,,96,0.0126953125,0.0,True,2.4236117769401354e-05,1.292499939675871e-06,5.829378161708311e-06,2.071916212266435e-06,3.219542277655217e-06,1.9305498025528584e-06,1.0,1.0,0.30543088912963867,0.3381582200527191,0.00877612829208374,0.05587628111243248,0.020908232778310776,0.0,0.006101988721638918,0.0,0.00877612829208374,1.2154243772571032e-05,5.74721328284648e-06,2.158256241048908e-05,9.030277413057718e-06,1.4615494616140288e-05,1.0563141339105247e-05
11,dark_structures,left_right,identity,0.08598098903894424,0.08598098903894424,0.058253951370716095,12.346746110693864,0.05247936770319939,0.06402856856584549,0.053726088255643845,0.06471088528633118,0.05123263970017433,0.06334620714187622,0.0,,0,0.0071614584885537624,0.0071614584885537624,True,0.0,9.028655815484188e-17,9.028655815484188e-17,9.028655815484188e-17,9.028655815484188e-17,9.028655815484188e-17,0.0,0.0,0.0,0.0,0.0,0.08598098903894424,0.08598098903894424,0.0,0.0,0.0,0.0,0.0,0.0,0.0,0.0,0.0,0.0
11,dark_structures,left_right,global,0.08598098903894424,0.009223180823028088,0.01880057342350483,17.25828904413656,0.01812370866537094,0.019477443769574165,0.01782328076660633,0.01897439919412136,0.018424121662974358,0.019980497658252716,0.04657619446516037,,6,0.0071614584885537624,0.0,True,9.665547137719898e-17,1.2831532693242346e-16,3.6751705525799715e-16,4.242829447166604e-16,3.8757733580910837e-16,1.364634073352221e-16,0.0,0.0,0.0021730426233261824,0.18624845147132874,-0.0,0.08598098903894424,0.009223180823028088,0.0,0.3248959183692932,0.0,-0.0,0.0,0.0,0.0,0.0,0.0,0.0
11,dark_structures,left_right,a0_s0,0.08598098903894424,0.0025884294882416725,0.020264331251382828,16.93267723954191,0.027391353622078896,0.013137305155396461,0.02629854343831539,0.012665287591516972,0.028484169393777847,0.013609318993985653,0.08277224749326706,,96,0.0071614584885537624,0.0,True,0.5658180139284499,0.007569762638908146,0.021345570160270038,0.02141105699480436,0.021417268265178074,0.0009365503565557771,0.0,0.0,0.000382984901079908,0.08424489200115204,0.3902931809425354,0.08598098903894424,0.0025884294882416725,0.0,0.2732509672641754,0.0,0.3902931809425354,0.20915370791897112,0.054729030244653316,0.061463360939546414,0.061579913705018446,0.061660225762919754,0.00926686386646252
11,dark_structures,left_right,a0.01_s0,0.08598098903894424,0.005197271704673767,0.01926066167652607,17.153287972982948,0.025585446506738663,0.012935877777636051,0.024537738412618637,0.012468499131500721,0.026633143424987793,0.013403255492448807,0.0797714814543724,,96,0.0071614584885537624,0.0,True,0.6383871091426968,0.01244562181836984,0.007233796664074175,0.007277436190969151,0.00728040469010225,0.00404506801309571,0.01,0.0,0.0002704915532376617,0.08424489200115204,0.34325945377349854,0.08598098903894424,0.003003529505804181,0.0,0.21937425434589386,0.0,0.34325945377349854,0.2241484597760715,0.07559993877587899,0.021357499036923074,0.021441760460350748,0.02147677710822065,0.03212702423118518
11,dark_structures,left_right,a0.1_s0,0.08598098903894424,0.01671459898352623,0.012349378317594528,19.08354904755244,0.014413739554584026,0.010285018011927605,0.013933862559497356,0.009882737882435322,0.014893616549670696,0.010687295347452164,0.06306621432304382,,96,0.0071614584885537624,0.0,True,0.41999388487565376,0.014125193118854955,0.0028032817185365253,0.002833002000701646,0.0028321159156227773,0.006649699412103322,0.1,0.0,4.511207953328267e-05,0.08424489200115204,0.24153347313404083,0.08598098903894424,0.008307768031954765,0.0,0.08406832069158554,0.0,0.24153347313404083,0.13128540564351726,0.0642415584818812,0.007352750289588026,0.0074121786623485226,0.007418164987057821,0.032419596830653416
11,dark_structures,left_right,a1_s0,0.08598098903894424,0.046114467084407806,0.01267799362540245,18.9694947093076,0.012603267095983028,0.012752718292176723,0.012941356748342514,0.012479940429329872,0.012265181168913841,0.013025496155023575,0.024153316393494606,,96,0.0071614584885537624,0.0,True,0.15330538505029165,0.00404345131578313,0.0006094233989263359,0.0006144320827654371,0.0006150184498089404,0.0017253656698348583,1.0,0.0,8.396556836487434e-07,0.08424489200115204,0.10250420868396759,0.08598098903894424,0.030324449762701988,0.0,0.015790017321705818,0.0,0.10250420868396759,0.045276859103391305,0.011557563101543664,0.001475001893647977,0.0014860699805463444,0.0014879319073676112,0.006247305318391326
11,dark_structures,left_right,a10_s0,0.08598098903894424,0.07481558620929718,0.03949049487709999,14.03507423846462,0.04378390684723854,0.03519706428050995,0.044853534549474716,0.03527523949742317,0.042714305222034454,0.035118892788887024,0.002777921734377742,,96,0.0071614584885537624,0.0,True,0.008978913839071206,0.00016039525148838792,2.98244709203588e-05,3.0066984179973324e-05,3.0085234975785473e-05,7.122384275100087e-05,10.0,0.0,1.6779398492872133e-06,0.08424489200115204,0.020794862881302834,0.08598098903894424,0.06691847741603851,0.0,0.0007897107861936092,0.0,0.020794862881302834,0.0026679159141583487,0.00039643242072458484,7.406273070403577e-05,7.462956468777201e-05,7.467787915850982e-05,0.00019664462535792698
11,dark_structures,left_right,a0_s0.01,0.08598098903894424,0.004068735986948013,0.018697483465075493,17.282168421681526,0.023905718699097633,0.013489246368408203,0.02299630269408226,0.01313023641705513,0.024815138429403305,0.013848244212567806,0.0770796686410904,,96,0.0071614584885537624,0.0,True,0.8778113196737429,0.00044199613817193776,9.188072850111183e-05,9.932443537258752e-05,0.00010148606826373123,7.212487885114385e-05,0.0,0.01,0.0018399364780634642,0.08424489200115204,0.12020425498485565,0.08598098903894424,0.00286669353954494,0.0,0.28761056065559387,0.0,0.12020425498485565,0.2785775670214622,0.0043271718453123794,0.00027966954015165487,0.0003080687320139709,0.0003096586797047682,0.0006885577263968104
11,dark_structures,left_right,a0_s0.1,0.08598098903894424,0.009654201567173004,0.015625469386577606,18.061669276518128,0.017232339829206467,0.014018597081303596,0.016528286039829254,0.01364535465836525,0.01793639548122883,0.014391832984983921,0.0636560246348381,,96,0.0071614584885537624,0.0,True,0.49480258269198013,7.899236931470331e-08,3.1045233090984437e-06,3.554648759899259e-06,2.5524442259838285e-06,2.13304505364208e-08,0.0,0.1,0.024430233985185623,0.08424489200115204,0.0485323965549469,0.08598098903894424,0.004800962284207344,0.0,0.2463247925043106,0.0,0.0485323965549469,0.14807958130965224,9.001419906673529e-07,1.1643093947958349e-05,1.540539829105922e-05,1.1149070822626648e-05,4.088955103259373e-07
11,dark_structures,left_right,a0_s1,0.08598098903894424,0.03352048248052597,0.018350226804614067,17.363585635980698,0.02094479277729988,0.01575566455721855,0.021385885775089264,0.015383269637823105,0.0205036923289299,0.0161280520260334,0.024603726342320442,,96,0.0071614584885537624,0.0,True,0.00014008159642014717,1.601778525881654e-06,8.01912629057121e-06,5.206163690197519e-06,2.3881567866476867e-06,8.054853288168568e-07,0.0,1.0,0.2857758402824402,0.33394166827201843,0.009108546189963818,0.08598098903894424,0.024411937221884727,0.0,0.09236336499452591,0.0,0.009108546189963818,4.577145007950148e-05,9.299927001701904e-06,3.51584923647778e-05,1.890642943998351e-05,8.870456024234884e-06,7.078061457332964e-06
11,dark_structures,left_right,a0.1_s0.1,0.08598098903894424,0.026064645498991013,0.009814515709877014,20.081311254798816,0.00877738744020462,0.010851643048226833,0.008491236716508865,0.010778878815472126,0.009063534438610077,0.010924412868916988,0.04960528388619423,,96,0.0071614584885537624,0.0,True,0.45305939840223,0.0004743647709377417,9.070306893260345e-06,1.7113215808148895e-05,4.362995398363689e-06,9.680434168322393e-07,0.1,0.1,0.027868088334798813,0.08424489200115204,0.054147493094205856,0.08598098903894424,0.011635396629571915,0.0,0.09014499932527542,0.0,0.054147493094205856,0.13544808369500988,0.0020798426235578947,2.837044811256554e-05,5.120919172675127e-05,1.3031227644001434e-05,5.784950017236753e-06
11,dark_structures,left_right,a1_s0.1,0.08598098903894424,0.05308638885617256,0.01466311700642109,18.337736998996963,0.015480746515095234,0.013845480047166348,0.01585022360086441,0.013907543383538723,0.015111269429326057,0.013783424161374569,0.019328484311699867,,96,0.0071614584885537624,0.0,True,0.1331913713255501,0.0023118149872291232,2.9148479664851136e-05,2.5012392542957883e-05,3.924665877545527e-05,0.0003630382822533571,1.0,0.1,0.022875994443893433,0.08424489200115204,0.05127369612455368,0.08598098903894424,0.03474564105272293,0.0,0.013213376514613628,0.0,0.05127369612455368,0.03889443754273166,0.006611404125000504,7.424841265994873e-05,6.252841722555183e-05,0.0001059025674708059,0.0010823538065124728
11,dark_structures,left_right,a1_s1,0.08598098903894424,0.0725775882601738,0.030911915004253387,15.098740894039151,0.03780575096607208,0.024018093943595886,0.03867989778518677,0.02396983839571476,0.03693157806992531,0.024066345766186714,0.006875928025692701,,96,0.0071614584885537624,0.0,True,0.0003062290914748066,3.4333599705986955e-06,1.1127052375831445e-06,2.4419138155072657e-06,9.117500078883054e-06,5.127124678654448e-06,1.0,1.0,0.30062437057495117,0.3294556736946106,0.008481944911181927,0.08598098903894424,0.05275314301252365,0.0,0.011342504061758518,0.0,0.008481944911181927,8.921762352913713e-05,1.578046299323313e-05,3.6339005984791592e-06,9.460114074781179e-06,2.604571387875218e-05,2.3153349820926316e-05
11,dark_structures,quadrants,identity,0.07937022298574448,0.07937022298574448,0.058255042880773544,12.346664737268929,0.05240755155682564,0.06410256028175354,0.053726088255643845,0.06471088528633118,0.051089003682136536,0.06349421292543411,0.0,,0,0.00689019076526165,0.00689019076526165,True,0.0,9.028655815484188e-17,9.028655815484188e-17,9.028655815484188e-17,9.028655815484188e-17,9.028655815484188e-17,0.0,0.0,0.0,0.0,0.0,0.07937022298574448,0.07937022298574448,0.0,0.0,0.0,0.0,0.0,0.0,0.0,0.0,0.0,0.0
11,dark_structures,quadrants,global,0.07937022298574448,0.008305380120873451,0.02140667289495468,16.694508271308454,0.025212369859218597,0.01760099083185196,0.01751626655459404,0.020756354555487633,0.03290846571326256,0.014445614069700241,0.0438869334757328,,6,0.00689019076526165,0.0,True,7.234280187879865e-17,1.272070315566897e-16,3.848179854156638e-16,3.5525540706506624e-16,3.340242422970392e-16,1.5552569567759153e-16,0.0,0.0,0.002083848463371396,0.15320509672164917,-0.0,0.07937022298574448,0.008305380120873451,0.0,0.3166514039039612,0.0,-0.0,0.0,0.0,0.0,0.0,0.0,0.0
11,dark_structures,quadrants,a0_s0,0.07937022298574448,0.0029965664725750685,0.020495187491178513,16.883481043778875,0.026863835752010345,0.014126541092991829,0.025768084451556206,0.014767504297196865,0.02795957587659359,0.013485586270689964,0.07408555597066879,,96,0.00689019076526165,0.0,True,0.43596097906216963,0.006297328771835507,0.020808824286260415,0.020804503589993147,0.02082740351746099,0.001241117849180479,0.0,0.0,0.0003814295632764697,0.07270580530166626,0.5452189445495605,0.07937022298574448,0.0029965664725750685,0.0,0.2939949929714203,0.0,0.5452189445495605,0.20965548214496066,0.046231119037399876,0.07738010814428042,0.07748977111433529,0.07754380682949238,0.010999891271103068
11,dark_structures,quadrants,a0.01_s0,0.07937022298574448,0.005727048963308334,0.019592946395277977,17.07900249712651,0.025651544332504272,0.01353435404598713,0.023362310603260994,0.0148764718323946,0.0279407799243927,0.012192235328257084,0.0707501620054245,,96,0.00689019076526165,0.0,True,0.4853506929871852,0.009033183546670832,0.006015818443956381,0.006017909143221547,0.006027056205376375,0.005029891336511195,0.01,0.0,0.00029976252699270844,0.07270580530166626,0.42082351446151733,0.07937022298574448,0.003434780053794384,0.0,0.22922690212726593,0.0,0.42082351446151733,0.2070557663528979,0.0601440799974762,0.020983397484802394,0.021035606050004974,0.02105150431632857,0.03675620731058226
11,dark_structures,quadrants,a0.1_s0,0.07937022298574448,0.01780104450881481,0.014165733940899372,18.48760919327433,0.018046889454126358,0.01028458122164011,0.01221480779349804,0.01313015352934599,0.023878971114754677,0.007439009845256805,0.05393686890602112,,96,0.00689019076526165,0.0,True,0.31997205779152477,0.010480546494844605,0.0019189743649782934,0.0019224881032943756,0.0019243770889267834,0.008584306305831041,0.1,0.0,2.0634097381844185e-05,0.07270580530166626,0.303336501121521,0.07937022298574448,0.009164775721728802,0.0,0.08636268228292465,0.0,0.303336501121521,0.11467928716395698,0.05183714116358268,0.005907381270825736,0.005928242754465431,0.0059295359187818515,0.04294909517537173
11,dark_structures,quadrants,a1_s0,0.07937022298574448,0.045858658850193024,0.017779327929019928,17.500846596894604,0.0187811478972435,0.016777504235506058,0.014470744878053665,0.015169360674917698,0.02309156209230423,0.018385643139481544,0.01948397234082222,,96,0.00689019076526165,0.0005967881879769266,True,0.11623530686534617,0.002818614292341828,0.00045809690438227877,0.0004590143594270799,0.0004595348671299332,0.0013110696840244955,1.0,0.0,9.559415730109322e-07,0.07270580530166626,0.12916308641433716,0.07937022298574448,0.031569406390190125,0.0,0.0142892524600029,0.0,0.12916308641433716,0.03782718338919782,0.008789067723321336,0.0012289451007205117,0.0012321184140702628,0.0012330977460819177,0.005063392797582666
11,dark_structures,quadrants,a10_s0,0.07937022298574448,0.07068651169538498,0.043027184903621674,13.662570671365138,0.04074550420045853,0.04530887305736542,0.045500148087739944,0.03652387857437134,0.03599085658788681,0.0540938526391983,0.001995270838961005,,96,0.00689019076526165,0.0,True,0.006798992195462792,0.0001157080056201019,2.263814603441325e-05,2.2756772276644446e-05,2.2771546984701097e-05,3.36537277382917e-05,10.0,0.0,1.5485711628571153e-06,0.07270580530166626,0.02556777186691761,0.07937022298574448,0.06429997831583023,0.0,0.0006386534660123289,0.0,0.02556777186691761,0.002162041447157176,0.00031233833706200364,6.020073113272149e-05,6.051544157347426e-05,6.054341184328546e-05,0.00011011873638602549
11,dark_structures,quadrants,a0_s0.01,0.07937022298574448,0.004791898187249899,0.019400887191295624,17.12178409581417,0.025180021300911903,0.013621759600937366,0.02095484547317028,0.015288978815078735,0.02940518595278263,0.011954547837376595,0.06878772377967834,,96,0.00689019076526165,0.0,True,0.6350728803967337,0.0004534682764688321,2.407036655917821e-06,2.8318213383148526e-06,4.320230887930739e-06,2.715913796302414e-05,0.0,0.01,0.002379985759034753,0.07270580530166626,0.14413020014762878,0.07937022298574448,0.0033505961764603853,0.0,0.294742614030838,0.0,0.14413020014762878,0.2335076851276115,0.004227012247035808,1.181484531787019e-05,1.261795705022239e-05,2.180977731984413e-05,0.0002355213619917724
11,dark_structures,quadrants,a0_s0.1,0.07937022298574448,0.010284235700964928,0.020885787904262543,16.8014913658181,0.025729473680257797,0.016042105853557587,0.01632707193493843,0.01880679465830326,0.035131871700286865,0.013277419842779636,0.04315400868654251,,96,0.00689019076526165,0.0,True,0.011551420761518147,3.676575150890399e-08,5.027249788701107e-06,3.068850058738233e-06,7.601608785985161e-06,7.59628397549379e-09,0.0,0.1,0.021839838474988937,0.07270580530166626,0.01721200905740261,0.07937022298574448,0.008563035167753696,0.0,0.26154473423957825,0.0,0.01721200905740261,0.003701397212248477,3.482592702553111e-07,1.757340770845003e-05,1.2462409900066555e-05,3.483450355415766e-05,1.166261708873684e-07
11,dark_structures,quadrants,a0_s1,0.07937022298574448,0.03056296333670616,0.02184607833623886,16.606265133751126,0.02260475791990757,0.02108740620315075,0.02007145620882511,0.019859371706843376,0.02513805218040943,0.02231544256210327,0.02131393924355507,,96,0.00689019076526165,0.0,True,5.116806087889672e-05,6.682046054657087e-07,4.744903986313079e-06,4.180038727698811e-06,5.063697971833916e-06,2.4777025688658005e-07,0.0,1.0,0.2817293703556061,0.32473835349082947,0.007642603479325771,0.07937022298574448,0.022920360788702965,0.0,0.09045207500457764,0.0,0.007642603479325771,1.9207736731078247e-05,3.7132590455651206e-06,1.5372960162776263e-05,1.6882359924984038e-05,2.2029481020124515e-05,2.270710751192678e-06
11,dark_structures,quadrants,a0.1_s0.1,0.07937022298574448,0.02924051508307457,0.016044490039348602,17.946740820347607,0.0194100234657526,0.01267895009368658,0.0096778878942132,0.01589866913855076,0.029142161831259727,0.009459231980144978,0.035643987357616425,,96,0.00689019076526165,0.0,True,0.16177710180678098,7.216772189724368e-06,3.7404888765384532e-06,7.942940381294316e-06,6.090041407651862e-06,1.3422393566106602e-06,0.1,0.1,0.025406401604413986,0.07270580530166626,0.06253931671380997,0.07937022298574448,0.013449031859636307,0.0,0.09537550061941147,0.0,0.06253931671380997,0.05548635372229826,3.682584576002176e-05,1.2042888987757524e-05,2.9283591224233993e-05,2.8104127687786323e-05,8.405076617687216e-06
11,dark_structures,quadrants,a1_s0.1,0.07937022298574448,0.054398778825998306,0.022185929119586945,16.539223788446435,0.023191023617982864,0.021180836483836174,0.02011948637664318,0.017652349546551704,0.026262564584612846,0.024709315970540047,0.01368575170636177,,96,0.00689019076526165,0.00027126737404614687,True,0.08123521246027118,0.0007024499979785066,6.928237275650159e-06,2.2201176030040103e-05,3.5666234767462984e-05,2.6299006346147336e-05,1.0,0.1,0.02129935473203659,0.07270580530166626,0.061382777988910675,0.07937022298574448,0.037192318588495255,0.0,0.011068183928728104,0.0,0.061382777988910675,0.026517040782247495,0.0021737133659801614,2.3476184773491243e-05,6.020397257385966e-05,0.00010397147845614239,9.165766292383585e-05
11,dark_structures,quadrants,a1_s1,0.07937022298574448,0.06973432004451752,0.03509826958179474,14.547142946339811,0.032693050801754,0.037503499537706375,0.036962881684303284,0.029500093311071396,0.02842319943010807,0.045506905764341354,0.00480599794536829,,96,0.00689019076526165,0.0,True,0.0001349323655843101,1.4198831151429446e-06,3.0499586338481106e-06,3.1227584911613194e-06,2.3493467364698287e-06,2.748631533500698e-06,1.0,1.0,0.30696365237236023,0.32326287031173706,0.008367849513888359,0.07937022298574448,0.05062047764658928,0.0,0.010745995678007603,0.0,0.008367849513888359,5.008202633854733e-05,6.152709895217825e-06,1.2672962751242757e-05,1.0694068868486004e-05,1.013676554519429e-05,1.4287996666056047e-05
11,dark_structures,smooth_gradient,identity,0.04778851568698883,0.04778851568698883,0.02121058665215969,16.73447319400821,0.020693011581897736,0.021728159859776497,0.021016838029026985,0.021941496059298515,0.020369188860058784,0.021514832973480225,0.0,,0,0.00016276042151730508,0.00016276042151730508,True,0.0,9.028655815484188e-17,9.028655815484188e-17,9.028655815484188e-17,9.028655815484188e-17,9.028655815484188e-17,0.0,0.0,0.0,0.0,0.0,0.04778851568698883,0.04778851568698883,0.0,0.0,0.0,0.0,0.0,0.0,0.0,0.0,0.0,0.0
11,dark_structures,smooth_gradient,global,0.04778851196169853,0.0050039952620863914,0.018332464620471,17.367791444694877,0.01923886127769947,0.01742606796324253,0.018575333058834076,0.016957508400082588,0.019902395084500313,0.017894629389047623,0.026932809501886368,,6,0.00016276042151730508,0.0,True,7.428307192720933e-17,1.295199959035552e-16,4.088457648324865e-16,3.964746644046031e-16,3.767691951173328e-16,1.3412145584591587e-16,0.0,0.0,0.0013226200826466084,0.07889089733362198,-0.0,0.04778851196169853,0.0050039952620863914,0.0,0.3115234375,0.0,-0.0,0.0,0.0,0.0,0.0,0.0,0.0
11,dark_structures,smooth_gradient,a0_s0,0.04778851568698883,0.0018726182170212269,0.01986929401755333,17.01817563676691,0.027135094627738,0.01260349527001381,0.0260180477052927,0.012049482204020023,0.028252145275473595,0.013157512992620468,0.04354710504412651,,96,0.00016276042151730508,0.0,True,0.17017972645103352,0.014138538198574876,0.016606193723119528,0.016634079880687522,0.01661615511222619,0.0008986476138410567,0.0,0.0,0.00027205320657230914,0.052927810698747635,0.35937297344207764,0.04778851568698883,0.0018726182170212269,0.0,0.2352418154478073,0.0,0.35937297344207764,0.06865246971713733,0.09511250834680118,0.04640303815235719,0.04652770600774678,0.046445223553947354,0.008726226164657333
11,dark_structures,smooth_gradient,a0.01_s0,0.04778851568698883,0.003904244862496853,0.018109062686562538,17.42104027907276,0.024784021079540253,0.0114341014996171,0.02362237498164177,0.010894475504755974,0.025945670902729034,0.011973725631833076,0.041343748569488525,,96,0.00016276042151730508,0.0,True,0.20120318114009295,0.02263283931954418,0.0028988356935903546,0.0029087486623218008,0.0029067842142707066,0.010858362863498313,0.01,0.0,0.00018187527894042432,0.052927810698747635,0.2704336643218994,0.04778851568698883,0.0023153708316385746,0.0,0.15888741612434387,0.0,0.2704336643218994,0.0630057714130332,0.12594264067657593,0.007029395644777741,0.007050647774501984,0.007046299061802904,0.07315171351443399
11,dark_structures,smooth_gradient,a0.1_s0,0.04778851568698883,0.011143360286951065,0.010384730063378811,19.83604787863468,0.014739726670086384,0.006029731128364801,0.014111492782831192,0.0055905976332724094,0.0153679633513093,0.006468860432505608,0.03233087807893753,,96,0.00016276042151730508,0.0,True,0.1793851228538824,0.010957390091257799,0.0010876710142815054,0.0010943993499114809,0.0010922952410685994,0.00751228009598726,0.1,0.0,6.324596597551135e-07,0.052927810698747635,0.18503260612487793,0.04778851568698883,0.00648757629096508,0.0,0.04655783995985985,0.0,0.18503260612487793,0.05078212428996716,0.04479289989798957,0.0024923481337512043,0.002504858576357718,0.0025014208412893427,0.03472523069269894
11,dark_structures,smooth_gradient,a1_s0,0.04778851568698883,0.026696976274251938,0.00430919136852026,23.656042187343537,0.0035275621339678764,0.0050908224657177925,0.0035275642294436693,0.0048841857351362705,0.003527557710185647,0.00529745826497674,0.013260949403047562,,96,0.00016276042151730508,0.0,True,0.09023208853256072,0.00240749833166819,0.000357470598079808,0.00035909215812036954,0.00035872978223293155,0.00081812906643287,1.0,0.0,7.309583907044725e-07,0.052927810698747635,0.08479547500610352,0.04778851568698883,0.017917461693286896,0.0,0.008779514580965042,0.0,0.08479547500610352,0.025553477008055638,0.006789737814128783,0.0008263155214096323,0.0008300947422784353,0.0008290603846657741,0.0028899569253890895
11,dark_structures,smooth_gradient,a10_s0,0.04778851568698883,0.042719338089227676,0.013968224637210369,18.54858789251591,0.015259244479238987,0.012677203863859177,0.01551752258092165,0.012687603011727333,0.015000973828136921,0.0126667944714427,0.0009970030514523387,,96,0.00016276042151730508,0.0,True,0.0051190994069820585,0.00010560663987871966,1.7181711917923756e-05,1.7264450460069713e-05,1.7245591168766238e-05,4.0734533592689436e-05,10.0,0.0,1.3211931673140498e-06,0.052927810698747635,0.017690613865852356,0.04778851568698883,0.038721922785043716,0.0,0.00039974148967303336,0.0,0.017690613865852356,0.0014828549682253615,0.00025836505740101226,4.143946198474196e-05,4.1644164424238896e-05,4.158627954820188e-05,0.00011731347645667433
11,dark_structures,smooth_gradient,a0_s0.01,0.04778851568698883,0.0028069571126252413,0.019471872597932816,17.10592280640087,0.026332927867770195,0.01261081825941801,0.025299834087491035,0.01227022334933281,0.02736601233482361,0.012951411306858063,0.041866958141326904,,96,0.00016276042151730508,0.0,True,0.3637281575322128,0.0005034923124122616,6.2901046303149796e-06,4.713962148157474e-06,5.817277294779869e-06,1.7803636892081705e-05,0.0,0.01,0.002325307345017791,0.052927810698747635,0.08030863106250763,0.04778851568698883,0.002003870904445648,0.0,0.25571075081825256,0.0,0.08030863106250763,0.10636579804242864,0.004751664937162391,2.0982471908067206e-05,1.5777781800187764e-05,2.0838997887760724e-05,0.00014879081115869172
11,dark_structures,smooth_gradient,a0_s0.1,0.04778851568698883,0.0069441040977835655,0.015746895223855972,18.028050621961096,0.01883203163743019,0.012661758810281754,0.01818043738603592,0.012284521013498306,0.019483618438243866,0.013038999401032925,0.030429145321249962,,96,0.00016276042151730508,0.0,True,0.111218823086543,4.1613672498002595e-07,3.047347208303241e-06,6.507611237524099e-06,3.8848861832982244e-06,1.0912282250281437e-07,0.0,0.1,0.023119622841477394,0.052927810698747635,0.027540065348148346,0.04778851568698883,0.004190097562968731,0.0,0.2079845666885376,0.0,0.027540065348148346,0.03281589541602531,3.1114024553330755e-06,1.281629939186011e-05,2.794314448390086e-05,1.1143579702168836e-05,1.127877896175978e-06
11,dark_structures,smooth_gradient,a0_s1,0.04778851568698883,0.02671656757593155,0.012876773253083229,18.90192951723614,0.010836463421583176,0.014917080290615559,0.010841269046068192,0.014877062290906906,0.010831662453711033,0.014957096427679062,0.008562632836401463,,96,0.00016276042151730508,0.0,True,0.0001433355513970536,3.194256848229262e-06,2.5497891053627235e-06,4.05919510194625e-06,2.9737605136272084e-06,1.3704339877212252e-06,0.0,1.0,0.28459855914115906,0.3229477107524872,0.008447926491498947,0.04778851568698883,0.018268641084432602,0.0,0.052713554352521896,0.0,0.008447926491498947,4.715944919917929e-05,1.700141326843588e-05,1.0335678414042938e-05,1.3638671786396142e-05,1.2903872759659376e-05,8.66301941010453e-06
11,dark_structures,smooth_gradient,a0.1_s0.1,0.04778851568698883,0.0187907163053751,0.007608090993016958,21.187243018633815,0.009145139716565609,0.006071039475500584,0.008691086433827877,0.005986673757433891,0.009599195793271065,0.006155405659228563,0.023357361555099487,,96,0.00016276042151730508,0.0,True,0.19177910748466295,2.24271868175696e-05,6.583051707091285e-06,6.966915123428022e-06,2.8495911005319965e-06,1.3144045625510882e-06,0.1,0.1,0.026024362072348595,0.052927810698747635,0.04185955598950386,0.04778851568698883,0.009485913440585136,0.0,0.05118846520781517,0.0,0.04185955598950386,0.054076337414315584,8.619479568500169e-05,2.190443059397192e-05,2.1026484717333015e-05,9.078940132036929e-06,8.980958621507262e-06
11,dark_structures,smooth_gradient,a1_s0.1,0.04778851568698883,0.03243863955140114,0.004764928482472897,23.219436133678307,0.0039551290683448315,0.005574727896600962,0.0039865910075604916,0.005295966286212206,0.003923668060451746,0.005853487178683281,0.009601346217095852,,96,0.00016276042151730508,0.0,True,0.07804137200654813,0.0007916393143301845,2.249358569550227e-05,2.068808585180543e-05,1.4165441718930644e-05,1.9552997741883344e-05,1.0,0.1,0.023117652162909508,0.052927810698747635,0.04110196232795715,0.04778851568698883,0.02154041826725006,0.0,0.006788024213165045,0.0,0.04110196232795715,0.021818091059425143,0.002138268306085939,5.864901976747021e-05,5.988343291830873e-05,3.787621926366673e-05,6.668879090622819e-05
11,dark_structures,smooth_gradient,a1_s1,0.04778851568698883,0.04962052404880524,0.014610220678150654,18.353432242724587,0.013380342163145542,0.01584010384976864,0.013693264685571194,0.015358558855950832,0.013067420572042465,0.016321644186973572,0.0014718716265633702,,96,0.00016276042151730508,0.0,True,0.0009007896007909573,2.9722820706521166e-06,6.615814513858064e-06,4.701554712586158e-06,6.090829002989825e-06,4.2494168214596435e-06,1.0,1.0,0.31285902857780457,0.3224547505378723,0.010794244706630707,0.04778851568698883,0.033791132271289825,0.0,0.0050351484678685665,0.0,0.010794244706630707,0.00026484153682479066,1.1721526350906352e-05,2.077106107794254e-05,1.5963777883509237e-05,2.405446580400251e-05,1.7443833675242445e-05
11,dark_structures,stripes_4,identity,0.06632232666015625,0.06632232666015625,0.05828474462032318,12.344451020881554,0.05242680385708809,0.06414271146059036,0.05367423593997955,0.06483830511569977,0.05117935687303543,0.06344707310199738,0.0,,0,0.00439453125,0.00439453125,True,0.0,9.028655815484188e-17,9.028655815484188e-17,9.028655815484188e-17,9.028655815484188e-17,9.028655815484188e-17,0.0,0.0,0.0,0.0,0.0,0.06632232666015625,0.06632232666015625,0.0,0.0,0.0,0.0,0.0,0.0,0.0,0.0,0.0,0.0
11,dark_structures,stripes_4,global,0.06632232666015625,0.006839968264102936,0.02427244931459427,16.14886397127433,0.027893539518117905,0.020651360973715782,0.02717660553753376,0.020353835076093674,0.028610480949282646,0.02094889059662819,0.040070537477731705,,6,0.00439453125,0.0,True,5.881041500131629e-17,1.4455878349112053e-16,4.0614062782895674e-16,3.5513907956333596e-16,3.586868295767156e-16,1.422017734405047e-16,0.0,0.0,0.0018100074958056211,0.11327330023050308,-0.0,0.06632232666015625,0.006839968264102936,0.0,0.30897948145866394,0.0,-0.0,0.0,0.0,0.0,0.0,0.0,0.0
11,dark_structures,stripes_4,a0_s0,0.06632232666015625,0.005465154070407152,0.027340352535247803,15.63195889800175,0.033932365477085114,0.020748348906636238,0.033046673983335495,0.020302753895521164,0.034818027168512344,0.02119394950568676,0.048436928540468216,,96,0.00439453125,0.0,True,0.10065451622127371,0.0007745841318374246,0.014967002379115442,0.015004162030000977,0.014998761899978967,4.075557850280465e-05,0.0,0.0,0.00042327650589868426,0.04073913395404816,0.2947617471218109,0.06632232666015625,0.005465154070407152,0.0,0.3386317193508148,0.0,0.2947617471218109,0.037167358803605666,0.007429098075026329,0.060591226296036034,0.060865109073180414,0.06077697525157109,0.0004436160155729115
11,dark_structures,stripes_4,a0.01_s0,0.06632232666015625,0.008647892624139786,0.027148714289069176,15.662507329401143,0.03341227397322655,0.020885147154331207,0.03255114331841469,0.020472396165132523,0.0342734195291996,0.02129790000617504,0.046623215079307556,,96,0.00439453125,0.0,True,0.11592623341852541,0.0006409029968976871,0.0024083308464720368,0.002422820412918147,0.0024189531723813255,0.00012915348441206844,0.01,0.0,0.00033926795003935695,0.04073913395404816,0.16281002759933472,0.06632232666015625,0.0058879610151052475,0.0,0.2759931981563568,0.0,0.16281002759933472,0.042914227923669675,0.006237227453129935,0.007542359434964285,0.007609038221191377,0.007583662953995267,0.0013783171443173536
11,dark_structures,stripes_4,a0.1_s0,0.06632232666015625,0.02381184697151184,0.029206855222582817,15.345152021159361,0.033307429403066635,0.025106286630034447,0.03299085795879364,0.02505461499094963,0.03362400457262993,0.025157950818538666,0.029787473380565643,,96,0.00439453125,0.0,True,0.10375742668425623,0.0014089855866965028,0.0006647626609413886,0.0006710132912936531,0.000669595039967119,0.0024957937541771904,0.1,0.0,6.128905806690454e-05,0.04073913395404816,0.1797938048839569,0.06632232666015625,0.01394297368824482,0.0,0.09868874400854111,0.0,0.1797938048839569,0.040551941275577465,0.008946498006440621,0.0021135250821686285,0.002137687307498439,0.002129181180800192,0.019890096360791143
11,dark_structures,stripes_4,a1_s0,0.06632232666015625,0.04855905845761299,0.03961683064699173,14.02120271038225,0.037663888186216354,0.041569776833057404,0.038416311144828796,0.042122796177864075,0.036911461502313614,0.04101676866412163,0.007385784760117531,,96,0.00439453125,0.0,True,0.04184919557496707,0.0005587198465102351,0.0001721965714981557,0.00017369745266913232,0.00017346301662743,0.0003970478197341653,1.0,0.0,5.903812052565627e-07,0.04073913395404816,0.08061952888965607,0.06632232666015625,0.038688406348228455,0.0,0.009870653040707111,0.0,0.08061952888965607,0.015383492829264224,0.0017153770469095532,0.0005182908144921804,0.0005231174688384907,0.0005219702361218671,0.001995448073654895
11,dark_structures,stripes_4,a10_s0,0.06632232666015625,0.06297315657138824,0.052834074944257736,12.770858921039665,0.048418138176202774,0.0572500042617321,0.049581948667764664,0.05789966136217117,0.04725436866283417,0.05660034716129303,0.00041927635902538896,,96,0.00439453125,5.425347262644209e-05,True,0.0019340610192486616,2.9923947171459938e-05,6.5652470900526725e-06,6.63302253004097e-06,6.62088842531421e-06,1.1938718725454882e-05,10.0,0.0,1.3323275425136671e-06,0.043768707662820816,0.015006385743618011,0.06632232666015625,0.060090020298957825,0.0,0.00028831357485614717,0.0,0.015006385743618011,0.0006480407225937293,7.992965128217489e-05,1.832740808341246e-05,1.8516126732884434e-05,1.8473118112558136e-05,4.2274364407836726e-05
11,dark_structures,stripes_4,a0_s0.01,0.06632232666015625,0.006171782501041889,0.026406291872262955,15.782925807120993,0.03337102010846138,0.019441572949290276,0.03244810178875923,0.019177734851837158,0.03429392725229263,0.019705411046743393,0.046121228486299515,,96,0.00439453125,0.0,True,0.12688626693465502,2.2339544566931348e-05,4.134370274429455e-06,9.126453926650745e-06,9.85073328967592e-06,2.9357466789564394e-06,0.0,0.01,0.0021703196689486504,0.04073913395404816,0.05633153021335602,0.06632232666015625,0.005608467385172844,0.0,0.30229097604751587,0.0,0.05633153021335602,0.042232450455633404,0.00021814933036917733,1.4362945883181273e-05,3.3281739942234684e-05,3.699307176959539e-05,2.777622488497891e-05
11,dark_structures,stripes_4,a0_s0.1,0.06632232666015625,0.008251510560512543,0.024185996502637863,16.164360142634866,0.027699682861566544,0.020672298967838287,0.02704695612192154,0.020436707884073257,0.028352422639727592,0.020907901227474213,0.03807580843567848,,96,0.00439453125,0.0,True,0.00027196040347689997,2.1407259323078193e-08,4.751305660260537e-06,6.564683107738406e-06,4.51957231639929e-06,4.675998316656124e-09,0.0,0.1,0.021026749163866043,0.04073913395404816,0.006726568564772606,0.06632232666015625,0.0075788539834320545,0.0,0.2704445421695709,0.0,0.006726568564772606,8.263354308157834e-05,2.2806400185038368e-07,2.1221790072967206e-05,1.953664214155138e-05,1.3380986632121828e-05,5.456484396260622e-08
11,dark_structures,stripes_4,a0_s1,0.06632232666015625,0.02891518548130989,0.026767803356051445,15.723872668215883,0.026788879185914993,0.026746725663542747,0.02672959491610527,0.026848888024687767,0.026848163455724716,0.026644568890333176,0.016810957342386246,,96,0.00439453125,0.0,True,6.524949347967169e-05,1.2407709397907112e-06,7.877643759565899e-06,2.786629019033464e-06,1.761160952031336e-06,6.579790505847822e-07,0.0,1.0,0.286420613527298,0.3317762613296509,0.008077548816800117,0.06632232666015625,0.020837636664509773,0.0,0.07831225544214249,0.0,0.008077548816800117,3.1342024638114403e-05,8.319160939671008e-06,2.375842831167733e-05,1.2494957213562965e-05,5.89472870303312e-06,4.700261189982558e-06
11,dark_structures,stripes_4,a0.1_s0.1,0.06632232666015625,0.028230279684066772,0.025478743016719818,15.938220015473663,0.02718549408018589,0.023772001266479492,0.027057019993662834,0.023624900728464127,0.027313968166708946,0.02391909994184971,0.0229991115629673,,96,0.00439453125,0.0,True,0.00828137506146445,1.1411118266725447e-06,2.1698377555410095e-06,2.9583036542998798e-06,9.618713542475216e-06,3.36178109356827e-07,0.1,0.1,0.0255601704120636,0.04073913395404816,0.014174142852425575,0.06632232666015625,0.01568148285150528,0.0,0.1113138422369957,0.0,0.014174142852425575,0.0025029229935075842,7.053801267961641e-06,9.773037643994451e-06,1.1288615954195126e-05,2.9026383127752955e-05,3.7184805203732185e-06
11,dark_structures,stripes_4,a1_s0.1,0.06632232666015625,0.05273335799574852,0.039332494139671326,14.052485133728077,0.03739737346768379,0.04126760736107826,0.03790576756000519,0.04179229214787483,0.0368889719247818,0.040742967277765274,0.004750489257276058,,96,0.00439453125,0.0,True,0.021985289641917913,3.3592750920230124e-05,2.9368143057001495e-06,6.890289130503745e-06,1.9293794585973058e-05,4.8057020690136866e-06,1.0,0.1,0.025543006137013435,0.04073913395404816,0.025667067617177963,0.06632232666015625,0.04163534939289093,0.0,0.008531302213668823,0.0,0.025667067617177963,0.007127245938973409,0.00010225380607348384,9.996868219638225e-06,2.3962384638969406e-05,5.102866111715928e-05,2.1790181510824423e-05
11,dark_structures,stripes_4,a1_s1,0.06632232666015625,0.06215641647577286,0.04071520268917084,13.902433988529854,0.0374000184237957,0.044030409306287766,0.038306307047605515,0.044304270297288895,0.0364936962723732,0.04375654458999634,0.0028011018875986338,,96,0.00439453125,0.0,True,9.025494494725e-05,1.9433691605430356e-06,2.209235268874903e-06,3.3521487073010006e-06,4.240083142211187e-06,2.5593787069421624e-06,1.0,1.0,0.29219093918800354,0.34341156482696533,0.008417912758886814,0.06632232666015625,0.045080456882715225,0.0,0.008658048696815968,0.0,0.008417912758886814,3.377780191167765e-05,9.832798886305396e-06,7.853584729750512e-06,1.346390951536592e-05,1.5104502063237479e-05,1.4380189018579012e-05
11,dark_structures,stripes_12,identity,0.03010755032300949,0.03010755032300949,0.05833692103624344,12.340564962334197,0.05247936025261879,0.06419450044631958,0.053726088255643845,0.06489474326372147,0.05123263970017433,0.06349420547485352,0.0,,0,0.0,0.0,True,0.0,9.028655815484188e-17,9.028655815484188e-17,9.028655815484188e-17,9.028655815484188e-17,9.028655815484188e-17,0.0,0.0,0.0,0.0,0.0,0.03010755032300949,0.03010755032300949,0.0,0.0,0.0,0.0,0.0,0.0,0.0,0.0,0.0,0.0
11,dark_structures,stripes_12,global,0.03010755032300949,0.0025637494400143623,0.03113488107919693,15.067527887428763,0.03466246277093887,0.02760731242597103,0.03397750109434128,0.027322255074977875,0.03534741699695587,0.027892351150512695,0.034362129867076874,,6,0.0,0.0,True,1.7725664379574775e-17,1.7450685779902906e-16,5.466252766570699e-16,4.4249867033797403e-16,3.905533390014514e-16,1.4976436567667936e-16,0.0,0.0,0.0007728487835265696,0.11196772754192352,-0.0,0.03010755032300949,0.0025637494400143623,0.0,0.287813663482666,0.0,-0.0,0.0,0.0,0.0,0.0,0.0,0.0
11,dark_structures,stripes_12,a0_s0,0.03010755032300949,0.0019182846881449223,0.03673757612705231,14.348895009799099,0.04262672737240791,0.030848409980535507,0.04183364659547806,0.031236780807375908,0.04341982305049896,0.030460067093372345,0.0356571227312088,,96,0.0,0.0,True,0.03975684190723761,0.008433026452645697,0.002178142991300707,0.0021491581171429546,0.002149054683310314,3.5243894479208924e-05,0.0,0.0,0.00021917963749729097,0.030445676296949387,0.2045644372701645,0.03010755032300949,0.0019182846881449223,0.0,0.24768231809139252,0.0,0.2045644372701645,0.018583300956877144,0.05438973470600964,0.008085781692060803,0.007977580944678394,0.007995564350637302,0.00040519875475242365
11,dark_structures,stripes_12,a0.01_s0,0.03010755032300949,0.0039716362953186035,0.046715106815099716,13.305426537914919,0.04667426645755768,0.04675595089793205,0.047814399003982544,0.04817938804626465,0.04553414136171341,0.04533247649669647,0.028009001165628433,,96,0.0,0.0,True,0.029384477986797376,0.019064858104195243,0.00016744885460200415,0.00016082149529464624,0.00016369521171835923,0.012885542477540412,0.01,0.0,0.00015271826123353094,0.030445676296949387,0.2342948615550995,0.03010755032300949,0.0024106446653604507,0.0,0.1560991406440735,0.0,0.2342948615550995,0.01556521735407107,0.10766676491129333,0.0008203212970677164,0.0007894040295812131,0.0008055861752456453,0.08009386712854169
11,dark_structures,stripes_12,a0.1_s0,0.03010755032300949,0.010862413793802261,0.057875633239746094,12.375042441636591,0.057261355221271515,0.058489926159381866,0.05900554358959198,0.05942515656352043,0.05551717430353165,0.05755468085408211,0.015383000485599041,,96,0.0,0.0,True,0.01495631808288768,0.008272528475890818,0.00011186863220188806,0.00011041167936980866,0.00011086684754715268,0.008130337020649433,0.1,0.0,3.5684115573531017e-07,0.030445676296949387,0.15054893493652344,0.03010755032300949,0.00685710646212101,0.0,0.040053077042102814,0.0,0.15054893493652344,0.0068787770275868364,0.03590103021100281,0.00042654856174589303,0.0004161781680426114,0.0004196059702081867,0.03649116719347096
11,dark_structures,stripes_12,a1_s0,0.03010755032300949,0.02081812359392643,0.06421908736228943,11.923358706215566,0.05932185426354408,0.06911630183458328,0.06056106090545654,0.06988853961229324,0.05808265507221222,0.06834407150745392,0.005220441147685051,,96,0.0,0.0010308159980922937,True,0.0063397908677125725,0.0008433694567845616,2.704530518806332e-05,2.6259985529817094e-05,2.751213679006905e-05,0.0008338603393048121,1.0,0.0,3.8011339142940415e-07,0.030445676296949387,0.05264371261000633,0.03010755032300949,0.016490262001752853,0.0,0.004327862057834864,0.0,0.05264371261000633,0.002409373327070606,0.0028300273431136843,8.396982374164352e-05,8.120647701936653e-05,8.486466825071708e-05,0.0027700964606502845
11,dark_structures,stripes_12,a10_s0,0.03010755032300949,0.028178293257951736,0.05955743044614792,12.250640477756667,0.05349177494645119,0.06562308222055435,0.0547761470079422,0.06635732203722,0.05220742151141167,0.06488882005214691,0.00029005628312006593,,96,0.0,0.0,True,0.0001459267572334465,1.7746748364059662e-05,5.107892751310681e-07,5.095898074285473e-07,5.069138808347689e-07,2.553059006674717e-05,10.0,0.0,1.3361975561565487e-06,0.04853188619017601,0.007409768644720316,0.03010755032300949,0.026501860469579697,0.0,0.00016764318570494652,0.0,0.007409768644720316,5.335849783110514e-05,5.368212473593619e-05,1.5479045671067846e-06,1.5417296117720963e-06,1.533618986706951e-06,7.754147270306851e-05
11,dark_structures,stripes_12,a0_s0.01,0.03010755032300949,0.0024317712523043156,0.03324348106980324,14.782935056385336,0.03869207575917244,0.027794890105724335,0.0377887524664402,0.02755162864923477,0.03959539532661438,0.0280381478369236,0.03602764382958412,,96,0.0,0.0,True,0.03620223668819766,5.892426741705091e-06,5.942120731540509e-06,6.062918971546061e-06,5.371645731012214e-06,1.002220299486591e-09,0.0,0.01,0.002395299728959799,0.030445676296949387,0.03489312902092934,0.03010755032300949,0.0020828398410230875,0.0,0.2708413898944855,0.0,0.03489312902092934,0.01305399082695518,5.352915874222398e-05,2.4831482777347948e-05,2.885957159780275e-05,1.7526799456653785e-05,1.431750494551511e-08
11,dark_structures,stripes_12,a0_s0.1,0.03010755032300949,0.00435918103903532,0.032594405114650726,14.868569409248275,0.03508050739765167,0.030108319595456123,0.03461216017603874,0.02977059967815876,0.03554884344339371,0.030446022748947144,0.0286940298974514,,96,0.0,0.0,True,0.00012808610769347983,2.3659494537630018e-07,4.314270169498609e-06,3.428184757115997e-06,4.084087823017883e-06,7.803676203700266e-08,0.0,0.1,0.02399405650794506,0.037319548428058624,0.007141998037695885,0.03010755032300949,0.0036449814215302467,0.0,0.19669149816036224,0.0,0.007141998037695885,4.524979117451807e-05,2.5891149830759002e-06,1.2080545110234703e-05,1.432005066030933e-05,1.3875161132613637e-05,8.463378772111165e-07
11,dark_structures,stripes_12,a0_s1,0.03010755032300949,0.0206170491874218,0.049978628754615784,13.012156636251994,0.04620951786637306,0.05374775826931,0.04689479619264603,0.05432846024632454,0.045524194836616516,0.05316706746816635,0.010495169088244438,,96,0.0,0.0,True,1.3885919059838242e-05,1.8739902834500072e-06,6.65581252258621e-06,3.21027534086552e-06,2.209432774106231e-06,1.5708976275518348e-06,0.0,1.0,0.29959073662757874,0.3362922668457031,0.00840657576918602,0.03010755032300949,0.012210472486913204,0.0,0.027055630460381508,0.0,0.00840657576918602,8.598446824447296e-06,9.449419741149716e-06,2.5860878095056448e-05,1.2673019333319551e-05,7.3396448406420756e-06,1.1319749650736545e-05
11,dark_structures,stripes_12,a0.1_s0.1,0.03010755032300949,0.015182675793766975,0.04369743540883064,13.595440509123357,0.042093824595212936,0.04530103877186775,0.04207618907094002,0.045503366738557816,0.04211147502064705,0.04509871453046799,0.012578914873301983,,96,0.0,0.0,True,0.0004915408758201842,1.2792937586000499e-05,2.7598979447231952e-06,2.5954630456021634e-06,8.628948218250979e-06,5.4027997296204994e-06,0.1,0.1,0.029103292152285576,0.0367778055369854,0.01145869866013527,0.03010755032300949,0.009651497937738895,0.0,0.04385307803750038,0.0,0.01145869866013527,0.0001516673325104409,5.983505076644071e-05,1.1679283583313461e-05,1.2709262119864203e-05,2.5863710138876627e-05,2.8519016064151256e-05
11,dark_structures,stripes_12,a1_s0.1,0.03010755032300949,0.023687999695539474,0.06165149435400963,12.100563921933919,0.05631260201334953,0.06699040532112122,0.05729709565639496,0.06732788681983948,0.055328112095594406,0.06665290147066116,0.004099246580153704,,96,0.0,5.425347262644209e-05,True,0.001365422509310121,2.4157882613288095e-05,3.478091844944795e-06,5.378448545439639e-06,2.6802988395494806e-06,1.839433506136011e-05,1.0,0.1,0.026562944054603577,0.03669469431042671,0.015163306146860123,0.03010755032300949,0.019016990438103676,0.0,0.003154679201543331,0.0,0.015163306146860123,0.0004715175959273616,8.554450453930258e-05,1.2580746899903841e-05,1.8396139622418083e-05,1.0466979790259018e-05,5.9486254496338174e-05
11,dark_structures,stripes_12,a1_s1,0.03010755032300949,0.03117838315665722,0.06129421293735504,12.12580527243655,0.05517370626330376,0.06741473823785782,0.05637367442250252,0.06792721152305603,0.053973693400621414,0.06690219789743423,0.0039115529507398605,,96,0.0,0.0,True,3.637097112662555e-05,3.0932182424351142e-06,3.372837098959915e-06,6.086081876111697e-06,2.5535612670390527e-06,3.0119468753950615e-06,1.0,1.0,0.3225719928741455,0.34941238164901733,0.008054893463850021,0.03010755032300949,0.02004345692694187,0.0,0.003080032067373395,0.0,0.008054893463850021,1.4426231886702011e-05,1.148588644479722e-05,1.5922323883029006e-05,2.003691246265898e-05,8.22650483690649e-06,1.1302605845305477e-05
11,high_key,clean,identity,0.06250915676355362,0.06250915676355362,0.0,,0.0,0.0,0.0,0.0,0.0,0.0,0.0,0.0,0,0.0,0.0,True,0.0,9.028655815484188e-17,9.028655815484188e-17,9.028655815484188e-17,9.028655815484188e-17,9.028655815484188e-17,0.0,0.0,0.0,0.0,0.0,0.06250915676355362,0.06250915676355362,0.0,0.0,0.0,0.0,0.0,0.0,0.0,0.0,0.0,0.0
11,high_key,clean,global,0.06250914931297302,2.185354475159329e-08,0.0628858357667923,12.014471628383268,0.06288512796163559,0.06288651376962662,0.06287595629692078,0.06287995725870132,0.062894307076931,0.0628931075334549,0.0628858357667923,0.0628858357667923,6,0.0,0.0,True,7.300217021225225e-17,4.716625769304802e-16,3.45353024826924e-16,3.490916417282008e-16,3.375708642628171e-16,3.026128729032646e-16,0.0,0.0,3.028949777217349e-06,0.5530616044998169,-0.0,0.06250914931297302,2.185354475159329e-08,0.0,0.05503613129258156,0.0,-0.0,0.0,0.0,0.0,0.0,0.0,0.0
11,high_key,clean,a0_s0,0.06250915676355362,1.7479862890468212e-08,0.06288586556911469,12.01446957021215,0.06288322806358337,0.06288851052522659,0.06286028027534485,0.06287465244531631,0.0629061833024025,0.06290236115455627,0.06288586556911469,0.06288586556911469,96,0.0,0.0,True,4.53128031382393e-08,1.6910783624165476e-07,3.568218077576792e-08,1.0388282835217932e-08,2.4237431492430024e-08,6.455752056223232e-07,0.0,0.0,7.621863460371969e-07,0.13826602697372437,0.0009405065211467445,0.06250915676355362,1.7479862890468212e-08,0.0,0.0550374835729599,0.0,0.0009405065211467445,1.5981505188667445e-08,3.8838897009011676e-07,1.5491419009302294e-07,6.199354410374497e-08,1.7104217549246258e-07,2.8869086890898e-06
11,high_key,clean,a0.01_s0,0.06250915676355362,0.00014313125575426966,0.062296610325574875,12.055355834684045,0.06229474022984505,0.06229845806956291,0.06227093189954758,0.06228486821055412,0.0623185895383358,0.062312051653862,0.062296610325574875,0.062296610325574875,96,0.0,0.0,True,9.29753585644755e-09,7.285597711085661e-08,5.18521336796242e-08,1.5243443611252448e-08,3.274042023544274e-08,4.413058174525808e-07,0.01,0.0,0.00011812758020823821,0.13826602697372437,0.0007379089947789907,0.06250915676355362,6.224756816664012e-07,0.0,0.014250879175961018,0.0,0.0007379089947789907,4.972727187489182e-09,1.5920779079781418e-07,1.7585268670904589e-07,6.371624320430294e-08,1.6282640636494838e-07,1.2385359610658706e-06
11,high_key,clean,a0.1_s0,0.06250915676355362,0.0011698231101036072,0.0599425844848156,12.222645359433216,0.0599435418844223,0.059941623359918594,0.0599212571978569,0.059929218143224716,0.05996587499976158,0.05995398759841919,0.0599425844848156,0.0599425844848156,96,0.0,0.0,True,3.55689958492095e-08,3.015465801070248e-08,1.214507775554357e-08,4.5113439800535994e-09,5.3752697029209345e-09,3.5230602545308646e-08,0.1,0.0,1.4909313676980673e-06,0.13826602697372437,0.0003429229254834354,0.06250915676355362,2.990707434946671e-05,0.0,0.011399160139262676,0.0,0.0003429229254834354,1.4684018423936713e-08,6.729156965586819e-08,3.945409469529446e-08,1.8053950914928413e-08,2.806826801619288e-08,8.814004800969351e-08
11,high_key,clean,a1_s0,0.06250915676355362,0.009598410688340664,0.04300074651837349,13.665240047460879,0.04301805794239044,0.042983442544937134,0.043007154017686844,0.04297904297709465,0.04302895814180374,0.04298783466219902,0.04300074651837349,0.04300074651837349,96,0.0,0.0,True,6.796846846905598e-08,1.637772855213935e-08,1.45198846595135e-09,2.508446064543958e-10,5.192071828786121e-10,2.002291214139429e-08,1.0,0.0,1.2012416163997841e-06,0.13826602697372437,0.0001799627934815362,0.06250915676355362,0.0018402553396299481,0.0,0.007758155465126038,0.0,0.0001799627934815362,2.487131192576558e-08,3.712725909951247e-08,4.196832652616326e-09,8.878871891187901e-10,2.1387759113670207e-09,5.0783264137601955e-08
11,high_key,clean,a10_s0,0.06250915676355362,0.03799642622470856,0.008948970586061478,20.482269193774528,0.008964259177446365,0.00893368199467659,0.008965153247117996,0.008935890160501003,0.008963367901742458,0.008931471034884453,0.008948970586061478,0.008948970586061478,96,0.0,0.0,True,5.867698069274975e-08,2.1138714945943556e-09,2.8770647782931503e-10,1.5107725355830183e-10,2.0374899702798686e-10,3.2906598035175936e-09,10.0,0.0,2.2727913346898276e-06,0.13826602697372437,8.664774941280484e-05,0.06250915676355362,0.024193666875362396,0.0,0.001380276051349938,0.0,8.664774941280484e-05,1.8954553853344365e-08,5.093263843544954e-09,7.728314401194515e-10,4.1384872885605166e-10,5.902164382740397e-10,8.475229761644257e-09
11,high_key,clean,a0_s0.01,0.06250915676355362,4.041609645355493e-05,0.06287892162799835,12.014949150447565,0.06296274811029434,0.06279507279396057,0.06293556094169617,0.06278233975172043,0.0629899874329567,0.06280779838562012,0.06287892162799835,0.06287892162799835,96,0.0,0.0,True,1.282499023224198e-07,5.671260178016359e-07,6.331091393913043e-07,9.450222512804596e-07,9.278851618574561e-07,3.32023524310116e-07,0.0,0.01,0.0029724291525781155,0.13826602697372437,0.004021669737994671,0.06250915676355362,1.9940064532875112e-07,0.0,0.05451507493853569,0.0,0.004021669737994671,7.09821488774367e-08,2.3755370080865913e-06,3.702974465211169e-06,4.3989953210643635e-06,5.4461524643077796e-06,2.3005878791414437e-06
11,high_key,clean,a0_s0.1,0.06250915676355362,0.0007693134830333292,0.06277688592672348,12.02200231458268,0.06249912455677986,0.0630546435713768,0.06252743303775787,0.06303954124450684,0.062470801174640656,0.06306973844766617,0.06277688592672348,0.06277688592672348,96,0.0,0.0,True,1.2298333032870393e-05,3.982392564972567e-06,3.2585364830784155e-06,1.7462171975979639e-06,1.0997518477046153e-06,1.0163257942568054e-06,0.0,0.1,0.029416870325803757,0.13826602697372437,0.007679674308747053,0.06250915676355362,1.3460535228659865e-06,0.0,0.03572755679488182,0.0,0.007679674308747053,6.570626855265631e-06,1.2142079766196818e-05,1.5036131488229486e-05,1.0101342870729415e-05,8.24684249785874e-06,6.488157267638875e-06
11,high_key,clean,a0_s1,0.06250915676355362,0.009979769587516785,0.06297273188829422,12.00847465689905,0.0627436563372612,0.06320179253816605,0.0634322389960289,0.06339090317487717,0.062055084854364395,0.06301271915435791,0.06297273188829422,0.06297273188829422,96,0.0,0.0,True,2.4932304860622913e-05,3.8015044037693964e-06,2.8156260625288087e-06,4.095509714199792e-06,2.645848540068109e-06,6.774822693034397e-06,0.0,1.0,0.3044496774673462,0.3302753269672394,0.00997512973845005,0.06250915676355362,4.6401992221944965e-06,0.0,0.016199173405766487,0.0,0.00997512973845005,1.0078492112278149e-05,1.3623438245068652e-05,1.4039229072183294e-05,1.90639820733128e-05,1.604534939319397e-05,3.230528779492294e-05
11,high_key,clean,a0.1_s0.1,0.06250915676355362,0.0019143514800816774,0.05994868278503418,12.222203549417102,0.060097772628068924,0.05979961156845093,0.05998345836997032,0.06010598689317703,0.06021204963326454,0.05949324369430542,0.05994868278503418,0.05994868278503418,96,0.0,0.0,True,1.3187802299329551e-05,3.5758250415629587e-06,2.4517216952871804e-06,3.10500021750716e-06,3.352236913968105e-06,2.1611751080727344e-06,0.1,0.1,0.030848367139697075,0.13826602697372437,0.0074011157266795635,0.06250915676355362,3.291184839326888e-05,0.0,0.011413279920816422,0.0,0.0074011157266795635,6.474960372842265e-06,1.2933806615353857e-05,1.162644506505446e-05,9.358532961068401e-06,1.299353344384698e-05,8.757933510762083e-06
11,high_key,clean,a1_s0.1,0.06250915676355362,0.01053436566144228,0.042971059679985046,13.66823936344127,0.04292936995625496,0.043012749403715134,0.04280846193432808,0.042835790663957596,0.04305024445056915,0.04318971186876297,0.042971059679985046,0.042971059679985046,96,0.0,0.0,True,1.3122755168554765e-05,7.684604509673965e-06,3.964382113686455e-06,4.56194777036941e-06,2.2363389741896323e-06,2.451009969887734e-06,1.0,0.1,0.03141552954912186,0.13826602697372437,0.009175043553113937,0.06250915676355362,0.0018504005856812,0.0,0.0077664609998464584,0.0,0.009175043553113937,6.989539612613908e-06,2.7272423021566566e-05,1.5234857256541554e-05,1.6143900592605835e-05,1.1793152552008527e-05,1.1336165563375788e-05
11,high_key,clean,a1_s1,0.06250915676355362,0.017402920871973038,0.043224938213825226,13.642656188386306,0.04331259801983833,0.04313728213310242,0.043299030512571335,0.04339602217078209,0.04332616925239563,0.04287854954600334,0.043224938213825226,0.043224938213825226,96,0.0,0.0,True,3.0986686491667004e-05,4.612704849293803e-06,3.6449020281636266e-06,2.227962555383091e-06,2.557044043102748e-06,4.725279725967755e-06,1.0,1.0,0.30133548378944397,0.3442440927028656,0.0077854301780462265,0.06250915676355362,0.00180019810795784,0.0,0.007817292585968971,0.0,0.0077854301780462265,1.296645567763415e-05,1.487649862098693e-05,1.4400260143025305e-05,8.852280391527812e-06,9.800824750822678e-06,1.770989342627293e-05
11,high_key,homogeneous_dark,identity,0.02640361711382866,0.02640361711382866,0.17065323889255524,7.678854646674073,0.17065182328224182,0.17065459489822388,0.17063401639461517,0.17064201831817627,0.17066961526870728,0.17066729068756104,0.0,,0,0.0,0.0,True,0.0,9.028655815484188e-17,9.028655815484188e-17,9.028655815484188e-17,9.028655815484188e-17,9.028655815484188e-17,0.0,0.0,0.0,0.0,0.0,0.02640361711382866,0.02640361711382866,0.0,0.0,0.0,0.0,0.0,0.0,0.0,0.0,0.0,0.0
11,high_key,homogeneous_dark,global,0.02640361525118351,1.5397240815673285e-08,0.06302642077207565,12.004773554648015,0.06302562355995178,0.06302722543478012,0.0630151778459549,0.06301962584257126,0.06303608417510986,0.0630347952246666,0.026402926072478294,,6,0.0,0.0,True,5.14633690589882e-17,3.7524227825126073e-16,8.065285885735025e-16,6.774242013089099e-16,5.921189475840441e-16,3.21066898045365e-16,0.0,0.0,3.770695457205875e-06,0.1821753829717636,-0.0,0.02640361525118351,1.5397240815673285e-08,0.0,0.04714949429035187,0.0,-0.0,0.0,0.0,0.0,0.0,0.0,0.0
11,high_key,homogeneous_dark,a0_s0,0.02640361711382866,1.2324189668788676e-08,0.06302642822265625,12.00477304125287,0.06302475929260254,0.06302808225154877,0.06300285458564758,0.06301458925008774,0.0630466639995575,0.06304162740707397,0.026402924209833145,,96,0.0,0.0,True,6.537084785097809e-09,2.5231523628418866e-09,3.098359447444847e-08,1.2076258926388373e-08,2.2693483382941433e-08,3.5430187612088766e-07,0.0,0.0,9.381707286593155e-07,0.04554404318332672,0.000665143656078726,0.02640361711382866,1.2324189668788676e-08,0.0,0.047148942947387695,0.0,0.000665143656078726,3.246649656583975e-09,8.1958146580173e-09,9.11286585651606e-08,4.591987542903338e-08,1.1233877464009674e-07,1.6027077194141899e-06
11,high_key,homogeneous_dark,a0.01_s0,0.02640361711382866,0.0001139845116995275,0.06309232115745544,12.000234946683388,0.06308931112289429,0.06309530884027481,0.0630655586719513,0.063081294298172,0.06311316043138504,0.06310929358005524,0.026227707043290138,,96,0.0,0.0,True,1.0585064391220893e-08,6.911549348411512e-09,2.1992838976459477e-08,1.792562858608643e-08,1.7730211757917857e-08,6.679140096344828e-08,0.01,0.0,4.597830411512405e-05,0.04554404318332672,0.00048396553029306233,0.02640361711382866,4.6359582484001294e-07,0.0,0.011352092027664185,0.0,0.00048396553029306233,5.119592068857967e-09,2.251777722617009e-08,7.300507232202194e-08,6.26140945493547e-08,8.607771127686498e-08,1.6832327996907425e-07
11,high_key,homogeneous_dark,a0.1_s0,0.02640361711382866,0.0010634006466716528,0.06565732508897781,11.827168146124706,0.06565046310424805,0.06566418707370758,0.06562552601099014,0.06564885377883911,0.06567537039518356,0.06567949801683426,0.02461058646440506,,96,0.0,0.0,True,5.366572308406652e-08,2.1072445642303222e-08,9.359401756904594e-09,5.001310554882216e-09,4.483374812220972e-09,3.192136979856303e-08,0.1,0.0,1.1778018915720168e-06,0.04554404318332672,0.00030884117586538196,0.02640361711382866,3.324262434034608e-05,0.0,0.010301579721271992,0.0,0.00030884117586538196,1.7051235173816015e-08,6.008132841738677e-08,2.7805692919165213e-08,1.688708345642244e-08,2.0989144340751792e-08,7.998148119893885e-08
11,high_key,homogeneous_dark,a1_s0,0.02640361711382866,0.008176309987902641,0.08852891623973846,10.529148523282402,0.08849538117647171,0.08856245130300522,0.08846455067396164,0.08853872865438461,0.08852626383304596,0.08858612924814224,0.013357458636164665,,96,0.0,0.0,True,1.4247905138485383e-07,6.95395626359292e-09,6.024709118300336e-10,8.185953495058815e-10,5.421715251234126e-10,2.2057900687339886e-08,1.0,0.0,5.127894837642089e-07,0.04554404318332672,0.0001558850781293586,0.02640361711382866,0.0022108820267021656,0.0,0.005965427961200476,0.0,0.0001558850781293586,4.3447123939354034e-08,1.901217413168483e-08,1.588090478945219e-09,2.1149347958159142e-09,1.4410451707781558e-09,5.570056621295e-08
11,high_key,homogeneous_dark,a10_s0,0.02640361711382866,0.022082563489675522,0.14903537929058075,8.267106228173402,0.1490112990140915,0.1490594744682312,0.1489865779876709,0.1490398794412613,0.14903603494167328,0.14907905459403992,0.0007319396827369928,,96,0.0,0.0,True,2.9298716628715134e-08,6.929244279185095e-12,9.6346470160197e-11,1.0803226017929312e-10,1.0104713643602015e-10,1.147709043571234e-09,10.0,0.0,1.0188439318881137e-06,0.04554404318332672,4.0658349462319165e-05,0.02640361711382866,0.018348688259720802,0.0,0.00037338744732551277,0.0,4.0658349462319165e-05,8.782640304036274e-09,1.9362008957938345e-11,2.3928598850407895e-10,2.67922327118327e-10,2.4923324123646414e-10,2.9008518432943583e-09
11,high_key,homogeneous_dark,a0_s0.01,0.02640361711382866,5.142995360074565e-05,0.06302591413259506,12.004808465660318,0.06298311799764633,0.06306871026754379,0.06283202767372131,0.06312114745378494,0.06313420087099075,0.06301631033420563,0.02639682963490486,,96,0.0,0.0,True,2.3087566446615527e-06,3.3572956872067244e-07,3.2587340863317926e-06,1.60722731016277e-06,1.48314518862396e-06,5.522556631121196e-07,0.0,0.01,0.003099388675764203,0.04554404318332672,0.005110865458846092,0.02640361711382866,3.2130017757481255e-07,0.0,0.044724833220243454,0.0,0.005110865458846092,1.0258653596467713e-06,1.5617694688468938e-06,1.103850166137357e-05,5.600667468762252e-06,4.914800625020884e-06,4.4194687757147464e-06
11,high_key,homogeneous_dark,a0_s0.1,0.02640361711382866,0.0008174875401891768,0.06284138560295105,12.017542476759608,0.06326068192720413,0.06242207810282707,0.06276264041662216,0.06270480901002884,0.06375876069068909,0.062139350920915604,0.026447905227541924,,96,0.0,0.0,True,2.6392495871750112e-05,3.459768227234445e-06,5.940066778592794e-06,3.8715150020989835e-06,3.183416811557602e-06,2.617112415807165e-06,0.0,0.1,0.03194817900657654,0.04554404318332672,0.008138722740113735,0.02640361711382866,3.6152971460978733e-06,0.0,0.021902581676840782,0.0,0.008138722740113735,1.1353588117226361e-05,1.4191708499005309e-05,1.9466981790389326e-05,1.3958507451118788e-05,1.0616601395842385e-05,1.128368423505487e-05
11,high_key,homogeneous_dark,a0_s1,0.02640361711382866,0.008931457065045834,0.06257766485214233,12.03580647018375,0.06272093951702118,0.0624343678355217,0.06274507939815521,0.06214291602373123,0.06269680708646774,0.06272581964731216,0.026583902537822723,,96,0.0,0.0,True,4.65959724155109e-05,7.472600534206754e-06,2.0436065319144583e-06,3.3339116055675595e-06,2.1410077359711497e-06,2.694953107615391e-06,0.0,1.0,0.32461342215538025,0.34909966588020325,0.00892690196633339,0.02640361711382866,4.554829502012581e-06,0.0,0.01468448992818594,0.0,0.00892690196633339,2.2516625114986876e-05,3.744487710616219e-05,8.26627757684935e-06,1.2088475959161127e-05,6.501785119064078e-06,9.798192259886691e-06
11,high_key,homogeneous_dark,a0.1_s0.1,0.02640361711382866,0.0020260452292859554,0.06576579809188843,11.81999905195666,0.06613286584615707,0.06539874523878098,0.06610405445098877,0.06533500552177429,0.06616167724132538,0.06546246260404587,0.02455044537782669,,96,0.0,0.0,True,1.812989318249516e-05,2.5215635028456647e-06,3.1907698402222096e-06,2.9682181947198835e-06,4.382816840508308e-06,7.5203841969956795e-06,0.1,0.1,0.031438153237104416,0.04554404318332672,0.009576326236128807,0.02640361711382866,3.8861078792251647e-05,0.0,0.010295514948666096,0.0,0.009576326236128807,1.0292625561261057e-05,1.2748539173308155e-05,1.3589982279257924e-05,1.0145143547957841e-05,1.47914494362895e-05,3.0072551870975563e-05
11,high_key,homogeneous_dark,a1_s0.1,0.02640361711382866,0.008853921666741371,0.08856406807899475,10.527424429007636,0.08856990188360214,0.08855828642845154,0.08864428102970123,0.08837277442216873,0.08849545568227768,0.08874381333589554,0.013346221297979355,,96,0.0,0.0,True,1.0615038678707797e-05,3.684295728248375e-06,3.2853544148555096e-06,8.689938257585697e-07,2.1751732987287447e-06,2.0351131300876897e-06,1.0,0.1,0.031656283885240555,0.04554404318332672,0.006671629846096039,0.02640361711382866,0.0022178192157298326,0.0,0.005968939512968063,0.0,0.006671629846096039,4.721101160662373e-06,1.6666982670628926e-05,1.0505579850732983e-05,3.851932835799302e-06,9.095341594283421e-06,7.857862828892511e-06
11,high_key,homogeneous_dark,a1_s1,0.02640361711382866,0.01572229340672493,0.0883590504527092,10.537489599052261,0.08808540552854538,0.08863271027803421,0.08753183484077454,0.08871974050998688,0.08863896131515503,0.08854562789201736,0.013427122496068478,,96,0.0,0.0,True,1.8388629140133796e-05,1.0816150567385695e-06,4.4757596209578164e-06,2.6350707544574935e-06,1.8083856608400369e-06,2.324789643340029e-06,1.0,1.0,0.3143431842327118,0.3356751501560211,0.007534072734415531,0.02640361711382866,0.0021860904525965452,0.0,0.00600212998688221,0.0,0.007534072734415531,7.331040250746494e-06,4.173319052688238e-06,1.676687791806374e-05,1.2716809670396936e-05,7.062270187478463e-06,9.386621738936473e-06
11,high_key,homogeneous_bright,identity,0.25,0.25,0.06410659104585648,11.930973166950611,0.06410887092351913,0.06410432606935501,0.06413406133651733,0.06412073969841003,0.06408366560935974,0.06408791244029999,0.0,,0,1.0,1.0,True,0.0,9.028655815484188e-17,9.028655815484188e-17,9.028655815484188e-17,9.028655815484188e-17,9.028655815484188e-17,0.0,0.0,0.0,0.0,0.0,0.25,0.25,0.0,0.0,0.0,0.0,0.0,0.0,0.0,0.0,0.0,0.0
11,high_key,homogeneous_bright,global,0.2499999701976776,1.8417267710901797e-11,0.06412708759307861,11.929584836283205,0.06412593275308609,0.06412824988365173,0.06410908699035645,0.06411563605070114,0.06414274871349335,0.06414089351892471,0.25000476837158203,,6,1.0,0.0,True,2.565037861331126e-16,3.3457566141651295e-16,3.0600843958614927e-16,3.0600843958614927e-16,3.0600843958614927e-16,2.757712463027402e-16,0.0,0.0,5.870072982361307e-06,1.4839452505111694,-0.0,0.2499999701976776,1.8417267710901797e-11,0.0,0.10855835676193237,0.0,-0.0,0.0,0.0,0.0,0.0,0.0,0.0
11,high_key,homogeneous_bright,a0_s0,0.2499999701976776,1.8348230920728348e-11,0.06412707269191742,11.929585845450013,0.0641259104013443,0.06412824243307114,0.06410906463861465,0.06411562114953995,0.06414271146059036,0.06414088606834412,0.25000473856925964,,96,1.0,0.0,True,1.7990387024030837e-14,3.69000067692559e-15,7.000057213791073e-16,7.000057213791073e-16,7.000057213791073e-16,5.671144249712928e-16,0.0,0.0,1.4330861404232564e-06,0.3709845542907715,1.2691856454694062e-07,0.2499999701976776,1.8348230920728348e-11,0.0,0.10852733999490738,0.0,1.2691856454694062e-07,6.380312944002323e-15,1.4137779488880662e-14,3.05311331733972e-15,3.05311331733972e-15,3.05311331733972e-15,2.1649348982786437e-15
11,high_key,homogeneous_bright,a0.01_s0,0.2499999701976776,0.0007084718672558665,0.06330137699842453,11.985868426475278,0.063300222158432,0.06330256164073944,0.06328354775905609,0.06329001486301422,0.06331689655780792,0.06331509351730347,0.248350590467453,,96,1.0,0.0,True,7.600823098923739e-15,1.1336416836369585e-14,1.2435654869049106e-15,1.2435654869049106e-15,1.2435654869049106e-15,0.0,0.01,0.0,0.0003711673489306122,0.3709845542907715,1.01721120415732e-07,0.2499999701976776,2.7286826025374467e-06,0.0,0.0705743208527565,0.0,1.01721120415732e-07,2.189221028749751e-15,2.541369892296932e-14,3.4972025278257586e-15,3.4972025278257586e-15,3.4972025278257586e-15,0.0
11,high_key,homogeneous_bright,a0.1_s0,0.2499999701976776,0.003450653748586774,0.059517841786146164,12.253528254017157,0.05951671302318573,0.0595189593732357,0.059500712901353836,0.0595068521797657,0.05953275412321091,0.05953102558851242,0.2406987100839615,,96,1.0,0.0,True,1.708792589266921e-15,1.3510447617809378e-14,8.279449929395624e-16,8.279449929395624e-16,8.279449929395624e-16,0.0,0.1,0.0,0.00012863978918176144,0.3709845542907715,8.951045060712204e-08,0.2499999701976776,8.816592890070751e-05,0.0,0.03362487629055977,0.0,8.951045060712204e-08,7.736866704245357e-16,2.7157963377824437e-14,1.8735013538671247e-15,1.8735013538671247e-15,1.8735013538671247e-15,0.0
11,high_key,homogeneous_bright,a1_s0,0.2499999701976776,0.028707845136523247,0.03367290273308754,14.727194441517167,0.033672213554382324,0.033673591911792755,0.033661358058452606,0.033665064722299576,0.03368307650089264,0.03368210792541504,0.1840643584728241,,96,1.0,0.0,True,8.033375582593997e-15,1.7531895276550213e-15,6.733403821434927e-16,6.733403821434927e-16,6.733403821434927e-16,5.757471170820697e-16,1.0,0.0,2.3284121652977774e-06,0.3709845542907715,6.402842700481415e-08,0.2499999701976776,0.005037105176597834,0.0,0.0236707404255867,0.0,6.402842700481415e-08,2.633310237312898e-15,3.3584246495427973e-15,1.467576060673099e-15,1.467576060673099e-15,1.467576060673099e-15,1.1675637670238306e-15
11,high_key,homogeneous_bright,a10_s0,0.2499999701976776,0.12538588047027588,0.0018924267496913671,27.229809217726757,0.0018930906662717462,0.001891762251034379,0.001898671849630773,0.0018946058116853237,0.0018875100649893284,0.0018889188067987561,0.054450247436761856,,96,1.0,0.0,True,2.3183356172294577e-14,2.325101695370651e-15,8.818162329818501e-16,8.818162329818501e-16,8.818162329818501e-16,9.644516409999489e-16,10.0,0.0,3.2621280752209714e-06,0.3709845542907715,1.201664758809784e-07,0.2499999701976776,0.07110472023487091,0.0,0.0054281167685985565,0.0,1.201664758809784e-07,7.7776327049125e-15,6.733708642835836e-15,1.8860645467280397e-15,1.8860645467280397e-15,1.8860645467280397e-15,2.3950025989705685e-15
11,high_key,homogeneous_bright,a0_s0.01,0.2499999701976776,1.555669223307632e-05,0.0641266405582428,11.929615111389467,0.06408564001321793,0.06416759639978409,0.06407424062490463,0.06414902210235596,0.06409705430269241,0.06418625265359879,0.25000429153442383,,96,1.0,0.0,True,8.926388141553626e-09,7.799827923377526e-07,7.883021897558131e-08,7.883021897558131e-08,7.883021897558131e-08,1.1829235750984103e-08,0.0,0.01,0.0028678267262876034,0.3709845542907715,0.0015513930702582002,0.2499999701976776,4.276246556855767e-08,0.0,0.10822591930627823,0.0,0.0015513930702582002,3.89986652693499e-09,2.8428723579539526e-06,5.048120119699479e-07,5.048120119699479e-07,5.048120119699479e-07,8.805078111073522e-08
11,high_key,homogeneous_bright,a0_s0.1,0.2499999701976776,0.0006912151584401727,0.06418164074420929,11.925891847623566,0.06417343020439148,0.0641898363828659,0.06424656510353088,0.06387719511985779,0.06410028785467148,0.06450247019529343,0.25011423230171204,,96,1.0,0.0,True,1.8307585713732085e-06,4.639388821094029e-06,1.581792393180942e-06,1.581792393180942e-06,1.581792393180942e-06,6.411739293076921e-07,0.0,0.1,0.027170199900865555,0.3709845542907715,0.006906105205416679,0.2499999701976776,6.046070666343439e-07,0.0,0.10024956613779068,0.0,0.006906105205416679,8.666887825192798e-07,1.7388667831759146e-05,9.598790098416793e-06,9.598790098416793e-06,9.598790098416793e-06,4.066245160246701e-06
11,high_key,homogeneous_bright,a0_s1,0.2499999701976776,0.009192493744194508,0.06466247886419296,11.893476505378715,0.06503231823444366,0.06429263204336166,0.06470540165901184,0.06359443068504333,0.06535926461219788,0.06499083340167999,0.2510664761066437,,96,1.0,0.0,True,2.151400964425157e-05,4.2983500248365104e-06,4.0169747855293974e-06,4.0169747855293974e-06,4.0169747855293974e-06,2.227478765159384e-06,0.0,1.0,0.2542928457260132,0.3709845542907715,0.009188076481223106,0.2499999701976776,4.417699528858066e-06,0.0,0.05315757170319557,0.0,0.009188076481223106,1.0281351974974354e-05,1.512016459868313e-05,1.8715123677736346e-05,1.8715123677736346e-05,1.8715123677736346e-05,1.3121598839451617e-05
11,high_key,homogeneous_bright,a0.1_s0.1,0.2499999701976776,0.004183140583336353,0.05942816287279129,12.260076950579837,0.05943870544433594,0.059417665004730225,0.05923019349575043,0.059260785579681396,0.05964716151356697,0.059574492275714874,0.24051547050476074,,96,1.0,0.0,True,1.2519869837121787e-06,2.6571839333190707e-06,3.2744963493266904e-06,3.2744963493266904e-06,3.2744963493266904e-06,8.536873674819646e-07,0.1,0.1,0.02691064402461052,0.3709845542907715,0.007024249993264675,0.2499999701976776,9.322072583017871e-05,0.0,0.03387494757771492,0.0,0.007024249993264675,6.933726968659456e-07,1.0410613201417132e-05,1.3676749585907684e-05,1.3676749585907684e-05,1.3676749585907684e-05,4.332622593833798e-06
11,high_key,homogeneous_bright,a1_s0.1,0.2499999701976776,0.029300877824425697,0.03365178406238556,14.729919065392414,0.03377102315425873,0.03353255242109299,0.033621810376644135,0.03320052847266197,0.03392023220658302,0.033864572644233704,0.18400688469409943,,96,1.0,0.0,True,1.0955678080441794e-06,5.680785628682122e-06,1.749124453489806e-06,1.749124453489806e-06,1.749124453489806e-06,1.3882309428515024e-06,1.0,0.1,0.030264962464571,0.3709845542907715,0.0058297449722886086,0.2499999701976776,0.005048958119004965,0.0,0.023668944835662842,0.0,0.0058297449722886086,5.544940593592214e-07,1.7053777927043252e-05,8.323023277901438e-06,8.323023277901438e-06,8.323023277901438e-06,4.87601636686836e-06
11,high_key,homogeneous_bright,a1_s1,0.2499999701976776,0.038651593029499054,0.03363560140132904,14.732008027680495,0.033698633313179016,0.03357257321476936,0.033980950713157654,0.03310180455446243,0.033416301012039185,0.03404335677623749,0.18396088480949402,,96,1.0,0.0,True,3.236812178777743e-05,2.6653185404737066e-06,2.749665170800891e-06,2.749665170800891e-06,2.749665170800891e-06,2.0914945088918886e-06,1.0,1.0,0.29730960726737976,0.3709845542907715,0.009920882061123848,0.2499999701976776,0.00506294472143054,0.0,0.02366776578128338,0.0,0.009920882061123848,1.4226594148833432e-05,7.813070432147734e-06,1.5809298713797056e-05,1.5809298713797056e-05,1.5809298713797056e-05,1.0165576821431243e-05
11,high_key,left_right,identity,0.13820205628871918,0.13820205628871918,0.11737807840108871,9.304130046080537,0.17065182328224182,0.06410432606935501,0.17063401639461517,0.06412073969841003,0.17066961526870728,0.06408791244029999,0.0,,0,0.5,0.5,True,0.0,9.028655815484188e-17,9.028655815484188e-17,9.028655815484188e-17,9.028655815484188e-17,9.028655815484188e-17,0.0,0.0,0.0,0.0,0.0,0.13820205628871918,0.13820205628871918,0.0,0.0,0.0,0.0,0.0,0.0,0.0,0.0,0.0,0.0
11,high_key,left_right,global,0.1382020264863968,0.005306312348693609,0.07877583801746368,11.036069681041452,0.11641599237918854,0.041135672479867935,0.11639445275068283,0.04112602770328522,0.11643755435943604,0.041145361959934235,0.10345634818077087,,6,0.5,0.0,True,3.159477127606922e-16,1.3530504328688659e-16,2.824541478406316e-16,3.518844977200852e-16,2.628463702211475e-16,1.6297930341812458e-16,0.0,0.0,0.001996225444599986,0.67154860496521,-0.0,0.1382020264863968,0.005306312348693609,0.0,0.3645075857639313,0.0,-0.0,0.0,0.0,0.0,0.0,0.0,0.0
11,high_key,left_right,a0_s0,0.1382020264863968,0.0006781716365367174,0.06495103240013123,11.874139414020897,0.06832179427146912,0.06158025562763214,0.06829950213432312,0.06156977638602257,0.06834413856267929,0.061590712517499924,0.13423427939414978,,96,0.5,0.0,True,0.21222191490326245,0.01552494915231816,0.016961067347236312,0.016963868447188706,0.016959142981167637,0.0026037498121939356,0.0,0.0,0.00028382890741340816,0.2464812695980072,0.2776707708835602,0.1382020264863968,0.0006781716365367174,0.0,0.17191003262996674,0.0,0.2776707708835602,0.06488524930926738,0.08799533135365953,0.05435020004953428,0.05436131376963303,0.054348108102081925,0.01856015119923536
11,high_key,left_right,a0.01_s0,0.1382020264863968,0.002054724143818021,0.06520143151283264,11.857428691254544,0.06973961740732193,0.060663241893053055,0.06971579045057297,0.06065324321389198,0.06976349651813507,0.06067320331931114,0.1328718662261963,,96,0.5,0.0,True,0.25020567974049074,0.01666968818946329,0.00955463860110298,0.009557391469635041,0.009553761911983297,0.013636257973263457,0.01,0.0,0.00030973233515396714,0.2464812695980072,0.2667515277862549,0.1382020264863968,0.000989103689789772,0.0,0.1065620481967926,0.0,0.2667515277862549,0.07484708942846854,0.07869373627358832,0.030953143799276,0.030963464569081604,0.030952914639126798,0.06430232691547678
11,high_key,left_right,a0.1_s0,0.1382020264863968,0.006163722835481167,0.06786275655031204,11.683685035138398,0.07867627590894699,0.0570492148399353,0.07864871621131897,0.05704190954566002,0.07870389521121979,0.05705650523304939,0.12681376934051514,,96,0.5,0.0,True,0.35680598863865876,0.006831598822279667,0.001419429113090117,0.0014202533080482544,0.0014192303446600675,0.003423252236713388,0.1,0.0,0.00013855852012056857,0.2464812695980072,0.1393662691116333,0.1382020264863968,0.0028643172699958086,0.0,0.03299405798316002,0.0,0.1393662691116333,0.1094524153130001,0.021437082474669366,0.003923031718902002,0.003925646668171022,0.003923008182512767,0.012591534742139619
11,high_key,left_right,a1_s0,0.1382020264863968,0.02490733191370964,0.06966638565063477,11.569767204357586,0.1090548038482666,0.030277974903583527,0.10901888459920883,0.030274637043476105,0.10909067094326019,0.030281327664852142,0.09074600785970688,,96,0.5,0.0,True,0.21980881098676433,0.0026102651659697766,0.0006989895001671058,0.0006990899723888741,0.0006989520291417629,0.0001690886477712114,1.0,0.0,2.6027664716821164e-06,0.2464812695980072,0.06791593879461288,0.1382020264863968,0.009274211712181568,0.0,0.015633119270205498,0.0,0.06791593879461288,0.06559840576529677,0.006613039413199033,0.0017783522953031645,0.0017786326661374742,0.0017782969311772947,0.0005524016393074216
11,high_key,left_right,a10_s0,0.1382020264863968,0.07932093739509583,0.08161889016628265,10.882093149528028,0.15986353158950806,0.003374295076355338,0.15983736515045166,0.003380489069968462,0.15988962352275848,0.003368101781234145,0.02411636710166931,,96,0.5,0.0,True,0.032191941704160336,0.0001423171255996874,0.0001041070277693189,0.00010410863218730824,0.00010410674717707089,4.285518185463579e-05,10.0,0.0,4.314135367167182e-06,0.2464812695980072,0.021473675966262817,0.1382020264863968,0.05181938409805298,0.0,0.002750155283138156,0.0,0.021473675966262817,0.009328134500223562,0.0003418725019395857,0.00025507026974411033,0.0002550747781835269,0.00025507014183762827,0.0001081541447905484
11,high_key,left_right,a0_s0.01,0.1382020264863968,0.0015169691760092974,0.06508386135101318,11.865266887761965,0.07076366245746613,0.05940404161810875,0.07061100751161575,0.059375956654548645,0.07091636210680008,0.05943215638399124,0.13148221373558044,,96,0.5,0.0,True,0.4882741812358588,0.00041229005496081443,9.785632080872374e-07,5.408133923525674e-07,7.928897205772728e-07,0.00018935662170052145,0.0,0.01,0.001990897348150611,0.2464812695980072,0.06110767647624016,0.1382020264863968,0.0009058924042619765,0.0,0.23071767389774323,0.0,0.06110767647624016,0.14941748859111958,0.0023344698086735652,4.370081528339763e-06,3.7340260941841417e-06,4.660529364527992e-06,0.0011690774116658868
11,high_key,left_right,a0_s0.1,0.1382020264863968,0.006330818869173527,0.06724974513053894,11.723093572528448,0.08036459237337112,0.05413488671183586,0.07982543855905533,0.054102420806884766,0.08090375363826752,0.05416737496852875,0.1233692318201065,,96,0.5,0.0,True,0.4197434247044613,8.347675586675043e-07,1.5014444305501258e-06,2.2828808509967964e-06,3.7446126738628706e-06,8.500185488316626e-07,0.0,0.1,0.024389518424868584,0.2464812695980072,0.046710848808288574,0.1382020264863968,0.001659733708947897,0.0,0.1559079885482788,0.0,0.046710848808288574,0.12558851510282848,5.146676603562381e-06,9.72340212212699e-06,1.4477353385874971e-05,2.0576508120231184e-05,8.527975596139805e-06
11,high_key,left_right,a0_s1,0.1382020264863968,0.02724260836839676,0.10663405805826187,9.721040629978454,0.18539193272590637,0.027876218780875206,0.18520016968250275,0.028121570125222206,0.1855836659669876,0.027630861848592758,0.08508157730102539,,96,0.5,0.0,True,7.670247012708823e-05,2.0618256531737422e-06,3.6957335503187016e-06,4.348509213207476e-06,2.3587192261231294e-06,9.347999706292611e-07,0.0,1.0,0.2865859568119049,0.33385318517684937,0.007284407503902912,0.1382020264863968,0.01995820179581642,0.0,0.07272196561098099,0.0,0.007284407503902912,2.3713327015881254e-05,1.3252062481469776e-05,1.575226960104868e-05,1.707393067045328e-05,8.52953178442916e-06,5.284145435324702e-06
11,high_key,left_right,a0.1_s0.1,0.1382020264863968,0.012554751709103584,0.0699116438627243,11.554504859969148,0.08780018240213394,0.052023112773895264,0.08775680512189865,0.05188383534550667,0.08784359693527222,0.052162379026412964,0.11886843293905258,,96,0.5,0.0,True,0.4483556161413265,7.183902086935156e-06,8.96662644746824e-06,2.024751131702041e-06,7.357763347733756e-06,2.342912424429515e-06,0.1,0.1,0.02787463180720806,0.2464812695980072,0.0492081344127655,0.1382020264863968,0.004184058867394924,0.0,0.03449878841638565,0.0,0.0492081344127655,0.13442221999046827,2.98253317297624e-05,3.038790724511017e-05,8.805201979916922e-06,2.476690749439714e-05,9.905492218770228e-06
11,high_key,left_right,a1_s0.1,0.1382020264863968,0.03051948733627796,0.07274286448955536,11.38209601170871,0.11761319637298584,0.027872512117028236,0.1176118329167366,0.027828684076666832,0.11761459708213806,0.02791634202003479,0.08606478571891785,,96,0.5,0.0,True,0.2195671814826565,0.001413198050990179,9.662588814522359e-05,8.739414260329745e-05,9.484654836448477e-05,1.3829263421938898e-06,1.0,0.1,0.024869386106729507,0.2464812695980072,0.04710136353969574,0.1382020264863968,0.011280748061835766,0.0,0.014528602361679077,0.0,0.04710136353969574,0.06498991187296695,0.003564186340725886,0.0002422940665268709,0.0002232861300466642,0.0002365992803091225,6.26719040940169e-06
11,high_key,left_right,a1_s1,0.1382020264863968,0.06177254766225815,0.09345749020576477,10.293858861024475,0.17407646775245667,0.012838536873459816,0.1742587387561798,0.013140520080924034,0.1738942265510559,0.012536566704511642,0.06271693110466003,,96,0.5,0.0,True,0.06555269244355034,8.024747650948196e-06,5.508356392327728e-06,6.663933155170164e-06,2.1472985882623123e-06,6.016481153137253e-06,1.0,1.0,0.2733668386936188,0.3326573371887207,0.025668542832136154,0.1382020264863968,0.025271497666835785,0.0,0.010832508094608784,0.0,0.025668542832136154,0.019488092858677968,2.8969395678325184e-05,1.6922787094161164e-05,2.2675322048484864e-05,1.2517486979241248e-05,2.3972876162885608e-05
11,high_key,quadrants,identity,0.13820227980613708,0.13820227980613708,0.1173764169216156,9.304191520632152,0.11735884100198746,0.11739397048950195,0.17063401639461517,0.06412073969841003,0.06408366560935974,0.17066729068756104,0.0,,0,0.5,0.5,True,0.0,9.028655815484188e-17,9.028655815484188e-17,9.028655815484188e-17,9.028655815484188e-17,9.028655815484188e-17,0.0,0.0,0.0,0.0,0.0,0.13820227980613708,0.13820227980613708,0.0,0.0,0.0,0.0,0.0,0.0,0.0,0.0,0.0,0.0
11,high_key,quadrants,global,0.1382022649049759,0.005306359380483627,0.07877545058727264,11.036091040282063,0.07877045124769211,0.078780397772789,0.11639438569545746,0.04112599790096283,0.04114653170108795,0.11643487960100174,0.10345640778541565,,6,0.5,0.0,True,2.9950482528602864e-16,1.35212057812418e-16,3.243989376645636e-16,3.1290742944258897e-16,3.076731415782126e-16,1.734418544040908e-16,0.0,0.0,0.001996217295527458,0.6715518832206726,-0.0,0.1382022649049759,0.005306359380483627,0.0,0.3645074665546417,0.0,-0.0,0.0,0.0,0.0,0.0,0.0,0.0
11,high_key,quadrants,a0_s0,0.1382022649049759,0.0010339156724512577,0.06617963314056396,11.792756446326527,0.06613972783088684,0.0662195086479187,0.0716443657875061,0.06029977276921272,0.06063513457775116,0.07213925570249557,0.13189861178398132,,96,0.5,0.0,True,0.1899643141548685,0.01021695041331431,0.014501308913170419,0.014490204676112076,0.014491934396530015,0.00175254600413941,0.0,0.0,0.0003756522783078253,0.2315549999475479,0.4509759247303009,0.1382022649049759,0.0010339156724512577,0.0,0.2266315221786499,0.0,0.4509759247303009,0.07129044290559357,0.06729363330576237,0.06304364651321306,0.0630244722256561,0.06302599380790716,0.012592935041860305
11,high_key,quadrants,a0.01_s0,0.1382022649049759,0.0029737467411905527,0.06693955510854721,11.74317178362243,0.06689731031656265,0.06698182970285416,0.07410965859889984,0.05929529666900635,0.059684932231903076,0.07466835528612137,0.1302000731229782,,96,0.5,0.0,True,0.2158396544037335,0.012360226479325909,0.009120621506068698,0.009114056412107623,0.009113360426606173,0.007509203845538295,0.01,0.0,0.0003578577598091215,0.2315549999475479,0.43562471866607666,0.1382022649049759,0.001503351260907948,0.0,0.14703954756259918,0.0,0.43562471866607666,0.07894050757014306,0.07073830547829335,0.0384862065365505,0.038479244337713554,0.03847265699236926,0.04247299485858405
11,high_key,quadrants,a0.1_s0,0.1382022649049759,0.008691221475601196,0.07219039648771286,11.415205729261944,0.07213220745325089,0.07224860787391663,0.0879347026348114,0.055707674473524094,0.05632966756820679,0.08878953009843826,0.12282257527112961,,96,0.5,0.0,True,0.32445402154485736,0.005989839549024049,0.001411477015942786,0.0014093607512568362,0.0014093314222992108,0.0030761987862077318,0.1,0.0,0.00020134943770244718,0.2315549999475479,0.25275278091430664,0.1382022649049759,0.004414910916239023,0.0,0.04276310279965401,0.0,0.25275278091430664,0.12291228858406171,0.023805379452574774,0.004920189452812487,0.004916350534288705,0.004915652055376364,0.01209017449720306
11,high_key,quadrants,a1_s0,0.1382022649049759,0.030062273144721985,0.07720053195953369,11.123797070956872,0.07711999118328094,0.07728101313114166,0.12600402534008026,0.02759987860918045,0.028235988691449165,0.12696215510368347,0.08427051454782486,,96,0.5,0.0,True,0.17982256026649834,0.002222125547827048,0.0005784573756717383,0.0005781375981898299,0.000578146943796038,0.00022288262991004037,1.0,0.0,2.6853153940464836e-06,0.2315549999475479,0.12829044461250305,0.1382022649049759,0.013582844287157059,0.0,0.016479428857564926,0.0,0.12829044461250305,0.06369307559014119,0.006775430098353864,0.0017516226796267928,0.0017508837674383093,0.001750861458037531,0.0007543671087610412
11,high_key,quadrants,a10_s0,0.1382022649049759,0.08385871350765228,0.0870106890797615,10.60427391942271,0.08698651939630508,0.08703482151031494,0.1686934381723404,0.004956889897584915,0.0052796583622694016,0.16911274194717407,0.021397782489657402,,96,0.5,0.0,True,0.02339250548338742,0.00010155669409371583,7.56581090773875e-05,7.565143225434378e-05,7.565184164765993e-05,3.2128033632877314e-05,10.0,0.0,2.2435160644818097e-06,0.2315549999475479,0.039001934230327606,0.1382022649049759,0.0576014369726181,0.0,0.002625727327540517,0.0,0.039001934230327606,0.007840195931309777,0.00028097116798395143,0.00021454217913252757,0.00021452646469852146,0.00021452604617221713,9.394256871477108e-05
11,high_key,quadrants,a0_s0.01,0.1382022649049759,0.002280899789184332,0.06668571382761002,11.759671956243542,0.0666477382183075,0.06672367453575134,0.07511410117149353,0.057829421013593674,0.05818139761686325,0.0756179466843605,0.12864792346954346,,96,0.5,0.0,True,0.4836781524236824,3.269874820096185e-08,3.405193788237027e-07,4.3041729480590716e-07,2.473563208250853e-07,8.270995277188693e-07,0.0,0.01,0.0020519758109003305,0.2315549999475479,0.10374639183282852,0.1382022649049759,0.001243435894139111,0.0,0.30471548438072205,0.0,0.10374639183282852,0.17822483542025197,3.427837453329156e-07,2.7702757853763313e-06,3.0187822660371276e-06,1.749641886025768e-06,6.624069473257148e-06
11,high_key,quadrants,a0_s0.1,0.1382022649049759,0.008733551949262619,0.07477962225675583,11.262167329798851,0.07472428679466248,0.07483498007059097,0.10676157474517822,0.04244963079690933,0.04268700256943703,0.1072203516960144,0.10603120177984238,,96,0.5,0.0,True,0.09364225223614263,5.480146445453683e-07,1.3398243979738301e-06,7.810920496616735e-07,2.2291044254539332e-06,2.1912071406505164e-07,0.0,0.1,0.021328160539269447,0.2315549999475479,0.045344337821006775,0.1382022649049759,0.004199117422103882,0.0,0.23452810943126678,0.0,0.045344337821006775,0.03323851004377793,4.641039490493917e-06,6.685303066158282e-06,4.580463497272356e-06,1.134945988612299e-05,2.145710152223771e-06
11,high_key,quadrants,a0_s1,0.1382022649049759,0.026765868067741394,0.10504715144634247,9.786157198206944,0.10511396825313568,0.10498032718896866,0.179544597864151,0.031216301023960114,0.030683325603604317,0.1787443906068802,0.08882692456245422,,96,0.5,0.0,True,4.729419182470017e-05,7.305201943568217e-07,3.4061077063603012e-06,4.275902142787073e-06,4.226937044883676e-06,6.57144714581156e-07,0.0,1.0,0.27180469036102295,0.3586651086807251,0.008871247991919518,0.1382022649049759,0.017894620075821877,0.0,0.08775025606155396,0.0,0.008871247991919518,2.084465462415265e-05,5.89371321437979e-06,1.4054840998757718e-05,2.1631175994843946e-05,2.0528479577279484e-05,6.2726274115098074e-06
11,high_key,quadrants,a0.1_s0.1,0.1382022649049759,0.019368328154087067,0.07562676817178726,11.213244583127207,0.07584276795387268,0.07541079819202423,0.10729708522558212,0.04306069761514664,0.04438843950629234,0.10776089131832123,0.10574816167354584,,96,0.5,0.0,True,0.3093374723063393,7.768450310432602e-06,4.184633329274903e-06,4.789277815479483e-06,3.024355076096987e-06,1.5304848344879637e-06,0.1,0.1,0.027350854128599167,0.2315549999475479,0.08103038370609283,0.1382022649049759,0.006692451890558004,0.0,0.04572838172316551,0.0,0.08103038370609283,0.11037870767437866,2.9677409813916774e-05,1.478476041299803e-05,1.9475507906064126e-05,1.0940047665383383e-05,6.782187352335328e-06
11,high_key,quadrants,a1_s0.1,0.1382022649049759,0.03906482085585594,0.0829220712184906,10.813298586822873,0.08296135812997818,0.08288275450468063,0.14260026812553406,0.022619523108005524,0.023322435095906258,0.14314603805541992,0.07595912367105484,,96,0.5,0.0,True,0.1615942184850025,0.00045129759240733334,2.3337763414717828e-05,2.3287675808435078e-05,5.795729631377954e-06,3.920038494099578e-06,1.0,0.1,0.023407751694321632,0.2315549999475479,0.07117795944213867,0.1382022649049759,0.017593245953321457,0.0,0.014353778213262558,0.0,0.07117795944213867,0.056471394557351215,0.0013032537116943028,6.76850707071813e-05,6.75564088190353e-05,1.9465520878518778e-05,1.5348824813201347e-05
11,high_key,quadrants,a1_s1,0.1382022649049759,0.06511323153972626,0.11515042185783386,9.387344666429216,0.11437974870204926,0.11592107266187668,0.22169962525367737,0.006864352151751518,0.007059892173856497,0.22497780621051788,0.053963690996170044,,96,0.5,0.0,True,0.000258554773498424,6.82098389311397e-06,1.2350116157850686e-06,1.2355638986353674e-06,1.2346234596060985e-06,2.5152569396843565e-06,1.0,1.0,0.2550661563873291,0.35938531160354614,0.008675966411828995,0.1382022649049759,0.04023545980453491,0.0,0.0162018071860075,0.0,0.008675966411828995,8.81750676599256e-05,2.8076553243391986e-05,5.443750874642575e-06,5.44308697795776e-06,5.440976304576896e-06,1.0352772547606555e-05
11,high_key,smooth_gradient,identity,0.10053004324436188,0.10053004324436188,0.04787442088127136,13.198964664873294,0.05864909663796425,0.03709975257515907,0.058647532016038895,0.03709828481078148,0.05865063890814781,0.03710122033953667,0.0,,0,0.1955295205116272,0.1955295205116272,True,0.0,9.028655815484188e-17,9.028655815484188e-17,9.028655815484188e-17,9.028655815484188e-17,9.028655815484188e-17,0.0,0.0,0.0,0.0,0.0,0.10053004324436188,0.10053004324436188,0.0,0.0,0.0,0.0,0.0,0.0,0.0,0.0,0.0,0.0
11,high_key,smooth_gradient,global,0.10053002834320068,0.0022386794444173574,0.06975607573986053,11.564179594467923,0.0910043716430664,0.048507776111364365,0.09098874777555466,0.04849843680858612,0.09102000296115875,0.04851711541414261,0.08640413731336594,,6,0.1955295205116272,0.0,True,2.8459845833442897e-16,1.7721425659106835e-16,3.3312563560748955e-16,2.976623422754263e-16,3.226344742844979e-16,1.7392174578184168e-16,0.0,0.0,0.0012342632981017232,0.6404392719268799,-0.0,0.10053002834320068,0.0022386794444173574,0.0,0.33461570739746094,0.0,-0.0,0.0,0.0,0.0,0.0,0.0,0.0
11,high_key,smooth_gradient,a0_s0,0.10053002834320068,4.03127160097938e-05,0.06341341137886047,11.97818882940406,0.06337714940309525,0.06344970315694809,0.06335573643445969,0.06343669444322586,0.06339852511882782,0.06346270442008972,0.10056952387094498,,96,0.1955295205116272,0.0,True,0.03503890828914359,0.02099209995305211,0.005273197119284159,0.005264844852655068,0.005264938411334193,0.00503276011679563,0.0,0.0,3.3853913919301704e-05,0.21316750347614288,0.133053719997406,0.10053002834320068,4.03127160097938e-05,0.0,0.10573456436395645,0.0,0.133053719997406,0.010027917632433164,0.08389846298153497,0.015536245545461201,0.015508721405016333,0.015510345693788386,0.028653003768832494
11,high_key,smooth_gradient,a0.01_s0,0.10053002834320068,0.0005033733323216438,0.06303930282592773,12.003885985090907,0.06355837732553482,0.06252020597457886,0.06353531032800674,0.06250770390033722,0.06358149647712708,0.0625327080488205,0.09969154745340347,,96,0.1955295205116272,0.0,True,0.06292205331864671,0.013226132457889499,0.004337957212750424,0.004329086644702429,0.004328647532433057,0.002808757195307953,0.01,0.0,0.0002304255758645013,0.21316750347614288,0.12385036796331406,0.10053002834320068,0.00014790956629440188,0.0,0.035546377301216125,0.0,0.12385036796331406,0.01750475479902144,0.042564386674663626,0.011609266815602766,0.011581908122760793,0.011581336352587736,0.010799540465967289
11,high_key,smooth_gradient,a0.1_s0,0.10053002834320068,0.0019591706804931164,0.06147428974509239,12.113064802642196,0.06391307711601257,0.05903554707765579,0.0638900026679039,0.05902428925037384,0.06393610686063766,0.05904676392674446,0.0962899923324585,,96,0.1955295205116272,0.0,True,0.13752938771369624,0.002867477456053399,0.000441075527075869,0.0004388969064911601,0.00043881028744576617,0.00011055003728734909,0.1,0.0,5.799424980068579e-05,0.21316750347614288,0.05800662189722061,0.10053002834320068,0.0003516942961141467,0.0,0.016074763610959053,0.0,0.05800662189722061,0.03869264400823123,0.006854839797286761,0.0010738870194409466,0.0010681395950791544,0.0010679128523939723,0.00031454365946508413
11,high_key,smooth_gradient,a1_s0,0.10053002834320068,0.013667610473930836,0.049330390989780426,13.06885442331672,0.06355171650648117,0.035109009593725204,0.06353413313627243,0.03510509431362152,0.06356935203075409,0.035112954676151276,0.07127469033002853,,96,0.1955295205116272,0.0,True,0.09578584393248758,0.0009849046713702647,0.00028445875666525825,0.0002838585923999056,0.00028387485355408883,1.5149163767971777e-05,1.0,0.0,2.3614206838828977e-06,0.21316750347614288,0.04360580816864967,0.10053002834320068,0.0029255198314785957,0.0,0.01074209064245224,0.0,0.04360580816864967,0.02684236428370513,0.002267054946398902,0.0006851175330536676,0.0006836492747521063,0.0006837024928060951,3.965092779225723e-05
11,high_key,smooth_gradient,a10_s0,0.10053002834320068,0.054801419377326965,0.032033100724220276,14.944010206792449,0.061898622661828995,0.00216756877489388,0.06189297139644623,0.0021680183708667755,0.06190431863069534,0.0021671189460903406,0.018819309771060944,,96,0.1955295205116272,0.0,True,0.017871196730109513,5.2352372698286576e-05,5.710872099923918e-05,5.702166366646284e-05,5.7028482355998585e-05,4.828655021800934e-05,10.0,0.0,2.7796997983386973e-06,0.21316750347614288,0.018346549943089485,0.10053002834320068,0.03308612480759621,0.0,0.002171529224142432,0.0,0.018346549943089485,0.004957085056244129,0.0001254318543934275,0.0001342162559749413,0.0001340111090175899,0.00013402775622202163,0.00011533342528491591
11,high_key,smooth_gradient,a0_s0.01,0.10053002834320068,0.0005654253182001412,0.06343558430671692,11.976670554819114,0.06441875547170639,0.06245240196585655,0.06430771946907043,0.06241336837410927,0.06452980637550354,0.06249145045876503,0.09945204108953476,,96,0.1955295205116272,0.0,True,0.20906948591362925,5.975921707298951e-07,6.241929972719748e-07,8.226226646530888e-07,4.4238720881089086e-07,5.195358427508113e-07,0.0,0.01,0.002696473617106676,0.21316750347614288,0.03897921368479729,0.10053002834320068,0.00017563319124747068,0.0,0.09354531764984131,0.0,0.03897921368479729,0.05917916802268699,2.0780475951177086e-06,3.7387093962636027e-06,4.79302767729394e-06,2.581036914691567e-06,3.2302998038656694e-06
11,high_key,smooth_gradient,a0_s0.1,0.10053002834320068,0.004378832411020994,0.06438743323087692,11.91198887470157,0.06996633857488632,0.05880853161215782,0.0702824741601944,0.058844659477472305,0.06965026259422302,0.05877236649394035,0.09449048340320587,,96,0.1955295205116272,0.0,True,0.16224082349977453,4.454922820897579e-06,6.526105799002045e-06,3.080975777460154e-06,1.868765307968043e-06,1.6978649679307911e-06,0.0,0.1,0.02611890435218811,0.21316750347614288,0.038653191179037094,0.10053002834320068,0.0005135132232680917,0.0,0.0635998323559761,0.0,0.038653191179037094,0.04576657979010203,1.5085672052054327e-05,3.563746203208087e-05,1.320117926128984e-05,1.2073021869975907e-05,9.85862214906987e-06
11,high_key,smooth_gradient,a0_s1,0.10053002834320068,0.020470254123210907,0.08749610930681229,10.580112583393984,0.1383485198020935,0.03664366900920868,0.13800662755966187,0.0367986336350441,0.13869045674800873,0.036488696932792664,0.07933209836483002,,96,0.1955295205116272,0.0,True,0.00010043973926839534,3.4718932908552485e-06,2.1609937575688883e-06,4.396170788022458e-06,5.679569823686437e-06,7.180749891900871e-07,0.0,1.0,0.29179272055625916,0.32155513763427734,0.009277721866965294,0.10053002834320068,0.011192533187568188,0.0,0.03769441321492195,0.0,0.009277721866965294,3.122239484309664e-05,1.8621496995527977e-05,8.858349309767118e-06,2.2664475439012292e-05,2.508881535536522e-05,4.17216064295399e-06
11,high_key,smooth_gradient,a0.1_s0.1,0.10053002834320068,0.006367039866745472,0.06210888922214508,12.06846237764701,0.06877969950437546,0.05543805658817291,0.06846412271261215,0.0554322823882103,0.06909531354904175,0.055443841964006424,0.09166622906923294,,96,0.1955295205116272,0.0,True,0.16898840089620235,1.9907738258141957e-05,5.51968501806371e-06,6.014817220965049e-06,6.2886905767427295e-06,3.2153102784265634e-06,0.1,0.1,0.02901122160255909,0.21316750347614288,0.04054175689816475,0.10053002834320068,0.0007092400919646025,0.0,0.01603624038398266,0.0,0.04054175689816475,0.04763606274946744,6.273375846286596e-05,1.6678707962023202e-05,2.2716059364792132e-05,2.3439006587718317e-05,1.3952916410758797e-05
11,high_key,smooth_gradient,a1_s0.1,0.10053002834320068,0.017795618623495102,0.05072581022977829,12.947710073697955,0.06864063441753387,0.03281097859144211,0.06775078177452087,0.03286056965589523,0.06953045725822449,0.032761406153440475,0.0680491030216217,,96,0.1955295205116272,0.0,True,0.09727101852866825,0.00019710323442163316,4.0867615360424956e-05,2.124123302183438e-05,2.7798306301260794e-05,5.472411552767572e-06,1.0,0.1,0.026809275150299072,0.21316750347614288,0.03667641431093216,0.10053002834320068,0.003829739522188902,0.0,0.010298238135874271,0.0,0.03667641431093216,0.027217361765215803,0.0004617360430726623,0.00011123451640997578,6.0583406365947605e-05,6.986871944218745e-05,2.034102626147844e-05
11,high_key,smooth_gradient,a1_s1,0.10053002834320068,0.03778158128261566,0.06610360741615295,11.797748394828954,0.11224302649497986,0.019964206963777542,0.11219261586666107,0.019994698464870453,0.11229337751865387,0.01993372105062008,0.05463309958577156,,96,0.1955295205116272,0.0,True,0.012708061431876673,2.688978064484187e-06,6.782079984530387e-06,8.059574299108881e-06,3.085097233801417e-06,5.330929489485948e-06,1.0,1.0,0.2963549792766571,0.3193225562572479,0.014888357371091843,0.10053002834320068,0.013861614279448986,0.0,0.009031611494719982,0.0,0.014888357371091843,0.0037484683575421947,9.104248037196427e-06,2.1503572576046103e-05,2.5324333610644372e-05,9.793283223798802e-06,2.0501932921301367e-05
11,high_key,stripes_4,identity,0.10240544378757477,0.10240544378757477,0.12217092514038086,9.130321374117994,0.12217828631401062,0.1221635639667511,0.12219765782356262,0.12214766442775726,0.12215893715620041,0.12217947840690613,0.0,,0,0.5,0.5,True,0.0,9.028655815484188e-17,9.028655815484188e-17,9.028655815484188e-17,9.028655815484188e-17,9.028655815484188e-17,0.0,0.0,0.0,0.0,0.0,0.10240544378757477,0.10240544378757477,0.0,0.0,0.0,0.0,0.0,0.0,0.0,0.0,0.0,0.0
11,high_key,stripes_4,global,0.10240542888641357,0.0036140484735369682,0.07707078009843826,11.131102451306065,0.07707106322050095,0.07707048952579498,0.07705774903297424,0.07705440372228622,0.07708439230918884,0.07708660513162613,0.10034140944480896,,6,0.5,0.0,True,2.60436561432694e-16,1.2256303182031647e-16,3.0332325074094325e-16,2.757524226176794e-16,3.3077163722975154e-16,1.7983215345095736e-16,0.0,0.0,0.0014069491298869252,0.5606939792633057,-0.0,0.10240542888641357,0.0036140484735369682,0.0,0.3579116761684418,0.0,-0.0,0.0,0.0,0.0,0.0,0.0,0.0
11,high_key,stripes_4,a0_s0,0.10240542888641357,0.0035082718823105097,0.07671626657247543,11.151125404362599,0.0731988325715065,0.08023370802402496,0.07318317145109177,0.08021505177021027,0.07321444153785706,0.08025240153074265,0.10120502859354019,,96,0.5,0.0,True,0.004224682374948413,6.6508229468905916e-06,0.00033255318652312954,0.0003332097997602898,0.0003326273763134688,7.20231704821143e-05,0.0,0.0,0.00035151568590663373,0.14399833977222443,0.04801897332072258,0.10240542888641357,0.0035082718823105097,0.0,0.35436972975730896,0.0,0.04801897332072258,0.0015300699957307394,7.705470762507668e-05,0.0016867943075034553,0.0016903036724354452,0.0016874999245143907,0.0005820896695401951
11,high_key,stripes_4,a0.01_s0,0.10240542888641357,0.007009449414908886,0.07556972652673721,11.216521494130818,0.0718129426240921,0.07932654023170471,0.07179858535528183,0.07930830121040344,0.0718272477388382,0.079344742000103,0.09686587750911713,,96,0.5,0.0,True,0.0022796604100495275,5.87022838285015e-05,0.00043951864617888006,0.0004401959053125541,0.00043955738593480466,9.771928215578661e-05,0.01,0.0,0.0003283736587036401,0.14399833977222443,0.04512905329465866,0.10240542888641357,0.003976637497544289,0.0,0.3032812178134918,0.0,0.04512905329465866,0.0009108391529813429,0.0005761884555303687,0.001744193253431183,0.001747076515049975,0.0017446073843496717,0.0007478205230235651
11,high_key,stripes_4,a0.1_s0,0.10240542888641357,0.020154867321252823,0.09498199075460434,10.223587321568326,0.08826036751270294,0.10170362144708633,0.08824833482503891,0.10168197005987167,0.08827236294746399,0.10172531753778458,0.07663451135158539,,96,0.5,0.0,True,0.0053047121113409595,0.0006751234515180998,1.7573450881310274e-05,1.765950012615561e-05,1.7565692741787726e-05,0.00012610783914834288,0.1,0.0,6.141397079773014e-07,0.14399833977222443,0.030009569600224495,0.10240542888641357,0.01220486406236887,0.0,0.07950002700090408,0.0,0.030009569600224495,0.0019622430439922706,0.002574435656683444,6.509504904369731e-05,6.540008874444943e-05,6.508451953422069e-05,0.0006792347185866324
11,high_key,stripes_4,a1_s0,0.10240542888641357,0.04210441932082176,0.11720845103263855,9.310410734329338,0.11106494069099426,0.12335194647312164,0.11105961352586746,0.12332844734191895,0.11107024550437927,0.12337545305490494,0.04652521386742592,,96,0.5,0.0,True,0.0040459057616234265,0.00016068645043536487,1.180625406088041e-05,1.1830310282390913e-05,1.180729028115405e-05,2.6879345829016663e-05,1.0,0.0,1.1420678447393584e-06,0.14399833977222443,0.017077622935175896,0.10240542888641357,0.030332880094647408,0.0,0.01177153829485178,0.0,0.017077622935175896,0.0013749966082232657,0.0004277960346231758,3.573409724243311e-05,3.580721050202368e-05,3.5739017778371126e-05,7.998636707751456e-05
11,high_key,stripes_4,a10_s0,0.10240542888641357,0.07594598829746246,0.1126609519124031,9.482265835768139,0.11202829331159592,0.1132936179637909,0.11203800141811371,0.11327546089887619,0.11201857030391693,0.1133117526769638,0.00954813789576292,,96,0.5,0.0,True,0.0009269905953771409,4.296153992125683e-06,2.969169499798193e-06,2.971811552314641e-06,2.9696538769012406e-06,1.1648671269226773e-06,10.0,0.0,2.3731499823043123e-06,0.14399833977222443,0.005581137724220753,0.10240542888641357,0.06091475486755371,0.0,0.0015031230868771672,0.0,0.005581137724220753,0.0002895315147489992,1.0696194228585745e-05,7.87671686767167e-06,7.884018561311089e-06,7.878160087320683e-06,3.353711799632846e-06
11,high_key,stripes_4,a0_s0.01,0.10240542888641357,0.003634560154750943,0.07684478908777237,11.143855770536934,0.07408349215984344,0.0796060860157013,0.07407096028327942,0.0795954167842865,0.07409611344337463,0.0796167328953743,0.10069885849952698,,96,0.5,0.0,True,0.0056958931482784,3.14050936448219e-10,2.1494111781628097e-06,8.423189766275312e-07,8.083645587799776e-07,1.536897623587094e-07,0.0,0.01,0.00197739340364933,0.14399833977222443,0.00941718090325594,0.10240542888641357,0.003540388308465481,0.0,0.35525938868522644,0.0,0.00941718090325594,0.001717107846772912,3.5686453236933163e-09,1.0912832991785019e-05,4.73859343247396e-06,5.130304273737182e-06,1.3046861959547971e-06
11,high_key,stripes_4,a0_s0.1,0.10240542888641357,0.005118954926729202,0.07974454760551453,10.982990013841157,0.0795125886797905,0.07997648417949677,0.07939662784337997,0.0800270140171051,0.07962861657142639,0.07992598414421082,0.096656933426857,,96,0.5,0.0,True,2.3710627223662404e-05,1.6288025680149507e-07,1.944748541197325e-06,2.6116372928406386e-06,1.6692892775965022e-06,7.218574416139945e-08,0.0,0.1,0.023067453876137733,0.14399833977222443,0.005355422385036945,0.10240542888641357,0.004583412781357765,0.0,0.28135910630226135,0.0,0.005355422385036945,8.950077309166687e-06,1.71290695948068e-06,1.2263854586466106e-05,1.1540382022747523e-05,7.5428445433199975e-06,7.849659799802591e-07
11,high_key,stripes_4,a0_s1,0.10240542888641357,0.022823261097073555,0.10613015294075012,9.741612099220383,0.10595311969518661,0.10630722343921661,0.10619354993104935,0.10679297149181366,0.1057126373052597,0.10582143813371658,0.07856428623199463,,96,0.5,0.0,True,4.039707973888622e-05,3.9864229278845086e-06,4.424314086017612e-06,3.4020836678910327e-06,2.7639649543949586e-06,1.0126915212231092e-06,0.0,1.0,0.2846609354019165,0.37045592069625854,0.008067658171057701,0.10240542888641357,0.014755602926015854,0.0,0.06541275233030319,0.0,0.008067658171057701,1.610135968837736e-05,2.1085090022462275e-05,1.841257471459925e-05,1.346249712296117e-05,1.1131377221671582e-05,7.259871501599109e-06
11,high_key,stripes_4,a0.1_s0.1,0.10240542888641357,0.021321957930922508,0.09538734704256058,10.205092298455664,0.09437502175569534,0.09639962762594223,0.09454063326120377,0.09638114273548126,0.0942094624042511,0.09641816467046738,0.07558296620845795,,96,0.5,0.0,True,9.960424272880334e-05,5.127212013362796e-06,5.0609746051456715e-06,6.206924536283314e-06,1.579982359235959e-06,2.183533904772194e-07,0.1,0.1,0.025778068229556084,0.14399833977222443,0.0075496188364923,0.10240542888641357,0.01239862758666277,0.0,0.0816836878657341,0.0,0.0075496188364923,2.898374964033227e-05,2.4753638609095053e-05,2.152122235294838e-05,2.003967538766518e-05,7.86522437717842e-06,1.9191740443374944e-06
11,high_key,stripes_4,a1_s0.1,0.10240542888641357,0.04345548152923584,0.11764822900295258,9.294146060148119,0.11384018510580063,0.12145630270242691,0.11373400688171387,0.1213691234588623,0.11394631862640381,0.12154348939657211,0.04582565277814865,,96,0.5,0.0,True,0.0017189821038676174,1.1037039341624667e-05,4.517520467752403e-06,6.552657495118944e-06,4.939343862807049e-06,2.983421440005047e-06,1.0,0.1,0.02771061286330223,0.14399833977222443,0.011126717552542686,0.10240542888641357,0.030642936006188393,0.0,0.011699873022735119,0.0,0.011126717552542686,0.0005133383324264767,3.115489370237966e-05,1.3386400958540433e-05,1.9646730519051387e-05,1.741627812072183e-05,1.6488777140794688e-05
11,high_key,stripes_4,a1_s1,0.10240542888641357,0.0525163933634758,0.11819096654653549,9.27415715746765,0.11750921607017517,0.11887267231941223,0.11720973998308182,0.11870524287223816,0.11780878156423569,0.11904014647006989,0.045474279671907425,,96,0.5,0.0,True,4.409204860403066e-05,5.032761239485886e-06,2.893161084580893e-06,2.652243129548682e-06,1.6687331699620847e-06,2.9431502894644528e-06,1.0,1.0,0.29588308930397034,0.34699317812919617,0.009587079286575317,0.10240542888641357,0.031025568023324013,0.0,0.011903746984899044,0.0,0.009587079286575317,1.8011774305041174e-05,2.3574473607778112e-05,1.1639328757277772e-05,1.4203836903171279e-05,8.91130119287691e-06,1.3930261773308226e-05
11,high_key,stripes_12,identity,0.03081411123275757,0.03081411123275757,0.13176082074642181,8.80213708582292,0.13176143169403076,0.13176017999649048,0.13178932666778564,0.13176196813583374,0.13173361122608185,0.13175837695598602,0.0,,0,0.5,0.5,True,0.0,9.028655815484188e-17,9.028655815484188e-17,9.028655815484188e-17,9.028655815484188e-17,9.028655815484188e-17,0.0,0.0,0.0,0.0,0.0,0.03081411123275757,0.03081411123275757,0.0,0.0,0.0,0.0,0.0,0.0,0.0,0.0,0.0,0.0
11,high_key,stripes_12,global,0.03081410378217697,2.8207525204493322e-09,0.10819782316684723,9.65781476716846,0.10819701850414276,0.10819859057664871,0.1081969290971756,0.10818852484226227,0.10819712281227112,0.10820873826742172,0.051036350429058075,,6,0.5,0.0,True,3.408902921593592e-17,4.255839873877502e-16,3.831290988734028e-16,3.7797988976740604e-16,3.920380992661773e-16,2.796334342761291e-16,0.0,0.0,3.505319000396412e-06,0.3477497398853302,-0.0,0.03081410378217697,2.8207525204493322e-09,0.0,0.04472897946834564,0.0,-0.0,0.0,0.0,0.0,0.0,0.0,0.0
11,high_key,stripes_12,a0_s0,0.03081410378217697,8.284986030560049e-09,0.10813093185424805,9.660500543164547,0.10734879225492477,0.10891301184892654,0.10735400766134262,0.10890698432922363,0.10734357684850693,0.10891915112733841,0.051091182976961136,,96,0.5,0.0,True,3.342527356566703e-06,2.025888765632457e-05,3.975517465195856e-07,4.4584054133605506e-07,4.1291448895283555e-07,0.0001367020782316546,0.0,0.0,1.1709255431924248e-06,0.08698154240846634,0.006423709448426962,0.03081410378217697,8.284986030560049e-09,0.0,0.0450148843228817,0.0,0.006423709448426962,1.1087306447587688e-06,5.2456267283364855e-05,1.3443225626913124e-06,1.4989500721762588e-06,1.396765161815723e-06,0.0005981286602845107
11,high_key,stripes_12,a0.01_s0,0.03081410378217697,6.954693526495248e-05,0.1400955319404602,8.535757154247607,0.14065510034561157,0.13953590393066406,0.14065787196159363,0.13952431082725525,0.1406523883342743,0.13954749703407288,0.036498215049505234,,96,0.5,0.0,True,1.2131183179092087e-08,2.6287288548994425e-06,5.614895143780804e-07,6.20757021244005e-07,5.800422882779716e-07,1.3301870333339442e-05,0.01,0.0,3.9316146285273135e-05,0.08698154240846634,0.001979207620024681,0.03081410378217697,2.668326999355486e-07,0.0,0.006928010378032923,0.0,0.001979207620024681,5.651188208360672e-09,5.726624015576306e-06,1.4744406307846871e-06,1.6307575393023627e-06,1.5255605853129743e-06,3.2114796630311973e-05
11,high_key,stripes_12,a0.1_s0,0.03081410378217697,0.0006606559618376195,0.13874703645706177,8.577762843428726,0.139012411236763,0.13848169147968292,0.1390174925327301,0.13847152888774872,0.1390073001384735,0.13849185407161713,0.035069506615400314,,96,0.5,0.0,True,1.1648673254759506e-06,1.5443092462982558e-06,5.819237526905776e-09,9.687923569823008e-09,6.361331261611817e-09,2.588573978684916e-06,0.1,0.0,1.4703822444062098e-06,0.08698154240846634,0.0009352617780677974,0.03081410378217697,1.7982687495532446e-05,0.0,0.006426732521504164,0.0,0.0009352617780677974,3.6496179726865875e-07,3.5973087519988902e-06,1.7122910465601843e-08,2.6320939433628262e-08,1.8184987195712838e-08,6.4397796229032214e-06
11,high_key,stripes_12,a1_s0,0.03081410378217697,0.005350164137780666,0.13208256661891937,8.79154500484181,0.13223813474178314,0.131927028298378,0.13224750757217407,0.13191956281661987,0.1322287619113922,0.13193446397781372,0.02438327856361866,,96,0.5,0.0,True,4.415463314096879e-06,7.980394674062691e-07,1.5558317346896098e-08,1.7620005570459173e-08,1.6218289711791087e-08,1.51652460793673e-06,1.0,0.0,5.67882125324104e-07,0.08698154240846634,0.0009270772570744157,0.03081410378217697,0.0010944110108539462,0.0,0.004255753010511398,0.0,0.0009270772570744157,1.457937057150469e-06,1.8750238771807004e-06,4.346734072918463e-08,4.87772540842791e-08,4.5205293337387395e-08,3.815122134352372e-06
11,high_key,stripes_12,a10_s0,0.03081410378217697,0.020021136850118637,0.12525969743728638,9.02188641664534,0.12538740038871765,0.12513194978237152,0.12540704011917114,0.12512989342212677,0.12536783516407013,0.12513397634029388,0.0043573761358857155,,96,0.5,0.0,True,4.246744244126724e-06,8.75161008572533e-08,1.3998567267710695e-08,1.435870463802297e-08,1.4117799110350129e-08,2.294221928691494e-07,10.0,0.0,1.9622707441158127e-06,0.08698154240846634,0.0005126981413923204,0.03081410378217697,0.013393783010542393,0.0,0.0006627354887314141,0.0,0.0005126981413923204,1.3198230834792545e-06,2.13717948456399e-07,3.6641113270674616e-08,3.7539263475518325e-08,3.694662341703396e-08,5.813678186689247e-07
11,high_key,stripes_12,a0_s0.01,0.03081410378217697,4.7081477532628924e-05,0.10886485129594803,9.631123163158826,0.10885995626449585,0.10886978358030319,0.10895814001560211,0.10893157869577408,0.1087617352604866,0.10880795121192932,0.05057616904377937,,96,0.5,0.0,True,6.286891331262269e-07,9.010398166969107e-07,1.0752044807055876e-06,1.0740352896884453e-06,8.673129314751646e-07,9.622835070695286e-07,0.0,0.01,0.003071123966947198,0.08698154240846634,0.004687970038503408,0.03081410378217697,2.0177684234568005e-07,0.0,0.04327888414263725,0.0,0.004687970038503408,3.035885378427035e-07,4.387628131797889e-06,5.492699760216972e-06,5.030363206232053e-06,3.895597722658975e-06,6.150823825819982e-06
11,high_key,stripes_12,a0_s0.1,0.03081410378217697,0.0008050482720136642,0.12673121690750122,8.971163948972489,0.1266869753599167,0.12677551805973053,0.12712545692920685,0.1269269585609436,0.12624841928482056,0.1266239881515503,0.041354551911354065,,96,0.5,0.0,True,1.7417306271031468e-05,8.65166035900311e-06,2.193534622128874e-06,3.420229169759634e-06,2.0254993269661302e-06,1.4349440666787605e-06,0.0,0.1,0.031078055500984192,0.08698154240846634,0.008024533279240131,0.03081410378217697,2.5949757400667295e-06,0.0,0.018575282767415047,0.0,0.008024533279240131,8.744959702846453e-06,2.808710974968959e-05,7.537731387507984e-06,1.8471706676192088e-05,1.0899156342092897e-05,6.711966437311645e-06
11,high_key,stripes_12,a0_s1,0.03081410378217697,0.00796096958220005,0.13647176325321198,8.649571972084013,0.13625214993953705,0.1366913616657257,0.13583725690841675,0.13707643747329712,0.13666699826717377,0.1363062858581543,0.03800821304321289,,96,0.5,0.0,True,3.555289729897801e-05,6.41129399416912e-06,1.9976428804653983e-06,2.5598308771517884e-06,1.2918761350068464e-06,2.1176215174049066e-06,0.0,1.0,0.31599128246307373,0.3459056615829468,0.007955564185976982,0.03081410378217697,5.405088359111687e-06,0.0,0.00967214535921812,0.0,0.007955564185976982,1.3761120300853615e-05,1.9868807630385234e-05,9.043348218933126e-06,9.86234749077142e-06,5.778543365166561e-06,1.0548509088169993e-05
11,high_key,stripes_12,a0.1_s0.1,0.03081410378217697,0.0013770285295322537,0.13859814405441284,8.582425852532443,0.13883817195892334,0.13835816085338593,0.13871216773986816,0.13826923072338104,0.13896408677101135,0.1384471207857132,0.03512759506702423,,96,0.5,0.0,True,8.927931411762612e-06,3.5523637848241326e-06,3.909296318630012e-06,4.239325345404659e-06,1.7677623713809361e-06,4.144670319553401e-06,0.1,0.1,0.03199620917439461,0.08698154240846634,0.007125781383365393,0.03081410378217697,1.998270454350859e-05,0.0,0.006444677244871855,0.0,0.007125781383365393,4.415351417482579e-06,1.1370732962856336e-05,1.6092548589311657e-05,1.3771872833767975e-05,7.121191635202569e-06,1.4209618628295853e-05
11,high_key,stripes_12,a1_s0.1,0.03081410378217697,0.006168219726532698,0.13208138942718506,8.791583711702655,0.13205242156982422,0.13211043179035187,0.13210207223892212,0.13187530636787415,0.13200277090072632,0.13234546780586243,0.024374671280384064,,96,0.5,0.0,True,1.2114232291371108e-05,2.434380746204121e-06,9.014111222974343e-07,4.652376323088815e-06,3.451916240327108e-06,3.2671755002915342e-06,1.0,0.1,0.029843466356396675,0.08698154240846634,0.008012310601770878,0.03081410378217697,0.0010988975409418344,0.0,0.004268090706318617,0.0,0.008012310601770878,6.134446097787704e-06,1.1819094703112634e-05,3.684834610925837e-06,1.7317227990706325e-05,1.687147242468733e-05,1.2858344947980723e-05
11,high_key,stripes_12,a1_s1,0.03081410378217697,0.012401323765516281,0.13209770619869232,8.79104723595916,0.13200214505195618,0.13219328224658966,0.13207419216632843,0.13205969333648682,0.13193011283874512,0.13232681155204773,0.024473736062645912,,96,0.5,0.0,True,1.3217767192724673e-05,2.575560107654239e-06,3.7816423175366877e-06,4.029388637465576e-06,1.6741116764906629e-06,1.5524425165176947e-06,1.0,1.0,0.3072279393672943,0.35164371132850647,0.007038524374365807,0.03081410378217697,0.0010801670141518116,0.0,0.00428263284265995,0.0,0.007038524374365807,6.2669545186771595e-06,1.181249301893246e-05,1.5484474194377794e-05,1.551127264510511e-05,5.520122036867645e-06,5.309376505878127e-06
23,midtone,clean,identity,3.7086007864672865e-07,3.7086007864672865e-07,0.0,,0.0,0.0,0.0,0.0,0.0,0.0,0.0,0.0,0,0.0,0.0,True,0.0,9.028655815484188e-17,9.028655815484188e-17,9.028655815484188e-17,9.028655815484188e-17,9.028655815484188e-17,0.0,0.0,0.0,0.0,0.0,3.7086007864672865e-07,3.7086007864672865e-07,0.0,0.0,0.0,0.0,0.0,0.0,0.0,0.0,0.0,0.0
23,midtone,clean,global,3.708602207552758e-07,1.8398569068267534e-07,0.0005572621594183147,32.53940446471477,0.0005576973780989647,0.000556826707907021,0.0005584153113886714,0.0005573800299316645,0.0005569796194322407,0.0005562735022976995,0.0005572621594183147,0.0005572621594183147,6,0.0,0.0,True,9.280856176381556e-20,3.6021026643154124e-16,3.145631900673769e-16,2.706164862139085e-16,3.214715931596458e-16,2.8747620543173236e-16,0.0,0.0,8.385480896322406e-07,0.04292767122387886,-0.0,3.708602207552758e-07,1.8398569068267534e-07,0.0,0.040165189653635025,0.0,-0.0,0.0,0.0,0.0,0.0,0.0,0.0
23,midtone,clean,a0_s0,3.7086007864672865e-07,1.668843907509654e-07,0.0005343111697584391,32.72205746809515,0.0005208022193983197,0.0005478201201185584,0.0005404504481703043,0.0005643051117658615,0.0005011542234569788,0.0005313351284712553,0.0005343111697584391,0.0005343111697584391,96,0.0,0.0,True,9.324513067124545e-05,7.520813734708602e-06,7.079593325931568e-05,6.667545492952913e-05,6.621216527639502e-05,0.000188877817943938,0.0,0.0,1.613864668570386e-07,0.0074109602719545364,0.03275998681783676,3.7086007864672865e-07,1.668843907509654e-07,0.0,0.037561580538749695,0.0,0.03275998681783676,3.896294356486598e-05,2.8111143521239095e-05,0.0002565495547299622,0.00023725085465386932,0.00023882946141996525,0.001311463177092683
23,midtone,clean,a0.01_s0,3.7086007864672865e-07,3.2408559036412043e-07,5.023870741638348e-08,72.98961543019936,6.142992958757532e-08,3.9047520772328426e-08,8.892675396054983e-08,3.068710796583218e-08,3.39330554766093e-08,4.7407915815256274e-08,5.023870741638348e-08,5.023870741638348e-08,96,0.0,0.0,True,1.2279613276240095e-07,2.794130530094364e-09,8.262633416139617e-08,9.6666680158917e-08,1.250635178728164e-07,1.239188471203329e-09,0.01,0.0,1.257097608231561e-07,0.007446650881320238,0.0013030283153057098,3.7086007864672865e-07,3.2096798463499e-07,0.0,3.117610560821049e-07,0.0,0.0013030283153057098,7.754923779135995e-08,1.4532714128721309e-08,4.6234423770309173e-07,5.366616677967907e-07,7.000758565900257e-07,6.4134797896658324e-09
23,midtone,clean,a0.1_s0,3.7086007864672865e-07,3.378581823199056e-07,2.790764597193629e-08,75.54276794988068,3.809237014706923e-08,1.7722905809591794e-08,5.3357968710088244e-08,1.5388780028047222e-08,2.2826789347618615e-08,2.0057036920206883e-08,2.790764597193629e-08,2.790764597193629e-08,96,0.0,0.0,True,1.0709769520153757e-07,1.5197170080403336e-09,2.4682736805228406e-08,2.5955957974939254e-08,3.895490442922776e-08,1.3641345233133266e-11,0.1,0.0,2.2624806206295034e-07,0.0077799237333238125,0.0006361781852319837,3.7086007864672865e-07,3.2952138440123235e-07,0.0,8.336800760844199e-08,0.0,0.0006361781852319837,6.507791637943057e-08,7.635745756008361e-09,1.097177780833927e-07,1.331249374619909e-07,1.6264174606560062e-07,6.820167061113625e-11
23,midtone,clean,a1_s0,3.7086007864672865e-07,3.563959580787923e-07,8.174904309043995e-09,80.87517322251455,1.1145507627929874e-08,5.204303654693376e-09,1.398461346724389e-08,5.36828848041182e-09,8.306400012259019e-09,5.040319273064142e-09,8.174904309043995e-09,8.174904309043995e-09,96,0.0,0.0,True,4.295374679824732e-08,5.959902687794654e-10,1.1939486856677943e-09,9.180575680809288e-10,1.893628771496878e-09,2.895832646700427e-13,1.0,0.0,2.3993104036890145e-07,0.011881456710398197,0.00016670684271957725,3.7086007864672865e-07,3.4937872328555386e-07,0.0,7.017243230933445e-09,0.0,0.00016670684271957725,2.211728776753429e-08,2.5500441458024866e-09,4.433822123711761e-09,4.437205921623238e-09,6.65745858054719e-09,1.3399975685470858e-12
23,midtone,clean,a10_s0,3.7086007864672865e-07,3.6782392953682574e-07,4.745850934462226e-10,93.23685906944047,6.113637374127734e-10,3.378063384573693e-10,6.929758988860613e-10,3.6420824689464837e-10,5.297519090063929e-10,3.114044022645146e-10,4.745850934462226e-10,4.745850934462226e-10,96,0.0,0.0,True,2.529934967350808e-09,3.582371714689899e-11,2.3744850205436934e-11,1.668499723503409e-11,3.2790146526483274e-11,1.0213627136228199e-13,10.0,0.0,1.6817631376397912e-06,0.06274686753749847,2.773182131932117e-05,3.7086007864672865e-07,3.6519489299280394e-07,0.0,2.6290239429904716e-10,0.0,2.773182131932117e-05,1.119463070794609e-09,1.3261679752101735e-10,8.227387081632137e-11,7.432729977589772e-11,1.1274594979910652e-10,3.507771292158375e-13
23,midtone,clean,a0_s0.01,3.7086007864672865e-07,8.043192065088078e-05,1.5219626220641658e-05,48.1759601328858,1.6430487448815256e-05,1.4008761354489252e-05,1.932576378749218e-05,1.4004732292960398e-05,1.3535218386095949e-05,1.401279769197572e-05,1.5219626220641658e-05,1.5219626220641658e-05,96,0.0,0.0,True,1.1086394762219387e-05,1.8789992796169339e-06,2.2645373729785832e-06,3.594382592101673e-06,2.9307059266240213e-06,2.4892344932096503e-06,0.0,0.01,0.0032418970949947834,0.008800066076219082,0.007770216092467308,3.7086007864672865e-07,2.7297676297166618e-06,0.0,0.000494325184263289,0.0,0.007770216092467308,5.772203036873935e-06,8.319640719419994e-06,1.1499852499564788e-05,1.3875575198371658e-05,1.2287099208590598e-05,8.541689786084896e-06
23,midtone,clean,a0_s0.1,3.7086007864672865e-07,0.0008376758196391165,6.554934316227445e-06,51.83431655803476,7.077601367200259e-06,6.03226635575993e-06,6.491551175713539e-06,4.699083547166083e-06,7.663650649192277e-06,7.36545098334318e-06,6.554934316227445e-06,6.554934316227445e-06,96,0.0,0.0,True,2.724846796106849e-05,2.75115057520091e-06,8.696836865291506e-06,1.6194839282627145e-06,2.3746388853172346e-06,2.800977150375588e-06,0.0,0.1,0.03249646723270416,0.03398742154240608,0.008326709270477295,3.7086007864672865e-07,5.004845206713071e-06,0.0,8.853474719217047e-05,0.0,0.008326709270477295,1.557561981402504e-05,1.3126416464219499e-05,3.247495489720466e-05,7.366363448247971e-06,7.643977854742247e-06,9.270080823540973e-06
23,midtone,clean,a0_s1,3.7086007864672865e-07,0.00853893905878067,5.012489054934122e-06,52.99946562678375,5.991443231323501e-06,4.033536242786795e-06,5.160729415365495e-06,2.821180487444508e-06,6.822159321018262e-06,5.245890861260705e-06,5.012489054934122e-06,5.012489054934122e-06,96,0.0,0.0,True,2.7464434366093193e-05,3.870377004351952e-06,3.658758368683216e-06,4.396120963418224e-06,2.3638672700168653e-06,4.115392941522807e-06,0.0,1.0,0.30569329857826233,0.3503290116786957,0.008534640073776245,3.7086007864672865e-07,4.29937563239946e-06,0.0,7.185807771747932e-05,0.0,0.008534640073776245,1.1641997116186176e-05,1.3402634598668388e-05,1.625597426659287e-05,1.7587000316049158e-05,8.443018096894396e-06,1.575766875283287e-05
23,midtone,clean,a0.1_s0.1,3.7086007864672865e-07,0.0007862253114581108,5.336196863936493e-06,52.727681567256525,3.14931321554468e-06,7.523081421823008e-06,2.2611475287703797e-06,5.2334071369841695e-06,4.0374789023189805e-06,9.81275206868304e-06,5.336196863936493e-06,5.336196863936493e-06,96,0.0,0.0,True,2.6162635186308835e-05,2.799159091544839e-06,2.468819642278422e-06,2.337361242173432e-06,2.6964299269632544e-06,4.551723841658949e-06,0.1,0.1,0.030850902199745178,0.03561971336603165,0.007800417952239513,3.7086007864672865e-07,5.029397016187431e-06,0.0,1.154129859060049e-05,0.0,0.007800417952239513,1.2999785172667854e-05,1.0561169322014135e-05,9.931603854505855e-06,8.377102795822455e-06,1.060023268522277e-05,1.650762014627857e-05
23,midtone,clean,a1_s0.1,3.7086007864672865e-07,0.0009045691695064306,5.48070966033265e-06,52.611632039951644,7.035830094537232e-06,3.9255905903701205e-06,3.021341171915992e-06,1.92572656487755e-06,1.1050317880290095e-05,5.925452114752261e-06,5.48070966033265e-06,5.48070966033265e-06,96,0.0,0.0,True,3.16910145811638e-05,2.8086977552144907e-06,2.4459942860822102e-06,2.245422107240149e-06,4.4258247322845425e-06,2.037265375814107e-06,1.0,0.1,0.03356509655714035,0.0383162684738636,0.008866211399435997,3.7086007864672865e-07,5.434671493276255e-06,0.0,1.251338380825473e-05,0.0,0.008866211399435997,1.478932128359434e-05,9.385592073766394e-06,1.2316543479207053e-05,8.86602896669376e-06,2.1349086520260637e-05,8.183943966404513e-06
23,midtone,clean,a1_s1,3.7086007864672865e-07,0.00898591335862875,3.957911758334376e-06,54.025338926196824,2.600953848741483e-06,5.314869213179918e-06,4.334739969635848e-06,6.670340098935412e-06,8.671652267366881e-07,3.959400601161178e-06,3.957911758334376e-06,3.957911758334376e-06,96,0.0,0.0,True,2.143724986423337e-05,3.6375748474757585e-06,4.6328048624257865e-06,5.2496263127442136e-06,5.343829536583626e-06,2.4488519005228882e-06,1.0,1.0,0.31007665395736694,0.3456866145133972,0.008966624736785889,3.7086007864672865e-07,3.999812179245055e-06,0.0,1.5289124348782934e-05,0.0,0.008966624736785889,1.1228454598400392e-05,1.4634642341456954e-05,1.6562359988370898e-05,1.7152585459945668e-05,2.2715651081432202e-05,9.23665083155107e-06
23,midtone,homogeneous_dark,identity,0.07562102377414703,0.07562102377414703,0.07758309692144394,11.102328884501977,0.07758758217096329,0.0775785744190216,0.07760102301836014,0.07757754623889923,0.07757417112588882,0.07757964730262756,0.0,,0,0.0,0.0,True,0.0,9.028655815484188e-17,9.028655815484188e-17,9.028655815484188e-17,9.028655815484188e-17,9.028655815484188e-17,0.0,0.0,0.0,0.0,0.0,0.07562102377414703,0.07562102377414703,0.0,0.0,0.0,0.0,0.0,0.0,0.0,0.0,0.0,0.0
23,midtone,homogeneous_dark,global,0.07562100887298584,1.2519171832536813e-07,0.0011325189843773842,29.459545091904186,0.0011332620633766055,0.001131775788962841,0.0011346365790814161,0.0011329507688060403,0.0011318878969177604,0.0011306011583656073,0.07573604583740234,,6,0.0,0.0,True,2.1160577083204295e-16,3.505947481233651e-16,9.470490929029748e-16,9.256010878352417e-16,7.604499910899142e-16,2.728662050325921e-16,0.0,0.0,4.788040769199142e-06,0.24281306564807892,0.0,0.07562100887298584,1.2519171832536813e-07,0.0,0.10002127289772034,0.0,0.0,0.0,0.0,0.0,0.0,0.0,0.0
23,midtone,homogeneous_dark,a0_s0,0.07562101632356644,1.0859906041105205e-07,0.0011324629886075854,29.45975982786349,0.0011351217981427908,0.001129804295487702,0.0011373428860679269,0.0011316253803670406,0.001132900477387011,0.0011279829777777195,0.07573611289262772,,96,0.0,0.0,True,4.898641342305823e-08,1.0901671030719503e-08,1.1744706123758017e-07,1.2778042889607665e-07,1.4478255615551367e-07,3.480134383654694e-07,0.0,0.0,1.201881559609319e-06,0.06070440262556076,0.0014929763274267316,0.07562101632356644,1.0859906041105205e-07,0.0,0.10002288222312927,0.0,0.0014929763274267316,2.740057030922615e-08,5.1983441492346604e-08,4.7322058394083215e-07,5.257140422952593e-07,5.928220488810015e-07,1.6270299331017034e-06
23,midtone,homogeneous_dark,a0.01_s0,0.07562101632356644,0.0005321622593328357,0.0005406337440945208,32.67096850948263,0.0005373724270612001,0.000543895410373807,0.0005371707957237959,0.0005434003542177379,0.0005375740001909435,0.0005443901172839105,0.07510408014059067,,96,0.0,0.0,True,8.89574847514897e-08,5.039617374975867e-08,1.6742804628164422e-07,1.8082436973234293e-07,3.2188360855496035e-07,1.5701454757926165e-06,0.01,0.0,0.0001838934258557856,0.06070440262556076,0.0015930978115648031,0.07562101632356644,3.2292941796185914e-06,0.0,0.052893299609422684,0.0,0.0015930978115648031,4.629830006874591e-08,2.0169939398892662e-07,5.171294631123325e-07,5.45800486519971e-07,9.396187833276757e-07,5.020151874920299e-06
23,midtone,homogeneous_dark,a0.1_s0,0.07562101632356644,0.004307807423174381,0.0002946438908111304,35.3070255919982,0.0002905273868236691,0.00029876051121391356,0.0002905901928897947,0.00029753579292446375,0.00029046452254988253,0.00029998490936122835,0.07001333683729172,,96,0.0,0.0,True,2.197181307602602e-06,6.191989466292271e-07,1.991503616747886e-08,2.034644486065459e-08,4.496645525638226e-08,1.1757303017734592e-06,0.1,0.0,2.2451959011959843e-06,0.06070440262556076,0.0012467532651498914,0.07562101632356644,0.00015344563871622086,0.0,0.041543617844581604,0.0,0.0012467532651498914,7.036693004357131e-07,1.974704026408413e-06,8.106927582170658e-08,9.285952358439904e-08,1.5461725556983142e-07,2.9599576763354448e-06
23,midtone,homogeneous_dark,a1_s0,0.07562101632356644,0.031232012435793877,0.011409766040742397,19.427232607751506,0.011334887705743313,0.011484646238386631,0.011317701078951359,0.011460971087217331,0.011352075263857841,0.011508319526910782,0.029680324718356133,,96,0.0,0.0,True,7.3745849278738015e-06,8.910025123717086e-08,2.7766272923589194e-08,2.8441335578900185e-08,3.279641851748985e-08,8.239821435788448e-07,1.0,0.0,6.950338047317928e-07,0.06070440262556076,0.0009011520305648446,0.07562101632356644,0.01076434925198555,0.0,0.020467663183808327,0.0,0.0009011520305648446,2.2567710265541995e-06,2.6325699332974033e-07,6.671333358090625e-08,6.744415383271547e-08,7.952482341568025e-08,2.1525954951515073e-06
23,midtone,homogeneous_dark,a10_s0,0.07562101632356644,0.0675378292798996,0.061892032623291016,12.08365254218102,0.06185627728700638,0.06192780286073685,0.06185581907629967,0.06191481649875641,0.06185672804713249,0.06194073706865311,0.0008911989280022681,,96,0.0,0.0,True,4.458385131293572e-07,1.9802559686625896e-09,1.6079116083203593e-09,1.6126643015561323e-09,1.6054185004132844e-09,1.5653387025599664e-08,10.0,0.0,1.2962077562406193e-06,0.06070440262556076,0.00016351896920241416,0.07562101632356644,0.060144584625959396,0.0,0.0007393241976387799,0.0,0.00016351896920241416,1.335892257899384e-07,5.242568373994623e-09,3.963662417692254e-09,3.9703686500058666e-09,3.964680735429657e-09,4.005346368587707e-08
23,midtone,homogeneous_dark,a0_s0.01,0.07562101632356644,3.9870981709100306e-05,0.0011293787974864244,29.471603697964856,0.0011293342104181647,0.0011294231517240405,0.0011319955810904503,0.001131854485720396,0.0011266726069152355,0.0011269919341430068,0.0757284015417099,,96,0.0,0.0,True,6.114645283086339e-07,4.846503821150887e-08,2.6510025980745342e-06,1.6289536323131882e-06,2.2972211524307525e-06,1.4623940051814656e-07,0.0,0.01,0.0028030741959810257,0.06070440262556076,0.003953544422984123,0.07562101632356644,3.355364128765359e-07,0.0,0.09981194138526917,0.0,0.003953544422984123,3.269564376150133e-07,5.449387577710552e-07,6.7040567773811395e-06,4.837173316920439e-06,6.429435752797213e-06,1.013302152737945e-06
23,midtone,homogeneous_dark,a0_s0.1,0.07562101632356644,0.0007224622531794012,0.0009658241178840399,30.151019539023586,0.0009646714897826314,0.0009669773280620575,0.000965760787948966,0.0009744172566570342,0.0009635819587856531,0.0009595363517291844,0.07589314132928848,,96,0.0,0.0,True,1.0648583281489728e-05,2.7225785631785573e-06,3.02578236375065e-06,2.929090822224159e-06,2.9952036005078315e-06,1.9000620360907951e-06,0.0,0.1,0.02866930328309536,0.06070440262556076,0.007209086790680885,0.07562101632356644,1.5535601960436907e-06,0.0,0.08062921464443207,0.0,0.007209086790680885,6.065409749178536e-06,1.566090474369387e-05,9.49071662076014e-06,1.0002151568207948e-05,8.901746916394568e-06,8.93479003503964e-06
23,midtone,homogeneous_dark,a0_s1,0.07562101632356644,0.0073791444301605225,0.0005414054612629116,32.6647736772993,0.0005452069453895092,0.0005376039771363139,0.0005464331479743123,0.0005381542141549289,0.0005439805681817234,0.0005370538565330207,0.07680317759513855,,96,0.0,0.0,True,1.359999728960418e-05,8.22605685299703e-07,4.032933618859672e-06,3.534290401485554e-06,3.747611575672468e-06,1.8067639566750051e-06,0.0,1.0,0.2895314693450928,0.32635021209716797,0.007375024259090424,0.07562101632356644,4.120046469324734e-06,0.0,0.05536973476409912,0.0,0.007375024259090424,6.607542924832318e-06,5.486463208328328e-06,1.2329397222925718e-05,1.008652944171126e-05,1.1153619750430508e-05,9.991002938448077e-06
23,midtone,homogeneous_dark,a0.1_s0.1,0.07562101632356644,0.005099144298583269,0.0003234302857890725,34.90219315489487,0.0003201231302227825,0.0003267374122515321,0.00031236454378813505,0.00032021090737544,0.00032788171665742993,0.0003332639462314546,0.06984586268663406,,96,0.0,0.0,True,8.729113502797892e-06,7.41200222691217e-07,4.061774337192633e-06,3.860234737532468e-06,4.497391144394408e-06,1.7648691488329768e-06,0.1,0.1,0.030587563291192055,0.06070440262556076,0.0078465286642313,0.07562101632356644,0.0001601301337359473,0.0,0.04154361039400101,0.0,0.0078465286642313,5.563954492106979e-06,3.940894090129206e-06,1.822893275855975e-05,1.4048986810752912e-05,1.3411362002812532e-05,7.498556607934589e-06
23,midtone,homogeneous_dark,a1_s0.1,0.07562101632356644,0.03204372897744179,0.01138947531580925,19.43496282303458,0.011327304877340794,0.011451642028987408,0.011338368989527225,0.011512555181980133,0.011316237971186638,0.011390733532607555,0.029715998098254204,,96,0.0,0.0,True,1.1705258999949131e-05,2.4569039733112326e-06,1.7772887494501208e-06,3.108012932300591e-06,2.571411961142026e-06,3.697200617675286e-06,1.0,0.1,0.030748676508665085,0.06070440262556076,0.008006969466805458,0.07562101632356644,0.010744108818471432,0.0,0.02049892581999302,0.0,0.008006969466805458,6.0349324368623566e-06,1.1408107396970738e-05,7.900937061564928e-06,1.2213997689233329e-05,8.939991231245796e-06,1.6120260557297416e-05
23,midtone,homogeneous_dark,a1_s1,0.07562101632356644,0.04119190573692322,0.011381271295249462,19.438092242612747,0.0112445168197155,0.011518025770783424,0.011199649423360825,0.0113961948081851,0.011289387941360474,0.011639852076768875,0.029740627855062485,,96,0.0,0.0,True,1.5169992683768521e-05,5.966657819963326e-06,4.398054417012046e-06,4.483955248396911e-06,4.806485654939101e-06,2.3068816251469564e-06,1.0,1.0,0.29774680733680725,0.3425091505050659,0.009938962757587433,0.07562101632356644,0.010729051195085049,0.0,0.02052389271557331,0.0,0.009938962757587433,1.0348105369206776e-05,2.377905616980654e-05,1.5726906859395878e-05,1.744149269241544e-05,1.7716060451271197e-05,1.4045997129108249e-05
23,midtone,homogeneous_bright,identity,0.0754782110452652,0.0754782110452652,0.07737692445516586,11.113885364226729,0.07738129049539566,0.07737252116203308,0.07739168405532837,0.07736732065677643,0.07737094163894653,0.07737778127193451,0.0,,0,0.01708984375,0.01708984375,True,0.0,9.028655815484188e-17,9.028655815484188e-17,9.028655815484188e-17,9.028655815484188e-17,9.028655815484188e-17,0.0,0.0,0.0,0.0,0.0,0.0754782110452652,0.0754782110452652,0.0,0.0,0.0,0.0,0.0,0.0,0.0,0.0,0.0,0.0
23,midtone,homogeneous_bright,global,0.0754782035946846,2.1538951955335506e-07,0.0003326342557556927,34.780330277575125,0.00033300556242465973,0.0003322629490867257,0.00033395265927538276,0.0003325706929899752,0.00033205829095095396,0.00033195523428730667,0.07929233461618423,,6,0.01708984375,0.0,True,7.183608778236012e-17,5.31438257998994e-16,3.631218962170044e-16,4.0576830773306545e-16,3.889484001865509e-16,2.8261677826544355e-16,0.0,0.0,5.373800377128646e-06,0.6271618604660034,-0.0,0.0754782035946846,2.1538951955335506e-07,0.0,0.05922381207346916,0.0,-0.0,0.0,0.0,0.0,0.0,0.0,0.0
23,midtone,homogeneous_bright,a0_s0,0.0754782110452652,1.8682233360323153e-07,0.0003328057937324047,34.77809121792038,0.00033042251016013324,0.00033518916461616755,0.0003307450679130852,0.0003346209414303303,0.0003300998650956899,0.0003357572131790221,0.07929280400276184,,96,0.01708984375,0.0,True,5.28705870948194e-07,2.3076575663229656e-06,1.5508560182295336e-07,1.6934185663915787e-07,1.1840486074904151e-07,4.7484754108645825e-06,0.0,0.0,1.3455580756271956e-06,0.15679587423801422,0.002941140439361334,0.0754782110452652,1.8682233360323153e-07,0.0,0.05923730507493019,0.0,0.002941140439361334,1.7526091780627996e-07,5.447239671799983e-06,9.56094732842971e-07,1.0456892842597305e-06,9.077005546920259e-07,2.10364939391278e-05
23,midtone,homogeneous_bright,a0.01_s0,0.0754782110452652,0.0001829728134907782,5.946025794401066e-06,52.25773211118005,6.45986438030377e-06,5.432184934761608e-06,6.9691795943072066e-06,5.342425083654234e-06,5.950550075795036e-06,5.521951152331894e-06,0.07700428366661072,,96,0.01708984375,0.0,True,8.328189130067431e-08,8.465291800398994e-07,2.712803573475997e-07,2.828592255982932e-07,1.7346412547716296e-07,3.4021095042491507e-06,0.01,0.0,0.00015598970639985055,0.15679587423801422,0.002278860891237855,0.0754782110452652,1.1037080867026816e-06,0.0,0.018186911940574646,0.0,0.002278860891237855,5.1829226712512455e-08,1.8981336031001116e-06,1.0866669474807178e-06,1.1848621894632659e-06,8.349270109071763e-07,9.951504693922962e-06
23,midtone,homogeneous_bright,a0.1_s0,0.0754782110452652,0.0013702953001484275,6.305308488663286e-05,42.00293660614014,6.230358849279583e-05,6.380260310834274e-05,6.176799070090055e-05,6.326908624032512e-05,6.283914990490302e-05,6.43360908725299e-05,0.07376518845558167,,96,0.01708984375,0.0,True,3.1056865960548447e-07,2.985450850083838e-07,2.8479387973405168e-08,3.125483291018356e-08,3.6054647974666146e-08,3.579296334057908e-07,0.1,0.0,4.96334507715801e-07,0.15679587423801422,0.0010187162552028894,0.0754782110452652,3.516349534038454e-05,0.0,0.013351318426430225,0.0,0.0010187162552028894,1.2839051564961298e-07,6.780308529333232e-07,1.2989565921668624e-07,1.582374759608188e-07,1.6853139094864784e-07,8.953301831140969e-07
23,midtone,homogeneous_bright,a1_s0,0.0754782110452652,0.011252542957663536,0.002245867857709527,26.486158003256122,0.0022316353861242533,0.002260100794956088,0.002224281895905733,0.002255265833809972,0.002238988410681486,0.002264935290440917,0.05331692844629288,,96,0.01708984375,0.0,True,6.162150062862857e-07,1.6228286135292927e-07,5.101538122595446e-09,5.0375856731944e-09,2.617106782930381e-09,2.0626022407637965e-07,1.0,0.0,9.128137890002108e-07,0.15679587423801422,0.0005131715442985296,0.0754782110452652,0.0021416149102151394,0.0,0.009110928513109684,0.0,0.0005131715442985296,2.0857086663242716e-07,3.722110122961793e-07,1.6187752406267888e-08,1.7659188182714073e-08,9.025842777983409e-09,5.219547919124944e-07
23,midtone,homogeneous_bright,a10_s0,0.0754782110452652,0.045020271092653275,0.02905499003827572,15.36779269126348,0.02896331436932087,0.029146675020456314,0.028932206332683563,0.0291159525513649,0.028994407504796982,0.029177406802773476,0.011603327468037605,,96,0.01708984375,0.0,True,5.980074512826856e-07,2.2162767525766972e-08,2.2696467586758467e-09,2.306987017549936e-09,1.6778246732870077e-09,3.46082317781011e-08,10.0,0.0,2.675087216630345e-06,0.15679587423801422,0.00025802661548368633,0.0754782110452652,0.028317192569375038,0.0,0.0016703078290447593,0.0,0.00025802661548368633,1.8681684512550055e-07,5.3742295438720004e-08,6.08088354701139e-09,6.291595507488198e-09,4.406219025046856e-09,8.855340740109832e-08
23,midtone,homogeneous_bright,a0_s0.01,0.0754782110452652,3.688966535264626e-05,0.0003270097076892853,34.85439354577299,0.0003268963482696563,0.0003271230962127447,0.00032923842081800103,0.0003273894253652543,0.0003245542466174811,0.0003268568543717265,0.07927627116441727,,96,0.01708984375,0.0,True,1.748296925906342e-07,6.935748935384023e-07,2.0021211785901203e-07,5.284791001778051e-07,4.940320842293615e-07,1.35179544101508e-07,0.0,0.01,0.0031623593531548977,0.15679587423801422,0.003659073729068041,0.0754782110452652,2.989307290590659e-07,0.0,0.05887949839234352,0.0,0.003659073729068041,8.284648638987298e-08,2.8570310046435055e-06,1.174299064904404e-06,4.3364023019319695e-06,3.2829787349883103e-06,9.027405392346539e-07
23,midtone,homogeneous_bright,a0_s0.1,0.0754782110452652,0.0008128550252877176,0.00012280818191356957,39.107726980031295,0.00012262992095202208,0.0001229863555636257,0.00012545875506475568,0.0001216638702317141,0.00011980114504694939,0.00012430887727532536,0.07842705398797989,,96,0.01708984375,0.0,True,1.101623639515211e-05,4.245692532896887e-06,2.0965827593720438e-06,2.1490293243332776e-06,3.4582285368070136e-06,1.741685912057607e-06,0.0,0.1,0.029132099822163582,0.15679587423801422,0.008107542991638184,0.0754782110452652,2.1007344912504777e-06,0.0,0.04263642802834511,0.0,0.008107542991638184,6.229964977642031e-06,1.515701217899481e-05,9.402064059408324e-06,1.0128793632712342e-05,1.9526731378094988e-05,1.0915912512329836e-05
23,midtone,homogeneous_bright,a0_s1,0.0754782110452652,0.008721659891307354,6.764048521290533e-06,51.697932856909205,7.177579391282052e-06,6.350517651299015e-06,8.297286512970459e-06,7.178824489528779e-06,6.057873179088347e-06,5.522215360542759e-06,0.07775923609733582,,96,0.01708984375,0.0,True,1.0945672549464773e-05,5.810568382308661e-06,2.6303706411402686e-06,2.3462576783608114e-06,2.5758811025118692e-06,2.8404279517252455e-06,0.0,1.0,0.3186662197113037,0.33230870962142944,0.008718695491552353,0.0754782110452652,2.9639695640071295e-06,0.0,0.01837739534676075,0.0,0.008718695491552353,6.783011509892685e-06,2.1031882169208477e-05,1.1784655063584027e-05,1.2767086199559756e-05,1.38598648516551e-05,1.07258574839565e-05
23,midtone,homogeneous_bright,a0.1_s0.1,0.0754782110452652,0.002051823539659381,6.400427082553506e-05,41.93791045796129,6.539948662975803e-05,6.26090622972697e-05,7.61451301514171e-05,5.3113632020540535e-05,5.465382491820492e-05,7.21045071259141e-05,0.0737602710723877,,96,0.01708984375,0.0,True,7.98697183132637e-06,4.893708877921979e-06,2.391837289666379e-06,3.0042212373193753e-06,5.351775963321108e-06,6.998756526854639e-06,0.1,0.1,0.029602721333503723,0.15679587423801422,0.006778334267437458,0.0754782110452652,3.738578743650578e-05,0.0,0.01336604356765747,0.0,0.006778334267437458,3.2501110720367663e-06,1.3350256686049424e-05,8.407233359157237e-06,1.017243366195582e-05,1.965508293531852e-05,2.0859340540504458e-05
23,midtone,homogeneous_bright,a1_s0.1,0.0754782110452652,0.011989174410700798,0.002258067950606346,26.462629932660768,0.002300896681845188,0.0022152396850287914,0.002287915674969554,0.0021628725808113813,0.002313877921551466,0.0022676067892462015,0.05327015370130539,,96,0.01708984375,0.0,True,6.1789317574057586e-06,3.25796891735168e-06,1.9142858073094947e-06,1.517382307042998e-06,2.3997703177989804e-06,2.4098137310731715e-06,1.0,0.1,0.029662808403372765,0.15679587423801422,0.00725540891289711,0.0754782110452652,0.0021532943937927485,0.0,0.009110338985919952,0.0,0.00725540891289711,2.286266161984614e-06,1.1597667745477092e-05,9.23441410648162e-06,6.534005113527754e-06,9.77714322992355e-06,1.1975006538852459e-05
23,midtone,homogeneous_bright,a1_s1,0.0754782110452652,0.020628876984119415,0.0021872464567422867,26.60102278337448,0.0021283787209540606,0.002246114192530513,0.0020159997511655092,0.002147967228665948,0.0022407579235732555,0.0023442611563950777,0.05365358293056488,,96,0.01708984375,0.0,True,3.993013996602869e-05,3.5568618748952352e-06,2.6510353764934205e-06,6.812684424987826e-06,2.5789547228591685e-06,3.360720909811483e-06,1.0,1.0,0.3248380720615387,0.3352760076522827,0.00935167446732521,0.0754782110452652,0.0020855162292718887,0.0,0.009191686287522316,0.0,0.00935167446732521,1.9121683182971555e-05,1.5049379694585671e-05,1.0442482593637193e-05,2.5684002256670704e-05,1.0403314595566576e-05,1.3118160316880463e-05
23,midtone,left_right,identity,0.07554429024457932,0.07554429024457932,0.07748006284236908,11.10810035706114,0.07758758217096329,0.07737252116203308,0.07760102301836014,0.07736732065677643,0.07757417112588882,0.07737778127193451,0.0,,0,0.00873480923473835,0.00873480923473835,True,0.0,9.028655815484188e-17,9.028655815484188e-17,9.028655815484188e-17,9.028655815484188e-17,9.028655815484188e-17,0.0,0.0,0.0,0.0,0.0,0.07554429024457932,0.07554429024457932,0.0,0.0,0.0,0.0,0.0,0.0,0.0,0.0,0.0,0.0
23,midtone,left_right,global,0.07554430514574051,0.006240267772227526,0.009875381365418434,20.05446123883908,0.014172428287565708,0.005578328389674425,0.014184008352458477,0.005581865552812815,0.01416085846722126,0.0055747926235198975,0.04527321085333824,,6,0.00873480923473835,0.0,True,1.3123354347796604e-16,1.3875943132158419e-16,3.3268141362762825e-16,3.5748319645572704e-16,3.704357420626087e-16,1.191116557285335e-16,0.0,0.0,0.001666367519646883,0.24325710535049438,-0.0,0.07554430514574051,0.006240267772227526,0.0,0.33518311381340027,0.0,-0.0,0.0,0.0,0.0,0.0,0.0,0.0
23,midtone,left_right,a0_s0,0.07554430514574051,0.0007814469281584024,0.0024571388494223356,26.095703014628874,0.0024289065040647984,0.0024853702634572983,0.0024320404045283794,0.0024869174230843782,0.0024257733020931482,0.0024838231038302183,0.07563503086566925,,96,0.00873480923473835,0.0,True,0.26965618463727964,0.014422957598033413,0.022966125829842036,0.023057708750450198,0.023109637513984916,0.003200340225412846,0.0,0.0,0.000228254750254564,0.1086784154176712,0.2994336187839508,0.07554430514574051,0.0007814469281584024,0.0,0.17547275125980377,0.0,0.2994336187839508,0.0849685898118135,0.078396936327845,0.06594145608071217,0.06619654289804659,0.06625045355062027,0.02404150813346076
23,midtone,left_right,a0.01_s0,0.07554430514574051,0.002185107208788395,0.0021894185338169336,26.59671209856187,0.0022376582492142916,0.0021411788184195757,0.002239129738882184,0.0021426184102892876,0.0022361883893609047,0.002139738528057933,0.07320856302976608,,96,0.00873480923473835,0.0,True,0.3623093888290861,0.01487855079927787,0.006748553453202146,0.0068064381222784935,0.006826318126128616,0.011822039534365494,0.01,0.0,0.0001974492915906012,0.1086784154176712,0.2630121409893036,0.07554430514574051,0.0011050759349018335,0.0,0.10800313204526901,0.0,0.2630121409893036,0.11140688282644626,0.06596732374007387,0.019855294713585336,0.02001193506626986,0.020028625065132075,0.06774976788841817
23,midtone,left_right,a0.1_s0,0.07554430514574051,0.007192215882241726,0.003828029613941908,24.170247111455048,0.0037527468521147966,0.003903312375769019,0.003753585508093238,0.0039025740697979927,0.003751908428966999,0.003904051147401333,0.06599880009889603,,96,0.00873480923473835,0.0,True,0.41995979229757835,0.008813697712064276,0.0018823288961312202,0.0019114963772513206,0.0019186343009434715,0.004155419250626345,0.1,0.0,1.5504218708883855e-06,0.1086784154176712,0.15587550401687622,0.07554430514574051,0.003250589594244957,0.0,0.03941626101732254,0.0,0.15587550401687622,0.12808502578690384,0.030543265197754417,0.004872594667734712,0.00494553651379629,0.004954753886395653,0.015630980039939325
23,midtone,left_right,a1_s0,0.07554430514574051,0.02706778049468994,0.013622202910482883,18.657526549411863,0.020254718139767647,0.006989685352891684,0.020239045843482018,0.006987311877310276,0.020270390436053276,0.006992059294134378,0.0350194089114666,,96,0.00873480923473835,0.0,True,0.2036385084081247,0.0042534876568083,0.0007603790241385624,0.0007669729316574928,0.0007671693299548305,0.0003859100920658984,1.0,0.0,1.1354500202287454e-06,0.1086784154176712,0.072947658598423,0.07554430514574051,0.012895322404801846,0.0,0.014172458089888096,0.0,0.072947658598423,0.060103376726095864,0.011349420206234879,0.001850015568644814,0.0018664157391469446,0.0018662881006883132,0.0012131636604279187
23,midtone,left_right,a10_s0,0.07554430514574051,0.058899492025375366,0.04961360991001129,13.043991723397252,0.06565183401107788,0.033575382083654404,0.06565453112125397,0.03354763612151146,0.0656491369009018,0.03360313922166824,0.005061997566372156,,96,0.00873480923473835,0.0,True,0.014610776042195574,0.00022751329239720783,4.832388269371173e-05,4.868052781205898e-05,4.8641178305644674e-05,1.552248873072108e-05,10.0,0.0,2.2659457954432582e-06,0.1086784154176712,0.015886427834630013,0.07554430514574051,0.04825188219547272,0.0,0.0010647609597072005,0.0,0.015886427834630013,0.004219961411281258,0.0005500280911665491,0.00011682954711921461,0.00011770324088539512,0.00011759135113978147,3.866070955733832e-05
23,midtone,left_right,a0_s0.01,0.07554430514574051,0.0016986047849059105,0.0032122221309691668,24.93194430106138,0.0032673636451363564,0.00315708015114069,0.003275955328717828,0.003156272927299142,0.003258774057030678,0.0031578880734741688,0.0729992538690567,,96,0.00873480923473835,0.0,True,0.6174006690120865,0.0004906179663142654,7.877191146367318e-07,6.225356424256783e-07,1.1742015739265437e-06,3.803743950350374e-08,0.0,0.01,0.0026191691868007183,0.1086784154176712,0.06540639698505402,0.07554430514574051,0.001044540898874402,0.0,0.19773952662944794,0.0,0.06540639698505402,0.18979120882114786,0.002759083227313538,4.361508346758381e-06,2.7017789648300796e-06,6.752005801385035e-06,3.090365196939577e-07
23,midtone,left_right,a0_s0.1,0.07554430514574051,0.007135075516998768,0.0036615319550037384,24.363371713260555,0.0037478883750736713,0.0035751727409660816,0.003734603989869356,0.003560336073860526,0.003761175088584423,0.003590014297515154,0.06503360718488693,,96,0.00873480923473835,0.0,True,0.5381802398772143,8.155164866341872e-07,9.102897068838231e-06,8.288402071920447e-06,8.369669270642418e-06,6.450087048321316e-07,0.0,0.1,0.025257352739572525,0.1086784154176712,0.05277445539832115,0.07554430514574051,0.0018576298607513309,0.0,0.14028924703598022,0.0,0.05277445539832115,0.16114108063615196,5.5860100449667585e-06,2.93627906799987e-05,3.1935420946094034e-05,3.249792659326589e-05,6.2296177815724135e-06
23,midtone,left_right,a0_s1,0.07554430514574051,0.031190568581223488,0.024117300286889076,16.176713091408445,0.04038625583052635,0.007848354056477547,0.040535345673561096,0.007836516946554184,0.04023714363574982,0.007860193960368633,0.02361386828124523,,96,0.00873480923473835,0.0,True,0.00016580737032017225,2.0035691469606614e-06,6.391072165019912e-06,2.996128406432143e-06,6.770972727338125e-06,1.0747631007337173e-06,0.0,1.0,0.294996052980423,0.33208367228507996,0.00905233807861805,0.07554430514574051,0.022138230502605438,0.0,0.06260774284601212,0.0,0.00905233807861805,5.413426763904712e-05,1.2629745319261262e-05,2.217652873376939e-05,1.192150765045875e-05,2.3526979766694047e-05,7.014395594442243e-06
23,midtone,left_right,a0.1_s0.1,0.07554430514574051,0.014462972059845924,0.005632924847304821,22.49266042945111,0.005262869410216808,0.006002979353070259,0.005208449438214302,0.006069207563996315,0.005317286122590303,0.005936756730079651,0.05864662677049637,,96,0.00873480923473835,0.0,True,0.5580930813873676,7.84534307916037e-06,5.484341804357089e-06,2.2066406472990157e-06,5.5634345097335e-06,3.118456494379169e-06,0.1,0.1,0.027444981038570404,0.1086784154176712,0.05343850702047348,0.07554430514574051,0.004860626999288797,0.0,0.042584944516420364,0.0,0.05343850702047348,0.16736354976923176,3.0071927244371116e-05,1.643472098514981e-05,9.077292440582597e-06,1.930028805077756e-05,1.467765314229484e-05
23,midtone,left_right,a1_s0.1,0.07554430514574051,0.03292671591043472,0.01641111634671688,17.848618755752494,0.024210182949900627,0.008612041361629963,0.024235544726252556,0.008562806062400341,0.024184834212064743,0.008661272935569286,0.03095267526805401,,96,0.00873480923473835,0.0,True,0.19547224013418885,0.0027736851014542128,0.00010777501045116903,9.751716273177483e-05,9.037738640024807e-05,8.975193510200248e-06,1.0,0.1,0.026227200403809547,0.1086784154176712,0.04890033230185509,0.07554430514574051,0.01563253626227379,0.0,0.01240414846688509,0.0,0.04890033230185509,0.05747301657778578,0.007530740972997907,0.0002606972647079662,0.0002409951829889237,0.00022077712990306112,2.5369795690024208e-05
23,midtone,left_right,a1_s1,0.07554430514574051,0.06054067984223366,0.0368218794465065,14.338940481944284,0.05784032121300697,0.015803439542651176,0.058047279715538025,0.015857918187975883,0.05763335898518562,0.01574895717203617,0.012860565446317196,,96,0.00873480923473835,0.0,True,0.019663801138897766,7.926803800156826e-06,3.205310075174898e-06,5.962340245691131e-06,6.615635157825614e-06,4.879002574941288e-06,1.0,1.0,0.28784289956092834,0.3227348327636719,0.017680145800113678,0.07554430514574051,0.035644836723804474,0.0,0.007215697318315506,0.0,0.017680145800113678,0.005831758412285502,2.4904388195967404e-05,1.388642125003388e-05,2.0060010029692667e-05,2.427753003894236e-05,2.188162110983071e-05
23,midtone,quadrants,identity,0.07553686201572418,0.07553686201572418,0.07747972011566162,11.108119567764074,0.07748597115278244,0.0774734690785408,0.07760102301836014,0.07736732065677643,0.07737094163894653,0.07757964730262756,0.0,,0,0.00922309048473835,0.00922309048473835,True,0.0,9.028655815484188e-17,9.028655815484188e-17,9.028655815484188e-17,9.028655815484188e-17,9.028655815484188e-17,0.0,0.0,0.0,0.0,0.0,0.07553686201572418,0.07553686201572418,0.0,0.0,0.0,0.0,0.0,0.0,0.0,0.0,0.0,0.0
23,midtone,quadrants,global,0.07553686201572418,0.006239742040634155,0.009876254014670849,20.05407748655942,0.009881783276796341,0.009870725683867931,0.014183561317622662,0.0055822827853262424,0.005580001510679722,0.014159174636006355,0.04527125507593155,,6,0.00922309048473835,0.0,True,1.364513610609865e-16,1.347300958580989e-16,3.475115482621817e-16,3.7806798047560643e-16,3.2558440766963926e-16,1.0003336764159801e-16,0.0,0.0,0.0016662576235830784,0.24322429299354553,-0.0,0.07553686201572418,0.006239742040634155,0.0,0.33517876267433167,0.0,-0.0,0.0,0.0,0.0,0.0,0.0,0.0
23,midtone,quadrants,a0_s0,0.07553686201572418,0.0011500607943162322,0.00405215285718441,23.92314180345422,0.0039622168987989426,0.004142086952924728,0.003504347987473011,0.004041918553411961,0.004420087672770023,0.004242254421114922,0.07516444474458694,,96,0.00922309048473835,0.0,True,0.29444941533894414,0.00816683300873317,0.0192444859178038,0.019307171372395928,0.01934326591298707,0.0016686753030182196,0.0,0.0,0.00026596878888085485,0.10034273564815521,0.4964653253555298,0.07553686201572418,0.0011500607943162322,0.0,0.23351728916168213,0.0,0.4964653253555298,0.12048959443170733,0.053316454446359386,0.07430797145536676,0.07452067704402587,0.07466255222224216,0.013695445046200018
23,midtone,quadrants,a0.01_s0,0.07553686201572418,0.003146273083984852,0.004090932663530111,23.881776689000564,0.003986015450209379,0.00419584708288312,0.003629385493695736,0.003942517563700676,0.004342646338045597,0.004449178464710712,0.0721072107553482,,96,0.00922309048473835,0.0,True,0.3588041649773894,0.00934181004258994,0.006618148485651597,0.006665950713386829,0.006682746357057797,0.0067127438554595645,0.01,0.0,0.00022203689150046557,0.10034273564815521,0.42203372716903687,0.07553686201572418,0.0016310673672705889,0.0,0.15152056515216827,0.0,0.42203372716903687,0.13846099418221436,0.05057852550327423,0.025843549658549535,0.026016845091628982,0.02607875499927465,0.04280280669027752
23,midtone,quadrants,a0.1_s0,0.07553686201572418,0.009913504123687744,0.007112026214599609,21.480066512455238,0.006881552282720804,0.00734249921515584,0.006743975915014744,0.006897420156747103,0.0070191300474107265,0.007787580136209726,0.06291129440069199,,96,0.00922309048473835,0.0,True,0.3845807769297224,0.00727706069053843,0.0018175431500754272,0.0018403655125925607,0.001847896983940429,0.0035741034606341145,0.1,0.0,1.1417507721489528e-06,0.10034273564815521,0.2763073444366455,0.07553686201572418,0.004913555923849344,0.0,0.04999948665499687,0.0,0.2763073444366455,0.14524518300944478,0.03149443541384308,0.0058699826017167955,0.005935711927677334,0.005954864442209133,0.014413908400821645
23,midtone,quadrants,a1_s0,0.07553686201572418,0.03160122036933899,0.01915699988603592,17.176725033450712,0.01886794902384281,0.01944604516029358,0.027883784845471382,0.010100198909640312,0.009852122515439987,0.028791895136237144,0.03026857227087021,,96,0.00922309048473835,0.0,True,0.16040617134895171,0.003358853637046941,0.0006001432203076829,0.0006049641875414055,0.0006054434973359803,0.0004225633239708101,1.0,0.0,1.3374823311096407e-06,0.10034273564815521,0.1326124221086502,0.07553686201572418,0.017717968672513962,0.0,0.013883250765502453,0.0,0.1326124221086502,0.05573105000715972,0.010609672774882757,0.0017225832336317053,0.0017363690871080872,0.0017371904407329217,0.0014630714147011333
23,midtone,quadrants,a10_s0,0.07553686201572418,0.06096460297703743,0.052903689444065094,12.765140396977825,0.05276665464043617,0.053040727972984314,0.06879163533449173,0.03699404001235962,0.03674168884754181,0.06908740848302841,0.0042399936355650425,,96,0.00922309048473835,0.0,True,0.010455217921438458,0.00015696950904679055,3.456346243841904e-05,3.481956204089979e-05,3.481885141524423e-05,1.0671579544562656e-05,10.0,0.0,1.7468490796090919e-06,0.10034273564815521,0.02825229987502098,0.07553686201572418,0.05146105960011482,0.0,0.0009503543842583895,0.0,0.02825229987502098,0.0034821805221522846,0.00043641022628208365,9.640594401888049e-05,9.712380552342446e-05,9.710618054999057e-05,3.019392269340269e-05
23,midtone,quadrants,a0_s0.01,0.07553686201572418,0.0025985767133533955,0.004508187063038349,23.45998071605567,0.004401617217808962,0.004614757839590311,0.004184069111943245,0.004242981784045696,0.004619166254997253,0.004986533895134926,0.07187619805335999,,96,0.00922309048473835,0.0,True,0.6447371359904545,1.868438239696893e-08,6.655864022413266e-07,1.1395795481993634e-06,9.01518744708593e-07,8.46381283655289e-09,0.0,0.01,0.0020956620573997498,0.10034273564815521,0.12035416066646576,0.07553686201572418,0.0013950350694358349,0.0,0.26834118366241455,0.0,0.12035416066646576,0.23798405395641734,1.644606261036435e-07,3.633757870144524e-06,8.3378337026839e-06,4.813336630989788e-06,8.122367750607263e-08
23,midtone,quadrants,a0_s0.1,0.07553686201572418,0.01014612428843975,0.007744428236037493,21.110106402805062,0.0077537307515740395,0.007735125720500946,0.010161909274756908,0.005117923486977816,0.005345549900084734,0.010352326557040215,0.04814158007502556,,96,0.00922309048473835,0.0,True,0.12314117847985828,2.7146030881445905e-07,5.307247800280419e-06,4.3786223549408066e-06,3.7378271202925298e-06,1.0746878087462586e-07,0.0,0.1,0.024717876687645912,0.10034273564815521,0.052786536514759064,0.07553686201572418,0.004867469891905785,0.0,0.2026895135641098,0.0,0.052786536514759064,0.04372660012173373,2.5120612074935505e-06,2.471586361205753e-05,2.0058320093576502e-05,1.4788410863170718e-05,1.0770470051379708e-06
23,midtone,quadrants,a0_s1,0.07553686201572418,0.028650324791669846,0.022964606061577797,16.389410001372127,0.023034555837512016,0.022894658148288727,0.03927568346261978,0.006669488735496998,0.006793422624468803,0.03911982476711273,0.025615079328417778,,96,0.00922309048473835,0.0,True,1.329551935488499e-05,1.5868833095261687e-06,2.528615630500021e-06,2.0739307157518966e-06,3.1275565915704976e-06,4.3918018509079963e-07,0.0,1.0,0.3007805049419403,0.3316936194896698,0.007826970890164375,0.07553686201572418,0.02082335390150547,0.0,0.0737491324543953,0.0,0.007826970890164375,6.386528137655703e-06,1.2358887174320576e-05,1.2130027346369685e-05,1.0746583302652431e-05,1.3838333498173032e-05,3.6608986876962687e-06
23,midtone,quadrants,a0.1_s0.1,0.07553686201572418,0.022046484053134918,0.009362793527543545,20.28594553763057,0.009195473045110703,0.009530115872621536,0.01077270694077015,0.007563773076981306,0.00761824008077383,0.01149645447731018,0.0467403270304203,,96,0.00922309048473835,0.0,True,0.3593967087747412,1.3393447921689943e-05,1.129025719244491e-05,4.714337564525218e-06,1.034166399784167e-05,2.535926228376258e-06,0.1,0.1,0.024438338354229927,0.10034273564815521,0.09038093686103821,0.07553686201572418,0.007648285944014788,0.0,0.05360105261206627,0.0,0.09038093686103821,0.1282471591482785,5.592555852106102e-05,4.014455832790618e-05,1.5945724148580297e-05,3.6084058772893015e-05,1.5510316180841707e-05
23,midtone,quadrants,a1_s0.1,0.07553686201572418,0.04083479195833206,0.024276623502373695,16.14811716948459,0.024246517568826675,0.024306733161211014,0.03639334440231323,0.012020375579595566,0.012099687941372395,0.03659309446811676,0.023376233875751495,,96,0.00922309048473835,0.0,True,0.12881106891197272,0.0010582635759208005,9.628272464018932e-06,2.0650106887968607e-05,1.3216740561506143e-05,3.042604950274681e-06,1.0,0.1,0.022473124787211418,0.10034273564815521,0.07147091627120972,0.07553686201572418,0.02300659567117691,0.0,0.010681102983653545,0.0,0.07147091627120972,0.044681101278387904,0.0034601410022012543,2.9647530691509816e-05,5.942046367872895e-05,4.607789733384732e-05,1.3947855778654592e-05
23,midtone,quadrants,a1_s1,0.07553686201572418,0.06433433294296265,0.04400850832462311,13.564633516680011,0.044287752360105515,0.0437292642891407,0.07026084512472153,0.018374884501099586,0.018314659595489502,0.06908363848924637,0.010591145604848862,,96,0.00922309048473835,0.0,True,0.0001764772673220861,3.5819691012876276e-06,2.7802950112089356e-06,3.4406733796551872e-06,4.108217670951271e-06,2.860875672261395e-06,1.0,1.0,0.31432437896728516,0.33488449454307556,0.012206029146909714,0.07553686201572418,0.04257956147193909,0.0,0.009548744186758995,0.0,0.012206029146909714,6.983813648977264e-05,1.9833763590441018e-05,1.3954102148596865e-05,1.555253659307185e-05,1.7850288257380226e-05,1.797761374501465e-05
23,midtone,smooth_gradient,identity,0.025563692674040794,0.025563692674040794,0.02638196013867855,15.78692940185151,0.02713952772319317,0.025624383240938187,0.02714209444820881,0.025623062625527382,0.027136968448758125,0.025625715032219887,0.0,,0,0.00021701389050576836,0.00021701389050576836,True,0.0,9.028655815484188e-17,9.028655815484188e-17,9.028655815484188e-17,9.028655815484188e-17,9.028655815484188e-17,0.0,0.0,0.0,0.0,0.0,0.025563692674040794,0.025563692674040794,0.0,0.0,0.0,0.0,0.0,0.0,0.0,0.0,0.0,0.0
23,midtone,smooth_gradient,global,0.025563692674040794,0.0021327692084014416,0.005833907052874565,22.340404944369887,0.007057487964630127,0.0046103233471512794,0.007064195349812508,0.004614285193383694,0.007050787564367056,0.004606361035257578,0.01640845462679863,,6,0.00021701389050576836,0.0,True,1.1904292812965452e-16,1.4266735942217313e-16,3.3593091398276993e-16,3.3496990814085873e-16,3.4396304531637283e-16,1.4797552638308535e-16,0.0,0.0,0.000657646160107106,0.0807645246386528,-0.0,0.025563692674040794,0.0021327692084014416,0.0,0.3199997842311859,0.0,-0.0,0.0,0.0,0.0,0.0,0.0,0.0
23,midtone,smooth_gradient,a0_s0,0.025563692674040794,8.75391488079913e-05,0.001075755339115858,29.682864897791728,0.0014649716904386878,0.0006865387549623847,0.0014682395849376917,0.000685250386595726,0.001461703795939684,0.0006878271233290434,0.026304053142666817,,96,0.00021701389050576836,0.0,True,0.06334977244799021,0.009499836742186909,0.007229405728593096,0.007236300460675933,0.007258375170692021,0.0008239362809329408,0.0,0.0,7.549533620476723e-05,0.06118162348866463,0.11875347793102264,0.025563692674040794,8.75391488079913e-05,0.0,0.07384439557790756,0.0,0.11875347793102264,0.017572300571876406,0.03512962179254875,0.017045796714416517,0.017065467173062076,0.017111812098522403,0.004489071284168474
23,midtone,smooth_gradient,a0.01_s0,0.025563692674040794,0.0003178893239237368,0.0004187653539702296,33.78029256319752,0.0007520071812905371,8.552377403248101e-05,0.0007521394873037934,8.55389516800642e-05,0.0007518745260313153,8.550861821277067e-05,0.025507651269435883,,96,0.00021701389050576836,0.0,True,0.11471730490902791,0.009752567294623475,0.0010683936373354936,0.0010707470491753248,0.0010797535301553145,0.002808185594551335,0.01,0.0,4.747268030769192e-05,0.06118162348866463,0.09309978783130646,0.025563692674040794,0.00016361355665139854,0.0,0.01542757824063301,0.0,0.09309978783130646,0.03179724158500925,0.032976081736035466,0.002558823533930291,0.0025638973067541714,0.0025900827472027477,0.009469172469339407
23,midtone,smooth_gradient,a0.1_s0,0.025563692674040794,0.0012483731843531132,0.0004657891986425966,33.31810586699379,0.000826188363134861,0.0001053899759426713,0.0008262917399406433,0.00010537539492361248,0.0008260848699137568,0.00010540457878960297,0.02399958111345768,,96,0.00021701389050576836,0.0,True,0.14543360952710468,0.003264018606581378,0.0005610645529561966,0.0005620131614581491,0.0005667194301760569,0.00011612268268825183,0.1,0.0,7.333645726248506e-07,0.06118162348866463,0.06348846852779388,0.025563692674040794,0.00032619305420666933,0.0,0.009221800602972507,0.0,0.06348846852779388,0.040821838567420776,0.00860300667104463,0.0012960346977910447,0.0012979728640290153,0.0013098612776380539,0.00033024067751595917
23,midtone,smooth_gradient,a1_s0,0.025563692674040794,0.00733121857047081,0.0026015560142695904,25.847668188449006,0.004121347796171904,0.001081762951798737,0.00411702785640955,0.0010800979798659682,0.004125670529901981,0.001083428505808115,0.01378510519862175,,96,0.00021701389050576836,0.0,True,0.08338517712465127,0.0015193631467092206,0.00029630104798856793,0.0002966284676957935,0.00029694111144093645,4.016882340673578e-05,1.0,0.0,4.213321176393947e-07,0.06118162348866463,0.045560773462057114,0.025563692674040794,0.002376036485657096,0.0,0.004955182317644358,0.0,0.045560773462057114,0.023254428596208968,0.0037341539834201544,0.0006832387015340976,0.0006839761242800619,0.000684772522842118,0.00011310377083341343
23,midtone,smooth_gradient,a10_s0,0.025563692674040794,0.01963942125439644,0.016123883426189423,17.925303504064637,0.020748302340507507,0.011499467305839062,0.020745106041431427,0.011489511467516422,0.020751498639583588,0.011509419418871403,0.0016329358331859112,,96,0.00021701389050576836,0.0,True,0.006923099337169589,0.00010398224972097294,2.3006658654498702e-05,2.3031429657388525e-05,2.3019828430546237e-05,7.923085058036037e-06,10.0,0.0,1.4262350305216387e-06,0.06118162348866463,0.012985853478312492,0.025563692674040794,0.015519259497523308,0.0,0.0004120160883758217,0.0,0.012985853478312492,0.001929054597236391,0.0002431423862643251,5.3499956868890354e-05,5.355849828164619e-05,5.3533661178925124e-05,2.3530226224642484e-05
23,midtone,smooth_gradient,a0_s0.01,0.025563692674040794,0.000599701190367341,0.0012529833475127816,29.02054700858497,0.0014636644627898932,0.0010423035128042102,0.0014647581847384572,0.001041764859110117,0.0014625695766881108,0.0010428412351757288,0.025756575167179108,,96,0.00021701389050576836,0.0,True,0.22271866674426097,5.859073133429853e-05,3.817161957500733e-06,6.963766669793881e-06,2.097813021668856e-06,2.525362870445852e-07,0.0,0.01,0.0026651201769709587,0.06118162348866463,0.04539132118225098,0.025563692674040794,0.00014578796981368214,0.0,0.06255897879600525,0.0,0.04539132118225098,0.06279555869665607,0.00020405937436153424,1.3196650045345718e-05,2.5342225836093115e-05,1.0558761407297161e-05,2.1283052622361827e-06
23,midtone,smooth_gradient,a0_s0.1,0.025563692674040794,0.004669941496104002,0.0010963487438857555,29.600512766421375,0.0014478021766990423,0.0007448948454111814,0.0014694083947688341,0.0007441142224706709,0.0014261966571211815,0.0007456752937287092,0.021272758021950722,,96,0.00021701389050576836,0.0,True,0.18399520494880908,7.75429543222802e-06,9.430959584148457e-06,2.57770332736494e-06,3.270996556536086e-06,9.277832142914823e-07,0.0,0.1,0.027067773044109344,0.06118162348866463,0.04137347638607025,0.025563692674040794,0.0005325934034772217,0.0,0.02425225079059601,0.0,0.04137347638607025,0.05149817213760665,3.0868315024103886e-05,3.0446894005722848e-05,1.1185905957469885e-05,1.1578253471216943e-05,5.675063725282121e-06
23,midtone,smooth_gradient,a0_s1,0.025563692674040794,0.02188040316104889,0.013041566126048565,18.846702522344707,0.019020890817046165,0.007062242366373539,0.019043030217289925,0.006870209705084562,0.018998751416802406,0.007254276890307665,0.004226915538311005,,96,0.00021701389050576836,0.0,True,0.0002516901180591457,6.4055252948981755e-06,6.47317325401499e-06,3.1175304236336778e-06,3.235136245129016e-06,2.9301495194937718e-06,0.0,1.0,0.2866850197315216,0.33096009492874146,0.010093294084072113,0.025563692674040794,0.01178711000829935,0.0,0.021205278113484383,0.0,0.010093294084072113,8.886872124619161e-05,2.343920158218074e-05,2.3274977027196253e-05,1.2290669261274271e-05,1.0490871463687843e-05,1.5668586782799443e-05
23,midtone,smooth_gradient,a0.1_s0.1,0.025563692674040794,0.005968833342194557,0.0008477479568682611,30.71733248228625,0.0013193173799663782,0.0003761783300433308,0.0013312067603692412,0.0003917822032235563,0.0013074284652248025,0.0003605747187975794,0.020480545237660408,,96,0.00021701389050576836,0.0,True,0.187058143009584,3.9126695187093504e-05,4.9460631343173005e-06,4.5935612249487645e-06,3.1866603460254003e-06,4.827960736787335e-06,0.1,0.1,0.02840278670191765,0.06118162348866463,0.0432703010737896,0.025563692674040794,0.0007130546728149056,0.0,0.009287484921514988,0.0,0.0432703010737896,0.05243170904773995,0.00010970909229189756,1.7195146249608256e-05,1.5583139126890404e-05,1.2861835335022503e-05,1.9747635323692553e-05
23,midtone,smooth_gradient,a1_s0.1,0.025563692674040794,0.011561883613467216,0.0039883567951619625,23.99205996990581,0.006142899394035339,0.0018338157096877694,0.006269879173487425,0.0017447154968976974,0.006015916354954243,0.0019229149911552668,0.01114653330296278,,96,0.00021701389050576836,0.0,True,0.08165671908491902,0.0005302140164733089,1.6610200420487296e-05,1.2256189927929943e-05,2.3640405893066493e-05,2.4889494638269887e-06,1.0,0.1,0.02438233606517315,0.06118162348866463,0.03685184195637703,0.025563692674040794,0.0037311671767383814,0.0,0.004145531449466944,0.0,0.03685184195637703,0.022683822169857752,0.0012933105146811154,4.43931816644224e-05,3.6566203541288826e-05,6.544087164379441e-05,1.1527479784004179e-05
23,midtone,smooth_gradient,a1_s1,0.025563692674040794,0.029509734362363815,0.017502471804618835,17.569006132965463,0.023843999952077866,0.011160947382450104,0.023393254727125168,0.011485910974442959,0.024294735863804817,0.010835982859134674,0.0017356554744765162,,96,0.00021701389050576836,0.0,True,0.002420400613051506,5.984560959210051e-06,4.3465145156610025e-06,5.000666383474565e-06,3.280979941090302e-06,2.1591177626873584e-06,1.0,1.0,0.29754915833473206,0.33091384172439575,0.011156423948705196,0.025563692674040794,0.016756732016801834,0.0,0.0015965780476108193,0.0,0.011156423948705196,0.0007096980129568422,1.935314484720122e-05,1.5537027530876552e-05,1.551301310131614e-05,1.2245008947564712e-05,8.265174047783265e-06
23,midtone,stripes_4,identity,0.05076839029788971,0.05076839029788971,0.07751460373401642,11.106164688018827,0.07751765847206116,0.07751152664422989,0.07752859592437744,0.07750861346721649,0.07750674337148666,0.07751449197530746,0.0,,0,0.0054796007461845875,0.0054796007461845875,True,0.0,9.028655815484188e-17,9.028655815484188e-17,9.028655815484188e-17,9.028655815484188e-17,9.028655815484188e-17,0.0,0.0,0.0,0.0,0.0,0.05076839029788971,0.05076839029788971,0.0,0.0,0.0,0.0,0.0,0.0,0.0,0.0,0.0,0.0
23,midtone,stripes_4,global,0.05076839029788971,0.004390629008412361,0.012275674380362034,19.109546400094807,0.012276780791580677,0.012274568900465965,0.012283945456147194,0.012284782715141773,0.012269612401723862,0.012264358811080456,0.037578631192445755,,6,0.0054796007461845875,0.0,True,1.0588890614842206e-16,1.3704230739957289e-16,3.5968858899400014e-16,3.695589686982373e-16,3.6516794907798253e-16,1.4279836608459098e-16,0.0,0.0,0.0012279119109734893,0.15006281435489655,-0.0,0.05076839029788971,0.004390629008412361,0.0,0.3248029947280884,0.0,-0.0,0.0,0.0,0.0,0.0,0.0,0.0
23,midtone,stripes_4,a0_s0,0.05076839029788971,0.004232693463563919,0.01204013079404831,19.193687952355933,0.012073828838765621,0.012006428092718124,0.012080805376172066,0.012012670747935772,0.012066857889294624,0.012000189162790775,0.038523849099874496,,96,0.0054796007461845875,0.0,True,0.013758187180380415,3.0295669516725266e-06,0.00016068074334783135,0.00016141744348379758,0.00016408877902486868,6.849671072198467e-07,0.0,0.0,0.0003048149519599974,0.040691476315259933,0.03866461664438248,0.05076839029788971,0.004232693463563919,0.0,0.3253990411758423,0.0,0.03866461664438248,0.005250629608540124,3.3880969922961324e-05,0.00068463247997241,0.0006880556452199952,0.0007010169338094141,7.215320023221172e-06
23,midtone,stripes_4,a0.01_s0,0.05076839029788971,0.0074958717450499535,0.012605376541614532,18.99444176762392,0.012628503143787384,0.012582246214151382,0.012634829618036747,0.012586114928126335,0.012622173875570297,0.012578384019434452,0.03687654063105583,,96,0.0054796007461845875,0.0,True,0.009285801811591011,7.278595005631279e-06,0.00020439742217470127,0.00020446735518114888,0.00020805550199014516,4.183806406799135e-06,0.01,0.0,0.00022405122581403702,0.040691476315259933,0.036538880318403244,0.05076839029788971,0.004627097863703966,0.0,0.2868773937225342,0.0,0.036538880318403244,0.0036462986538517393,6.821299309654738e-05,0.0006593099260435224,0.0006597249409044103,0.0006725941341788069,3.858925212441036e-05
23,midtone,stripes_4,a0.1_s0,0.05076839029788971,0.021433889865875244,0.024296343326568604,16.144590841215354,0.02373087964951992,0.024861814454197884,0.02373223751783371,0.02486303821206093,0.02372952364385128,0.024860583245754242,0.019977642223238945,,96,0.0054796007461845875,0.0,True,0.005876486607742791,0.0006769262649355245,2.820420170613329e-05,2.8049639040658147e-05,2.904064500213563e-05,0.00011019276842279839,0.1,0.0,3.287458127942955e-07,0.040691476315259933,0.032831594347953796,0.05076839029788971,0.01324746198952198,0.0,0.08186427503824234,0.0,0.032831594347953796,0.0021902573001358182,0.002877876614966049,9.682806791676443e-05,9.620566363964391e-05,9.956718586124757e-05,0.0006335794409184498
23,midtone,stripes_4,a1_s0,0.05076839029788971,0.03893212974071503,0.05181369557976723,12.85555430823046,0.051959846168756485,0.05166754499077797,0.051958419382572174,0.05166191607713699,0.051961276680231094,0.051673177629709244,0.0055819544941186905,,96,0.0054796007461845875,0.0,True,0.003644599934616286,0.00018019292976649925,1.2646766601449116e-05,1.2643001638757903e-05,1.282387553632004e-05,4.605152506287284e-05,1.0,0.0,3.9815273567000986e-07,0.040691476315259933,0.017481565475463867,0.05076839029788971,0.03310551866889,0.0,0.0058266096748411655,0.0,0.017481565475463867,0.0012305478974405275,0.0005084906137486926,3.655446146794107e-05,3.651856724756082e-05,3.7059587757326606e-05,0.00013858732853819892
23,midtone,stripes_4,a10_s0,0.05076839029788971,0.04785624518990517,0.0701487585902214,11.539800101978038,0.0711248368024826,0.0691726803779602,0.07112844288349152,0.06916523724794388,0.07112119346857071,0.06918012350797653,0.000628702633548528,,96,0.0054796007461845875,0.0,True,0.0004471046666691723,7.02373994752485e-06,1.4771945223898667e-06,1.4820822183786064e-06,1.489599409559045e-06,4.754409120064575e-07,10.0,0.0,1.371617145196069e-06,0.045612722635269165,0.003964908421039581,0.05076839029788971,0.04564523324370384,0.0,0.00022110102872829884,0.0,0.003964908421039581,0.00013772869844239598,1.783681283688796e-05,3.8123841148961015e-06,3.823723954797086e-06,3.845118768935357e-06,1.1971185548793292e-06
23,midtone,stripes_4,a0_s0.01,0.05076839029788971,0.0043909805826842785,0.012121716514229774,19.164358768798227,0.01215123850852251,0.012092191725969315,0.012157194316387177,0.012101716361939907,0.01214528363198042,0.012082667089998722,0.038007717579603195,,96,0.0054796007461845875,0.0,True,0.006877658329896096,8.527268911074833e-11,1.5610054760005812e-06,2.6800420314607684e-06,3.438745222504033e-06,7.678824190917988e-11,0.0,0.01,0.0022192446049302816,0.040691476315259933,0.011176321655511856,0.05076839029788971,0.004279217217117548,0.0,0.32156941294670105,0.0,0.011176321655511856,0.0020657934586613106,1.5914633916264433e-09,8.340884194323564e-06,1.2360133012478077e-05,1.5103869137944609e-05,1.0382508047750823e-09
23,midtone,stripes_4,a0_s0.1,0.05076839029788971,0.006015447434037924,0.01356568094342947,18.6755840149313,0.013577621430158615,0.01355373952537775,0.013588448986411095,0.01354171708226204,0.013566792942583561,0.013565760105848312,0.03461681306362152,,96,0.0054796007461845875,0.0,True,3.8285719760038934e-05,5.473624944924517e-08,2.8837839424278704e-06,5.252665650436676e-06,2.8750697692416286e-06,3.543504717030131e-08,0.0,0.1,0.023206859827041626,0.040691476315259933,0.0066595617681741714,0.05076839029788971,0.005349491257220507,0.0,0.2606658637523651,0.0,0.0066595617681741714,1.3781935056158469e-05,5.507878995114647e-07,1.254916410221068e-05,2.4177965453116767e-05,1.4303778289054732e-05,3.4375701506160463e-07
23,midtone,stripes_4,a0_s1,0.05076839029788971,0.024808086454868317,0.028829028829932213,15.401699875426122,0.028892461210489273,0.028765609487891197,0.0288681723177433,0.028796566650271416,0.02891676314175129,0.028734615072607994,0.016268564388155937,,96,0.0054796007461845875,0.0,True,2.4282690567704266e-05,1.7436508500474537e-06,2.500024842576381e-06,6.471027219973922e-06,3.607426175430454e-06,6.821970154108525e-07,0.0,1.0,0.28782808780670166,0.33374378085136414,0.008054864592850208,0.05076839029788971,0.016753222793340683,0.0,0.0578538216650486,0.0,0.008054864592850208,1.0715708652109748e-05,1.0994877516125966e-05,1.1153951201617715e-05,2.740589708224598e-05,1.2010145235784782e-05,4.962529390306638e-06
23,midtone,stripes_4,a0.1_s0.1,0.05076839029788971,0.02269263006746769,0.02454116940498352,16.101047466607195,0.024557150900363922,0.02452518790960312,0.024617819115519524,0.024473445490002632,0.024496501311659813,0.024576924741268158,0.019088193774223328,,96,0.0054796007461845875,0.0,True,0.00015078561251951215,3.5249181540948375e-06,5.667774276501559e-06,3.7534170876722792e-06,3.2499947040608526e-06,8.450147923067413e-07,0.1,0.1,0.028683599084615707,0.040691476315259933,0.008543949574232101,0.05076839029788971,0.013445324264466763,0.0,0.08392909914255142,0.0,0.008543949574232101,4.760770502936977e-05,1.765803507979007e-05,2.1425944109736782e-05,1.4409707749166824e-05,1.356945769626517e-05,8.182573478121569e-06
23,midtone,stripes_4,a1_s0.1,0.05076839029788971,0.04024260491132736,0.052253153175115585,12.818874972698373,0.05285773053765297,0.0516485795378685,0.05288969352841377,0.05172828957438469,0.05282572656869888,0.051568906754255295,0.005071287974715233,,96,0.0054796007461845875,0.0,True,0.0012185485531078697,4.008764187586818e-06,2.167825056676987e-06,2.413328840632157e-06,9.362173574822075e-06,3.87894770536376e-06,1.0,0.1,0.028855033218860626,0.040691476315259933,0.010039372369647026,0.05076839029788971,0.03352026268839836,0.0,0.005718408152461052,0.0,0.010039372369647026,0.00035127073419010855,1.4253558437586418e-05,9.919722035097884e-06,7.830954113662056e-06,2.8475452048523e-05,1.5660056000391576e-05
23,midtone,stripes_4,a1_s1,0.05076839029788971,0.04766004905104637,0.05250278487801552,12.798176599258898,0.0525958277285099,0.05240975320339203,0.052604708820581436,0.052450649440288544,0.05258690565824509,0.05236886069178581,0.0048991609364748,,96,0.0054796007461845875,0.0,True,1.4018684376234904e-05,1.299199796816139e-06,5.135757145118266e-06,5.580909366773962e-06,2.324703626488831e-06,3.4224892541102714e-06,1.0,1.0,0.3145761787891388,0.335451602935791,0.008016032166779041,0.05076839029788971,0.033808719366788864,0.0,0.005835298448801041,0.0,0.008016032166779041,5.694939308824833e-06,9.024252343741016e-06,1.6120156295963695e-05,2.0440582651992182e-05,1.0368094589700947e-05,1.6689538813449027e-05
23,midtone,stripes_12,identity,0.0010967558482661843,0.0010967558482661843,0.07758308947086334,11.102329301570428,0.07758757472038269,0.0775785744190216,0.07760101556777954,0.07757753133773804,0.07757416367530823,0.07757964730262756,0.0,,0,0.0,0.0,True,0.0,9.028655815484188e-17,9.028655815484188e-17,9.028655815484188e-17,9.028655815484188e-17,9.028655815484188e-17,0.0,0.0,0.0,0.0,0.0,0.0010967558482661843,0.0010967558482661843,0.0,0.0,0.0,0.0,0.0,0.0,0.0,0.0,0.0,0.0
23,midtone,stripes_12,global,0.0010967559646815062,2.738247530942317e-07,0.050451744347810745,12.97123813618698,0.050455376505851746,0.05044810473918915,0.050464317202568054,0.05045650899410248,0.050446443259716034,0.05043971166014671,0.00401068851351738,,6,0.0,0.0,True,1.3550994084972444e-18,4.404525219351973e-16,4.205740692550931e-16,4.0934918944045167e-16,3.352710758337728e-16,2.75236768354217e-16,0.0,0.0,5.391441959545773e-07,0.046727944165468216,-0.0,0.0010967559646815062,2.738247530942317e-07,0.0,0.035492364317178726,0.0,-0.0,0.0,0.0,0.0,0.0,0.0,0.0
23,midtone,stripes_12,a0_s0,0.0010967559646815062,2.4251232844108017e-07,0.05202193558216095,12.838134930280118,0.05279115214943886,0.05125271528959274,0.05272740125656128,0.0512746125459671,0.05285491421818733,0.05123080685734749,0.003636868903413415,,96,0.0,0.0,True,4.2194906862142784e-07,1.2750807406008757e-06,3.6111837025878605e-07,3.2119916123841417e-07,2.1760864926443034e-07,7.593066367996792e-05,0.0,0.0,2.8542623908833775e-07,0.011686398647725582,0.006606473587453365,0.0010967559646815062,2.4251232844108017e-07,0.0,0.031123504042625427,0.0,0.006606473587453365,1.7342222930739846e-07,4.5551030253107206e-06,1.650732640758444e-06,1.3492856990766908e-06,1.084632324492929e-06,0.0003489044161083393
23,midtone,stripes_12,a0.01_s0,0.0010967559646815062,3.937158908229321e-06,0.0841628760099411,10.748794322456344,0.0841006264090538,0.0842251405119896,0.08412191271781921,0.08422840386629105,0.08407929539680481,0.08422188460826874,0.0012831420172005892,,96,0.0,0.0,True,2.0329697288248273e-07,1.2942560236691813e-07,1.9527298385436867e-07,1.3720457154199192e-07,2.5646381043244225e-07,2.0705820279001256e-07,0.01,0.0,3.557093464223726e-07,0.011686398647725582,0.001906233956106007,0.0010967559646815062,4.7056067842277116e-07,0.0,0.00034665982821024954,0.0,0.001906233956106007,1.016800154516267e-07,4.239610108553587e-07,9.196609642908763e-07,6.518052742020059e-07,1.1612731670438729e-06,6.610084272918669e-07
23,midtone,stripes_12,a0.1_s0,0.0010967559646815062,3.428860509302467e-05,0.083976611495018,10.758416533787807,0.0839146226644516,0.08403854072093964,0.08392630517482758,0.08404979854822159,0.0839029848575592,0.08402737230062485,0.0012158082099631429,,96,0.0,0.0,True,2.0605177646171438e-07,7.289343240821134e-08,6.484821626790223e-08,4.3556201552109076e-08,9.004137649853939e-08,1.2174350401343263e-07,0.1,0.0,3.484746287085727e-07,0.011686398647725582,0.0009348171297460794,0.0010967559646815062,1.4663085039501311e-06,0.0,0.00032822295906953514,0.0,0.0009348171297460794,9.601311769334038e-08,1.9301587685354251e-07,2.568798057382514e-07,1.812678669400011e-07,3.2459587680949515e-07,3.105020081760931e-07
23,midtone,stripes_12,a1_s0,0.0010967559646815062,0.00026728640659712255,0.08236685395240784,10.842475218177272,0.08230046182870865,0.08243322372436523,0.08231551945209503,0.08244258910417557,0.08228544890880585,0.0824238732457161,0.0007462872308678925,,96,0.0,0.0,True,3.2047390130726843e-07,3.0127907499396236e-08,5.2993599519095545e-09,2.945749600512599e-09,3.0573744825395097e-09,7.500505268747099e-08,1.0,0.0,2.9468330353665806e-07,0.011686398647725582,0.00033134559635072947,0.0010967559646815062,6.349758768919855e-05,0.0,0.000203788818907924,0.0,0.00033134559635072947,1.1025715711764646e-07,7.65264800918264e-08,1.6410109668794062e-08,9.635662593748784e-09,1.0244942383157153e-08,1.880626400915153e-07
23,midtone,stripes_12,a10_s0,0.0010967559646815062,0.0008420895901508629,0.07887300848960876,11.030715933629304,0.07884576916694641,0.07890027016401291,0.0788612887263298,0.07890243828296661,0.07883019745349884,0.0788981020450592,7.010027184151113e-05,,96,0.0,0.0,True,1.5070624455857086e-07,7.878102854549244e-10,6.623814455792961e-10,5.632912527657942e-10,3.654591718423503e-10,7.152133927341374e-09,10.0,0.0,1.3778615084447665e-06,0.061933811753988266,9.844271698966622e-05,0.0010967559646815062,0.0006447777850553393,0.0,1.973118014575448e-05,0.0,9.844271698966622e-05,4.612948769759872e-08,1.9925336782589434e-09,1.7219349217040043e-09,1.4439297602687193e-09,9.455678925474474e-10,1.789516900792949e-08
23,midtone,stripes_12,a0_s0.01,0.0010967559646815062,8.891312609193847e-05,0.07239577174186707,11.402867979299076,0.07233280688524246,0.07245874404907227,0.07243384420871735,0.07250621914863586,0.07223182171583176,0.07241120934486389,0.001171383890323341,,96,0.0,0.0,True,6.602682475301141e-06,3.464723155912589e-06,3.928457834361256e-06,4.997031111111226e-06,5.834804460198775e-06,2.4949218729225584e-06,0.0,0.01,0.0031859008595347404,0.011686398647725582,0.008658207021653652,0.0010967559646815062,2.3310542474064277e-06,0.0,0.0028308602049946785,0.0,0.008658207021653652,4.410183209208918e-06,1.7298390234733866e-05,1.5217173333395895e-05,1.6374102745604765e-05,2.0065281238554345e-05,1.1038360363423658e-05
23,midtone,stripes_12,a0_s0.1,0.0010967559646815062,0.0009187486721202731,0.07760123908519745,11.101313441597549,0.07746171951293945,0.07774072140455246,0.07769772410392761,0.07778047770261765,0.07722574472427368,0.07770100235939026,0.0010960072977468371,,96,0.0,0.0,True,3.197201906431262e-05,3.4780848064393318e-06,2.3772089713260356e-06,5.093032710516865e-06,3.325255248079671e-06,2.8415648585451955e-06,0.0,0.1,0.03239632770419121,0.03546305373311043,0.009122100658714771,0.0010967559646815062,6.538593424920691e-06,0.0,0.0017158769769594073,0.0,0.009122100658714771,1.719884726474795e-05,1.6340201736416247e-05,8.132551270295142e-06,1.9818744999639456e-05,1.1186504040228171e-05,1.1096971345307455e-05
23,midtone,stripes_12,a0_s1,0.0010967559646815062,0.009415571577847004,0.07831720262765884,11.061428332716734,0.0782589390873909,0.0783754363656044,0.07829955220222473,0.07850924879312515,0.07821836322546005,0.07824166119098663,0.0011286536464467645,,96,0.0,0.0,True,4.282239141419392e-05,4.589279711350579e-06,4.2105012958258435e-06,3.0420178624759902e-06,3.6778273660267206e-06,2.5547936149756274e-06,0.0,1.0,0.285634845495224,0.3508862257003784,0.009412048384547234,0.0010967559646815062,3.5228933938924456e-06,0.0,0.0017227513017132878,0.0,0.009412048384547234,1.9993660512180703e-05,2.3301364412422366e-05,1.3756974468162379e-05,1.0847603291542997e-05,1.1602338963937964e-05,1.3950263070660674e-05
23,midtone,stripes_12,a0.1_s0.1,0.0010967559646815062,0.0008111863280646503,0.08388928323984146,10.762935162520428,0.08396315574645996,0.08381547033786774,0.08405226469039917,0.08395938575267792,0.08387395739555359,0.08367151767015457,0.001216030796058476,,96,0.0,0.0,True,2.628402630378136e-05,4.626086299833252e-06,4.396240426355578e-06,2.4457987817728507e-06,3.1074017356134947e-06,3.1328411789320276e-06,0.1,0.1,0.03074748069047928,0.03569504991173744,0.007703699171543121,0.0010967559646815062,6.7408327595330775e-06,0.0,0.0003407553012948483,0.0,0.007703699171543121,9.695698793185097e-06,2.142144855536894e-05,1.4030789099828441e-05,1.0922877479959692e-05,1.1234096187371539e-05,9.82749211576148e-06
23,midtone,stripes_12,a1_s0.1,0.0010967559646815062,0.0011310349218547344,0.0823049545288086,10.845740206837593,0.0825243890285492,0.08208547532558441,0.08299756795167923,0.08228028565645218,0.08205126225948334,0.08189067989587784,0.0007439944893121719,,96,0.0,0.0,True,3.589324361029077e-05,2.7396386421324033e-06,5.123910112390208e-06,2.589425733684202e-06,1.5459569067402368e-06,5.855187646408287e-06,1.0,0.1,0.03464784100651741,0.03578422963619232,0.008450274355709553,0.0010967559646815062,7.035164162516594e-05,0.0,0.00021565589122474194,0.0,0.008450274355709553,1.762094214640742e-05,1.3348531466836897e-05,1.3434397990842472e-05,1.0758205550968393e-05,5.5211780534247376e-06,2.1865200856822973e-05
23,midtone,stripes_12,a1_s1,0.0010967559646815062,0.009382368996739388,0.08230691403150558,10.845636811958954,0.08237927407026291,0.08223455399274826,0.08223100006580353,0.08230604231357574,0.0825275406241417,0.08216306567192078,0.0007523613166995347,,96,0.0,0.0,True,2.5383030636048698e-05,1.4673060691755207e-06,4.742592989379646e-06,2.015088425515676e-06,3.800388717250882e-06,4.778924463543591e-06,1.0,1.0,0.31243494153022766,0.34308016300201416,0.00909690372645855,0.0010967559646815062,6.653914169874042e-05,0.0,0.0002189263905165717,0.0,0.00909690372645855,1.1338005020091982e-05,6.171871874250576e-06,2.1450309831426038e-05,1.1803516012889599e-05,1.3186811844569124e-05,1.944040361114752e-05
23,dark_structures,clean,identity,0.02472139149904251,0.02472139149904251,0.0,,0.0,0.0,0.0,0.0,0.0,0.0,0.0,0.0,0,0.0,0.0,True,0.0,9.028655815484188e-17,9.028655815484188e-17,9.028655815484188e-17,9.028655815484188e-17,9.028655815484188e-17,0.0,0.0,0.0,0.0,0.0,0.02472139149904251,0.02472139149904251,0.0,0.0,0.0,0.0,0.0,0.0,0.0,0.0,0.0,0.0
23,dark_structures,clean,global,0.02472139149904251,0.00243415217846632,0.01769060455262661,17.522573254066426,0.02204364724457264,0.013337559066712856,0.02114158309996128,0.012937948107719421,0.022945711389183998,0.013737167231738567,0.01769060455262661,0.01769060455262661,6,0.0,0.0,True,4.476813837067882e-17,1.311025361367564e-16,4.251755289872807e-16,4.2865504564535656e-16,4.312435684657399e-16,1.4567122045468691e-16,0.0,0.0,0.0006712909671477973,0.08149125427007675,-0.0,0.02472139149904251,0.00243415217846632,0.0,0.3021499216556549,0.0,-0.0,0.0,0.0,0.0,0.0,0.0,0.0
23,dark_structures,clean,a0_s0,0.02472139149904251,0.0018484188476577401,0.020355097949504852,16.913268034380028,0.027520686388015747,0.013189508579671383,0.026418397203087807,0.012573041021823883,0.028622977435588837,0.013805978931486607,0.020355097949504852,0.020355097949504852,96,0.0,0.0,True,0.03064183901620639,0.010236360907875339,0.0019320562999450503,0.0019302983265317413,0.0019309395387424584,1.6062270781600396e-05,0.0,0.0,0.0001977755455300212,0.024301916360855103,0.21897661685943604,0.02472139149904251,0.0018484188476577401,0.0,0.2583257257938385,0.0,0.21897661685943604,0.016163308604484544,0.0699325007215927,0.008209529488806861,0.008199556976606511,0.008201670973638577,0.00017304870474266204
23,dark_structures,clean,a0.01_s0,0.02472139149904251,0.003912659361958504,0.017976678907871246,17.452905386989322,0.024646369740366936,0.01130698248744011,0.023356826975941658,0.01075800135731697,0.02593592368066311,0.011855963617563248,0.017976678907871246,0.017976678907871246,96,0.0,0.0,True,0.02014624380429735,0.022626807621068643,0.00011201152784970604,0.00011097530918397276,0.00011021563318903945,0.01352836577918535,0.01,0.0,0.00013770800433121622,0.024301916360855103,0.23974676430225372,0.02472139149904251,0.002349013928323984,0.0,0.1563645750284195,0.0,0.23974676430225372,0.011089227861202337,0.12688671374542965,0.0005980109589977826,0.0005904687412071833,0.0005866062515919494,0.08683606879424856
23,dark_structures,clean,a0.1_s0,0.02472139149904251,0.010439119301736355,0.010139720514416695,19.939740154878304,0.01460738480091095,0.005672048777341843,0.01392088457942009,0.005248235538601875,0.015293902717530727,0.006095862481743097,0.010139720514416695,0.010139720514416695,96,0.0,0.0,True,0.008083817217949053,0.008076969306024166,6.660735003452381e-05,6.675820633589817e-05,6.741288595896759e-05,0.008113025748455337,0.1,0.0,2.790596340673801e-07,0.024301916360855103,0.14527224004268646,0.02472139149904251,0.006822511553764343,0.0,0.036166075617074966,0.0,0.14527224004268646,0.0035461731394490627,0.035761081489662665,0.00024174898993403513,0.00024058616704394437,0.00024202029447086687,0.036693786815891784
23,dark_structures,clean,a1_s0,0.02472139149904251,0.018527384847402573,0.003122357651591301,25.055173520050996,0.004323961678892374,0.0019207516452297568,0.0040889885276556015,0.0018037402769550681,0.004558937158435583,0.0020377631299197674,0.003122357651591301,0.003122357651591301,96,0.0,0.0,True,0.006175467556705078,0.0007914593115013105,2.4575159019075012e-05,2.4634468125340194e-05,2.4754002959894005e-05,0.0007262384961667481,1.0,0.0,3.4123752357118065e-07,0.024301916360855103,0.05433580279350281,0.02472139149904251,0.015425266698002815,0.0,0.0031021174509078264,0.0,0.05433580279350281,0.0023231842160731735,0.002761507299831143,7.615210446660044e-05,7.620279040735307e-05,7.650560631494564e-05,0.0025382524339937636
23,dark_structures,clean,a10_s0,0.02472139149904251,0.02348611131310463,0.00016690156189724803,37.775395990895845,0.00022029204410500824,0.00011351096327416599,0.000206342592719011,0.00010880282206926495,0.000234241655562073,0.0001182191408588551,0.00016690156189724803,0.00016690156189724803,96,0.0,0.0,True,0.000250655314876897,1.88570858467625e-05,8.598212105389844e-07,8.611637370590916e-07,8.636242017619964e-07,1.8672113470122902e-05,10.0,0.0,1.4414945326279849e-06,0.05498327687382698,0.008473517373204231,0.02472139149904251,0.02240614779293537,0.0,0.00010799636947922409,0.0,0.008473517373204231,9.048939429431639e-05,5.9363438312559934e-05,2.5767397147424414e-06,2.5792475135664873e-06,2.585600493852353e-06,6.052639792658142e-05
23,dark_structures,clean,a0_s0.01,0.02472139149904251,0.002313049277290702,0.01920870877802372,17.165018277164673,0.024772487580776215,0.013644940219819546,0.02375008910894394,0.013272549025714397,0.02579486183822155,0.014017326757311821,0.01920870877802372,0.01920870877802372,96,0.0,0.0,True,0.032099647094017116,8.358772387124943e-09,2.8501380059048723e-06,5.860785720228834e-06,5.7132263126581865e-06,1.5110691633560037e-09,0.0,0.01,0.0020344676449894905,0.024301916360855103,0.031171416863799095,0.02472139149904251,0.002001335145905614,0.0,0.28345629572868347,0.0,0.031171416863799095,0.011634465652870418,8.434428010184261e-08,1.2135673864769449e-05,2.2856956068469137e-05,2.2068489835942525e-05,2.3388764022744608e-08
23,dark_structures,clean,a0_s0.1,0.02472139149904251,0.004408324137330055,0.01451711356639862,18.381197257020347,0.018030576407909393,0.011003660038113594,0.017287522554397583,0.010662688873708248,0.018773622810840607,0.011344632133841515,0.01451711356639862,0.01451711356639862,96,0.0,0.0,True,8.215914906905115e-05,1.6311553468091922e-07,8.678526549009271e-06,1.5372984936298904e-06,3.3773281866229104e-06,5.239009787127652e-08,0.0,0.1,0.0262617114931345,0.03477238118648529,0.007369563914835453,0.02472139149904251,0.003671367885544896,0.0,0.19142071902751923,0.0,0.007369563914835453,3.0691424011377456e-05,1.7969682036683322e-06,2.935018446250115e-05,6.7991295651880306e-06,1.4834526457596136e-05,6.142596910563342e-07
23,dark_structures,clean,a0_s1,0.02472139149904251,0.02053387090563774,0.005116503220051527,22.91026748215282,0.005771936383098364,0.004461069591343403,0.005736291874200106,0.004347266163676977,0.005807579029351473,0.0045748744159936905,0.005116503220051527,0.005116503220051527,96,0.0,0.0,True,2.7552440667075922e-05,1.1481933413244136e-06,2.6308555343310323e-06,2.7947102566563455e-06,3.3934927526807097e-06,2.093645439248914e-06,0.0,1.0,0.28028708696365356,0.34024396538734436,0.008301014080643654,0.02472139149904251,0.012232857756316662,0.0,0.021896662190556526,0.0,0.008301014080643654,1.3821381966136435e-05,6.056489545150886e-06,1.0861283683757381e-05,1.0353176395586762e-05,1.6558363848538707e-05,1.1458357301971646e-05
23,dark_structures,clean,a0.1_s0.1,0.02472139149904251,0.01464504562318325,0.006494411267340183,21.874602125561964,0.008074006997048855,0.004914815537631512,0.007743300870060921,0.004702816717326641,0.008404705673456192,0.005126818548887968,0.006494411267340183,0.006494411267340183,96,0.0,0.0,True,0.0005543392707813847,1.4152741223730093e-05,4.527763319050492e-06,3.513876035893751e-06,2.24028891149362e-06,2.618961146248764e-06,0.1,0.1,0.02604982629418373,0.03467671945691109,0.012243189848959446,0.02472139149904251,0.009454423561692238,0.0,0.03966303914785385,0.0,0.012243189848959446,0.00019531297914366337,6.683112488414453e-05,1.840297201041108e-05,1.3658942994287798e-05,8.218375637650012e-06,1.6312854010405016e-05
23,dark_structures,clean,a1_s0.1,0.02472139149904251,0.02144334465265274,0.002014691708609462,26.957914008842522,0.0025206459686160088,0.0015087357023730874,0.00241844542324543,0.0014503735583275557,0.0026228504721075296,0.0015670978464186192,0.002014691708609462,0.002014691708609462,96,0.0,0.0,True,0.0016544454678631961,3.7438611561561886e-05,2.3021372730014628e-06,3.3708813666136776e-06,4.148428844456168e-06,1.630756394163569e-05,1.0,0.1,0.02709031105041504,0.037441764026880264,0.01623520813882351,0.02472139149904251,0.01775604858994484,0.0,0.0020637756679207087,0.0,0.01623520813882351,0.000593639345145086,0.00011624336946740129,7.353149252987949e-06,1.3358789893869764e-05,1.787002444134788e-05,5.616065088525474e-05
23,dark_structures,clean,a1_s1,0.02472139149904251,0.03027116321027279,0.0018026232719421387,27.440950264733498,0.0019281351706013083,0.0016771121881902218,0.0019104238599538803,0.0016511973226442933,0.0019458457827568054,0.0017030274029821157,0.0018026232719421387,0.0018026232719421387,96,0.0,0.0,True,6.220864988853497e-05,3.851327221436282e-06,8.918230247253602e-07,5.779705819141636e-06,5.74660507042715e-06,4.025727619480942e-06,1.0,1.0,0.2974347174167633,0.33717718720436096,0.009456519037485123,0.02472139149904251,0.0187884159386158,0.0,0.0020262286998331547,0.0,0.009456519037485123,2.3831976876665205e-05,2.1148689353774064e-05,3.92437424698432e-06,1.8192789426473e-05,2.034943829472864e-05,1.6676301191389515e-05
23,dark_structures,homogeneous_dark,identity,0.1035783588886261,0.1035783588886261,0.05832880735397339,12.341169034754111,0.05246562883257866,0.06419196724891663,0.05373656377196312,0.06490732729434967,0.05119471251964569,0.06347662210464478,0.0,,0,0.0,0.0,True,0.0,9.028655815484188e-17,9.028655815484188e-17,9.028655815484188e-17,9.028655815484188e-17,9.028655815484188e-17,0.0,0.0,0.0,0.0,0.0,0.1035783588886261,0.1035783588886261,0.0,0.0,0.0,0.0,0.0,0.0,0.0,0.0,0.0,0.0
23,dark_structures,homogeneous_dark,global,0.1035783588886261,0.0032995690125972033,0.015355606563389301,18.137330237712217,0.019073287025094032,0.011637921445071697,0.01830165833234787,0.011291556991636753,0.019844913855195045,0.01198428776115179,0.09336292743682861,,6,0.0,0.0,True,1.1769351037592708e-16,2.333741414297215e-16,7.652295162891701e-16,7.420516818985978e-16,6.821254218107647e-16,1.9539130193992095e-16,0.0,0.0,0.002064561238512397,0.24747180938720703,-0.0,0.1035783588886261,0.0032995690125972033,0.0,0.23220564424991608,0.0,-0.0,0.0,0.0,0.0,0.0,0.0,0.0
23,dark_structures,homogeneous_dark,a0_s0,0.1035783588886261,0.0024400046095252037,0.01833675056695938,17.366776226393313,0.025043819099664688,0.011629687622189522,0.023964956402778625,0.011085069738328457,0.026122668758034706,0.012174301780760288,0.0961340144276619,,96,0.0,0.0,True,0.007625324236956491,0.005115323100269015,0.0007335191067617404,0.0007268020250861964,0.0007287542754924303,0.0013543904013662298,0.0,0.0,0.00045995760592631996,0.062439363449811935,0.16114115715026855,0.1035783588886261,0.0024400046095252037,0.0,0.2069505900144577,0.0,0.16114115715026855,0.003969410724795771,0.03596411739559318,0.0026662677533908423,0.002631560738586904,0.002641474466857585,0.011427786501665631
23,dark_structures,homogeneous_dark,a0.01_s0,0.1035783588886261,0.004422274883836508,0.01694946363568306,17.708440404549275,0.02324918657541275,0.010649741627275944,0.02218068391084671,0.010106797330081463,0.02431768737733364,0.011192682199180126,0.09414902329444885,,96,0.0,0.0,True,0.009042135301529475,0.005367252317337645,0.00024240130578469962,0.00024060423558663164,0.00024143835985803016,0.005776542977653548,0.01,0.0,0.0003457626444287598,0.062439363449811935,0.1625019907951355,0.1035783588886261,0.002718417439609766,0.0,0.17038573324680328,0.0,0.1625019907951355,0.004683054578384014,0.036902008997414415,0.0009808705408269835,0.0009679251076902393,0.00097073134592667,0.03949302291351785
23,dark_structures,homogeneous_dark,a0.1_s0,0.1035783588886261,0.014912363141775131,0.00915937777608633,20.38134028252534,0.013037286698818207,0.005281466990709305,0.012445875443518162,0.004924487788230181,0.013628707267343998,0.005638445727527142,0.08196447044610977,,96,0.0,0.0,True,0.0029675099729790898,0.004939599651829388,9.759974476274433e-05,9.78350392298255e-05,9.860899591505847e-05,0.007035457492355659,0.1,0.0,2.1994486814946868e-05,0.062439363449811935,0.12921014428138733,0.1035783588886261,0.006299787200987339,0.0,0.08612576127052307,0.0,0.12921014428138733,0.001416834786220979,0.02772188857004007,0.00029161040530028333,0.00029092339374915655,0.0002924100948270991,0.031071172787966745
23,dark_structures,homogeneous_dark,a1_s0,0.1035783588886261,0.05475488305091858,0.007183941546827555,21.43637210025819,0.006048094946891069,0.008319785818457603,0.0062688542529940605,0.008425666019320488,0.005827342160046101,0.00821390375494957,0.027950184419751167,,96,0.0,0.0,True,0.00011396921624017422,0.00019754044323968243,4.1477155166640223e-07,4.130647432038792e-07,4.22067483401299e-07,0.000950235352787105,1.0,0.0,1.2427900628608768e-06,0.062439363449811935,0.029796423390507698,0.1035783588886261,0.029539214447140694,0.0,0.025215670466423035,0.0,0.029796423390507698,5.342159543414077e-05,0.0008076057709401885,1.5060639166090623e-06,1.5033163865676914e-06,1.5304938802578381e-06,0.003560614792259342
23,dark_structures,homogeneous_dark,a10_s0,0.1035783588886261,0.09504397213459015,0.04603157564997673,13.369441590539179,0.04115273058414459,0.05091039836406708,0.04218464344739914,0.051487892866134644,0.04012082889676094,0.050332918763160706,0.0007756023551337421,,96,0.0,0.0,True,5.603169608720042e-05,3.4114002235287916e-08,1.9936533920403539e-07,1.990345423824546e-07,1.9927406094059257e-07,2.0888157368137676e-05,10.0,0.0,1.395415210936335e-06,0.062439363449811935,0.004652496427297592,0.1035783588886261,0.08724351972341537,0.0,0.0007800448802299798,0.0,0.004652496427297592,2.1474160036123254e-05,1.2531326249717563e-07,6.299115966200591e-07,6.288212569975615e-07,6.295476261592456e-07,6.840568251089075e-05
23,dark_structures,homogeneous_dark,a0_s0.01,0.1035783588886261,0.0030707332771271467,0.017245450988411903,17.633254438470303,0.022602252662181854,0.011888651177287102,0.021625513210892677,0.011564310640096664,0.023578984662890434,0.01221298798918724,0.09535868465900421,,96,0.0,0.0,True,0.005369714677318377,0.0020781313717271916,3.417847473274071e-06,8.054647459394722e-07,2.455963178233225e-06,5.595327855625552e-06,0.0,0.01,0.0022818499710410833,0.062439363449811935,0.044701963663101196,0.1035783588886261,0.0026237135753035545,0.0,0.2215776890516281,0.0,0.044701963663101196,0.0019800894242198914,0.015846215108453455,8.448189713319176e-06,2.36943742608352e-06,8.34685337864401e-06,4.56954808373827e-05
23,dark_structures,homogeneous_dark,a0_s0.1,0.1035783588886261,0.004492252133786678,0.014266254380345345,18.456900363790297,0.017712721601128578,0.010819786228239536,0.016929008066654205,0.010515514761209488,0.01849643886089325,0.011124057695269585,0.09332024306058884,,96,0.0,0.0,True,3.6154825189980454e-05,1.6991976682874148e-07,4.3140116135964766e-06,4.474510191850184e-06,4.726654908998064e-06,1.1365641416592908e-07,0.0,0.1,0.023965151980519295,0.062439363449811935,0.006572890095412731,0.1035783588886261,0.00383496331050992,0.0,0.20692580938339233,0.0,0.006572890095412731,1.3685382831813346e-05,1.7109805507953207e-06,1.3079093047565317e-05,1.3243191765466826e-05,1.3670473567913555e-05,1.3836096523916867e-06
23,dark_structures,homogeneous_dark,a0_s1,0.1035783588886261,0.0160354133695364,0.008055943995714188,20.938835616248497,0.009609939530491829,0.006501948460936546,0.009274047799408436,0.006312050390988588,0.009945828467607498,0.006691846530884504,0.09139833599328995,,96,0.0,0.0,True,2.943355101960192e-05,9.94175305742535e-07,5.53961075446126e-06,8.443097246902692e-06,1.3699547724509574e-06,1.630531748116789e-06,0.0,1.0,0.29719653725624084,0.3185983896255493,0.007453443482518196,0.1035783588886261,0.008581969887018204,0.0,0.09743022173643112,0.0,0.007453443482518196,1.3582949155085958e-05,6.22576043324275e-06,1.806955161272936e-05,2.2022323007227736e-05,4.571808805766374e-06,8.654610065592055e-06
23,dark_structures,homogeneous_dark,a0.1_s0.1,0.1035783588886261,0.018369609490036964,0.005981404334306717,22.231968389149355,0.007518489379435778,0.00444431696087122,0.007213120814412832,0.004297701176255941,0.007823861204087734,0.004590935539454222,0.07814089208841324,,96,0.0,0.0,True,0.00011390854383202203,2.458430909362165e-06,3.993798194352879e-06,5.529689375979197e-06,8.23672761661818e-06,2.5001002104120457e-06,0.1,0.1,0.02737235650420189,0.062439363449811935,0.00952543132007122,0.1035783588886261,0.008760934695601463,0.0,0.08656132221221924,0.0,0.00952543132007122,3.9315441240459045e-05,1.374919808813306e-05,1.255105927088548e-05,1.7932339739390944e-05,2.583734951473392e-05,1.6033020828087905e-05
23,dark_structures,homogeneous_dark,a1_s0.1,0.1035783588886261,0.05631843954324722,0.006845606956630945,21.645880396805467,0.0059797316789627075,0.00771148269996047,0.006217004731297493,0.007821980863809586,0.005742454901337624,0.007600983139127493,0.02760760672390461,,96,0.0,0.0,True,9.303250425275813e-06,8.210758387667342e-06,2.764198791507467e-06,1.3765694212291608e-06,3.52004367400467e-06,1.336640174949519e-05,1.0,0.1,0.027671711519360542,0.062439363449811935,0.008153131231665611,0.1035783588886261,0.03099796548485756,0.0,0.024505160748958588,0.0,0.008153131231665611,3.6056077657963274e-06,3.230146913024353e-05,9.695211141743518e-06,6.600757465972539e-06,1.1084069034170276e-05,5.279903023677063e-05
23,dark_structures,homogeneous_dark,a1_s1,0.1035783588886261,0.06347034126520157,0.006810028105974197,21.668510956871685,0.006083393469452858,0.007536665536463261,0.00628582201898098,0.007567558903247118,0.005880964454263449,0.007505766116082668,0.027664758265018463,,96,0.0,0.0,True,1.3083028176318448e-05,1.2873428549613531e-06,3.3968386351285668e-06,2.1125566868803037e-06,4.339885122042628e-06,4.7785031058296e-06,1.0,1.0,0.2846754491329193,0.34113794565200806,0.007840695790946484,0.1035783588886261,0.0310180876404047,0.0,0.02461155690252781,0.0,0.007840695790946484,7.98994676839622e-06,7.875244387972582e-06,1.1838712643546225e-05,8.841645274234047e-06,1.3670505501250531e-05,1.8744032729754025e-05
23,dark_structures,homogeneous_bright,identity,0.0558752603828907,0.0558752603828907,0.058174822479486465,12.35264933289141,0.05232810974121094,0.0640215277671814,0.053587984293699265,0.06473135948181152,0.051068264991045,0.06331169605255127,0.0,,0,0.012532551772892475,0.012532551772892475,True,0.0,9.028655815484188e-17,9.028655815484188e-17,9.028655815484188e-17,9.028655815484188e-17,9.028655815484188e-17,0.0,0.0,0.0,0.0,0.0,0.0558752603828907,0.0558752603828907,0.0,0.0,0.0,0.0,0.0,0.0,0.0,0.0,0.0,0.0
23,dark_structures,homogeneous_bright,global,0.0558752603828907,0.002628128044307232,0.017150159925222397,17.657318258067637,0.02134973555803299,0.012950586155056953,0.02047957107424736,0.012563463300466537,0.02221990004181862,0.013337709940969944,0.056220438331365585,,6,0.012532551772892475,0.0,True,1.954451353760018e-16,1.7165847392193716e-16,3.67326190585621e-16,3.369993055359102e-16,3.1388245673014875e-16,1.4975984840158757e-16,0.0,0.0,0.000985909951850772,0.3597070276737213,-0.0,0.0558752603828907,0.002628128044307232,0.0,0.3351685702800751,0.0,-0.0,0.0,0.0,0.0,0.0,0.0,0.0
23,dark_structures,homogeneous_bright,a0_s0,0.0558752603828907,0.00197440292686224,0.019380146637558937,17.126429412356273,0.026607796549797058,0.012152502313256264,0.025344278663396835,0.01157345063984394,0.027871303260326385,0.012731557711958885,0.058279793709516525,,96,0.012532551772892475,0.0,True,0.015394234402906102,0.025972725181011888,0.0008655064645550514,0.0008618810665819792,0.0008598684931496414,0.002562874876850846,0.0,0.0,0.00023421186779160053,0.09965302050113678,0.2424968183040619,0.0558752603828907,0.00197440292686224,0.0,0.24450282752513885,0.0,0.2424968183040619,0.007085079354476335,0.14588895918848008,0.005626584984779163,0.005596921799587611,0.005597857825877316,0.021792807475903606
23,dark_structures,homogeneous_bright,a0.01_s0,0.0558752603828907,0.004148333333432674,0.017991328611969948,17.44936763972885,0.02468188852071762,0.011300768703222275,0.023409057408571243,0.010715997777879238,0.02595471777021885,0.011885534971952438,0.054939135909080505,,96,0.012532551772892475,0.0,True,0.010853662636185939,0.029876008078344143,0.00015122162332913968,0.0001525383333307596,0.00015277093014306545,0.01016035592150134,0.01,0.0,0.00017778344044927508,0.09965302050113678,0.23530836403369904,0.0558752603828907,0.00242715235799551,0.0,0.17211811244487762,0.0,0.23530836403369904,0.006021508307476355,0.1560688548337605,0.0009062569128169135,0.0009067736257530774,0.0009088717109683888,0.06836644070308949
23,dark_structures,homogeneous_bright,a0.1_s0,0.0558752603828907,0.011455925181508064,0.011022346094250679,19.577259565419492,0.015829799696803093,0.006214888300746679,0.015084332786500454,0.005751725286245346,0.016575276851654053,0.006678049452602863,0.04244793951511383,,96,0.012532551772892475,0.0,True,0.011983868528223564,0.009795599602252972,4.791668988146733e-05,4.9238149597671394e-05,4.976643283929026e-05,0.008516556771625227,0.1,0.0,1.0685663482945529e-06,0.09965302050113678,0.15266865491867065,0.0558752603828907,0.007178140338510275,0.0,0.04277784749865532,0.0,0.15266865491867065,0.005147539069077517,0.03928517857677845,0.00019770713124781157,0.00020108848548436659,0.00020237751822067493,0.03924615281127364
23,dark_structures,homogeneous_bright,a1_s0,0.0558752603828907,0.023454593494534492,0.010616890154778957,19.740026759479132,0.013333963230252266,0.007899816147983074,0.012754276394844055,0.007616518996655941,0.013913646340370178,0.008183112367987633,0.025513596832752228,,96,0.012532551772892475,0.0,True,0.012054711353222147,0.0010614924092889777,3.556781406625898e-05,3.599534077708442e-05,3.618130711566778e-05,0.0005942619990561927,1.0,0.0,7.490529583265015e-07,0.09965302050113678,0.06363238394260406,0.0558752603828907,0.01684097945690155,0.0,0.006613614037632942,0.0,0.06363238394260406,0.004618902421617049,0.0034589517349373983,0.00011828440600371584,0.0001195311414730571,0.00012003749940526609,0.0020810043543913774
23,dark_structures,homogeneous_bright,a10_s0,0.0558752603828907,0.04231201857328415,0.03123747929930687,15.05324018667007,0.03080243617296219,0.03167254477739334,0.030725084245204926,0.03169352933764458,0.030879758298397064,0.03165154159069061,0.0047442857176065445,,96,0.012532551772892475,0.0,True,0.0019748496538059233,3.10896933913329e-05,6.275228557771514e-06,6.32161162544695e-06,6.3370949730090626e-06,1.9105731661433623e-06,10.0,0.0,1.9638773665064946e-06,0.09965302050113678,0.015441322699189186,0.0558752603828907,0.03420281782746315,0.0,0.0008109200280159712,0.0,0.015441322699189186,0.0007294562671823416,9.686189519922064e-05,1.9572853308049306e-05,1.9710168512385018e-05,1.9749888167900883e-05,7.200525553841585e-06
23,dark_structures,homogeneous_bright,a0_s0.01,0.0558752603828907,0.002632714342325926,0.018521178513765335,17.323313823548936,0.024034492671489716,0.013007860630750656,0.02289241924881935,0.012632879428565502,0.025176575407385826,0.013382838107645512,0.057346802204847336,,96,0.012532551772892475,0.0,True,0.01269709162561179,0.0016423956485126555,5.904936713479842e-07,1.0755966465004241e-06,7.511273953634438e-07,2.0820600376509173e-05,0.0,0.01,0.001898215152323246,0.09965302050113678,0.04854873567819595,0.0558752603828907,0.0021472270600497723,0.0,0.28930991888046265,0.0,0.04854873567819595,0.004684366438790609,0.014425971750131595,3.1950914959576087e-06,6.298208071960758e-06,4.2529660016915605e-06,0.00019840949573257565
23,dark_structures,homogeneous_bright,a0_s0.1,0.0558752603828907,0.004406927153468132,0.014313902705907822,18.442419390873525,0.017778385430574417,0.0108494246378541,0.01704828068614006,0.010493239387869835,0.01850847713649273,0.011205613613128662,0.052162155508995056,,96,0.012532551772892475,0.0,True,3.0002736124376236e-05,1.3971095636751687e-07,2.5625490762667482e-06,1.0578307442254685e-06,4.167568437344782e-06,3.756704693510001e-08,0.0,0.1,0.022530248388648033,0.09965302050113678,0.006398926489055157,0.0558752603828907,0.0037670342717319727,0.0,0.21812158823013306,0.0,0.006398926489055157,1.2585742180323152e-05,1.4146123238218558e-06,1.5035340208440496e-05,7.550620770928856e-06,1.819193941693302e-05,3.7356887533370983e-07
23,dark_structures,homogeneous_bright,a0_s1,0.0558752603828907,0.021310342475771904,0.004804449621587992,23.183563561739412,0.005541157443076372,0.004067741800099611,0.005378600675612688,0.004013943485915661,0.005703715141862631,0.004121540114283562,0.039332952350378036,,96,0.012532551772892475,0.0,True,3.392454733198482e-05,7.391864058469174e-06,3.0892573917936664e-06,3.023745316075263e-06,1.7349149813935945e-06,9.892646082200426e-07,0.0,1.0,0.2818155288696289,0.3381842374801636,0.00912865623831749,0.0558752603828907,0.012181686237454414,0.0,0.03375760838389397,0.0,0.00912865623831749,1.4432147426385344e-05,3.2509659439204634e-05,1.5194051104501975e-05,1.1709193995875087e-05,8.941745408622137e-06,7.3544384210366754e-06
23,dark_structures,homogeneous_bright,a0.1_s0.1,0.0558752603828907,0.015858160331845284,0.007119201123714447,21.475687376873083,0.008540990762412548,0.005697408225387335,0.007990500889718533,0.005502939224243164,0.009091483429074287,0.005891881417483091,0.03833866864442825,,96,0.012532551772892475,0.0,True,0.000824517198091974,6.973080786987897e-06,4.593638663873328e-06,3.5738262794391723e-06,3.4081668651287132e-06,1.7682891909593921e-06,0.1,0.1,0.027027186006307602,0.09965302050113678,0.012266486883163452,0.0558752603828907,0.009905945509672165,0.0,0.04725566506385803,0.0,0.012266486883163452,0.0002971593505186577,2.663326681763559e-05,2.2188504038326063e-05,1.3845744763881765e-05,1.1854439434115994e-05,1.0232493243833599e-05
23,dark_structures,homogeneous_bright,a1_s0.1,0.0558752603828907,0.026936151087284088,0.009313431568443775,20.30890272117441,0.010470224544405937,0.008156637661159039,0.01009096298366785,0.008115405216813087,0.010849487036466599,0.00819787010550499,0.023384030908346176,,96,0.012532551772892475,0.0,True,0.005376055235560975,3.7267735781357995e-05,2.8539420362250566e-06,4.61606068824907e-06,3.853121659547539e-06,7.01208232412759e-06,1.0,0.1,0.025686955079436302,0.09965302050113678,0.021243663504719734,0.0558752603828907,0.019093314185738564,0.0,0.0057184696197509766,0.0,0.021243663504719734,0.0019428455585568556,0.00011241137585278842,1.1980355310987737e-05,1.958846612072096e-05,1.7258097763304206e-05,2.666263647070079e-05
23,dark_structures,homogeneous_bright,a1_s1,0.0558752603828907,0.03516337275505066,0.008587128482758999,20.661520390302634,0.008207833394408226,0.00896642729640007,0.008255809545516968,0.009106182493269444,0.008159846998751163,0.00882667489349842,0.02248387038707733,,96,0.012532551772892475,0.0,True,2.4190050754299804e-05,3.0394287048595678e-06,4.105428455993865e-06,4.050040866076038e-06,1.86432845295086e-06,2.1057979265192656e-06,1.0,1.0,0.3110409080982208,0.34078651666641235,0.008206138387322426,0.0558752603828907,0.02087542787194252,0.0,0.006081808358430862,0.0,0.008206138387322426,9.835207420052215e-06,1.1243941074383684e-05,1.811486095224564e-05,1.3423979102453822e-05,8.855751629525749e-06,1.2855998609823938e-05
23,dark_structures,left_right,identity,0.08598116040229797,0.08598116040229797,0.058243587613105774,12.347518817618505,0.05246562883257866,0.0640215277671814,0.05373656377196312,0.06473135948181152,0.05119471251964569,0.06331169605255127,0.0,,0,0.007107204757630825,0.007107204757630825,True,0.0,9.028655815484188e-17,9.028655815484188e-17,9.028655815484188e-17,9.028655815484188e-17,9.028655815484188e-17,0.0,0.0,0.0,0.0,0.0,0.08598116040229797,0.08598116040229797,0.0,0.0,0.0,0.0,0.0,0.0,0.0,0.0,0.0,0.0
23,dark_structures,left_right,global,0.08598116040229797,0.009223392233252525,0.0187944695353508,17.259699275251148,0.01810562051832676,0.01948331668972969,0.01781192421913147,0.018971774727106094,0.018399309366941452,0.019994860514998436,0.046576522290706635,,6,0.007107204757630825,0.0,True,1.0357328306833401e-16,1.3010416648896066e-16,3.6777031786891056e-16,3.442205427481887e-16,4.517776341650392e-16,1.364634073352221e-16,0.0,0.0,0.0021731273736804724,0.18622766435146332,-0.0,0.08598116040229797,0.009223392233252525,0.0,0.3248916268348694,0.0,-0.0,0.0,0.0,0.0,0.0,0.0,0.0
23,dark_structures,left_right,a0_s0,0.08598116040229797,0.0025885822251439095,0.020265940576791763,16.932332351085194,0.027390383183956146,0.013141494244337082,0.026286907494068146,0.01266307383775711,0.02849387191236019,0.013619903475046158,0.08277760446071625,,96,0.007107204757630825,0.0,True,0.5657459707354494,0.007553214800232543,0.021334094847567858,0.02140932082968834,0.021460197839688413,0.0009334808394555887,0.0,0.0,0.00038300282903946936,0.08422069996595383,0.3902505040168762,0.08598116040229797,0.0025885822251439095,0.0,0.27327224612236023,0.0,0.3902505040168762,0.20910535198444763,0.05463312427450757,0.061403852594848075,0.06161420594208995,0.06172491028236689,0.009234767345207324
23,dark_structures,left_right,a0.01_s0,0.08598116040229797,0.005197582766413689,0.01926206797361374,17.152970888980384,0.025584988296031952,0.0129391485825181,0.024527085945010185,0.012464757077395916,0.026642896234989166,0.013413537293672562,0.0797763541340828,,96,0.007107204757630825,0.0,True,0.6384287829409799,0.012430941648274718,0.007228527764329533,0.007274035293886212,0.007296457042750718,0.004032580990703318,0.01,0.0,0.00027045514434576035,0.08422069996595383,0.3431885242462158,0.08598116040229797,0.003003736725077033,0.0,0.2193845957517624,0.0,0.3431885242462158,0.22413574213329118,0.07554056267971118,0.021330587572609222,0.021454082336766107,0.02149787665923028,0.03204470033286642
23,dark_structures,left_right,a0.1_s0,0.08598116040229797,0.01671585626900196,0.012350923381745815,19.083005723957342,0.014420396648347378,0.010281451977789402,0.013937645591795444,0.009868767112493515,0.014903147704899311,0.01069413498044014,0.0630708858370781,,96,0.007107204757630825,0.0,True,0.4202143663385886,0.014115454848433137,0.0028048556071872052,0.002830875034636615,0.002838069315625653,0.0066416936651392125,0.1,0.0,4.506370169110596e-05,0.08422069996595383,0.24149248003959656,0.08598116040229797,0.008308329619467258,0.0,0.08407526463270187,0.0,0.24149248003959656,0.13135235056166522,0.06420073000714667,0.0073526239636051574,0.007414857160569128,0.007427502447044957,0.03238464739088637
23,dark_structures,left_right,a1_s0,0.08598116040229797,0.046119749546051025,0.012674684636294842,18.970628377083003,0.012601281516253948,0.012748077511787415,0.01295557338744402,0.012468078173696995,0.012246989645063877,0.013028092682361603,0.024147430434823036,,96,0.007107204757630825,0.0,True,0.15333510567966743,0.004043344246518983,0.0006098629414892467,0.000614448974764498,0.0006151133230115448,0.001723983071895431,1.0,0.0,8.477787218907906e-07,0.08422069996595383,0.10246436297893524,0.08598116040229797,0.03032778762280941,0.0,0.015791961923241615,0.0,0.10246436297893524,0.04528339922798745,0.01155751822420247,0.0014753629410064245,0.001486568138515573,0.001488127049972337,0.006241766189221309
23,dark_structures,left_right,a10_s0,0.08598116040229797,0.07481994479894638,0.03948497027158737,14.03568184633074,0.04377301037311554,0.03519695624709129,0.04486645758152008,0.03528071939945221,0.04267957806587219,0.035113174468278885,0.0027759913355112076,,96,0.007107204757630825,0.0,True,0.008975896863310412,0.00016038484844936829,2.9837070210313355e-05,3.0044973660612363e-05,3.006633573066027e-05,7.12196927320395e-05,10.0,0.0,1.662472527641512e-06,0.08422069996595383,0.020786087960004807,0.08598116040229797,0.06692464649677277,0.0,0.0007895300514064729,0.0,0.020786087960004807,0.002666828977284143,0.0003964139791501224,7.406457955675174e-05,7.458296080079807e-05,7.46357473882826e-05,0.00019660133542623065
23,dark_structures,left_right,a0_s0.01,0.08598116040229797,0.004068867303431034,0.018731195479631424,17.274345037972832,0.023949308320879936,0.013513083569705486,0.023048698902130127,0.013123197481036186,0.024849921464920044,0.013902965933084488,0.07708168029785156,,96,0.007107204757630825,0.0,True,0.8770900514779041,0.0004428505356698319,9.753166959514523e-05,0.00010022624629298901,0.00010204452583467103,7.205109910136168e-05,0.0,0.01,0.001794931711629033,0.08422069996595383,0.1204763650894165,0.08598116040229797,0.002864103764295578,0.0,0.28745314478874207,0.0,0.1204763650894165,0.27830202749279737,0.004335881846724233,0.0002972236007316581,0.00030736599111624765,0.00031155197500574224,0.0006863281420276122
23,dark_structures,left_right,a0_s0.1,0.08598116040229797,0.009588044136762619,0.015559135004878044,18.08014550858569,0.017203718423843384,0.01391455065459013,0.016519663855433464,0.013552110642194748,0.01788778230547905,0.01427699625492096,0.06368599832057953,,96,0.007107204757630825,0.0,True,0.4985392264524917,3.476896654731272e-07,3.892108945729086e-06,3.910079687240347e-06,2.0923838842641934e-06,3.262437344395024e-08,0.0,0.1,0.02390146814286709,0.08422069996595383,0.04753599688410759,0.08598116040229797,0.004834444262087345,0.0,0.2443656176328659,0.0,0.04753599688410759,0.1493209130777623,2.7319745789511652e-06,1.411953602896768e-05,1.393503394476678e-05,9.023148137370573e-06,3.0618221845411787e-07
23,dark_structures,left_right,a0_s1,0.08598116040229797,0.03274298831820488,0.018346616998314857,17.36444005221876,0.020895935595035553,0.015797307714819908,0.02126392163336277,0.015583599917590618,0.02052793838083744,0.016011007130146027,0.024637535214424133,,96,0.007107204757630825,0.0,True,0.0001248970911443163,1.6882065877864496e-06,4.961257250715094e-06,3.881631534875517e-06,3.3380726823628364e-06,2.0092165840248653e-07,0.0,1.0,0.2801257073879242,0.327599436044693,0.008387060835957527,0.08598116040229797,0.024355927482247353,0.0,0.09248874336481094,0.0,0.008387060835957527,4.71945791784339e-05,9.830033479596402e-06,2.0208345885827596e-05,1.4766770614601325e-05,1.4690603596870702e-05,2.0721428506259745e-06
23,dark_structures,left_right,a0.1_s0.1,0.08598116040229797,0.02622319385409355,0.009831173345446587,20.07394646253042,0.00874295737594366,0.010919389314949512,0.008457410149276257,0.010679622180759907,0.00902850553393364,0.011159158311784267,0.049433834850788116,,96,0.007107204757630825,0.0,True,0.452484270106531,0.0004711064370633742,7.210571356499147e-06,2.0890647905032058e-06,1.9010493456159525e-05,2.053609039001747e-06,0.1,0.1,0.02582446113228798,0.08422069996595383,0.055262546986341476,0.08598116040229797,0.011677057482302189,0.0,0.09019879251718521,0.0,0.055262546986341476,0.1356772744238637,0.002053827856218629,2.9925102658262166e-05,9.709339659198282e-06,4.7832305398669765e-05,1.3136957809908224e-05
23,dark_structures,left_right,a1_s0.1,0.08598116040229797,0.05314214527606964,0.014633066020905972,18.34664667965412,0.015431882813572884,0.013834250159561634,0.015717046335339546,0.014105788432061672,0.015146717429161072,0.01356271468102932,0.01940128393471241,,96,0.007107204757630825,0.0,True,0.133620956219535,0.0023126529352904732,3.390856263248683e-05,4.353007921364375e-05,3.32146297812312e-05,0.00036489675653379245,1.0,0.1,0.024005111306905746,0.08422069996595383,0.05160405486822128,0.08598116040229797,0.034734345972537994,0.0,0.013247394002974033,0.0,0.05160405486822128,0.03901769192376693,0.006556826720575264,8.774307010509094e-05,0.00010423522395218702,8.887763500549316e-05,0.0010802644257425602
23,dark_structures,left_right,a1_s1,0.08598116040229797,0.07424893230199814,0.030683375895023346,15.130968594583049,0.03778114542365074,0.023585597053170204,0.038642920553684235,0.02366936020553112,0.03691937029361725,0.023501845076680183,0.007062685210257769,,96,0.007107204757630825,0.0,True,0.00029252607329923976,1.0053748506242663e-05,1.8254892087334824e-06,4.3447957660594105e-06,3.0533178916659134e-06,9.226807965164179e-06,1.0,1.0,0.2992647886276245,0.32765236496925354,0.010418452322483063,0.08598116040229797,0.05239659920334816,0.0,0.011433880776166916,0.0,0.010418452322483063,9.100604084117874e-05,3.72309602943979e-05,8.70993234138472e-06,1.735991437687851e-05,1.279666594151027e-05,3.2963920084450045e-05
23,dark_structures,quadrants,identity,0.07937437295913696,0.07937437295913696,0.058253202587366104,12.34680193430057,0.05240240693092346,0.06410399079322815,0.05373656377196312,0.06473135948181152,0.051068264991045,0.06347662210464478,0.0,,0,0.0067274305038154125,0.0067274305038154125,True,0.0,9.028655815484188e-17,9.028655815484188e-17,9.028655815484188e-17,9.028655815484188e-17,9.028655815484188e-17,0.0,0.0,0.0,0.0,0.0,0.07937437295913696,0.07937437295913696,0.0,0.0,0.0,0.0,0.0,0.0,0.0,0.0,0.0,0.0
23,dark_structures,quadrants,global,0.07937437295913696,0.008305754512548447,0.021404551342129707,16.69493870921446,0.02520989626646042,0.0175991989672184,0.01750475913286209,0.02075306884944439,0.032915033400058746,0.014445345848798752,0.04388008266687393,,6,0.0067274305038154125,0.0,True,5.0273005416466305e-17,1.2085004940510838e-16,3.903096770392904e-16,3.5782200992580447e-16,3.898730781702703e-16,1.3126064928543795e-16,0.0,0.0,0.002083993051201105,0.1532006710767746,-0.0,0.07937437295913696,0.008305754512548447,0.0,0.3166483938694,0.0,-0.0,0.0,0.0,0.0,0.0,0.0,0.0
23,dark_structures,quadrants,a0_s0,0.07937437295913696,0.002997700124979019,0.020491663366556168,16.88422787250505,0.026857631281018257,0.014125693589448929,0.025750581175088882,0.01476333662867546,0.02796468511223793,0.013488039374351501,0.07407469302415848,,96,0.0067274305038154125,0.0,True,0.435848009382871,0.006296346612408314,0.020792574101818288,0.02080697121146798,0.020877098478171933,0.0012404691214202078,0.0,0.0,0.0003814530500676483,0.07268653064966202,0.5454244613647461,0.07937437295913696,0.002997700124979019,0.0,0.29408419132232666,0.0,0.5454244613647461,0.2096280762414436,0.04622359945331788,0.07738847788693054,0.07753188376730846,0.07773297524134355,0.010992019539624254
23,dark_structures,quadrants,a0.01_s0,0.07937437295913696,0.0057289176620543,0.019589504227042198,17.079765550305005,0.02564687840640545,0.013532130047678947,0.023345762863755226,0.014869645237922668,0.027947992086410522,0.012194611132144928,0.0707387626171112,,96,0.0067274305038154125,0.0,True,0.4852371095503151,0.009028478667344098,0.006004999408868544,0.006019832553191603,0.006046823806648346,0.0050234098772149235,0.01,0.0,0.0002998009149450809,0.07268653064966202,0.4208533763885498,0.07937437295913696,0.003436010330915451,0.0,0.22929073870182037,0.0,0.4208533763885498,0.20700264145302863,0.06010120282947945,0.02097785076487341,0.02104486156477463,0.021105329734620135,0.036713513920539106
23,dark_structures,quadrants,a0.1_s0,0.07937437295913696,0.017805714160203934,0.014163792133331299,18.48820455537876,0.018053017556667328,0.010274569503962994,0.012211966328322887,0.013112434186041355,0.023894064128398895,0.007436704356223345,0.05392756313085556,,96,0.0067274305038154125,0.0,True,0.3199751132966209,0.010468814088222604,0.0019127194558549159,0.001921732902671891,0.0019315294096552797,0.008578481025159469,0.1,0.0,2.0570989363477565e-05,0.07268653064966202,0.3033129572868347,0.07937437295913696,0.009167967364192009,0.0,0.08637747913599014,0.0,0.3033129572868347,0.11468658222547143,0.05178863075124607,0.005898172419581736,0.005925405738172113,0.005942479459026936,0.04292201314988415
23,dark_structures,quadrants,a1_s0,0.07937437295913696,0.04586634412407875,0.017779575660824776,17.500786084030047,0.01879412867128849,0.01676502823829651,0.014480720274150372,0.015147123485803604,0.02310752123594284,0.01838294044137001,0.01947636529803276,,96,0.0067274305038154125,0.0005425347480922937,True,0.11620308588176696,0.0028173379044167143,0.000457152167035984,0.0004590827091811337,0.0004601447287204559,0.001310483811322892,1.0,0.0,9.528700388727884e-07,0.07268653064966202,0.1291602998971939,0.07937437295913696,0.03157653659582138,0.0,0.01428980752825737,0.0,0.1291602998971939,0.037818645008799404,0.008785358904204817,0.0012267315983943573,0.0012323282130718822,0.0012345335163532955,0.00506097792675035
23,dark_structures,quadrants,a10_s0,0.07937437295913696,0.07069363445043564,0.04302958771586418,13.662328150511406,0.04075438156723976,0.04530477151274681,0.04551214724779129,0.036530815064907074,0.03599662706255913,0.05407874286174774,0.0019935595337301493,,96,0.0067274305038154125,0.0,True,0.006795678205762874,0.00011568913988423933,2.2608228080563863e-05,2.2740714839047607e-05,2.27862913405487e-05,3.365546460804295e-05,10.0,0.0,1.5033114095786004e-06,0.07268653064966202,0.025558672845363617,0.07937437295913696,0.06430836766958237,0.0,0.0006385268643498421,0.0,0.025558672845363617,0.002161172952638149,0.00031228837880237307,6.011375804860377e-05,6.049033858457279e-05,6.058780830215886e-05,0.00011007680920199137
23,dark_structures,quadrants,a0_s0.01,0.07937437295913696,0.004790191538631916,0.019375644624233246,17.12743839681508,0.025105595588684082,0.013645689934492111,0.0209827683866024,0.015326793305575848,0.029228439554572105,0.011964586563408375,0.06875703483819962,,96,0.0067274305038154125,0.0,True,0.6354700158272116,0.0004520214159486682,4.3786648889385004e-06,2.636169883863423e-06,2.7601093550176714e-06,2.720206776028258e-05,0.0,0.01,0.0022377329878509045,0.07268653064966202,0.14435040950775146,0.07937437295913696,0.003346687415614724,0.0,0.2948415279388428,0.0,0.14435040950775146,0.23387851174396898,0.004215333031259984,2.130593567915838e-05,1.4356091981995032e-05,1.4013591047425647e-05,0.00023602263114995544
23,dark_structures,quadrants,a0_s0.1,0.07937437295913696,0.010415363125503063,0.02103116735816002,16.771366206500137,0.026009676977992058,0.01605265960097313,0.016289791092276573,0.01882360503077507,0.03572956100106239,0.013281702995300293,0.04306374490261078,,96,0.0067274305038154125,0.0,True,0.01216556774251821,5.20264776451969e-08,4.350587301507819e-06,3.0487598382605627e-06,5.282102016292104e-06,1.1457348649405999e-08,0.0,0.1,0.022650763392448425,0.07268653064966202,0.018016912043094635,0.07937437295913696,0.008613672107458115,0.0,0.2603789269924164,0.0,0.018016912043094635,0.00394345047840322,5.011248564862318e-07,2.3430186423752592e-05,1.5564564170712773e-05,2.1718522891552507e-05,1.2980216229640755e-07
23,dark_structures,quadrants,a0_s1,0.07937437295913696,0.03101244755089283,0.02180781029164791,16.613879394646858,0.022302623838186264,0.021313004195690155,0.02004324644804001,0.020021285861730576,0.02456197887659073,0.02260473370552063,0.02127738855779171,,96,0.0067274305038154125,0.0,True,3.791965579916924e-05,1.4250296641876772e-06,2.751314194588932e-06,2.5048987943156676e-06,4.8753262172349105e-06,8.454892528256747e-07,0.0,1.0,0.2721337378025055,0.3244098424911499,0.00801841914653778,0.07937437295913696,0.02299402840435505,0.0,0.08982554823160172,0.0,0.00801841914653778,1.597658845364694e-05,1.0647610300215666e-05,1.1514014162634605e-05,1.3012129760040986e-05,1.8410502255211547e-05,5.794533105216299e-06
23,dark_structures,quadrants,a0.1_s0.1,0.07937437295913696,0.02916550263762474,0.016068704426288605,17.940191377479188,0.019473904743790627,0.012663502246141434,0.009705823846161366,0.015894537791609764,0.02924198843538761,0.009432462975382805,0.03567386418581009,,96,0.0067274305038154125,0.0,True,0.16306176815100856,4.836993666346255e-06,6.741279379872697e-06,5.53281384107649e-06,4.1749028636713265e-06,1.79557774095353e-06,0.1,0.1,0.022206727415323257,0.07268653064966202,0.061923086643218994,0.07937437295913696,0.01345020905137062,0.0,0.09522983431816101,0.0,0.061923086643218994,0.05573445004606569,2.669770689067355e-05,2.0685459629850554e-05,2.0674122523886662e-05,1.3753062267162148e-05,1.3756329164435433e-05
23,dark_structures,quadrants,a1_s0.1,0.07937437295913696,0.05426503345370293,0.022391553968191147,16.499157654476925,0.0234051663428545,0.021377941593527794,0.020140457898378372,0.017764609307050705,0.026669880375266075,0.024991273880004883,0.013614384457468987,,96,0.0067274305038154125,0.00016276042151730508,True,0.08123024647541092,0.0006704245928672445,8.374297933301466e-06,2.803411407218468e-05,5.742118391241448e-06,1.0209823255243392e-05,1.0,0.1,0.022572902962565422,0.07268653064966202,0.058258578181266785,0.07937437295913696,0.03730156272649765,0.0,0.011137612164020538,0.0,0.058258578181266785,0.026461500384746123,0.002055875325046773,2.605335021398439e-05,8.187564347349207e-05,1.6305422769371815e-05,3.7569674764168516e-05
23,dark_structures,quadrants,a1_s1,0.07937437295913696,0.0707324743270874,0.034852221608161926,14.577695331638466,0.031808093190193176,0.03789634630084038,0.03687433525919914,0.030805017799139023,0.02674185112118721,0.04498765990138054,0.004863575100898743,,96,0.0067274305038154125,0.0,True,0.00017083525235774043,5.45187702675934e-06,3.1127762358774177e-06,2.797091332067016e-06,4.354697543039184e-06,3.3851559665911447e-06,1.0,1.0,0.2864854037761688,0.3324171304702759,0.00955735519528389,0.07937437295913696,0.050443194806575775,0.0,0.010731927119195461,0.0,0.00955735519528389,6.297189916651093e-05,2.340777111374514e-05,9.503318202770625e-06,1.414987725992624e-05,1.6470059330678886e-05,1.4660715725547958e-05
23,dark_structures,smooth_gradient,identity,0.0477990061044693,0.0477990061044693,0.02120225690305233,16.73617907544234,0.020675882697105408,0.021728629246354103,0.021003901958465576,0.02193918451666832,0.020347870886325836,0.021518077701330185,0.0,,0,0.00021701389050576836,0.00021701389050576836,True,0.0,9.028655815484188e-17,9.028655815484188e-17,9.028655815484188e-17,9.028655815484188e-17,9.028655815484188e-17,0.0,0.0,0.0,0.0,0.0,0.0477990061044693,0.0477990061044693,0.0,0.0,0.0,0.0,0.0,0.0,0.0,0.0,0.0,0.0
23,dark_structures,smooth_gradient,global,0.0477990061044693,0.005005191080272198,0.0183245986700058,17.369655281362494,0.019219644367694855,0.01742955669760704,0.018554024398326874,0.016956262290477753,0.01988525688648224,0.017902856692671776,0.026937030255794525,,6,0.00021701389050576836,0.0,True,8.159466040860357e-17,1.0405931523773869e-16,3.8616872114016685e-16,3.584778014416363e-16,4.1382190166034236e-16,1.5091858968469045e-16,0.0,0.0,0.0013228979660198092,0.07890791445970535,-0.0,0.0477990061044693,0.005005191080272198,0.0,0.3115280568599701,0.0,-0.0,0.0,0.0,0.0,0.0,0.0,0.0
23,dark_structures,smooth_gradient,a0_s0,0.0477990061044693,0.0018735966878011823,0.019868161529302597,17.018423178231995,0.027131186798214912,0.012605143710970879,0.02600017935037613,0.01204682607203722,0.028262175619602203,0.013163472525775433,0.04355521872639656,,96,0.00021701389050576836,0.0,True,0.1702958952166437,0.014144886377975016,0.01659032914806736,0.016603648912269647,0.016653590438321656,0.0008973840535193046,0.0,0.0,0.00027208265964873135,0.052915628999471664,0.35931670665740967,0.0477990061044693,0.0018735966878011823,0.0,0.23529650270938873,0.0,0.35931670665740967,0.06870635956144622,0.0951206453188865,0.04638171843670671,0.04642544203520685,0.04654439460632073,0.008712934421349001
23,dark_structures,smooth_gradient,a0.01_s0,0.0477990061044693,0.0039057740941643715,0.018108312040567398,17.421220303945383,0.024781668558716774,0.011434948071837425,0.023603560402989388,0.010891205631196499,0.025959787890315056,0.011978693306446075,0.041351478546857834,,96,0.00021701389050576836,0.0,True,0.20134472815268592,0.022647316755146116,0.0028971380859006885,0.0029004707613611205,0.002916892995795082,0.010847520345595383,0.01,0.0,0.00018192484276369214,0.052915628999471664,0.2703207731246948,0.0477990061044693,0.0023163321893662214,0.0,0.15894420444965363,0.0,0.2703207731246948,0.06305982310850294,0.12599036462526816,0.007022920215053184,0.00702830781998893,0.007069933838945413,0.07307780463350838
23,dark_structures,smooth_gradient,a0.1_s0,0.0477990061044693,0.011148415505886078,0.010383368469774723,19.836617341061636,0.014741758815944195,0.006024973466992378,0.014099795371294022,0.005581235513091087,0.015383733436465263,0.006468710023909807,0.0323345847427845,,96,0.00021701389050576836,0.0,True,0.17948854822025762,0.010955578138975068,0.0010891635202219016,0.0010911684069973774,0.0010968201846663767,0.007510036286059279,0.1,0.0,6.349221735035826e-07,0.052915628999471664,0.18504226207733154,0.0477990061044693,0.006490467116236687,0.0,0.04657948017120361,0.0,0.18504226207733154,0.05081365513279983,0.044782740482577854,0.0024952290588957588,0.0024982840631802747,0.0025116614498286766,0.03471926684458069
23,dark_structures,smooth_gradient,a1_s0,0.0477990061044693,0.026708394289016724,0.004303842782974243,23.6614360159209,0.0035220214631408453,0.005085664335638285,0.0035212214570492506,0.004875468090176582,0.0035228203050792217,0.0052958601154387,0.01325749047100544,,96,0.00021701389050576836,0.0,True,0.09025588844975391,0.0024078702060504184,0.0003582611673175643,0.00035855344275670257,0.00035895125161254133,0.000818156818435045,1.0,0.0,7.342936783061305e-07,0.052915628999471664,0.08481353521347046,0.0477990061044693,0.017926322296261787,0.0,0.00878207292407751,0.0,0.08481353521347046,0.02555921944274512,0.006791165704585438,0.0008280593991803955,0.0008286789421570318,0.0008297308011811488,0.0028899323656771435
23,dark_structures,smooth_gradient,a10_s0,0.0477990061044693,0.04273145645856857,0.013961642980575562,18.55063471726303,0.015245177783071995,0.012678112834692001,0.015507236123085022,0.012684140354394913,0.01498312409967184,0.012672072276473045,0.0009962945478037,,96,0.00021701389050576836,0.0,True,0.005117318995995914,0.0001056112188068527,1.7213640351635936e-05,1.7225026729340138e-05,1.7236996920927814e-05,4.076576576243996e-05,10.0,0.0,1.3000293392906315e-06,0.052915628999471664,0.01768956333398819,0.0477990061044693,0.038734886795282364,0.0,0.0003996568557340652,0.0,0.01768956333398819,0.0014821434200656101,0.00025838464036043467,4.150865276123653e-05,4.15346326188791e-05,4.157147227541025e-05,0.00011739780521939243
23,dark_structures,smooth_gradient,a0_s0.01,0.0477990061044693,0.0028047114610671997,0.01948022097349167,17.104061210188114,0.026300154626369476,0.01266027893871069,0.02531164512038231,0.012312457896769047,0.02728867530822754,0.013008106499910355,0.04185301810503006,,96,0.00021701389050576836,0.0,True,0.36473866686151596,0.0005033694711598916,6.6701244025962994e-06,1.7882832055356614e-06,6.255058060646253e-06,1.7739151278576272e-05,0.0,0.01,0.0021965247578918934,0.052915628999471664,0.08010061830282211,0.0477990061044693,0.0020037053618580103,0.0,0.2557481825351715,0.0,0.08010061830282211,0.10668258370782022,0.004753713130968008,2.2822817164007917e-05,7.496555047506937e-06,2.2577372280014955e-05,0.00014868756372976588
23,dark_structures,smooth_gradient,a0_s0.1,0.0477990061044693,0.006949059199541807,0.015872890129685402,17.993439898741862,0.01905999518930912,0.01268578227609396,0.01827341318130493,0.012336498126387596,0.019846580922603607,0.013035067357122898,0.030461613088846207,,96,0.00021701389050576836,0.0,True,0.10958608558251372,4.6210801729048117e-07,2.2244803216768303e-06,9.188673919633253e-06,8.974519940023125e-06,7.106886904638188e-08,0.0,0.1,0.02129967138171196,0.052915628999471664,0.027493419125676155,0.0477990061044693,0.004199717193841934,0.0,0.2093024104833603,0.0,0.027493419125676155,0.032675376340754514,4.080707171283411e-06,8.666154000861022e-06,3.235776073882601e-05,2.8856408190346964e-05,8.978544829840818e-07
23,dark_structures,smooth_gradient,a0_s1,0.0477990061044693,0.026959527283906937,0.01289607398211956,18.895424840738695,0.010732854716479778,0.015059300698339939,0.01071250345557928,0.01506697665899992,0.010753203183412552,0.015051616355776787,0.008400465361773968,,96,0.00021701389050576836,0.0,True,7.088527189122566e-05,1.925244226639764e-06,3.4902229812138503e-06,5.3309126490629215e-06,8.581733610231356e-06,1.0113588687038791e-06,0.0,1.0,0.2879646122455597,0.3214663863182068,0.008442158810794353,0.0477990061044693,0.01851736754179001,0.0,0.05189700797200203,0.0,0.008442158810794353,2.678312474779245e-05,8.437567538707022e-06,1.4940705141071006e-05,1.984627868515232e-05,3.0187905776111373e-05,6.169540058165124e-06
23,dark_structures,smooth_gradient,a0.1_s0.1,0.0477990061044693,0.018720148131251335,0.0076118092983961105,21.185121007964362,0.009102698415517807,0.006120922043919563,0.00867315474897623,0.005917306058108807,0.00953223742544651,0.006324536167085171,0.02319924533367157,,96,0.00021701389050576836,0.0,True,0.18824087489404487,3.575352028889678e-05,7.690870716484874e-06,9.92285677537542e-06,3.0246423147317943e-06,3.0712152549877594e-06,0.1,0.1,0.024463752284646034,0.052915628999471664,0.042024172842502594,0.0477990061044693,0.0094226049259305,0.0,0.05095124617218971,0.0,0.042024172842502594,0.053029766586261406,0.00013874605585753255,2.234280917869247e-05,2.740717363256015e-05,1.0060198256527103e-05,1.3829021185265565e-05
23,dark_structures,smooth_gradient,a1_s0.1,0.0477990061044693,0.03242212161421776,0.004803068470209837,23.1848122222584,0.0038753647822886705,0.005730773787945509,0.003921689931303263,0.0057438211515545845,0.00382903846912086,0.005717724096029997,0.00961272045969963,,96,0.00021701389050576836,0.0,True,0.07763833859268664,0.0007905370634657653,1.7292177815323087e-05,2.614923518624546e-05,1.5801889165615868e-05,1.2307294765496133e-05,1.0,0.1,0.0217431727796793,0.052915628999471664,0.040164388716220856,0.0477990061044693,0.021601375192403793,0.0,0.006804307922720909,0.0,0.040164388716220856,0.021708472810419238,0.0021570162072586684,4.531715996911498e-05,6.821098148423091e-05,4.303015830304477e-05,4.0831665898525186e-05
23,dark_structures,smooth_gradient,a1_s1,0.0477990061044693,0.04912372678518295,0.01538771390914917,18.128258967629897,0.013587749563157558,0.01718769036233425,0.013862615451216698,0.01750529743731022,0.01331287994980812,0.016870059072971344,0.001302062184549868,,96,0.00021701389050576836,0.0,True,0.00033076317295167726,1.3173258424593862e-05,4.222939787574098e-06,1.9473402124088545e-06,6.706174338056165e-06,2.4921576024954615e-06,1.0,1.0,0.27820539474487305,0.3471226394176483,0.009582445956766605,0.0477990061044693,0.03451012447476387,0.0,0.005031157750636339,0.0,0.009582445956766605,9.865267447835838e-05,4.6141542345072705e-05,1.5040999656176854e-05,7.330601028757232e-06,1.9582333737574977e-05,1.4713505930199183e-05
23,dark_structures,stripes_4,identity,0.0663517564535141,0.0663517564535141,0.05827642232179642,12.345071180824675,0.052417583763599396,0.06413523852825165,0.053683437407016754,0.06484708935022354,0.05115174874663353,0.06342341005802155,0.0,,0,0.0038519965019077063,0.0038519965019077063,True,0.0,9.028655815484188e-17,9.028655815484188e-17,9.028655815484188e-17,9.028655815484188e-17,9.028655815484188e-17,0.0,0.0,0.0,0.0,0.0,0.0663517564535141,0.0663517564535141,0.0,0.0,0.0,0.0,0.0,0.0,0.0,0.0,0.0,0.0
23,dark_structures,stripes_4,global,0.0663517564535141,0.006843324285000563,0.02425561286509037,16.15187747607108,0.027859406545758247,0.020651815459132195,0.027139738202095032,0.020366555079817772,0.02857908234000206,0.020937079563736916,0.04008816182613373,,6,0.0038519965019077063,0.0,True,5.619044785793676e-17,1.3010190769562332e-16,4.0179845465847413e-16,4.3746117731139465e-16,4.624565530337046e-16,1.2303652384000213e-16,0.0,0.0,0.0018106808420270681,0.11334755271673203,-0.0,0.0663517564535141,0.006843324285000563,0.0,0.30899578332901,0.0,-0.0,0.0,0.0,0.0,0.0,0.0,0.0
23,dark_structures,stripes_4,a0_s0,0.0663517564535141,0.005467351526021957,0.027326105162501335,15.634222646474248,0.03390452638268471,0.02074766345322132,0.03300798684358597,0.02031305804848671,0.03480109944939613,0.02118227630853653,0.04846129193902016,,96,0.0038519965019077063,0.0,True,0.10055845927483341,0.0007739178775053017,0.014949965617800877,0.014984782495849648,0.01503611647372449,4.079336434642787e-05,0.0,0.0,0.0004232780775055289,0.04075385630130768,0.29406142234802246,0.0663517564535141,0.005467351526021957,0.0,0.3384545147418976,0.0,0.29406142234802246,0.03715642414619082,0.007424443150215731,0.06043584221248572,0.060658551538487364,0.060783652327401225,0.000444333261937033
23,dark_structures,stripes_4,a0.01_s0,0.0663517564535141,0.008650286123156548,0.027134748175740242,15.664742045394123,0.03338545560836792,0.020884031429886818,0.03251500055193901,0.02048255316913128,0.03425592929124832,0.021285517141222954,0.046648263931274414,,96,0.0038519965019077063,0.0,True,0.11607022838627372,0.0006411409722884906,0.0024042240665292512,0.002417039241209375,0.002431268985508553,0.00012936964731925096,0.01,0.0,0.00033931329380720854,0.04075385630130768,0.16280803084373474,0.0663517564535141,0.005889949854463339,0.0,0.2760336101055145,0.0,0.16280803084373474,0.04296679832043151,0.006240369232467721,0.007532945867268386,0.007587482581112229,0.007624065483456968,0.0013809310761367924
23,dark_structures,stripes_4,a0.1_s0,0.0663517564535141,0.02381839230656624,0.02918819896876812,15.347927019306917,0.03327658399939537,0.02509980835020542,0.03295615315437317,0.025069234892725945,0.033597011119127274,0.02513039857149124,0.029808273538947105,,96,0.0038519965019077063,0.0,True,0.10385965547630842,0.0014094396933269718,0.0006643649636176688,0.0006696043403020829,0.0006735577119201017,0.0024977115273716742,0.1,0.0,6.1312886828091e-05,0.04075385630130768,0.17982929944992065,0.0663517564535141,0.013946011662483215,0.0,0.09872379153966904,0.0,0.17982929944992065,0.04059205380249693,0.008947052283741918,0.002112386360869543,0.002132250679320422,0.0021423290761705548,0.01990005132547579
23,dark_structures,stripes_4,a1_s0,0.0663517564535141,0.04857706278562546,0.039593957364559174,14.023710889096021,0.03762862831354141,0.04155929014086723,0.03839031606912613,0.042144980281591415,0.036866940557956696,0.04097361117601395,0.007391709368675947,,96,0.0038519965019077063,0.0,True,0.041880973106199974,0.00055928096234265,0.00017267823708929522,0.0001735831515321621,0.00017354439434775264,0.00039715103353938974,1.0,0.0,5.924710535509803e-07,0.04075385630130768,0.08066678792238235,0.0663517564535141,0.03870076686143875,0.0,0.009876294061541557,0.0,0.08066678792238235,0.015396212254846007,0.0017172328629829234,0.0005196631083417016,0.0005226494664907725,0.0005224874741637826,0.0019956961273649284
23,dark_structures,stripes_4,a10_s0,0.0663517564535141,0.06300018727779388,0.05281984806060791,12.772028524008569,0.04839785397052765,0.05724186450242996,0.04957759007811546,0.05791656672954559,0.04721812903881073,0.05656711384654045,0.0004196131194476038,,96,0.0038519965019077063,5.425347262644209e-05,True,0.0019343550618620218,2.9948605568493796e-05,6.587390143811047e-06,6.623033220955529e-06,6.612231091289528e-06,1.1948388407793424e-05,10.0,0.0,1.3019625839660875e-06,0.043747834861278534,0.01501036062836647,0.0663517564535141,0.0601150318980217,0.0,0.00028851532260887325,0.0,0.01501036062836647,0.0006482908742104347,8.000339615348756e-05,1.83885809291956e-05,1.849023946827409e-05,1.846044830197644e-05,4.2297483964776795e-05
23,dark_structures,stripes_4,a0_s0.01,0.0663517564535141,0.006167565938085318,0.026379559189081192,15.787324659294988,0.03330297768115997,0.019456129521131516,0.03238769248127937,0.019211601465940475,0.034218281507492065,0.019700663164258003,0.046132996678352356,,96,0.0038519965019077063,0.0,True,0.12719763124417208,2.2247154438025704e-05,3.3183567188472004e-06,6.684599278388387e-06,8.818236718704742e-06,2.882222438792662e-06,0.0,0.01,0.002343514934182167,0.04075385630130768,0.05566306412220001,0.0663517564535141,0.005610935389995575,0.0,0.3023214042186737,0.0,0.05566306412220001,0.04238991946659429,0.00021754091502633474,1.3236575257449091e-05,2.3396799419036418e-05,3.0542640515010564e-05,2.7323556140101926e-05
23,dark_structures,stripes_4,a0_s0.1,0.0663517564535141,0.008287996053695679,0.024187464267015457,16.164096592349246,0.02763432264328003,0.020740611478686333,0.0269372146576643,0.020528025925159454,0.02833143249154091,0.02095317468047142,0.03797556087374687,,96,0.0038519965019077063,0.0,True,0.00011004656869316702,3.968151899706508e-08,4.664094433505809e-06,1.943537528447581e-06,4.475682361760184e-06,1.0881908777522647e-08,0.0,0.1,0.022346222773194313,0.04075385630130768,0.006523622665554285,0.0663517564535141,0.007635633926838636,0.0,0.2706393003463745,0.0,0.006523622665554285,4.180780703062767e-05,4.2076924298970546e-07,2.030239324297425e-05,7.69381560359554e-06,1.4555304156409342e-05,1.365501305222743e-07
23,dark_structures,stripes_4,a0_s1,0.0663517564535141,0.028929496183991432,0.026676110923290253,15.738774853877107,0.02666432224214077,0.026687897741794586,0.02671382948756218,0.026706309989094734,0.026614822447299957,0.026669487357139587,0.016999943181872368,,96,0.0038519965019077063,0.0,True,3.4742758857381996e-05,7.574422268763312e-07,6.019524636900167e-06,4.034158552948365e-06,2.134302749082397e-06,2.31296384290111e-07,0.0,1.0,0.2780481278896332,0.33304473757743835,0.00826193392276764,0.0663517564535141,0.020667562261223793,0.0,0.07939475029706955,0.0,0.00826193392276764,1.7111545542149635e-05,4.717582159460831e-06,2.2504083809002496e-05,1.5197149445591302e-05,1.344980871412117e-05,2.381528512118691e-06
23,dark_structures,stripes_4,a0.1_s0.1,0.0663517564535141,0.028310377150774002,0.025425847619771957,15.947245601179532,0.02731766365468502,0.023534025996923447,0.026957392692565918,0.023466428741812706,0.027677930891513824,0.023601634427905083,0.023148808628320694,,96,0.0038519965019077063,0.0,True,0.008599239816649689,5.389740439923004e-06,4.150606025600329e-06,1.0873129979362354e-05,3.6218076580455355e-06,2.0276084980919623e-07,0.1,0.1,0.023535050451755524,0.04075385630130768,0.01578718237578869,0.0663517564535141,0.015598315745592117,0.0,0.11133342236280441,0.0,0.01578718237578869,0.002600155266558602,3.121286910492613e-05,1.3552725935398172e-05,3.0592036224624165e-05,1.6453389789777956e-05,2.2705461912853443e-06
23,dark_structures,stripes_4,a1_s0.1,0.0663517564535141,0.05279141291975975,0.03927096351981163,14.059284431094145,0.037386540323495865,0.0411553755402565,0.038161203265190125,0.04187314212322235,0.0366118922829628,0.04043762385845184,0.004763294477015734,,96,0.0038519965019077063,0.0,True,0.02212929059873192,3.460446234983186e-05,5.534993565486559e-06,6.65250498339366e-06,8.984471115845688e-06,6.536909509522043e-06,1.0,0.1,0.027877770364284515,0.04075385630130768,0.02615923434495926,0.0663517564535141,0.041624341160058975,0.0,0.008551148697733879,0.0,0.02615923434495926,0.007151582069505141,0.00010203213084819334,1.731672621435162e-05,1.9378009477261884e-05,3.241444941381232e-05,2.7685740752083343e-05
23,dark_structures,stripes_4,a1_s1,0.0663517564535141,0.06224318593740463,0.04066228121519089,13.9080826044027,0.03712785616517067,0.044196709990501404,0.03811164200305939,0.044290438294410706,0.03614407032728195,0.04410297051072121,0.002802998060360551,,96,0.0038519965019077063,0.0,True,0.00011634079760178285,3.0526849089615843e-06,2.383045225088871e-06,2.866710005539632e-06,3.777605042663314e-06,2.226574901009222e-06,1.0,1.0,0.30039066076278687,0.3355426788330078,0.008477417752146721,0.0663517564535141,0.04509207233786583,0.0,0.008673693984746933,0.0,0.008477417752146721,4.238685709592125e-05,1.3555827428578922e-05,1.2014061743449943e-05,1.0587065078921353e-05,1.2840998750296136e-05,9.502382035744788e-06
23,dark_structures,stripes_12,identity,0.030110104009509087,0.030110104009509087,0.05832880735397339,12.341169034754111,0.05246562883257866,0.06419196724891663,0.05373656377196312,0.06490731984376907,0.05119471251964569,0.06347661465406418,0.0,,0,0.0,0.0,True,0.0,9.028655815484188e-17,9.028655815484188e-17,9.028655815484188e-17,9.028655815484188e-17,9.028655815484188e-17,0.0,0.0,0.0,0.0,0.0,0.030110104009509087,0.030110104009509087,0.0,0.0,0.0,0.0,0.0,0.0,0.0,0.0,0.0,0.0
23,dark_structures,stripes_12,global,0.030110104009509087,0.002564463997259736,0.031122611835598946,15.069239637970341,0.034637466073036194,0.027607765048742294,0.033940840512514114,0.027326278388500214,0.03533409163355827,0.027889234945178032,0.03437042981386185,,6,0.0,0.0,True,1.766908383103302e-17,1.2824756426186138e-16,3.910211834781092e-16,3.9692491096301655e-16,4.388736527749791e-16,1.381310271130845e-16,0.0,0.0,0.0007728776545263827,0.11193230748176575,-0.0,0.030110104009509087,0.002564463997259736,0.0,0.2878325283527374,0.0,-0.0,0.0,0.0,0.0,0.0,0.0,0.0
23,dark_structures,stripes_12,a0_s0,0.030110104009509087,0.0019195029744878411,0.036715295165777206,14.351529760125327,0.04259943217039108,0.030831145122647285,0.04178008437156677,0.031230611726641655,0.04341879114508629,0.030431678518652916,0.03566912189126015,,96,0.0,0.0,True,0.03990319029462796,0.008398695838353237,0.0021760396274390615,0.0021625192972861756,0.0021614270978826465,3.4989715462521036e-05,0.0,0.0,0.00021924678003415465,0.03043564036488533,0.20472416281700134,0.030110104009509087,0.0019195029744878411,0.0,0.24780935049057007,0.0,0.20472416281700134,0.018644694896100225,0.05417755447542042,0.008077869241531076,0.008025087289731218,0.008022693747088768,0.00040221276811446005
23,dark_structures,stripes_12,a0.01_s0,0.030110104009509087,0.003973723389208317,0.04668600857257843,13.308132545550153,0.04664723947644234,0.046724751591682434,0.047766782343387604,0.04815779998898506,0.04552772268652916,0.045291706919670105,0.028012407943606377,,96,0.0,0.0,True,0.029444731731938945,0.01905475196399276,0.00016683569859171277,0.0001633251786379265,0.00016244545330024366,0.01285911960187267,0.01,0.0,0.00015281107334885746,0.03043564036488533,0.23427027463912964,0.030110104009509087,0.002412176225334406,0.0,0.15615472197532654,0.0,0.23427027463912964,0.015598301036583882,0.10763835040503217,0.0008164304412702455,0.000802633046438565,0.0007971860899882775,0.07997618071360278
23,dark_structures,stripes_12,a0.1_s0,0.030110104009509087,0.010868467390537262,0.05784960091114044,12.376996327828858,0.05723344534635544,0.05846574530005455,0.05896993353962898,0.059405021369457245,0.05549698323011398,0.05752646178007126,0.01537761464715004,,96,0.0,0.0,True,0.014933355062922307,0.008273746845121072,0.00011031242078179492,0.00011057643172377135,0.00011215366421088934,0.00813067017032524,0.1,0.0,3.575414382339659e-07,0.03043564036488533,0.1504838466644287,0.030110104009509087,0.006860691588371992,0.0,0.040077753365039825,0.0,0.1504838466644287,0.006872758203682651,0.035913626679976565,0.000421152254663834,0.00041900888799617,0.0004219958561327096,0.03650249443986504
23,dark_structures,stripes_12,a1_s0,0.030110104009509087,0.02082657627761364,0.0642123594880104,11.923813716066913,0.05930439755320549,0.06912032514810562,0.060566406697034836,0.06991800665855408,0.05804239958524704,0.06832266598939896,0.005216672085225582,,96,0.0,0.0010308159980922937,True,0.00631920352746524,0.0008435167542002647,2.6489210256126888e-05,2.6173955371857395e-05,2.7911080434247544e-05,0.0008348536941162007,1.0,0.0,3.896674627412722e-07,0.03043564036488533,0.05256432294845581,0.030110104009509087,0.01650054380297661,0.0,0.004326032940298319,0.0,0.05256432294845581,0.002400230335377696,0.0028301912407405795,8.219827772434336e-05,8.100908902152669e-05,8.594486252723765e-05,0.002773445002724415
23,dark_structures,stripes_12,a10_s0,0.030110104009509087,0.02818216383457184,0.05955033004283905,12.251158272057783,0.05347967892885208,0.06562097370624542,0.054789457470178604,0.06636963039636612,0.05216991901397705,0.06487233191728592,0.00028984129312448204,,96,0.0,0.0,True,0.0001455853567574967,1.7743260544709898e-05,5.060041511369984e-07,5.075314987657142e-07,5.102188908743405e-07,2.5545779226394022e-05,10.0,0.0,1.3351033203434781e-06,0.048535268753767014,0.007397451438009739,0.030110104009509087,0.026506906375288963,0.0,0.00016752572264522314,0.0,0.007397451438009739,5.318837664650539e-05,5.365983261318789e-05,1.5324905501136038e-06,1.5349534005180283e-06,1.541219567129272e-06,7.75803742983615e-05
23,dark_structures,stripes_12,a0_s0.01,0.030110104009509087,0.0024283600505441427,0.033232130110263824,14.784418204581396,0.038626398891210556,0.027837850153446198,0.03776921331882477,0.02763265185058117,0.03948358818888664,0.028043054044246674,0.036032453179359436,,96,0.0,0.0,True,0.036310382334933236,5.820235164947457e-06,4.340763546889869e-06,4.803420899244374e-06,3.4307290100523962e-06,1.8342685943511764e-09,0.0,0.01,0.0022968004923313856,0.03043564036488533,0.03465518355369568,0.030110104009509087,0.002081808168441057,0.0,0.2709452211856842,0.0,0.03465518355369568,0.01310542349634793,5.285126000570408e-05,1.8788207747835438e-05,2.3284206271372534e-05,1.3962093469167266e-05,2.528008523350397e-08
23,dark_structures,stripes_12,a0_s0.1,0.030110104009509087,0.004325522109866142,0.03262733668088913,14.864183755532373,0.03506492078304291,0.030189745128154755,0.03465929999947548,0.03006502240896225,0.035470545291900635,0.030314462259411812,0.028613634407520294,,96,0.0,0.0,True,6.66081861202708e-05,1.406718862160723e-07,4.55196903238942e-06,2.2302528864550867e-06,6.795196638017479e-06,2.584171929429576e-08,0.0,0.1,0.02626151777803898,0.03846419230103493,0.006137103773653507,0.030110104009509087,0.0037118117325007915,0.0,0.1957509070634842,0.0,0.006137103773653507,2.4029979016817346e-05,1.1814160515988124e-06,1.591900827499064e-05,7.815574816990822e-06,2.073817559807161e-05,3.4032702250772947e-07
23,dark_structures,stripes_12,a0_s1,0.030110104009509087,0.02005116268992424,0.04970690608024597,13.03583267923021,0.04608661308884621,0.05332719162106514,0.04682764783501625,0.053657714277505875,0.04534557834267616,0.0529966838657856,0.010500740259885788,,96,0.0,0.0,True,3.19639317453872e-05,1.6826812917003641e-06,1.4388442975193891e-06,3.4381073570494736e-06,3.6006928959494243e-06,1.0968651478652193e-06,0.0,1.0,0.3379511535167694,0.3427563011646271,0.00796700268983841,0.030110104009509087,0.012084160931408405,0.0,0.02738017775118351,0.0,0.00796700268983841,1.5218912622512933e-05,8.457555513464151e-06,6.0667078626190445e-06,1.2912465209041283e-05,1.6749346987059672e-05,7.12693967927162e-06
23,dark_structures,stripes_12,a0.1_s0.1,0.030110104009509087,0.015111902728676796,0.043511416763067245,13.613967755359436,0.041639380156993866,0.04538346827030182,0.041783031076192856,0.04572782292962074,0.04149569198489189,0.045039102435112,0.012532544322311878,,96,0.0,0.0,True,0.00034073570271113553,6.5305143659032775e-06,6.994058164855179e-06,3.334381892782389e-06,1.8011628211631728e-06,4.491168915614134e-06,0.1,0.1,0.027089178562164307,0.03793640807271004,0.010817870497703552,0.030110104009509087,0.009624565951526165,0.0,0.044055502861738205,0.0,0.010817870497703552,0.00012648493674599065,3.118904413121011e-05,2.2223109473062072e-05,1.4518709198698937e-05,7.468115642798162e-06,2.368415318543258e-05
23,dark_structures,stripes_12,a1_s0.1,0.030110104009509087,0.023628514260053635,0.06170618534088135,12.09671300719181,0.055827006697654724,0.06758532673120499,0.056865718215703964,0.06877754628658295,0.05478832498192787,0.06639311462640762,0.004048489034175873,,96,0.0,0.0,True,0.0011070106801846036,3.6228798953484466e-05,3.747872352190548e-06,2.8651897229763083e-06,1.6376068362668586e-06,4.2297129896943305e-05,1.0,0.1,0.026972994208335876,0.03752584010362625,0.014974148944020271,0.030110104009509087,0.019017688930034637,0.0,0.0031134115997701883,0.0,0.014974148944020271,0.0004065284246916392,0.0001151588740337717,1.1983394990225307e-05,9.563567623822321e-06,6.569823520402043e-06,0.0001293485559617257
23,dark_structures,stripes_12,a1_s1,0.030110104009509087,0.032746054232120514,0.061374809592962265,12.120098422067198,0.055056046694517136,0.06769358366727829,0.056621357798576355,0.06811171025037766,0.05349070951342583,0.06727543473243713,0.003942044451832771,,96,0.0,0.0,True,3.8105708196074235e-05,3.0587121259436128e-06,2.276857897928152e-06,2.4930135399788205e-06,4.149833411861555e-06,3.377860208248206e-06,1.0,1.0,0.30309373140335083,0.33870506286621094,0.009562083519995213,0.030110104009509087,0.02008574642241001,0.0,0.0030982226599007845,0.0,0.009562083519995213,1.8982129833467557e-05,1.3825683196102199e-05,9.848578990795866e-06,1.133494772615764e-05,1.7942899265821105e-05,1.4809057122664414e-05
23,high_key,clean,identity,0.06250420212745667,0.06250420212745667,0.0,,0.0,0.0,0.0,0.0,0.0,0.0,0.0,0.0,0,0.0,0.0,True,0.0,9.028655815484188e-17,9.028655815484188e-17,9.028655815484188e-17,9.028655815484188e-17,9.028655815484188e-17,0.0,0.0,0.0,0.0,0.0,0.06250420212745667,0.06250420212745667,0.0,0.0,0.0,0.0,0.0,0.0,0.0,0.0,0.0,0.0
23,high_key,clean,global,0.06250420212745667,2.478445892961645e-08,0.06288053095340729,12.014837998382193,0.06288199871778488,0.0628790557384491,0.0628868043422699,0.06287821382284164,0.06287718564271927,0.06287989020347595,0.06288053095340729,0.06288053095340729,6,0.0,0.0,True,7.701298851955116e-17,4.462361565399343e-16,3.8009718672223695e-16,3.6451997238809417e-16,4.1549102516773553e-16,2.9542664469353574e-16,0.0,0.0,3.035866939171683e-06,0.5530333518981934,-0.0,0.06250420212745667,2.478445892961645e-08,0.0,0.055034905672073364,0.0,-0.0,0.0,0.0,0.0,0.0,0.0,0.0
23,high_key,clean,a0_s0,0.06250420212745667,2.1547926110088156e-08,0.06288052350282669,12.014838512968533,0.06288138031959534,0.06287965178489685,0.06289240717887878,0.06287827342748642,0.06287036836147308,0.06288102269172668,0.06288052350282669,0.06288052350282669,96,0.0,0.0,True,4.357203575007751e-08,1.730743033506689e-07,1.6546797817262886e-08,1.7890731705309365e-08,1.326187390898217e-08,6.422304685583587e-07,0.0,0.0,7.620934070473595e-07,0.13825874030590057,0.0009827669709920883,0.06250420212745667,2.1547926110088156e-08,0.0,0.05503621697425842,0.0,0.0009827669709920883,1.4658710334978963e-08,4.1054233186014217e-07,1.0092840251052585e-07,1.1417589552195203e-07,1.0344433861927965e-07,2.8489466649683973e-06
23,high_key,clean,a0.01_s0,0.06250420212745667,0.00014312443090602756,0.06229149550199509,12.055712424045943,0.062292780727148056,0.06229018419981003,0.06230419874191284,0.062289223074913025,0.06228135526180267,0.062291219830513,0.06229149550199509,0.06229149550199509,96,0.0,0.0,True,9.43167308717879e-09,7.430652266034501e-08,2.8343996302427506e-08,2.8961107676767623e-08,1.7959144034345176e-08,4.4275332699989747e-07,0.01,0.0,0.00011811394506366923,0.13825874030590057,0.000758894719183445,0.06250420212745667,6.292792136264325e-07,0.0,0.01424951571971178,0.0,0.000758894719183445,5.620602614407741e-09,1.682625326432377e-07,1.1195055097160683e-07,1.240220961545523e-07,8.966586067301563e-08,1.2326334079164933e-06
23,high_key,clean,a0.1_s0,0.06250420212745667,0.0011697526788339019,0.05993766337633133,12.2230019169644,0.05994149670004845,0.05993381515145302,0.0599532276391983,0.05993374064564705,0.059929780662059784,0.05993391573429108,0.05993766337633133,0.05993766337633133,96,0.0,0.0,True,3.317676720283926e-08,3.047209330460346e-08,3.410054020653416e-09,3.4949757965424394e-09,4.0519957820065916e-09,3.517530187022967e-08,0.1,0.0,1.4922625268809497e-06,0.13825874030590057,0.00033157330472022295,0.06250420212745667,2.9912493118899874e-05,0.0,0.01139840204268694,0.0,0.00033157330472022295,1.333840041108888e-08,6.980576151751422e-08,1.4971704426344315e-08,1.790378252114953e-08,1.8549953904531412e-08,8.801691494215216e-08
23,high_key,clean,a1_s0,0.06250420212745667,0.009597777388989925,0.0429970882833004,13.665609533811407,0.04301600158214569,0.04297816380858421,0.04302893579006195,0.04298307001590729,0.04300306364893913,0.04297326132655144,0.0429970882833004,0.0429970882833004,96,0.0,0.0,True,6.280808145925862e-08,1.6446916069462358e-08,5.697849555027308e-10,4.970165706952084e-10,2.740664961727664e-10,1.9977357960882158e-08,1.0,0.0,1.2076239954694756e-06,0.13825874030590057,0.00016231014160439372,0.06250420212745667,0.001840145792812109,0.0,0.007757631596177816,0.0,0.00016231014160439372,2.098549365444675e-08,3.793184361354259e-08,1.7589600999691554e-09,1.7805964467090464e-09,9.553087907863153e-10,5.046562200654144e-08
23,high_key,clean,a10_s0,0.06250420212745667,0.037993717938661575,0.008948042057454586,20.482719833061267,0.008963524363934994,0.008932564407587051,0.008969916962087154,0.008937151171267033,0.008957123383879662,0.008927978575229645,0.008948042057454586,0.008948042057454586,96,0.0,0.0,True,5.791715910518515e-08,2.1136495978907485e-09,2.2713415596071057e-10,2.1774605038898239e-10,1.5897701047279715e-10,3.284505658731008e-09,10.0,0.0,2.2559606804861687e-06,0.13825874030590057,7.896427996456623e-05,0.06250420212745667,0.024192072451114655,0.0,0.0013801645254716277,0.0,7.896427996456623e-05,1.7994073902563e-08,5.1276131763848054e-09,6.010915886365359e-10,5.930052932228881e-10,4.1738760189791567e-10,8.37419853229881e-09
23,high_key,clean,a0_s0.01,0.06250420212745667,3.430919605307281e-05,0.06288012117147446,12.014866300721469,0.06286842375993729,0.06289178133010864,0.06292784959077835,0.0628114566206932,0.06280899047851562,0.06297214329242706,0.06288012117147446,0.06288012117147446,96,0.0,0.0,True,2.7732547210301635e-07,7.078835835280799e-07,2.7482742800774767e-07,5.220786110518244e-07,7.184687215078588e-07,4.6009898488886125e-07,0.0,0.01,0.003077642759308219,0.13825874030590057,0.0034144623205065727,0.06250420212745667,1.6457634899325058e-07,0.0,0.05460258200764656,0.0,0.0034144623205065727,1.3133377375819926e-07,2.284213693046731e-06,1.39351714156453e-06,2.639042260574854e-06,4.50006452572174e-06,2.6369242805829485e-06
23,high_key,clean,a0_s0.1,0.06250420212745667,0.0008289416437037289,0.06280196458101273,12.020267703814685,0.06307530403137207,0.06252861022949219,0.06299791485071182,0.06266877055168152,0.06315270066261292,0.06238847225904465,0.06280196458101273,0.06280196458101273,96,0.0,0.0,True,7.925815679702441e-06,3.4329797122558307e-06,2.2548143079153545e-06,2.4273459573443458e-06,3.3978106101734644e-06,2.8433064062068104e-06,0.0,0.1,0.033731501549482346,0.13825874030590057,0.008275916799902916,0.06250420212745667,1.349923536508868e-06,0.0,0.03603218123316765,0.0,0.008275916799902916,3.991004172417695e-06,1.386864229381708e-05,1.2894513040969344e-05,1.2044936326018618e-05,1.843954115032449e-05,1.566358154490858e-05
23,high_key,clean,a0_s1,0.06250420212745667,0.008649452589452267,0.0628291592001915,12.018387521121765,0.06303159147500992,0.06262673437595367,0.06335341185331345,0.062469687312841415,0.0627097487449646,0.06278374791145325,0.0628291592001915,0.0628291592001915,96,0.0,0.0,True,2.78896529980678e-05,3.1663925839981108e-06,3.857565008768488e-06,3.5418527881204877e-06,3.1006337898371325e-06,2.488286355026179e-06,0.0,1.0,0.30633991956710815,0.3479158878326416,0.008644772693514824,0.06250420212745667,4.680021447711624e-06,0.0,0.016125164926052094,0.0,0.008644772693514824,1.1464489578199245e-05,9.786008421719174e-06,1.7164529065246542e-05,1.5701728276915866e-05,1.3040956743446356e-05,1.2994425075525453e-05
23,high_key,clean,a0.1_s0.1,0.06250420212745667,0.0021732053719460964,0.06006281077861786,12.213943478433272,0.05992156267166138,0.060204070061445236,0.05993053689599037,0.06013556942343712,0.0599125437438488,0.060272566974163055,0.06006281077861786,0.06006281077861786,96,0.0,0.0,True,1.757193846717951e-05,4.294602957770668e-06,3.3664806166088806e-06,3.8088952743399834e-06,4.27029836440257e-06,4.095669035325249e-06,0.1,0.1,0.030031148344278336,0.13825874030590057,0.009979557245969772,0.06250420212745667,3.05431749438867e-05,0.0,0.011447063647210598,0.0,0.009979557245969772,8.962630651573e-06,1.5805267612578638e-05,1.7024942258752613e-05,2.0121799523401806e-05,2.1368339321272367e-05,1.5019012525009328e-05
23,high_key,clean,a1_s0.1,0.06250420212745667,0.010477224364876747,0.04298017546534538,13.667318158460713,0.043107517063617706,0.04285285621881485,0.0433054119348526,0.043189048767089844,0.042909614741802216,0.04251662269234657,0.04298017546534538,0.04298017546534538,96,0.0,0.0,True,1.0413576537937144e-05,3.961530278467042e-06,4.911909980390931e-06,2.5197157489616566e-06,3.163517080373605e-06,1.5930358159019324e-06,1.0,0.1,0.03226929530501366,0.13825874030590057,0.008640051819384098,0.06250420212745667,0.0018476910190656781,0.0,0.007765528280287981,0.0,0.008640051819384098,5.118489025935332e-06,1.3149670204256955e-05,1.9889077211457157e-05,1.189929330983725e-05,1.5424096390217416e-05,6.6485565750031415e-06
23,high_key,clean,a1_s1,0.06250420212745667,0.018017612397670746,0.04311845079064369,13.653368513732985,0.042900994420051575,0.04333588853478432,0.043354328721761703,0.04298960044980049,0.04244767874479294,0.043682172894477844,0.04311845079064369,0.04311845079064369,96,0.0,0.0,True,1.9152789119640653e-05,2.777086396060486e-06,8.640233666286282e-06,2.6921772289809648e-06,5.3355171779595815e-06,2.2335801486826498e-06,1.0,1.0,0.30639857053756714,0.3417598307132721,0.008399736136198044,0.06250420212745667,0.0018205256201326847,0.0,0.007797351107001305,0.0,0.008399736136198044,8.746092543421301e-06,8.772676324984288e-06,3.077278809190904e-05,1.0460699880224372e-05,2.1542026072249097e-05,9.05970998445925e-06
23,high_key,homogeneous_dark,identity,0.026405073702335358,0.026405073702335358,0.17064827680587769,7.6789809283788895,0.1706508994102478,0.17064563930034637,0.17065969109535217,0.1706438809633255,0.17064206302165985,0.17064742743968964,0.0,,0,0.0,0.0,True,0.0,9.028655815484188e-17,9.028655815484188e-17,9.028655815484188e-17,9.028655815484188e-17,9.028655815484188e-17,0.0,0.0,0.0,0.0,0.0,0.026405073702335358,0.026405073702335358,0.0,0.0,0.0,0.0,0.0,0.0,0.0,0.0,0.0,0.0
23,high_key,homogeneous_dark,global,0.026405073702335358,1.7465346502376633e-08,0.0630209743976593,12.005148862738068,0.06302276253700256,0.06301917880773544,0.06302857398986816,0.063018299639225,0.06301698833703995,0.06302002817392349,0.026404373347759247,,6,0.0,0.0,True,4.9436230949387594e-17,4.0155083974484707e-16,6.682807610805366e-16,6.057015906258547e-16,6.614115127710959e-16,2.9392711477841637e-16,0.0,0.0,3.775234517888748e-06,0.18217918276786804,-0.0,0.026405073702335358,1.7465346502376633e-08,0.0,0.04715090990066528,0.0,-0.0,0.0,0.0,0.0,0.0,0.0,0.0
23,high_key,homogeneous_dark,a0_s0,0.026405073702335358,1.5183248436301255e-08,0.0630209669470787,12.005149376177645,0.06302299350500107,0.06301894038915634,0.06303416937589645,0.0630178228020668,0.0630117878317833,0.06302003562450409,0.026404375210404396,,96,0.0,0.0,True,6.681700094598227e-09,2.5947394388750547e-09,1.2459486417671285e-08,1.3977252919284179e-08,1.5817063811536578e-08,3.5063341623049335e-07,0.0,0.0,9.394909170623578e-07,0.04554490000009537,0.0007017984171397984,0.026405073702335358,1.5183248436301255e-08,0.0,0.047150567173957825,0.0,0.0007017984171397984,3.630297554755906e-09,9.80100824023893e-09,6.136806766834284e-08,6.918842811176658e-08,7.986832076603551e-08,1.571911330763142e-06
23,high_key,homogeneous_dark,a0.01_s0,0.026405073702335358,0.00011399802315281704,0.0630871132016182,12.000593449872897,0.06308743357658386,0.06308677792549133,0.0630984753370285,0.06308537721633911,0.06307640671730042,0.06308817863464355,0.02622910775244236,,96,0.0,0.0,True,1.2639471668837782e-08,6.840569106861328e-09,8.564665356424167e-09,1.0069236603653546e-08,1.8080786630203798e-08,6.699620108683616e-08,0.01,0.0,4.598144005285576e-05,0.04554490000009537,0.00048586720367893577,0.026405073702335358,4.6919987539695285e-07,0.0,0.011352882720530033,0.0,0.00048586720367893577,7.377267164342565e-09,2.1246389181849218e-08,4.409403728754776e-08,4.981367106131362e-08,7.972656606430891e-08,1.6787779133645753e-07
23,high_key,homogeneous_dark,a0.1_s0,0.026405073702335358,0.0010634762002155185,0.06565210223197937,11.827513629007642,0.0656484067440033,0.06565580517053604,0.06565801054239273,0.06565319746732712,0.06563882529735565,0.06565839052200317,0.024611888453364372,,96,0.0,0.0,True,5.818368942574739e-08,2.0917085694654687e-08,2.361729440972151e-09,2.499145003686838e-09,4.619292239911836e-09,3.1893588908877644e-08,0.1,0.0,1.1815329798992025e-06,0.04554490000009537,0.000299585924949497,0.026405073702335358,3.325052966829389e-05,0.0,0.010302255861461163,0.0,0.000299585924949497,2.182964136884795e-08,5.820023796579451e-08,1.0268201351693181e-08,1.2320318414560097e-08,1.75444734920052e-08,7.985125682878716e-08
23,high_key,homogeneous_dark,a1_s0,0.026405073702335358,0.008176842704415321,0.088523730635643,10.529402919845728,0.0884929895401001,0.08855443447828293,0.08849259465932846,0.08854323625564575,0.08849340677261353,0.08856567740440369,0.013358079828321934,,96,0.0,0.0,True,1.4533885095196242e-07,6.965584494804791e-09,4.328348629042906e-10,4.4403694248417746e-10,8.129679649171143e-10,2.2014555102085575e-08,1.0,0.0,5.054837401985424e-07,0.04554490000009537,0.00016218918608501554,0.026405073702335358,0.0022110450081527233,0.0,0.005965797696262598,0.0,0.00016218918608501554,4.680667311726418e-08,1.85940052582425e-08,1.2093361791577842e-09,1.2077013532025316e-09,2.233999521613761e-09,5.5342321922485636e-08
23,high_key,homogeneous_dark,a10_s0,0.026405073702335358,0.022083843126893044,0.14903047680854797,8.267249090621489,0.14900997281074524,0.14905096590518951,0.14901137351989746,0.1490422934293747,0.14900852739810944,0.1490596979856491,0.0007319578435271978,,96,0.0,0.0,True,2.9215187436425872e-08,7.58387150110499e-12,9.886147105435936e-11,9.905194672698445e-11,1.0650323611100941e-10,1.147909940411553e-09,10.0,0.0,9.996795142797055e-07,0.04554490000009537,4.1305593185825273e-05,0.026405073702335358,0.01834980584681034,0.0,0.000373403774574399,0.0,4.1305593185825273e-05,8.84163452473139e-09,2.1276062454795786e-11,2.467719899942731e-10,2.4595854412600167e-10,2.680373524713843e-10,2.874248476916988e-09
23,high_key,homogeneous_dark,a0_s0.01,0.026405073702335358,4.7067002014955506e-05,0.06301479786634445,12.005574524980034,0.06307975202798843,0.06294986605644226,0.06311298906803131,0.06298720091581345,0.06304647028446198,0.06291253864765167,0.026402652263641357,,96,0.0,0.0,True,7.056951690034847e-07,2.881964108141107e-07,2.7280235016196296e-06,2.237780017299814e-06,3.4134343108288297e-06,5.569942054486425e-07,0.0,0.01,0.0029147465247660875,0.04554490000009537,0.0046672523021698,0.026405073702335358,3.9448232769245806e-07,0.0,0.04485547915101051,0.0,0.0046672523021698,4.719068662506499e-07,1.464951913158183e-06,8.039515024014374e-06,6.218589212828135e-06,1.0912582743186895e-05,3.21921431786429e-06
23,high_key,homogeneous_dark,a0_s0.1,0.026405073702335358,0.0007820267928764224,0.06281295418739319,12.019507805950912,0.06306161731481552,0.06256428360939026,0.06293652206659317,0.06281450390815735,0.06318674981594086,0.062314052134752274,0.026462502777576447,,96,0.0,0.0,True,1.8405113739705782e-05,1.5598652854928769e-06,4.008376868274115e-06,4.922378314595004e-06,2.8201963416302267e-06,3.0116223026318386e-06,0.0,0.1,0.030471647158265114,0.04554490000009537,0.007799677550792694,0.026405073702335358,2.059036660284619e-06,0.0,0.02254624105989933,0.0,0.007799677550792694,7.800137316374923e-06,7.971323518232012e-06,1.3412516774294345e-05,1.7931929238113877e-05,9.038150630423987e-06,1.572688013736981e-05
23,high_key,homogeneous_dark,a0_s1,0.026405073702335358,0.00786780659109354,0.06250223517417908,12.041044513526513,0.06217071786522865,0.0628337413072586,0.06227812543511391,0.06334331631660461,0.062063343822956085,0.062324151396751404,0.02663336880505085,,96,0.0,0.0,True,1.9228103397852552e-05,1.944177929176226e-06,4.485058632352785e-06,8.729608304958612e-06,3.954097742534703e-06,2.0134587690517873e-06,0.0,1.0,0.3085983395576477,0.3316258490085602,0.007864292711019516,0.026405073702335358,3.514133823045995e-06,0.0,0.015167981386184692,0.0,0.007864292711019516,9.244741514393563e-06,7.942758876885312e-06,1.2104239843442409e-05,3.034840932551655e-05,1.1132502437122778e-05,9.596950332969168e-06
23,high_key,homogeneous_dark,a0.1_s0.1,0.026405073702335358,0.0018524028128013015,0.06560821086168289,11.83041805307675,0.06578091531991959,0.06543544679880142,0.06529464572668076,0.06535528600215912,0.06626728177070618,0.06551558524370193,0.024645624682307243,,96,0.0,0.0,True,1.4697706993257784e-05,4.4543036658031345e-06,1.6634632912167498e-06,2.901870063293114e-06,5.384958593912817e-06,1.4326244809278284e-06,0.1,0.1,0.031481996178627014,0.04554490000009537,0.007839151658117771,0.026405073702335358,3.5785629734164104e-05,0.0,0.010327019728720188,0.0,0.007839151658117771,9.05866692211317e-06,1.9533875918346058e-05,6.228244076532847e-06,9.958682946185673e-06,2.102190065386002e-05,5.263594172250358e-06
23,high_key,homogeneous_dark,a1_s0.1,0.026405073702335358,0.00894046388566494,0.0885530337691307,10.52796555573586,0.0881483256816864,0.08895774930715561,0.08826468139886856,0.08923543989658356,0.08803198486566544,0.08868002146482468,0.013350056484341621,,96,0.0,0.0,True,2.2701641111636335e-05,3.2090428365191876e-06,2.474767636314528e-06,9.108771056172117e-07,3.0338914686074614e-06,2.0531423559046095e-06,1.0,0.1,0.030084971338510513,0.04554490000009537,0.007512114942073822,0.026405073702335358,0.0022177465725690126,0.0,0.005971505772322416,0.0,0.007512114942073822,1.1060191912465324e-05,1.431634144234151e-05,8.53997648922639e-06,3.5635289103551083e-06,1.287177407086416e-05,1.0455919339302706e-05
23,high_key,homogeneous_dark,a1_s1,0.026405073702335358,0.016972176730632782,0.08836803585290909,10.537047979172769,0.08824023604393005,0.08849586546421051,0.08784487843513489,0.08798524737358093,0.08863560110330582,0.0890064388513565,0.013423196971416473,,96,0.0,0.0,True,2.4400244513783305e-05,2.239518044961056e-06,4.684493661783429e-06,4.196627517696143e-06,4.885539140345258e-06,2.8595826765455705e-06,1.0,1.0,0.30946052074432373,0.34168606996536255,0.008778518065810204,0.026405073702335358,0.0021890762727707624,0.0,0.006004581693559885,0.0,0.008778518065810204,1.3476533856745384e-05,1.0784970767886023e-05,1.5001826023286178e-05,1.6506006527177786e-05,1.68918379717703e-05,9.716401163869864e-06
23,high_key,homogeneous_bright,identity,0.25,0.25,0.06411003321409225,11.930739981171534,0.06410883367061615,0.06411122530698776,0.06410190463066101,0.06411530077457428,0.06411579996347427,0.06410714238882065,0.0,,0,1.0,1.0,True,0.0,9.028655815484188e-17,9.028655815484188e-17,9.028655815484188e-17,9.028655815484188e-17,9.028655815484188e-17,0.0,0.0,0.0,0.0,0.0,0.25,0.25,0.0,0.0,0.0,0.0,0.0,0.0,0.0,0.0,0.0,0.0
23,high_key,homogeneous_bright,global,0.2499999701976776,1.8417267710901797e-11,0.06412060558795929,11.930023845981946,0.06412430107593536,0.06411689519882202,0.06413542479276657,0.0641159936785698,0.06411325186491013,0.06411775946617126,0.25000476837158203,,6,1.0,0.0,True,2.565037861331126e-16,3.3457566141651295e-16,3.0600843958614927e-16,3.0600843958614927e-16,3.0600843958614927e-16,2.757712463027402e-16,0.0,0.0,5.870072982361307e-06,1.4839452505111694,-0.0,0.2499999701976776,1.8417267710901797e-11,0.0,0.10855835676193237,0.0,-0.0,0.0,0.0,0.0,0.0,0.0,0.0
23,high_key,homogeneous_bright,a0_s0,0.2499999701976776,1.8348230920728348e-11,0.0641205832362175,11.930025359885272,0.06412427872419357,0.06411687284708023,0.06413540244102478,0.0641159862279892,0.06411320716142654,0.06411773711442947,0.25000473856925964,,96,1.0,0.0,True,1.7990387024030837e-14,3.69000067692559e-15,7.000057213791073e-16,7.000057213791073e-16,7.000057213791073e-16,5.671144249712928e-16,0.0,0.0,1.4330861404232564e-06,0.3709845542907715,1.2691856454694062e-07,0.2499999701976776,1.8348230920728348e-11,0.0,0.10852733999490738,0.0,1.2691856454694062e-07,6.380312944002323e-15,1.4137779488880662e-14,3.05311331733972e-15,3.05311331733972e-15,3.05311331733972e-15,2.1649348982786437e-15
23,high_key,homogeneous_bright,a0.01_s0,0.2499999701976776,0.0007084718672558665,0.063294917345047,11.986311629308958,0.06329863518476486,0.06329122185707092,0.0633096843957901,0.06329034268856049,0.06328757852315903,0.06329208612442017,0.248350590467453,,96,1.0,0.0,True,7.600823098923739e-15,1.1336416836369585e-14,1.2435654869049106e-15,1.2435654869049106e-15,1.2435654869049106e-15,0.0,0.01,0.0,0.0003711673489306122,0.3709845542907715,1.01721120415732e-07,0.2499999701976776,2.7286826025374467e-06,0.0,0.0705743208527565,0.0,1.01721120415732e-07,2.189221028749751e-15,2.541369892296932e-14,3.4972025278257586e-15,3.4972025278257586e-15,3.4972025278257586e-15,0.0
23,high_key,homogeneous_bright,a0.1_s0,0.2499999701976776,0.003450653748586774,0.05951153486967087,12.25398848645768,0.059515152126550674,0.05950789153575897,0.05952594056725502,0.05950711667537689,0.05950438976287842,0.059508681297302246,0.2406987100839615,,96,1.0,0.0,True,1.708792589266921e-15,1.3510447617809378e-14,8.279449929395624e-16,8.279449929395624e-16,8.279449929395624e-16,0.0,0.1,0.0,0.00012863978918176144,0.3709845542907715,8.951045060712204e-08,0.2499999701976776,8.816592890070751e-05,0.0,0.03362487629055977,0.0,8.951045060712204e-08,7.736866704245357e-16,2.7157963377824437e-14,1.8735013538671247e-15,1.8735013538671247e-15,1.8735013538671247e-15,0.0
23,high_key,homogeneous_bright,a1_s0,0.2499999701976776,0.028707845136523247,0.03366781771183014,14.727850328968938,0.03367084264755249,0.03366478532552719,0.03367939218878746,0.033664606511592865,0.03366231545805931,0.033664967864751816,0.1840643584728241,,96,1.0,0.0,True,8.033375582593997e-15,1.7531895276550213e-15,6.733403821434927e-16,6.733403821434927e-16,6.733403821434927e-16,5.757471170820697e-16,1.0,0.0,2.3284121652977774e-06,0.3709845542907715,6.402842700481415e-08,0.2499999701976776,0.005037105176597834,0.0,0.0236707404255867,0.0,6.402842700481415e-08,2.633310237312898e-15,3.3584246495427973e-15,1.467576060673099e-15,1.467576060673099e-15,1.467576060673099e-15,1.1675637670238306e-15
23,high_key,homogeneous_bright,a10_s0,0.2499999701976776,0.12538588047027588,0.001891233609057963,27.23254822895539,0.0018923445604741573,0.0018901234725490212,0.0018938272260129452,0.001891884719952941,0.0018908621277660131,0.0018883610609918833,0.054450247436761856,,96,1.0,0.0,True,2.3183356172294577e-14,2.325101695370651e-15,8.818162329818501e-16,8.818162329818501e-16,8.818162329818501e-16,9.644516409999489e-16,10.0,0.0,3.2621280752209714e-06,0.3709845542907715,1.201664758809784e-07,0.2499999701976776,0.07110472023487091,0.0,0.0054281167685985565,0.0,1.201664758809784e-07,7.7776327049125e-15,6.733708642835836e-15,1.8860645467280397e-15,1.8860645467280397e-15,1.8860645467280397e-15,2.3950025989705685e-15
23,high_key,homogeneous_bright,a0_s0.01,0.2499999701976776,1.555669223307632e-05,0.06412016600370407,11.93005361951091,0.06408409029245377,0.06415625661611557,0.06410054862499237,0.0641493946313858,0.06406759470701218,0.06416309624910355,0.25000429153442383,,96,1.0,0.0,True,8.926388141553626e-09,7.799827923377526e-07,7.883021897558131e-08,7.883021897558131e-08,7.883021897558131e-08,1.1829235750984103e-08,0.0,0.01,0.0028678267262876034,0.3709845542907715,0.0015513930702582002,0.2499999701976776,4.276246556855767e-08,0.0,0.10822591930627823,0.0,0.0015513930702582002,3.89986652693499e-09,2.8428723579539526e-06,5.048120119699479e-07,5.048120119699479e-07,5.048120119699479e-07,8.805078111073522e-08
23,high_key,homogeneous_bright,a0_s0.1,0.2499999701976776,0.0006912151584401727,0.06417515873908997,11.926330484153727,0.06417188048362732,0.06417842209339142,0.06427284330129623,0.06387756019830704,0.06407096982002258,0.06447925418615341,0.25011423230171204,,96,1.0,0.0,True,1.8307585713732085e-06,4.639388821094029e-06,1.581792393180942e-06,1.581792393180942e-06,1.581792393180942e-06,6.411739293076921e-07,0.0,0.1,0.027170199900865555,0.3709845542907715,0.006906105205416679,0.2499999701976776,6.046070666343439e-07,0.0,0.10024956613779068,0.0,0.006906105205416679,8.666887825192798e-07,1.7388667831759146e-05,9.598790098416793e-06,9.598790098416793e-06,9.598790098416793e-06,4.066245160246701e-06
23,high_key,homogeneous_bright,a0_s1,0.2499999701976776,0.009192493744194508,0.0646558552980423,11.893921388658555,0.06503058969974518,0.06428112834692001,0.06473185867071152,0.06359485536813736,0.06532928347587585,0.06496742367744446,0.2510664761066437,,96,1.0,0.0,True,2.151400964425157e-05,4.2983500248365104e-06,4.0169747855293974e-06,4.0169747855293974e-06,4.0169747855293974e-06,2.227478765159384e-06,0.0,1.0,0.2542928457260132,0.3709845542907715,0.009188076481223106,0.2499999701976776,4.417699528858066e-06,0.0,0.05315757170319557,0.0,0.009188076481223106,1.0281351974974354e-05,1.512016459868313e-05,1.8715123677736346e-05,1.8715123677736346e-05,1.8715123677736346e-05,1.3121598839451617e-05
23,high_key,homogeneous_bright,a0.1_s0.1,0.2499999701976776,0.004183140583336353,0.05942175164818764,12.260545501101145,0.05943696200847626,0.05940655246376991,0.05925524979829788,0.05926094949245453,0.059618666768074036,0.0595521405339241,0.24051547050476074,,96,1.0,0.0,True,1.2519869837121787e-06,2.6571839333190707e-06,3.2744963493266904e-06,3.2744963493266904e-06,3.2744963493266904e-06,8.536873674819646e-07,0.1,0.1,0.02691064402461052,0.3709845542907715,0.007024249993264675,0.2499999701976776,9.322072583017871e-05,0.0,0.03387494757771492,0.0,0.007024249993264675,6.933726968659456e-07,1.0410613201417132e-05,1.3676749585907684e-05,1.3676749585907684e-05,1.3676749585907684e-05,4.332622593833798e-06
23,high_key,homogeneous_bright,a1_s0.1,0.2499999701976776,0.029300877824425697,0.03364665061235428,14.730581615431449,0.033769506961107254,0.03352378308773041,0.0336395688354969,0.033200040459632874,0.0338994562625885,0.033847514539957047,0.18400688469409943,,96,1.0,0.0,True,1.0955678080441794e-06,5.680785628682122e-06,1.749124453489806e-06,1.749124453489806e-06,1.749124453489806e-06,1.3882309428515024e-06,1.0,0.1,0.030264962464571,0.3709845542907715,0.0058297449722886086,0.2499999701976776,0.005048958119004965,0.0,0.023668944835662842,0.0,0.0058297449722886086,5.544940593592214e-07,1.7053777927043252e-05,8.323023277901438e-06,8.323023277901438e-06,8.323023277901438e-06,4.87601636686836e-06
23,high_key,homogeneous_bright,a1_s1,0.2499999701976776,0.038651593029499054,0.03363069146871567,14.732642032188043,0.033697593957185745,0.033563777804374695,0.03399922698736191,0.03310137614607811,0.03339598327875137,0.03402617573738098,0.18396088480949402,,96,1.0,0.0,True,3.236812178777743e-05,2.6653185404737066e-06,2.749665170800891e-06,2.749665170800891e-06,2.749665170800891e-06,2.0914945088918886e-06,1.0,1.0,0.29730960726737976,0.3709845542907715,0.009920882061123848,0.2499999701976776,0.00506294472143054,0.0,0.02366776578128338,0.0,0.009920882061123848,1.4226594148833432e-05,7.813070432147734e-06,1.5809298713797056e-05,1.5809298713797056e-05,1.5809298713797056e-05,1.0165576821431243e-05
23,high_key,left_right,identity,0.13820216059684753,0.13820216059684753,0.11738104373216629,9.304020331330168,0.1706508994102478,0.06411122530698776,0.17065969109535217,0.06411530077457428,0.17064206302165985,0.06410714238882065,0.0,,0,0.5,0.5,True,0.0,9.028655815484188e-17,9.028655815484188e-17,9.028655815484188e-17,9.028655815484188e-17,9.028655815484188e-17,0.0,0.0,0.0,0.0,0.0,0.13820216059684753,0.13820216059684753,0.0,0.0,0.0,0.0,0.0,0.0,0.0,0.0,0.0,0.0
23,high_key,left_right,global,0.13820214569568634,0.005306344013661146,0.07877029478549957,11.036375292485172,0.11641444265842438,0.041126154363155365,0.11642672121524811,0.04112577438354492,0.11640211194753647,0.04112653434276581,0.10345631092786789,,6,0.5,0.0,True,3.2114030911635156e-16,1.2835598479397513e-16,3.465347310089577e-16,2.824541478406316e-16,3.1195508186375734e-16,1.6525499841203755e-16,0.0,0.0,0.0019962291698902845,0.6715488433837891,-0.0,0.13820214569568634,0.005306344013661146,0.0,0.3645075559616089,0.0,-0.0,0.0,0.0,0.0,0.0,0.0,0.0
23,high_key,left_right,a0_s0,0.13820214569568634,0.0006780960829928517,0.06494550406932831,11.874509081084938,0.06832151859998703,0.061569493263959885,0.0683317482471466,0.06156804785132408,0.06831126660108566,0.061570942401885986,0.13423462212085724,,96,0.5,0.0,True,0.21220762569512233,0.015524845352277187,0.016959692712373912,0.01695878187221984,0.01697540843625711,0.002603881220892165,0.0,0.0,0.00028382116579450667,0.2464815229177475,0.27768412232398987,0.13820214569568634,0.0006780960829928517,0.0,0.17189836502075195,0.0,0.27768412232398987,0.06487373623232293,0.08799349369812405,0.05435453820173207,0.05434999098592278,0.05438622343811137,0.01856172178400375
23,high_key,left_right,a0.01_s0,0.13820214569568634,0.002054554410278797,0.06519618630409241,11.857778078804975,0.0697396919131279,0.060652680695056915,0.06974967569112778,0.06065108999609947,0.06972967833280563,0.06065424904227257,0.1328723132610321,,96,0.5,0.0,True,0.2502366084164203,0.01666978400574584,0.009552689915538847,0.009551578662344998,0.009561678241001296,0.013634847747599405,0.01,0.0,0.0003097238368354738,0.2464815229177475,0.2667464315891266,0.13820214569568634,0.000988987274467945,0.0,0.10655670613050461,0.0,0.2667464315891266,0.07485238128276797,0.07869404302823303,0.0309528791995665,0.030947530138909073,0.030968048562319658,0.06429626745064232
23,high_key,left_right,a0.1_s0,0.13820214569568634,0.0061632608994841576,0.06785866618156433,11.683946810257,0.07867760211229324,0.05703973025083542,0.07868575304746628,0.05703828111290932,0.0786694660782814,0.05704117566347122,0.12681463360786438,,96,0.5,0.0,True,0.35682691586476284,0.006830985252855858,0.0014190548207622946,0.0014185804397042132,0.001421288959939306,0.0034225793850127116,0.1,0.0,0.0001385420619044453,0.2464815229177475,0.1393662989139557,0.13820214569568634,0.002864052075892687,0.0,0.03299209102988243,0.0,0.1393662989139557,0.10945385964219113,0.021433382902108927,0.003922968265384986,0.003921378975040534,0.003926674648052899,0.012588876216078747
23,high_key,left_right,a1_s0,0.13820214569568634,0.024906612932682037,0.06966358423233032,11.569941845967328,0.10905584692955017,0.030271321535110474,0.10905315726995468,0.030270474031567574,0.10905852168798447,0.030272169038653374,0.09074694663286209,,96,0.5,0.0,True,0.21982304119369186,0.0026103386809253216,0.0006989613729968604,0.0006989053609055186,0.0006993157657992424,0.00016900640737773273,1.0,0.0,2.6020616132882424e-06,0.2464815229177475,0.06791681051254272,0.13820214569568634,0.00927333440631628,0.0,0.01563327945768833,0.0,0.06791681051254272,0.06560107641069476,0.006612843511166194,0.0017783152858750317,0.0017781570748295235,0.0017790288977164287,0.0005521262567233183
23,high_key,left_right,a10_s0,0.13820214569568634,0.07932084798812866,0.08161900192499161,10.882087202846167,0.1598641276359558,0.003373849205672741,0.15986676514148712,0.003375326283276081,0.15986160933971405,0.0033723709639161825,0.024116434156894684,,96,0.5,0.0,True,0.03219265998858205,0.0001423290560232361,0.00010410755652211901,0.00010410651326797903,0.00010411542595212531,4.284800580318058e-05,10.0,0.0,4.309217729314696e-06,0.2464815229177475,0.02147429808974266,0.13820214569568634,0.05181913077831268,0.0,0.002750172046944499,0.0,0.02147429808974266,0.009328295833376084,0.0003418927563689234,0.0002550713945295809,0.0002550688557597686,0.00025508830574893306,0.00010813826420301469
23,high_key,left_right,a0_s0.01,0.13820214569568634,0.0015164031647145748,0.06511858105659485,11.862950713560314,0.07082541286945343,0.05941177159547806,0.07069792598485947,0.059414610266685486,0.0709528997540474,0.05940890312194824,0.1314854621887207,,96,0.5,0.0,True,0.4875772921293014,0.00041075341193837797,1.074452564133676e-06,1.152523557785835e-06,8.259017565656127e-07,0.00018894935536939425,0.0,0.01,0.0021872573997825384,0.2464815229177475,0.06100202724337578,0.13820214569568634,0.0009063829202204943,0.0,0.23061321675777435,0.0,0.06100202724337578,0.14917068984537074,0.0023181728598712236,6.187946991028499e-06,6.450117513989665e-06,4.111965415373718e-06,0.0011667164218511778
23,high_key,left_right,a0_s0.1,0.13820214569568634,0.006343833636492491,0.06716890633106232,11.72831722986874,0.08035193383693695,0.053985849022865295,0.08048713207244873,0.05410103127360344,0.08021676540374756,0.053870685398578644,0.12321639060974121,,96,0.5,0.0,True,0.4178550168938108,1.0944936859733797e-06,2.9876891322200835e-06,5.141459898854981e-06,1.8635864809052338e-06,3.5269604007793435e-07,0.0,0.1,0.02565295249223709,0.2464815229177475,0.046868160367012024,0.13820214569568634,0.001657017506659031,0.0,0.15689519047737122,0.0,0.046868160367012024,0.1251849894843306,7.5155873708564e-06,1.7887752812497595e-05,2.903188938141104e-05,1.1963787121635432e-05,2.73445257580046e-06
23,high_key,left_right,a0_s1,0.13820214569568634,0.027836289256811142,0.10669480264186859,9.71856735579583,0.1852976530790329,0.028091970831155777,0.1851089596748352,0.027938880026340485,0.18548625707626343,0.02824506163597107,0.0853649377822876,,96,0.5,0.0,True,5.0794462419512467e-05,1.6043825212548308e-06,4.149950590367967e-06,1.9397367885325354e-06,5.133098746831921e-06,7.913453138683107e-07,0.0,1.0,0.2870279550552368,0.32090461254119873,0.007958872243762016,0.13820214569568634,0.019877417013049126,0.0,0.07368030399084091,0.0,0.007958872243762016,1.824164369592858e-05,8.862031953823348e-06,1.9962814068140917e-05,7.945270662479934e-06,1.9009694508503188e-05,5.841236177972497e-06
23,high_key,left_right,a0.1_s0.1,0.13820214569568634,0.012411799281835556,0.0698729082942009,11.556911798909699,0.0878109559416771,0.051934849470853806,0.08734586089849472,0.051822736859321594,0.08827609568834305,0.052046999335289,0.1187770888209343,,96,0.5,0.0,True,0.4471965251583414,1.3039612648976909e-05,9.015709092093957e-06,2.6328147333923334e-06,3.918188775182112e-06,9.199185078875551e-07,0.1,0.1,0.029675396159291267,0.2464815229177475,0.047701723873615265,0.13820214569568634,0.004198102280497551,0.0,0.034435249865055084,0.0,0.047701723873615265,0.13416080991309987,4.062877120877634e-05,2.7583431006143807e-05,7.854408610670964e-06,1.4931105639301367e-05,5.1850164103214544e-06
23,high_key,left_right,a1_s0.1,0.13820214569568634,0.03054002858698368,0.07285929471254349,11.375150371008697,0.11783701926469803,0.027881575748324394,0.11808400601148605,0.027821170166134834,0.11759003251791,0.027941962704062462,0.08604943007230759,,96,0.5,0.0,True,0.21901591770698128,0.0014055190628931803,9.851741195752416e-05,9.420550857032593e-05,8.91934896475417e-05,1.913544263404559e-06,1.0,0.1,0.028283750638365746,0.2464815229177475,0.04742925986647606,0.13820214569568634,0.011287006549537182,0.0,0.014510095119476318,0.0,0.04742925986647606,0.06487616044535373,0.0035486187964180503,0.00024449552881525884,0.00023455292874044917,0.00022330853976444738,7.375168335359487e-06
23,high_key,left_right,a1_s1,0.13820214569568634,0.05961871147155762,0.09373363852500916,10.281045243301447,0.1747043877840042,0.01276286318898201,0.1747429221868515,0.012468491680920124,0.17466597259044647,0.013057227246463299,0.0626353919506073,,96,0.5,0.0,True,0.06476902707239414,6.312369327017927e-06,3.4483037151515407e-06,3.5755514405437377e-06,5.997224557322428e-06,3.639315496669331e-06,1.0,1.0,0.3035537600517273,0.3233432173728943,0.02340197004377842,0.13820214569568634,0.02540462464094162,0.0,0.010812117718160152,0.0,0.02340197004377842,0.019369972049893592,2.0644265234322516e-05,1.2847033054180008e-05,1.1071148481333216e-05,2.098518973618546e-05,1.4050666328768022e-05
23,high_key,quadrants,identity,0.13820169866085052,0.13820169866085052,0.11738453805446625,9.303891047907834,0.11738768965005875,0.11738134920597076,0.17065969109535217,0.06411530077457428,0.06411579996347427,0.17064742743968964,0.0,,0,0.5,0.5,True,0.0,9.028655815484188e-17,9.028655815484188e-17,9.028655815484188e-17,9.028655815484188e-17,9.028655815484188e-17,0.0,0.0,0.0,0.0,0.0,0.13820169866085052,0.13820169866085052,0.0,0.0,0.0,0.0,0.0,0.0,0.0,0.0,0.0,0.0
23,high_key,quadrants,global,0.13820166885852814,0.005306260660290718,0.07877113670110703,11.036328874308175,0.07877515256404877,0.07876714318990707,0.11642682552337646,0.041125860065221786,0.041123420000076294,0.11640841513872147,0.10345619916915894,,6,0.5,0.0,True,3.00682016768739e-16,1.2835598479397513e-16,3.2507054061584244e-16,3.347956070598002e-16,3.441483587852558e-16,1.6130810735126373e-16,0.0,0.0,0.0019962077494710684,0.671552836894989,-0.0,0.13820166885852814,0.005306260660290718,0.0,0.3645075559616089,0.0,-0.0,0.0,0.0,0.0,0.0,0.0,0.0
23,high_key,quadrants,a0_s0,0.13820166885852814,0.001033987500704825,0.06617201119661331,11.793256654422827,0.06613606959581375,0.06620797514915466,0.0716717392206192,0.06030115857720375,0.06060038134455681,0.07211475074291229,0.13189727067947388,,96,0.5,0.0,True,0.18994776870367258,0.010217419765386563,0.014493887825044433,0.01449329608004693,0.014505020352060896,0.0017529660282659416,0.0,0.0,0.0003756392979994416,0.23155510425567627,0.45099419355392456,0.13820166885852814,0.001033987500704825,0.0,0.22663778066635132,0.0,0.45099419355392456,0.07128134055628674,0.06729589828151789,0.06302495861871384,0.06301963739822983,0.06307110934355956,0.012597083068690118
23,high_key,quadrants,a0.01_s0,0.13820166885852814,0.002973894588649273,0.06693165004253387,11.743684683547219,0.06689318269491196,0.06697011739015579,0.07413715124130249,0.05929679423570633,0.05964921414852142,0.07464341819286346,0.13019856810569763,,96,0.5,0.0,True,0.21583597663362855,0.012360085646017198,0.009113199786669903,0.009113638090036829,0.00912122520067765,0.007508586193393008,0.01,0.0,0.0003578490868676454,0.23155510425567627,0.4356270432472229,0.13820166885852814,0.0015034453244879842,0.0,0.14704494178295135,0.0,0.4356270432472229,0.0789355505039885,0.07073554770681134,0.03846753826310578,0.03846772186803231,0.03849900517439328,0.0424739397020121
23,high_key,quadrants,a0.1_s0,0.13820166885852814,0.008691388182342052,0.07218265533447266,11.41567145885574,0.07212850451469421,0.0722368136048317,0.08796577900648117,0.05570942908525467,0.05629124119877815,0.08876420557498932,0.12282127887010574,,96,0.5,0.0,True,0.3244445149708293,0.005989302359148767,0.0014094321265157774,0.00140901684655749,0.001411382898259271,0.0030762728395411568,0.1,0.0,0.00020131994097027928,0.23155510425567627,0.25274208188056946,0.13820166885852814,0.004415222443640232,0.0,0.042761657387018204,0.0,0.25274208188056946,0.12290281850953047,0.02380152869193447,0.004915209460277655,0.0049134506692004596,0.004921548920822658,0.012090638944010577
23,high_key,quadrants,a1_s0,0.13820166885852814,0.03006168268620968,0.07719513773918152,11.12410053544375,0.07712187618017197,0.07726839184761047,0.12603536248207092,0.027599746361374855,0.028208421543240547,0.12693709135055542,0.08427074551582336,,96,0.5,0.0,True,0.17982601146806876,0.002222019556121472,0.000578208268190611,0.0005781593871027139,0.0005784111244074716,0.0002228377736013091,1.0,0.0,2.6907396204478573e-06,0.23155510425567627,0.1282861828804016,0.13820166885852814,0.013582509011030197,0.0,0.01647917367517948,0.0,0.1282861828804016,0.063692566100394,0.006774726068649776,0.0017509788779757989,0.0017508091024269973,0.0017515219860888018,0.0007542056232448657
23,high_key,quadrants,a10_s0,0.13820166885852814,0.08385807275772095,0.08701178431510925,10.60421925353288,0.0870014950633049,0.0870220810174942,0.16872188448905945,0.004953396040946245,0.005281136371195316,0.16909074783325195,0.021397801116108894,,96,0.5,0.0,True,0.02339272839090178,0.0001015579947308075,7.565442901586398e-05,7.565230558617118e-05,7.565705856701758e-05,3.212602528801003e-05,10.0,0.0,2.2521587652590824e-06,0.23155510425567627,0.0390021987259388,0.13820166885852814,0.05760076269507408,0.0,0.0026257310528308153,0.0,0.0390021987259388,0.00784022881550569,0.0002809668153947617,0.0002145318080351245,0.0002145264284819927,0.00021453927755893284,9.394018824547804e-05
23,high_key,quadrants,a0_s0.01,0.13820166885852814,0.0022873100824654102,0.0667196586728096,11.757461841463144,0.06664710491895676,0.06679222732782364,0.07513494044542313,0.0578373521566391,0.05815931037068367,0.07574709504842758,0.12863075733184814,,96,0.5,0.0,True,0.48272369093937223,3.8156296456694115e-08,6.593731111289608e-07,7.669540728536607e-07,4.573984162843668e-07,8.694288606577196e-07,0.0,0.01,0.0019079281482845545,0.23155510425567627,0.10435488820075989,0.13820166885852814,0.0012437611585482955,0.0,0.3046692907810211,0.0,0.10435488820075989,0.17796615807244717,3.763986402421815e-07,4.687677171068933e-06,5.103251007301145e-06,4.485456766220581e-06,6.955274566899953e-06
23,high_key,quadrants,a0_s0.1,0.13820166885852814,0.008848518133163452,0.07476484775543213,11.263025467103173,0.0747390016913414,0.07479068636894226,0.10681784152984619,0.04264190420508385,0.042660199105739594,0.10693944245576859,0.1061445027589798,,96,0.5,0.0,True,0.09462824697408188,3.7103563040189384e-07,3.1698365490624353e-06,1.944975596543834e-06,1.2787660762942752e-06,1.6234233292412928e-07,0.0,0.1,0.022876933217048645,0.23155510425567627,0.04668164625763893,0.13820166885852814,0.0041803536005318165,0.0,0.23366262018680573,0.0,0.04668164625763893,0.0336156597320046,3.257888322227842e-06,1.769952364899521e-05,1.5003293403616944e-05,7.498587523881891e-06,1.2157708752930725e-06
23,high_key,quadrants,a0_s1,0.13820166885852814,0.02602342516183853,0.10469357669353485,9.800799629451076,0.1047402024269104,0.10464698821306229,0.17783720791339874,0.030750742182135582,0.03164315223693848,0.17854323983192444,0.08912395685911179,,96,0.5,0.0,True,7.027812703688644e-05,1.4474994766794624e-06,3.113693619344183e-06,5.558788566287857e-06,1.8288528801406428e-06,6.803246255955508e-07,0.0,1.0,0.288297176361084,0.35930097103118896,0.008380535058677197,0.13820166885852814,0.01764289103448391,0.0,0.08887207508087158,0.0,0.008380535058677197,2.3430502658818663e-05,9.180318543577936e-06,1.6092113935340652e-05,2.503364759408649e-05,8.227800259675556e-06,6.816470297345983e-06
23,high_key,quadrants,a0.1_s0.1,0.13820166885852814,0.01938454434275627,0.07553669810295105,11.218420031861411,0.07568422704935074,0.07538916170597076,0.10748699307441711,0.043609559535980225,0.04388146102428436,0.1071687787771225,0.10578320175409317,,96,0.5,0.0,True,0.309810604950888,4.79845429052525e-06,3.789309528649225e-06,5.577883450368885e-06,3.0445474128008183e-06,2.1264679472809813e-06,0.1,0.1,0.025423873215913773,0.23155510425567627,0.08145670592784882,0.13820166885852814,0.006653483957052231,0.0,0.04585389420390129,0.0,0.08145670592784882,0.11080709279612784,1.9107823236077433e-05,1.4606871491100978e-05,1.9039050770919795e-05,1.2513299224984599e-05,9.823532926098183e-06
23,high_key,quadrants,a1_s0.1,0.13820166885852814,0.03910347446799278,0.0830354169011116,10.80736629503881,0.08285877853631973,0.08321205526590347,0.142268106341362,0.022438937798142433,0.02344949170947075,0.14398516714572906,0.0759296715259552,,96,0.5,0.0,True,0.16209013051749863,0.00044205160451834836,2.430463720653594e-05,1.2998901647204983e-05,6.4408983309458174e-06,4.193931366437809e-06,1.0,0.1,0.024308426305651665,0.23155510425567627,0.07114945352077484,0.13820166885852814,0.01761467009782791,0.0,0.014373856596648693,0.0,0.07114945352077484,0.0566155647816871,0.0013118514779728,6.821194906436367e-05,3.951836395746518e-05,2.120082123354414e-05,1.5907712847337262e-05
23,high_key,quadrants,a1_s1,0.13820166885852814,0.06656841933727264,0.11525111645460129,9.38354858843094,0.11548636853694916,0.11501584947109222,0.2243921011686325,0.006757079623639584,0.006580625660717487,0.2232745736837387,0.05335598811507225,,96,0.5,0.0,True,2.8182859533998588e-05,1.0926787394849116e-05,4.324365308548424e-06,2.920426527663435e-06,2.7162044654918436e-06,2.1656982835859533e-06,1.0,1.0,0.302915096282959,0.36000901460647583,0.009613912552595139,0.13820166885852814,0.04069790616631508,0.0,0.016256602481007576,0.0,0.009613912552595139,1.2686485325596143e-05,3.73648794981923e-05,1.8177130734523324e-05,1.2802031944933588e-05,1.3200975772241267e-05,1.2206979924058437e-05
23,high_key,smooth_gradient,identity,0.10053250193595886,0.10053250193595886,0.047871626913547516,13.19921812802783,0.05863846093416214,0.0371047779917717,0.05863996222615242,0.037101101130247116,0.05863700807094574,0.037108439952135086,0.0,,0,0.1946071982383728,0.1946071982383728,True,0.0,9.028655815484188e-17,9.028655815484188e-17,9.028655815484188e-17,9.028655815484188e-17,9.028655815484188e-17,0.0,0.0,0.0,0.0,0.0,0.10053250193595886,0.10053250193595886,0.0,0.0,0.0,0.0,0.0,0.0,0.0,0.0,0.0,0.0
23,high_key,smooth_gradient,global,0.10053249448537827,0.002238878048956394,0.06974928081035614,11.56460266071627,0.09099861234426498,0.04849989339709282,0.09100852161645889,0.04850039631128311,0.09098880738019943,0.048499420285224915,0.08640508353710175,,6,0.1946071982383728,0.0,True,2.9403562993798763e-16,2.0541866594252303e-16,2.6660748015230914e-16,3.15970302293949e-16,3.186898409158857e-16,1.970944022466658e-16,0.0,0.0,0.0012343209236860275,0.6404514312744141,-0.0,0.10053249448537827,0.002238878048956394,0.0,0.3346191346645355,0.0,-0.0,0.0,0.0,0.0,0.0,0.0,0.0
23,high_key,smooth_gradient,a0_s0,0.10053249448537827,4.02281730202958e-05,0.06340844184160233,11.978529187560817,0.06337521970272064,0.06344165652990341,0.06338649243116379,0.06344017386436462,0.0633639320731163,0.0634431466460228,0.10057202726602554,,96,0.1946071982383728,0.0,True,0.035028029692231004,0.020999362938784003,0.005277152034040664,0.005266500120191271,0.005270959277850555,0.005030186208690806,0.0,0.0,3.3876316592795774e-05,0.21316592395305634,0.13308201730251312,0.10053249448537827,4.02281730202958e-05,0.0,0.1057232990860939,0.0,0.13308201730251312,0.010024691529995711,0.08392974256478615,0.015547425679146612,0.015514016981632343,0.015523880114859038,0.02863364938132145
23,high_key,smooth_gradient,a0.01_s0,0.10053249448537827,0.0005032744957134128,0.06303432583808899,12.004228876523303,0.06355582922697067,0.06251281499862671,0.06356719136238098,0.06251168996095657,0.06354450434446335,0.06251397728919983,0.09969402104616165,,96,0.1946071982383728,0.0,True,0.06290700679229067,0.01323804916763517,0.004339693436941534,0.004327292813595523,0.0043312683407115546,0.00280720554234052,0.01,0.0,0.00023042390239425004,0.21316592395305634,0.12388705462217331,0.10053249448537827,0.00014777206524740905,0.0,0.03555024415254593,0.0,0.12388705462217331,0.017500537069463175,0.042609712450740994,0.011614598798130866,0.0115776660978176,0.011585432813355072,0.010792086113768544
23,high_key,smooth_gradient,a0.1_s0,0.10053249448537827,0.0019592398311942816,0.06146933510899544,12.113414844561078,0.06390989571809769,0.05902877077460289,0.06392092257738113,0.05902821570634842,0.06389883905649185,0.05902935564517975,0.09629237651824951,,96,0.1946071982383728,0.0,True,0.13754598501011375,0.002868753087627629,0.00044110699465394685,0.0004382464114211688,0.00043968943310971655,0.00011058993109208307,0.1,0.0,5.797427729703486e-05,0.21316592395305634,0.058016564697027206,0.10053249448537827,0.0003516155993565917,0.0,0.016076242551207542,0.0,0.058016564697027206,0.038698528783987975,0.006858462955998717,0.0010738054265565856,0.0010665401027761302,0.00107032713450853,0.0003146028404652051
23,high_key,smooth_gradient,a1_s0,0.10053249448537827,0.01366856787353754,0.04932548850774765,13.069286049066157,0.0635460913181305,0.0351048968732357,0.0635540783405304,0.035108670592308044,0.06353809684515,0.03510113060474396,0.07127567380666733,,96,0.1946071982383728,0.0,True,0.09579525849518537,0.0009852108331710248,0.0002845354818842097,0.00028378696415517704,0.000283981635107262,1.513823047597955e-05,1.0,0.0,2.35678703575104e-06,0.21316592395305634,0.04360252246260643,0.10053249448537827,0.0029258017893880606,0.0,0.010742765851318836,0.0,0.04360252246260643,0.026845612303482827,0.002267900349734565,0.0006852852736844785,0.0006835006892100405,0.0006839908609363989,3.962658333155118e-05
23,high_key,smooth_gradient,a10_s0,0.10053249448537827,0.05480382591485977,0.032029446214437485,14.944505701745518,0.06188992038369179,0.002168944338336587,0.06189404055476189,0.0021700772922486067,0.06188585236668587,0.002167812315747142,0.018819140270352364,,96,0.1946071982383728,0.0,True,0.01787084172472924,5.236971010778705e-05,5.711876460721187e-05,5.702104879324655e-05,5.7016110685387265e-05,4.8273543965650244e-05,10.0,0.0,2.7989487989543704e-06,0.21316592395305634,0.01834246516227722,0.10053249448537827,0.03308818116784096,0.0,0.0021715646144002676,0.0,0.01834246516227722,0.004957006650042023,0.00012547871601739364,0.00013423977448396703,0.00013401066451336477,0.00013399899021620583,0.00011530253076707699
23,high_key,smooth_gradient,a0_s0.01,0.10053249448537827,0.0005714187864214182,0.06358274072408676,11.966607558221032,0.06456899642944336,0.06259644031524658,0.06456580758094788,0.06256404519081116,0.06457225978374481,0.0626288428902626,0.09956378489732742,,96,0.1946071982383728,0.0,True,0.2071019490056896,3.3765348789965045e-06,1.232363936967916e-06,3.099334128750669e-07,2.0038461023043173e-06,1.0229930762074831e-06,0.0,0.01,0.0025942143984138966,0.21316592395305634,0.03968203812837601,0.10053249448537827,0.00017459843365941197,0.0,0.0935695469379425,0.0,0.03968203812837601,0.058591193656853675,1.1615228674647326e-05,7.0071159775641875e-06,1.6583433696780477e-06,9.712382131821248e-06,6.8720461275615665e-06
23,high_key,smooth_gradient,a0_s0.1,0.10053249448537827,0.004274941980838776,0.06440579146146774,11.910750784993647,0.07014286518096924,0.05866868048906326,0.07028041779994965,0.058625128120183945,0.070005401968956,0.058712225407361984,0.09434573352336884,,96,0.1946071982383728,0.0,True,0.16093532809902258,9.012237842385477e-06,1.493088049732676e-06,4.4606959671132235e-06,1.964327960649235e-06,2.678872705086599e-06,0.0,0.1,0.026936404407024384,0.21316592395305634,0.037527717649936676,0.10053249448537827,0.0005221699830144644,0.0,0.06487802416086197,0.0,0.037527717649936676,0.0453920341570544,3.074157648279944e-05,7.968422979023879e-06,2.1343263582926473e-05,1.1746859898165679e-05,1.7192859265810513e-05
23,high_key,smooth_gradient,a0_s1,0.10053249448537827,0.019065704196691513,0.0872202217578888,10.593828134651034,0.13740798830986023,0.03703244775533676,0.1374969333410263,0.03675207868218422,0.13731908798217773,0.0373128280043602,0.07966116070747375,,96,0.1946071982383728,0.0,True,0.0001832189101702418,2.0625980276389323e-06,3.000199596755683e-06,6.4032646507589005e-06,3.81865803286105e-06,1.0081439365974512e-06,0.0,1.0,0.26320770382881165,0.3337320387363434,0.008151821792125702,0.10053249448537827,0.010913882404565811,0.0,0.03888355568051338,0.0,0.008151821792125702,5.585780384452509e-05,9.31794840486941e-06,1.079998362490583e-05,2.2799560282251336e-05,1.81301990594075e-05,6.925208253485271e-06
23,high_key,smooth_gradient,a0.1_s0.1,0.10053249448537827,0.006191073916852474,0.06232146546244621,12.053623429675373,0.06960500776767731,0.055037930607795715,0.06987536698579788,0.054703861474990845,0.06933465600013733,0.05537198483943939,0.09122321009635925,,96,0.1946071982383728,0.0,True,0.16807554733679886,5.022308911035806e-06,2.5348734651332263e-06,5.425530844895608e-06,4.14098285800407e-06,2.2605854885393418e-06,0.1,0.1,0.02740868739783764,0.21316592395305634,0.03823884204030037,0.10053249448537827,0.0007651852210983634,0.0,0.016020040959119797,0.0,0.03823884204030037,0.047373004045167054,1.4687315746815568e-05,9.663152092251149e-06,2.117344224171576e-05,1.608592867246167e-05,8.170309110515653e-06
23,high_key,smooth_gradient,a1_s0.1,0.10053249448537827,0.017620781436562538,0.05097413435578346,12.926501406885897,0.06960750371217728,0.03234077990055084,0.06902050971984863,0.03209824115037918,0.07019445300102234,0.032583341002464294,0.06758466362953186,,96,0.1946071982383728,0.0,True,0.09590771542765497,0.00018100288780293415,2.1432538050048394e-05,1.1421634285559586e-05,1.7862197035869363e-05,2.8781542616494695e-06,1.0,0.1,0.02450164034962654,0.21316592395305634,0.03417582809925079,0.10053249448537827,0.0039651948027312756,0.0,0.010238002985715866,0.0,0.03417582809925079,0.026834017837517488,0.00041490013087381564,6.210867317860875e-05,3.26076333474843e-05,4.9056353868042907e-05,8.832072721583473e-06
23,high_key,smooth_gradient,a1_s1,0.10053249448537827,0.03817763552069664,0.06586199253797531,11.813651346147314,0.11187562346458435,0.019848328083753586,0.11230882257223129,0.020330466330051422,0.11144256591796875,0.019366169348359108,0.05462544411420822,,96,0.1946071982383728,0.0,True,0.012716850506264836,1.1769902739449434e-05,5.3721272576513555e-06,4.624205386012622e-06,2.7175367765286373e-06,5.741116036614107e-06,1.0,1.0,0.28792375326156616,0.31984132528305054,0.015375413931906223,0.10053249448537827,0.013775252737104893,0.0,0.009026970714330673,0.0,0.015375413931906223,0.003734282775736865,3.497030573630724e-05,1.6926995360642816e-05,1.536735678021643e-05,1.0775028042824772e-05,2.06359158116847e-05
23,high_key,stripes_4,identity,0.10240848362445831,0.10240848362445831,0.12214991450309753,9.13106832667998,0.12214914709329605,0.1221507266163826,0.12214946746826172,0.12216725945472717,0.12214883416891098,0.12213412672281265,0.0,,0,0.5,0.5,True,0.0,9.028655815484188e-17,9.028655815484188e-17,9.028655815484188e-17,9.028655815484188e-17,9.028655815484188e-17,0.0,0.0,0.0,0.0,0.0,0.10240848362445831,0.10240848362445831,0.0,0.0,0.0,0.0,0.0,0.0,0.0,0.0,0.0,0.0
23,high_key,stripes_4,global,0.10240846127271652,0.0036145432386547327,0.07705964893102646,11.131729738808335,0.07706286013126373,0.0770563930273056,0.07707324624061584,0.07705870270729065,0.07705256342887878,0.07705412060022354,0.10034196078777313,,6,0.5,0.0,True,2.6333915475128523e-16,1.2951999645660825e-16,3.0516074853788223e-16,2.9340882332541557e-16,3.2694681347149907e-16,1.5750963499043458e-16,0.0,0.0,0.00140706158708781,0.5606859922409058,-0.0,0.10240846127271652,0.0036145432386547327,0.0,0.35791197419166565,0.0,-0.0,0.0,0.0,0.0,0.0,0.0,0.0
23,high_key,stripes_4,a0_s0,0.10240846127271652,0.0035087214782834053,0.07670578360557556,11.151718890720053,0.07319144904613495,0.08022011071443558,0.07320020347833633,0.0802212506532669,0.07318268716335297,0.08021897077560425,0.10120585560798645,,96,0.5,0.0,True,0.004227163714112334,6.637087398101568e-06,0.00033286687157619367,0.0003327592200272294,0.0003329934368773891,7.1998739152029e-05,0.0,0.0,0.0003515424323268235,0.1439972072839737,0.048008210957050323,0.10240846127271652,0.0035087214782834053,0.0,0.3543733060359955,0.0,0.048008210957050323,0.001530803527747024,7.69024240385719e-05,0.0016884607457587763,0.001687574868916349,0.0016892208877624657,0.0005818999140557585
23,high_key,stripes_4,a0.01_s0,0.10240846127271652,0.007009969092905521,0.07555852830410004,11.217165096654089,0.0718049481511116,0.07931207865476608,0.0718141421675682,0.07931450009346008,0.07179578393697739,0.07930970937013626,0.09686687588691711,,96,0.5,0.0,True,0.0022812270830866004,5.851405527280438e-05,0.0004399499736141332,0.00043988127215239766,0.00044007683778922365,9.767859165301843e-05,0.01,0.0,0.0003283940604887903,0.1439972072839737,0.045120202004909515,0.10240846127271652,0.003977040760219097,0.0,0.30329281091690063,0.0,0.045120202004909515,0.0009113167547120102,0.0005744725345890879,0.0017459122574615394,0.0017453947860909121,0.001746522646560375,0.0007475375492658204
23,high_key,stripes_4,a0.1_s0,0.10240846127271652,0.020156415179371834,0.0949670597910881,10.22427007676603,0.08824747800827026,0.10168661922216415,0.08825661242008209,0.10169212520122528,0.08823838829994202,0.10168111324310303,0.07663486152887344,,96,0.5,0.0,True,0.005305936129313106,0.0006751033988104134,1.761161581220457e-05,1.759266462479848e-05,1.7610456687991578e-05,0.00012588915346522497,0.1,0.0,6.141400490378146e-07,0.1439972072839737,0.03000275231897831,0.10240846127271652,0.012205684557557106,0.0,0.07950730621814728,0.0,0.03000275231897831,0.001962462096743331,0.0025744836890580183,6.522841996961728e-05,6.514424405681122e-05,6.523759204333889e-05,0.0006781830755217955
23,high_key,stripes_4,a1_s0,0.10240846127271652,0.042107559740543365,0.11719104647636414,9.311055676220782,0.11104685068130493,0.12333525717258453,0.11105325073003769,0.12334254384040833,0.11104042083024979,0.12332795560359955,0.046524450182914734,,96,0.5,0.0,True,0.00404685464114971,0.00016069903241995115,1.1821434492273478e-05,1.1813154610563544e-05,1.1818546155793004e-05,2.6846050332169724e-05,1.0,0.0,1.1390694680812885e-06,0.1439972072839737,0.01707579754292965,0.10240846127271652,0.030335571616888046,0.0,0.01177198812365532,0.0,0.01707579754292965,0.0013752099286722095,0.0004278353074802084,3.577706838804031e-05,3.5750471138333386e-05,3.577148860667501e-05,7.988987925089747e-05
23,high_key,stripes_4,a10_s0,0.10240846127271652,0.07594934850931168,0.11264194548130035,9.482998572742558,0.11200465261936188,0.11327922344207764,0.11200817674398422,0.11329199373722076,0.11200116574764252,0.11326641589403152,0.009547906927764416,,96,0.5,0.0,True,0.000927207691452544,4.296608201463434e-06,2.9711716736760383e-06,2.9703886116104146e-06,2.971149229402738e-06,1.1654983396636824e-06,10.0,0.0,2.3787647478457075e-06,0.1439972072839737,0.005580507218837738,0.10240846127271652,0.06091825291514397,0.0,0.0015031095826998353,0.0,0.005580507218837738,0.00028958550178671567,1.0697393644462505e-05,7.881799166827983e-06,7.879530958928961e-06,7.881881729395824e-06,3.3545269204201754e-06
23,high_key,stripes_4,a0_s0.01,0.10240846127271652,0.0036286760587245226,0.07684917002916336,11.143608185181844,0.07413548976182938,0.07956286519765854,0.07413079589605331,0.079558365046978,0.07414015382528305,0.07956736534833908,0.10069440305233002,,96,0.5,0.0,True,0.005749288024838479,3.2851653734536396e-10,5.100805392078846e-07,4.977142028922566e-07,3.1575890219791783e-07,1.2725928315117511e-07,0.0,0.01,0.0020125473383814096,0.1439972072839737,0.008617585524916649,0.10240846127271652,0.003542500315234065,0.0,0.35535910725593567,0.0,0.008617585524916649,0.0017298552059974118,3.871766671161427e-09,3.808263775186691e-06,2.2884146144708697e-06,2.074771624640415e-06,1.081859930626705e-06
23,high_key,stripes_4,a0_s0.1,0.10240846127271652,0.005098812282085419,0.0797283872961998,10.983870204976984,0.07953017950057983,0.07992661744356155,0.07962214946746826,0.0799579918384552,0.07943817228078842,0.07989516854286194,0.09663140773773193,,96,0.5,0.0,True,1.5115031628262462e-05,6.274713908614814e-08,9.099217769042812e-07,1.617005804515922e-06,2.794370057237471e-06,3.978460028486802e-08,0.0,0.1,0.02313610352575779,0.1439972072839737,0.005115101113915443,0.10240846127271652,0.0045873019844293594,0.0,0.2814135253429413,0.0,0.005115101113915443,5.673869609243432e-06,6.060013608560982e-07,4.856698591682008e-06,8.462023329255948e-06,1.7384865816507602e-05,5.078785630802497e-07
23,high_key,stripes_4,a0_s1,0.10240846127271652,0.021772444248199463,0.10559823364019394,9.763433462599023,0.10552436113357544,0.10567210614681244,0.10556979477405548,0.10599154978990555,0.10547896474599838,0.10535258799791336,0.07863053679466248,,96,0.5,0.0,True,2.5878555055829205e-05,1.4749063767878985e-06,4.804733891294223e-06,1.583653338607705e-06,1.9219989418949304e-06,7.242106161682891e-07,0.0,1.0,0.30530473589897156,0.3590822219848633,0.007195095531642437,0.10240846127271652,0.014577347785234451,0.0,0.06690925359725952,0.0,0.007195095531642437,1.3123912964371035e-05,9.160043790253825e-06,1.9439222144628665e-05,8.247210074266451e-06,7.860148116939913e-06,5.359301569193166e-06
23,high_key,stripes_4,a0.1_s0.1,0.10240846127271652,0.021533822640776634,0.0953192338347435,10.20819457121641,0.09405961632728577,0.09657884389162064,0.0940801352262497,0.09652338176965714,0.09403908252716064,0.09663429856300354,0.07554025202989578,,96,0.5,0.0,True,9.428670429657952e-05,9.154422145450794e-06,6.0885707959969236e-06,8.279543980973363e-06,5.319572206204076e-06,1.1937441851155886e-06,0.1,0.1,0.02812821976840496,0.1439972072839737,0.009753082878887653,0.10240846127271652,0.01239548996090889,0.0,0.08163022994995117,0.0,0.009753082878887653,2.8853210959602787e-05,5.133742348993608e-05,2.377361931760837e-05,2.7104307230664317e-05,1.7759717461054973e-05,8.814212766092395e-06
23,high_key,stripes_4,a1_s0.1,0.10240846127271652,0.043508511036634445,0.11765691637992859,9.293825380387508,0.11416666954755783,0.12114715576171875,0.11425043642520905,0.12124056369066238,0.11408296227455139,0.12105366587638855,0.045810725539922714,,96,0.5,0.0,True,0.0016633088869083444,6.414186475027293e-06,5.703038871636887e-06,2.2789694784391533e-06,6.749162355365428e-06,3.111774784323434e-06,1.0,0.1,0.029680954292416573,0.1439972072839737,0.011577283032238483,0.10240846127271652,0.03065010905265808,0.0,0.011700675822794437,0.0,0.011577283032238483,0.0004985024473536302,2.051476645257405e-05,2.593257719998978e-05,1.0283006389304907e-05,2.2665353889599314e-05,1.2696079768569547e-05
23,high_key,stripes_4,a1_s1,0.10240846127271652,0.05103014409542084,0.11823466420173645,9.272551777316444,0.11793267726898193,0.11853660643100739,0.11843342334032059,0.11836355179548264,0.11743194609880447,0.1187097504734993,0.045533716678619385,,96,0.5,0.0,True,6.338886489233975e-05,2.7427218717623744e-06,3.190339948323808e-06,2.5781373214564704e-06,4.304596325392224e-06,3.830564804535486e-06,1.0,1.0,0.30397647619247437,0.34172889590263367,0.00808013416826725,0.10240846127271652,0.031026098877191544,0.0,0.011923909187316895,0.0,0.00808013416826725,2.1665575043031137e-05,1.2444173914272592e-05,1.0957705482323778e-05,8.78511913725787e-06,1.621051049880942e-05,1.841464360828757e-05
23,high_key,stripes_12,identity,0.030809981748461723,0.030809981748461723,0.13173991441726685,8.802826230268932,0.1317470669746399,0.1317327618598938,0.13175535202026367,0.13175572454929352,0.13173873722553253,0.1317097544670105,0.0,,0,0.5,0.5,True,0.0,9.028655815484188e-17,9.028655815484188e-17,9.028655815484188e-17,9.028655815484188e-17,9.028655815484188e-17,0.0,0.0,0.0,0.0,0.0,0.030809981748461723,0.030809981748461723,0.0,0.0,0.0,0.0,0.0,0.0,0.0,0.0,0.0,0.0
23,high_key,stripes_12,global,0.030809972435235977,2.9167819270981e-09,0.10817954689264297,9.658548419218429,0.10818606615066528,0.10817302018404007,0.10819897800683975,0.10818428546190262,0.1081731840968132,0.10816176235675812,0.051032934337854385,,6,0.5,0.0,True,4.13170436970158e-17,4.3944972763004665e-16,4.607482768792326e-16,3.964189486246033e-16,3.839487415278125e-16,2.451366052143057e-16,0.0,0.0,3.580698830774054e-06,0.3477202355861664,-0.0,0.030809972435235977,2.9167819270981e-09,0.0,0.04472724720835686,0.0,-0.0,0.0,0.0,0.0,0.0,0.0,0.0
23,high_key,stripes_12,a0_s0,0.030809972435235977,8.734729384229922e-09,0.10811253637075424,9.661239437805682,0.10733796656131744,0.10888707637786865,0.10735730081796646,0.10890612006187439,0.10731865465641022,0.1088680624961853,0.05108777806162834,,96,0.5,0.0,True,3.329623412744993e-06,2.024009402603929e-05,4.2072622212817545e-07,4.1304479804388667e-07,4.134930642881329e-07,0.0001367029158155862,0.0,0.0,1.1691548706949106e-06,0.08697406947612762,0.0063965958543121815,0.030809972435235977,8.734729384229922e-09,0.0,0.045013364404439926,0.0,0.0063965958543121815,1.1035886612852055e-06,5.241203735544647e-05,1.4193351801049235e-06,1.372155584009558e-06,1.401106609202198e-06,0.0005980188545340187
23,high_key,stripes_12,a0.01_s0,0.030809972435235977,6.95390481268987e-05,0.14007502794265747,8.536392822258001,0.14064264297485352,0.13950735330581665,0.1406530737876892,0.13952209055423737,0.14063215255737305,0.1394926905632019,0.03649389371275902,,96,0.5,0.0,True,1.2039705645251836e-08,2.6304272837397374e-06,5.897938360876164e-07,5.843676168268433e-07,5.796457365699972e-07,1.3280231423689567e-05,0.01,0.0,3.9308928535319865e-05,0.08697406947612762,0.001946152769960463,0.030809972435235977,2.6751058612717316e-07,0.0,0.006927154492586851,0.0,0.001946152769960463,5.726047753139352e-09,5.732391827136104e-06,1.5488734868352504e-06,1.5207031261836027e-06,1.5262123162582827e-06,3.205538615475455e-05
23,high_key,stripes_12,a0.1_s0,0.030809972435235977,0.0006605819799005985,0.1387263834476471,8.578409354942739,0.13899976015090942,0.1384529173374176,0.13901245594024658,0.1384686529636383,0.13898713886737823,0.13843724131584167,0.0350654162466526,,96,0.5,0.0,True,1.1537350847053354e-06,1.5459098665465183e-06,7.081334515312256e-09,6.66216522398123e-09,6.34594659416699e-09,2.5886745041808967e-06,0.1,0.0,1.4745028238394298e-06,0.08697406947612762,0.0009179660119116306,0.030809972435235977,1.798135599528905e-05,0.0,0.006426006555557251,0.0,0.0009179660119116306,3.6135430297924863e-07,3.6013989760611126e-06,1.926674876084401e-08,1.7537913226273883e-08,1.766059881190928e-08,6.440409504673311e-06
23,high_key,stripes_12,a1_s0,0.030809972435235977,0.005349552258849144,0.13206246495246887,8.792206008592775,0.13222579658031464,0.1318991482257843,0.13223789632320404,0.1319158524274826,0.13221363723278046,0.13188256323337555,0.024380292743444443,,96,0.5,0.0,True,4.3974716885871595e-06,7.989053787292834e-07,1.657262172204367e-08,1.6371564324842706e-08,1.6190604903479973e-08,1.5163798992497881e-06,1.0,0.0,5.671467988577206e-07,0.08697406947612762,0.0009248302085325122,0.030809972435235977,0.0010942977387458086,0.0,0.004255254287272692,0.0,0.0009248302085325122,1.4522092973484287e-06,1.8770886568651723e-06,4.615600811035341e-08,4.522417361646834e-08,4.528403343527096e-08,3.814816426463602e-06
23,high_key,stripes_12,a10_s0,0.030809972435235977,0.02001866325736046,0.1252400279045105,9.022568442907215,0.12537464499473572,0.1251053810119629,0.12538370490074158,0.12512469291687012,0.12536555528640747,0.12508617341518402,0.004356717225164175,,96,0.5,0.0,True,4.238592206413796e-06,8.755353571780354e-08,1.4161637154476224e-08,1.4132592292273644e-08,1.4104178474502028e-08,2.2933756830980916e-07,10.0,0.0,1.9869089555868413e-06,0.08697406947612762,0.0005125131574459374,0.030809972435235977,0.013392236083745956,0.0,0.0006626427639275789,0.0,0.0005125131574459374,1.3174037338022232e-06,2.138152079985616e-07,3.706586071679264e-08,3.693473057125937e-08,3.693179103370285e-08,5.811660661582341e-07
23,high_key,stripes_12,a0_s0.01,0.030809972435235977,4.5420452806865796e-05,0.10898163169622421,9.626466940336593,0.10899867117404938,0.10896458476781845,0.1089877039194107,0.10899343341588974,0.10900961607694626,0.10893575847148895,0.050515756011009216,,96,0.5,0.0,True,6.413362210298638e-07,1.2811087659972534e-06,8.011627927090041e-07,1.5822652457192105e-06,6.812330965167872e-07,1.1317903687816624e-06,0.0,0.01,0.0030929262284189463,0.08697406947612762,0.004519302397966385,0.030809972435235977,2.274288704029459e-07,0.0,0.0429990291595459,0.0,0.004519302397966385,2.8177619067204486e-07,4.869726416823621e-06,3.755298469687603e-06,7.490010037732555e-06,2.916958163761394e-06,7.371754305263148e-06
23,high_key,stripes_12,a0_s0.1,0.030809972435235977,0.0007155837374739349,0.12591877579689026,8.999095072470798,0.12597879767417908,0.12585872411727905,0.12578453123569489,0.12581276893615723,0.12617307901382446,0.12590472400188446,0.041646454483270645,,96,0.5,0.0,True,1.2296555864704303e-05,2.060080287852955e-06,2.1948428074346093e-06,1.8238096079177407e-06,2.509346077009037e-06,2.374470232771111e-06,0.0,0.1,0.030330035835504532,0.08697406947612762,0.007140038534998894,0.030809972435235977,1.5798871118022362e-06,0.0,0.019228409975767136,0.0,0.007140038534998894,7.366039363749212e-06,7.5391733008250735e-06,1.0331728587911062e-05,7.064345554862703e-06,1.0041674059629835e-05,1.2481203838016729e-05
23,high_key,stripes_12,a0_s1,0.030809972435235977,0.009581709280610085,0.13649629056453705,8.64879150888738,0.13647674024105072,0.13651588559150696,0.13635915517807007,0.13636502623558044,0.1365942806005478,0.1366666704416275,0.038003332912921906,,96,0.5,0.0,True,2.397796351898957e-05,4.172174063585243e-06,6.14192239249522e-06,2.583010497004832e-06,2.4477636674437518e-06,4.856466232725186e-06,0.0,1.0,0.31256577372550964,0.33230987191200256,0.009577134624123573,0.030809972435235977,4.57452779301093e-06,0.0,0.010090854950249195,0.0,0.009577134624123573,1.542035820522799e-05,1.6979389054940463e-05,2.4481810632349046e-05,1.1842931018617862e-05,9.472130468930529e-06,1.868841524944096e-05
23,high_key,stripes_12,a0.1_s0.1,0.030809972435235977,0.0015728846192359924,0.13857018947601318,8.583301891943544,0.13847333192825317,0.13866710662841797,0.13850830495357513,0.13904204964637756,0.13843828439712524,0.1382921040058136,0.03510768339037895,,96,0.5,0.0,True,1.869766262435297e-05,3.926366026757328e-06,6.405850571953806e-06,2.570519263339944e-06,7.509028115935435e-06,2.450446096173187e-06,0.1,0.1,0.03274698555469513,0.08697406947612762,0.009075049310922623,0.030809972435235977,2.087385109916795e-05,0.0,0.006445059087127447,0.0,0.009075049310922623,8.636456166714023e-06,1.2053813365359099e-05,2.9255604569717765e-05,1.055390292466202e-05,2.7001906012604802e-05,1.0025776068731427e-05
23,high_key,stripes_12,a1_s0.1,0.030809972435235977,0.005986662115901709,0.13205070793628693,8.792592661571797,0.13212572038173676,0.13197572529315948,0.13218854367733002,0.1320611834526062,0.13206294178962708,0.13189029693603516,0.024371841922402382,,96,0.5,0.0,True,1.1559045243808792e-05,2.7333331780963818e-06,3.430785072114596e-06,1.5413882533955695e-06,1.7451875773573985e-06,2.830071858923532e-06,1.0,0.1,0.03175363317131996,0.08697406947612762,0.0062543717212975025,0.030809972435235977,0.0010979200014844537,0.0,0.004263305105268955,0.0,0.0062543717212975025,5.293166780924969e-06,8.938060309858222e-06,1.1090473353822556e-05,7.844279399949047e-06,7.218008021217179e-06,1.054723148996818e-05
23,high_key,stripes_12,a1_s1,0.030809972435235977,0.012672686018049717,0.132055401802063,8.792438290284624,0.13205353915691376,0.13205720484256744,0.13187174499034882,0.13216274976730347,0.13223540782928467,0.13195163011550903,0.024444103240966797,,96,0.5,0.0,True,1.0016925728427317e-05,3.190603755992289e-06,3.305135459673461e-06,3.2092109279172533e-06,4.094127245936399e-06,3.7159184211355563e-06,1.0,1.0,0.31244829297065735,0.34291693568229675,0.007308103144168854,0.030809972435235977,0.0010869154939427972,0.0,0.004277667496353388,0.0,0.007308103144168854,3.936239528676805e-06,1.3013790086179282e-05,1.2350631241361526e-05,1.1501973594180179e-05,1.4067273129400147e-05,1.2859834079302717e-05
