index,low,step,psnr,ssim,ev_lower,ev_upper,ev_either,gamma_lower,gamma_upper,gamma_either
0,Train/Low/low00653.png,0,7.577956184097701,0.04125385285155529,1.0,0.0,1.0,0.0,0.0,0.0
0,Train/Low/low00653.png,1,7.607553962282285,0.04452727535775015,0.25,0.0,0.25,0.0,0.0,0.0
0,Train/Low/low00653.png,2,7.6431217227881945,0.04845916371992021,0.25,0.0,0.25,0.0,0.0,0.0
0,Train/Low/low00653.png,3,7.688213165682839,0.05335748962622755,0.25,0.0,0.25,0.0,0.0,0.0
0,Train/Low/low00653.png,4,7.739483549819791,0.05888986712781886,0.25,0.0,0.25,0.0,0.0,0.0
0,Train/Low/low00653.png,5,7.795205777175842,0.06487980958636176,0.25,0.0,0.25,0.0,0.0,0.0
0,Train/Low/low00653.png,6,7.854857125707502,0.07126501000742456,0.25,0.0,0.25,0.0,0.0,0.0
0,Train/Low/low00653.png,7,7.918143699601322,0.07800341367950901,0.25,0.0,0.25,0.0,0.0,0.0
0,Train/Low/low00653.png,8,7.986026704228238,0.08515899581141614,0.0,0.0,0.0,0.0,0.0,0.0
0,Train/Low/low00653.png,9,8.047236033241997,0.09164776006550528,0.0,0.75,0.75,0.0,0.0,0.0
0,Train/Low/low00653.png,10,8.098053334995562,0.09713745860883137,0.0,0.75,0.75,0.0,0.0,0.0
0,Train/Low/low00653.png,11,8.150952875613545,0.10280654914946331,0.0,0.75,0.75,0.0,0.0,0.0
0,Train/Low/low00653.png,12,8.183219329919796,0.10598891904116588,0.0,0.75,0.75,0.75,0.0,0.75
0,Train/Low/low00653.png,13,8.203141196249963,0.10775755027925611,0.0,0.75,0.75,0.75,0.0,0.75
0,Train/Low/low00653.png,14,8.224332217097217,0.10964729067951359,0.0,0.75,0.75,0.75,0.0,0.75
0,Train/Low/low00653.png,15,8.245988793218,0.11158579022255413,0.0,0.75,0.75,0.75,0.0,0.75
0,Train/Low/low00653.png,16,8.266768821280406,0.11345366214558128,0.0,0.75,0.75,0.75,0.0,0.75
0,Train/Low/low00653.png,17,8.281321786409983,0.11476426461765014,0.0,0.75,0.75,1.0,0.0,1.0
0,Train/Low/low00653.png,18,8.282716425893666,0.11488178374256695,0.0,0.75,0.75,1.0,0.0,1.0
0,Train/Low/low00653.png,19,8.281971421463785,0.11481901509751602,0.0,0.75,0.75,1.0,0.0,1.0
0,Train/Low/low00653.png,20,8.279602227279323,0.11461925165360584,0.0,0.75,0.75,1.0,0.0,1.0
0,Train/Low/low00653.png,21,8.276059636563515,0.11432012604726532,0.0,0.75,0.75,1.0,0.0,1.0
0,Train/Low/low00653.png,22,8.271729627512983,0.11395383555911864,0.0,0.75,0.75,1.0,0.0,1.0
0,Train/Low/low00653.png,23,8.266952416293078,0.11354888349000727,0.0,0.75,0.75,1.0,0.0,1.0
0,Train/Low/low00653.png,24,8.262034862538329,0.1131311539927602,0.0,0.75,0.75,1.0,0.0,1.0
0,Train/Low/low00653.png,25,8.257249757426067,0.11272385823415673,0.0,0.75,0.75,1.0,0.0,1.0
0,Train/Low/low00653.png,26,8.252832018012429,0.11234714553084726,0.0,0.75,0.75,1.0,0.0,1.0
0,Train/Low/low00653.png,27,8.248977858169328,0.11201797515503027,0.0,0.75,0.75,1.0,0.0,1.0
0,Train/Low/low00653.png,28,8.245835963851405,0.11174929638920851,0.0,0.75,0.75,1.0,0.0,1.0
0,Train/Low/low00653.png,29,8.243498936637243,0.11154925785292881,0.0,0.75,0.75,1.0,0.0,1.0
0,Train/Low/low00653.png,30,8.242002561078563,0.11142109129030911,0.0,0.75,0.75,1.0,0.0,1.0
0,Train/Low/low00653.png,31,8.241334104899035,0.11136381531905833,0.0,0.75,0.75,1.0,0.0,1.0
0,Train/Low/low00653.png,32,8.241442304032772,0.11137308710191712,0.0,0.75,0.75,1.0,0.0,1.0
0,Train/Low/low00653.png,33,8.242247838848666,0.11144210465208523,0.0,0.75,0.75,1.0,0.0,1.0
0,Train/Low/low00653.png,34,8.243650623881635,0.11156224630191841,0.0,0.75,0.75,1.0,0.0,1.0
0,Train/Low/low00653.png,35,8.2455350134598,0.1117235463508793,0.0,0.75,0.75,1.0,0.0,1.0
0,Train/Low/low00653.png,36,8.247773088316446,0.11191498497691882,0.0,0.75,0.75,1.0,0.0,1.0
0,Train/Low/low00653.png,37,8.250226884097188,0.11212470024229222,0.0,0.75,0.75,1.0,0.0,1.0
0,Train/Low/low00653.png,38,8.252752528007786,0.11234036161890641,0.0,0.75,0.75,1.0,0.0,1.0
0,Train/Low/low00653.png,39,8.255205628064166,0.11254962836701901,0.0,0.75,0.75,1.0,0.0,1.0
0,Train/Low/low00653.png,40,8.2574496083771,0.11274088510698578,0.0,0.75,0.75,1.0,0.0,1.0
1,Train/Low/low00651.png,0,8.735741972072335,0.17220725137110715,1.0,0.5,1.0,0.5,0.5,0.5
1,Train/Low/low00651.png,1,8.806325773034793,0.1820218606917681,0.5,0.5,0.5,0.5,0.5,0.5
1,Train/Low/low00651.png,2,8.879954590548977,0.19236813764129873,0.5,0.5,0.5,0.5,0.5,0.5
1,Train/Low/low00651.png,3,8.95524654310844,0.20305246371967967,0.5,0.5,0.5,0.5,0.5,0.5
1,Train/Low/low00651.png,4,9.030820254796833,0.2138676329712729,0.5,0.5,0.5,0.5,0.5,0.5
1,Train/Low/low00651.png,5,9.10563949511499,0.2246358030385119,0.5,0.5,0.5,0.5,0.5,0.5
1,Train/Low/low00651.png,6,9.178984590289275,0.23521094233156603,0.5,0.5,0.5,0.5,0.5,0.5
1,Train/Low/low00651.png,7,9.250213543196539,0.24545513159732885,0.5,0.5,0.5,0.5,0.5,0.5
1,Train/Low/low00651.png,8,9.31874712476573,0.25524541809462475,0.5,0.5,0.5,0.5,0.5,0.5
1,Train/Low/low00651.png,9,9.384093651111886,0.26448488269436177,0.5,0.5,0.5,0.5,0.5,0.5
1,Train/Low/low00651.png,10,9.435960619657315,0.27145226461267175,0.5,0.75,0.75,0.5,0.5,0.5
1,Train/Low/low00651.png,11,9.47111689325425,0.2763506333140519,0.5,1.0,1.0,0.5,0.5,0.5
1,Train/Low/low00651.png,12,9.494639897090355,0.2799054390844982,0.5,1.0,1.0,0.5,0.5,0.5
1,Train/Low/low00651.png,13,9.511690030038299,0.28242841624558235,0.5,1.0,1.0,0.75,0.5,0.75
1,Train/Low/low00651.png,14,9.517467709883059,0.2830725357911489,0.5,1.0,1.0,0.75,0.5,0.75
1,Train/Low/low00651.png,15,9.52146471762779,0.2835178653211189,0.5,1.0,1.0,0.75,0.5,0.75
1,Train/Low/low00651.png,16,9.523826906248447,0.2837809382662372,0.5,1.0,1.0,0.75,0.5,0.75
1,Train/Low/low00651.png,17,9.524692329380457,0.28387729922597577,0.5,1.0,1.0,0.75,0.5,0.75
1,Train/Low/low00651.png,18,9.52419270400346,0.28382166974737005,0.5,1.0,1.0,0.75,0.5,0.75
1,Train/Low/low00651.png,19,9.522452777413376,0.2836279140727921,0.5,1.0,1.0,0.75,0.5,0.75
1,Train/Low/low00651.png,20,9.519592488392272,0.2833092972183865,0.5,1.0,1.0,0.75,0.5,0.75
1,Train/Low/low00651.png,21,9.515727758824553,0.2828786074839715,0.5,1.0,1.0,0.75,0.5,0.75
1,Train/Low/low00651.png,22,9.51097082557684,0.28234820134108496,0.5,1.0,1.0,0.75,0.5,0.75
1,Train/Low/low00651.png,23,9.505431609543331,0.28173020028293283,0.5,1.0,1.0,0.75,0.5,0.75
1,Train/Low/low00651.png,24,9.499218435398209,0.28103656336117067,0.5,1.0,1.0,0.75,0.5,0.75
1,Train/Low/low00651.png,25,9.492438094885102,0.28027911777260955,0.5,1.0,1.0,0.75,0.5,0.75
1,Train/Low/low00651.png,26,9.485196872739953,0.27946967921577665,0.5,1.0,1.0,0.75,0.5,0.75
1,Train/Low/low00651.png,27,9.477599956044894,0.2786199824658647,0.5,1.0,1.0,0.75,0.5,0.75
1,Train/Low/low00651.png,28,9.46975234226949,0.2777417890497087,0.5,1.0,1.0,0.75,0.5,0.75
1,Train/Low/low00651.png,29,9.461757873910779,0.2768467613969124,0.5,1.0,1.0,0.75,0.5,0.75
1,Train/Low/low00651.png,30,9.45371836101259,0.2759463712230568,0.5,1.0,1.0,0.75,0.5,0.75
1,Train/Low/low00651.png,31,9.445733596314476,0.2750518751887982,0.5,1.0,1.0,0.75,0.5,0.75
1,Train/Low/low00651.png,32,9.437900101359634,0.27417417342575306,0.5,1.0,1.0,0.75,0.5,0.75
1,Train/Low/low00651.png,33,9.430309504281517,0.2733236173228873,0.5,1.0,1.0,0.75,0.5,0.75
1,Train/Low/low00651.png,34,9.423047460841792,0.27250987813462846,0.5,1.0,1.0,0.75,0.5,0.75
1,Train/Low/low00651.png,35,9.416193130901506,0.2717418781024121,0.5,1.0,1.0,0.75,0.5,0.75
1,Train/Low/low00651.png,36,9.409816121433112,0.2710274551395569,0.5,1.0,1.0,0.75,0.5,0.75
1,Train/Low/low00651.png,37,9.403977026352965,0.270373407885562,0.5,1.0,1.0,0.75,0.5,0.75
1,Train/Low/low00651.png,38,9.398725265799857,0.26978526875415204,0.5,1.0,1.0,0.75,0.5,0.75
1,Train/Low/low00651.png,39,9.394099251249928,0.2692673178190392,0.5,1.0,1.0,0.75,0.5,0.75
1,Train/Low/low00651.png,40,9.390125306916715,0.2688224724488892,0.5,1.0,1.0,0.75,0.5,0.75
2,Train/Low/low00443.png,0,9.144681029213531,0.12113560426962044,0.25,0.75,1.0,0.0,0.0,0.0
2,Train/Low/low00443.png,1,9.078518272769498,0.1219881165330788,0.0,0.0,0.0,0.0,0.0,0.0
2,Train/Low/low00443.png,2,9.051839019074649,0.12210901703340596,0.0,0.0,0.0,0.0,0.0,0.0
2,Train/Low/low00443.png,3,9.028728788930422,0.12192202406994142,0.0,0.25,0.25,0.0,0.0,0.0
2,Train/Low/low00443.png,4,9.010592810139661,0.12152806709434358,0.0,0.25,0.25,0.0,0.0,0.0
2,Train/Low/low00443.png,5,9.002783780859499,0.12101091495038967,0.0,0.25,0.25,0.0,0.0,0.0
2,Train/Low/low00443.png,6,9.004469107419387,0.12046300013488213,0.0,0.0,0.0,0.0,0.0,0.0
2,Train/Low/low00443.png,7,9.011699219150382,0.11996208772798042,0.0,0.0,0.0,0.0,0.0,0.0
2,Train/Low/low00443.png,8,9.024920647032431,0.11952026411163415,0.0,0.0,0.0,0.0,0.0,0.0
2,Train/Low/low00443.png,9,9.040083243876385,0.1192185184450538,0.0,0.25,0.25,0.0,0.0,0.0
2,Train/Low/low00443.png,10,9.053582348918571,0.11911043525453964,0.0,0.25,0.25,0.0,0.0,0.0
2,Train/Low/low00443.png,11,9.072923544296172,0.1190015111520756,0.0,0.25,0.25,0.0,0.0,0.0
2,Train/Low/low00443.png,12,9.094541585581508,0.11888119219946736,0.0,0.25,0.25,0.25,0.0,0.25
2,Train/Low/low00443.png,13,9.11270653518286,0.11877267261174454,0.0,0.25,0.25,0.25,0.0,0.25
2,Train/Low/low00443.png,14,9.133813122620742,0.11858733235496895,0.0,0.25,0.25,0.25,0.0,0.25
2,Train/Low/low00443.png,15,9.15630853921651,0.11832993540953914,0.0,0.25,0.25,0.25,0.0,0.25
2,Train/Low/low00443.png,16,9.178569352753964,0.11801986910948985,0.0,0.25,0.25,0.25,0.0,0.25
2,Train/Low/low00443.png,17,9.199474733534043,0.11768723187894821,0.0,0.25,0.25,0.25,0.25,0.5
2,Train/Low/low00443.png,18,9.22529056288212,0.11760036353601044,0.0,0.25,0.25,0.25,0.25,0.5
2,Train/Low/low00443.png,19,9.249244408578821,0.11751817375016961,0.0,0.25,0.25,0.25,0.25,0.5
2,Train/Low/low00443.png,20,9.271689813266706,0.11743160226258859,0.0,0.25,0.25,0.25,0.25,0.5
2,Train/Low/low00443.png,21,9.293217865606634,0.11732224398067756,0.0,0.25,0.25,0.25,0.25,0.5
2,Train/Low/low00443.png,22,9.307976401570947,0.11732099527899825,0.0,0.25,0.25,0.5,0.25,0.75
2,Train/Low/low00443.png,23,9.317194487247548,0.1173944306479823,0.0,0.25,0.25,0.5,0.25,0.75
2,Train/Low/low00443.png,24,9.326922775000975,0.11739274308607249,0.0,0.25,0.25,0.5,0.25,0.75
2,Train/Low/low00443.png,25,9.332743703049909,0.11739347152398548,0.0,0.25,0.25,0.75,0.25,1.0
2,Train/Low/low00443.png,26,9.334740918353603,0.11740360372405753,0.0,0.25,0.25,0.75,0.25,1.0
2,Train/Low/low00443.png,27,9.33710778661365,0.11735538846133037,0.0,0.25,0.25,0.75,0.25,1.0
2,Train/Low/low00443.png,28,9.339410083242942,0.11726621840627087,0.0,0.25,0.25,0.75,0.25,1.0
2,Train/Low/low00443.png,29,9.341175787710783,0.11715630422742815,0.0,0.25,0.25,0.75,0.25,1.0
2,Train/Low/low00443.png,30,9.342015954262763,0.11704461503126035,0.0,0.25,0.25,0.75,0.25,1.0
2,Train/Low/low00443.png,31,9.341715919527063,0.11694558157312719,0.0,0.25,0.25,0.75,0.25,1.0
2,Train/Low/low00443.png,32,9.340273749463934,0.11686727044062356,0.0,0.25,0.25,0.75,0.25,1.0
2,Train/Low/low00443.png,33,9.337881976794963,0.11681122928858488,0.0,0.25,0.25,0.75,0.25,1.0
2,Train/Low/low00443.png,34,9.334863417776829,0.11677381011978205,0.0,0.25,0.25,0.75,0.25,1.0
2,Train/Low/low00443.png,35,9.331574328847003,0.11674870165498653,0.0,0.25,0.25,0.75,0.25,1.0
2,Train/Low/low00443.png,36,9.328309611099325,0.11672975424103568,0.0,0.25,0.25,0.75,0.25,1.0
2,Train/Low/low00443.png,37,9.32524664280081,0.11671287764572572,0.0,0.25,0.25,0.75,0.25,1.0
2,Train/Low/low00443.png,38,9.322439890890795,0.11669659268439363,0.0,0.25,0.25,0.75,0.25,1.0
2,Train/Low/low00443.png,39,9.319858861923976,0.11668141376028214,0.0,0.25,0.25,0.75,0.25,1.0
2,Train/Low/low00443.png,40,9.317449477575254,0.11666840490885602,0.0,0.25,0.25,0.75,0.25,1.0
3,Train/Low/low00327.png,0,11.337268637250693,0.2121969522943255,0.25,0.75,1.0,0.0,0.0,0.0
3,Train/Low/low00327.png,1,11.251751424474685,0.2115218351610995,0.0,0.25,0.25,0.0,0.0,0.0
3,Train/Low/low00327.png,2,11.167786287514934,0.21014459384212436,0.0,0.25,0.25,0.0,0.0,0.0
3,Train/Low/low00327.png,3,11.085971782433784,0.20812659947825551,0.0,0.25,0.25,0.0,0.0,0.0
3,Train/Low/low00327.png,4,11.00691904302076,0.20552686484762056,0.0,0.25,0.25,0.0,0.0,0.0
3,Train/Low/low00327.png,5,10.931494432622088,0.20242507254252126,0.0,0.25,0.25,0.0,0.0,0.0
3,Train/Low/low00327.png,6,10.860401772733283,0.1989425719361545,0.0,0.25,0.25,0.0,0.0,0.0
3,Train/Low/low00327.png,7,10.793787553357568,0.19523656168463321,0.0,0.25,0.25,0.0,0.0,0.0
3,Train/Low/low00327.png,8,10.731152163788572,0.19146985008182338,0.0,0.25,0.25,0.0,0.0,0.0
3,Train/Low/low00327.png,9,10.671848765125915,0.18778562727042586,0.0,0.25,0.25,0.0,0.0,0.0
3,Train/Low/low00327.png,10,10.615379300413093,0.1842932073942629,0.0,0.25,0.25,0.0,0.0,0.0
3,Train/Low/low00327.png,11,10.568581904741038,0.18120179814419538,0.25,0.25,0.5,0.0,0.0,0.0
3,Train/Low/low00327.png,12,10.545746866959771,0.1797589325192706,0.25,0.5,0.75,0.0,0.5,0.5
3,Train/Low/low00327.png,13,10.546391113602102,0.17955156251880286,0.25,0.25,0.5,0.0,0.75,0.75
3,Train/Low/low00327.png,14,10.555333494442152,0.17991808139082793,0.25,0.25,0.5,0.0,0.75,0.75
3,Train/Low/low00327.png,15,10.5615151184829,0.1803865482156168,0.0,0.25,0.25,0.0,0.75,0.75
3,Train/Low/low00327.png,16,10.56688805138998,0.18095681001970357,0.0,0.25,0.25,0.0,0.75,0.75
3,Train/Low/low00327.png,17,10.571555897144433,0.181589830929461,0.0,0.25,0.25,0.0,0.75,0.75
3,Train/Low/low00327.png,18,10.575632291125721,0.18224917522483403,0.0,0.25,0.25,0.0,0.75,0.75
3,Train/Low/low00327.png,19,10.579258683152375,0.18290210635436574,0.0,0.25,0.25,0.0,0.75,0.75
3,Train/Low/low00327.png,20,10.582586366971128,0.18352082086916754,0.0,0.25,0.25,0.0,0.75,0.75
3,Train/Low/low00327.png,21,10.58573602536182,0.18408330765864916,0.0,0.25,0.25,0.0,0.75,0.75
3,Train/Low/low00327.png,22,10.588776959200475,0.18457404712668798,0.0,0.25,0.25,0.0,0.75,0.75
3,Train/Low/low00327.png,23,10.577800040300268,0.1847993627392549,0.0,0.25,0.25,0.0,0.75,0.75
3,Train/Low/low00327.png,24,10.562428882136125,0.18474462252488816,0.0,0.25,0.25,0.0,0.75,0.75
3,Train/Low/low00327.png,25,10.547743923582974,0.18453366091658058,0.0,0.25,0.25,0.0,0.75,0.75
3,Train/Low/low00327.png,26,10.53714212000397,0.1842985705765348,0.0,0.25,0.25,0.0,0.75,0.75
3,Train/Low/low00327.png,27,10.533426774016696,0.18416116829751,0.0,0.25,0.25,0.0,0.75,0.75
3,Train/Low/low00327.png,28,10.537677858403319,0.18417993500589505,0.0,0.25,0.25,0.0,0.75,0.75
3,Train/Low/low00327.png,29,10.548987851805409,0.1843333999240641,0.0,0.25,0.25,0.0,0.75,0.75
3,Train/Low/low00327.png,30,10.56514717698158,0.1845491852008711,0.0,0.25,0.25,0.0,0.75,0.75
3,Train/Low/low00327.png,31,10.583111119966677,0.1847318949599408,0.0,0.0,0.0,0.0,0.75,0.75
3,Train/Low/low00327.png,32,10.599060059956331,0.1847866546462678,0.0,0.0,0.0,0.0,0.75,0.75
3,Train/Low/low00327.png,33,10.611007967484035,0.18465928429889727,0.0,0.0,0.0,0.0,0.75,0.75
3,Train/Low/low00327.png,34,10.618387392752549,0.18435005961234843,0.0,0.0,0.0,0.0,0.75,0.75
3,Train/Low/low00327.png,35,10.62195314727157,0.1839073392285573,0.0,0.0,0.0,0.0,0.75,0.75
3,Train/Low/low00327.png,36,10.623359643901917,0.18341143180417022,0.0,0.0,0.0,0.0,0.75,0.75
3,Train/Low/low00327.png,37,10.624661376037437,0.18295705314722255,0.0,0.0,0.0,0.0,0.75,0.75
3,Train/Low/low00327.png,38,10.627695717897174,0.1826294577158918,0.0,0.0,0.0,0.0,0.75,0.75
3,Train/Low/low00327.png,39,10.633423768319547,0.18247639070931845,0.0,0.0,0.0,0.0,0.75,0.75
3,Train/Low/low00327.png,40,10.636650560104785,0.18249385039610555,0.0,0.0,0.0,0.25,0.75,1.0
4,Train/Low/low00601.png,0,8.285448221514166,0.2039667036204439,1.0,0.0,1.0,0.0,0.0,0.0
4,Train/Low/low00601.png,1,8.42259901864342,0.22393964977750702,0.0,0.0,0.0,0.0,0.0,0.0
4,Train/Low/low00601.png,2,8.57064845290412,0.24482476245947898,0.0,0.0,0.0,0.0,0.0,0.0
4,Train/Low/low00601.png,3,8.72960605917918,0.266448211471877,0.0,0.0,0.0,0.0,0.0,0.0
4,Train/Low/low00601.png,4,8.899856634624305,0.28864599835710264,0.0,0.0,0.0,0.0,0.0,0.0
4,Train/Low/low00601.png,5,9.081993088428717,0.3112389969386202,0.0,0.0,0.0,0.0,0.0,0.0
4,Train/Low/low00601.png,6,9.276473327556904,0.3340047260150329,0.0,0.0,0.0,0.0,0.0,0.0
4,Train/Low/low00601.png,7,9.483455193077297,0.35667378157215857,0.0,0.0,0.0,0.0,0.0,0.0
4,Train/Low/low00601.png,8,9.702512978881337,0.37892467936556873,0.0,0.0,0.0,0.0,0.0,0.0
4,Train/Low/low00601.png,9,9.878224022004854,0.39623364472410716,0.0,1.0,1.0,0.0,0.0,0.0
4,Train/Low/low00601.png,10,10.00160641084797,0.408489687027965,0.0,1.0,1.0,0.0,0.0,0.0
4,Train/Low/low00601.png,11,10.125601029499784,0.42021369171826917,0.0,1.0,1.0,0.0,0.0,0.0
4,Train/Low/low00601.png,12,10.156208140815808,0.4238470616285183,0.0,1.0,1.0,1.0,0.0,1.0
4,Train/Low/low00601.png,13,10.156208140815808,0.4238470616285183,0.0,1.0,1.0,1.0,0.0,1.0
4,Train/Low/low00601.png,14,10.156208140815808,0.4238470616285183,0.0,1.0,1.0,1.0,0.0,1.0
4,Train/Low/low00601.png,15,10.156208140815808,0.4238470616285183,0.0,1.0,1.0,1.0,0.0,1.0
4,Train/Low/low00601.png,16,10.156208140815808,0.4238470616285183,0.0,1.0,1.0,1.0,0.0,1.0
4,Train/Low/low00601.png,17,10.156208140815808,0.4238470616285183,0.0,1.0,1.0,1.0,0.0,1.0
4,Train/Low/low00601.png,18,10.156208140815808,0.4238470616285183,0.0,1.0,1.0,1.0,0.0,1.0
4,Train/Low/low00601.png,19,10.156208140815808,0.4238470616285183,0.0,1.0,1.0,1.0,0.0,1.0
4,Train/Low/low00601.png,20,10.156208140815808,0.4238470616285183,0.0,1.0,1.0,1.0,0.0,1.0
4,Train/Low/low00601.png,21,10.156208140815808,0.4238470616285183,0.0,1.0,1.0,1.0,0.0,1.0
4,Train/Low/low00601.png,22,10.156208140815808,0.4238470616285183,0.0,1.0,1.0,1.0,0.0,1.0
4,Train/Low/low00601.png,23,10.156208140815808,0.4238470616285183,0.0,1.0,1.0,1.0,0.0,1.0
4,Train/Low/low00601.png,24,10.156208140815808,0.4238470616285183,0.0,1.0,1.0,1.0,0.0,1.0
4,Train/Low/low00601.png,25,10.156208140815808,0.4238470616285183,0.0,1.0,1.0,1.0,0.0,1.0
4,Train/Low/low00601.png,26,10.156208140815808,0.4238470616285183,0.0,1.0,1.0,1.0,0.0,1.0
4,Train/Low/low00601.png,27,10.156208140815808,0.4238470616285183,0.0,1.0,1.0,1.0,0.0,1.0
4,Train/Low/low00601.png,28,10.156208140815808,0.4238470616285183,0.0,1.0,1.0,1.0,0.0,1.0
4,Train/Low/low00601.png,29,10.156208140815808,0.4238470616285183,0.0,1.0,1.0,1.0,0.0,1.0
4,Train/Low/low00601.png,30,10.156208140815808,0.4238470616285183,0.0,1.0,1.0,1.0,0.0,1.0
4,Train/Low/low00601.png,31,10.156208140815808,0.4238470616285183,0.0,1.0,1.0,1.0,0.0,1.0
4,Train/Low/low00601.png,32,10.156208140815808,0.4238470616285183,0.0,1.0,1.0,1.0,0.0,1.0
4,Train/Low/low00601.png,33,10.156208140815808,0.4238470616285183,0.0,1.0,1.0,1.0,0.0,1.0
4,Train/Low/low00601.png,34,10.156208140815808,0.4238470616285183,0.0,1.0,1.0,1.0,0.0,1.0
4,Train/Low/low00601.png,35,10.156208140815808,0.4238470616285183,0.0,1.0,1.0,1.0,0.0,1.0
4,Train/Low/low00601.png,36,10.156208140815808,0.4238470616285183,0.0,1.0,1.0,1.0,0.0,1.0
4,Train/Low/low00601.png,37,10.156208140815808,0.4238470616285183,0.0,1.0,1.0,1.0,0.0,1.0
4,Train/Low/low00601.png,38,10.156208140815808,0.4238470616285183,0.0,1.0,1.0,1.0,0.0,1.0
4,Train/Low/low00601.png,39,10.156208140815808,0.4238470616285183,0.0,1.0,1.0,1.0,0.0,1.0
4,Train/Low/low00601.png,40,10.156208140815808,0.4238470616285183,0.0,1.0,1.0,1.0,0.0,1.0
5,Train/Low/low00509.png,0,10.817446947280514,0.16785212223815724,1.0,0.0,1.0,0.0,0.0,0.0
5,Train/Low/low00509.png,1,10.90744205925805,0.17664533119700113,0.0,0.0,0.0,0.0,0.0,0.0
5,Train/Low/low00509.png,2,11.004429073507085,0.18628963950304367,0.0,0.0,0.0,0.0,0.0,0.0
5,Train/Low/low00509.png,3,11.108672823489435,0.19682214018508457,0.0,0.0,0.0,0.0,0.0,0.0
5,Train/Low/low00509.png,4,11.22069047778007,0.20831264887616502,0.0,0.0,0.0,0.0,0.0,0.0
5,Train/Low/low00509.png,5,11.340302030776073,0.220719284916261,0.0,0.0,0.0,0.0,0.0,0.0
5,Train/Low/low00509.png,6,11.467304427204773,0.2339881581428177,0.0,0.0,0.0,0.0,0.0,0.0
5,Train/Low/low00509.png,7,11.598775406564323,0.2477107544990419,0.0,0.0,0.0,0.0,0.0,0.0
5,Train/Low/low00509.png,8,11.732440806180266,0.2615751189001468,0.0,0.0,0.0,0.0,0.0,0.0
5,Train/Low/low00509.png,9,11.8430599927283,0.2731862627374865,0.0,0.75,0.75,0.0,0.0,0.0
5,Train/Low/low00509.png,10,11.91589000471091,0.2811852816526528,0.0,1.0,1.0,0.0,0.0,0.0
5,Train/Low/low00509.png,11,11.982602790576152,0.2884578899890851,0.0,1.0,1.0,0.25,0.0,0.25
5,Train/Low/low00509.png,12,12.001193483161279,0.29011469503430987,0.0,1.0,1.0,0.5,0.0,0.5
5,Train/Low/low00509.png,13,11.998723677926362,0.28966116186644064,0.0,1.0,1.0,0.75,0.0,0.75
5,Train/Low/low00509.png,14,11.99088167679583,0.28865358823731085,0.0,1.0,1.0,0.75,0.0,0.75
5,Train/Low/low00509.png,15,11.982075414554888,0.28754202418165786,0.0,0.75,0.75,0.75,0.0,0.75
5,Train/Low/low00509.png,16,11.97284733120545,0.28639637541096513,0.0,0.75,0.75,0.75,0.0,0.75
5,Train/Low/low00509.png,17,11.963868014724984,0.28529420008419226,0.0,0.75,0.75,0.75,0.0,0.75
5,Train/Low/low00509.png,18,11.955777228023745,0.28430686269730215,0.0,0.75,0.75,0.75,0.0,0.75
5,Train/Low/low00509.png,19,11.949479065937298,0.2835349441921222,0.0,0.75,0.75,0.75,0.0,0.75
5,Train/Low/low00509.png,20,11.946117869826304,0.2831058062391301,0.0,0.75,0.75,0.75,0.0,0.75
5,Train/Low/low00509.png,21,11.945815235561714,0.2830309243826294,0.0,1.0,1.0,0.75,0.0,0.75
5,Train/Low/low00509.png,22,11.9462973883844,0.2830893496748129,0.0,1.0,1.0,0.75,0.0,0.75
5,Train/Low/low00509.png,23,11.94857736446189,0.28336621327352424,0.0,1.0,1.0,0.75,0.0,0.75
5,Train/Low/low00509.png,24,11.952213814428633,0.2838096608204786,0.0,1.0,1.0,0.75,0.0,0.75
5,Train/Low/low00509.png,25,11.956580713222575,0.2843451142155231,0.0,1.0,1.0,0.75,0.0,0.75
5,Train/Low/low00509.png,26,11.961016034732321,0.28489220865455045,0.0,1.0,1.0,0.75,0.0,0.75
5,Train/Low/low00509.png,27,11.965076061861248,0.28539576884224926,0.0,1.0,1.0,0.75,0.0,0.75
5,Train/Low/low00509.png,28,11.96852109330572,0.2858251041499759,0.0,1.0,1.0,0.75,0.0,0.75
5,Train/Low/low00509.png,29,11.971219392598979,0.2861626294370294,0.0,1.0,1.0,0.75,0.0,0.75
5,Train/Low/low00509.png,30,11.973101464868554,0.2863987020798209,0.0,1.0,1.0,0.75,0.0,0.75
5,Train/Low/low00509.png,31,11.974146220294031,0.28652995689920513,0.0,1.0,1.0,0.75,0.0,0.75
5,Train/Low/low00509.png,32,11.974373973715881,0.2865586161536285,0.0,1.0,1.0,0.75,0.0,0.75
5,Train/Low/low00509.png,33,11.973842664659921,0.2864918086899435,0.0,1.0,1.0,0.75,0.0,0.75
5,Train/Low/low00509.png,34,11.972640769999872,0.2863408701669559,0.0,1.0,1.0,0.75,0.0,0.75
5,Train/Low/low00509.png,35,11.970880209189957,0.2861201248990784,0.0,1.0,1.0,0.75,0.0,0.75
5,Train/Low/low00509.png,36,11.968690533638695,0.28584625730937036,0.0,1.0,1.0,0.75,0.0,0.75
5,Train/Low/low00509.png,37,11.96621423668812,0.2855374208596375,0.0,1.0,1.0,0.75,0.0,0.75
5,Train/Low/low00509.png,38,11.963606159771174,0.28521315097602057,0.0,1.0,1.0,0.75,0.0,0.75
5,Train/Low/low00509.png,39,11.961037177239069,0.2848948263606199,0.0,1.0,1.0,0.75,0.0,0.75
5,Train/Low/low00509.png,40,11.958702095218523,0.2846063901844377,0.0,1.0,1.0,0.75,0.0,0.75
6,Train/Low/low00001.png,0,7.372486396446987,0.2415825541048744,1.0,0.0,1.0,0.0,0.0,0.0
6,Train/Low/low00001.png,1,7.556304055229923,0.2582147690581988,0.0,0.0,0.0,0.0,0.0,0.0
6,Train/Low/low00001.png,2,7.751666283002922,0.2757947702643514,0.0,0.0,0.0,0.0,0.0,0.0
6,Train/Low/low00001.png,3,7.9627485602874595,0.29529916049961824,0.0,0.0,0.0,0.0,0.0,0.0
6,Train/Low/low00001.png,4,8.189826941526388,0.31652262317934593,0.0,0.0,0.0,0.0,0.0,0.0
6,Train/Low/low00001.png,5,8.431031024179775,0.33873776600566374,0.0,0.0,0.0,0.0,0.0,0.0
6,Train/Low/low00001.png,6,8.68617889763234,0.36171381225757476,0.0,0.0,0.0,0.0,0.0,0.0
6,Train/Low/low00001.png,7,8.955838654552705,0.3854273019251447,0.0,0.0,0.0,0.0,0.0,0.0
6,Train/Low/low00001.png,8,9.239536935084786,0.4096327975988616,0.0,0.0,0.0,0.0,0.0,0.0
6,Train/Low/low00001.png,9,9.450759026963128,0.42849654639639523,0.0,1.0,1.0,0.0,0.0,0.0
6,Train/Low/low00001.png,10,9.573062609900253,0.4409365100170538,0.0,1.0,1.0,0.0,0.0,0.0
6,Train/Low/low00001.png,11,9.695978682144489,0.4533708348019171,0.0,1.0,1.0,0.0,0.0,0.0
6,Train/Low/low00001.png,12,9.725991546396047,0.45770034213435357,0.0,1.0,1.0,0.75,0.0,0.75
6,Train/Low/low00001.png,13,9.742884278179197,0.4613545923382886,0.0,1.0,1.0,0.75,0.0,0.75
6,Train/Low/low00001.png,14,9.76059549070036,0.46521229662110614,0.0,1.0,1.0,0.75,0.0,0.75
6,Train/Low/low00001.png,15,9.779009052112361,0.46924382702413786,0.0,1.0,1.0,0.75,0.0,0.75
6,Train/Low/low00001.png,16,9.79799556190841,0.473414322922932,0.0,1.0,1.0,0.75,0.0,0.75
6,Train/Low/low00001.png,17,9.817419132467752,0.4776855236801402,0.0,1.0,1.0,0.75,0.0,0.75
6,Train/Low/low00001.png,18,9.83715228378737,0.48201961384695696,0.0,1.0,1.0,0.75,0.0,0.75
6,Train/Low/low00001.png,19,9.857057980285177,0.4863759536523273,0.0,1.0,1.0,0.75,0.0,0.75
6,Train/Low/low00001.png,20,9.873473483460621,0.4899493496589644,0.0,1.0,1.0,1.0,0.0,1.0
6,Train/Low/low00001.png,21,9.873473483460621,0.4899493496589644,0.0,1.0,1.0,1.0,0.0,1.0
6,Train/Low/low00001.png,22,9.873473483460621,0.4899493496589644,0.0,1.0,1.0,1.0,0.0,1.0
6,Train/Low/low00001.png,23,9.873473483460621,0.4899493496589644,0.0,1.0,1.0,1.0,0.0,1.0
6,Train/Low/low00001.png,24,9.873473483460621,0.4899493496589644,0.0,1.0,1.0,1.0,0.0,1.0
6,Train/Low/low00001.png,25,9.873473483460621,0.4899493496589644,0.0,1.0,1.0,1.0,0.0,1.0
6,Train/Low/low00001.png,26,9.873473483460621,0.4899493496589644,0.0,1.0,1.0,1.0,0.0,1.0
6,Train/Low/low00001.png,27,9.873473483460621,0.4899493496589644,0.0,1.0,1.0,1.0,0.0,1.0
6,Train/Low/low00001.png,28,9.873473483460621,0.4899493496589644,0.0,1.0,1.0,1.0,0.0,1.0
6,Train/Low/low00001.png,29,9.873473483460621,0.4899493496589644,0.0,1.0,1.0,1.0,0.0,1.0
6,Train/Low/low00001.png,30,9.873473483460621,0.4899493496589644,0.0,1.0,1.0,1.0,0.0,1.0
6,Train/Low/low00001.png,31,9.873473483460621,0.4899493496589644,0.0,1.0,1.0,1.0,0.0,1.0
6,Train/Low/low00001.png,32,9.873473483460621,0.4899493496589644,0.0,1.0,1.0,1.0,0.0,1.0
6,Train/Low/low00001.png,33,9.873473483460621,0.4899493496589644,0.0,1.0,1.0,1.0,0.0,1.0
6,Train/Low/low00001.png,34,9.873473483460621,0.4899493496589644,0.0,1.0,1.0,1.0,0.0,1.0
6,Train/Low/low00001.png,35,9.873473483460621,0.4899493496589644,0.0,1.0,1.0,1.0,0.0,1.0
6,Train/Low/low00001.png,36,9.873473483460621,0.4899493496589644,0.0,1.0,1.0,1.0,0.0,1.0
6,Train/Low/low00001.png,37,9.873473483460621,0.4899493496589644,0.0,1.0,1.0,1.0,0.0,1.0
6,Train/Low/low00001.png,38,9.873473483460621,0.4899493496589644,0.0,1.0,1.0,1.0,0.0,1.0
6,Train/Low/low00001.png,39,9.873473483460621,0.4899493496589644,0.0,1.0,1.0,1.0,0.0,1.0
6,Train/Low/low00001.png,40,9.873473483460621,0.4899493496589644,0.0,1.0,1.0,1.0,0.0,1.0
7,Train/Low/low00608.png,0,6.346759844878851,0.17874478960357346,1.0,0.0,1.0,0.0,0.0,0.0
7,Train/Low/low00608.png,1,6.487771910844509,0.1969165714753624,0.0,0.0,0.0,0.0,0.0,0.0
7,Train/Low/low00608.png,2,6.639235039239524,0.21615885604398727,0.0,0.0,0.0,0.0,0.0,0.0
7,Train/Low/low00608.png,3,6.801363918905205,0.23637849020981047,0.0,0.0,0.0,0.0,0.0,0.0
7,Train/Low/low00608.png,4,6.974304680900025,0.2574519640607595,0.0,0.0,0.0,0.0,0.0,0.0
7,Train/Low/low00608.png,5,7.158034049905996,0.2792184813399688,0.0,0.0,0.0,0.0,0.0,0.0
7,Train/Low/low00608.png,6,7.352197268540568,0.3014667835356694,0.0,0.0,0.0,0.0,0.0,0.0
7,Train/Low/low00608.png,7,7.556102135638057,0.3239534394257236,0.0,0.0,0.0,0.0,0.0,0.0
7,Train/Low/low00608.png,8,7.768924299896749,0.346429746511314,0.0,0.0,0.0,0.0,0.0,0.0
7,Train/Low/low00608.png,9,7.943120826487316,0.3644957107302618,0.0,1.0,1.0,0.0,0.0,0.0
7,Train/Low/low00608.png,10,8.054018200751749,0.3760838809442774,0.0,1.0,1.0,0.0,0.0,0.0
7,Train/Low/low00608.png,11,8.16442864245673,0.3873567172877918,0.0,1.0,1.0,0.0,0.0,0.0
7,Train/Low/low00608.png,12,8.188603315552259,0.3901087557505846,0.0,1.0,1.0,1.0,0.0,1.0
7,Train/Low/low00608.png,13,8.188603315552259,0.3901087557505846,0.0,1.0,1.0,1.0,0.0,1.0
7,Train/Low/low00608.png,14,8.188603315552259,0.3901087557505846,0.0,1.0,1.0,1.0,0.0,1.0
7,Train/Low/low00608.png,15,8.188603315552259,0.3901087557505846,0.0,1.0,1.0,1.0,0.0,1.0
7,Train/Low/low00608.png,16,8.188603315552259,0.3901087557505846,0.0,1.0,1.0,1.0,0.0,1.0
7,Train/Low/low00608.png,17,8.188603315552259,0.3901087557505846,0.0,1.0,1.0,1.0,0.0,1.0
7,Train/Low/low00608.png,18,8.188603315552259,0.3901087557505846,0.0,1.0,1.0,1.0,0.0,1.0
7,Train/Low/low00608.png,19,8.188603315552259,0.3901087557505846,0.0,1.0,1.0,1.0,0.0,1.0
7,Train/Low/low00608.png,20,8.188603315552259,0.3901087557505846,0.0,1.0,1.0,1.0,0.0,1.0
7,Train/Low/low00608.png,21,8.188603315552259,0.3901087557505846,0.0,1.0,1.0,1.0,0.0,1.0
7,Train/Low/low00608.png,22,8.188603315552259,0.3901087557505846,0.0,1.0,1.0,1.0,0.0,1.0
7,Train/Low/low00608.png,23,8.188603315552259,0.3901087557505846,0.0,1.0,1.0,1.0,0.0,1.0
7,Train/Low/low00608.png,24,8.188603315552259,0.3901087557505846,0.0,1.0,1.0,1.0,0.0,1.0
7,Train/Low/low00608.png,25,8.188603315552259,0.3901087557505846,0.0,1.0,1.0,1.0,0.0,1.0
7,Train/Low/low00608.png,26,8.188603315552259,0.3901087557505846,0.0,1.0,1.0,1.0,0.0,1.0
7,Train/Low/low00608.png,27,8.188603315552259,0.3901087557505846,0.0,1.0,1.0,1.0,0.0,1.0
7,Train/Low/low00608.png,28,8.188603315552259,0.3901087557505846,0.0,1.0,1.0,1.0,0.0,1.0
7,Train/Low/low00608.png,29,8.188603315552259,0.3901087557505846,0.0,1.0,1.0,1.0,0.0,1.0
7,Train/Low/low00608.png,30,8.188603315552259,0.3901087557505846,0.0,1.0,1.0,1.0,0.0,1.0
7,Train/Low/low00608.png,31,8.188603315552259,0.3901087557505846,0.0,1.0,1.0,1.0,0.0,1.0
7,Train/Low/low00608.png,32,8.188603315552259,0.3901087557505846,0.0,1.0,1.0,1.0,0.0,1.0
7,Train/Low/low00608.png,33,8.188603315552259,0.3901087557505846,0.0,1.0,1.0,1.0,0.0,1.0
7,Train/Low/low00608.png,34,8.188603315552259,0.3901087557505846,0.0,1.0,1.0,1.0,0.0,1.0
7,Train/Low/low00608.png,35,8.188603315552259,0.3901087557505846,0.0,1.0,1.0,1.0,0.0,1.0
7,Train/Low/low00608.png,36,8.188603315552259,0.3901087557505846,0.0,1.0,1.0,1.0,0.0,1.0
7,Train/Low/low00608.png,37,8.188603315552259,0.3901087557505846,0.0,1.0,1.0,1.0,0.0,1.0
7,Train/Low/low00608.png,38,8.188603315552259,0.3901087557505846,0.0,1.0,1.0,1.0,0.0,1.0
7,Train/Low/low00608.png,39,8.188603315552259,0.3901087557505846,0.0,1.0,1.0,1.0,0.0,1.0
7,Train/Low/low00608.png,40,8.188603315552259,0.3901087557505846,0.0,1.0,1.0,1.0,0.0,1.0
8,Train/Low/low00351.png,0,10.445206754520033,0.13776311187383405,0.5,0.5,1.0,0.0,0.0,0.0
8,Train/Low/low00351.png,1,10.507690766949807,0.1382561051661202,0.0,0.0,0.0,0.0,0.0,0.0
8,Train/Low/low00351.png,2,10.574171851639784,0.13829257633729217,0.0,0.0,0.0,0.0,0.0,0.0
8,Train/Low/low00351.png,3,10.649985561770436,0.13783589583739822,0.0,0.0,0.0,0.0,0.0,0.0
8,Train/Low/low00351.png,4,10.736541099048658,0.13687875979913272,0.0,0.0,0.0,0.0,0.0,0.0
8,Train/Low/low00351.png,5,10.829688661673329,0.1354892055058447,0.0,0.0,0.0,0.0,0.0,0.0
8,Train/Low/low00351.png,6,10.92408540043473,0.13380450409311406,0.0,0.0,0.0,0.0,0.0,0.0
8,Train/Low/low00351.png,7,11.014386299514436,0.13205216645708423,0.0,0.0,0.0,0.0,0.0,0.0
8,Train/Low/low00351.png,8,11.09611030867681,0.13052153531795166,0.0,0.0,0.0,0.0,0.0,0.0
8,Train/Low/low00351.png,9,11.161430999950806,0.1295169506901691,0.0,0.25,0.25,0.0,0.0,0.0
8,Train/Low/low00351.png,10,11.204509283429191,0.1291796608815412,0.0,0.25,0.25,0.0,0.0,0.0
8,Train/Low/low00351.png,11,11.239071583269054,0.1292459264637059,0.0,0.25,0.25,0.0,0.0,0.0
8,Train/Low/low00351.png,12,11.258064715270379,0.12965851595730915,0.0,0.25,0.25,0.25,0.0,0.25
8,Train/Low/low00351.png,13,11.26688250157931,0.1302737734881303,0.0,0.25,0.25,0.25,0.0,0.25
8,Train/Low/low00351.png,14,11.260212909225839,0.13100506971798626,0.0,0.25,0.25,0.5,0.0,0.5
8,Train/Low/low00351.png,15,11.254161740310986,0.13169362354600414,0.0,0.25,0.25,0.5,0.0,0.5
8,Train/Low/low00351.png,16,11.250644053204581,0.13228041976135294,0.0,0.25,0.25,0.5,0.0,0.5
8,Train/Low/low00351.png,17,11.249627783474399,0.13274450828413076,0.0,0.25,0.25,0.5,0.0,0.5
8,Train/Low/low00351.png,18,11.250657602969182,0.13309013631740868,0.0,0.25,0.25,0.5,0.0,0.5
8,Train/Low/low00351.png,19,11.253034374283892,0.1333397219323279,0.0,0.25,0.25,0.5,0.0,0.5
8,Train/Low/low00351.png,20,11.256187940713698,0.13352140969847687,0.0,0.25,0.25,0.5,0.0,0.5
8,Train/Low/low00351.png,21,11.259980847063002,0.13365626922391718,0.0,0.25,0.25,0.5,0.0,0.5
8,Train/Low/low00351.png,22,11.264706253330363,0.1337530914390176,0.0,0.25,0.25,0.5,0.0,0.5
8,Train/Low/low00351.png,23,11.270931592127756,0.13380978953042966,0.0,0.25,0.25,0.5,0.0,0.5
8,Train/Low/low00351.png,24,11.279297344850736,0.13381814918285528,0.0,0.25,0.25,0.5,0.0,0.5
8,Train/Low/low00351.png,25,11.290218266527514,0.13377107303387686,0.0,0.25,0.25,0.5,0.0,0.5
8,Train/Low/low00351.png,26,11.303588728305833,0.1336696153195815,0.0,0.25,0.25,0.5,0.0,0.5
8,Train/Low/low00351.png,27,11.318717055517114,0.1335257876925625,0.0,0.25,0.25,0.5,0.0,0.5
8,Train/Low/low00351.png,28,11.33447765379017,0.13336140144022693,0.0,0.25,0.25,0.5,0.0,0.5
8,Train/Low/low00351.png,29,11.349530848272229,0.1332048894275845,0.0,0.25,0.25,0.5,0.0,0.5
8,Train/Low/low00351.png,30,11.3625920800413,0.13308616592685368,0.0,0.25,0.25,0.5,0.0,0.5
8,Train/Low/low00351.png,31,11.373781052687493,0.1330233352883604,0.25,0.25,0.5,0.5,0.0,0.5
8,Train/Low/low00351.png,32,11.383269831649978,0.13302226450399987,0.25,0.25,0.5,0.5,0.0,0.5
8,Train/Low/low00351.png,33,11.386023317679692,0.13311297537542208,0.25,0.25,0.5,0.75,0.0,0.75
8,Train/Low/low00351.png,34,11.382122490633808,0.13328300414452296,0.25,0.25,0.5,0.75,0.0,0.75
8,Train/Low/low00351.png,35,11.377963863023004,0.1334639011102119,0.25,0.25,0.5,0.75,0.0,0.75
8,Train/Low/low00351.png,36,11.374559291133092,0.13363390532782632,0.25,0.25,0.5,0.75,0.0,0.75
8,Train/Low/low00351.png,37,11.372614188584196,0.13377698419752118,0.25,0.25,0.5,0.75,0.0,0.75
8,Train/Low/low00351.png,38,11.372373186314,0.13388535188501505,0.25,0.25,0.5,0.75,0.0,0.75
8,Train/Low/low00351.png,39,11.373630570866883,0.13395934109769853,0.25,0.25,0.5,0.75,0.0,0.75
8,Train/Low/low00351.png,40,11.375873631584128,0.1340051910402191,0.25,0.25,0.5,0.75,0.0,0.75
9,Train/Low/low00261.png,0,5.943574755181631,0.01536234075494074,1.0,0.0,1.0,0.0,0.0,0.0
9,Train/Low/low00261.png,1,5.961516134544922,0.016768240332646154,0.25,0.0,0.25,0.0,0.0,0.0
9,Train/Low/low00261.png,2,5.975557809558218,0.017831056917526268,0.25,0.0,0.25,0.0,0.0,0.0
9,Train/Low/low00261.png,3,5.990021338781654,0.018950040540504188,0.25,0.0,0.25,0.0,0.0,0.0
9,Train/Low/low00261.png,4,6.005598345527021,0.020191503140820938,0.25,0.0,0.25,0.0,0.0,0.0
9,Train/Low/low00261.png,5,6.022561835396071,0.02158236207077083,0.25,0.0,0.25,0.0,0.0,0.0
9,Train/Low/low00261.png,6,6.041011386879395,0.023132049273553654,0.25,0.0,0.25,0.0,0.0,0.0
9,Train/Low/low00261.png,7,6.0609263501237,0.024837875349666638,0.25,0.0,0.25,0.0,0.0,0.0
9,Train/Low/low00261.png,8,6.082186120884966,0.0266859618254032,0.25,0.0,0.25,0.0,0.0,0.0
9,Train/Low/low00261.png,9,6.100931367385739,0.028345600744819305,0.25,0.75,1.0,0.0,0.0,0.0
9,Train/Low/low00261.png,10,6.113963430073566,0.02953276446442803,0.25,0.75,1.0,0.0,0.0,0.0
9,Train/Low/low00261.png,11,6.127806856500149,0.03080174925266229,0.25,0.75,1.0,0.0,0.0,0.0
9,Train/Low/low00261.png,12,6.133605559882868,0.031366076503436445,0.25,0.75,1.0,0.5,0.0,0.5
9,Train/Low/low00261.png,13,6.132923236405818,0.031339464129636625,0.25,0.75,1.0,0.5,0.0,0.5
9,Train/Low/low00261.png,14,6.132456398708909,0.031338973940075746,0.25,0.75,1.0,0.5,0.0,0.5
9,Train/Low/low00261.png,15,6.132031818774404,0.03135028883722322,0.25,0.75,1.0,0.5,0.0,0.5
9,Train/Low/low00261.png,16,6.1315800445066735,0.03136781868387371,0.25,0.75,1.0,0.5,0.0,0.5
9,Train/Low/low00261.png,17,6.131202442416836,0.03139926090896863,0.25,0.75,1.0,0.5,0.0,0.5
9,Train/Low/low00261.png,18,6.130885536200152,0.03144215995501114,0.25,0.75,1.0,0.5,0.0,0.5
9,Train/Low/low00261.png,19,6.1310068894823475,0.0315237892616087,0.25,0.75,1.0,0.5,0.25,0.75
9,Train/Low/low00261.png,20,6.132393969900639,0.03170478209246059,0.25,0.75,1.0,0.5,0.25,0.75
9,Train/Low/low00261.png,21,6.133707018097202,0.031877578717748004,0.25,0.75,1.0,0.5,0.25,0.75
9,Train/Low/low00261.png,22,6.134894303134684,0.032034972374017166,0.25,0.75,1.0,0.5,0.25,0.75
9,Train/Low/low00261.png,23,6.1358877705394335,0.032167453779811804,0.25,0.75,1.0,0.5,0.25,0.75
9,Train/Low/low00261.png,24,6.136626310825729,0.0322663825113804,0.25,0.75,1.0,0.5,0.25,0.75
9,Train/Low/low00261.png,25,6.13706809352847,0.03232573522247104,0.25,0.75,1.0,0.5,0.25,0.75
9,Train/Low/low00261.png,26,6.137200488157488,0.03234354430922677,0.25,0.75,1.0,0.5,0.25,0.75
9,Train/Low/low00261.png,27,6.137045608208891,0.032322709318003615,0.25,0.75,1.0,0.5,0.25,0.75
9,Train/Low/low00261.png,28,6.136652248516457,0.03226986651629155,0.25,0.75,1.0,0.5,0.25,0.75
9,Train/Low/low00261.png,29,6.136081125815643,0.03219331997872628,0.25,0.75,1.0,0.5,0.25,0.75
9,Train/Low/low00261.png,30,6.135392903758111,0.032101375201608516,0.25,0.75,1.0,0.5,0.25,0.75
9,Train/Low/low00261.png,31,6.1346422511855705,0.03200147002491799,0.25,0.75,1.0,0.5,0.25,0.75
9,Train/Low/low00261.png,32,6.133877328141386,0.031900089448179264,0.25,0.75,1.0,0.5,0.25,0.75
9,Train/Low/low00261.png,33,6.133137274306927,0.031802430765948846,0.25,0.75,1.0,0.5,0.25,0.75
9,Train/Low/low00261.png,34,6.132449938544802,0.03171211765562433,0.25,0.75,1.0,0.5,0.25,0.75
9,Train/Low/low00261.png,35,6.131829130216219,0.03163088128816776,0.25,0.75,1.0,0.5,0.25,0.75
9,Train/Low/low00261.png,36,6.131285300300856,0.03155998468855722,0.25,0.75,1.0,0.5,0.25,0.75
9,Train/Low/low00261.png,37,6.130829040796347,0.0315007034276736,0.25,0.75,1.0,0.5,0.25,0.75
9,Train/Low/low00261.png,38,6.130468340326692,0.03145397169065799,0.25,0.75,1.0,0.5,0.25,0.75
9,Train/Low/low00261.png,39,6.130208669194409,0.0314204038871156,0.25,0.75,1.0,0.5,0.25,0.75
9,Train/Low/low00261.png,40,6.130051921813646,0.031400167243412214,0.25,0.75,1.0,0.5,0.25,0.75
10,Train/Low/low00177.png,0,7.276418999465326,0.059436876062184736,1.0,0.0,1.0,0.0,0.0,0.0
10,Train/Low/low00177.png,1,7.313724226658457,0.06382128432862665,0.0,0.0,0.0,0.0,0.0,0.0
10,Train/Low/low00177.png,2,7.3548886706555505,0.06866222260629845,0.0,0.0,0.0,0.0,0.0,0.0
10,Train/Low/low00177.png,3,7.400806575476029,0.07404291925049013,0.0,0.0,0.0,0.0,0.0,0.0
10,Train/Low/low00177.png,4,7.45312432829369,0.08012061124343803,0.0,0.0,0.0,0.0,0.0,0.0
10,Train/Low/low00177.png,5,7.512753036083005,0.0869602375354126,0.0,0.0,0.0,0.0,0.0,0.0
10,Train/Low/low00177.png,6,7.579025050005464,0.09444932869450763,0.0,0.0,0.0,0.0,0.0,0.0
10,Train/Low/low00177.png,7,7.65104686527211,0.10245095381812801,0.0,0.0,0.0,0.0,0.0,0.0
10,Train/Low/low00177.png,8,7.7281324651138235,0.11085066022538774,0.0,0.0,0.0,0.0,0.0,0.0
10,Train/Low/low00177.png,9,7.79434962618054,0.11804980686497606,0.0,1.0,1.0,0.0,0.0,0.0
10,Train/Low/low00177.png,10,7.844846252941693,0.12364736662109105,0.0,1.0,1.0,0.0,0.0,0.0
10,Train/Low/low00177.png,11,7.89582498454531,0.12923084606630822,0.0,1.0,1.0,0.25,0.0,0.25
10,Train/Low/low00177.png,12,7.917032624547586,0.13145878102719957,0.0,1.0,1.0,0.75,0.0,0.75
10,Train/Low/low00177.png,13,7.928379960768924,0.13271419389753786,0.0,1.0,1.0,0.75,0.0,0.75
10,Train/Low/low00177.png,14,7.940437533584895,0.1340564806391999,0.0,1.0,1.0,0.75,0.0,0.75
10,Train/Low/low00177.png,15,7.95314288108467,0.1354784765768933,0.0,1.0,1.0,0.75,0.0,0.75
10,Train/Low/low00177.png,16,7.96642457718976,0.13697150787206355,0.0,1.0,1.0,0.75,0.0,0.75
10,Train/Low/low00177.png,17,7.980194038097913,0.1385245167922936,0.0,1.0,1.0,0.75,0.0,0.75
10,Train/Low/low00177.png,18,7.994336938886784,0.14012313767901083,0.0,1.0,1.0,0.75,0.0,0.75
10,Train/Low/low00177.png,19,8.008731825612326,0.14175192967618963,0.0,1.0,1.0,0.75,0.0,0.75
10,Train/Low/low00177.png,20,8.023261127524075,0.14339579358639634,0.0,1.0,1.0,0.75,0.0,0.75
10,Train/Low/low00177.png,21,8.032798494894696,0.14447394897277185,0.0,1.0,1.0,1.0,0.0,1.0
10,Train/Low/low00177.png,22,8.032798494894696,0.14447394897277185,0.0,1.0,1.0,1.0,0.0,1.0
10,Train/Low/low00177.png,23,8.032798494894696,0.14447394897277185,0.0,1.0,1.0,1.0,0.0,1.0
10,Train/Low/low00177.png,24,8.032798494894696,0.14447394897277185,0.0,1.0,1.0,1.0,0.0,1.0
10,Train/Low/low00177.png,25,8.032798494894696,0.14447394897277185,0.0,1.0,1.0,1.0,0.0,1.0
10,Train/Low/low00177.png,26,8.032798494894696,0.14447394897277185,0.0,1.0,1.0,1.0,0.0,1.0
10,Train/Low/low00177.png,27,8.032798494894696,0.14447394897277185,0.0,1.0,1.0,1.0,0.0,1.0
10,Train/Low/low00177.png,28,8.032798494894696,0.14447394897277185,0.0,1.0,1.0,1.0,0.0,1.0
10,Train/Low/low00177.png,29,8.032798494894696,0.14447394897277185,0.0,1.0,1.0,1.0,0.0,1.0
10,Train/Low/low00177.png,30,8.032798494894696,0.14447394897277185,0.0,1.0,1.0,1.0,0.0,1.0
10,Train/Low/low00177.png,31,8.032798494894696,0.14447394897277185,0.0,1.0,1.0,1.0,0.0,1.0
10,Train/Low/low00177.png,32,8.032798494894696,0.14447394897277185,0.0,1.0,1.0,1.0,0.0,1.0
10,Train/Low/low00177.png,33,8.032798494894696,0.14447394897277185,0.0,1.0,1.0,1.0,0.0,1.0
10,Train/Low/low00177.png,34,8.032798494894696,0.14447394897277185,0.0,1.0,1.0,1.0,0.0,1.0
10,Train/Low/low00177.png,35,8.032798494894696,0.14447394897277185,0.0,1.0,1.0,1.0,0.0,1.0
10,Train/Low/low00177.png,36,8.032798494894696,0.14447394897277185,0.0,1.0,1.0,1.0,0.0,1.0
10,Train/Low/low00177.png,37,8.032798494894696,0.14447394897277185,0.0,1.0,1.0,1.0,0.0,1.0
10,Train/Low/low00177.png,38,8.032798494894696,0.14447394897277185,0.0,1.0,1.0,1.0,0.0,1.0
10,Train/Low/low00177.png,39,8.032798494894696,0.14447394897277185,0.0,1.0,1.0,1.0,0.0,1.0
10,Train/Low/low00177.png,40,8.032798494894696,0.14447394897277185,0.0,1.0,1.0,1.0,0.0,1.0
11,Train/Low/low00542.png,0,5.989770674482676,0.13325621351727404,1.0,0.0,1.0,0.0,0.0,0.0
11,Train/Low/low00542.png,1,6.089697907871897,0.14698854554178756,0.0,0.0,0.0,0.0,0.0,0.0
11,Train/Low/low00542.png,2,6.197304484888088,0.1615492236862702,0.0,0.0,0.0,0.0,0.0,0.0
11,Train/Low/low00542.png,3,6.312265386434053,0.1768211188013062,0.0,0.0,0.0,0.0,0.0,0.0
11,Train/Low/low00542.png,4,6.435029221169795,0.19278220439259883,0.0,0.0,0.0,0.0,0.0,0.0
11,Train/Low/low00542.png,5,6.566080245529703,0.20939993265404644,0.0,0.0,0.0,0.0,0.0,0.0
11,Train/Low/low00542.png,6,6.705822260498081,0.22661703203200043,0.0,0.0,0.0,0.0,0.0,0.0
11,Train/Low/low00542.png,7,6.8544639995632135,0.24433974328110683,0.0,0.0,0.0,0.0,0.0,0.0
11,Train/Low/low00542.png,8,7.012012086189506,0.2624423033643743,0.0,0.0,0.0,0.0,0.0,0.0
11,Train/Low/low00542.png,9,7.139973177682808,0.27684897404706854,0.0,1.0,1.0,0.0,0.0,0.0
11,Train/Low/low00542.png,10,7.231585533893197,0.2872526863146574,0.0,1.0,1.0,0.0,0.0,0.0
11,Train/Low/low00542.png,11,7.324148296918479,0.29755704812940326,0.0,1.0,1.0,0.0,0.0,0.0
11,Train/Low/low00542.png,12,7.3336538844531995,0.29858647674374744,0.0,1.0,1.0,1.0,0.0,1.0
11,Train/Low/low00542.png,13,7.3336538844531995,0.29858647674374744,0.0,1.0,1.0,1.0,0.0,1.0
11,Train/Low/low00542.png,14,7.3336538844531995,0.29858647674374744,0.0,1.0,1.0,1.0,0.0,1.0
11,Train/Low/low00542.png,15,7.3336538844531995,0.29858647674374744,0.0,1.0,1.0,1.0,0.0,1.0
11,Train/Low/low00542.png,16,7.3336538844531995,0.29858647674374744,0.0,1.0,1.0,1.0,0.0,1.0
11,Train/Low/low00542.png,17,7.3336538844531995,0.29858647674374744,0.0,1.0,1.0,1.0,0.0,1.0
11,Train/Low/low00542.png,18,7.3336538844531995,0.29858647674374744,0.0,1.0,1.0,1.0,0.0,1.0
11,Train/Low/low00542.png,19,7.3336538844531995,0.29858647674374744,0.0,1.0,1.0,1.0,0.0,1.0
11,Train/Low/low00542.png,20,7.3336538844531995,0.29858647674374744,0.0,1.0,1.0,1.0,0.0,1.0
11,Train/Low/low00542.png,21,7.3336538844531995,0.29858647674374744,0.0,1.0,1.0,1.0,0.0,1.0
11,Train/Low/low00542.png,22,7.3336538844531995,0.29858647674374744,0.0,1.0,1.0,1.0,0.0,1.0
11,Train/Low/low00542.png,23,7.3336538844531995,0.29858647674374744,0.0,1.0,1.0,1.0,0.0,1.0
11,Train/Low/low00542.png,24,7.3336538844531995,0.29858647674374744,0.0,1.0,1.0,1.0,0.0,1.0
11,Train/Low/low00542.png,25,7.3336538844531995,0.29858647674374744,0.0,1.0,1.0,1.0,0.0,1.0
11,Train/Low/low00542.png,26,7.3336538844531995,0.29858647674374744,0.0,1.0,1.0,1.0,0.0,1.0
11,Train/Low/low00542.png,27,7.3336538844531995,0.29858647674374744,0.0,1.0,1.0,1.0,0.0,1.0
11,Train/Low/low00542.png,28,7.3336538844531995,0.29858647674374744,0.0,1.0,1.0,1.0,0.0,1.0
11,Train/Low/low00542.png,29,7.3336538844531995,0.29858647674374744,0.0,1.0,1.0,1.0,0.0,1.0
11,Train/Low/low00542.png,30,7.3336538844531995,0.29858647674374744,0.0,1.0,1.0,1.0,0.0,1.0
11,Train/Low/low00542.png,31,7.3336538844531995,0.29858647674374744,0.0,1.0,1.0,1.0,0.0,1.0
11,Train/Low/low00542.png,32,7.3336538844531995,0.29858647674374744,0.0,1.0,1.0,1.0,0.0,1.0
11,Train/Low/low00542.png,33,7.3336538844531995,0.29858647674374744,0.0,1.0,1.0,1.0,0.0,1.0
11,Train/Low/low00542.png,34,7.3336538844531995,0.29858647674374744,0.0,1.0,1.0,1.0,0.0,1.0
11,Train/Low/low00542.png,35,7.3336538844531995,0.29858647674374744,0.0,1.0,1.0,1.0,0.0,1.0
11,Train/Low/low00542.png,36,7.3336538844531995,0.29858647674374744,0.0,1.0,1.0,1.0,0.0,1.0
11,Train/Low/low00542.png,37,7.3336538844531995,0.29858647674374744,0.0,1.0,1.0,1.0,0.0,1.0
11,Train/Low/low00542.png,38,7.3336538844531995,0.29858647674374744,0.0,1.0,1.0,1.0,0.0,1.0
11,Train/Low/low00542.png,39,7.3336538844531995,0.29858647674374744,0.0,1.0,1.0,1.0,0.0,1.0
11,Train/Low/low00542.png,40,7.3336538844531995,0.29858647674374744,0.0,1.0,1.0,1.0,0.0,1.0
12,Train/Low/low00592.png,0,8.307288224341908,0.2412362412848959,1.0,0.25,1.0,0.25,0.25,0.25
12,Train/Low/low00592.png,1,8.404926481941423,0.2588935691576388,0.25,0.25,0.25,0.25,0.25,0.25
12,Train/Low/low00592.png,2,8.508636363258482,0.2771318514315648,0.25,0.25,0.25,0.25,0.25,0.25
12,Train/Low/low00592.png,3,8.618138638509311,0.2957640813878837,0.25,0.25,0.25,0.25,0.25,0.25
12,Train/Low/low00592.png,4,8.733199398560584,0.3146126507601834,0.25,0.25,0.25,0.25,0.25,0.25
12,Train/Low/low00592.png,5,8.853580672578964,0.33350270290513384,0.25,0.25,0.25,0.25,0.25,0.25
12,Train/Low/low00592.png,6,8.978968208070137,0.3522522360395977,0.25,0.25,0.25,0.25,0.25,0.25
12,Train/Low/low00592.png,7,9.108982016524731,0.3706777034710098,0.25,0.25,0.25,0.25,0.25,0.25
12,Train/Low/low00592.png,8,9.243134753943492,0.38859293094606523,0.25,0.25,0.25,0.25,0.25,0.25
12,Train/Low/low00592.png,9,9.356689161054256,0.4033802888513193,0.25,1.0,1.0,0.25,0.25,0.25
12,Train/Low/low00592.png,10,9.429203139948324,0.4129874507019216,0.25,1.0,1.0,0.25,0.25,0.25
12,Train/Low/low00592.png,11,9.501176433668771,0.42221822486725535,0.25,1.0,1.0,0.25,0.25,0.25
12,Train/Low/low00592.png,12,9.521175156363553,0.4249958306319107,0.25,1.0,1.0,1.0,0.25,1.0
12,Train/Low/low00592.png,13,9.521175156363553,0.4249958306319107,0.25,1.0,1.0,1.0,0.25,1.0
12,Train/Low/low00592.png,14,9.521175156363553,0.4249958306319107,0.25,1.0,1.0,1.0,0.25,1.0
12,Train/Low/low00592.png,15,9.521175156363553,0.4249958306319107,0.25,1.0,1.0,1.0,0.25,1.0
12,Train/Low/low00592.png,16,9.521175156363553,0.4249958306319107,0.25,1.0,1.0,1.0,0.25,1.0
12,Train/Low/low00592.png,17,9.521175156363553,0.4249958306319107,0.25,1.0,1.0,1.0,0.25,1.0
12,Train/Low/low00592.png,18,9.521175156363553,0.4249958306319107,0.25,1.0,1.0,1.0,0.25,1.0
12,Train/Low/low00592.png,19,9.521175156363553,0.4249958306319107,0.25,1.0,1.0,1.0,0.25,1.0
12,Train/Low/low00592.png,20,9.521175156363553,0.4249958306319107,0.25,1.0,1.0,1.0,0.25,1.0
12,Train/Low/low00592.png,21,9.521175156363553,0.4249958306319107,0.25,1.0,1.0,1.0,0.25,1.0
12,Train/Low/low00592.png,22,9.521175156363553,0.4249958306319107,0.25,1.0,1.0,1.0,0.25,1.0
12,Train/Low/low00592.png,23,9.521175156363553,0.4249958306319107,0.25,1.0,1.0,1.0,0.25,1.0
12,Train/Low/low00592.png,24,9.521175156363553,0.4249958306319107,0.25,1.0,1.0,1.0,0.25,1.0
12,Train/Low/low00592.png,25,9.521175156363553,0.4249958306319107,0.25,1.0,1.0,1.0,0.25,1.0
12,Train/Low/low00592.png,26,9.521175156363553,0.4249958306319107,0.25,1.0,1.0,1.0,0.25,1.0
12,Train/Low/low00592.png,27,9.521175156363553,0.4249958306319107,0.25,1.0,1.0,1.0,0.25,1.0
12,Train/Low/low00592.png,28,9.521175156363553,0.4249958306319107,0.25,1.0,1.0,1.0,0.25,1.0
12,Train/Low/low00592.png,29,9.521175156363553,0.4249958306319107,0.25,1.0,1.0,1.0,0.25,1.0
12,Train/Low/low00592.png,30,9.521175156363553,0.4249958306319107,0.25,1.0,1.0,1.0,0.25,1.0
12,Train/Low/low00592.png,31,9.521175156363553,0.4249958306319107,0.25,1.0,1.0,1.0,0.25,1.0
12,Train/Low/low00592.png,32,9.521175156363553,0.4249958306319107,0.25,1.0,1.0,1.0,0.25,1.0
12,Train/Low/low00592.png,33,9.521175156363553,0.4249958306319107,0.25,1.0,1.0,1.0,0.25,1.0
12,Train/Low/low00592.png,34,9.521175156363553,0.4249958306319107,0.25,1.0,1.0,1.0,0.25,1.0
12,Train/Low/low00592.png,35,9.521175156363553,0.4249958306319107,0.25,1.0,1.0,1.0,0.25,1.0
12,Train/Low/low00592.png,36,9.521175156363553,0.4249958306319107,0.25,1.0,1.0,1.0,0.25,1.0
12,Train/Low/low00592.png,37,9.521175156363553,0.4249958306319107,0.25,1.0,1.0,1.0,0.25,1.0
12,Train/Low/low00592.png,38,9.521175156363553,0.4249958306319107,0.25,1.0,1.0,1.0,0.25,1.0
12,Train/Low/low00592.png,39,9.521175156363553,0.4249958306319107,0.25,1.0,1.0,1.0,0.25,1.0
12,Train/Low/low00592.png,40,9.521175156363553,0.4249958306319107,0.25,1.0,1.0,1.0,0.25,1.0
13,Train/Low/low00184.png,0,7.357393157062334,0.10164020036763631,1.0,0.0,1.0,0.0,0.0,0.0
13,Train/Low/low00184.png,1,7.42607145352753,0.11001649718236915,0.0,0.0,0.0,0.0,0.0,0.0
13,Train/Low/low00184.png,2,7.508092193015167,0.12045545548294578,0.0,0.0,0.0,0.0,0.0,0.0
13,Train/Low/low00184.png,3,7.597655255000335,0.13178811391989573,0.0,0.0,0.0,0.0,0.0,0.0
13,Train/Low/low00184.png,4,7.693752664985496,0.14375364104179905,0.0,0.0,0.0,0.0,0.0,0.0
13,Train/Low/low00184.png,5,7.796330520483696,0.15626161579193487,0.0,0.0,0.0,0.0,0.0,0.0
13,Train/Low/low00184.png,6,7.905449197581022,0.16923631456359858,0.0,0.0,0.0,0.0,0.0,0.0
13,Train/Low/low00184.png,7,8.021116677659037,0.182589259305279,0.0,0.0,0.0,0.0,0.0,0.0
13,Train/Low/low00184.png,8,8.143240792492922,0.196216047582882,0.0,0.0,0.0,0.0,0.0,0.0
13,Train/Low/low00184.png,9,8.245585850332677,0.20761206154546263,0.0,1.0,1.0,0.0,0.0,0.0
13,Train/Low/low00184.png,10,8.318929036901112,0.21601476149773716,0.0,1.0,1.0,0.0,0.0,0.0
13,Train/Low/low00184.png,11,8.392288283612835,0.2242367884590932,0.0,1.0,1.0,0.25,0.0,0.25
13,Train/Low/low00184.png,12,8.413308120189122,0.22675795808242555,0.0,1.0,1.0,0.75,0.0,0.75
13,Train/Low/low00184.png,13,8.420428834146534,0.22781327506134524,0.0,1.0,1.0,0.75,0.0,0.75
13,Train/Low/low00184.png,14,8.425319886870753,0.2285319057432785,0.0,1.0,1.0,0.75,0.0,0.75
13,Train/Low/low00184.png,15,8.427796912998023,0.22889380196312437,0.0,1.0,1.0,0.75,0.0,0.75
13,Train/Low/low00184.png,16,8.427635081243531,0.2288811678464911,0.0,0.75,0.75,0.75,0.0,0.75
13,Train/Low/low00184.png,17,8.424691398097027,0.22848730979069806,0.0,0.75,0.75,0.75,0.0,0.75
13,Train/Low/low00184.png,18,8.41990715393765,0.2278347409044562,0.0,0.75,0.75,0.75,0.0,0.75
13,Train/Low/low00184.png,19,8.414272700348814,0.22705434365979368,0.0,0.75,0.75,0.75,0.0,0.75
13,Train/Low/low00184.png,20,8.4087097183217,0.22627264083540605,0.0,0.75,0.75,0.75,0.0,0.75
13,Train/Low/low00184.png,21,8.403943088582261,0.2255932614482923,0.0,0.75,0.75,0.75,0.0,0.75
13,Train/Low/low00184.png,22,8.400474530680812,0.22509085577876742,0.0,0.75,0.75,0.75,0.0,0.75
13,Train/Low/low00184.png,23,8.398597042095211,0.22481104746066574,0.0,0.75,0.75,0.75,0.0,0.75
13,Train/Low/low00184.png,24,8.398351551246249,0.22476233625636588,0.0,0.75,0.75,0.75,0.0,0.75
13,Train/Low/low00184.png,25,8.399537578909648,0.22491680292109278,0.0,0.75,0.75,0.75,0.0,0.75
13,Train/Low/low00184.png,26,8.401772482543556,0.22521911269501435,0.0,0.75,0.75,0.75,0.0,0.75
13,Train/Low/low00184.png,27,8.404562263120166,0.22559789778895628,0.0,0.75,0.75,0.75,0.0,0.75
13,Train/Low/low00184.png,28,8.40737266494633,0.2259772044830875,0.0,0.75,0.75,0.75,0.0,0.75
13,Train/Low/low00184.png,29,8.409700633806636,0.22628725954001558,0.0,0.75,0.75,0.75,0.0,0.75
13,Train/Low/low00184.png,30,8.411139701337808,0.22647314193229096,0.0,0.75,0.75,0.75,0.0,0.75
13,Train/Low/low00184.png,31,8.41144608806339,0.226502709237621,0.0,0.75,0.75,0.75,0.0,0.75
13,Train/Low/low00184.png,32,8.410583788971064,0.2263716907759212,0.0,0.75,0.75,0.75,0.0,0.75
13,Train/Low/low00184.png,33,8.408714560947336,0.22610197312140562,0.0,0.75,0.75,0.75,0.0,0.75
13,Train/Low/low00184.png,34,8.406149090679943,0.22573553495574084,0.0,0.75,0.75,0.75,0.0,0.75
13,Train/Low/low00184.png,35,8.403291369687778,0.2253278207245761,0.0,0.75,0.75,0.75,0.0,0.75
13,Train/Low/low00184.png,36,8.400592311832906,0.22494212586939025,0.0,0.75,0.75,0.75,0.0,0.75
13,Train/Low/low00184.png,37,8.398484482933393,0.22464050968496793,0.0,0.75,0.75,0.75,0.0,0.75
13,Train/Low/low00184.png,38,8.397288887825647,0.22446977998814585,0.0,0.75,0.75,0.75,0.0,0.75
13,Train/Low/low00184.png,39,8.397144788079839,0.22445053143054927,0.0,0.75,0.75,0.75,0.0,0.75
13,Train/Low/low00184.png,40,8.397995872577575,0.2245746818005065,0.0,0.75,0.75,0.75,0.0,0.75
14,Train/Low/low00080.png,0,5.602111494804866,0.22065300554807468,1.0,0.0,1.0,0.0,0.0,0.0
14,Train/Low/low00080.png,1,5.747611793540637,0.24187835423628615,0.0,0.0,0.0,0.0,0.0,0.0
14,Train/Low/low00080.png,2,5.903653069399506,0.26412740791397876,0.0,0.0,0.0,0.0,0.0,0.0
14,Train/Low/low00080.png,3,6.07042455729929,0.2872604419187198,0.0,0.0,0.0,0.0,0.0,0.0
14,Train/Low/low00080.png,4,6.247896174420889,0.3110894649074227,0.0,0.0,0.0,0.0,0.0,0.0
14,Train/Low/low00080.png,5,6.43579505324932,0.33538299817342415,0.0,0.0,0.0,0.0,0.0,0.0
14,Train/Low/low00080.png,6,6.633760201542644,0.3598987246923316,0.0,0.0,0.0,0.0,0.0,0.0
14,Train/Low/low00080.png,7,6.841109603976891,0.3843649981591734,0.0,0.0,0.0,0.0,0.0,0.0
14,Train/Low/low00080.png,8,7.057000681713116,0.40851642216331496,0.0,0.0,0.0,0.0,0.0,0.0
14,Train/Low/low00080.png,9,7.230562485330285,0.4273716335364532,0.0,0.75,0.75,0.0,0.0,0.0
14,Train/Low/low00080.png,10,7.338772480600174,0.43893240525477767,0.0,1.0,1.0,0.0,0.0,0.0
14,Train/Low/low00080.png,11,7.444819689140193,0.4499558485623397,0.0,1.0,1.0,0.25,0.0,0.25
14,Train/Low/low00080.png,12,7.484809665335305,0.4542071586153883,0.0,1.0,1.0,0.75,0.0,0.75
14,Train/Low/low00080.png,13,7.490089213644943,0.45482117201699634,0.0,1.0,1.0,1.0,0.0,1.0
14,Train/Low/low00080.png,14,7.490089213644943,0.45482117201699634,0.0,1.0,1.0,1.0,0.0,1.0
14,Train/Low/low00080.png,15,7.490089213644943,0.45482117201699634,0.0,1.0,1.0,1.0,0.0,1.0
14,Train/Low/low00080.png,16,7.490089213644943,0.45482117201699634,0.0,1.0,1.0,1.0,0.0,1.0
14,Train/Low/low00080.png,17,7.490089213644943,0.45482117201699634,0.0,1.0,1.0,1.0,0.0,1.0
14,Train/Low/low00080.png,18,7.490089213644943,0.45482117201699634,0.0,1.0,1.0,1.0,0.0,1.0
14,Train/Low/low00080.png,19,7.490089213644943,0.45482117201699634,0.0,1.0,1.0,1.0,0.0,1.0
14,Train/Low/low00080.png,20,7.490089213644943,0.45482117201699634,0.0,1.0,1.0,1.0,0.0,1.0
14,Train/Low/low00080.png,21,7.490089213644943,0.45482117201699634,0.0,1.0,1.0,1.0,0.0,1.0
14,Train/Low/low00080.png,22,7.490089213644943,0.45482117201699634,0.0,1.0,1.0,1.0,0.0,1.0
14,Train/Low/low00080.png,23,7.490089213644943,0.45482117201699634,0.0,1.0,1.0,1.0,0.0,1.0
14,Train/Low/low00080.png,24,7.490089213644943,0.45482117201699634,0.0,1.0,1.0,1.0,0.0,1.0
14,Train/Low/low00080.png,25,7.490089213644943,0.45482117201699634,0.0,1.0,1.0,1.0,0.0,1.0
14,Train/Low/low00080.png,26,7.490089213644943,0.45482117201699634,0.0,1.0,1.0,1.0,0.0,1.0
14,Train/Low/low00080.png,27,7.490089213644943,0.45482117201699634,0.0,1.0,1.0,1.0,0.0,1.0
14,Train/Low/low00080.png,28,7.490089213644943,0.45482117201699634,0.0,1.0,1.0,1.0,0.0,1.0
14,Train/Low/low00080.png,29,7.490089213644943,0.45482117201699634,0.0,1.0,1.0,1.0,0.0,1.0
14,Train/Low/low00080.png,30,7.490089213644943,0.45482117201699634,0.0,1.0,1.0,1.0,0.0,1.0
14,Train/Low/low00080.png,31,7.490089213644943,0.45482117201699634,0.0,1.0,1.0,1.0,0.0,1.0
14,Train/Low/low00080.png,32,7.490089213644943,0.45482117201699634,0.0,1.0,1.0,1.0,0.0,1.0
14,Train/Low/low00080.png,33,7.490089213644943,0.45482117201699634,0.0,1.0,1.0,1.0,0.0,1.0
14,Train/Low/low00080.png,34,7.490089213644943,0.45482117201699634,0.0,1.0,1.0,1.0,0.0,1.0
14,Train/Low/low00080.png,35,7.490089213644943,0.45482117201699634,0.0,1.0,1.0,1.0,0.0,1.0
14,Train/Low/low00080.png,36,7.490089213644943,0.45482117201699634,0.0,1.0,1.0,1.0,0.0,1.0
14,Train/Low/low00080.png,37,7.490089213644943,0.45482117201699634,0.0,1.0,1.0,1.0,0.0,1.0
14,Train/Low/low00080.png,38,7.490089213644943,0.45482117201699634,0.0,1.0,1.0,1.0,0.0,1.0
14,Train/Low/low00080.png,39,7.490089213644943,0.45482117201699634,0.0,1.0,1.0,1.0,0.0,1.0
14,Train/Low/low00080.png,40,7.490089213644943,0.45482117201699634,0.0,1.0,1.0,1.0,0.0,1.0
15,Train/Low/low00501.png,0,8.350773174261594,0.17053033833643638,1.0,0.0,1.0,0.0,0.0,0.0
15,Train/Low/low00501.png,1,8.498590541791064,0.18735463089581048,0.0,0.0,0.0,0.0,0.0,0.0
15,Train/Low/low00501.png,2,8.657118253544091,0.20544476101181855,0.0,0.0,0.0,0.0,0.0,0.0
15,Train/Low/low00501.png,3,8.826542864713995,0.22476201874466148,0.0,0.0,0.0,0.0,0.0,0.0
15,Train/Low/low00501.png,4,9.007056810253506,0.2452480903343894,0.0,0.0,0.0,0.0,0.0,0.0
15,Train/Low/low00501.png,5,9.198797654635307,0.26681763361237304,0.0,0.0,0.0,0.0,0.0,0.0
15,Train/Low/low00501.png,6,9.401674585995284,0.28934212811460863,0.0,0.0,0.0,0.0,0.0,0.0
15,Train/Low/low00501.png,7,9.6153605591628,0.3126520403576711,0.0,0.0,0.0,0.0,0.0,0.0
15,Train/Low/low00501.png,8,9.83917856032538,0.33653338734242805,0.0,0.0,0.0,0.0,0.0,0.0
15,Train/Low/low00501.png,9,10.022504666784984,0.3562183310580366,0.0,1.0,1.0,0.0,0.0,0.0
15,Train/Low/low00501.png,10,10.140010905274078,0.36977913942783885,0.0,1.0,1.0,0.0,0.0,0.0
15,Train/Low/low00501.png,11,10.25754840528976,0.3831911587711987,0.0,1.0,1.0,0.25,0.0,0.25
15,Train/Low/low00501.png,12,10.283150613528488,0.3858468067421265,0.0,1.0,1.0,1.0,0.0,1.0
15,Train/Low/low00501.png,13,10.283150613528488,0.3858468067421265,0.0,1.0,1.0,1.0,0.0,1.0
15,Train/Low/low00501.png,14,10.283150613528488,0.3858468067421265,0.0,1.0,1.0,1.0,0.0,1.0
15,Train/Low/low00501.png,15,10.283150613528488,0.3858468067421265,0.0,1.0,1.0,1.0,0.0,1.0
15,Train/Low/low00501.png,16,10.283150613528488,0.3858468067421265,0.0,1.0,1.0,1.0,0.0,1.0
15,Train/Low/low00501.png,17,10.283150613528488,0.3858468067421265,0.0,1.0,1.0,1.0,0.0,1.0
15,Train/Low/low00501.png,18,10.283150613528488,0.3858468067421265,0.0,1.0,1.0,1.0,0.0,1.0
15,Train/Low/low00501.png,19,10.283150613528488,0.3858468067421265,0.0,1.0,1.0,1.0,0.0,1.0
15,Train/Low/low00501.png,20,10.283150613528488,0.3858468067421265,0.0,1.0,1.0,1.0,0.0,1.0
15,Train/Low/low00501.png,21,10.283150613528488,0.3858468067421265,0.0,1.0,1.0,1.0,0.0,1.0
15,Train/Low/low00501.png,22,10.283150613528488,0.3858468067421265,0.0,1.0,1.0,1.0,0.0,1.0
15,Train/Low/low00501.png,23,10.283150613528488,0.3858468067421265,0.0,1.0,1.0,1.0,0.0,1.0
15,Train/Low/low00501.png,24,10.283150613528488,0.3858468067421265,0.0,1.0,1.0,1.0,0.0,1.0
15,Train/Low/low00501.png,25,10.283150613528488,0.3858468067421265,0.0,1.0,1.0,1.0,0.0,1.0
15,Train/Low/low00501.png,26,10.283150613528488,0.3858468067421265,0.0,1.0,1.0,1.0,0.0,1.0
15,Train/Low/low00501.png,27,10.283150613528488,0.3858468067421265,0.0,1.0,1.0,1.0,0.0,1.0
15,Train/Low/low00501.png,28,10.283150613528488,0.3858468067421265,0.0,1.0,1.0,1.0,0.0,1.0
15,Train/Low/low00501.png,29,10.283150613528488,0.3858468067421265,0.0,1.0,1.0,1.0,0.0,1.0
15,Train/Low/low00501.png,30,10.283150613528488,0.3858468067421265,0.0,1.0,1.0,1.0,0.0,1.0
15,Train/Low/low00501.png,31,10.283150613528488,0.3858468067421265,0.0,1.0,1.0,1.0,0.0,1.0
15,Train/Low/low00501.png,32,10.283150613528488,0.3858468067421265,0.0,1.0,1.0,1.0,0.0,1.0
15,Train/Low/low00501.png,33,10.283150613528488,0.3858468067421265,0.0,1.0,1.0,1.0,0.0,1.0
15,Train/Low/low00501.png,34,10.283150613528488,0.3858468067421265,0.0,1.0,1.0,1.0,0.0,1.0
15,Train/Low/low00501.png,35,10.283150613528488,0.3858468067421265,0.0,1.0,1.0,1.0,0.0,1.0
15,Train/Low/low00501.png,36,10.283150613528488,0.3858468067421265,0.0,1.0,1.0,1.0,0.0,1.0
15,Train/Low/low00501.png,37,10.283150613528488,0.3858468067421265,0.0,1.0,1.0,1.0,0.0,1.0
15,Train/Low/low00501.png,38,10.283150613528488,0.3858468067421265,0.0,1.0,1.0,1.0,0.0,1.0
15,Train/Low/low00501.png,39,10.283150613528488,0.3858468067421265,0.0,1.0,1.0,1.0,0.0,1.0
15,Train/Low/low00501.png,40,10.283150613528488,0.3858468067421265,0.0,1.0,1.0,1.0,0.0,1.0
16,Train/Low/low00133.png,0,4.974555708775481,0.02613248339270404,1.0,0.0,1.0,0.0,0.0,0.0
16,Train/Low/low00133.png,1,5.004581264262483,0.028918553194022777,0.25,0.0,0.25,0.0,0.0,0.0
16,Train/Low/low00133.png,2,5.036903698484484,0.031909543098474415,0.25,0.0,0.25,0.0,0.0,0.0
16,Train/Low/low00133.png,3,5.07140037744389,0.03508812774566102,0.25,0.0,0.25,0.0,0.0,0.0
16,Train/Low/low00133.png,4,5.108359681097871,0.03847603052342556,0.0,0.0,0.0,0.0,0.0,0.0
16,Train/Low/low00133.png,5,5.148052373979279,0.04208721619663779,0.0,0.0,0.0,0.0,0.0,0.0
16,Train/Low/low00133.png,6,5.190011040902852,0.04585790736595095,0.0,0.0,0.0,0.0,0.0,0.0
16,Train/Low/low00133.png,7,5.234103921734111,0.049764301401150596,0.0,0.0,0.0,0.0,0.0,0.0
16,Train/Low/low00133.png,8,5.280293489510868,0.0537958787115027,0.0,0.0,0.0,0.0,0.0,0.0
16,Train/Low/low00133.png,9,5.32177072892874,0.05743852813318112,0.0,0.75,0.75,0.0,0.0,0.0
16,Train/Low/low00133.png,10,5.354009457565083,0.060363997568165996,0.0,0.75,0.75,0.0,0.0,0.0
16,Train/Low/low00133.png,11,5.385967067138936,0.06324489679569849,0.0,0.75,0.75,0.0,0.0,0.0
16,Train/Low/low00133.png,12,5.401186538590945,0.06456842356843966,0.0,0.75,0.75,0.75,0.0,0.75
16,Train/Low/low00133.png,13,5.405182722178251,0.06504853224085964,0.0,0.75,0.75,0.75,0.0,0.75
16,Train/Low/low00133.png,14,5.405918512184255,0.0651675179237685,0.0,0.75,0.75,1.0,0.0,1.0
16,Train/Low/low00133.png,15,5.404384733344902,0.06503434640949461,0.0,0.75,0.75,1.0,0.0,1.0
16,Train/Low/low00133.png,16,5.402610754961865,0.06487948318058137,0.0,0.75,0.75,1.0,0.0,1.0
16,Train/Low/low00133.png,17,5.400812149578566,0.06472156206293894,0.0,0.75,0.75,1.0,0.0,1.0
16,Train/Low/low00133.png,18,5.399194113181954,0.06457872005878564,0.0,0.75,0.75,1.0,0.0,1.0
16,Train/Low/low00133.png,19,5.3979323499076814,0.06446682625246634,0.0,0.75,0.75,1.0,0.0,1.0
16,Train/Low/low00133.png,20,5.397141024349307,0.06439642649126111,0.0,0.75,0.75,1.0,0.0,1.0
16,Train/Low/low00133.png,21,5.396855980207883,0.06437102579755033,0.0,0.75,0.75,1.0,0.0,1.0
16,Train/Low/low00133.png,22,5.397045251479846,0.064387893297067,0.0,0.75,0.75,1.0,0.0,1.0
16,Train/Low/low00133.png,23,5.397632721120296,0.06444019012740775,0.0,0.75,0.75,1.0,0.0,1.0
16,Train/Low/low00133.png,24,5.39851669693595,0.06451870101640206,0.0,0.75,0.75,1.0,0.0,1.0
16,Train/Low/low00133.png,25,5.399579679699949,0.06461282393259059,0.0,0.75,0.75,1.0,0.0,1.0
16,Train/Low/low00133.png,26,5.400693743824279,0.06471113343060717,0.0,0.75,0.75,1.0,0.0,1.0
16,Train/Low/low00133.png,27,5.401728000076988,0.06480209053544907,0.0,0.75,0.75,1.0,0.0,1.0
16,Train/Low/low00133.png,28,5.402562925281792,0.06487529535582508,0.0,0.75,0.75,1.0,0.0,1.0
16,Train/Low/low00133.png,29,5.403108830093331,0.06492305427427045,0.0,0.75,0.75,1.0,0.0,1.0
16,Train/Low/low00133.png,30,5.40332064496374,0.06494156264999885,0.0,0.75,0.75,1.0,0.0,1.0
16,Train/Low/low00133.png,31,5.403202023776866,0.06493119769317222,0.0,0.75,0.75,1.0,0.0,1.0
16,Train/Low/low00133.png,32,5.4027989036249675,0.06489595089057501,0.0,0.75,0.75,1.0,0.0,1.0
16,Train/Low/low00133.png,33,5.402187499440649,0.06484240315531697,0.0,0.75,0.75,1.0,0.0,1.0
16,Train/Low/low00133.png,34,5.401461795715087,0.06477870829346617,0.0,0.75,0.75,1.0,0.0,1.0
16,Train/Low/low00133.png,35,5.400721420839246,0.06471357285894004,0.0,0.75,0.75,1.0,0.0,1.0
16,Train/Low/low00133.png,36,5.400060035935277,0.06465525419405871,0.0,0.75,0.75,1.0,0.0,1.0
16,Train/Low/low00133.png,37,5.399554372715089,0.06461058816537378,0.0,0.75,0.75,1.0,0.0,1.0
16,Train/Low/low00133.png,38,5.399254981772575,0.06458410641929835,0.0,0.75,0.75,1.0,0.0,1.0
16,Train/Low/low00133.png,39,5.399181949155225,0.06457764383664351,0.0,0.75,0.75,1.0,0.0,1.0
16,Train/Low/low00133.png,40,5.399324961310006,0.06459029868972493,0.0,0.75,0.75,1.0,0.0,1.0
17,Train/Low/low00455.png,0,10.24300478321515,0.1301479880593978,0.0,1.0,1.0,0.0,0.0,0.0
17,Train/Low/low00455.png,1,10.13278445841098,0.13147629051534904,0.0,0.0,0.0,0.0,0.0,0.0
17,Train/Low/low00455.png,2,10.030773030262946,0.13194483142185237,0.0,0.0,0.0,0.0,0.0,0.0
17,Train/Low/low00455.png,3,9.940314320407605,0.1315431273021489,0.0,0.0,0.0,0.0,0.0,0.0
17,Train/Low/low00455.png,4,9.864157550297474,0.13039448663575395,0.0,0.0,0.0,0.0,0.0,0.0
17,Train/Low/low00455.png,5,9.800953882515465,0.1286342857881023,0.0,0.0,0.0,0.0,0.0,0.0
17,Train/Low/low00455.png,6,9.748910347860907,0.1263976520959324,0.0,0.0,0.0,0.0,0.0,0.0
17,Train/Low/low00455.png,7,9.707473861255085,0.12390902323038616,0.0,0.0,0.0,0.0,0.0,0.0
17,Train/Low/low00455.png,8,9.67643089930224,0.12148044184655078,0.0,0.0,0.0,0.0,0.0,0.0
17,Train/Low/low00455.png,9,9.654256330891474,0.11936011882340551,0.0,0.0,0.0,0.0,0.0,0.0
17,Train/Low/low00455.png,10,9.639158651424182,0.117720283478028,0.25,0.0,0.25,0.0,0.0,0.0
17,Train/Low/low00455.png,11,9.63035072454802,0.11671861096691612,0.25,0.0,0.25,0.0,0.0,0.0
17,Train/Low/low00455.png,12,9.624791976987787,0.11608478222410837,0.25,0.0,0.25,0.0,0.25,0.25
17,Train/Low/low00455.png,13,9.630240687901725,0.11660299953622674,0.25,0.0,0.25,0.0,0.5,0.5
17,Train/Low/low00455.png,14,9.6380570367904,0.11725828900557468,0.0,0.0,0.0,0.0,0.5,0.5
17,Train/Low/low00455.png,15,9.646912839732938,0.11793591445092924,0.0,0.0,0.0,0.0,0.5,0.5
17,Train/Low/low00455.png,16,9.656621468464262,0.11857765699957029,0.0,0.0,0.0,0.0,0.5,0.5
17,Train/Low/low00455.png,17,9.666957352765555,0.11914723693236115,0.0,0.0,0.0,0.0,0.5,0.5
17,Train/Low/low00455.png,18,9.677508033409074,0.1196260211333634,0.0,0.0,0.0,0.0,0.5,0.5
17,Train/Low/low00455.png,19,9.68765631937438,0.120004161058468,0.0,0.0,0.0,0.0,0.5,0.5
17,Train/Low/low00455.png,20,9.69672046501599,0.12027467451562864,0.0,0.0,0.0,0.0,0.5,0.5
17,Train/Low/low00455.png,21,9.703967456365021,0.12042713297520562,0.0,0.0,0.0,0.0,0.5,0.5
17,Train/Low/low00455.png,22,9.709000060207785,0.1204554956168275,0.0,0.0,0.0,0.0,0.5,0.5
17,Train/Low/low00455.png,23,9.711754342797095,0.1203609218495905,0.0,0.0,0.0,0.0,0.5,0.5
17,Train/Low/low00455.png,24,9.712419681598684,0.12015280074000127,0.0,0.0,0.0,0.0,0.5,0.5
17,Train/Low/low00455.png,25,9.715077489718714,0.12011569503474091,0.0,0.0,0.0,0.0,0.75,0.75
17,Train/Low/low00455.png,26,9.719379437122997,0.12025144867110757,0.0,0.0,0.0,0.0,0.75,0.75
17,Train/Low/low00455.png,27,9.722388651339442,0.1203472541199412,0.0,0.0,0.0,0.0,0.75,0.75
17,Train/Low/low00455.png,28,9.72427424503698,0.12040057729010918,0.0,0.0,0.0,0.0,0.75,0.75
17,Train/Low/low00455.png,29,9.725232282082679,0.12040964440156739,0.0,0.0,0.0,0.0,0.75,0.75
17,Train/Low/low00455.png,30,9.725483083176133,0.12037439949831755,0.0,0.0,0.0,0.0,0.75,0.75
17,Train/Low/low00455.png,31,9.725267625357661,0.12029705013577933,0.0,0.0,0.0,0.0,0.75,0.75
17,Train/Low/low00455.png,32,9.724842508583103,0.12018213169628646,0.0,0.0,0.0,0.0,0.75,0.75
17,Train/Low/low00455.png,33,9.724471636363273,0.12003619701197822,0.0,0.0,0.0,0.0,0.75,0.75
17,Train/Low/low00455.png,34,9.725939982269859,0.11980739104497747,0.25,0.0,0.25,0.0,0.75,0.75
17,Train/Low/low00455.png,35,9.72773252898124,0.1195666576030372,0.25,0.0,0.25,0.0,0.75,0.75
17,Train/Low/low00455.png,36,9.72994029153902,0.11932733783154274,0.25,0.0,0.25,0.0,0.75,0.75
17,Train/Low/low00455.png,37,9.732681639290725,0.11910005694782509,0.25,0.0,0.25,0.0,0.75,0.75
17,Train/Low/low00455.png,38,9.736042756184915,0.11889373881667593,0.25,0.0,0.25,0.0,0.75,0.75
17,Train/Low/low00455.png,39,9.740069974989627,0.11871493745119127,0.25,0.0,0.25,0.0,0.75,0.75
17,Train/Low/low00455.png,40,9.744764499307898,0.11856753585004766,0.25,0.0,0.25,0.0,0.75,0.75
18,Train/Low/low00206.png,0,9.989167884970563,0.3085896642436264,1.0,0.0,1.0,0.0,0.0,0.0
18,Train/Low/low00206.png,1,10.2212135760638,0.33712878035909294,0.0,0.0,0.0,0.0,0.0,0.0
18,Train/Low/low00206.png,2,10.471779889917892,0.36669178950091535,0.0,0.0,0.0,0.0,0.0,0.0
18,Train/Low/low00206.png,3,10.742074272426185,0.3970717478561289,0.0,0.0,0.0,0.0,0.0,0.0
18,Train/Low/low00206.png,4,11.033374906744502,0.42802226688944356,0.0,0.0,0.0,0.0,0.0,0.0
18,Train/Low/low00206.png,5,11.347031750121916,0.45925244807778826,0.0,0.0,0.0,0.0,0.0,0.0
18,Train/Low/low00206.png,6,11.683873497592385,0.4903297316825562,0.0,0.0,0.0,0.0,0.0,0.0
18,Train/Low/low00206.png,7,12.044425212407608,0.5207778457256693,0.0,0.0,0.0,0.0,0.0,0.0
18,Train/Low/low00206.png,8,12.43004071005985,0.5502856814231604,0.0,0.0,0.0,0.0,0.0,0.0
18,Train/Low/low00206.png,9,12.726028513343122,0.5719821265603882,0.0,1.0,1.0,0.0,0.0,0.0
18,Train/Low/low00206.png,10,12.92317181855603,0.5867768990990433,0.0,1.0,1.0,0.0,0.0,0.0
18,Train/Low/low00206.png,11,13.121177719504226,0.6008110426434752,0.0,1.0,1.0,0.25,0.0,0.25
18,Train/Low/low00206.png,12,13.152306406413043,0.6032013845569454,0.0,1.0,1.0,1.0,0.0,1.0
18,Train/Low/low00206.png,13,13.152306406413043,0.6032013845569454,0.0,1.0,1.0,1.0,0.0,1.0
18,Train/Low/low00206.png,14,13.152306406413043,0.6032013845569454,0.0,1.0,1.0,1.0,0.0,1.0
18,Train/Low/low00206.png,15,13.152306406413043,0.6032013845569454,0.0,1.0,1.0,1.0,0.0,1.0
18,Train/Low/low00206.png,16,13.152306406413043,0.6032013845569454,0.0,1.0,1.0,1.0,0.0,1.0
18,Train/Low/low00206.png,17,13.152306406413043,0.6032013845569454,0.0,1.0,1.0,1.0,0.0,1.0
18,Train/Low/low00206.png,18,13.152306406413043,0.6032013845569454,0.0,1.0,1.0,1.0,0.0,1.0
18,Train/Low/low00206.png,19,13.152306406413043,0.6032013845569454,0.0,1.0,1.0,1.0,0.0,1.0
18,Train/Low/low00206.png,20,13.152306406413043,0.6032013845569454,0.0,1.0,1.0,1.0,0.0,1.0
18,Train/Low/low00206.png,21,13.152306406413043,0.6032013845569454,0.0,1.0,1.0,1.0,0.0,1.0
18,Train/Low/low00206.png,22,13.152306406413043,0.6032013845569454,0.0,1.0,1.0,1.0,0.0,1.0
18,Train/Low/low00206.png,23,13.152306406413043,0.6032013845569454,0.0,1.0,1.0,1.0,0.0,1.0
18,Train/Low/low00206.png,24,13.152306406413043,0.6032013845569454,0.0,1.0,1.0,1.0,0.0,1.0
18,Train/Low/low00206.png,25,13.152306406413043,0.6032013845569454,0.0,1.0,1.0,1.0,0.0,1.0
18,Train/Low/low00206.png,26,13.152306406413043,0.6032013845569454,0.0,1.0,1.0,1.0,0.0,1.0
18,Train/Low/low00206.png,27,13.152306406413043,0.6032013845569454,0.0,1.0,1.0,1.0,0.0,1.0
18,Train/Low/low00206.png,28,13.152306406413043,0.6032013845569454,0.0,1.0,1.0,1.0,0.0,1.0
18,Train/Low/low00206.png,29,13.152306406413043,0.6032013845569454,0.0,1.0,1.0,1.0,0.0,1.0
18,Train/Low/low00206.png,30,13.152306406413043,0.6032013845569454,0.0,1.0,1.0,1.0,0.0,1.0
18,Train/Low/low00206.png,31,13.152306406413043,0.6032013845569454,0.0,1.0,1.0,1.0,0.0,1.0
18,Train/Low/low00206.png,32,13.152306406413043,0.6032013845569454,0.0,1.0,1.0,1.0,0.0,1.0
18,Train/Low/low00206.png,33,13.152306406413043,0.6032013845569454,0.0,1.0,1.0,1.0,0.0,1.0
18,Train/Low/low00206.png,34,13.152306406413043,0.6032013845569454,0.0,1.0,1.0,1.0,0.0,1.0
18,Train/Low/low00206.png,35,13.152306406413043,0.6032013845569454,0.0,1.0,1.0,1.0,0.0,1.0
18,Train/Low/low00206.png,36,13.152306406413043,0.6032013845569454,0.0,1.0,1.0,1.0,0.0,1.0
18,Train/Low/low00206.png,37,13.152306406413043,0.6032013845569454,0.0,1.0,1.0,1.0,0.0,1.0
18,Train/Low/low00206.png,38,13.152306406413043,0.6032013845569454,0.0,1.0,1.0,1.0,0.0,1.0
18,Train/Low/low00206.png,39,13.152306406413043,0.6032013845569454,0.0,1.0,1.0,1.0,0.0,1.0
18,Train/Low/low00206.png,40,13.152306406413043,0.6032013845569454,0.0,1.0,1.0,1.0,0.0,1.0
19,Train/Low/low00314.png,0,10.678252978067235,0.18427194309914174,0.5,0.5,1.0,0.0,0.0,0.0
19,Train/Low/low00314.png,1,10.770817265980686,0.18544848284120252,0.0,0.25,0.25,0.0,0.0,0.0
19,Train/Low/low00314.png,2,10.866929102335645,0.1860983861717529,0.0,0.25,0.25,0.0,0.0,0.0
19,Train/Low/low00314.png,3,10.966966795690231,0.18624470708468563,0.0,0.25,0.25,0.0,0.0,0.0
19,Train/Low/low00314.png,4,11.071252229153783,0.1859275318466757,0.0,0.25,0.25,0.0,0.0,0.0
19,Train/Low/low00314.png,5,11.179651152655508,0.1852047757427422,0.0,0.25,0.25,0.0,0.0,0.0
19,Train/Low/low00314.png,6,11.291655729148468,0.18414941540357,0.0,0.25,0.25,0.0,0.0,0.0
19,Train/Low/low00314.png,7,11.406155470382235,0.18284222288775334,0.0,0.25,0.25,0.0,0.0,0.0
19,Train/Low/low00314.png,8,11.521663041116117,0.18136282824954744,0.0,0.25,0.25,0.0,0.0,0.0
19,Train/Low/low00314.png,9,11.626110099829827,0.18000379933764066,0.0,0.5,0.5,0.0,0.0,0.0
19,Train/Low/low00314.png,10,11.688971558708687,0.1794834707208808,0.0,0.75,0.75,0.0,0.0,0.0
19,Train/Low/low00314.png,11,11.753821080302009,0.17901557287315803,0.0,0.75,0.75,0.0,0.0,0.0
19,Train/Low/low00314.png,12,11.80062662211572,0.17865223931311477,0.0,0.75,0.75,0.75,0.0,0.75
19,Train/Low/low00314.png,13,11.80026954611009,0.17850522648499217,0.0,0.75,0.75,0.75,0.0,0.75
19,Train/Low/low00314.png,14,11.804326303537728,0.17840453139597504,0.0,0.75,0.75,0.75,0.0,0.75
19,Train/Low/low00314.png,15,11.812072681983183,0.17833803518045424,0.0,0.75,0.75,0.75,0.0,0.75
19,Train/Low/low00314.png,16,11.822816979439246,0.1782932900581005,0.0,0.75,0.75,0.75,0.0,0.75
19,Train/Low/low00314.png,17,11.83586529895462,0.1782587247564977,0.0,0.75,0.75,0.75,0.0,0.75
19,Train/Low/low00314.png,18,11.850492880774128,0.17822451805624798,0.0,0.75,0.75,0.75,0.0,0.75
19,Train/Low/low00314.png,19,11.8659180372238,0.17818329168663238,0.0,0.75,0.75,0.75,0.0,0.75
19,Train/Low/low00314.png,20,11.88128672660405,0.17813044542731007,0.0,0.75,0.75,0.75,0.0,0.75
19,Train/Low/low00314.png,21,11.895680922573206,0.17806430215274005,0.0,0.75,0.75,0.75,0.0,0.75
19,Train/Low/low00314.png,22,11.90939928248877,0.1779988626811978,0.0,0.75,0.75,0.75,0.25,1.0
19,Train/Low/low00314.png,23,11.924351798040306,0.1779630472433586,0.0,0.75,0.75,0.75,0.25,1.0
19,Train/Low/low00314.png,24,11.932754595711392,0.1779386119376413,0.0,1.0,1.0,0.75,0.25,1.0
19,Train/Low/low00314.png,25,11.932754595711392,0.1779386119376413,0.0,1.0,1.0,0.75,0.25,1.0
19,Train/Low/low00314.png,26,11.932754595711392,0.1779386119376413,0.0,1.0,1.0,0.75,0.25,1.0
19,Train/Low/low00314.png,27,11.932754595711392,0.1779386119376413,0.0,1.0,1.0,0.75,0.25,1.0
19,Train/Low/low00314.png,28,11.932754595711392,0.1779386119376413,0.0,1.0,1.0,0.75,0.25,1.0
19,Train/Low/low00314.png,29,11.932063128169851,0.17794073643238406,0.0,0.75,0.75,0.75,0.25,1.0
19,Train/Low/low00314.png,30,11.929439291050805,0.17794861370265805,0.0,0.75,0.75,0.75,0.25,1.0
19,Train/Low/low00314.png,31,11.925186852368988,0.1779607556515949,0.0,0.75,0.75,0.75,0.25,1.0
19,Train/Low/low00314.png,32,11.919667788389681,0.1779753398151301,0.0,0.75,0.75,0.75,0.25,1.0
19,Train/Low/low00314.png,33,11.91327361991059,0.17799054575020357,0.0,0.75,0.75,0.75,0.25,1.0
19,Train/Low/low00314.png,34,11.906400367648128,0.17800482654529606,0.0,0.75,0.75,0.75,0.25,1.0
19,Train/Low/low00314.png,35,11.899426778710131,0.17801706592167563,0.0,0.75,0.75,0.75,0.25,1.0
19,Train/Low/low00314.png,36,11.892696334320735,0.17802667549279833,0.0,0.75,0.75,0.75,0.25,1.0
19,Train/Low/low00314.png,37,11.886503952379794,0.17803356376201235,0.0,0.75,0.75,0.75,0.25,1.0
19,Train/Low/low00314.png,38,11.881087464817476,0.17803801230999783,0.0,0.75,0.75,0.75,0.25,1.0
19,Train/Low/low00314.png,39,11.876623386482121,0.17804055452029288,0.0,0.75,0.75,0.75,0.25,1.0
19,Train/Low/low00314.png,40,11.873226712366542,0.17804179988552965,0.0,0.75,0.75,0.75,0.25,1.0
20,Train/Low/low00097.png,0,9.02716142550389,0.09933404620828538,1.0,0.0,1.0,0.0,0.0,0.0
20,Train/Low/low00097.png,1,9.049943702147965,0.10271265416962104,0.0,0.0,0.0,0.0,0.0,0.0
20,Train/Low/low00097.png,2,9.075519359282826,0.10654915011797098,0.0,0.0,0.0,0.0,0.0,0.0
20,Train/Low/low00097.png,3,9.104145250962928,0.11086638520737996,0.0,0.0,0.0,0.0,0.0,0.0
20,Train/Low/low00097.png,4,9.136340194730293,0.1157091597223423,0.0,0.0,0.0,0.0,0.0,0.0
20,Train/Low/low00097.png,5,9.172852847121737,0.12112648676478531,0.0,0.0,0.0,0.0,0.0,0.0
20,Train/Low/low00097.png,6,9.214534218229472,0.12714181679068706,0.0,0.0,0.0,0.0,0.0,0.0
20,Train/Low/low00097.png,7,9.262401373472658,0.13376506661893695,0.0,0.0,0.0,0.0,0.0,0.0
20,Train/Low/low00097.png,8,9.317302656137628,0.14097591267687556,0.0,0.0,0.0,0.0,0.0,0.0
20,Train/Low/low00097.png,9,9.370348680285637,0.14759266916315877,0.0,0.75,0.75,0.0,0.0,0.0
20,Train/Low/low00097.png,10,9.415125902707125,0.15289203397056655,0.0,0.75,0.75,0.0,0.0,0.0
20,Train/Low/low00097.png,11,9.464911120735772,0.15856972687523285,0.0,0.75,0.75,0.0,0.0,0.0
20,Train/Low/low00097.png,12,9.498010074587507,0.16165274707445074,0.0,1.0,1.0,0.5,0.0,0.5
20,Train/Low/low00097.png,13,9.518716583927798,0.1633703401323878,0.0,1.0,1.0,0.5,0.0,0.5
20,Train/Low/low00097.png,14,9.542272123078842,0.16536086856774204,0.0,1.0,1.0,0.5,0.0,0.5
20,Train/Low/low00097.png,15,9.568239270383385,0.1675726093554615,0.0,1.0,1.0,0.5,0.0,0.5
20,Train/Low/low00097.png,16,9.596210682114258,0.16995296699647486,0.0,1.0,1.0,0.5,0.0,0.5
20,Train/Low/low00097.png,17,9.625811415846586,0.17245123725491143,0.0,1.0,1.0,0.5,0.0,0.5
20,Train/Low/low00097.png,18,9.656719608292814,0.17502467731924404,0.0,1.0,1.0,0.5,0.0,0.5
20,Train/Low/low00097.png,19,9.688636859840095,0.17763996061950524,0.0,1.0,1.0,0.5,0.0,0.5
20,Train/Low/low00097.png,20,9.72119606644023,0.18026648371563916,0.0,1.0,1.0,0.5,0.0,0.5
20,Train/Low/low00097.png,21,9.753874558422645,0.1828675421118214,0.0,1.0,1.0,0.5,0.0,0.5
20,Train/Low/low00097.png,22,9.786004814249322,0.18539879283341792,0.0,1.0,1.0,0.5,0.0,0.5
20,Train/Low/low00097.png,23,9.816918801084453,0.1878181564496885,0.0,1.0,1.0,0.5,0.0,0.5
20,Train/Low/low00097.png,24,9.843036493797927,0.18988034511014792,0.0,0.75,0.75,0.5,0.0,0.5
20,Train/Low/low00097.png,25,9.860819476981707,0.19134982810921108,0.0,0.75,0.75,0.5,0.0,0.5
20,Train/Low/low00097.png,26,9.87185836296854,0.19234826767342164,0.0,0.75,0.75,0.5,0.0,0.5
20,Train/Low/low00097.png,27,9.877858574115823,0.19299557199750447,0.0,0.75,0.75,0.5,0.0,0.5
20,Train/Low/low00097.png,28,9.880450410809276,0.19339899909798122,0.0,0.75,0.75,0.5,0.0,0.5
20,Train/Low/low00097.png,29,9.87324805620227,0.19303509974581054,0.0,0.75,0.75,0.75,0.0,0.75
20,Train/Low/low00097.png,30,9.855107401263094,0.19178179242732035,0.0,0.75,0.75,0.75,0.0,0.75
20,Train/Low/low00097.png,31,9.839156697572713,0.190645610474102,0.0,0.75,0.75,0.75,0.0,0.75
20,Train/Low/low00097.png,32,9.826503182171747,0.18970833344866664,0.0,0.75,0.75,0.75,0.0,0.75
20,Train/Low/low00097.png,33,9.817754965785383,0.18902432748833828,0.0,0.75,0.75,0.75,0.0,0.75
20,Train/Low/low00097.png,34,9.81305195140485,0.18861879282691274,0.0,0.75,0.75,0.75,0.0,0.75
20,Train/Low/low00097.png,35,9.812221872927609,0.1884954002720293,0.0,0.75,0.75,0.75,0.0,0.75
20,Train/Low/low00097.png,36,9.814913976786633,0.18864252505609988,0.0,0.75,0.75,0.75,0.0,0.75
20,Train/Low/low00097.png,37,9.820659390405114,0.18903530992877154,0.0,0.75,0.75,0.75,0.0,0.75
20,Train/Low/low00097.png,38,9.828877667006422,0.1896346644179848,0.0,0.75,0.75,0.75,0.0,0.75
20,Train/Low/low00097.png,39,9.838865434352682,0.19038653479687495,0.0,0.75,0.75,0.75,0.0,0.75
20,Train/Low/low00097.png,40,9.84979600130757,0.19122314880510358,0.0,0.75,0.75,0.75,0.0,0.75
21,Train/Low/low00520.png,0,7.898850499412714,0.09116325250965102,1.0,0.0,1.0,0.0,0.0,0.0
21,Train/Low/low00520.png,1,7.962198845362238,0.09681854564537157,0.0,0.0,0.0,0.0,0.0,0.0
21,Train/Low/low00520.png,2,8.03056757788456,0.10305096978329627,0.0,0.0,0.0,0.0,0.0,0.0
21,Train/Low/low00520.png,3,8.104149972550271,0.10989007756227412,0.0,0.0,0.0,0.0,0.0,0.0
21,Train/Low/low00520.png,4,8.183007909017824,0.11734914245710838,0.0,0.0,0.0,0.0,0.0,0.0
21,Train/Low/low00520.png,5,8.266939465087368,0.12540695475989594,0.0,0.0,0.0,0.0,0.0,0.0
21,Train/Low/low00520.png,6,8.355427858140962,0.13400153539374993,0.0,0.0,0.0,0.0,0.0,0.0
21,Train/Low/low00520.png,7,8.447566232955635,0.1430233846973938,0.0,0.0,0.0,0.0,0.0,0.0
21,Train/Low/low00520.png,8,8.541916236253911,0.15229758433226834,0.0,0.0,0.0,0.0,0.0,0.0
21,Train/Low/low00520.png,9,8.618859373197868,0.16014948128167275,0.0,0.75,0.75,0.0,0.0,0.0
21,Train/Low/low00520.png,10,8.669964303199183,0.16567077691500182,0.0,1.0,1.0,0.0,0.0,0.0
21,Train/Low/low00520.png,11,8.71848953557954,0.1709179139892029,0.0,1.0,1.0,0.0,0.0,0.0
21,Train/Low/low00520.png,12,8.732938631250876,0.17271465502385408,0.0,1.0,1.0,0.5,0.0,0.5
21,Train/Low/low00520.png,13,8.741422658892045,0.17379256056563694,0.0,1.0,1.0,0.5,0.0,0.5
21,Train/Low/low00520.png,14,8.73895801143414,0.1735066390595943,0.0,1.0,1.0,0.75,0.0,0.75
21,Train/Low/low00520.png,15,8.734716215152913,0.1730190979493138,0.0,0.75,0.75,0.75,0.0,0.75
21,Train/Low/low00520.png,16,8.72897579638046,0.17237173439910103,0.0,0.75,0.75,0.75,0.0,0.75
21,Train/Low/low00520.png,17,8.722210704663231,0.17161935930803773,0.0,0.75,0.75,0.75,0.0,0.75
21,Train/Low/low00520.png,18,8.71494789175365,0.1708212690561823,0.0,0.75,0.75,0.75,0.0,0.75
21,Train/Low/low00520.png,19,8.70772785873784,0.17003624728655584,0.0,0.75,0.75,0.75,0.0,0.75
21,Train/Low/low00520.png,20,8.70105245075062,0.1693167172146723,0.0,0.75,0.75,0.75,0.0,0.75
21,Train/Low/low00520.png,21,8.695376178194739,0.16870809807674134,0.0,0.75,0.75,0.75,0.0,0.75
21,Train/Low/low00520.png,22,8.691130304878449,0.16825209712186592,0.0,0.75,0.75,0.75,0.0,0.75
21,Train/Low/low00520.png,23,8.688584215304616,0.16797327161546285,0.0,0.75,0.75,0.75,0.0,0.75
21,Train/Low/low00520.png,24,8.68781198224106,0.16787691873978627,0.0,0.75,0.75,0.75,0.0,0.75
21,Train/Low/low00520.png,25,8.68870004240111,0.1679505874689725,0.0,0.75,0.75,0.75,0.0,0.75
21,Train/Low/low00520.png,26,8.690965489655648,0.16816591483111823,0.0,0.75,0.75,0.75,0.0,0.75
21,Train/Low/low00520.png,27,8.694214386261077,0.1684838446359995,0.0,0.75,0.75,0.75,0.0,0.75
21,Train/Low/low00520.png,28,8.696943359539775,0.16876277345961455,0.0,1.0,1.0,0.75,0.0,0.75
21,Train/Low/low00520.png,29,8.698848503384523,0.1689704871851748,0.0,1.0,1.0,0.75,0.0,0.75
21,Train/Low/low00520.png,30,8.700813163600577,0.169185473684722,0.0,1.0,1.0,0.75,0.0,0.75
21,Train/Low/low00520.png,31,8.702700681739506,0.16939275494446066,0.0,1.0,1.0,0.75,0.0,0.75
21,Train/Low/low00520.png,32,8.704395305755908,0.16957947997356754,0.0,1.0,1.0,0.75,0.0,0.75
21,Train/Low/low00520.png,33,8.705808866734449,0.16973567992342783,0.0,1.0,1.0,0.75,0.0,0.75
21,Train/Low/low00520.png,34,8.706880524338478,0.16985436072071255,0.0,1.0,1.0,0.75,0.0,0.75
21,Train/Low/low00520.png,35,8.70757617182471,0.16993152261784206,0.0,1.0,1.0,0.75,0.0,0.75
21,Train/Low/low00520.png,36,8.707886214665686,0.16996594610533833,0.0,1.0,1.0,0.75,0.0,0.75
21,Train/Low/low00520.png,37,8.707823985893858,0.16995903246479804,0.0,1.0,1.0,0.75,0.0,0.75
21,Train/Low/low00520.png,38,8.707423335100659,0.1699145589141562,0.0,1.0,1.0,0.75,0.0,0.75
21,Train/Low/low00520.png,39,8.706734765635854,0.16983820634394073,0.0,1.0,1.0,0.75,0.0,0.75
21,Train/Low/low00520.png,40,8.705821959039616,0.16973711946507472,0.0,1.0,1.0,0.75,0.0,0.75
22,Train/Low/low00424.png,0,10.010772087746476,0.12361664597791003,0.25,0.75,1.0,0.0,0.0,0.0
22,Train/Low/low00424.png,1,9.959343510624098,0.12318341862140232,0.0,0.0,0.0,0.0,0.0,0.0
22,Train/Low/low00424.png,2,9.886949756392372,0.12310272960326028,0.0,0.0,0.0,0.0,0.0,0.0
22,Train/Low/low00424.png,3,9.827265496622315,0.12224431166270298,0.25,0.0,0.25,0.0,0.0,0.0
22,Train/Low/low00424.png,4,9.78035494334023,0.12073848308535627,0.25,0.0,0.25,0.0,0.0,0.0
22,Train/Low/low00424.png,5,9.745011791140067,0.11895990214120403,0.25,0.0,0.25,0.0,0.0,0.0
22,Train/Low/low00424.png,6,9.72320270237918,0.11721019080736247,0.25,0.0,0.25,0.0,0.0,0.0
22,Train/Low/low00424.png,7,9.714396217370524,0.11572410662578682,0.25,0.0,0.25,0.0,0.0,0.0
22,Train/Low/low00424.png,8,9.71613082749146,0.11457399364072507,0.25,0.0,0.25,0.0,0.0,0.0
22,Train/Low/low00424.png,9,9.725806063064491,0.11372434310194304,0.25,0.0,0.25,0.0,0.0,0.0
22,Train/Low/low00424.png,10,9.741249314732487,0.1130987428520966,0.25,0.0,0.25,0.0,0.0,0.0
22,Train/Low/low00424.png,11,9.760586287079162,0.11261176049614413,0.25,0.0,0.25,0.0,0.0,0.0
22,Train/Low/low00424.png,12,9.782057968547345,0.11218427683596759,0.25,0.0,0.25,0.0,0.0,0.0
22,Train/Low/low00424.png,13,9.7913839814054,0.11207122415136551,0.25,0.0,0.25,0.25,0.0,0.25
22,Train/Low/low00424.png,14,9.797095712139786,0.11195786464646865,0.25,0.0,0.25,0.25,0.0,0.25
22,Train/Low/low00424.png,15,9.799849957981529,0.11175393071627633,0.25,0.25,0.5,0.25,0.0,0.25
22,Train/Low/low00424.png,16,9.7943815792396,0.11136603659160858,0.25,0.25,0.5,0.25,0.0,0.25
22,Train/Low/low00424.png,17,9.78590810325864,0.11087241264348466,0.25,0.25,0.5,0.25,0.0,0.25
22,Train/Low/low00424.png,18,9.77469530882615,0.11026949682071809,0.25,0.25,0.5,0.25,0.0,0.25
22,Train/Low/low00424.png,19,9.761153596954964,0.10955622317092978,0.25,0.25,0.5,0.25,0.0,0.25
22,Train/Low/low00424.png,20,9.74981073289965,0.10902507161280844,0.25,0.25,0.5,0.25,0.25,0.5
22,Train/Low/low00424.png,21,9.741349558048825,0.10866988106732452,0.25,0.25,0.5,0.25,0.5,0.75
22,Train/Low/low00424.png,22,9.735507103249638,0.1084363120087475,0.25,0.25,0.5,0.25,0.75,1.0
22,Train/Low/low00424.png,23,9.736134005888122,0.10847999667869852,0.25,0.25,0.5,0.25,0.75,1.0
22,Train/Low/low00424.png,24,9.736128483274873,0.10849668537224078,0.25,0.25,0.5,0.25,0.75,1.0
22,Train/Low/low00424.png,25,9.735574922623508,0.10848956855885855,0.25,0.25,0.5,0.25,0.75,1.0
22,Train/Low/low00424.png,26,9.734578618867838,0.10846239132110541,0.25,0.25,0.5,0.25,0.75,1.0
22,Train/Low/low00424.png,27,9.733255826106781,0.108419136401629,0.25,0.25,0.5,0.25,0.75,1.0
22,Train/Low/low00424.png,28,9.731724138296666,0.10836379117655391,0.25,0.25,0.5,0.25,0.75,1.0
22,Train/Low/low00424.png,29,9.730094383960108,0.10830015009191066,0.25,0.25,0.5,0.25,0.75,1.0
22,Train/Low/low00424.png,30,9.728464917776424,0.10823169801819921,0.25,0.25,0.5,0.25,0.75,1.0
22,Train/Low/low00424.png,31,9.726917215558542,0.10816152557836568,0.25,0.25,0.5,0.25,0.75,1.0
22,Train/Low/low00424.png,32,9.725513404585582,0.10809231406338088,0.25,0.25,0.5,0.25,0.75,1.0
22,Train/Low/low00424.png,33,9.724295608631028,0.10802633998774286,0.25,0.25,0.5,0.25,0.75,1.0
22,Train/Low/low00424.png,34,9.723287132305128,0.10796552503055551,0.25,0.25,0.5,0.25,0.75,1.0
22,Train/Low/low00424.png,35,9.72249506401019,0.10791152056286556,0.25,0.25,0.5,0.25,0.75,1.0
22,Train/Low/low00424.png,36,9.721913217400695,0.10786570773381245,0.25,0.25,0.5,0.25,0.75,1.0
22,Train/Low/low00424.png,37,9.72152567186161,0.10782918395549364,0.25,0.25,0.5,0.25,0.75,1.0
22,Train/Low/low00424.png,38,9.721309804618713,0.10780268808033716,0.25,0.25,0.5,0.25,0.75,1.0
22,Train/Low/low00424.png,39,9.721239830789512,0.10778655130450887,0.25,0.25,0.5,0.25,0.75,1.0
22,Train/Low/low00424.png,40,9.721289174563843,0.1077806045391248,0.25,0.25,0.5,0.25,0.75,1.0
23,Train/Low/low00535.png,0,5.903887545012251,0.14019140925116716,1.0,0.0,1.0,0.0,0.0,0.0
23,Train/Low/low00535.png,1,6.010081306041503,0.15489318026443175,0.0,0.0,0.0,0.0,0.0,0.0
23,Train/Low/low00535.png,2,6.1244307746150675,0.1705185858723002,0.0,0.0,0.0,0.0,0.0,0.0
23,Train/Low/low00535.png,3,6.247212916791284,0.18702295478775008,0.0,0.0,0.0,0.0,0.0,0.0
23,Train/Low/low00535.png,4,6.378618924698469,0.20433648706535515,0.0,0.0,0.0,0.0,0.0,0.0
23,Train/Low/low00535.png,5,6.518800675369016,0.22237108767234406,0.0,0.0,0.0,0.0,0.0,0.0
23,Train/Low/low00535.png,6,6.667808192888344,0.2410136410021235,0.0,0.0,0.0,0.0,0.0,0.0
23,Train/Low/low00535.png,7,6.825524536782924,0.26012094575108896,0.0,0.0,0.0,0.0,0.0,0.0
23,Train/Low/low00535.png,8,6.991625361493211,0.2795201269083032,0.0,0.0,0.0,0.0,0.0,0.0
23,Train/Low/low00535.png,9,7.12481152443716,0.294846428602126,0.0,1.0,1.0,0.0,0.0,0.0
23,Train/Low/low00535.png,10,7.219062728544921,0.305726086871728,0.0,1.0,1.0,0.0,0.0,0.0
23,Train/Low/low00535.png,11,7.313828067144053,0.31644343133672154,0.0,1.0,1.0,0.25,0.0,0.25
23,Train/Low/low00535.png,12,7.3231823704483805,0.3175933902458238,0.0,1.0,1.0,1.0,0.0,1.0
23,Train/Low/low00535.png,13,7.3231823704483805,0.3175933902458238,0.0,1.0,1.0,1.0,0.0,1.0
23,Train/Low/low00535.png,14,7.3231823704483805,0.3175933902458238,0.0,1.0,1.0,1.0,0.0,1.0
23,Train/Low/low00535.png,15,7.3231823704483805,0.3175933902458238,0.0,1.0,1.0,1.0,0.0,1.0
23,Train/Low/low00535.png,16,7.3231823704483805,0.3175933902458238,0.0,1.0,1.0,1.0,0.0,1.0
23,Train/Low/low00535.png,17,7.3231823704483805,0.3175933902458238,0.0,1.0,1.0,1.0,0.0,1.0
23,Train/Low/low00535.png,18,7.3231823704483805,0.3175933902458238,0.0,1.0,1.0,1.0,0.0,1.0
23,Train/Low/low00535.png,19,7.3231823704483805,0.3175933902458238,0.0,1.0,1.0,1.0,0.0,1.0
23,Train/Low/low00535.png,20,7.3231823704483805,0.3175933902458238,0.0,1.0,1.0,1.0,0.0,1.0
23,Train/Low/low00535.png,21,7.3231823704483805,0.3175933902458238,0.0,1.0,1.0,1.0,0.0,1.0
23,Train/Low/low00535.png,22,7.3231823704483805,0.3175933902458238,0.0,1.0,1.0,1.0,0.0,1.0
23,Train/Low/low00535.png,23,7.3231823704483805,0.3175933902458238,0.0,1.0,1.0,1.0,0.0,1.0
23,Train/Low/low00535.png,24,7.3231823704483805,0.3175933902458238,0.0,1.0,1.0,1.0,0.0,1.0
23,Train/Low/low00535.png,25,7.3231823704483805,0.3175933902458238,0.0,1.0,1.0,1.0,0.0,1.0
23,Train/Low/low00535.png,26,7.3231823704483805,0.3175933902458238,0.0,1.0,1.0,1.0,0.0,1.0
23,Train/Low/low00535.png,27,7.3231823704483805,0.3175933902458238,0.0,1.0,1.0,1.0,0.0,1.0
23,Train/Low/low00535.png,28,7.3231823704483805,0.3175933902458238,0.0,1.0,1.0,1.0,0.0,1.0
23,Train/Low/low00535.png,29,7.3231823704483805,0.3175933902458238,0.0,1.0,1.0,1.0,0.0,1.0
23,Train/Low/low00535.png,30,7.3231823704483805,0.3175933902458238,0.0,1.0,1.0,1.0,0.0,1.0
23,Train/Low/low00535.png,31,7.3231823704483805,0.3175933902458238,0.0,1.0,1.0,1.0,0.0,1.0
23,Train/Low/low00535.png,32,7.3231823704483805,0.3175933902458238,0.0,1.0,1.0,1.0,0.0,1.0
23,Train/Low/low00535.png,33,7.3231823704483805,0.3175933902458238,0.0,1.0,1.0,1.0,0.0,1.0
23,Train/Low/low00535.png,34,7.3231823704483805,0.3175933902458238,0.0,1.0,1.0,1.0,0.0,1.0
23,Train/Low/low00535.png,35,7.3231823704483805,0.3175933902458238,0.0,1.0,1.0,1.0,0.0,1.0
23,Train/Low/low00535.png,36,7.3231823704483805,0.3175933902458238,0.0,1.0,1.0,1.0,0.0,1.0
23,Train/Low/low00535.png,37,7.3231823704483805,0.3175933902458238,0.0,1.0,1.0,1.0,0.0,1.0
23,Train/Low/low00535.png,38,7.3231823704483805,0.3175933902458238,0.0,1.0,1.0,1.0,0.0,1.0
23,Train/Low/low00535.png,39,7.3231823704483805,0.3175933902458238,0.0,1.0,1.0,1.0,0.0,1.0
23,Train/Low/low00535.png,40,7.3231823704483805,0.3175933902458238,0.0,1.0,1.0,1.0,0.0,1.0
24,Train/Low/low00336.png,0,12.94003636525929,0.14235798406704717,0.25,0.75,1.0,0.0,0.0,0.0
24,Train/Low/low00336.png,1,12.891053400492883,0.14333056821490606,0.0,0.0,0.0,0.0,0.0,0.0
24,Train/Low/low00336.png,2,12.807274420901948,0.14413245418598336,0.0,0.0,0.0,0.0,0.0,0.0
24,Train/Low/low00336.png,3,12.738517513172855,0.1440534698959631,0.25,0.0,0.25,0.0,0.0,0.0
24,Train/Low/low00336.png,4,12.688879808303925,0.1431488766655313,0.25,0.0,0.25,0.0,0.0,0.0
24,Train/Low/low00336.png,5,12.651772265187217,0.14174060381218317,0.25,0.0,0.25,0.0,0.0,0.0
24,Train/Low/low00336.png,6,12.626790107332525,0.1400223233169271,0.25,0.0,0.25,0.0,0.0,0.0
24,Train/Low/low00336.png,7,12.613402013543457,0.13819557012300168,0.25,0.0,0.25,0.0,0.0,0.0
24,Train/Low/low00336.png,8,12.611515780639165,0.13649755142523165,0.25,0.0,0.25,0.0,0.0,0.0
24,Train/Low/low00336.png,9,12.62070368173076,0.13513386095646665,0.25,0.0,0.25,0.0,0.0,0.0
24,Train/Low/low00336.png,10,12.639956131340641,0.13420997395837334,0.25,0.0,0.25,0.0,0.0,0.0
24,Train/Low/low00336.png,11,12.667825686996038,0.1337227769124182,0.25,0.0,0.25,0.0,0.0,0.0
24,Train/Low/low00336.png,12,12.70261678646575,0.13359810120759869,0.25,0.0,0.25,0.0,0.0,0.0
24,Train/Low/low00336.png,13,12.735718708609564,0.13378816077912103,0.25,0.0,0.25,0.25,0.0,0.25
24,Train/Low/low00336.png,14,12.761844787431006,0.13422043036876125,0.25,0.0,0.25,0.25,0.0,0.25
24,Train/Low/low00336.png,15,12.789814654899757,0.13472205327444126,0.25,0.0,0.25,0.25,0.0,0.25
24,Train/Low/low00336.png,16,12.817670260310667,0.1352315590127082,0.25,0.0,0.25,0.25,0.0,0.25
24,Train/Low/low00336.png,17,12.843752119974003,0.13570813692649691,0.25,0.0,0.25,0.25,0.0,0.25
24,Train/Low/low00336.png,18,12.866665936544218,0.13612685561886453,0.25,0.0,0.25,0.25,0.0,0.25
24,Train/Low/low00336.png,19,12.885363609203676,0.13647253949747593,0.25,0.0,0.25,0.25,0.0,0.25
24,Train/Low/low00336.png,20,12.899189562344981,0.13673344369372828,0.25,0.0,0.25,0.25,0.0,0.25
24,Train/Low/low00336.png,21,12.907870549072783,0.13689773462845892,0.25,0.0,0.25,0.25,0.0,0.25
24,Train/Low/low00336.png,22,12.916017500572835,0.1371819565005071,0.25,0.0,0.25,0.25,0.25,0.5
24,Train/Low/low00336.png,23,12.922805509849011,0.13752661940358404,0.25,0.0,0.25,0.25,0.25,0.5
24,Train/Low/low00336.png,24,12.925819288181273,0.13779098929953043,0.25,0.0,0.25,0.25,0.25,0.5
24,Train/Low/low00336.png,25,12.9255159992789,0.13797028414396115,0.25,0.0,0.25,0.25,0.25,0.5
24,Train/Low/low00336.png,26,12.922505906621293,0.13806102184133215,0.25,0.0,0.25,0.25,0.25,0.5
24,Train/Low/low00336.png,27,12.917487224189504,0.13806174023112514,0.25,0.0,0.25,0.25,0.25,0.5
24,Train/Low/low00336.png,28,12.91117712026139,0.1379737951604061,0.25,0.0,0.25,0.25,0.25,0.5
24,Train/Low/low00336.png,29,12.904247358922913,0.13780193498348034,0.25,0.0,0.25,0.25,0.25,0.5
24,Train/Low/low00336.png,30,12.897277183224698,0.13755495231164486,0.25,0.0,0.25,0.25,0.25,0.5
24,Train/Low/low00336.png,31,12.890728700540839,0.13724610945636503,0.25,0.0,0.25,0.25,0.25,0.5
24,Train/Low/low00336.png,32,12.884944239744948,0.1368935463471115,0.25,0.0,0.25,0.25,0.25,0.5
24,Train/Low/low00336.png,33,12.880153715284113,0.13652010127439634,0.25,0.0,0.25,0.25,0.25,0.5
24,Train/Low/low00336.png,34,12.87647965849784,0.13615179526569077,0.25,0.0,0.25,0.25,0.25,0.5
24,Train/Low/low00336.png,35,12.873941639048002,0.13581521202677976,0.25,0.0,0.25,0.25,0.25,0.5
24,Train/Low/low00336.png,36,12.872470366803572,0.13553450175635162,0.25,0.0,0.25,0.25,0.25,0.5
24,Train/Low/low00336.png,37,12.871930575409321,0.13532858570669282,0.25,0.0,0.25,0.25,0.25,0.5
24,Train/Low/low00336.png,38,12.872145250103102,0.13520915122734797,0.25,0.0,0.25,0.25,0.25,0.5
24,Train/Low/low00336.png,39,12.872919600574612,0.13517956687641833,0.25,0.0,0.25,0.25,0.25,0.5
24,Train/Low/low00336.png,40,12.874059161022785,0.13523492559107356,0.25,0.0,0.25,0.25,0.25,0.5
25,Train/Low/low00554.png,0,6.407196694110695,0.10487063762896558,1.0,0.0,1.0,0.0,0.0,0.0
25,Train/Low/low00554.png,1,6.485042853455605,0.11645024587843335,0.0,0.0,0.0,0.0,0.0,0.0
25,Train/Low/low00554.png,2,6.5693624898617,0.128758510744232,0.0,0.0,0.0,0.0,0.0,0.0
25,Train/Low/low00554.png,3,6.660485832233983,0.1417645112351375,0.0,0.0,0.0,0.0,0.0,0.0
25,Train/Low/low00554.png,4,6.758302023436336,0.1553622208674565,0.0,0.0,0.0,0.0,0.0,0.0
25,Train/Low/low00554.png,5,6.862022002741114,0.16934890857431942,0.0,0.0,0.0,0.0,0.0,0.0
25,Train/Low/low00554.png,6,6.9701677310200125,0.1834442172020273,0.0,0.0,0.0,0.0,0.0,0.0
25,Train/Low/low00554.png,7,7.080973509643882,0.19735950844807526,0.0,0.0,0.0,0.0,0.0,0.0
25,Train/Low/low00554.png,8,7.192447576118065,0.21081495877936735,0.0,0.0,0.0,0.0,0.0,0.0
25,Train/Low/low00554.png,9,7.293320134961242,0.22256717831245243,0.0,1.0,1.0,0.0,0.0,0.0
25,Train/Low/low00554.png,10,7.353735087537386,0.22971514102270735,0.0,1.0,1.0,0.0,0.0,0.0
25,Train/Low/low00554.png,11,7.4113777943627115,0.23637620613104138,0.0,1.0,1.0,0.0,0.0,0.0
25,Train/Low/low00554.png,12,7.450339210252004,0.24081136634094935,0.0,1.0,1.0,0.5,0.0,0.5
25,Train/Low/low00554.png,13,7.468299480487942,0.24287051972524165,0.0,1.0,1.0,0.5,0.0,0.5
25,Train/Low/low00554.png,14,7.481917566495828,0.24439753621317323,0.0,0.75,0.75,0.75,0.0,0.75
25,Train/Low/low00554.png,15,7.480580676045023,0.24430590024480456,0.0,0.75,0.75,0.75,0.0,0.75
25,Train/Low/low00554.png,16,7.476154057158244,0.24386486337194765,0.0,0.75,0.75,0.75,0.0,0.75
25,Train/Low/low00554.png,17,7.469190575899662,0.24313050155025304,0.0,0.75,0.75,0.75,0.0,0.75
25,Train/Low/low00554.png,18,7.460241775440835,0.24215853714204802,0.0,0.75,0.75,0.75,0.0,0.75
25,Train/Low/low00554.png,19,7.449847947765065,0.2410042663838904,0.0,0.75,0.75,0.75,0.0,0.75
25,Train/Low/low00554.png,20,7.4385327271212365,0.23972266001633571,0.0,0.75,0.75,0.75,0.0,0.75
25,Train/Low/low00554.png,21,7.426797902132945,0.23836817776129024,0.0,0.75,0.75,0.75,0.0,0.75
25,Train/Low/low00554.png,22,7.415114504840634,0.2369938760920743,0.0,0.75,0.75,0.75,0.0,0.75
25,Train/Low/low00554.png,23,7.403909760336413,0.23564978656636143,0.0,0.75,0.75,0.75,0.0,0.75
25,Train/Low/low00554.png,24,7.393548773697668,0.23438045368176086,0.0,0.75,0.75,0.75,0.0,0.75
25,Train/Low/low00554.png,25,7.384321512315588,0.2332229818390569,0.0,0.75,0.75,0.75,0.0,0.75
25,Train/Low/low00554.png,26,7.376436707914555,0.23220577434072498,0.0,0.75,0.75,0.75,0.0,0.75
25,Train/Low/low00554.png,27,7.37002513634907,0.2313485049230347,0.0,0.75,0.75,0.75,0.0,0.75
25,Train/Low/low00554.png,28,7.365147566065016,0.23066262288936046,0.0,0.75,0.75,0.75,0.0,0.75
25,Train/Low/low00554.png,29,7.3618049958663345,0.23015231253695057,0.0,0.75,0.75,0.75,0.0,0.75
25,Train/Low/low00554.png,30,7.359948223592294,0.22981555300620282,0.0,0.75,0.75,0.75,0.0,0.75
25,Train/Low/low00554.png,31,7.359484579851094,0.22964483456320603,0.0,0.75,0.75,0.75,0.0,0.75
25,Train/Low/low00554.png,32,7.360283468218734,0.22962787589318953,0.0,0.75,0.75,0.75,0.0,0.75
25,Train/Low/low00554.png,33,7.36218166918925,0.22974830087402293,0.0,0.75,0.75,0.75,0.0,0.75
25,Train/Low/low00554.png,34,7.364988411133066,0.22998630118719138,0.0,0.75,0.75,0.75,0.0,0.75
25,Train/Low/low00554.png,35,7.368494508396378,0.2303197595283422,0.0,0.75,0.75,0.75,0.0,0.75
25,Train/Low/low00554.png,36,7.372480537596948,0.23072514150239734,0.0,0.75,0.75,0.75,0.0,0.75
25,Train/Low/low00554.png,37,7.376727259701278,0.2311786322529727,0.0,0.75,0.75,0.75,0.0,0.75
25,Train/Low/low00554.png,38,7.38102502396046,0.2316571083567594,0.0,0.75,0.75,0.75,0.0,0.75
25,Train/Low/low00554.png,39,7.385183190219442,0.23213903121138035,0.0,0.75,0.75,0.75,0.0,0.75
25,Train/Low/low00554.png,40,7.3890375125846655,0.23260517012829024,0.0,0.75,0.75,0.75,0.0,0.75
26,Train/Low/low00564.png,0,7.1032429474593775,0.10613711829280778,1.0,0.0,1.0,0.0,0.0,0.0
26,Train/Low/low00564.png,1,7.252645631796558,0.11911404183723746,0.0,0.0,0.0,0.0,0.0,0.0
26,Train/Low/low00564.png,2,7.413107608867477,0.133102812141886,0.0,0.0,0.0,0.0,0.0,0.0
26,Train/Low/low00564.png,3,7.584942781425134,0.14805850179061134,0.0,0.0,0.0,0.0,0.0,0.0
26,Train/Low/low00564.png,4,7.7684237210219065,0.16391170447380465,0.0,0.0,0.0,0.0,0.0,0.0
26,Train/Low/low00564.png,5,7.963787047006846,0.18056992944573563,0.0,0.0,0.0,0.0,0.0,0.0
26,Train/Low/low00564.png,6,8.171204490852324,0.19791640298656218,0.0,0.0,0.0,0.0,0.0,0.0
26,Train/Low/low00564.png,7,8.390745792280384,0.2158091478406329,0.0,0.0,0.0,0.0,0.0,0.0
26,Train/Low/low00564.png,8,8.622387963462067,0.23408766584879498,0.0,0.0,0.0,0.0,0.0,0.0
26,Train/Low/low00564.png,9,8.803738419717067,0.24787237264818837,0.0,1.0,1.0,0.0,0.0,0.0
26,Train/Low/low00564.png,10,8.92617653866936,0.25683636965082035,0.0,1.0,1.0,0.0,0.0,0.0
26,Train/Low/low00564.png,11,9.049519208037971,0.2656388343718608,0.0,1.0,1.0,0.0,0.0,0.0
26,Train/Low/low00564.png,12,9.06000001221696,0.26628726634860966,0.0,1.0,1.0,1.0,0.0,1.0
26,Train/Low/low00564.png,13,9.06000001221696,0.26628726634860966,0.0,1.0,1.0,1.0,0.0,1.0
26,Train/Low/low00564.png,14,9.06000001221696,0.26628726634860966,0.0,1.0,1.0,1.0,0.0,1.0
26,Train/Low/low00564.png,15,9.06000001221696,0.26628726634860966,0.0,1.0,1.0,1.0,0.0,1.0
26,Train/Low/low00564.png,16,9.06000001221696,0.26628726634860966,0.0,1.0,1.0,1.0,0.0,1.0
26,Train/Low/low00564.png,17,9.06000001221696,0.26628726634860966,0.0,1.0,1.0,1.0,0.0,1.0
26,Train/Low/low00564.png,18,9.06000001221696,0.26628726634860966,0.0,1.0,1.0,1.0,0.0,1.0
26,Train/Low/low00564.png,19,9.06000001221696,0.26628726634860966,0.0,1.0,1.0,1.0,0.0,1.0
26,Train/Low/low00564.png,20,9.06000001221696,0.26628726634860966,0.0,1.0,1.0,1.0,0.0,1.0
26,Train/Low/low00564.png,21,9.06000001221696,0.26628726634860966,0.0,1.0,1.0,1.0,0.0,1.0
26,Train/Low/low00564.png,22,9.06000001221696,0.26628726634860966,0.0,1.0,1.0,1.0,0.0,1.0
26,Train/Low/low00564.png,23,9.06000001221696,0.26628726634860966,0.0,1.0,1.0,1.0,0.0,1.0
26,Train/Low/low00564.png,24,9.06000001221696,0.26628726634860966,0.0,1.0,1.0,1.0,0.0,1.0
26,Train/Low/low00564.png,25,9.06000001221696,0.26628726634860966,0.0,1.0,1.0,1.0,0.0,1.0
26,Train/Low/low00564.png,26,9.06000001221696,0.26628726634860966,0.0,1.0,1.0,1.0,0.0,1.0
26,Train/Low/low00564.png,27,9.06000001221696,0.26628726634860966,0.0,1.0,1.0,1.0,0.0,1.0
26,Train/Low/low00564.png,28,9.06000001221696,0.26628726634860966,0.0,1.0,1.0,1.0,0.0,1.0
26,Train/Low/low00564.png,29,9.06000001221696,0.26628726634860966,0.0,1.0,1.0,1.0,0.0,1.0
26,Train/Low/low00564.png,30,9.06000001221696,0.26628726634860966,0.0,1.0,1.0,1.0,0.0,1.0
26,Train/Low/low00564.png,31,9.06000001221696,0.26628726634860966,0.0,1.0,1.0,1.0,0.0,1.0
26,Train/Low/low00564.png,32,9.06000001221696,0.26628726634860966,0.0,1.0,1.0,1.0,0.0,1.0
26,Train/Low/low00564.png,33,9.06000001221696,0.26628726634860966,0.0,1.0,1.0,1.0,0.0,1.0
26,Train/Low/low00564.png,34,9.06000001221696,0.26628726634860966,0.0,1.0,1.0,1.0,0.0,1.0
26,Train/Low/low00564.png,35,9.06000001221696,0.26628726634860966,0.0,1.0,1.0,1.0,0.0,1.0
26,Train/Low/low00564.png,36,9.06000001221696,0.26628726634860966,0.0,1.0,1.0,1.0,0.0,1.0
26,Train/Low/low00564.png,37,9.06000001221696,0.26628726634860966,0.0,1.0,1.0,1.0,0.0,1.0
26,Train/Low/low00564.png,38,9.06000001221696,0.26628726634860966,0.0,1.0,1.0,1.0,0.0,1.0
26,Train/Low/low00564.png,39,9.06000001221696,0.26628726634860966,0.0,1.0,1.0,1.0,0.0,1.0
26,Train/Low/low00564.png,40,9.06000001221696,0.26628726634860966,0.0,1.0,1.0,1.0,0.0,1.0
27,Train/Low/low00440.png,0,15.140939834824414,0.21542875550773502,0.0,1.0,1.0,0.0,0.0,0.0
27,Train/Low/low00440.png,1,15.028180857866548,0.22084532437929935,0.0,0.0,0.0,0.0,0.0,0.0
27,Train/Low/low00440.png,2,14.917707605648534,0.22511820233390395,0.0,0.0,0.0,0.0,0.0,0.0
27,Train/Low/low00440.png,3,14.814375963084352,0.22784761748284962,0.0,0.0,0.0,0.0,0.0,0.0
27,Train/Low/low00440.png,4,14.719945526898442,0.2289321483162829,0.0,0.0,0.0,0.0,0.0,0.0
27,Train/Low/low00440.png,5,14.635984044665971,0.22842616517735648,0.0,0.0,0.0,0.0,0.0,0.0
27,Train/Low/low00440.png,6,14.563252206717262,0.22664876188789349,0.0,0.0,0.0,0.0,0.0,0.0
27,Train/Low/low00440.png,7,14.500804222086552,0.22426354600941273,0.0,0.0,0.0,0.0,0.0,0.0
27,Train/Low/low00440.png,8,14.447905584817706,0.22191278572601433,0.0,0.0,0.0,0.0,0.0,0.0
27,Train/Low/low00440.png,9,14.404969772818621,0.21990084253556616,0.0,0.0,0.0,0.0,0.0,0.0
27,Train/Low/low00440.png,10,14.372336276884841,0.21833714287959163,0.0,0.0,0.0,0.0,0.0,0.0
27,Train/Low/low00440.png,11,14.349580905769228,0.21729817269801566,0.25,0.0,0.25,0.0,0.0,0.0
27,Train/Low/low00440.png,12,14.336104244539523,0.2168651494270385,0.25,0.0,0.25,0.0,0.25,0.25
27,Train/Low/low00440.png,13,14.333125272388678,0.21747535406471616,0.0,0.0,0.0,0.0,0.25,0.25
27,Train/Low/low00440.png,14,14.339024119894884,0.21843711355034365,0.0,0.0,0.0,0.0,0.5,0.5
27,Train/Low/low00440.png,15,14.352963125992005,0.2196512669621197,0.0,0.0,0.0,0.0,0.5,0.5
27,Train/Low/low00440.png,16,14.368382295355266,0.22073929309649798,0.0,0.0,0.0,0.0,0.5,0.5
27,Train/Low/low00440.png,17,14.384181198845834,0.2216762063198229,0.0,0.0,0.0,0.0,0.5,0.5
27,Train/Low/low00440.png,18,14.399132055321115,0.22246870337119368,0.0,0.0,0.0,0.0,0.5,0.5
27,Train/Low/low00440.png,19,14.411984499171933,0.2231395550773633,0.0,0.0,0.0,0.0,0.5,0.5
27,Train/Low/low00440.png,20,14.421611700249937,0.22370996614411864,0.0,0.0,0.0,0.0,0.5,0.5
27,Train/Low/low00440.png,21,14.427135854813844,0.22418613761564188,0.0,0.0,0.0,0.0,0.5,0.5
27,Train/Low/low00440.png,22,14.428048884415075,0.22455135035888613,0.0,0.0,0.0,0.0,0.5,0.5
27,Train/Low/low00440.png,23,14.42437220886303,0.2247656491713342,0.0,0.0,0.0,0.0,0.5,0.5
27,Train/Low/low00440.png,24,14.416542194497882,0.2247796044826173,0.0,0.0,0.0,0.0,0.5,0.5
27,Train/Low/low00440.png,25,14.405390306387797,0.22455340912740523,0.0,0.0,0.0,0.0,0.5,0.5
27,Train/Low/low00440.png,26,14.392514227587466,0.2240993458241812,0.0,0.0,0.0,0.0,0.5,0.5
27,Train/Low/low00440.png,27,14.381177699660855,0.22358901703664508,0.0,0.0,0.0,0.0,0.5,0.5
27,Train/Low/low00440.png,28,14.374123397356271,0.2232738622395904,0.0,0.0,0.0,0.0,0.5,0.5
27,Train/Low/low00440.png,29,14.370884195470602,0.22317873381985212,0.0,0.0,0.0,0.0,0.5,0.5
27,Train/Low/low00440.png,30,14.369869441392538,0.22317527867357526,0.0,0.0,0.0,0.0,0.5,0.5
27,Train/Low/low00440.png,31,14.369417403471266,0.22312878461823,0.0,0.0,0.0,0.0,0.5,0.5
27,Train/Low/low00440.png,32,14.368772229485351,0.22283511398181718,0.25,0.0,0.25,0.0,0.5,0.5
27,Train/Low/low00440.png,33,14.366104044789791,0.22235036673422806,0.25,0.0,0.25,0.0,0.5,0.5
27,Train/Low/low00440.png,34,14.360484101859377,0.22177501713275807,0.25,0.0,0.25,0.0,0.5,0.5
27,Train/Low/low00440.png,35,14.352600910842153,0.2211403954824135,0.25,0.0,0.25,0.0,0.75,0.75
27,Train/Low/low00440.png,36,14.349074950277581,0.22069627835010958,0.25,0.0,0.25,0.0,0.75,0.75
27,Train/Low/low00440.png,37,14.345557273478164,0.22028279134272938,0.25,0.0,0.25,0.0,0.75,0.75
27,Train/Low/low00440.png,38,14.3423695918179,0.21991319882767854,0.25,0.0,0.25,0.0,0.75,0.75
27,Train/Low/low00440.png,39,14.339838915202263,0.2195965627448581,0.25,0.0,0.25,0.0,0.75,0.75
27,Train/Low/low00440.png,40,14.33826170024041,0.21933880037680914,0.25,0.0,0.25,0.0,0.75,0.75
28,Train/Low/low00584.png,0,7.560979317968752,0.12495983232561939,1.0,0.0,1.0,0.0,0.0,0.0
28,Train/Low/low00584.png,1,7.621460183198731,0.13374045677555207,0.25,0.0,0.25,0.0,0.0,0.0
28,Train/Low/low00584.png,2,7.687700837413968,0.14324515062849003,0.25,0.0,0.25,0.0,0.0,0.0
28,Train/Low/low00584.png,3,7.759693544208762,0.15341386734632,0.25,0.0,0.25,0.0,0.0,0.0
28,Train/Low/low00584.png,4,7.837169975263016,0.1641548778337912,0.25,0.0,0.25,0.0,0.0,0.0
28,Train/Low/low00584.png,5,7.919845690903928,0.1753712326605831,0.25,0.0,0.25,0.0,0.0,0.0
28,Train/Low/low00584.png,6,8.007822824384556,0.18699102407150311,0.25,0.0,0.25,0.0,0.0,0.0
28,Train/Low/low00584.png,7,8.101116416949742,0.1989305210805476,0.25,0.0,0.25,0.0,0.0,0.0
28,Train/Low/low00584.png,8,8.199571390105051,0.21108725597880476,0.25,0.0,0.25,0.0,0.0,0.0
28,Train/Low/low00584.png,9,8.282464282993107,0.2211515986686279,0.25,0.75,1.0,0.0,0.0,0.0
28,Train/Low/low00584.png,10,8.34051578295216,0.22853688948324002,0.25,0.75,1.0,0.0,0.0,0.0
28,Train/Low/low00584.png,11,8.401376354238552,0.23610616472107293,0.0,0.75,0.75,0.0,0.0,0.0
28,Train/Low/low00584.png,12,8.423244349702001,0.23795168176346337,0.0,0.75,0.75,0.75,0.0,0.75
28,Train/Low/low00584.png,13,8.426249928060736,0.23829810724872752,0.0,0.75,0.75,0.75,0.0,0.75
28,Train/Low/low00584.png,14,8.430923612482433,0.23884204274401108,0.0,0.75,0.75,0.75,0.0,0.75
28,Train/Low/low00584.png,15,8.436761142691012,0.23952454276872664,0.0,0.75,0.75,0.75,0.0,0.75
28,Train/Low/low00584.png,16,8.443377510338367,0.24030053177229432,0.0,0.75,0.75,0.75,0.0,0.75
28,Train/Low/low00584.png,17,8.45060205028883,0.2411502275563279,0.0,0.75,0.75,0.75,0.0,0.75
28,Train/Low/low00584.png,18,8.458324214959664,0.24206087469470938,0.0,0.75,0.75,0.75,0.0,0.75
28,Train/Low/low00584.png,19,8.466614997301555,0.24304151411415556,0.0,0.75,0.75,0.75,0.0,0.75
28,Train/Low/low00584.png,20,8.475683289991299,0.2441180208078607,0.0,0.75,0.75,0.75,0.0,0.75
28,Train/Low/low00584.png,21,8.485986658593564,0.24534688643915462,0.0,0.75,0.75,0.75,0.0,0.75
28,Train/Low/low00584.png,22,8.498022519948762,0.24679020053352527,0.0,0.75,0.75,0.75,0.0,0.75
28,Train/Low/low00584.png,23,8.51220642326454,0.24850083319494357,0.0,0.75,0.75,0.75,0.0,0.75
28,Train/Low/low00584.png,24,8.528236305617991,0.2504470537419813,0.0,1.0,1.0,0.75,0.0,0.75
28,Train/Low/low00584.png,25,8.53936714017073,0.25184042996484385,0.0,1.0,1.0,0.75,0.0,0.75
28,Train/Low/low00584.png,26,8.551997439099654,0.2534295602091173,0.0,1.0,1.0,0.75,0.0,0.75
28,Train/Low/low00584.png,27,8.566031287657475,0.25520462736278215,0.0,1.0,1.0,0.75,0.0,0.75
28,Train/Low/low00584.png,28,8.58134745005487,0.25715214647088075,0.0,1.0,1.0,0.75,0.0,0.75
28,Train/Low/low00584.png,29,8.597815529278748,0.25925685262987774,0.0,1.0,1.0,0.75,0.0,0.75
28,Train/Low/low00584.png,30,8.61533435295169,0.2615064575803964,0.0,1.0,1.0,0.75,0.0,0.75
28,Train/Low/low00584.png,31,8.633806944567006,0.2638884430288769,0.0,1.0,1.0,0.75,0.0,0.75
28,Train/Low/low00584.png,32,8.653092062963138,0.26638364106104845,0.0,1.0,1.0,0.75,0.0,0.75
28,Train/Low/low00584.png,33,8.673137447489324,0.2689834798076897,0.0,1.0,1.0,0.75,0.0,0.75
28,Train/Low/low00584.png,34,8.693854046755233,0.2716736800982495,0.0,1.0,1.0,0.75,0.0,0.75
28,Train/Low/low00584.png,35,8.715058487536403,0.27442678978294843,0.0,1.0,1.0,0.75,0.0,0.75
28,Train/Low/low00584.png,36,8.735217863769329,0.2770570641736673,0.0,0.75,0.75,0.75,0.0,0.75
28,Train/Low/low00584.png,37,8.753123537463132,0.2794188509516768,0.0,0.75,0.75,0.75,0.0,0.75
28,Train/Low/low00584.png,38,8.768267235449132,0.281449510693891,0.0,0.75,0.75,0.75,0.0,0.75
28,Train/Low/low00584.png,39,8.780515231986085,0.28313216284813714,0.0,0.75,0.75,0.75,0.0,0.75
28,Train/Low/low00584.png,40,8.79021053576253,0.284507887471542,0.0,0.75,0.75,0.75,0.0,0.75
29,Train/Low/low00529.png,0,7.651973876577972,0.18272545679224247,0.5,0.5,1.0,0.0,0.0,0.0
29,Train/Low/low00529.png,1,7.778580526457192,0.1980675610325496,0.0,0.5,0.5,0.0,0.0,0.0
29,Train/Low/low00529.png,2,7.900487413008605,0.21328926991902813,0.0,0.5,0.5,0.0,0.0,0.0
29,Train/Low/low00529.png,3,7.997891236292547,0.2271071043560103,0.0,0.5,0.5,0.0,0.0,0.0
29,Train/Low/low00529.png,4,8.078825999411404,0.2400325369626462,0.0,0.5,0.5,0.0,0.0,0.0
29,Train/Low/low00529.png,5,8.146188127916208,0.25175731176439936,0.0,0.25,0.25,0.0,0.0,0.0
29,Train/Low/low00529.png,6,8.205905493248746,0.2627508780873445,0.0,0.25,0.25,0.0,0.0,0.0
29,Train/Low/low00529.png,7,8.296521847550224,0.2753935268672208,0.25,0.25,0.5,0.0,0.0,0.0
29,Train/Low/low00529.png,8,8.386093713834281,0.28763558113291376,0.25,0.25,0.5,0.0,0.0,0.0
29,Train/Low/low00529.png,9,8.47180444946169,0.29908379181265515,0.25,0.5,0.75,0.0,0.0,0.0
29,Train/Low/low00529.png,10,8.543979282095508,0.30848216877137263,0.25,0.5,0.75,0.0,0.0,0.0
29,Train/Low/low00529.png,11,8.614699358918255,0.3175603042993548,0.25,0.5,0.75,0.0,0.0,0.0
29,Train/Low/low00529.png,12,8.6722632151356,0.32409158101658175,0.25,0.25,0.5,0.75,0.0,0.75
29,Train/Low/low00529.png,13,8.66230498959546,0.32242951739137027,0.25,0.25,0.5,1.0,0.0,1.0
29,Train/Low/low00529.png,14,8.651610122344426,0.3208130130179717,0.25,0.25,0.5,1.0,0.0,1.0
29,Train/Low/low00529.png,15,8.643460181834268,0.31952606195972627,0.25,0.25,0.5,1.0,0.0,1.0
29,Train/Low/low00529.png,16,8.63811762817281,0.31861944732972053,0.25,0.25,0.5,1.0,0.0,1.0
29,Train/Low/low00529.png,17,8.635389141236683,0.3180775595097067,0.25,0.25,0.5,1.0,0.0,1.0
29,Train/Low/low00529.png,18,8.634941221320753,0.3178630116508489,0.25,0.25,0.5,1.0,0.0,1.0
29,Train/Low/low00529.png,19,8.636435362135177,0.31793568887818285,0.25,0.25,0.5,1.0,0.0,1.0
29,Train/Low/low00529.png,20,8.639533774854508,0.3182534158644375,0.25,0.25,0.5,1.0,0.0,1.0
29,Train/Low/low00529.png,21,8.64386497109779,0.3187671302121348,0.25,0.25,0.5,1.0,0.0,1.0
29,Train/Low/low00529.png,22,8.648996840483878,0.31941720266580836,0.25,0.25,0.5,1.0,0.0,1.0
29,Train/Low/low00529.png,23,8.65443686445486,0.32013407554765694,0.25,0.25,0.5,1.0,0.0,1.0
29,Train/Low/low00529.png,24,8.659668035072999,0.3208437902542471,0.25,0.25,0.5,1.0,0.0,1.0
29,Train/Low/low00529.png,25,8.664214458717375,0.3214777906568338,0.25,0.25,0.5,1.0,0.0,1.0
29,Train/Low/low00529.png,26,8.66770928097883,0.3219825086753611,0.25,0.25,0.5,1.0,0.0,1.0
29,Train/Low/low00529.png,27,8.669937393623234,0.3223252034405199,0.25,0.25,0.5,1.0,0.0,1.0
29,Train/Low/low00529.png,28,8.67083897509146,0.32249436059205117,0.25,0.25,0.5,1.0,0.0,1.0
29,Train/Low/low00529.png,29,8.670484481437201,0.322496152136104,0.25,0.25,0.5,1.0,0.0,1.0
29,Train/Low/low00529.png,30,8.669040228097941,0.3223498779050062,0.25,0.25,0.5,1.0,0.0,1.0
29,Train/Low/low00529.png,31,8.666737032379764,0.3220841444758914,0.25,0.25,0.5,1.0,0.0,1.0
29,Train/Low/low00529.png,32,8.66384699362507,0.3217337800537906,0.25,0.25,0.5,1.0,0.0,1.0
29,Train/Low/low00529.png,33,8.660663959115233,0.32133738789799593,0.25,0.25,0.5,1.0,0.0,1.0
29,Train/Low/low00529.png,34,8.657485090461886,0.32093489285324717,0.25,0.25,0.5,1.0,0.0,1.0
29,Train/Low/low00529.png,35,8.65458969086934,0.3205643928972616,0.25,0.25,0.5,1.0,0.0,1.0
29,Train/Low/low00529.png,36,8.652215057472683,0.320258670183689,0.25,0.25,0.5,1.0,0.0,1.0
29,Train/Low/low00529.png,37,8.650534293558813,0.3200419375625904,0.25,0.25,0.5,1.0,0.0,1.0
29,Train/Low/low00529.png,38,8.64964130139847,0.3199274798615551,0.25,0.25,0.5,1.0,0.0,1.0
29,Train/Low/low00529.png,39,8.6495474276628,0.31991724406863536,0.25,0.25,0.5,1.0,0.0,1.0
29,Train/Low/low00529.png,40,8.650188616465803,0.32000271491127713,0.25,0.25,0.5,1.0,0.0,1.0
30,Train/Low/low00213.png,0,5.482083187140661,0.11287463346657597,1.0,0.0,1.0,0.0,0.0,0.0
30,Train/Low/low00213.png,1,5.571017822725724,0.1243377065368984,0.0,0.0,0.0,0.0,0.0,0.0
30,Train/Low/low00213.png,2,5.664873032740834,0.1363046678689086,0.0,0.0,0.0,0.0,0.0,0.0
30,Train/Low/low00213.png,3,5.76393107751519,0.14876994581836323,0.0,0.0,0.0,0.0,0.0,0.0
30,Train/Low/low00213.png,4,5.8679526786820455,0.16166284657980615,0.0,0.0,0.0,0.0,0.0,0.0
30,Train/Low/low00213.png,5,5.975323494973494,0.174762663663623,0.0,0.0,0.0,0.0,0.0,0.0
30,Train/Low/low00213.png,6,6.085313443997817,0.18795135602827504,0.0,0.0,0.0,0.0,0.0,0.0
30,Train/Low/low00213.png,7,6.198102745411901,0.2012027307003134,0.0,0.0,0.0,0.0,0.0,0.0
30,Train/Low/low00213.png,8,6.314455503835168,0.2145384645256501,0.0,0.0,0.0,0.0,0.0,0.0
30,Train/Low/low00213.png,9,6.416329688934857,0.22602437742827433,0.0,0.75,0.75,0.0,0.0,0.0
30,Train/Low/low00213.png,10,6.499921724199426,0.23543982223903484,0.0,0.75,0.75,0.0,0.0,0.0
30,Train/Low/low00213.png,11,6.583829232163026,0.24468257388439144,0.0,0.75,0.75,0.25,0.0,0.25
30,Train/Low/low00213.png,12,6.61307696400904,0.24742738414442667,0.0,0.75,0.75,1.0,0.0,1.0
30,Train/Low/low00213.png,13,6.616105448176423,0.24767954067298298,0.0,0.75,0.75,1.0,0.0,1.0
30,Train/Low/low00213.png,14,6.615169792167642,0.2476017168084963,0.0,0.75,0.75,1.0,0.0,1.0
30,Train/Low/low00213.png,15,6.611049634806234,0.24725816611073684,0.0,0.75,0.75,1.0,0.0,1.0
30,Train/Low/low00213.png,16,6.604815690370202,0.24673575159126898,0.0,0.75,0.75,1.0,0.0,1.0
30,Train/Low/low00213.png,17,6.5976353553302545,0.2461301827461703,0.0,0.75,0.75,1.0,0.0,1.0
30,Train/Low/low00213.png,18,6.590685502193883,0.24554018536621033,0.0,0.75,0.75,1.0,0.0,1.0
30,Train/Low/low00213.png,19,6.585033667904559,0.24505762166436673,0.0,0.75,0.75,1.0,0.0,1.0
30,Train/Low/low00213.png,20,6.581462452341153,0.24475144410094318,0.0,0.75,0.75,1.0,0.0,1.0
30,Train/Low/low00213.png,21,6.580327535624915,0.2446539404146503,0.0,0.75,0.75,1.0,0.0,1.0
30,Train/Low/low00213.png,22,6.581547243352195,0.24475872516286198,0.0,0.75,0.75,1.0,0.0,1.0
30,Train/Low/low00213.png,23,6.5846987072426275,0.2450289430740351,0.0,0.75,0.75,1.0,0.0,1.0
30,Train/Low/low00213.png,24,6.5891315481402115,0.24540775138304505,0.0,0.75,0.75,1.0,0.0,1.0
30,Train/Low/low00213.png,25,6.594062510925179,0.24582734169071402,0.0,0.75,0.75,1.0,0.0,1.0
30,Train/Low/low00213.png,26,6.59867027057932,0.24621771592616024,0.0,0.75,0.75,1.0,0.0,1.0
30,Train/Low/low00213.png,27,6.602215848033442,0.24651696222777303,0.0,0.75,0.75,1.0,0.0,1.0
30,Train/Low/low00213.png,28,6.604179065217482,0.24668222751435814,0.0,0.75,0.75,1.0,0.0,1.0
30,Train/Low/low00213.png,29,6.60435680509676,0.24669717590277118,0.0,0.75,0.75,1.0,0.0,1.0
30,Train/Low/low00213.png,30,6.602876739423812,0.2465726309930049,0.0,0.75,0.75,1.0,0.0,1.0
30,Train/Low/low00213.png,31,6.600137775868204,0.2463416950890834,0.0,0.75,0.75,1.0,0.0,1.0
30,Train/Low/low00213.png,32,6.596714848828284,0.2460522543849941,0.0,0.75,0.75,1.0,0.0,1.0
30,Train/Low/low00213.png,33,6.593252749406333,0.2457585645223675,0.0,0.75,0.75,1.0,0.0,1.0
30,Train/Low/low00213.png,34,6.590355918128856,0.2455121109642879,0.0,0.75,0.75,1.0,0.0,1.0
30,Train/Low/low00213.png,35,6.588487084663611,0.24535277144702788,0.0,0.75,0.75,1.0,0.0,1.0
30,Train/Low/low00213.png,36,6.587889950946311,0.24530180202531054,0.0,0.75,0.75,1.0,0.0,1.0
30,Train/Low/low00213.png,37,6.588563270516631,0.2453592709598512,0.0,0.75,0.75,1.0,0.0,1.0
30,Train/Low/low00213.png,38,6.590281694936446,0.2455057877212709,0.0,0.75,0.75,1.0,0.0,1.0
30,Train/Low/low00213.png,39,6.592651735377951,0.2457074871155681,0.0,0.75,0.75,1.0,0.0,1.0
30,Train/Low/low00213.png,40,6.595188431038094,0.24592288432186526,0.0,0.75,0.75,1.0,0.0,1.0
31,Train/Low/low00019.png,0,5.826158550741943,0.0343800465725884,1.0,0.0,1.0,0.0,0.0,0.0
31,Train/Low/low00019.png,1,5.872615447703957,0.03885777811904564,0.0,0.0,0.0,0.0,0.0,0.0
31,Train/Low/low00019.png,2,5.917154143742094,0.04297657311651777,0.0,0.0,0.0,0.0,0.0,0.0
31,Train/Low/low00019.png,3,5.962883368559964,0.04716655645062542,0.0,0.0,0.0,0.0,0.0,0.0
31,Train/Low/low00019.png,4,6.010731620592413,0.05158196664000122,0.0,0.0,0.0,0.0,0.0,0.0
31,Train/Low/low00019.png,5,6.060752983493743,0.05625440128112154,0.0,0.0,0.0,0.0,0.0,0.0
31,Train/Low/low00019.png,6,6.111241987832608,0.061055913298686655,0.0,0.0,0.0,0.0,0.0,0.0
31,Train/Low/low00019.png,7,6.156170007593883,0.0654949588001005,0.0,0.0,0.0,0.0,0.0,0.0
31,Train/Low/low00019.png,8,6.193605937015788,0.06942523543813245,0.0,0.0,0.0,0.0,0.0,0.0
31,Train/Low/low00019.png,9,6.219929028113745,0.07242669294779244,0.0,0.75,0.75,0.0,0.0,0.0
31,Train/Low/low00019.png,10,6.233436637195967,0.07424689072298993,0.0,0.75,0.75,0.0,0.0,0.0
31,Train/Low/low00019.png,11,6.244867278857229,0.0759674842252035,0.0,0.75,0.75,0.0,0.0,0.0
31,Train/Low/low00019.png,12,6.24037757229082,0.07590529243229845,0.0,0.75,0.75,0.5,0.0,0.5
31,Train/Low/low00019.png,13,6.233757276978853,0.07558913417308359,0.0,0.75,0.75,0.5,0.0,0.5
31,Train/Low/low00019.png,14,6.230742442240102,0.07561437590438254,0.0,0.75,0.75,0.5,0.0,0.5
31,Train/Low/low00019.png,15,6.231916905731883,0.07602317356946915,0.0,0.75,0.75,0.5,0.0,0.5
31,Train/Low/low00019.png,16,6.237050092016563,0.07679152063030789,0.0,0.75,0.75,0.5,0.0,0.5
31,Train/Low/low00019.png,17,6.245529479352875,0.07785753938495626,0.0,0.75,0.75,0.5,0.0,0.5
31,Train/Low/low00019.png,18,6.256835182490612,0.07917532184222083,0.0,0.75,0.75,0.5,0.0,0.5
31,Train/Low/low00019.png,19,6.270642701914645,0.08073361728719496,0.0,0.75,0.75,0.5,0.0,0.5
31,Train/Low/low00019.png,20,6.286327744993176,0.08248567965790612,0.0,0.75,0.75,0.5,0.0,0.5
31,Train/Low/low00019.png,21,6.3030772668953405,0.0843667837726326,0.0,0.75,0.75,0.5,0.0,0.5
31,Train/Low/low00019.png,22,6.3199136290255,0.08629509614922311,0.0,0.75,0.75,0.5,0.0,0.5
31,Train/Low/low00019.png,23,6.336022726628886,0.0881981138571064,0.0,0.75,0.75,0.5,0.0,0.5
31,Train/Low/low00019.png,24,6.350672978524875,0.0900077891668013,0.0,0.75,0.75,0.5,0.0,0.5
31,Train/Low/low00019.png,25,6.3621781584749755,0.09149073347051578,0.0,0.75,0.75,0.75,0.0,0.75
31,Train/Low/low00019.png,26,6.364018862959293,0.09163801516117866,0.0,0.75,0.75,0.75,0.0,0.75
31,Train/Low/low00019.png,27,6.363440900431842,0.09158847824558294,0.0,0.75,0.75,0.75,0.0,0.75
31,Train/Low/low00019.png,28,6.360730821782674,0.0913656691136098,0.0,0.75,0.75,0.75,0.0,0.75
31,Train/Low/low00019.png,29,6.356407497543096,0.09101214734913032,0.0,0.75,0.75,0.75,0.0,0.75
31,Train/Low/low00019.png,30,6.3511252227594195,0.0905813854188882,0.0,0.75,0.75,0.75,0.0,0.75
31,Train/Low/low00019.png,31,6.345580263294024,0.09012997864371132,0.0,0.75,0.75,0.75,0.0,0.75
31,Train/Low/low00019.png,32,6.340418086309862,0.089710032100294,0.0,0.75,0.75,0.75,0.0,0.75
31,Train/Low/low00019.png,33,6.336191341984865,0.08936580400413746,0.0,0.75,0.75,0.75,0.0,0.75
31,Train/Low/low00019.png,34,6.33335315107458,0.08913331362668891,0.0,0.75,0.75,0.75,0.0,0.75
31,Train/Low/low00019.png,35,6.332165079219788,0.08903318735856748,0.0,0.75,0.75,0.75,0.0,0.75
31,Train/Low/low00019.png,36,6.332589612371543,0.08906225855622059,0.0,0.75,0.75,0.75,0.0,0.75
31,Train/Low/low00019.png,37,6.334286547589626,0.08919337703763922,0.0,0.75,0.75,0.75,0.0,0.75
31,Train/Low/low00019.png,38,6.336692097740273,0.08938162368062741,0.0,0.75,0.75,0.75,0.0,0.75
31,Train/Low/low00019.png,39,6.339141060555942,0.08957392549897407,0.0,0.75,0.75,0.75,0.0,0.75
31,Train/Low/low00019.png,40,6.3410152867230885,0.08972085577036586,0.0,0.75,0.75,0.75,0.0,0.75
32,Train/Low/low00004.png,0,5.87157089588032,0.07623365547455467,1.0,0.0,1.0,0.0,0.0,0.0
32,Train/Low/low00004.png,1,5.956579175044567,0.08396842823531467,0.0,0.0,0.0,0.0,0.0,0.0
32,Train/Low/low00004.png,2,6.044280274894596,0.09141878872909147,0.0,0.0,0.0,0.0,0.0,0.0
32,Train/Low/low00004.png,3,6.136109753188301,0.09896923271254705,0.0,0.0,0.0,0.0,0.0,0.0
32,Train/Low/low00004.png,4,6.232284615978126,0.1067046833113379,0.0,0.0,0.0,0.0,0.0,0.0
32,Train/Low/low00004.png,5,6.332699891315418,0.11462866309185908,0.0,0.0,0.0,0.0,0.0,0.0
32,Train/Low/low00004.png,6,6.437002941765183,0.12269833209940284,0.0,0.0,0.0,0.0,0.0,0.0
32,Train/Low/low00004.png,7,6.544727496981061,0.13085364385800968,0.0,0.0,0.0,0.0,0.0,0.0
32,Train/Low/low00004.png,8,6.655357247793166,0.13903774490386275,0.0,0.0,0.0,0.0,0.0,0.0
32,Train/Low/low00004.png,9,6.745610950781811,0.1457993980697022,0.0,0.75,0.75,0.0,0.0,0.0
32,Train/Low/low00004.png,10,6.803411093631196,0.1504770242887442,0.0,0.75,0.75,0.0,0.0,0.0
32,Train/Low/low00004.png,11,6.860956860158338,0.15516191023846887,0.0,0.75,0.75,0.0,0.0,0.0
32,Train/Low/low00004.png,12,6.873005457428175,0.15604220122479343,0.0,0.75,0.75,0.75,0.0,0.75
32,Train/Low/low00004.png,13,6.87123821819505,0.15575882897214224,0.0,0.75,0.75,0.75,0.0,0.75
32,Train/Low/low00004.png,14,6.869821925605287,0.15554744284412675,0.0,0.75,0.75,0.75,0.0,0.75
32,Train/Low/low00004.png,15,6.868830292050565,0.15541655038725466,0.0,0.75,0.75,0.75,0.0,0.75
32,Train/Low/low00004.png,16,6.868328361444828,0.15537245725702042,0.0,0.75,0.75,0.75,0.0,0.75
32,Train/Low/low00004.png,17,6.868314410489658,0.15540906627901688,0.0,0.75,0.75,0.75,0.0,0.75
32,Train/Low/low00004.png,18,6.868712264805261,0.15550774908551304,0.0,0.75,0.75,0.75,0.0,0.75
32,Train/Low/low00004.png,19,6.869408257047546,0.1556453045934962,0.0,0.75,0.75,0.75,0.0,0.75
32,Train/Low/low00004.png,20,6.870284709420103,0.15580025380337323,0.0,0.75,0.75,0.75,0.0,0.75
32,Train/Low/low00004.png,21,6.871234505664459,0.15595511161757553,0.0,0.75,0.75,0.75,0.0,0.75
32,Train/Low/low00004.png,22,6.872160932355712,0.15609569221131758,0.0,0.75,0.75,0.75,0.0,0.75
32,Train/Low/low00004.png,23,6.872973763581365,0.15620982943601303,0.0,0.75,0.75,0.75,0.0,0.75
32,Train/Low/low00004.png,24,6.873590849797592,0.15628708608020517,0.0,0.75,0.75,0.75,0.0,0.75
32,Train/Low/low00004.png,25,6.873948465409243,0.15632013988483254,0.0,0.75,0.75,0.75,0.0,0.75
32,Train/Low/low00004.png,26,6.8740182080749435,0.15630727841561007,0.0,0.75,0.75,0.75,0.0,0.75
32,Train/Low/low00004.png,27,6.873818062011537,0.1562540458230493,0.0,0.75,0.75,0.75,0.0,0.75
32,Train/Low/low00004.png,28,6.873406131602845,0.15617193944104302,0.0,0.75,0.75,0.75,0.0,0.75
32,Train/Low/low00004.png,29,6.87286220134398,0.1560751166719094,0.0,0.75,0.75,0.75,0.0,0.75
32,Train/Low/low00004.png,30,6.87226882592028,0.15597738596016975,0.0,0.75,0.75,0.75,0.0,0.75
32,Train/Low/low00004.png,31,6.871699068247139,0.15589021233102646,0.0,0.75,0.75,0.75,0.0,0.75
32,Train/Low/low00004.png,32,6.8712122046482556,0.1558221084524791,0.0,0.75,0.75,0.75,0.0,0.75
32,Train/Low/low00004.png,33,6.870851395483206,0.1557783130286078,0.0,0.75,0.75,0.75,0.0,0.75
32,Train/Low/low00004.png,34,6.87064067914577,0.1557604471586738,0.0,0.75,0.75,0.75,0.0,0.75
32,Train/Low/low00004.png,35,6.8705840300692405,0.1557665829370605,0.0,0.75,0.75,0.75,0.0,0.75
32,Train/Low/low00004.png,36,6.870668156719609,0.15579228255216018,0.0,0.75,0.75,0.75,0.0,0.75
32,Train/Low/low00004.png,37,6.870866294005324,0.155831628812959,0.0,0.75,0.75,0.75,0.0,0.75
32,Train/Low/low00004.png,38,6.871142951984398,0.15587819922389562,0.0,0.75,0.75,0.75,0.0,0.75
32,Train/Low/low00004.png,39,6.871457605289479,0.15592568815444713,0.0,0.75,0.75,0.75,0.0,0.75
32,Train/Low/low00004.png,40,6.871769088267081,0.15596844468228427,0.0,0.75,0.75,0.75,0.0,0.75
33,Train/Low/low00449.png,0,11.934053537667722,0.15752352107793996,0.5,0.5,1.0,0.0,0.0,0.0
33,Train/Low/low00449.png,1,11.936445784584437,0.15671241812332293,0.0,0.25,0.25,0.0,0.0,0.0
33,Train/Low/low00449.png,2,11.942113670060817,0.15530432650976334,0.0,0.25,0.25,0.0,0.0,0.0
33,Train/Low/low00449.png,3,11.952824247157341,0.15337074560098138,0.0,0.25,0.25,0.0,0.0,0.0
33,Train/Low/low00449.png,4,11.971316915282703,0.1510230644222475,0.0,0.25,0.25,0.0,0.0,0.0
33,Train/Low/low00449.png,5,11.997178944722327,0.14839232731381452,0.0,0.25,0.25,0.0,0.0,0.0
33,Train/Low/low00449.png,6,12.027635707163128,0.1455749054228565,0.0,0.25,0.25,0.0,0.0,0.0
33,Train/Low/low00449.png,7,12.059993024496274,0.14264042921381498,0.0,0.25,0.25,0.0,0.0,0.0
33,Train/Low/low00449.png,8,12.091774706924207,0.13965097617435526,0.0,0.25,0.25,0.0,0.0,0.0
33,Train/Low/low00449.png,9,12.1150375871574,0.1368709537843454,0.0,0.25,0.25,0.0,0.0,0.0
33,Train/Low/low00449.png,10,12.12217196769477,0.13533999204936997,0.25,0.5,0.75,0.0,0.0,0.0
33,Train/Low/low00449.png,11,12.124710025855778,0.1340508965543923,0.25,0.5,0.75,0.0,0.0,0.0
33,Train/Low/low00449.png,12,12.12012124002359,0.13332552292875985,0.25,0.5,0.75,0.25,0.25,0.5
33,Train/Low/low00449.png,13,12.113044314683126,0.13350471830382735,0.25,0.5,0.75,0.5,0.25,0.75
33,Train/Low/low00449.png,14,12.108634724003988,0.13370629134762604,0.25,0.5,0.75,0.5,0.25,0.75
33,Train/Low/low00449.png,15,12.10793777255204,0.13390596903181956,0.25,0.5,0.75,0.5,0.25,0.75
33,Train/Low/low00449.png,16,12.110746109036663,0.13409064721182845,0.25,0.5,0.75,0.5,0.25,0.75
33,Train/Low/low00449.png,17,12.116786564128635,0.13423960894078069,0.25,0.5,0.75,0.5,0.25,0.75
33,Train/Low/low00449.png,18,12.125734356071597,0.13432927486723778,0.25,0.5,0.75,0.5,0.25,0.75
33,Train/Low/low00449.png,19,12.1371302887192,0.13433844162912892,0.25,0.5,0.75,0.5,0.25,0.75
33,Train/Low/low00449.png,20,12.150356223745762,0.1342541854279894,0.25,0.5,0.75,0.5,0.25,0.75
33,Train/Low/low00449.png,21,12.164683825364634,0.1340762102529511,0.25,0.5,0.75,0.5,0.25,0.75
33,Train/Low/low00449.png,22,12.179316652136016,0.13381868763566107,0.25,0.5,0.75,0.5,0.25,0.75
33,Train/Low/low00449.png,23,12.193430689611978,0.13350897833455513,0.25,0.5,0.75,0.5,0.25,0.75
33,Train/Low/low00449.png,24,12.206307970477805,0.1331810541270935,0.25,0.5,0.75,0.5,0.25,0.75
33,Train/Low/low00449.png,25,12.217433969520853,0.1328674242817336,0.25,0.5,0.75,0.5,0.25,0.75
33,Train/Low/low00449.png,26,12.2264920092253,0.1325944604130461,0.25,0.5,0.75,0.5,0.25,0.75
33,Train/Low/low00449.png,27,12.2333644903373,0.13237930453042643,0.25,0.5,0.75,0.5,0.25,0.75
33,Train/Low/low00449.png,28,12.238087472917151,0.13223010924288872,0.25,0.5,0.75,0.5,0.25,0.75
33,Train/Low/low00449.png,29,12.24079381446636,0.13214796498120754,0.25,0.5,0.75,0.5,0.25,0.75
33,Train/Low/low00449.png,30,12.24168273056378,0.1321285955636004,0.25,0.5,0.75,0.5,0.25,0.75
33,Train/Low/low00449.png,31,12.24099662935269,0.1321639329616885,0.25,0.5,0.75,0.5,0.25,0.75
33,Train/Low/low00449.png,32,12.239002036269135,0.13224354970338797,0.25,0.5,0.75,0.5,0.25,0.75
33,Train/Low/low00449.png,33,12.235971743398608,0.13235599688079047,0.25,0.5,0.75,0.5,0.25,0.75
33,Train/Low/low00449.png,34,12.232170723972523,0.13248986206284769,0.25,0.5,0.75,0.5,0.25,0.75
33,Train/Low/low00449.png,35,12.227843475587271,0.13263465943774344,0.25,0.5,0.75,0.5,0.25,0.75
33,Train/Low/low00449.png,36,12.22320535195794,0.1327814504174039,0.25,0.5,0.75,0.5,0.25,0.75
33,Train/Low/low00449.png,37,12.218440056600537,0.13292308390288166,0.25,0.5,0.75,0.5,0.25,0.75
33,Train/Low/low00449.png,38,12.213699588378777,0.13305425031910353,0.25,0.5,0.75,0.5,0.25,0.75
33,Train/Low/low00449.png,39,12.209103557502248,0.13317148152177713,0.25,0.5,0.75,0.5,0.25,0.75
33,Train/Low/low00449.png,40,12.204736550155387,0.13327312791496837,0.25,0.5,0.75,0.5,0.25,0.75
34,Train/Low/low00040.png,0,6.0925316918477,0.2534756663542149,1.0,0.0,1.0,0.0,0.0,0.0
34,Train/Low/low00040.png,1,6.2697686488814695,0.276717199737631,0.0,0.0,0.0,0.0,0.0,0.0
34,Train/Low/low00040.png,2,6.459337468270878,0.30101397052814605,0.0,0.0,0.0,0.0,0.0,0.0
34,Train/Low/low00040.png,3,6.66170583713957,0.3262476960272186,0.0,0.0,0.0,0.0,0.0,0.0
34,Train/Low/low00040.png,4,6.8773467126989365,0.3522771321768212,0.0,0.0,0.0,0.0,0.0,0.0
34,Train/Low/low00040.png,5,7.106741644083952,0.3789407530231319,0.0,0.0,0.0,0.0,0.0,0.0
34,Train/Low/low00040.png,6,7.350225559356335,0.40603825057107507,0.0,0.0,0.0,0.0,0.0,0.0
34,Train/Low/low00040.png,7,7.608171918768274,0.4333658634746014,0.0,0.0,0.0,0.0,0.0,0.0
34,Train/Low/low00040.png,8,7.880840893405699,0.460701180922425,0.0,0.0,0.0,0.0,0.0,0.0
34,Train/Low/low00040.png,9,8.078573243327657,0.47998945405469423,0.0,1.0,1.0,0.0,0.0,0.0
34,Train/Low/low00040.png,10,8.20973947878575,0.4929021125859353,0.0,1.0,1.0,0.0,0.0,0.0
34,Train/Low/low00040.png,11,8.340869378120045,0.5054256513151704,0.0,1.0,1.0,0.5,0.0,0.5
34,Train/Low/low00040.png,12,8.34202045721024,0.5055172745193903,0.0,1.0,1.0,1.0,0.0,1.0
34,Train/Low/low00040.png,13,8.34202045721024,0.5055172745193903,0.0,1.0,1.0,1.0,0.0,1.0
34,Train/Low/low00040.png,14,8.34202045721024,0.5055172745193903,0.0,1.0,1.0,1.0,0.0,1.0
34,Train/Low/low00040.png,15,8.34202045721024,0.5055172745193903,0.0,1.0,1.0,1.0,0.0,1.0
34,Train/Low/low00040.png,16,8.34202045721024,0.5055172745193903,0.0,1.0,1.0,1.0,0.0,1.0
34,Train/Low/low00040.png,17,8.34202045721024,0.5055172745193903,0.0,1.0,1.0,1.0,0.0,1.0
34,Train/Low/low00040.png,18,8.34202045721024,0.5055172745193903,0.0,1.0,1.0,1.0,0.0,1.0
34,Train/Low/low00040.png,19,8.34202045721024,0.5055172745193903,0.0,1.0,1.0,1.0,0.0,1.0
34,Train/Low/low00040.png,20,8.34202045721024,0.5055172745193903,0.0,1.0,1.0,1.0,0.0,1.0
34,Train/Low/low00040.png,21,8.34202045721024,0.5055172745193903,0.0,1.0,1.0,1.0,0.0,1.0
34,Train/Low/low00040.png,22,8.34202045721024,0.5055172745193903,0.0,1.0,1.0,1.0,0.0,1.0
34,Train/Low/low00040.png,23,8.34202045721024,0.5055172745193903,0.0,1.0,1.0,1.0,0.0,1.0
34,Train/Low/low00040.png,24,8.34202045721024,0.5055172745193903,0.0,1.0,1.0,1.0,0.0,1.0
34,Train/Low/low00040.png,25,8.34202045721024,0.5055172745193903,0.0,1.0,1.0,1.0,0.0,1.0
34,Train/Low/low00040.png,26,8.34202045721024,0.5055172745193903,0.0,1.0,1.0,1.0,0.0,1.0
34,Train/Low/low00040.png,27,8.34202045721024,0.5055172745193903,0.0,1.0,1.0,1.0,0.0,1.0
34,Train/Low/low00040.png,28,8.34202045721024,0.5055172745193903,0.0,1.0,1.0,1.0,0.0,1.0
34,Train/Low/low00040.png,29,8.34202045721024,0.5055172745193903,0.0,1.0,1.0,1.0,0.0,1.0
34,Train/Low/low00040.png,30,8.34202045721024,0.5055172745193903,0.0,1.0,1.0,1.0,0.0,1.0
34,Train/Low/low00040.png,31,8.34202045721024,0.5055172745193903,0.0,1.0,1.0,1.0,0.0,1.0
34,Train/Low/low00040.png,32,8.34202045721024,0.5055172745193903,0.0,1.0,1.0,1.0,0.0,1.0
34,Train/Low/low00040.png,33,8.34202045721024,0.5055172745193903,0.0,1.0,1.0,1.0,0.0,1.0
34,Train/Low/low00040.png,34,8.34202045721024,0.5055172745193903,0.0,1.0,1.0,1.0,0.0,1.0
34,Train/Low/low00040.png,35,8.34202045721024,0.5055172745193903,0.0,1.0,1.0,1.0,0.0,1.0
34,Train/Low/low00040.png,36,8.34202045721024,0.5055172745193903,0.0,1.0,1.0,1.0,0.0,1.0
34,Train/Low/low00040.png,37,8.34202045721024,0.5055172745193903,0.0,1.0,1.0,1.0,0.0,1.0
34,Train/Low/low00040.png,38,8.34202045721024,0.5055172745193903,0.0,1.0,1.0,1.0,0.0,1.0
34,Train/Low/low00040.png,39,8.34202045721024,0.5055172745193903,0.0,1.0,1.0,1.0,0.0,1.0
34,Train/Low/low00040.png,40,8.34202045721024,0.5055172745193903,0.0,1.0,1.0,1.0,0.0,1.0
35,Train/Low/low00465.png,0,12.719812297594252,0.17221365186579904,0.0,1.0,1.0,0.0,0.0,0.0
35,Train/Low/low00465.png,1,12.613710022239527,0.1767396160782175,0.0,0.0,0.0,0.0,0.0,0.0
35,Train/Low/low00465.png,2,12.519659286104917,0.17978271159604603,0.0,0.0,0.0,0.0,0.0,0.0
35,Train/Low/low00465.png,3,12.438992481425258,0.1813286180548732,0.0,0.0,0.0,0.0,0.0,0.0
35,Train/Low/low00465.png,4,12.368614292843551,0.1816156168911442,0.0,0.0,0.0,0.0,0.0,0.0
35,Train/Low/low00465.png,5,12.308054753566164,0.18082943701284823,0.0,0.0,0.0,0.0,0.0,0.0
35,Train/Low/low00465.png,6,12.258179350799947,0.17921874594445525,0.0,0.0,0.0,0.0,0.0,0.0
35,Train/Low/low00465.png,7,12.219919055576332,0.17711095632828933,0.0,0.0,0.0,0.0,0.0,0.0
35,Train/Low/low00465.png,8,12.192609765798736,0.17481290659006624,0.0,0.0,0.0,0.0,0.0,0.0
35,Train/Low/low00465.png,9,12.174876107197015,0.17262988914583027,0.0,0.0,0.0,0.0,0.0,0.0
35,Train/Low/low00465.png,10,12.165069460639446,0.17081817367444768,0.0,0.0,0.0,0.0,0.0,0.0
35,Train/Low/low00465.png,11,12.162672446023059,0.16978682010730692,0.25,0.0,0.25,0.0,0.0,0.0
35,Train/Low/low00465.png,12,12.164690787971209,0.16921353775378645,0.25,0.0,0.25,0.0,0.0,0.0
35,Train/Low/low00465.png,13,12.171834038725178,0.1690541332444115,0.25,0.0,0.25,0.0,0.25,0.25
35,Train/Low/low00465.png,14,12.186674225173755,0.16935215514582339,0.25,0.0,0.25,0.0,0.25,0.25
35,Train/Low/low00465.png,15,12.202653657998724,0.16986046571915026,0.0,0.0,0.0,0.0,0.25,0.25
35,Train/Low/low00465.png,16,12.21945204582754,0.1705143235982341,0.0,0.0,0.0,0.0,0.25,0.25
35,Train/Low/low00465.png,17,12.23675727778054,0.1712399434328674,0.0,0.0,0.0,0.0,0.25,0.25
35,Train/Low/low00465.png,18,12.2543151778085,0.1719686315495081,0.0,0.0,0.0,0.0,0.25,0.25
35,Train/Low/low00465.png,19,12.271925593229607,0.17263562309763986,0.0,0.0,0.0,0.0,0.25,0.25
35,Train/Low/low00465.png,20,12.289388422012147,0.17318029084299294,0.0,0.0,0.0,0.0,0.25,0.25
35,Train/Low/low00465.png,21,12.306414936433294,0.17355117195179318,0.0,0.0,0.0,0.0,0.25,0.25
35,Train/Low/low00465.png,22,12.322608973378976,0.17371723897012745,0.0,0.0,0.0,0.0,0.25,0.25
35,Train/Low/low00465.png,23,12.337510244492565,0.17367289506456116,0.0,0.0,0.0,0.0,0.25,0.25
35,Train/Low/low00465.png,24,12.350661356408326,0.17343245447517466,0.0,0.0,0.0,0.0,0.25,0.25
35,Train/Low/low00465.png,25,12.361669306905574,0.17302154826243996,0.0,0.0,0.0,0.0,0.25,0.25
35,Train/Low/low00465.png,26,12.370251971302048,0.17246988721288428,0.0,0.0,0.0,0.0,0.25,0.25
35,Train/Low/low00465.png,27,12.376273748402078,0.1718067523649171,0.0,0.0,0.0,0.0,0.25,0.25
35,Train/Low/low00465.png,28,12.379773678910631,0.17105868174396877,0.0,0.0,0.0,0.0,0.25,0.25
35,Train/Low/low00465.png,29,12.380975996215701,0.17024927341993676,0.0,0.0,0.0,0.0,0.25,0.25
35,Train/Low/low00465.png,30,12.378432647280954,0.1695281025610397,0.25,0.0,0.25,0.25,0.25,0.5
35,Train/Low/low00465.png,31,12.372594494818683,0.16896316826728938,0.25,0.0,0.25,0.25,0.25,0.5
35,Train/Low/low00465.png,32,12.365998414860886,0.16841844180123805,0.25,0.0,0.25,0.25,0.25,0.5
35,Train/Low/low00465.png,33,12.359236526494968,0.1679125318595866,0.25,0.0,0.25,0.25,0.25,0.5
35,Train/Low/low00465.png,34,12.352850248773393,0.16745822004466304,0.25,0.0,0.25,0.25,0.25,0.5
35,Train/Low/low00465.png,35,12.347284431680501,0.1670646718979249,0.25,0.0,0.25,0.25,0.25,0.5
35,Train/Low/low00465.png,36,12.3428495692733,0.16673924621386865,0.25,0.0,0.25,0.25,0.25,0.5
35,Train/Low/low00465.png,37,12.339699175630896,0.1664881225978968,0.25,0.0,0.25,0.25,0.25,0.5
35,Train/Low/low00465.png,38,12.337829642217438,0.1663165933166553,0.25,0.0,0.25,0.25,0.25,0.5
35,Train/Low/low00465.png,39,12.33710039563816,0.16622840048371748,0.25,0.0,0.25,0.25,0.25,0.5
35,Train/Low/low00465.png,40,12.337269822415886,0.16622493106118164,0.25,0.0,0.25,0.25,0.25,0.5
36,Train/Low/low00293.png,0,8.451030888418495,0.10285221983933421,0.25,0.75,1.0,0.0,0.0,0.0
36,Train/Low/low00293.png,1,8.390956725454728,0.10311540286623769,0.0,0.0,0.0,0.0,0.0,0.0
36,Train/Low/low00293.png,2,8.337463859743329,0.10297707682845736,0.0,0.0,0.0,0.0,0.0,0.0
36,Train/Low/low00293.png,3,8.293031150906035,0.10240176002680468,0.0,0.0,0.0,0.0,0.0,0.0
36,Train/Low/low00293.png,4,8.259986573097715,0.10141065483283558,0.0,0.0,0.0,0.0,0.0,0.0
36,Train/Low/low00293.png,5,8.236326959515909,0.10009670996366425,0.0,0.0,0.0,0.0,0.0,0.0
36,Train/Low/low00293.png,6,8.219546812163085,0.09855024804878586,0.0,0.0,0.0,0.0,0.0,0.0
36,Train/Low/low00293.png,7,8.207868541870821,0.09685711436156039,0.0,0.0,0.0,0.0,0.0,0.0
36,Train/Low/low00293.png,8,8.199640662648081,0.09510096524716523,0.0,0.0,0.0,0.0,0.0,0.0
36,Train/Low/low00293.png,9,8.193627290563855,0.09336636616343497,0.25,0.0,0.25,0.0,0.0,0.0
36,Train/Low/low00293.png,10,8.183494370444336,0.0919653521280112,0.25,0.5,0.75,0.0,0.0,0.0
36,Train/Low/low00293.png,11,8.16593954309242,0.09080841718216458,0.25,0.5,0.75,0.0,0.0,0.0
36,Train/Low/low00293.png,12,8.158701785759463,0.0900019367480925,0.25,0.5,0.75,0.0,0.5,0.5
36,Train/Low/low00293.png,13,8.166595227303251,0.08997776171848679,0.25,0.5,0.75,0.0,0.75,0.75
36,Train/Low/low00293.png,14,8.176984368776717,0.09013597728664635,0.25,0.5,0.75,0.0,0.75,0.75
36,Train/Low/low00293.png,15,8.186751580251933,0.0903140760070901,0.25,0.25,0.5,0.0,0.75,0.75
36,Train/Low/low00293.png,16,8.194658297770784,0.09052793742705213,0.25,0.25,0.5,0.0,0.75,0.75
36,Train/Low/low00293.png,17,8.200993435753258,0.09076429604406004,0.25,0.25,0.5,0.0,0.75,0.75
36,Train/Low/low00293.png,18,8.20604568731065,0.0910112596448756,0.25,0.25,0.5,0.0,0.75,0.75
36,Train/Low/low00293.png,19,8.210092882694267,0.09125840838975464,0.25,0.25,0.5,0.0,0.75,0.75
36,Train/Low/low00293.png,20,8.213392748543477,0.0914969099476032,0.25,0.25,0.5,0.0,0.75,0.75
36,Train/Low/low00293.png,21,8.216182317909288,0.09171962146462856,0.25,0.25,0.5,0.0,0.75,0.75
36,Train/Low/low00293.png,22,8.218677154806354,0.09192113278245152,0.25,0.25,0.5,0.0,0.75,0.75
36,Train/Low/low00293.png,23,8.217469455934157,0.09205677628390675,0.25,0.5,0.75,0.0,0.75,0.75
36,Train/Low/low00293.png,24,8.214349046734485,0.092150000095774,0.25,0.5,0.75,0.0,0.75,0.75
36,Train/Low/low00293.png,25,8.212219395721101,0.09223158816426315,0.25,0.5,0.75,0.0,0.75,0.75
36,Train/Low/low00293.png,26,8.208585066217601,0.09230891213189556,0.25,0.5,0.75,0.25,0.75,1.0
36,Train/Low/low00293.png,27,8.205376784285907,0.09237376765140679,0.25,0.5,0.75,0.25,0.75,1.0
36,Train/Low/low00293.png,28,8.202884118336982,0.09242420149051615,0.25,0.5,0.75,0.25,0.75,1.0
36,Train/Low/low00293.png,29,8.201132911407475,0.09245965694055443,0.25,0.5,0.75,0.25,0.75,1.0
36,Train/Low/low00293.png,30,8.200122946001123,0.09248011266722664,0.25,0.5,0.75,0.25,0.75,1.0
36,Train/Low/low00293.png,31,8.199829119408866,0.09248606633051797,0.25,0.5,0.75,0.25,0.75,1.0
36,Train/Low/low00293.png,32,8.200204071604738,0.09247846954261987,0.25,0.5,0.75,0.25,0.75,1.0
36,Train/Low/low00293.png,33,8.201181209877413,0.09245867849556445,0.25,0.5,0.75,0.25,0.75,1.0
36,Train/Low/low00293.png,34,8.202390715075854,0.09242496067153676,0.25,0.25,0.5,0.25,0.75,1.0
36,Train/Low/low00293.png,35,8.203682285305156,0.092378615508285,0.25,0.25,0.5,0.25,0.75,1.0
36,Train/Low/low00293.png,36,8.205001434286029,0.09232236681112033,0.25,0.25,0.5,0.25,0.75,1.0
36,Train/Low/low00293.png,37,8.206293696038923,0.09225913167782326,0.25,0.25,0.5,0.25,0.75,1.0
36,Train/Low/low00293.png,38,8.207506167282087,0.09219191342430484,0.25,0.25,0.5,0.25,0.75,1.0
36,Train/Low/low00293.png,39,8.20858970455388,0.09212370254943697,0.25,0.25,0.5,0.25,0.75,1.0
36,Train/Low/low00293.png,40,8.20950064687338,0.09205736762362683,0.25,0.25,0.5,0.25,0.75,1.0
37,Train/Low/low00563.png,0,9.922764887183925,0.18263315268837368,1.0,0.0,1.0,0.0,0.0,0.0
37,Train/Low/low00563.png,1,10.126301711413968,0.20408421122179307,0.0,0.0,0.0,0.0,0.0,0.0
37,Train/Low/low00563.png,2,10.346426405091867,0.22688697699791013,0.0,0.0,0.0,0.0,0.0,0.0
37,Train/Low/low00563.png,3,10.584034043466337,0.2508825325304663,0.0,0.0,0.0,0.0,0.0,0.0
37,Train/Low/low00563.png,4,10.84011911787448,0.2758717706642067,0.0,0.0,0.0,0.0,0.0,0.0
37,Train/Low/low00563.png,5,11.115622462708238,0.30160489641118227,0.0,0.0,0.0,0.0,0.0,0.0
37,Train/Low/low00563.png,6,11.411361414629441,0.32778508198859974,0.0,0.0,0.0,0.0,0.0,0.0
37,Train/Low/low00563.png,7,11.727973115787549,0.35407696514101555,0.0,0.0,0.0,0.0,0.0,0.0
37,Train/Low/low00563.png,8,12.065810185523054,0.38011614279526046,0.0,0.0,0.0,0.0,0.0,0.0
37,Train/Low/low00563.png,9,12.328460409365594,0.39889560523532014,0.0,1.0,1.0,0.0,0.0,0.0
37,Train/Low/low00563.png,10,12.511105132254032,0.41116407216186934,0.0,1.0,1.0,0.0,0.0,0.0
37,Train/Low/low00563.png,11,12.69568129443873,0.4229372901814193,0.0,1.0,1.0,0.0,0.0,0.0
37,Train/Low/low00563.png,12,12.708825111483712,0.42385683176630046,0.0,1.0,1.0,1.0,0.0,1.0
37,Train/Low/low00563.png,13,12.708825111483712,0.42385683176630046,0.0,1.0,1.0,1.0,0.0,1.0
37,Train/Low/low00563.png,14,12.708825111483712,0.42385683176630046,0.0,1.0,1.0,1.0,0.0,1.0
37,Train/Low/low00563.png,15,12.708825111483712,0.42385683176630046,0.0,1.0,1.0,1.0,0.0,1.0
37,Train/Low/low00563.png,16,12.708825111483712,0.42385683176630046,0.0,1.0,1.0,1.0,0.0,1.0
37,Train/Low/low00563.png,17,12.708825111483712,0.42385683176630046,0.0,1.0,1.0,1.0,0.0,1.0
37,Train/Low/low00563.png,18,12.708825111483712,0.42385683176630046,0.0,1.0,1.0,1.0,0.0,1.0
37,Train/Low/low00563.png,19,12.708825111483712,0.42385683176630046,0.0,1.0,1.0,1.0,0.0,1.0
37,Train/Low/low00563.png,20,12.708825111483712,0.42385683176630046,0.0,1.0,1.0,1.0,0.0,1.0
37,Train/Low/low00563.png,21,12.708825111483712,0.42385683176630046,0.0,1.0,1.0,1.0,0.0,1.0
37,Train/Low/low00563.png,22,12.708825111483712,0.42385683176630046,0.0,1.0,1.0,1.0,0.0,1.0
37,Train/Low/low00563.png,23,12.708825111483712,0.42385683176630046,0.0,1.0,1.0,1.0,0.0,1.0
37,Train/Low/low00563.png,24,12.708825111483712,0.42385683176630046,0.0,1.0,1.0,1.0,0.0,1.0
37,Train/Low/low00563.png,25,12.708825111483712,0.42385683176630046,0.0,1.0,1.0,1.0,0.0,1.0
37,Train/Low/low00563.png,26,12.708825111483712,0.42385683176630046,0.0,1.0,1.0,1.0,0.0,1.0
37,Train/Low/low00563.png,27,12.708825111483712,0.42385683176630046,0.0,1.0,1.0,1.0,0.0,1.0
37,Train/Low/low00563.png,28,12.708825111483712,0.42385683176630046,0.0,1.0,1.0,1.0,0.0,1.0
37,Train/Low/low00563.png,29,12.708825111483712,0.42385683176630046,0.0,1.0,1.0,1.0,0.0,1.0
37,Train/Low/low00563.png,30,12.708825111483712,0.42385683176630046,0.0,1.0,1.0,1.0,0.0,1.0
37,Train/Low/low00563.png,31,12.708825111483712,0.42385683176630046,0.0,1.0,1.0,1.0,0.0,1.0
37,Train/Low/low00563.png,32,12.708825111483712,0.42385683176630046,0.0,1.0,1.0,1.0,0.0,1.0
37,Train/Low/low00563.png,33,12.708825111483712,0.42385683176630046,0.0,1.0,1.0,1.0,0.0,1.0
37,Train/Low/low00563.png,34,12.708825111483712,0.42385683176630046,0.0,1.0,1.0,1.0,0.0,1.0
37,Train/Low/low00563.png,35,12.708825111483712,0.42385683176630046,0.0,1.0,1.0,1.0,0.0,1.0
37,Train/Low/low00563.png,36,12.708825111483712,0.42385683176630046,0.0,1.0,1.0,1.0,0.0,1.0
37,Train/Low/low00563.png,37,12.708825111483712,0.42385683176630046,0.0,1.0,1.0,1.0,0.0,1.0
37,Train/Low/low00563.png,38,12.708825111483712,0.42385683176630046,0.0,1.0,1.0,1.0,0.0,1.0
37,Train/Low/low00563.png,39,12.708825111483712,0.42385683176630046,0.0,1.0,1.0,1.0,0.0,1.0
37,Train/Low/low00563.png,40,12.708825111483712,0.42385683176630046,0.0,1.0,1.0,1.0,0.0,1.0
38,Train/Low/low00515.png,0,9.580180652938637,0.11060656171447986,1.0,0.0,1.0,0.0,0.0,0.0
38,Train/Low/low00515.png,1,9.616878511619259,0.113184792482688,0.0,0.0,0.0,0.0,0.0,0.0
38,Train/Low/low00515.png,2,9.656583229131417,0.1160660307930839,0.0,0.0,0.0,0.0,0.0,0.0
38,Train/Low/low00515.png,3,9.699754901946314,0.11931794748011719,0.0,0.0,0.0,0.0,0.0,0.0
38,Train/Low/low00515.png,4,9.74630765261696,0.12293130069242013,0.0,0.0,0.0,0.0,0.0,0.0
38,Train/Low/low00515.png,5,9.796454827277918,0.12695174350579486,0.0,0.0,0.0,0.0,0.0,0.0
38,Train/Low/low00515.png,6,9.850260139681948,0.13138995684753021,0.0,0.0,0.0,0.0,0.0,0.0
38,Train/Low/low00515.png,7,9.907450790530044,0.1361944129720107,0.0,0.0,0.0,0.0,0.0,0.0
38,Train/Low/low00515.png,8,9.967584993627524,0.14127073282527974,0.0,0.0,0.0,0.0,0.0,0.0
38,Train/Low/low00515.png,9,10.0196229990703,0.1457650924947003,0.0,0.75,0.75,0.0,0.0,0.0
38,Train/Low/low00515.png,10,10.05844205357532,0.1493135584897251,0.0,0.75,0.75,0.0,0.0,0.0
38,Train/Low/low00515.png,11,10.09692910267874,0.15272906500296504,0.0,1.0,1.0,0.25,0.0,0.25
38,Train/Low/low00515.png,12,10.108054792950327,0.15417278057843534,0.0,1.0,1.0,0.5,0.0,0.5
38,Train/Low/low00515.png,13,10.111472255016462,0.15483161457544084,0.0,1.0,1.0,0.75,0.0,0.75
38,Train/Low/low00515.png,14,10.112080225932104,0.15505763438844972,0.0,1.0,1.0,0.75,0.0,0.75
38,Train/Low/low00515.png,15,10.112734337977646,0.15530992533002683,0.0,0.75,0.75,0.75,0.0,0.75
38,Train/Low/low00515.png,16,10.113375871992243,0.15557000087878542,0.0,0.75,0.75,0.75,0.0,0.75
38,Train/Low/low00515.png,17,10.114010847724614,0.15583861241681793,0.0,0.75,0.75,0.75,0.0,0.75
38,Train/Low/low00515.png,18,10.114653458712429,0.1561190305340114,0.0,0.75,0.75,0.75,0.0,0.75
38,Train/Low/low00515.png,19,10.115316508606933,0.15641385453578038,0.0,0.75,0.75,0.75,0.0,0.75
38,Train/Low/low00515.png,20,10.116018309546018,0.15672751681320962,0.0,0.75,0.75,0.75,0.0,0.75
38,Train/Low/low00515.png,21,10.116801811729408,0.15707349630203235,0.0,0.75,0.75,0.75,0.0,0.75
38,Train/Low/low00515.png,22,10.117741757328837,0.1574772329740828,0.0,0.75,0.75,0.75,0.0,0.75
38,Train/Low/low00515.png,23,10.11891466990817,0.15796671870110376,0.0,0.75,0.75,0.75,0.0,0.75
38,Train/Low/low00515.png,24,10.120329474438464,0.1585474604111618,0.0,0.75,0.75,0.75,0.0,0.75
38,Train/Low/low00515.png,25,10.121892795758347,0.15918858894531251,0.0,0.75,0.75,0.75,0.0,0.75
38,Train/Low/low00515.png,26,10.123437852867276,0.15983109164063808,0.0,0.75,0.75,0.75,0.0,0.75
38,Train/Low/low00515.png,27,10.124731886989434,0.1603883433464724,0.0,0.75,0.75,0.75,0.0,0.75
38,Train/Low/low00515.png,28,10.125558253224067,0.16077404895537073,0.0,0.75,0.75,0.75,0.0,0.75
38,Train/Low/low00515.png,29,10.125896082479397,0.1609728076584412,0.0,0.75,0.75,0.75,0.0,0.75
38,Train/Low/low00515.png,30,10.125850390176021,0.1610179910463954,0.0,0.75,0.75,0.75,0.0,0.75
38,Train/Low/low00515.png,31,10.125603161127936,0.16097323516975934,0.0,0.75,0.75,0.75,0.0,0.75
38,Train/Low/low00515.png,32,10.125321641567426,0.1609063959182165,0.0,0.75,0.75,0.5,0.0,0.5
38,Train/Low/low00515.png,33,10.125043524172659,0.1608517823224098,0.0,0.75,0.75,0.5,0.0,0.5
38,Train/Low/low00515.png,34,10.124795613226222,0.16081947364185012,0.0,0.75,0.75,0.5,0.0,0.5
38,Train/Low/low00515.png,35,10.12452896499397,0.16079088049266463,0.0,0.75,0.75,0.5,0.0,0.5
38,Train/Low/low00515.png,36,10.12416397956904,0.16073548496241172,0.0,0.75,0.75,0.5,0.0,0.5
38,Train/Low/low00515.png,37,10.12361506783039,0.16062039523595822,0.0,0.75,0.75,0.5,0.0,0.5
38,Train/Low/low00515.png,38,10.122810190552723,0.16041860154358561,0.0,0.75,0.75,0.5,0.0,0.5
38,Train/Low/low00515.png,39,10.121717784286488,0.16011900980057964,0.0,0.75,0.75,0.5,0.0,0.5
38,Train/Low/low00515.png,40,10.12037107099744,0.159734669805735,0.0,0.75,0.75,0.5,0.0,0.5
39,Train/Low/low00476.png,0,11.147784357813888,0.16674335470309948,1.0,0.0,1.0,0.0,0.0,0.0
39,Train/Low/low00476.png,1,11.267247985279365,0.18520050844556513,0.0,0.0,0.0,0.0,0.0,0.0
39,Train/Low/low00476.png,2,11.39751876306744,0.205124951513124,0.0,0.0,0.0,0.0,0.0,0.0
39,Train/Low/low00476.png,3,11.538871615616273,0.22644193077419233,0.0,0.0,0.0,0.0,0.0,0.0
39,Train/Low/low00476.png,4,11.691304564439902,0.2489982284826418,0.0,0.0,0.0,0.0,0.0,0.0
39,Train/Low/low00476.png,5,11.854186412194611,0.27250178308406936,0.0,0.0,0.0,0.0,0.0,0.0
39,Train/Low/low00476.png,6,12.026401985615392,0.2965738196858658,0.0,0.0,0.0,0.0,0.0,0.0
39,Train/Low/low00476.png,7,12.207238739725987,0.3209201402029228,0.0,0.0,0.0,0.0,0.0,0.0
39,Train/Low/low00476.png,8,12.395912532686859,0.34524991219922874,0.0,0.0,0.0,0.0,0.0,0.0
39,Train/Low/low00476.png,9,12.557141422007696,0.36561214712477536,0.0,0.75,0.75,0.0,0.0,0.0
39,Train/Low/low00476.png,10,12.6753766815422,0.38046391082409353,0.0,1.0,1.0,0.0,0.0,0.0
39,Train/Low/low00476.png,11,12.786654196115828,0.3939924477316423,0.0,1.0,1.0,0.25,0.0,0.25
39,Train/Low/low00476.png,12,12.797836515303818,0.3955628575320979,0.0,1.0,1.0,0.75,0.0,0.75
39,Train/Low/low00476.png,13,12.804073628592354,0.3964841045870879,0.0,1.0,1.0,0.75,0.0,0.75
39,Train/Low/low00476.png,14,12.809131078449038,0.39722989246367657,0.0,1.0,1.0,0.75,0.0,0.75
39,Train/Low/low00476.png,15,12.81317623349197,0.39782557363890464,0.0,1.0,1.0,0.75,0.0,0.75
39,Train/Low/low00476.png,16,12.8163428057512,0.3982913534632246,0.0,1.0,1.0,0.75,0.0,0.75
39,Train/Low/low00476.png,17,12.818736563493534,0.3986431377633615,0.0,1.0,1.0,0.75,0.0,0.75
39,Train/Low/low00476.png,18,12.820442941963472,0.3988937448270389,0.0,1.0,1.0,0.75,0.0,0.75
39,Train/Low/low00476.png,19,12.821531762849625,0.39905357851221424,0.0,1.0,1.0,0.75,0.0,0.75
39,Train/Low/low00476.png,20,12.822061264413222,0.39913128488207733,0.0,1.0,1.0,0.75,0.0,0.75
39,Train/Low/low00476.png,21,12.822080292560598,0.3991340801961639,0.0,1.0,1.0,0.75,0.0,0.75
39,Train/Low/low00476.png,22,12.821629891011925,0.399067980876244,0.0,1.0,1.0,0.75,0.0,0.75
39,Train/Low/low00476.png,23,12.820744995885672,0.3989380859482864,0.0,1.0,1.0,0.75,0.0,0.75
39,Train/Low/low00476.png,24,12.819454381149932,0.39874857571528005,0.0,1.0,1.0,0.75,0.0,0.75
39,Train/Low/low00476.png,25,12.817781292201468,0.3985027856456334,0.0,1.0,1.0,0.75,0.0,0.75
39,Train/Low/low00476.png,26,12.815742877858344,0.39820314156974046,0.0,1.0,1.0,0.75,0.0,0.75
39,Train/Low/low00476.png,27,12.813350304501503,0.39785118776009937,0.0,1.0,1.0,0.75,0.0,0.75
39,Train/Low/low00476.png,28,12.810608018384986,0.39744746782437224,0.0,1.0,1.0,0.75,0.0,0.75
39,Train/Low/low00476.png,29,12.807514069995417,0.3969915685328379,0.0,1.0,1.0,0.75,0.0,0.75
39,Train/Low/low00476.png,30,12.80405954000771,0.396482031269038,0.0,1.0,1.0,0.75,0.0,0.75
39,Train/Low/low00476.png,31,12.80023022751956,0.3959166152864823,0.0,1.0,1.0,0.75,0.0,0.75
39,Train/Low/low00476.png,32,12.796009232998035,0.3952926523675885,0.0,1.0,1.0,0.75,0.0,0.75
39,Train/Low/low00476.png,33,12.791382112659793,0.39460782734955924,0.0,1.0,1.0,0.75,0.0,0.75
39,Train/Low/low00476.png,34,12.786342709069958,0.3938610263252054,0.0,1.0,1.0,0.75,0.0,0.75
39,Train/Low/low00476.png,35,12.780899926353818,0.39305338940209006,0.0,1.0,1.0,0.75,0.0,0.75
39,Train/Low/low00476.png,36,12.775077143622884,0.39218819359627144,0.0,1.0,1.0,0.75,0.0,0.75
39,Train/Low/low00476.png,37,12.768908311014304,0.3912703348417211,0.0,1.0,1.0,0.75,0.0,0.75
39,Train/Low/low00476.png,38,12.762432414550787,0.39030549858610153,0.0,1.0,1.0,0.75,0.0,0.75
39,Train/Low/low00476.png,39,12.755692630468403,0.3893000311822013,0.0,1.0,1.0,0.75,0.0,0.75
39,Train/Low/low00476.png,40,12.74867110996093,0.3882512188273693,0.0,1.0,1.0,0.75,0.0,0.75
40,Train/Low/low00219.png,0,6.04580357831232,0.12968272728518657,1.0,0.0,1.0,0.0,0.0,0.0
40,Train/Low/low00219.png,1,6.137073208717506,0.14236462641731218,0.0,0.0,0.0,0.0,0.0,0.0
40,Train/Low/low00219.png,2,6.235160036060555,0.15569143460065202,0.0,0.0,0.0,0.0,0.0,0.0
40,Train/Low/low00219.png,3,6.340160047377057,0.16959503787781613,0.0,0.0,0.0,0.0,0.0,0.0
40,Train/Low/low00219.png,4,6.452300312231122,0.18401612900631925,0.0,0.0,0.0,0.0,0.0,0.0
40,Train/Low/low00219.png,5,6.5716683970034655,0.19886849251239716,0.0,0.0,0.0,0.0,0.0,0.0
40,Train/Low/low00219.png,6,6.697967516400923,0.21401421960387113,0.0,0.0,0.0,0.0,0.0,0.0
40,Train/Low/low00219.png,7,6.830368188972731,0.22925910069203218,0.0,0.0,0.0,0.0,0.0,0.0
40,Train/Low/low00219.png,8,6.967813960064355,0.24440059309879555,0.0,0.0,0.0,0.0,0.0,0.0
40,Train/Low/low00219.png,9,7.084187988536167,0.2569457628949514,0.0,0.75,0.75,0.0,0.0,0.0
40,Train/Low/low00219.png,10,7.167611266613884,0.2660853740525384,0.0,1.0,1.0,0.0,0.0,0.0
40,Train/Low/low00219.png,11,7.248187991373218,0.2747285744947563,0.0,0.75,0.75,0.5,0.0,0.5
40,Train/Low/low00219.png,12,7.251558769696923,0.27509554474268494,0.0,0.75,0.75,1.0,0.0,1.0
40,Train/Low/low00219.png,13,7.244109576880043,0.2743657643584586,0.0,0.75,0.75,1.0,0.0,1.0
40,Train/Low/low00219.png,14,7.235398977557763,0.27350051349584087,0.0,0.75,0.75,1.0,0.0,1.0
40,Train/Low/low00219.png,15,7.2260855434183,0.27256161411637647,0.0,0.75,0.75,1.0,0.0,1.0
40,Train/Low/low00219.png,16,7.217106696154984,0.2716434308303083,0.0,0.75,0.75,1.0,0.0,1.0
40,Train/Low/low00219.png,17,7.209073636975755,0.270811530011237,0.0,0.75,0.75,1.0,0.0,1.0
40,Train/Low/low00219.png,18,7.202806251972111,0.2701558833235181,0.0,0.75,0.75,1.0,0.0,1.0
40,Train/Low/low00219.png,19,7.198824465269044,0.26973643101902794,0.0,0.75,0.75,1.0,0.0,1.0
40,Train/Low/low00219.png,20,7.1972572954415615,0.269570736323542,0.0,0.75,0.75,1.0,0.0,1.0
40,Train/Low/low00219.png,21,7.197918659562506,0.26964070376855087,0.0,0.75,0.75,1.0,0.0,1.0
40,Train/Low/low00219.png,22,7.200444401866381,0.26990734934992994,0.0,0.75,0.75,1.0,0.0,1.0
40,Train/Low/low00219.png,23,7.204388349496923,0.2703219233707333,0.0,0.75,0.75,1.0,0.0,1.0
40,Train/Low/low00219.png,24,7.20926121546178,0.2708310644364786,0.0,0.75,0.75,1.0,0.0,1.0
40,Train/Low/low00219.png,25,7.214540517921883,0.2713787316685099,0.0,0.75,0.75,1.0,0.0,1.0
40,Train/Low/low00219.png,26,7.2196820398508965,0.27190806264979284,0.0,0.75,0.75,1.0,0.0,1.0
40,Train/Low/low00219.png,27,7.2241569135310915,0.2723654457164179,0.0,0.75,0.75,1.0,0.0,1.0
40,Train/Low/low00219.png,28,7.227832491955769,0.27273879336300333,0.0,0.75,0.75,1.0,0.0,1.0
40,Train/Low/low00219.png,29,7.230366092726356,0.2729948870116958,0.0,0.75,0.75,1.0,0.0,1.0
40,Train/Low/low00219.png,30,7.231569889694783,0.27311620214692717,0.0,0.75,0.75,1.0,0.0,1.0
40,Train/Low/low00219.png,31,7.231430161297347,0.27310213230870556,0.0,0.75,0.75,1.0,0.0,1.0
40,Train/Low/low00219.png,32,7.2300885037820155,0.2729668801792017,0.0,0.75,0.75,1.0,0.0,1.0
40,Train/Low/low00219.png,33,7.227803781663747,0.272735884903192,0.0,0.75,0.75,1.0,0.0,1.0
40,Train/Low/low00219.png,34,7.2249088799456205,0.2724419995829391,0.0,0.75,0.75,1.0,0.0,1.0
40,Train/Low/low00219.png,35,7.221770731422211,0.2721219371113349,0.0,0.75,0.75,1.0,0.0,1.0
40,Train/Low/low00219.png,36,7.218442857949805,0.27178085891530124,0.0,0.75,0.75,1.0,0.0,1.0
40,Train/Low/low00219.png,37,7.215317200081825,0.27145895181109303,0.0,0.75,0.75,1.0,0.0,1.0
40,Train/Low/low00219.png,38,7.212733474447887,0.2711917393580522,0.0,0.75,0.75,1.0,0.0,1.0
40,Train/Low/low00219.png,39,7.210942055356295,0.27100588234985873,0.0,0.75,0.75,1.0,0.0,1.0
40,Train/Low/low00219.png,40,7.210080279519938,0.2709163037786247,0.0,0.75,0.75,1.0,0.0,1.0
41,Train/Low/low00084.png,0,7.274116043476782,0.28809948664815316,1.0,0.0,1.0,0.0,0.0,0.0
41,Train/Low/low00084.png,1,7.464973788062135,0.31284975652790475,0.0,0.0,0.0,0.0,0.0,0.0
41,Train/Low/low00084.png,2,7.668729167647411,0.33852468109116746,0.0,0.0,0.0,0.0,0.0,0.0
41,Train/Low/low00084.png,3,7.885932518540618,0.3649405074006433,0.0,0.0,0.0,0.0,0.0,0.0
41,Train/Low/low00084.png,4,8.117104266487969,0.3918757606306127,0.0,0.0,0.0,0.0,0.0,0.0
41,Train/Low/low00084.png,5,8.362766104427099,0.4191661657770389,0.0,0.0,0.0,0.0,0.0,0.0
41,Train/Low/low00084.png,6,8.623360848097835,0.4464913277614973,0.0,0.0,0.0,0.0,0.0,0.0
41,Train/Low/low00084.png,7,8.898898955507907,0.47353982245778536,0.0,0.0,0.0,0.0,0.0,0.0
41,Train/Low/low00084.png,8,9.189057225423351,0.500019147189323,0.0,0.0,0.0,0.0,0.0,0.0
41,Train/Low/low00084.png,9,9.410432099869663,0.5194585872506285,0.0,1.0,1.0,0.0,0.0,0.0
41,Train/Low/low00084.png,10,9.552998018370227,0.5320980425086379,0.0,1.0,1.0,0.0,0.0,0.0
41,Train/Low/low00084.png,11,9.695334262464737,0.5442521745317382,0.0,1.0,1.0,0.0,0.0,0.0
41,Train/Low/low00084.png,12,9.719130762067874,0.5463281461081266,0.0,1.0,1.0,1.0,0.0,1.0
41,Train/Low/low00084.png,13,9.719130762067874,0.5463281461081266,0.0,1.0,1.0,1.0,0.0,1.0
41,Train/Low/low00084.png,14,9.719130762067874,0.5463281461081266,0.0,1.0,1.0,1.0,0.0,1.0
41,Train/Low/low00084.png,15,9.719130762067874,0.5463281461081266,0.0,1.0,1.0,1.0,0.0,1.0
41,Train/Low/low00084.png,16,9.719130762067874,0.5463281461081266,0.0,1.0,1.0,1.0,0.0,1.0
41,Train/Low/low00084.png,17,9.719130762067874,0.5463281461081266,0.0,1.0,1.0,1.0,0.0,1.0
41,Train/Low/low00084.png,18,9.719130762067874,0.5463281461081266,0.0,1.0,1.0,1.0,0.0,1.0
41,Train/Low/low00084.png,19,9.719130762067874,0.5463281461081266,0.0,1.0,1.0,1.0,0.0,1.0
41,Train/Low/low00084.png,20,9.719130762067874,0.5463281461081266,0.0,1.0,1.0,1.0,0.0,1.0
41,Train/Low/low00084.png,21,9.719130762067874,0.5463281461081266,0.0,1.0,1.0,1.0,0.0,1.0
41,Train/Low/low00084.png,22,9.719130762067874,0.5463281461081266,0.0,1.0,1.0,1.0,0.0,1.0
41,Train/Low/low00084.png,23,9.719130762067874,0.5463281461081266,0.0,1.0,1.0,1.0,0.0,1.0
41,Train/Low/low00084.png,24,9.719130762067874,0.5463281461081266,0.0,1.0,1.0,1.0,0.0,1.0
41,Train/Low/low00084.png,25,9.719130762067874,0.5463281461081266,0.0,1.0,1.0,1.0,0.0,1.0
41,Train/Low/low00084.png,26,9.719130762067874,0.5463281461081266,0.0,1.0,1.0,1.0,0.0,1.0
41,Train/Low/low00084.png,27,9.719130762067874,0.5463281461081266,0.0,1.0,1.0,1.0,0.0,1.0
41,Train/Low/low00084.png,28,9.719130762067874,0.5463281461081266,0.0,1.0,1.0,1.0,0.0,1.0
41,Train/Low/low00084.png,29,9.719130762067874,0.5463281461081266,0.0,1.0,1.0,1.0,0.0,1.0
41,Train/Low/low00084.png,30,9.719130762067874,0.5463281461081266,0.0,1.0,1.0,1.0,0.0,1.0
41,Train/Low/low00084.png,31,9.719130762067874,0.5463281461081266,0.0,1.0,1.0,1.0,0.0,1.0
41,Train/Low/low00084.png,32,9.719130762067874,0.5463281461081266,0.0,1.0,1.0,1.0,0.0,1.0
41,Train/Low/low00084.png,33,9.719130762067874,0.5463281461081266,0.0,1.0,1.0,1.0,0.0,1.0
41,Train/Low/low00084.png,34,9.719130762067874,0.5463281461081266,0.0,1.0,1.0,1.0,0.0,1.0
41,Train/Low/low00084.png,35,9.719130762067874,0.5463281461081266,0.0,1.0,1.0,1.0,0.0,1.0
41,Train/Low/low00084.png,36,9.719130762067874,0.5463281461081266,0.0,1.0,1.0,1.0,0.0,1.0
41,Train/Low/low00084.png,37,9.719130762067874,0.5463281461081266,0.0,1.0,1.0,1.0,0.0,1.0
41,Train/Low/low00084.png,38,9.719130762067874,0.5463281461081266,0.0,1.0,1.0,1.0,0.0,1.0
41,Train/Low/low00084.png,39,9.719130762067874,0.5463281461081266,0.0,1.0,1.0,1.0,0.0,1.0
41,Train/Low/low00084.png,40,9.719130762067874,0.5463281461081266,0.0,1.0,1.0,1.0,0.0,1.0
42,Train/Low/low00100.png,0,7.636726918019901,0.09331043294657301,1.0,0.0,1.0,0.0,0.0,0.0
42,Train/Low/low00100.png,1,7.746006754916054,0.10374437827163163,0.0,0.0,0.0,0.0,0.0,0.0
42,Train/Low/low00100.png,2,7.862833732120093,0.11499684385871284,0.0,0.0,0.0,0.0,0.0,0.0
42,Train/Low/low00100.png,3,7.9871861159703625,0.12703863838313503,0.0,0.0,0.0,0.0,0.0,0.0
42,Train/Low/low00100.png,4,8.11891935565658,0.13981797929216302,0.0,0.0,0.0,0.0,0.0,0.0
42,Train/Low/low00100.png,5,8.257832372965627,0.15327108547264578,0.0,0.0,0.0,0.0,0.0,0.0
42,Train/Low/low00100.png,6,8.403632538022478,0.1673179123608035,0.0,0.0,0.0,0.0,0.0,0.0
42,Train/Low/low00100.png,7,8.555843482088392,0.18185365186009,0.0,0.0,0.0,0.0,0.0,0.0
42,Train/Low/low00100.png,8,8.71367051020016,0.19673373786016987,0.0,0.0,0.0,0.0,0.0,0.0
42,Train/Low/low00100.png,9,8.847449322863563,0.2093986746006989,0.0,1.0,1.0,0.0,0.0,0.0
42,Train/Low/low00100.png,10,8.930439681658594,0.21797333041340175,0.0,1.0,1.0,0.0,0.0,0.0
42,Train/Low/low00100.png,11,9.01286144126411,0.22644104247119826,0.0,1.0,1.0,0.0,0.0,0.0
42,Train/Low/low00100.png,12,9.047335857074595,0.2295866997272014,0.0,1.0,1.0,1.0,0.0,1.0
42,Train/Low/low00100.png,13,9.047335857074595,0.2295866997272014,0.0,1.0,1.0,1.0,0.0,1.0
42,Train/Low/low00100.png,14,9.047335857074595,0.2295866997272014,0.0,1.0,1.0,1.0,0.0,1.0
42,Train/Low/low00100.png,15,9.047335857074595,0.2295866997272014,0.0,1.0,1.0,1.0,0.0,1.0
42,Train/Low/low00100.png,16,9.047335857074595,0.2295866997272014,0.0,1.0,1.0,1.0,0.0,1.0
42,Train/Low/low00100.png,17,9.047335857074595,0.2295866997272014,0.0,1.0,1.0,1.0,0.0,1.0
42,Train/Low/low00100.png,18,9.047335857074595,0.2295866997272014,0.0,1.0,1.0,1.0,0.0,1.0
42,Train/Low/low00100.png,19,9.047335857074595,0.2295866997272014,0.0,1.0,1.0,1.0,0.0,1.0
42,Train/Low/low00100.png,20,9.047335857074595,0.2295866997272014,0.0,1.0,1.0,1.0,0.0,1.0
42,Train/Low/low00100.png,21,9.047335857074595,0.2295866997272014,0.0,1.0,1.0,1.0,0.0,1.0
42,Train/Low/low00100.png,22,9.047335857074595,0.2295866997272014,0.0,1.0,1.0,1.0,0.0,1.0
42,Train/Low/low00100.png,23,9.047335857074595,0.2295866997272014,0.0,1.0,1.0,1.0,0.0,1.0
42,Train/Low/low00100.png,24,9.047335857074595,0.2295866997272014,0.0,1.0,1.0,1.0,0.0,1.0
42,Train/Low/low00100.png,25,9.047335857074595,0.2295866997272014,0.0,1.0,1.0,1.0,0.0,1.0
42,Train/Low/low00100.png,26,9.047335857074595,0.2295866997272014,0.0,1.0,1.0,1.0,0.0,1.0
42,Train/Low/low00100.png,27,9.047335857074595,0.2295866997272014,0.0,1.0,1.0,1.0,0.0,1.0
42,Train/Low/low00100.png,28,9.047335857074595,0.2295866997272014,0.0,1.0,1.0,1.0,0.0,1.0
42,Train/Low/low00100.png,29,9.047335857074595,0.2295866997272014,0.0,1.0,1.0,1.0,0.0,1.0
42,Train/Low/low00100.png,30,9.047335857074595,0.2295866997272014,0.0,1.0,1.0,1.0,0.0,1.0
42,Train/Low/low00100.png,31,9.047335857074595,0.2295866997272014,0.0,1.0,1.0,1.0,0.0,1.0
42,Train/Low/low00100.png,32,9.047335857074595,0.2295866997272014,0.0,1.0,1.0,1.0,0.0,1.0
42,Train/Low/low00100.png,33,9.047335857074595,0.2295866997272014,0.0,1.0,1.0,1.0,0.0,1.0
42,Train/Low/low00100.png,34,9.047335857074595,0.2295866997272014,0.0,1.0,1.0,1.0,0.0,1.0
42,Train/Low/low00100.png,35,9.047335857074595,0.2295866997272014,0.0,1.0,1.0,1.0,0.0,1.0
42,Train/Low/low00100.png,36,9.047335857074595,0.2295866997272014,0.0,1.0,1.0,1.0,0.0,1.0
42,Train/Low/low00100.png,37,9.047335857074595,0.2295866997272014,0.0,1.0,1.0,1.0,0.0,1.0
42,Train/Low/low00100.png,38,9.047335857074595,0.2295866997272014,0.0,1.0,1.0,1.0,0.0,1.0
42,Train/Low/low00100.png,39,9.047335857074595,0.2295866997272014,0.0,1.0,1.0,1.0,0.0,1.0
42,Train/Low/low00100.png,40,9.047335857074595,0.2295866997272014,0.0,1.0,1.0,1.0,0.0,1.0
43,Train/Low/low00561.png,0,10.88151733069614,0.15025235887043523,1.0,0.0,1.0,0.0,0.0,0.0
43,Train/Low/low00561.png,1,11.049678854368135,0.1696412003734293,0.0,0.0,0.0,0.0,0.0,0.0
43,Train/Low/low00561.png,2,11.23161683680247,0.19064212427237046,0.0,0.0,0.0,0.0,0.0,0.0
43,Train/Low/low00561.png,3,11.427912431857315,0.21315661087721774,0.0,0.0,0.0,0.0,0.0,0.0
43,Train/Low/low00561.png,4,11.638956349035423,0.2370227884768133,0.0,0.0,0.0,0.0,0.0,0.0
43,Train/Low/low00561.png,5,11.865198690200964,0.26204296377873454,0.0,0.0,0.0,0.0,0.0,0.0
43,Train/Low/low00561.png,6,12.106728560530671,0.28794219202937615,0.0,0.0,0.0,0.0,0.0,0.0
43,Train/Low/low00561.png,7,12.363602342650175,0.3143816769499275,0.0,0.0,0.0,0.0,0.0,0.0
43,Train/Low/low00561.png,8,12.63542388783097,0.340945292639031,0.0,0.0,0.0,0.0,0.0,0.0
43,Train/Low/low00561.png,9,12.858706418931387,0.36165905482540683,0.0,1.0,1.0,0.0,0.0,0.0
43,Train/Low/low00561.png,10,13.011561870992958,0.375994194481184,0.0,1.0,1.0,0.0,0.0,0.0
43,Train/Low/low00561.png,11,13.165616728766922,0.3898001206058942,0.0,1.0,1.0,0.0,0.0,0.0
43,Train/Low/low00561.png,12,13.188564865248376,0.39159964404713066,0.0,1.0,1.0,1.0,0.0,1.0
43,Train/Low/low00561.png,13,13.188564865248376,0.39159964404713066,0.0,1.0,1.0,1.0,0.0,1.0
43,Train/Low/low00561.png,14,13.188564865248376,0.39159964404713066,0.0,1.0,1.0,1.0,0.0,1.0
43,Train/Low/low00561.png,15,13.188564865248376,0.39159964404713066,0.0,1.0,1.0,1.0,0.0,1.0
43,Train/Low/low00561.png,16,13.188564865248376,0.39159964404713066,0.0,1.0,1.0,1.0,0.0,1.0
43,Train/Low/low00561.png,17,13.188564865248376,0.39159964404713066,0.0,1.0,1.0,1.0,0.0,1.0
43,Train/Low/low00561.png,18,13.188564865248376,0.39159964404713066,0.0,1.0,1.0,1.0,0.0,1.0
43,Train/Low/low00561.png,19,13.188564865248376,0.39159964404713066,0.0,1.0,1.0,1.0,0.0,1.0
43,Train/Low/low00561.png,20,13.188564865248376,0.39159964404713066,0.0,1.0,1.0,1.0,0.0,1.0
43,Train/Low/low00561.png,21,13.188564865248376,0.39159964404713066,0.0,1.0,1.0,1.0,0.0,1.0
43,Train/Low/low00561.png,22,13.188564865248376,0.39159964404713066,0.0,1.0,1.0,1.0,0.0,1.0
43,Train/Low/low00561.png,23,13.188564865248376,0.39159964404713066,0.0,1.0,1.0,1.0,0.0,1.0
43,Train/Low/low00561.png,24,13.188564865248376,0.39159964404713066,0.0,1.0,1.0,1.0,0.0,1.0
43,Train/Low/low00561.png,25,13.188564865248376,0.39159964404713066,0.0,1.0,1.0,1.0,0.0,1.0
43,Train/Low/low00561.png,26,13.188564865248376,0.39159964404713066,0.0,1.0,1.0,1.0,0.0,1.0
43,Train/Low/low00561.png,27,13.188564865248376,0.39159964404713066,0.0,1.0,1.0,1.0,0.0,1.0
43,Train/Low/low00561.png,28,13.188564865248376,0.39159964404713066,0.0,1.0,1.0,1.0,0.0,1.0
43,Train/Low/low00561.png,29,13.188564865248376,0.39159964404713066,0.0,1.0,1.0,1.0,0.0,1.0
43,Train/Low/low00561.png,30,13.188564865248376,0.39159964404713066,0.0,1.0,1.0,1.0,0.0,1.0
43,Train/Low/low00561.png,31,13.188564865248376,0.39159964404713066,0.0,1.0,1.0,1.0,0.0,1.0
43,Train/Low/low00561.png,32,13.188564865248376,0.39159964404713066,0.0,1.0,1.0,1.0,0.0,1.0
43,Train/Low/low00561.png,33,13.188564865248376,0.39159964404713066,0.0,1.0,1.0,1.0,0.0,1.0
43,Train/Low/low00561.png,34,13.188564865248376,0.39159964404713066,0.0,1.0,1.0,1.0,0.0,1.0
43,Train/Low/low00561.png,35,13.188564865248376,0.39159964404713066,0.0,1.0,1.0,1.0,0.0,1.0
43,Train/Low/low00561.png,36,13.188564865248376,0.39159964404713066,0.0,1.0,1.0,1.0,0.0,1.0
43,Train/Low/low00561.png,37,13.188564865248376,0.39159964404713066,0.0,1.0,1.0,1.0,0.0,1.0
43,Train/Low/low00561.png,38,13.188564865248376,0.39159964404713066,0.0,1.0,1.0,1.0,0.0,1.0
43,Train/Low/low00561.png,39,13.188564865248376,0.39159964404713066,0.0,1.0,1.0,1.0,0.0,1.0
43,Train/Low/low00561.png,40,13.188564865248376,0.39159964404713066,0.0,1.0,1.0,1.0,0.0,1.0
44,Train/Low/low00510.png,0,7.286500228818768,0.08377541227375541,1.0,0.0,1.0,0.0,0.0,0.0
44,Train/Low/low00510.png,1,7.326590501906745,0.08754358644162541,0.0,0.0,0.0,0.0,0.0,0.0
44,Train/Low/low00510.png,2,7.371131337198177,0.09185471913393446,0.0,0.0,0.0,0.0,0.0,0.0
44,Train/Low/low00510.png,3,7.422781564222936,0.09698540323349605,0.0,0.0,0.0,0.0,0.0,0.0
44,Train/Low/low00510.png,4,7.483967244688175,0.10318132548971962,0.0,0.0,0.0,0.0,0.0,0.0
44,Train/Low/low00510.png,5,7.5531686907634965,0.1102933701259559,0.0,0.0,0.0,0.0,0.0,0.0
44,Train/Low/low00510.png,6,7.628884960270063,0.11817392616071384,0.0,0.0,0.0,0.0,0.0,0.0
44,Train/Low/low00510.png,7,7.710510958880471,0.12675995987498376,0.0,0.0,0.0,0.0,0.0,0.0
44,Train/Low/low00510.png,8,7.797682391750154,0.13600549975095927,0.0,0.0,0.0,0.0,0.0,0.0
44,Train/Low/low00510.png,9,7.869648315748946,0.14387139772586818,0.0,1.0,1.0,0.0,0.0,0.0
44,Train/Low/low00510.png,10,7.924922621209624,0.15011898151770942,0.0,1.0,1.0,0.0,0.0,0.0
44,Train/Low/low00510.png,11,7.98153489171825,0.1565386005517973,0.0,1.0,1.0,0.0,0.0,0.0
44,Train/Low/low00510.png,12,8.000989360566281,0.15861167163281237,0.0,1.0,1.0,0.75,0.0,0.75
44,Train/Low/low00510.png,13,8.016025606778985,0.16017548308268845,0.0,1.0,1.0,0.75,0.0,0.75
44,Train/Low/low00510.png,14,8.031333563118261,0.16178235099694546,0.0,1.0,1.0,0.75,0.0,0.75
44,Train/Low/low00510.png,15,8.04665575389518,0.16340271957983565,0.0,1.0,1.0,0.75,0.0,0.75
44,Train/Low/low00510.png,16,8.061737027098825,0.1650063295179039,0.0,1.0,1.0,0.75,0.0,0.75
44,Train/Low/low00510.png,17,8.07626105633476,0.16655610666285814,0.0,1.0,1.0,0.75,0.0,0.75
44,Train/Low/low00510.png,18,8.089834078313993,0.16800699725949592,0.0,1.0,1.0,0.75,0.0,0.75
44,Train/Low/low00510.png,19,8.102111571457856,0.16932002424125525,0.0,1.0,1.0,0.75,0.0,0.75
44,Train/Low/low00510.png,20,8.11010077807757,0.17017419909373996,0.0,1.0,1.0,1.0,0.0,1.0
44,Train/Low/low00510.png,21,8.11010077807757,0.17017419909373996,0.0,1.0,1.0,1.0,0.0,1.0
44,Train/Low/low00510.png,22,8.11010077807757,0.17017419909373996,0.0,1.0,1.0,1.0,0.0,1.0
44,Train/Low/low00510.png,23,8.11010077807757,0.17017419909373996,0.0,1.0,1.0,1.0,0.0,1.0
44,Train/Low/low00510.png,24,8.11010077807757,0.17017419909373996,0.0,1.0,1.0,1.0,0.0,1.0
44,Train/Low/low00510.png,25,8.11010077807757,0.17017419909373996,0.0,1.0,1.0,1.0,0.0,1.0
44,Train/Low/low00510.png,26,8.11010077807757,0.17017419909373996,0.0,1.0,1.0,1.0,0.0,1.0
44,Train/Low/low00510.png,27,8.11010077807757,0.17017419909373996,0.0,1.0,1.0,1.0,0.0,1.0
44,Train/Low/low00510.png,28,8.11010077807757,0.17017419909373996,0.0,1.0,1.0,1.0,0.0,1.0
44,Train/Low/low00510.png,29,8.11010077807757,0.17017419909373996,0.0,1.0,1.0,1.0,0.0,1.0
44,Train/Low/low00510.png,30,8.11010077807757,0.17017419909373996,0.0,1.0,1.0,1.0,0.0,1.0
44,Train/Low/low00510.png,31,8.109616851683025,0.1701224709375914,0.0,1.0,1.0,0.75,0.0,0.75
44,Train/Low/low00510.png,32,8.108560454383822,0.1700095442235059,0.0,1.0,1.0,0.75,0.0,0.75
44,Train/Low/low00510.png,33,8.106997281408077,0.16984243064411386,0.0,1.0,1.0,0.75,0.0,0.75
44,Train/Low/low00510.png,34,8.104997978003395,0.16962867058246303,0.0,1.0,1.0,0.75,0.0,0.75
44,Train/Low/low00510.png,35,8.102637826425305,0.1693762988159133,0.0,1.0,1.0,0.75,0.0,0.75
44,Train/Low/low00510.png,36,8.099997055454898,0.16909389804147582,0.0,1.0,1.0,0.75,0.0,0.75
44,Train/Low/low00510.png,37,8.097160130821562,0.16879049837895066,0.0,1.0,1.0,0.75,0.0,0.75
44,Train/Low/low00510.png,38,8.094215287176176,0.1684755521044804,0.0,1.0,1.0,0.75,0.0,0.75
44,Train/Low/low00510.png,39,8.09125344648548,0.16815879009370813,0.0,1.0,1.0,0.75,0.0,0.75
44,Train/Low/low00510.png,40,8.088366293100476,0.16785004000658948,0.0,1.0,1.0,0.75,0.0,0.75
45,Train/Low/low00562.png,0,6.422322120838874,0.11856703422343956,1.0,0.25,1.0,0.25,0.25,0.25
45,Train/Low/low00562.png,1,6.524174874445215,0.1296726415020578,0.25,0.25,0.25,0.25,0.25,0.25
45,Train/Low/low00562.png,2,6.632465527687597,0.14166036446853042,0.25,0.25,0.25,0.25,0.25,0.25
45,Train/Low/low00562.png,3,6.74700920474526,0.1544780476049877,0.25,0.25,0.25,0.25,0.25,0.25
45,Train/Low/low00562.png,4,6.867610207432321,0.16805922279974908,0.25,0.25,0.25,0.25,0.25,0.25
45,Train/Low/low00562.png,5,6.994054890397904,0.18232358816936442,0.25,0.25,0.25,0.25,0.25,0.25
45,Train/Low/low00562.png,6,7.126096198967129,0.1971758536342405,0.25,0.25,0.25,0.25,0.25,0.25
45,Train/Low/low00562.png,7,7.26342825639809,0.21250431489200985,0.25,0.25,0.25,0.25,0.25,0.25
45,Train/Low/low00562.png,8,7.405669003024591,0.22818221541503153,0.25,0.25,0.25,0.25,0.25,0.25
45,Train/Low/low00562.png,9,7.52361622212497,0.24072244020232,0.25,1.0,1.0,0.25,0.25,0.25
45,Train/Low/low00562.png,10,7.597972881500942,0.24844325731602468,0.25,1.0,1.0,0.25,0.25,0.25
45,Train/Low/low00562.png,11,7.672120068607563,0.25603731530467516,0.25,1.0,1.0,0.25,0.25,0.25
45,Train/Low/low00562.png,12,7.694153262864857,0.2581816763284273,0.25,1.0,1.0,1.0,0.25,1.0
45,Train/Low/low00562.png,13,7.694153262864857,0.2581816763284273,0.25,1.0,1.0,1.0,0.25,1.0
45,Train/Low/low00562.png,14,7.694153262864857,0.2581816763284273,0.25,1.0,1.0,1.0,0.25,1.0
45,Train/Low/low00562.png,15,7.694153262864857,0.2581816763284273,0.25,1.0,1.0,1.0,0.25,1.0
45,Train/Low/low00562.png,16,7.694153262864857,0.2581816763284273,0.25,1.0,1.0,1.0,0.25,1.0
45,Train/Low/low00562.png,17,7.694153262864857,0.2581816763284273,0.25,1.0,1.0,1.0,0.25,1.0
45,Train/Low/low00562.png,18,7.694153262864857,0.2581816763284273,0.25,1.0,1.0,1.0,0.25,1.0
45,Train/Low/low00562.png,19,7.694153262864857,0.2581816763284273,0.25,1.0,1.0,1.0,0.25,1.0
45,Train/Low/low00562.png,20,7.694153262864857,0.2581816763284273,0.25,1.0,1.0,1.0,0.25,1.0
45,Train/Low/low00562.png,21,7.694153262864857,0.2581816763284273,0.25,1.0,1.0,1.0,0.25,1.0
45,Train/Low/low00562.png,22,7.694153262864857,0.2581816763284273,0.25,1.0,1.0,1.0,0.25,1.0
45,Train/Low/low00562.png,23,7.694153262864857,0.2581816763284273,0.25,1.0,1.0,1.0,0.25,1.0
45,Train/Low/low00562.png,24,7.694153262864857,0.2581816763284273,0.25,1.0,1.0,1.0,0.25,1.0
45,Train/Low/low00562.png,25,7.694153262864857,0.2581816763284273,0.25,1.0,1.0,1.0,0.25,1.0
45,Train/Low/low00562.png,26,7.694153262864857,0.2581816763284273,0.25,1.0,1.0,1.0,0.25,1.0
45,Train/Low/low00562.png,27,7.694153262864857,0.2581816763284273,0.25,1.0,1.0,1.0,0.25,1.0
45,Train/Low/low00562.png,28,7.694153262864857,0.2581816763284273,0.25,1.0,1.0,1.0,0.25,1.0
45,Train/Low/low00562.png,29,7.694153262864857,0.2581816763284273,0.25,1.0,1.0,1.0,0.25,1.0
45,Train/Low/low00562.png,30,7.694153262864857,0.2581816763284273,0.25,1.0,1.0,1.0,0.25,1.0
45,Train/Low/low00562.png,31,7.694153262864857,0.2581816763284273,0.25,1.0,1.0,1.0,0.25,1.0
45,Train/Low/low00562.png,32,7.694153262864857,0.2581816763284273,0.25,1.0,1.0,1.0,0.25,1.0
45,Train/Low/low00562.png,33,7.694153262864857,0.2581816763284273,0.25,1.0,1.0,1.0,0.25,1.0
45,Train/Low/low00562.png,34,7.694153262864857,0.2581816763284273,0.25,1.0,1.0,1.0,0.25,1.0
45,Train/Low/low00562.png,35,7.694153262864857,0.2581816763284273,0.25,1.0,1.0,1.0,0.25,1.0
45,Train/Low/low00562.png,36,7.694153262864857,0.2581816763284273,0.25,1.0,1.0,1.0,0.25,1.0
45,Train/Low/low00562.png,37,7.694153262864857,0.2581816763284273,0.25,1.0,1.0,1.0,0.25,1.0
45,Train/Low/low00562.png,38,7.694153262864857,0.2581816763284273,0.25,1.0,1.0,1.0,0.25,1.0
45,Train/Low/low00562.png,39,7.694153262864857,0.2581816763284273,0.25,1.0,1.0,1.0,0.25,1.0
45,Train/Low/low00562.png,40,7.694153262864857,0.2581816763284273,0.25,1.0,1.0,1.0,0.25,1.0
46,Train/Low/low00247.png,0,8.121044026097916,0.3147363906378747,1.0,0.0,1.0,0.0,0.0,0.0
46,Train/Low/low00247.png,1,8.336662830730132,0.3438081153627906,0.0,0.0,0.0,0.0,0.0,0.0
46,Train/Low/low00247.png,2,8.569096651948716,0.3739631786948495,0.0,0.0,0.0,0.0,0.0,0.0
46,Train/Low/low00247.png,3,8.818909583099082,0.4049415186353305,0.0,0.0,0.0,0.0,0.0,0.0
46,Train/Low/low00247.png,4,9.086754946300665,0.43646284825178155,0.0,0.0,0.0,0.0,0.0,0.0
46,Train/Low/low00247.png,5,9.37387869367839,0.46827610536242614,0.0,0.0,0.0,0.0,0.0,0.0
46,Train/Low/low00247.png,6,9.681380459186286,0.5000832893247075,0.0,0.0,0.0,0.0,0.0,0.0
46,Train/Low/low00247.png,7,10.009919468636987,0.5315311496589009,0.0,0.0,0.0,0.0,0.0,0.0
46,Train/Low/low00247.png,8,10.359657213748266,0.5622360535781803,0.0,0.0,0.0,0.0,0.0,0.0
46,Train/Low/low00247.png,9,10.635462337954893,0.5848188776927621,0.0,1.0,1.0,0.0,0.0,0.0
46,Train/Low/low00247.png,10,10.813743755532599,0.5988798855126866,0.0,1.0,1.0,0.0,0.0,0.0
46,Train/Low/low00247.png,11,10.992177852384724,0.6123368417735664,0.0,1.0,1.0,0.25,0.0,0.25
46,Train/Low/low00247.png,12,11.016276342716134,0.6142673399424415,0.0,1.0,1.0,1.0,0.0,1.0
46,Train/Low/low00247.png,13,11.016276342716134,0.6142673399424415,0.0,1.0,1.0,1.0,0.0,1.0
46,Train/Low/low00247.png,14,11.016276342716134,0.6142673399424415,0.0,1.0,1.0,1.0,0.0,1.0
46,Train/Low/low00247.png,15,11.016276342716134,0.6142673399424415,0.0,1.0,1.0,1.0,0.0,1.0
46,Train/Low/low00247.png,16,11.016276342716134,0.6142673399424415,0.0,1.0,1.0,1.0,0.0,1.0
46,Train/Low/low00247.png,17,11.016276342716134,0.6142673399424415,0.0,1.0,1.0,1.0,0.0,1.0
46,Train/Low/low00247.png,18,11.016276342716134,0.6142673399424415,0.0,1.0,1.0,1.0,0.0,1.0
46,Train/Low/low00247.png,19,11.016276342716134,0.6142673399424415,0.0,1.0,1.0,1.0,0.0,1.0
46,Train/Low/low00247.png,20,11.016276342716134,0.6142673399424415,0.0,1.0,1.0,1.0,0.0,1.0
46,Train/Low/low00247.png,21,11.016276342716134,0.6142673399424415,0.0,1.0,1.0,1.0,0.0,1.0
46,Train/Low/low00247.png,22,11.016276342716134,0.6142673399424415,0.0,1.0,1.0,1.0,0.0,1.0
46,Train/Low/low00247.png,23,11.016276342716134,0.6142673399424415,0.0,1.0,1.0,1.0,0.0,1.0
46,Train/Low/low00247.png,24,11.016276342716134,0.6142673399424415,0.0,1.0,1.0,1.0,0.0,1.0
46,Train/Low/low00247.png,25,11.016276342716134,0.6142673399424415,0.0,1.0,1.0,1.0,0.0,1.0
46,Train/Low/low00247.png,26,11.016276342716134,0.6142673399424415,0.0,1.0,1.0,1.0,0.0,1.0
46,Train/Low/low00247.png,27,11.016276342716134,0.6142673399424415,0.0,1.0,1.0,1.0,0.0,1.0
46,Train/Low/low00247.png,28,11.016276342716134,0.6142673399424415,0.0,1.0,1.0,1.0,0.0,1.0
46,Train/Low/low00247.png,29,11.016276342716134,0.6142673399424415,0.0,1.0,1.0,1.0,0.0,1.0
46,Train/Low/low00247.png,30,11.016276342716134,0.6142673399424415,0.0,1.0,1.0,1.0,0.0,1.0
46,Train/Low/low00247.png,31,11.016276342716134,0.6142673399424415,0.0,1.0,1.0,1.0,0.0,1.0
46,Train/Low/low00247.png,32,11.016276342716134,0.6142673399424415,0.0,1.0,1.0,1.0,0.0,1.0
46,Train/Low/low00247.png,33,11.016276342716134,0.6142673399424415,0.0,1.0,1.0,1.0,0.0,1.0
46,Train/Low/low00247.png,34,11.016276342716134,0.6142673399424415,0.0,1.0,1.0,1.0,0.0,1.0
46,Train/Low/low00247.png,35,11.016276342716134,0.6142673399424415,0.0,1.0,1.0,1.0,0.0,1.0
46,Train/Low/low00247.png,36,11.016276342716134,0.6142673399424415,0.0,1.0,1.0,1.0,0.0,1.0
46,Train/Low/low00247.png,37,11.016276342716134,0.6142673399424415,0.0,1.0,1.0,1.0,0.0,1.0
46,Train/Low/low00247.png,38,11.016276342716134,0.6142673399424415,0.0,1.0,1.0,1.0,0.0,1.0
46,Train/Low/low00247.png,39,11.016276342716134,0.6142673399424415,0.0,1.0,1.0,1.0,0.0,1.0
46,Train/Low/low00247.png,40,11.016276342716134,0.6142673399424415,0.0,1.0,1.0,1.0,0.0,1.0
47,Train/Low/low00326.png,0,8.75546759854825,0.16581681013751687,0.25,0.75,1.0,0.0,0.0,0.0
47,Train/Low/low00326.png,1,8.691008570067764,0.16474217532913732,0.0,0.25,0.25,0.0,0.0,0.0
47,Train/Low/low00326.png,2,8.630377867565613,0.16320895283991127,0.0,0.25,0.25,0.0,0.0,0.0
47,Train/Low/low00326.png,3,8.573877083662007,0.16128332619126667,0.0,0.25,0.25,0.0,0.0,0.0
47,Train/Low/low00326.png,4,8.521739322137517,0.15901227182376573,0.0,0.25,0.25,0.0,0.0,0.0
47,Train/Low/low00326.png,5,8.474099792897169,0.15644236884761634,0.0,0.25,0.25,0.0,0.0,0.0
47,Train/Low/low00326.png,6,8.430877510302507,0.15363882518677144,0.0,0.25,0.25,0.0,0.0,0.0
47,Train/Low/low00326.png,7,8.391520895243058,0.15068562952815795,0.0,0.25,0.25,0.0,0.0,0.0
47,Train/Low/low00326.png,8,8.355354502942635,0.14768183588043937,0.0,0.25,0.25,0.0,0.0,0.0
47,Train/Low/low00326.png,9,8.32175936369153,0.14472874570006206,0.0,0.25,0.25,0.0,0.0,0.0
47,Train/Low/low00326.png,10,8.295413314524431,0.14205932404776297,0.25,0.5,0.75,0.0,0.0,0.0
47,Train/Low/low00326.png,11,8.263707450263421,0.13994304757424672,0.25,0.5,0.75,0.0,0.0,0.0
47,Train/Low/low00326.png,12,8.251667618016022,0.13886594651460757,0.25,0.5,0.75,0.0,0.5,0.5
47,Train/Low/low00326.png,13,8.256955255568279,0.1386675319373124,0.25,0.5,0.75,0.0,0.75,0.75
47,Train/Low/low00326.png,14,8.272555242049147,0.1389156449106297,0.25,0.5,0.75,0.0,0.75,0.75
47,Train/Low/low00326.png,15,8.28727648784797,0.13919125288342452,0.25,0.25,0.5,0.0,0.75,0.75
47,Train/Low/low00326.png,16,8.29540538323967,0.13948752392703362,0.25,0.25,0.5,0.25,0.75,1.0
47,Train/Low/low00326.png,17,8.300214334147682,0.1398078027132954,0.25,0.25,0.5,0.25,0.75,1.0
47,Train/Low/low00326.png,18,8.30393248242341,0.1401493257143813,0.25,0.25,0.5,0.25,0.75,1.0
47,Train/Low/low00326.png,19,8.306694384177938,0.14049750420878354,0.25,0.25,0.5,0.25,0.75,1.0
47,Train/Low/low00326.png,20,8.308632323397472,0.1408399008926369,0.25,0.25,0.5,0.25,0.75,1.0
47,Train/Low/low00326.png,21,8.309878507009545,0.1411663140914721,0.25,0.25,0.5,0.25,0.75,1.0
47,Train/Low/low00326.png,22,8.31062337523193,0.14147030644352973,0.0,0.25,0.25,0.25,0.75,1.0
47,Train/Low/low00326.png,23,8.311018379602507,0.14174653917600175,0.0,0.25,0.25,0.25,0.75,1.0
47,Train/Low/low00326.png,24,8.311078033297626,0.14198794514223223,0.0,0.25,0.25,0.25,0.75,1.0
47,Train/Low/low00326.png,25,8.310826992292746,0.14218949720676702,0.0,0.25,0.25,0.25,0.75,1.0
47,Train/Low/low00326.png,26,8.308310765565807,0.1423320487661427,0.0,0.5,0.5,0.25,0.75,1.0
47,Train/Low/low00326.png,27,8.303151552121415,0.14241412926708363,0.25,0.5,0.75,0.25,0.75,1.0
47,Train/Low/low00326.png,28,8.299633155424115,0.14247807842075358,0.25,0.5,0.75,0.25,0.75,1.0
47,Train/Low/low00326.png,29,8.297498856113878,0.14251676238175237,0.25,0.5,0.75,0.25,0.75,1.0
47,Train/Low/low00326.png,30,8.296712084901145,0.14253100180065623,0.25,0.5,0.75,0.25,0.75,1.0
47,Train/Low/low00326.png,31,8.297191120443914,0.14252233309289142,0.25,0.5,0.75,0.25,0.75,1.0
47,Train/Low/low00326.png,32,8.298032485596437,0.14248644868654567,0.25,0.25,0.5,0.25,0.75,1.0
47,Train/Low/low00326.png,33,8.29907999052806,0.14242590951786563,0.25,0.25,0.5,0.25,0.75,1.0
47,Train/Low/low00326.png,34,8.30025730443836,0.14234451884790478,0.25,0.25,0.5,0.25,0.75,1.0
47,Train/Low/low00326.png,35,8.30147974774698,0.1422464634122089,0.25,0.25,0.5,0.25,0.75,1.0
47,Train/Low/low00326.png,36,8.302658008406734,0.1421362341772752,0.25,0.25,0.5,0.25,0.75,1.0
47,Train/Low/low00326.png,37,8.303704574815784,0.14201852858186192,0.25,0.25,0.5,0.25,0.75,1.0
47,Train/Low/low00326.png,38,8.304536936447095,0.14189813994476635,0.25,0.25,0.5,0.25,0.75,1.0
47,Train/Low/low00326.png,39,8.305082727284846,0.14177980591947228,0.25,0.25,0.5,0.25,0.75,1.0
47,Train/Low/low00326.png,40,8.305282929052755,0.1416680326027204,0.25,0.25,0.5,0.25,0.75,1.0
48,Train/Low/low00385.png,0,5.917782979167978,0.10269506963834812,0.0,1.0,1.0,0.0,0.0,0.0
48,Train/Low/low00385.png,1,5.770322941799399,0.10126588600449699,0.0,0.0,0.0,0.0,0.0,0.0
48,Train/Low/low00385.png,2,5.632925287367463,0.09962186484582944,0.0,0.0,0.0,0.0,0.0,0.0
48,Train/Low/low00385.png,3,5.507196323831386,0.0977712147431064,0.0,0.0,0.0,0.0,0.0,0.0
48,Train/Low/low00385.png,4,5.3959813384411115,0.09577780195600112,0.0,0.0,0.0,0.0,0.0,0.0
48,Train/Low/low00385.png,5,5.301814977680694,0.09377030659235053,0.0,0.0,0.0,0.0,0.0,0.0
48,Train/Low/low00385.png,6,5.224726444321805,0.09186888664581533,0.0,0.0,0.0,0.0,0.0,0.0
48,Train/Low/low00385.png,7,5.1636836268752,0.09015230124112397,0.0,0.0,0.0,0.0,0.0,0.0
48,Train/Low/low00385.png,8,5.117354144112678,0.08866861323232847,0.0,0.0,0.0,0.0,0.0,0.0
48,Train/Low/low00385.png,9,5.084044596152756,0.08743968961765088,0.0,0.0,0.0,0.0,0.0,0.0
48,Train/Low/low00385.png,10,5.061668433202594,0.08646211030575253,0.0,0.0,0.0,0.0,0.0,0.0
48,Train/Low/low00385.png,11,5.051653541091934,0.08579344152936684,0.25,0.0,0.25,0.0,0.0,0.0
48,Train/Low/low00385.png,12,5.047688433076992,0.08532968738784726,0.25,0.0,0.25,0.0,0.0,0.0
48,Train/Low/low00385.png,13,5.044907747684768,0.0851215739563013,0.25,0.25,0.5,0.0,0.5,0.5
48,Train/Low/low00385.png,14,5.0519182412563985,0.08538018785164286,0.25,0.25,0.5,0.0,0.5,0.5
48,Train/Low/low00385.png,15,5.061071139576629,0.08567275805224715,0.0,0.25,0.25,0.0,0.5,0.5
48,Train/Low/low00385.png,16,5.072477597456507,0.08599140396583495,0.0,0.25,0.25,0.0,0.5,0.5
48,Train/Low/low00385.png,17,5.08564078611953,0.08631842610624404,0.0,0.25,0.25,0.0,0.5,0.5
48,Train/Low/low00385.png,18,5.1000457348766846,0.08663991721501087,0.0,0.25,0.25,0.0,0.5,0.5
48,Train/Low/low00385.png,19,5.115169704625904,0.08694575979702424,0.0,0.25,0.25,0.0,0.5,0.5
48,Train/Low/low00385.png,20,5.130495940469393,0.08722929424749684,0.0,0.25,0.25,0.0,0.5,0.5
48,Train/Low/low00385.png,21,5.151279183978252,0.08773397069921628,0.0,0.25,0.25,0.0,0.75,0.75
48,Train/Low/low00385.png,22,5.1708315062020205,0.08819946965518402,0.0,0.25,0.25,0.0,0.75,0.75
48,Train/Low/low00385.png,23,5.18861785975014,0.08861709327605667,0.0,0.25,0.25,0.0,0.75,0.75
48,Train/Low/low00385.png,24,5.204253698742194,0.0889814841446777,0.0,0.25,0.25,0.0,0.75,0.75
48,Train/Low/low00385.png,25,5.217502346241002,0.08928974767646965,0.0,0.25,0.25,0.0,0.75,0.75
48,Train/Low/low00385.png,26,5.228275942362137,0.08954134571529371,0.0,0.25,0.25,0.0,0.75,0.75
48,Train/Low/low00385.png,27,5.236623911714866,0.08973788017097556,0.0,0.25,0.25,0.0,0.75,0.75
48,Train/Low/low00385.png,28,5.242712573630376,0.0898827722810382,0.0,0.25,0.25,0.0,0.75,0.75
48,Train/Low/low00385.png,29,5.246800653799793,0.08998090189777555,0.0,0.25,0.25,0.0,0.75,0.75
48,Train/Low/low00385.png,30,5.249213335680519,0.0900382239152061,0.0,0.25,0.25,0.0,0.75,0.75
48,Train/Low/low00385.png,31,5.250315961907663,0.09006144778904396,0.0,0.25,0.25,0.0,0.75,0.75
48,Train/Low/low00385.png,32,5.250489086155365,0.09005767561273814,0.0,0.25,0.25,0.0,0.75,0.75
48,Train/Low/low00385.png,33,5.250106983704836,0.09003411784025601,0.0,0.25,0.25,0.0,0.75,0.75
48,Train/Low/low00385.png,34,5.252124511063466,0.08997922430164453,0.25,0.25,0.5,0.0,0.75,0.75
48,Train/Low/low00385.png,35,5.253827984696235,0.08991762652781204,0.25,0.25,0.5,0.0,0.75,0.75
48,Train/Low/low00385.png,36,5.255278080992362,0.08985561707872751,0.25,0.25,0.5,0.0,0.75,0.75
48,Train/Low/low00385.png,37,5.256626206187187,0.08979844987310137,0.25,0.25,0.5,0.0,0.75,0.75
48,Train/Low/low00385.png,38,5.258010647230269,0.08975073118706901,0.25,0.25,0.5,0.0,0.75,0.75
48,Train/Low/low00385.png,39,5.259551806275196,0.08971625159464038,0.25,0.25,0.5,0.0,0.75,0.75
48,Train/Low/low00385.png,40,5.2613462582824635,0.08969780993234037,0.25,0.25,0.5,0.0,0.75,0.75
49,Train/Low/low00295.png,0,8.955651768388336,0.19954076458921283,0.5,0.5,1.0,0.0,0.0,0.0
49,Train/Low/low00295.png,1,9.049380431500026,0.20128990078594616,0.0,0.25,0.25,0.0,0.0,0.0
49,Train/Low/low00295.png,2,9.146984946912166,0.20245478524007068,0.0,0.25,0.25,0.0,0.0,0.0
49,Train/Low/low00295.png,3,9.250188540670699,0.20308579496633727,0.0,0.25,0.25,0.0,0.0,0.0
49,Train/Low/low00295.png,4,9.361092953261236,0.20325330900846336,0.0,0.25,0.25,0.0,0.0,0.0
49,Train/Low/low00295.png,5,9.481060358123349,0.20304521191935976,0.0,0.25,0.25,0.0,0.0,0.0
49,Train/Low/low00295.png,6,9.610125629609328,0.202558068871056,0.0,0.25,0.25,0.0,0.0,0.0
49,Train/Low/low00295.png,7,9.747195921970421,0.20188239173086567,0.0,0.25,0.25,0.0,0.0,0.0
49,Train/Low/low00295.png,8,9.89056025288177,0.20109300090984883,0.0,0.25,0.25,0.0,0.0,0.0
49,Train/Low/low00295.png,9,10.026907118411883,0.20044322895948805,0.0,0.5,0.5,0.0,0.0,0.0
49,Train/Low/low00295.png,10,10.115578233746227,0.2008528676366944,0.0,0.75,0.75,0.0,0.0,0.0
49,Train/Low/low00295.png,11,10.209245214643037,0.20131293544224568,0.0,0.75,0.75,0.0,0.0,0.0
49,Train/Low/low00295.png,12,10.274853649463951,0.2015108212424958,0.0,0.75,0.75,0.75,0.0,0.75
49,Train/Low/low00295.png,13,10.303841697103966,0.2014676668369288,0.0,0.75,0.75,0.75,0.0,0.75
49,Train/Low/low00295.png,14,10.33816290936888,0.20143360214146955,0.0,0.75,0.75,0.75,0.0,0.75
49,Train/Low/low00295.png,15,10.372192425503663,0.20144483487110973,0.0,0.5,0.5,0.75,0.0,0.75
49,Train/Low/low00295.png,16,10.402028881804654,0.20151885885995532,0.0,0.5,0.5,0.75,0.0,0.75
49,Train/Low/low00295.png,17,10.426629888723646,0.20164148708559534,0.0,0.5,0.5,0.75,0.0,0.75
49,Train/Low/low00295.png,18,10.445113678880649,0.2018026214297516,0.0,0.5,0.5,0.75,0.0,0.75
49,Train/Low/low00295.png,19,10.439698909241892,0.2021196406941947,0.0,0.75,0.75,0.75,0.0,0.75
49,Train/Low/low00295.png,20,10.432752574393312,0.20243734886634893,0.0,0.75,0.75,0.75,0.0,0.75
49,Train/Low/low00295.png,21,10.427191386848001,0.20272710830212734,0.0,0.75,0.75,0.75,0.0,0.75
49,Train/Low/low00295.png,22,10.424260857836556,0.20297414627601984,0.0,0.75,0.75,0.75,0.0,0.75
49,Train/Low/low00295.png,23,10.424831790930407,0.20316861163668826,0.0,0.75,0.75,0.75,0.0,0.75
49,Train/Low/low00295.png,24,10.426599594580592,0.20332692428399035,0.0,0.5,0.5,0.75,0.0,0.75
49,Train/Low/low00295.png,25,10.42896684029732,0.2034548953886848,0.0,0.5,0.5,0.75,0.0,0.75
49,Train/Low/low00295.png,26,10.432126550268308,0.20355355283912097,0.0,0.5,0.5,0.75,0.0,0.75
49,Train/Low/low00295.png,27,10.436126415997563,0.20362615010067056,0.0,0.5,0.5,0.75,0.0,0.75
49,Train/Low/low00295.png,28,10.44089073843512,0.20367805699349106,0.0,0.5,0.5,0.75,0.0,0.75
49,Train/Low/low00295.png,29,10.446238641696874,0.20371682296802354,0.0,0.5,0.5,0.75,0.0,0.75
49,Train/Low/low00295.png,30,10.451906863776316,0.20375187258245192,0.0,0.5,0.5,0.75,0.0,0.75
49,Train/Low/low00295.png,31,10.45759077715919,0.2037938875341813,0.0,0.5,0.5,0.75,0.0,0.75
49,Train/Low/low00295.png,32,10.46300197522726,0.20385358581550087,0.0,0.5,0.5,0.75,0.0,0.75
49,Train/Low/low00295.png,33,10.46793769928404,0.20394020742349672,0.0,0.5,0.5,0.75,0.0,0.75
49,Train/Low/low00295.png,34,10.472338697466537,0.20406006383572955,0.0,0.5,0.5,0.75,0.0,0.75
49,Train/Low/low00295.png,35,10.476319220789382,0.2042155136600204,0.0,0.5,0.5,0.75,0.0,0.75
49,Train/Low/low00295.png,36,10.480155317877689,0.20440465539427827,0.0,0.5,0.5,0.75,0.0,0.75
49,Train/Low/low00295.png,37,10.484245709601101,0.20462171311145103,0.0,0.5,0.5,0.75,0.0,0.75
49,Train/Low/low00295.png,38,10.489047526924502,0.20485797489727955,0.0,0.5,0.5,0.75,0.0,0.75
49,Train/Low/low00295.png,39,10.495008501064515,0.20510300990761715,0.0,0.5,0.5,0.75,0.0,0.75
49,Train/Low/low00295.png,40,10.502494601938555,0.20534600484362722,0.0,0.5,0.5,0.75,0.0,0.75
50,Train/Low/low00331.png,0,7.133195340273161,0.07523609030860257,0.0,1.0,1.0,0.0,0.0,0.0
50,Train/Low/low00331.png,1,7.033837555371666,0.07490020892144453,0.0,0.0,0.0,0.0,0.0,0.0
50,Train/Low/low00331.png,2,6.959058753423205,0.07442744159446812,0.0,0.0,0.0,0.0,0.0,0.0
50,Train/Low/low00331.png,3,6.887526272132703,0.07366690444514253,0.0,0.25,0.25,0.0,0.0,0.0
50,Train/Low/low00331.png,4,6.819034187807579,0.07261421991495601,0.0,0.25,0.25,0.0,0.0,0.0
50,Train/Low/low00331.png,5,6.757786502693839,0.07133967864116765,0.0,0.25,0.25,0.0,0.0,0.0
50,Train/Low/low00331.png,6,6.703978268392973,0.06991099936562173,0.0,0.25,0.25,0.0,0.0,0.0
50,Train/Low/low00331.png,7,6.657830154284847,0.06842271274135768,0.0,0.25,0.25,0.0,0.0,0.0
50,Train/Low/low00331.png,8,6.6195481687997395,0.06698503818111254,0.0,0.25,0.25,0.0,0.0,0.0
50,Train/Low/low00331.png,9,6.589047911710813,0.06569358022962385,0.0,0.25,0.25,0.0,0.0,0.0
50,Train/Low/low00331.png,10,6.567360576848599,0.06467310759189607,0.25,0.25,0.5,0.0,0.0,0.0
50,Train/Low/low00331.png,11,6.553664416301732,0.06396306126369698,0.25,0.25,0.5,0.0,0.0,0.0
50,Train/Low/low00331.png,12,6.555006241140385,0.06396061425387108,0.25,0.25,0.5,0.0,0.5,0.5
50,Train/Low/low00331.png,13,6.563257916194488,0.06431366889317214,0.5,0.25,0.75,0.0,0.5,0.5
50,Train/Low/low00331.png,14,6.573722768472433,0.06472769017783955,0.25,0.25,0.5,0.0,0.5,0.5
50,Train/Low/low00331.png,15,6.5860172263029355,0.06516213570515851,0.25,0.25,0.5,0.0,0.5,0.5
50,Train/Low/low00331.png,16,6.599647496277674,0.06558031250417871,0.25,0.25,0.5,0.0,0.5,0.5
50,Train/Low/low00331.png,17,6.614202500593845,0.06595805767946293,0.0,0.25,0.25,0.0,0.5,0.5
50,Train/Low/low00331.png,18,6.629480172479782,0.06629046092933462,0.0,0.25,0.25,0.0,0.5,0.5
50,Train/Low/low00331.png,19,6.644961942735321,0.06656481353527546,0.0,0.25,0.25,0.0,0.5,0.5
50,Train/Low/low00331.png,20,6.660154393963186,0.06677627287068083,0.0,0.25,0.25,0.0,0.5,0.5
50,Train/Low/low00331.png,21,6.674603398179196,0.06692548242410735,0.0,0.25,0.25,0.0,0.5,0.5
50,Train/Low/low00331.png,22,6.68792260397945,0.06701659226371762,0.0,0.25,0.25,0.0,0.5,0.5
50,Train/Low/low00331.png,23,6.699808184510944,0.06705550910112583,0.0,0.0,0.0,0.0,0.5,0.5
50,Train/Low/low00331.png,24,6.708504227114985,0.06700622999375329,0.0,0.0,0.0,0.0,0.5,0.5
50,Train/Low/low00331.png,25,6.714485217383399,0.06688695972310033,0.0,0.0,0.0,0.0,0.5,0.5
50,Train/Low/low00331.png,26,6.718513715511881,0.06672043254846984,0.0,0.0,0.0,0.0,0.5,0.5
50,Train/Low/low00331.png,27,6.721551021186823,0.06653503695551194,0.0,0.0,0.0,0.0,0.5,0.5
50,Train/Low/low00331.png,28,6.728370071425795,0.06657118310355217,0.0,0.0,0.0,0.0,0.75,0.75
50,Train/Low/low00331.png,29,6.735910701968638,0.06666061941827568,0.0,0.0,0.0,0.0,0.75,0.75
50,Train/Low/low00331.png,30,6.744620293914849,0.06675229830134052,0.25,0.0,0.25,0.0,0.75,0.75
50,Train/Low/low00331.png,31,6.7538091176507,0.0668146837425876,0.25,0.0,0.25,0.25,0.75,1.0
50,Train/Low/low00331.png,32,6.755995246876663,0.06688251667904843,0.25,0.0,0.25,0.25,0.75,1.0
50,Train/Low/low00331.png,33,6.75733201277496,0.06692192672385593,0.25,0.0,0.25,0.25,0.75,1.0
50,Train/Low/low00331.png,34,6.757470965270938,0.06692405521108542,0.25,0.0,0.25,0.25,0.75,1.0
50,Train/Low/low00331.png,35,6.756386672760799,0.06688893651515562,0.25,0.0,0.25,0.25,0.75,1.0
50,Train/Low/low00331.png,36,6.754346072753197,0.0668241555939969,0.25,0.0,0.25,0.25,0.75,1.0
50,Train/Low/low00331.png,37,6.751803860780285,0.06674248891744365,0.25,0.0,0.25,0.25,0.75,1.0
50,Train/Low/low00331.png,38,6.74928647303311,0.06665947322459163,0.25,0.0,0.25,0.25,0.75,1.0
50,Train/Low/low00331.png,39,6.747259029044175,0.06658973027189553,0.25,0.0,0.25,0.25,0.75,1.0
50,Train/Low/low00331.png,40,6.745994820549525,0.06654242759858132,0.25,0.0,0.25,0.25,0.75,1.0
51,Train/Low/low00124.png,0,5.408086898771681,0.12633441191547135,1.0,0.0,1.0,0.0,0.0,0.0
51,Train/Low/low00124.png,1,5.49140756704848,0.13800842476671107,0.25,0.0,0.25,0.0,0.0,0.0
51,Train/Low/low00124.png,2,5.562331240870584,0.1475700058758558,0.25,0.0,0.25,0.0,0.0,0.0
51,Train/Low/low00124.png,3,5.642978713204584,0.1583586782057341,0.25,0.0,0.25,0.0,0.0,0.0
51,Train/Low/low00124.png,4,5.734468850459789,0.17046961216421722,0.25,0.0,0.25,0.0,0.0,0.0
51,Train/Low/low00124.png,5,5.833385377182676,0.18332442777868718,0.25,0.0,0.25,0.0,0.0,0.0
51,Train/Low/low00124.png,6,5.93820505640608,0.19663605407358933,0.25,0.0,0.25,0.0,0.0,0.0
51,Train/Low/low00124.png,7,6.047426557733278,0.210132239017353,0.25,0.0,0.25,0.0,0.0,0.0
51,Train/Low/low00124.png,8,6.159518901081316,0.22355349788965906,0.25,0.0,0.25,0.0,0.0,0.0
51,Train/Low/low00124.png,9,6.256454279278798,0.23494633098251103,0.25,0.75,1.0,0.0,0.0,0.0
51,Train/Low/low00124.png,10,6.322395575261749,0.24292047256638516,0.25,0.75,1.0,0.0,0.0,0.0
51,Train/Low/low00124.png,11,6.388712208062602,0.25083033016657147,0.25,0.75,1.0,0.25,0.0,0.25
51,Train/Low/low00124.png,12,6.418190262547169,0.25415382469136766,0.25,0.75,1.0,0.75,0.0,0.75
51,Train/Low/low00124.png,13,6.4304031850988235,0.25576628274948426,0.25,0.75,1.0,0.75,0.0,0.75
51,Train/Low/low00124.png,14,6.44366685717515,0.25752554493746255,0.25,0.75,1.0,0.75,0.0,0.75
51,Train/Low/low00124.png,15,6.457813006701888,0.2594098046966983,0.25,0.75,1.0,0.75,0.0,0.75
51,Train/Low/low00124.png,16,6.472766236274056,0.2614087761132137,0.25,0.75,1.0,0.75,0.0,0.75
51,Train/Low/low00124.png,17,6.488446409334915,0.2635106947711296,0.25,0.75,1.0,0.75,0.0,0.75
51,Train/Low/low00124.png,18,6.503482456077312,0.26552945088278046,0.25,0.75,1.0,1.0,0.0,1.0
51,Train/Low/low00124.png,19,6.503482456077312,0.26552945088278046,0.25,0.75,1.0,1.0,0.0,1.0
51,Train/Low/low00124.png,20,6.503482456077312,0.26552945088278046,0.25,0.75,1.0,1.0,0.0,1.0
51,Train/Low/low00124.png,21,6.503482456077312,0.26552945088278046,0.25,0.75,1.0,1.0,0.0,1.0
51,Train/Low/low00124.png,22,6.503482456077312,0.26552945088278046,0.25,0.75,1.0,1.0,0.0,1.0
51,Train/Low/low00124.png,23,6.503482456077312,0.26552945088278046,0.25,0.75,1.0,1.0,0.0,1.0
51,Train/Low/low00124.png,24,6.503482456077312,0.26552945088278046,0.25,0.75,1.0,1.0,0.0,1.0
51,Train/Low/low00124.png,25,6.503482456077312,0.26552945088278046,0.25,0.75,1.0,1.0,0.0,1.0
51,Train/Low/low00124.png,26,6.503482456077312,0.26552945088278046,0.25,0.75,1.0,1.0,0.0,1.0
51,Train/Low/low00124.png,27,6.503482456077312,0.26552945088278046,0.25,0.75,1.0,1.0,0.0,1.0
51,Train/Low/low00124.png,28,6.503482456077312,0.26552945088278046,0.25,0.75,1.0,1.0,0.0,1.0
51,Train/Low/low00124.png,29,6.503482456077312,0.26552945088278046,0.25,0.75,1.0,1.0,0.0,1.0
51,Train/Low/low00124.png,30,6.503482456077312,0.26552945088278046,0.25,0.75,1.0,1.0,0.0,1.0
51,Train/Low/low00124.png,31,6.503482456077312,0.26552945088278046,0.25,0.75,1.0,1.0,0.0,1.0
51,Train/Low/low00124.png,32,6.503482456077312,0.26552945088278046,0.25,0.75,1.0,1.0,0.0,1.0
51,Train/Low/low00124.png,33,6.503482456077312,0.26552945088278046,0.25,0.75,1.0,1.0,0.0,1.0
51,Train/Low/low00124.png,34,6.503482456077312,0.26552945088278046,0.25,0.75,1.0,1.0,0.0,1.0
51,Train/Low/low00124.png,35,6.503482456077312,0.26552945088278046,0.25,0.75,1.0,1.0,0.0,1.0
51,Train/Low/low00124.png,36,6.503482456077312,0.26552945088278046,0.25,0.75,1.0,1.0,0.0,1.0
51,Train/Low/low00124.png,37,6.503482456077312,0.26552945088278046,0.25,0.75,1.0,1.0,0.0,1.0
51,Train/Low/low00124.png,38,6.503482456077312,0.26552945088278046,0.25,0.75,1.0,1.0,0.0,1.0
51,Train/Low/low00124.png,39,6.503482456077312,0.26552945088278046,0.25,0.75,1.0,1.0,0.0,1.0
51,Train/Low/low00124.png,40,6.503482456077312,0.26552945088278046,0.25,0.75,1.0,1.0,0.0,1.0
52,Train/Low/low00196.png,0,7.067426223057369,0.11633881001250752,1.0,0.0,1.0,0.0,0.0,0.0
52,Train/Low/low00196.png,1,7.1492098594838485,0.12893523169935941,0.0,0.0,0.0,0.0,0.0,0.0
52,Train/Low/low00196.png,2,7.237756573383152,0.14228788907810877,0.0,0.0,0.0,0.0,0.0,0.0
52,Train/Low/low00196.png,3,7.333018129723755,0.15630429826879372,0.0,0.0,0.0,0.0,0.0,0.0
52,Train/Low/low00196.png,4,7.434940760884223,0.17088304986382502,0.0,0.0,0.0,0.0,0.0,0.0
52,Train/Low/low00196.png,5,7.543490652586376,0.18591297835701007,0.0,0.0,0.0,0.0,0.0,0.0
52,Train/Low/low00196.png,6,7.658690597371658,0.20128025589069715,0.0,0.0,0.0,0.0,0.0,0.0
52,Train/Low/low00196.png,7,7.7804926428547425,0.21686345836374396,0.0,0.0,0.0,0.0,0.0,0.0
52,Train/Low/low00196.png,8,7.908635743634962,0.23252653910505042,0.0,0.0,0.0,0.0,0.0,0.0
52,Train/Low/low00196.png,9,8.031410334025429,0.24699727575141495,0.0,0.5,0.5,0.0,0.0,0.0
52,Train/Low/low00196.png,10,8.114705259807192,0.2569227058698216,0.0,1.0,1.0,0.0,0.0,0.0
52,Train/Low/low00196.png,11,8.199079770390055,0.2667112864668468,0.0,1.0,1.0,0.0,0.0,0.0
52,Train/Low/low00196.png,12,8.217538529673957,0.2690998379301593,0.0,1.0,1.0,1.0,0.0,1.0
52,Train/Low/low00196.png,13,8.217538529673957,0.2690998379301593,0.0,1.0,1.0,1.0,0.0,1.0
52,Train/Low/low00196.png,14,8.217538529673957,0.2690998379301593,0.0,1.0,1.0,1.0,0.0,1.0
52,Train/Low/low00196.png,15,8.217538529673957,0.2690998379301593,0.0,1.0,1.0,1.0,0.0,1.0
52,Train/Low/low00196.png,16,8.217538529673957,0.2690998379301593,0.0,1.0,1.0,1.0,0.0,1.0
52,Train/Low/low00196.png,17,8.217538529673957,0.2690998379301593,0.0,1.0,1.0,1.0,0.0,1.0
52,Train/Low/low00196.png,18,8.217538529673957,0.2690998379301593,0.0,1.0,1.0,1.0,0.0,1.0
52,Train/Low/low00196.png,19,8.217538529673957,0.2690998379301593,0.0,1.0,1.0,1.0,0.0,1.0
52,Train/Low/low00196.png,20,8.217538529673957,0.2690998379301593,0.0,1.0,1.0,1.0,0.0,1.0
52,Train/Low/low00196.png,21,8.217538529673957,0.2690998379301593,0.0,1.0,1.0,1.0,0.0,1.0
52,Train/Low/low00196.png,22,8.217488796096855,0.2690957259067868,0.0,0.75,0.75,1.0,0.0,1.0
52,Train/Low/low00196.png,23,8.21674522628917,0.2690342189942298,0.0,0.75,0.75,1.0,0.0,1.0
52,Train/Low/low00196.png,24,8.215408636462598,0.2689234560939542,0.0,0.75,0.75,1.0,0.0,1.0
52,Train/Low/low00196.png,25,8.213606423391319,0.26877370056088234,0.0,0.75,0.75,1.0,0.0,1.0
52,Train/Low/low00196.png,26,8.211483558371778,0.2685967023498673,0.0,0.75,0.75,1.0,0.0,1.0
52,Train/Low/low00196.png,27,8.209192877878738,0.26840497869894714,0.0,0.75,0.75,1.0,0.0,1.0
52,Train/Low/low00196.png,28,8.206886674208878,0.26821119887159195,0.0,0.75,0.75,1.0,0.0,1.0
52,Train/Low/low00196.png,29,8.204706941805657,0.2680273393806564,0.0,0.75,0.75,1.0,0.0,1.0
52,Train/Low/low00196.png,30,8.202778490733765,0.26786410972901004,0.0,0.75,0.75,1.0,0.0,1.0
52,Train/Low/low00196.png,31,8.201201508261542,0.2677302353308568,0.0,0.75,0.75,1.0,0.0,1.0
52,Train/Low/low00196.png,32,8.200047538024132,0.2676320480765634,0.0,0.75,0.75,1.0,0.0,1.0
52,Train/Low/low00196.png,33,8.199356669238044,0.26757317450101503,0.0,0.75,0.75,1.0,0.0,1.0
52,Train/Low/low00196.png,34,8.199136226199444,0.2675543751344008,0.0,0.75,0.75,1.0,0.0,1.0
52,Train/Low/low00196.png,35,8.199363265409382,0.2675737343879594,0.0,0.75,0.75,1.0,0.0,1.0
52,Train/Low/low00196.png,36,8.199987479523037,0.2676269301736401,0.0,0.75,0.75,1.0,0.0,1.0
52,Train/Low/low00196.png,37,8.200935958660882,0.2677076593967385,0.0,0.75,0.75,1.0,0.0,1.0
52,Train/Low/low00196.png,38,8.20211901590579,0.26780816784965983,0.0,0.75,0.75,1.0,0.0,1.0
52,Train/Low/low00196.png,39,8.203437652806587,0.26791995919239575,0.0,0.75,0.75,1.0,0.0,1.0
52,Train/Low/low00196.png,40,8.204789734047313,0.26803433150227124,0.0,0.75,0.75,1.0,0.0,1.0
53,Train/Low/low00627.png,0,6.234624873626492,0.1774012643198329,1.0,0.0,1.0,0.0,0.0,0.0
53,Train/Low/low00627.png,1,6.36721681339147,0.1949302755466234,0.0,0.0,0.0,0.0,0.0,0.0
53,Train/Low/low00627.png,2,6.509724298419454,0.2134381273456992,0.0,0.0,0.0,0.0,0.0,0.0
53,Train/Low/low00627.png,3,6.662399115620046,0.23284111231121937,0.0,0.0,0.0,0.0,0.0,0.0
53,Train/Low/low00627.png,4,6.825518697553418,0.2530418212604485,0.0,0.0,0.0,0.0,0.0,0.0
53,Train/Low/low00627.png,5,6.9993314869109655,0.2739223964995309,0.0,0.0,0.0,0.0,0.0,0.0
53,Train/Low/low00627.png,6,7.183991037118479,0.29533883295923113,0.0,0.0,0.0,0.0,0.0,0.0
53,Train/Low/low00627.png,7,7.379544108498597,0.31712470469131354,0.0,0.0,0.0,0.0,0.0,0.0
53,Train/Low/low00627.png,8,7.585827045172715,0.3390854838221849,0.0,0.0,0.0,0.0,0.0,0.0
53,Train/Low/low00627.png,9,7.745771942355271,0.355806040239409,0.0,1.0,1.0,0.0,0.0,0.0
53,Train/Low/low00627.png,10,7.856359269293396,0.3675917057250999,0.0,1.0,1.0,0.0,0.0,0.0
53,Train/Low/low00627.png,11,7.967060719949877,0.37910114384718474,0.0,1.0,1.0,0.25,0.0,0.25
53,Train/Low/low00627.png,12,7.975821460344848,0.38001657818976586,0.0,1.0,1.0,1.0,0.0,1.0
53,Train/Low/low00627.png,13,7.975821460344848,0.38001657818976586,0.0,1.0,1.0,1.0,0.0,1.0
53,Train/Low/low00627.png,14,7.975821460344848,0.38001657818976586,0.0,1.0,1.0,1.0,0.0,1.0
53,Train/Low/low00627.png,15,7.975821460344848,0.38001657818976586,0.0,1.0,1.0,1.0,0.0,1.0
53,Train/Low/low00627.png,16,7.975821460344848,0.38001657818976586,0.0,1.0,1.0,1.0,0.0,1.0
53,Train/Low/low00627.png,17,7.975821460344848,0.38001657818976586,0.0,1.0,1.0,1.0,0.0,1.0
53,Train/Low/low00627.png,18,7.975821460344848,0.38001657818976586,0.0,1.0,1.0,1.0,0.0,1.0
53,Train/Low/low00627.png,19,7.975821460344848,0.38001657818976586,0.0,1.0,1.0,1.0,0.0,1.0
53,Train/Low/low00627.png,20,7.975821460344848,0.38001657818976586,0.0,1.0,1.0,1.0,0.0,1.0
53,Train/Low/low00627.png,21,7.975821460344848,0.38001657818976586,0.0,1.0,1.0,1.0,0.0,1.0
53,Train/Low/low00627.png,22,7.975821460344848,0.38001657818976586,0.0,1.0,1.0,1.0,0.0,1.0
53,Train/Low/low00627.png,23,7.975821460344848,0.38001657818976586,0.0,1.0,1.0,1.0,0.0,1.0
53,Train/Low/low00627.png,24,7.975821460344848,0.38001657818976586,0.0,1.0,1.0,1.0,0.0,1.0
53,Train/Low/low00627.png,25,7.975821460344848,0.38001657818976586,0.0,1.0,1.0,1.0,0.0,1.0
53,Train/Low/low00627.png,26,7.975821460344848,0.38001657818976586,0.0,1.0,1.0,1.0,0.0,1.0
53,Train/Low/low00627.png,27,7.975821460344848,0.38001657818976586,0.0,1.0,1.0,1.0,0.0,1.0
53,Train/Low/low00627.png,28,7.975821460344848,0.38001657818976586,0.0,1.0,1.0,1.0,0.0,1.0
53,Train/Low/low00627.png,29,7.975821460344848,0.38001657818976586,0.0,1.0,1.0,1.0,0.0,1.0
53,Train/Low/low00627.png,30,7.975821460344848,0.38001657818976586,0.0,1.0,1.0,1.0,0.0,1.0
53,Train/Low/low00627.png,31,7.975821460344848,0.38001657818976586,0.0,1.0,1.0,1.0,0.0,1.0
53,Train/Low/low00627.png,32,7.975821460344848,0.38001657818976586,0.0,1.0,1.0,1.0,0.0,1.0
53,Train/Low/low00627.png,33,7.975821460344848,0.38001657818976586,0.0,1.0,1.0,1.0,0.0,1.0
53,Train/Low/low00627.png,34,7.975821460344848,0.38001657818976586,0.0,1.0,1.0,1.0,0.0,1.0
53,Train/Low/low00627.png,35,7.975821460344848,0.38001657818976586,0.0,1.0,1.0,1.0,0.0,1.0
53,Train/Low/low00627.png,36,7.975821460344848,0.38001657818976586,0.0,1.0,1.0,1.0,0.0,1.0
53,Train/Low/low00627.png,37,7.975821460344848,0.38001657818976586,0.0,1.0,1.0,1.0,0.0,1.0
53,Train/Low/low00627.png,38,7.975821460344848,0.38001657818976586,0.0,1.0,1.0,1.0,0.0,1.0
53,Train/Low/low00627.png,39,7.975821460344848,0.38001657818976586,0.0,1.0,1.0,1.0,0.0,1.0
53,Train/Low/low00627.png,40,7.975821460344848,0.38001657818976586,0.0,1.0,1.0,1.0,0.0,1.0
54,Train/Low/low00057.png,0,6.015776270274413,0.16634070285478803,1.0,0.0,1.0,0.0,0.0,0.0
54,Train/Low/low00057.png,1,6.146060236020693,0.1846114812973888,0.0,0.0,0.0,0.0,0.0,0.0
54,Train/Low/low00057.png,2,6.285487673841292,0.20404285422224896,0.0,0.0,0.0,0.0,0.0,0.0
54,Train/Low/low00057.png,3,6.434388866245286,0.22457904549162405,0.0,0.0,0.0,0.0,0.0,0.0
54,Train/Low/low00057.png,4,6.592815793426935,0.24610815742064968,0.0,0.0,0.0,0.0,0.0,0.0
54,Train/Low/low00057.png,5,6.760240995006381,0.2684281041748827,0.0,0.0,0.0,0.0,0.0,0.0
54,Train/Low/low00057.png,6,6.936333741168246,0.29135948753525576,0.0,0.0,0.0,0.0,0.0,0.0
54,Train/Low/low00057.png,7,7.12039744343758,0.31467746974979405,0.0,0.0,0.0,0.0,0.0,0.0
54,Train/Low/low00057.png,8,7.311031449510875,0.33808089634289096,0.0,0.0,0.0,0.0,0.0,0.0
54,Train/Low/low00057.png,9,7.4754276034559535,0.3574270185282441,0.0,0.75,0.75,0.0,0.0,0.0
54,Train/Low/low00057.png,10,7.58004057718333,0.36966821177239795,0.0,1.0,1.0,0.0,0.0,0.0
54,Train/Low/low00057.png,11,7.680137700159417,0.3812424283011103,0.0,1.0,1.0,0.0,0.0,0.0
54,Train/Low/low00057.png,12,7.7210035447047,0.3855682023880924,0.0,1.0,1.0,1.0,0.0,1.0
54,Train/Low/low00057.png,13,7.7210035447047,0.3855682023880924,0.0,1.0,1.0,1.0,0.0,1.0
54,Train/Low/low00057.png,14,7.7210035447047,0.3855682023880924,0.0,1.0,1.0,1.0,0.0,1.0
54,Train/Low/low00057.png,15,7.7210035447047,0.3855682023880924,0.0,1.0,1.0,1.0,0.0,1.0
54,Train/Low/low00057.png,16,7.7210035447047,0.3855682023880924,0.0,1.0,1.0,1.0,0.0,1.0
54,Train/Low/low00057.png,17,7.7210035447047,0.3855682023880924,0.0,1.0,1.0,1.0,0.0,1.0
54,Train/Low/low00057.png,18,7.7210035447047,0.3855682023880924,0.0,1.0,1.0,1.0,0.0,1.0
54,Train/Low/low00057.png,19,7.7209324031100675,0.38556181678675544,0.0,0.75,0.75,1.0,0.0,1.0
54,Train/Low/low00057.png,20,7.719178748007982,0.3854043038225994,0.0,0.75,0.75,1.0,0.0,1.0
54,Train/Low/low00057.png,21,7.715945097580324,0.3851132606430866,0.0,0.75,0.75,1.0,0.0,1.0
54,Train/Low/low00057.png,22,7.711460216362063,0.38470832699932206,0.0,0.75,0.75,1.0,0.0,1.0
54,Train/Low/low00057.png,23,7.705971851362765,0.38421079095993416,0.0,0.75,0.75,1.0,0.0,1.0
54,Train/Low/low00057.png,24,7.699738534248902,0.38364308407375985,0.0,0.75,0.75,1.0,0.0,1.0
54,Train/Low/low00057.png,25,7.6930224734737145,0.3830283177746943,0.0,0.75,0.75,1.0,0.0,1.0
54,Train/Low/low00057.png,26,7.68608310167987,0.3823898017593137,0.0,0.75,0.75,1.0,0.0,1.0
54,Train/Low/low00057.png,27,7.679169469218933,0.38175038257260496,0.0,0.75,0.75,1.0,0.0,1.0
54,Train/Low/low00057.png,28,7.672514071175527,0.38113183686488744,0.0,0.75,0.75,1.0,0.0,1.0
54,Train/Low/low00057.png,29,7.666325884750189,0.3805541320963259,0.0,0.75,0.75,1.0,0.0,1.0
54,Train/Low/low00057.png,30,7.6607849874352,0.3800348009985255,0.0,0.75,0.75,1.0,0.0,1.0
54,Train/Low/low00057.png,31,7.65603723899809,0.3795883025813724,0.0,0.75,0.75,1.0,0.0,1.0
54,Train/Low/low00057.png,32,7.652190801142105,0.37922557194577344,0.0,0.75,0.75,1.0,0.0,1.0
54,Train/Low/low00057.png,33,7.6493141375937626,0.3789537228561259,0.0,0.75,0.75,1.0,0.0,1.0
54,Train/Low/low00057.png,34,7.647436331072134,0.37877600759058655,0.0,0.75,0.75,1.0,0.0,1.0
54,Train/Low/low00057.png,35,7.6465472892939745,0.3786917977442406,0.0,0.75,0.75,1.0,0.0,1.0
54,Train/Low/low00057.png,36,7.6466013815831495,0.3786969230533221,0.0,0.75,0.75,1.0,0.0,1.0
54,Train/Low/low00057.png,37,7.64752115840563,0.37878404033766283,0.0,0.75,0.75,1.0,0.0,1.0
54,Train/Low/low00057.png,38,7.649201930505508,0.37894310949467586,0.0,0.75,0.75,1.0,0.0,1.0
54,Train/Low/low00057.png,39,7.651517212379916,0.3791619598582167,0.0,0.75,0.75,1.0,0.0,1.0
54,Train/Low/low00057.png,40,7.654324866421708,0.37942692937494166,0.0,0.75,0.75,1.0,0.0,1.0
55,Train/Low/low00165.png,0,6.890402239795445,0.07801657946198715,1.0,0.0,1.0,0.0,0.0,0.0
55,Train/Low/low00165.png,1,6.920563092185885,0.08327043840784111,0.25,0.0,0.25,0.0,0.0,0.0
55,Train/Low/low00165.png,2,6.959930397104874,0.08962296024039465,0.25,0.0,0.25,0.0,0.0,0.0
55,Train/Low/low00165.png,3,7.01955665933481,0.09801554843746772,0.0,0.0,0.0,0.0,0.0,0.0
55,Train/Low/low00165.png,4,7.090585247594183,0.10762467204707168,0.0,0.0,0.0,0.0,0.0,0.0
55,Train/Low/low00165.png,5,7.167262617911216,0.11790201358622099,0.0,0.0,0.0,0.0,0.0,0.0
55,Train/Low/low00165.png,6,7.243330015917047,0.12824593693073205,0.0,0.0,0.0,0.0,0.0,0.0
55,Train/Low/low00165.png,7,7.3165076354624325,0.13840764674365094,0.0,0.0,0.0,0.0,0.0,0.0
55,Train/Low/low00165.png,8,7.3879027841733205,0.1484356642668685,0.0,0.0,0.0,0.0,0.0,0.0
55,Train/Low/low00165.png,9,7.445705802430512,0.15675700053405003,0.0,0.75,0.75,0.0,0.0,0.0
55,Train/Low/low00165.png,10,7.487698103839326,0.16305703229735136,0.0,0.75,0.75,0.0,0.0,0.0
55,Train/Low/low00165.png,11,7.530663616820263,0.16939217286852257,0.0,0.75,0.75,0.0,0.0,0.0
55,Train/Low/low00165.png,12,7.5352238935366165,0.17004991546546633,0.0,0.75,0.75,0.75,0.0,0.75
55,Train/Low/low00165.png,13,7.534981174452669,0.17001767239980944,0.0,0.75,0.75,0.75,0.0,0.75
55,Train/Low/low00165.png,14,7.534500227805193,0.16996467661914716,0.0,0.75,0.75,0.75,0.0,0.75
55,Train/Low/low00165.png,15,7.533374291079866,0.169858569030853,0.0,0.75,0.75,0.75,0.0,0.75
55,Train/Low/low00165.png,16,7.5312629764767705,0.16967256584153648,0.0,0.75,0.75,0.75,0.0,0.75
55,Train/Low/low00165.png,17,7.528078886678829,0.16940076854779998,0.0,0.75,0.75,0.75,0.0,0.75
55,Train/Low/low00165.png,18,7.524164837791045,0.16907238066883082,0.0,0.75,0.75,0.75,0.0,0.75
55,Train/Low/low00165.png,19,7.520274840363365,0.16874956053310314,0.0,0.75,0.75,0.75,0.0,0.75
55,Train/Low/low00165.png,20,7.5173070152865495,0.16850520122922819,0.0,0.75,0.75,0.75,0.0,0.75
55,Train/Low/low00165.png,21,7.515931349579167,0.16839290886883054,0.0,0.75,0.75,0.75,0.0,0.75
55,Train/Low/low00165.png,22,7.516337705200943,0.16842735888487004,0.0,0.75,0.75,0.75,0.0,0.75
55,Train/Low/low00165.png,23,7.518244196416504,0.16858547026907544,0.0,0.75,0.75,0.75,0.0,0.75
55,Train/Low/low00165.png,24,7.5210619357210895,0.1688195237118331,0.0,0.75,0.75,0.75,0.0,0.75
55,Train/Low/low00165.png,25,7.524111167967868,0.16907417849949233,0.0,0.75,0.75,0.75,0.0,0.75
55,Train/Low/low00165.png,26,7.5268075700039105,0.169301338750977,0.0,0.75,0.75,0.75,0.0,0.75
55,Train/Low/low00165.png,27,7.52878387352088,0.16947022566128508,0.0,0.75,0.75,0.75,0.0,0.75
55,Train/Low/low00165.png,28,7.529929806745339,0.1695709765740146,0.0,0.75,0.75,0.75,0.0,0.75
55,Train/Low/low00165.png,29,7.530357660923092,0.1696120923585049,0.0,0.75,0.75,0.75,0.0,0.75
55,Train/Low/low00165.png,30,7.530324782604118,0.16961416617187144,0.0,0.75,0.75,0.75,0.0,0.75
55,Train/Low/low00165.png,31,7.530127590646903,0.16960118128512336,0.0,0.75,0.75,0.75,0.0,0.75
55,Train/Low/low00165.png,32,7.52999754462897,0.16959196017969524,0.0,0.75,0.75,0.75,0.0,0.75
55,Train/Low/low00165.png,33,7.530034839002169,0.16959473606534517,0.0,0.75,0.75,0.75,0.0,0.75
55,Train/Low/low00165.png,34,7.530194468436562,0.16960599012534328,0.0,0.75,0.75,0.75,0.0,0.75
55,Train/Low/low00165.png,35,7.530324638342708,0.16961357726319892,0.0,0.75,0.75,0.75,0.0,0.75
55,Train/Low/low00165.png,36,7.5302304110914395,0.1696018927329231,0.0,0.75,0.75,0.75,0.0,0.75
55,Train/Low/low00165.png,37,7.529742191255739,0.16955746165042535,0.0,0.75,0.75,0.75,0.0,0.75
55,Train/Low/low00165.png,38,7.528780704499683,0.16947424913906742,0.0,0.75,0.75,0.75,0.0,0.75
55,Train/Low/low00165.png,39,7.5274073592756965,0.16935774311382046,0.0,0.75,0.75,0.75,0.0,0.75
55,Train/Low/low00165.png,40,7.525829145778471,0.16922526074379565,0.0,0.75,0.75,0.75,0.0,0.75
56,Train/Low/low00364.png,0,10.590792037519243,0.21869299204793577,0.0,1.0,1.0,0.0,0.0,0.0
56,Train/Low/low00364.png,1,10.292652654346117,0.21853307915926712,0.0,0.0,0.0,0.0,0.0,0.0
56,Train/Low/low00364.png,2,10.017751449070872,0.21741650420133155,0.0,0.0,0.0,0.0,0.0,0.0
56,Train/Low/low00364.png,3,9.767453059285456,0.21533064526396872,0.0,0.0,0.0,0.0,0.0,0.0
56,Train/Low/low00364.png,4,9.543112757349473,0.21234453093148348,0.0,0.0,0.0,0.0,0.0,0.0
56,Train/Low/low00364.png,5,9.345827496673628,0.20861911177729012,0.0,0.0,0.0,0.0,0.0,0.0
56,Train/Low/low00364.png,6,9.176281768953327,0.20441201393911568,0.0,0.0,0.0,0.0,0.0,0.0
56,Train/Low/low00364.png,7,9.03347966760126,0.20001693893260353,0.0,0.0,0.0,0.0,0.0,0.0
56,Train/Low/low00364.png,8,8.916077363384872,0.1957243223534322,0.0,0.0,0.0,0.0,0.0,0.0
56,Train/Low/low00364.png,9,8.822432847268857,0.1917712200879767,0.0,0.0,0.0,0.0,0.0,0.0
56,Train/Low/low00364.png,10,8.763383253649824,0.18859961086395463,0.25,0.0,0.25,0.0,0.0,0.0
56,Train/Low/low00364.png,11,8.72689705894135,0.1861547776230721,0.25,0.0,0.25,0.0,0.0,0.0
56,Train/Low/low00364.png,12,8.714261132870641,0.18483103439500737,0.25,0.0,0.25,0.0,0.25,0.25
56,Train/Low/low00364.png,13,8.720040162221327,0.1843945331204662,0.25,0.0,0.25,0.0,0.5,0.5
56,Train/Low/low00364.png,14,8.747635117166052,0.18517922800615755,0.25,0.0,0.25,0.0,0.75,0.75
56,Train/Low/low00364.png,15,8.782297424555408,0.18652800526374028,0.25,0.0,0.25,0.0,0.75,0.75
56,Train/Low/low00364.png,16,8.819616343286116,0.18790015382348818,0.25,0.0,0.25,0.0,0.75,0.75
56,Train/Low/low00364.png,17,8.857239929729198,0.1892154349001563,0.25,0.0,0.25,0.0,0.75,0.75
56,Train/Low/low00364.png,18,8.892957925041868,0.19041420988788146,0.25,0.0,0.25,0.0,0.75,0.75
56,Train/Low/low00364.png,19,8.924936544688153,0.19145934516990307,0.25,0.0,0.25,0.0,0.75,0.75
56,Train/Low/low00364.png,20,8.94793392215288,0.19224715613029467,0.25,0.25,0.5,0.0,0.75,0.75
56,Train/Low/low00364.png,21,8.968779546693963,0.1929419077896446,0.25,0.25,0.5,0.0,0.75,0.75
56,Train/Low/low00364.png,22,8.984738888421955,0.1934927757888643,0.25,0.0,0.25,0.0,0.75,0.75
56,Train/Low/low00364.png,23,8.995511801484007,0.19389905560013113,0.25,0.0,0.25,0.0,0.75,0.75
56,Train/Low/low00364.png,24,9.001766341767578,0.1941763270044308,0.25,0.0,0.25,0.0,0.75,0.75
56,Train/Low/low00364.png,25,9.00439516300956,0.19434138953710345,0.25,0.0,0.25,0.0,0.75,0.75
56,Train/Low/low00364.png,26,9.004429632733585,0.1944126976149048,0.25,0.0,0.25,0.0,0.75,0.75
56,Train/Low/low00364.png,27,9.002974118656702,0.1944117032214728,0.25,0.0,0.25,0.0,0.75,0.75
56,Train/Low/low00364.png,28,9.001157012890763,0.1943642858958984,0.25,0.0,0.25,0.0,0.75,0.75
56,Train/Low/low00364.png,29,9.000090578544402,0.19430135268352694,0.25,0.0,0.25,0.0,0.75,0.75
56,Train/Low/low00364.png,30,9.000826203902063,0.19425789607679705,0.25,0.0,0.25,0.0,0.75,0.75
56,Train/Low/low00364.png,31,9.004285934821157,0.19426973870479858,0.25,0.0,0.25,0.0,0.75,0.75
56,Train/Low/low00364.png,32,9.011184343386667,0.1943689548966064,0.25,0.0,0.25,0.0,0.75,0.75
56,Train/Low/low00364.png,33,9.02197307091032,0.1945793499157036,0.25,0.0,0.25,0.0,0.75,0.75
56,Train/Low/low00364.png,34,9.03682832669571,0.1949137103981698,0.25,0.0,0.25,0.0,0.75,0.75
56,Train/Low/low00364.png,35,9.055664829753976,0.19537272458495406,0.25,0.0,0.25,0.0,0.75,0.75
56,Train/Low/low00364.png,36,9.07815856142211,0.19594566084313894,0.25,0.0,0.25,0.0,0.75,0.75
56,Train/Low/low00364.png,37,9.103769913700221,0.19661204088919235,0.25,0.0,0.25,0.0,0.75,0.75
56,Train/Low/low00364.png,38,9.13177128966735,0.19734420370179684,0.25,0.0,0.25,0.0,0.75,0.75
56,Train/Low/low00364.png,39,9.161278941559168,0.19811022000237524,0.25,0.0,0.25,0.0,0.75,0.75
56,Train/Low/low00364.png,40,9.191304985970959,0.1988769821509764,0.25,0.0,0.25,0.0,0.75,0.75
57,Train/Low/low00406.png,0,7.39520778985903,0.11784358152080769,0.0,1.0,1.0,0.0,0.0,0.0
57,Train/Low/low00406.png,1,7.285447417181382,0.1170808573536544,0.0,0.25,0.25,0.0,0.0,0.0
57,Train/Low/low00406.png,2,7.182931418211796,0.1158803056661185,0.0,0.25,0.25,0.0,0.0,0.0
57,Train/Low/low00406.png,3,7.089679856764787,0.11425458624802333,0.0,0.25,0.25,0.0,0.0,0.0
57,Train/Low/low00406.png,4,7.009033009113486,0.11229043652311917,0.0,0.25,0.25,0.0,0.0,0.0
57,Train/Low/low00406.png,5,6.944529835951312,0.11015302142970425,0.0,0.25,0.25,0.0,0.0,0.0
57,Train/Low/low00406.png,6,6.89713979129793,0.10800513654412872,0.0,0.25,0.25,0.0,0.0,0.0
57,Train/Low/low00406.png,7,6.864947118959944,0.10594929273694874,0.0,0.25,0.25,0.0,0.0,0.0
57,Train/Low/low00406.png,8,6.845506351802969,0.10407757328066992,0.0,0.25,0.25,0.0,0.0,0.0
57,Train/Low/low00406.png,9,6.836992391922343,0.10250779800719231,0.0,0.25,0.25,0.0,0.0,0.0
57,Train/Low/low00406.png,10,6.837860523533711,0.10134761805546606,0.0,0.25,0.25,0.0,0.0,0.0
57,Train/Low/low00406.png,11,6.846305511187472,0.10063506493537326,0.0,0.25,0.25,0.0,0.0,0.0
57,Train/Low/low00406.png,12,6.861929834611066,0.10051039882225883,0.0,0.25,0.25,0.0,0.25,0.25
57,Train/Low/low00406.png,13,6.884638234115447,0.101107951341748,0.0,0.25,0.25,0.0,0.25,0.25
57,Train/Low/low00406.png,14,6.908300432658409,0.10189707053788974,0.0,0.25,0.25,0.0,0.25,0.25
57,Train/Low/low00406.png,15,6.931285343691849,0.102796839723694,0.0,0.25,0.25,0.0,0.25,0.25
57,Train/Low/low00406.png,16,6.952343729496092,0.10373523471981654,0.0,0.25,0.25,0.0,0.25,0.25
57,Train/Low/low00406.png,17,6.970615319425305,0.10464787989025234,0.0,0.25,0.25,0.0,0.25,0.25
57,Train/Low/low00406.png,18,6.985584013535579,0.1054793031652234,0.0,0.25,0.25,0.0,0.25,0.25
57,Train/Low/low00406.png,19,6.9970263881395445,0.10618676932382985,0.0,0.25,0.25,0.0,0.25,0.25
57,Train/Low/low00406.png,20,7.00496738958103,0.10674307819601472,0.0,0.25,0.25,0.0,0.25,0.25
57,Train/Low/low00406.png,21,7.009639436065992,0.10713616446448433,0.0,0.25,0.25,0.0,0.25,0.25
57,Train/Low/low00406.png,22,7.011437897699433,0.10736574554705369,0.0,0.25,0.25,0.0,0.25,0.25
57,Train/Low/low00406.png,23,7.010876341374556,0.10743940055876956,0.0,0.25,0.25,0.0,0.25,0.25
57,Train/Low/low00406.png,24,7.008541126616942,0.10736935188494354,0.0,0.25,0.25,0.0,0.25,0.25
57,Train/Low/low00406.png,25,7.0050485450163364,0.10717097335450403,0.0,0.25,0.25,0.0,0.25,0.25
57,Train/Low/low00406.png,26,7.001003505397793,0.1068625047217173,0.0,0.25,0.25,0.0,0.25,0.25
57,Train/Low/low00406.png,27,6.996966025148957,0.10646559445161492,0.0,0.25,0.25,0.0,0.25,0.25
57,Train/Low/low00406.png,28,6.993428381547364,0.10600589657055347,0.0,0.25,0.25,0.0,0.25,0.25
57,Train/Low/low00406.png,29,6.99080820382915,0.10551323291355628,0.0,0.25,0.25,0.0,0.25,0.25
57,Train/Low/low00406.png,30,6.989449952699765,0.10502056919822672,0.0,0.25,0.25,0.0,0.25,0.25
57,Train/Low/low00406.png,31,6.989627910618081,0.10456157750083342,0.0,0.25,0.25,0.0,0.25,0.25
57,Train/Low/low00406.png,32,6.994807515605367,0.10449680482391074,0.0,0.25,0.25,0.0,0.5,0.5
57,Train/Low/low00406.png,33,7.001775451664215,0.10450524938913633,0.0,0.25,0.25,0.0,0.5,0.5
57,Train/Low/low00406.png,34,7.010090651856754,0.10453963266392352,0.0,0.25,0.25,0.0,0.5,0.5
57,Train/Low/low00406.png,35,7.019723837826637,0.10460083677264335,0.0,0.25,0.25,0.0,0.5,0.5
57,Train/Low/low00406.png,36,7.030561535477551,0.10468932603144418,0.0,0.25,0.25,0.0,0.5,0.5
57,Train/Low/low00406.png,37,7.0424072625517855,0.10480467199030574,0.0,0.25,0.25,0.0,0.5,0.5
57,Train/Low/low00406.png,38,7.054995780439875,0.10494495461756966,0.0,0.25,0.25,0.0,0.5,0.5
57,Train/Low/low00406.png,39,7.068017591773596,0.10510654769223889,0.0,0.25,0.25,0.0,0.5,0.5
57,Train/Low/low00406.png,40,7.081148671908791,0.105284308022996,0.0,0.25,0.25,0.0,0.5,0.5
58,Train/Low/low00586.png,0,7.274223336897317,0.1698538157010195,1.0,0.0,1.0,0.0,0.0,0.0
58,Train/Low/low00586.png,1,7.316690812292053,0.1822121840334716,0.25,0.0,0.25,0.0,0.0,0.0
58,Train/Low/low00586.png,2,7.380066228173315,0.19677590294468975,0.25,0.0,0.25,0.0,0.0,0.0
58,Train/Low/low00586.png,3,7.463700717618752,0.2133411945586652,0.25,0.0,0.25,0.0,0.0,0.0
58,Train/Low/low00586.png,4,7.556593215955685,0.23084149530502582,0.25,0.0,0.25,0.0,0.0,0.0
58,Train/Low/low00586.png,5,7.655946820684464,0.24888822993547038,0.25,0.0,0.25,0.0,0.0,0.0
58,Train/Low/low00586.png,6,7.760624200281971,0.2672278501645859,0.25,0.0,0.25,0.0,0.0,0.0
58,Train/Low/low00586.png,7,7.869894201446304,0.2856410360367718,0.25,0.0,0.25,0.0,0.0,0.0
58,Train/Low/low00586.png,8,7.983153358210271,0.3039226401835429,0.25,0.0,0.25,0.0,0.0,0.0
58,Train/Low/low00586.png,9,8.085708989579384,0.3194762470152107,0.25,0.75,1.0,0.0,0.0,0.0
58,Train/Low/low00586.png,10,8.163044483381906,0.3306030599090892,0.25,0.75,1.0,0.0,0.0,0.0
58,Train/Low/low00586.png,11,8.24138587198112,0.34146590173030766,0.25,0.75,1.0,0.0,0.0,0.0
58,Train/Low/low00586.png,12,8.303124308975178,0.34817733928631256,0.25,0.75,1.0,0.5,0.0,0.5
58,Train/Low/low00586.png,13,8.339335463927842,0.3507173815882491,0.25,0.75,1.0,0.75,0.0,0.75
58,Train/Low/low00586.png,14,8.377621524776961,0.3532849917771016,0.0,0.75,0.75,0.75,0.0,0.75
58,Train/Low/low00586.png,15,8.420694107699436,0.3561299571043041,0.0,0.75,0.75,0.75,0.0,0.75
58,Train/Low/low00586.png,16,8.450561553278547,0.35806301189721035,0.0,0.75,0.75,1.0,0.0,1.0
58,Train/Low/low00586.png,17,8.46433741033581,0.35892249566555395,0.0,0.75,0.75,1.0,0.0,1.0
58,Train/Low/low00586.png,18,8.480894135275628,0.3599467587648344,0.0,0.75,0.75,1.0,0.0,1.0
58,Train/Low/low00586.png,19,8.499721230601612,0.3610994986504752,0.0,0.75,0.75,1.0,0.0,1.0
58,Train/Low/low00586.png,20,8.520313701001418,0.3623451365913651,0.0,0.75,0.75,1.0,0.0,1.0
58,Train/Low/low00586.png,21,8.542154463086614,0.36364819496553635,0.0,0.75,0.75,1.0,0.0,1.0
58,Train/Low/low00586.png,22,8.564585726591995,0.36496624321998944,0.0,0.75,0.75,1.0,0.0,1.0
58,Train/Low/low00586.png,23,8.586677488723588,0.3662434295698359,0.0,0.75,0.75,1.0,0.0,1.0
58,Train/Low/low00586.png,24,8.607252334585576,0.3674135181336789,0.0,0.75,0.75,1.0,0.0,1.0
58,Train/Low/low00586.png,25,8.624943802126907,0.36840417354248184,0.0,0.75,0.75,1.0,0.0,1.0
58,Train/Low/low00586.png,26,8.638400470772108,0.3691478754589837,0.0,0.75,0.75,1.0,0.0,1.0
58,Train/Low/low00586.png,27,8.646664198559913,0.36960030120735127,0.0,0.75,0.75,1.0,0.0,1.0
58,Train/Low/low00586.png,28,8.649472359517997,0.369753295193696,0.0,0.75,0.75,1.0,0.0,1.0
58,Train/Low/low00586.png,29,8.64725101515982,0.3696323041061461,0.0,0.75,0.75,1.0,0.0,1.0
58,Train/Low/low00586.png,30,8.64087469454533,0.36928368084690194,0.0,0.75,0.75,1.0,0.0,1.0
58,Train/Low/low00586.png,31,8.63141643580251,0.3687629637029202,0.0,0.75,0.75,1.0,0.0,1.0
58,Train/Low/low00586.png,32,8.619984561631336,0.36812794284840406,0.0,0.75,0.75,1.0,0.0,1.0
58,Train/Low/low00586.png,33,8.607632081918887,0.36743493609812905,0.0,0.75,0.75,1.0,0.0,1.0
58,Train/Low/low00586.png,34,8.595302114103038,0.36673622794476224,0.0,0.75,0.75,1.0,0.0,1.0
58,Train/Low/low00586.png,35,8.583787860106867,0.3660775785799052,0.0,0.75,0.75,1.0,0.0,1.0
58,Train/Low/low00586.png,36,8.57370942592934,0.36549627320627687,0.0,0.75,0.75,1.0,0.0,1.0
58,Train/Low/low00586.png,37,8.565509161116388,0.3650200496079444,0.0,0.75,0.75,1.0,0.0,1.0
58,Train/Low/low00586.png,38,8.559457930606396,0.3646667915897462,0.0,0.75,0.75,1.0,0.0,1.0
58,Train/Low/low00586.png,39,8.555669518030376,0.3644448463560056,0.0,0.75,0.75,1.0,0.0,1.0
58,Train/Low/low00586.png,40,8.554124416034742,0.36435415094150264,0.0,0.75,0.75,1.0,0.0,1.0
59,Train/Low/low00643.png,0,11.45214326870425,0.7311709579006511,1.0,0.0,1.0,0.0,0.0,0.0
59,Train/Low/low00643.png,1,12.151060966027282,0.7631417606340268,0.0,0.0,0.0,0.0,0.0,0.0
59,Train/Low/low00643.png,2,12.91620648095612,0.7932874041424222,0.0,0.0,0.0,0.0,0.0,0.0
59,Train/Low/low00643.png,3,13.752803323841608,0.8212855989997963,0.0,0.0,0.0,0.0,0.0,0.0
59,Train/Low/low00643.png,4,14.667523196853757,0.8469923465827528,0.0,0.0,0.0,0.0,0.0,0.0
59,Train/Low/low00643.png,5,15.662579932559453,0.8701861756362455,0.0,0.0,0.0,0.0,0.0,0.0
59,Train/Low/low00643.png,6,16.742234271950824,0.8905825270793347,0.0,0.0,0.0,0.0,0.0,0.0
59,Train/Low/low00643.png,7,17.9226901713543,0.9082945657322056,0.0,0.0,0.0,0.0,0.0,0.0
59,Train/Low/low00643.png,8,19.19060076627939,0.9229862131527952,0.0,0.0,0.0,0.0,0.0,0.0
59,Train/Low/low00643.png,9,20.13303137215136,0.9324910238021047,0.0,0.75,0.75,0.0,0.0,0.0
59,Train/Low/low00643.png,10,20.6274369113883,0.937143381759223,0.0,0.75,0.75,0.0,0.0,0.0
59,Train/Low/low00643.png,11,21.025831431094957,0.9405168350942902,0.0,1.0,1.0,0.0,0.0,0.0
59,Train/Low/low00643.png,12,21.130509332842557,0.9413583045794829,0.0,1.0,1.0,1.0,0.0,1.0
59,Train/Low/low00643.png,13,21.128898566347807,0.9413503309528594,0.0,0.75,0.75,1.0,0.0,1.0
59,Train/Low/low00643.png,14,21.099285356771695,0.941201073495747,0.0,0.75,0.75,1.0,0.0,1.0
59,Train/Low/low00643.png,15,21.05557982615658,0.9409798968912901,0.0,0.75,0.75,1.0,0.0,1.0
59,Train/Low/low00643.png,16,21.003517840541022,0.9407144685330785,0.0,0.75,0.75,1.0,0.0,1.0
59,Train/Low/low00643.png,17,20.927669303578327,0.940326452788287,0.0,0.75,0.75,1.0,0.0,1.0
59,Train/Low/low00643.png,18,20.842821018850962,0.9398900097400884,0.0,0.75,0.75,1.0,0.0,1.0
59,Train/Low/low00643.png,19,20.745107144386076,0.9393824157979472,0.0,0.75,0.75,1.0,0.0,1.0
59,Train/Low/low00643.png,20,20.652887878366574,0.9388959756174248,0.0,0.75,0.75,1.0,0.0,1.0
59,Train/Low/low00643.png,21,20.565010509828486,0.9384285838167264,0.0,0.75,0.75,1.0,0.0,1.0
59,Train/Low/low00643.png,22,20.4812649075811,0.9379786506811916,0.0,0.75,0.75,1.0,0.0,1.0
59,Train/Low/low00643.png,23,20.409584225778165,0.9375912798036586,0.0,0.75,0.75,1.0,0.0,1.0
59,Train/Low/low00643.png,24,20.356626836995616,0.937302947902986,0.0,0.75,0.75,1.0,0.0,1.0
59,Train/Low/low00643.png,25,20.32611639152897,0.937136024274911,0.0,0.75,0.75,1.0,0.0,1.0
59,Train/Low/low00643.png,26,20.31972698802793,0.937101014280716,0.0,0.75,0.75,1.0,0.0,1.0
59,Train/Low/low00643.png,27,20.33592042210571,0.937189655655477,0.0,0.75,0.75,1.0,0.0,1.0
59,Train/Low/low00643.png,28,20.37122541237602,0.9373825518264367,0.0,0.75,0.75,1.0,0.0,1.0
59,Train/Low/low00643.png,29,20.419994584013153,0.9376476913980353,0.0,0.75,0.75,1.0,0.0,1.0
59,Train/Low/low00643.png,30,20.476464182133725,0.9379526542643238,0.0,0.75,0.75,1.0,0.0,1.0
59,Train/Low/low00643.png,31,20.534193162592057,0.9382636527568037,0.0,0.75,0.75,1.0,0.0,1.0
59,Train/Low/low00643.png,32,20.587312587652036,0.9385477679765469,0.0,0.75,0.75,1.0,0.0,1.0
59,Train/Low/low00643.png,33,20.631325211210413,0.9387818427254132,0.0,0.75,0.75,1.0,0.0,1.0
59,Train/Low/low00643.png,34,20.66561723242821,0.9389636125019598,0.0,0.75,0.75,1.0,0.0,1.0
59,Train/Low/low00643.png,35,20.694384867881045,0.9391153596710021,0.0,0.75,0.75,1.0,0.0,1.0
59,Train/Low/low00643.png,36,20.72192248032277,0.9392605615622657,0.0,0.75,0.75,1.0,0.0,1.0
59,Train/Low/low00643.png,37,20.74587340367789,0.9393864470337705,0.0,0.75,0.75,1.0,0.0,1.0
59,Train/Low/low00643.png,38,20.768841171826953,0.9395063822289031,0.0,0.75,0.75,1.0,0.0,1.0
59,Train/Low/low00643.png,39,20.789131967161683,0.9396122542795601,0.0,0.75,0.75,1.0,0.0,1.0
59,Train/Low/low00643.png,40,20.794141458301375,0.9396382545810104,0.0,0.75,0.75,1.0,0.0,1.0
60,Train/Low/low00505.png,0,7.630599647748001,0.10644055470276242,1.0,0.0,1.0,0.0,0.0,0.0
60,Train/Low/low00505.png,1,7.733697219515445,0.1162742799888182,0.0,0.0,0.0,0.0,0.0,0.0
60,Train/Low/low00505.png,2,7.84432165218374,0.12683895109268523,0.0,0.0,0.0,0.0,0.0,0.0
60,Train/Low/low00505.png,3,7.962624429595103,0.13812846667363152,0.0,0.0,0.0,0.0,0.0,0.0
60,Train/Low/low00505.png,4,8.088685933180352,0.1501229010670538,0.0,0.0,0.0,0.0,0.0,0.0
60,Train/Low/low00505.png,5,8.222568910584387,0.16279445880132926,0.0,0.0,0.0,0.0,0.0,0.0
60,Train/Low/low00505.png,6,8.364251250270181,0.17610315525586853,0.0,0.0,0.0,0.0,0.0,0.0
60,Train/Low/low00505.png,7,8.51374122598781,0.19000677987752645,0.0,0.0,0.0,0.0,0.0,0.0
60,Train/Low/low00505.png,8,8.670665099759574,0.20442544107874844,0.0,0.0,0.0,0.0,0.0,0.0
60,Train/Low/low00505.png,9,8.79252731932082,0.2159633423832531,0.0,1.0,1.0,0.0,0.0,0.0
60,Train/Low/low00505.png,10,8.878653611551439,0.22459788058679475,0.0,1.0,1.0,0.0,0.0,0.0
60,Train/Low/low00505.png,11,8.965064198755876,0.2332333654768316,0.0,1.0,1.0,0.25,0.0,0.25
60,Train/Low/low00505.png,12,8.977702239381877,0.23425502937481757,0.0,1.0,1.0,1.0,0.0,1.0
60,Train/Low/low00505.png,13,8.977702239381877,0.23425502937481757,0.0,1.0,1.0,1.0,0.0,1.0
60,Train/Low/low00505.png,14,8.977702239381877,0.23425502937481757,0.0,1.0,1.0,1.0,0.0,1.0
60,Train/Low/low00505.png,15,8.977702239381877,0.23425502937481757,0.0,1.0,1.0,1.0,0.0,1.0
60,Train/Low/low00505.png,16,8.977702239381877,0.23425502937481757,0.0,1.0,1.0,1.0,0.0,1.0
60,Train/Low/low00505.png,17,8.977702239381877,0.23425502937481757,0.0,1.0,1.0,1.0,0.0,1.0
60,Train/Low/low00505.png,18,8.977702239381877,0.23425502937481757,0.0,1.0,1.0,1.0,0.0,1.0
60,Train/Low/low00505.png,19,8.977702239381877,0.23425502937481757,0.0,1.0,1.0,1.0,0.0,1.0
60,Train/Low/low00505.png,20,8.977702239381877,0.23425502937481757,0.0,1.0,1.0,1.0,0.0,1.0
60,Train/Low/low00505.png,21,8.977702239381877,0.23425502937481757,0.0,1.0,1.0,1.0,0.0,1.0
60,Train/Low/low00505.png,22,8.977702239381877,0.23425502937481757,0.0,1.0,1.0,1.0,0.0,1.0
60,Train/Low/low00505.png,23,8.977702239381877,0.23425502937481757,0.0,1.0,1.0,1.0,0.0,1.0
60,Train/Low/low00505.png,24,8.977702239381877,0.23425502937481757,0.0,1.0,1.0,1.0,0.0,1.0
60,Train/Low/low00505.png,25,8.977702239381877,0.23425502937481757,0.0,1.0,1.0,1.0,0.0,1.0
60,Train/Low/low00505.png,26,8.977702239381877,0.23425502937481757,0.0,1.0,1.0,1.0,0.0,1.0
60,Train/Low/low00505.png,27,8.977702239381877,0.23425502937481757,0.0,1.0,1.0,1.0,0.0,1.0
60,Train/Low/low00505.png,28,8.977702239381877,0.23425502937481757,0.0,1.0,1.0,1.0,0.0,1.0
60,Train/Low/low00505.png,29,8.977702239381877,0.23425502937481757,0.0,1.0,1.0,1.0,0.0,1.0
60,Train/Low/low00505.png,30,8.977702239381877,0.23425502937481757,0.0,1.0,1.0,1.0,0.0,1.0
60,Train/Low/low00505.png,31,8.977702239381877,0.23425502937481757,0.0,1.0,1.0,1.0,0.0,1.0
60,Train/Low/low00505.png,32,8.977702239381877,0.23425502937481757,0.0,1.0,1.0,1.0,0.0,1.0
60,Train/Low/low00505.png,33,8.977702239381877,0.23425502937481757,0.0,1.0,1.0,1.0,0.0,1.0
60,Train/Low/low00505.png,34,8.977702239381877,0.23425502937481757,0.0,1.0,1.0,1.0,0.0,1.0
60,Train/Low/low00505.png,35,8.977702239381877,0.23425502937481757,0.0,1.0,1.0,1.0,0.0,1.0
60,Train/Low/low00505.png,36,8.977702239381877,0.23425502937481757,0.0,1.0,1.0,1.0,0.0,1.0
60,Train/Low/low00505.png,37,8.977702239381877,0.23425502937481757,0.0,1.0,1.0,1.0,0.0,1.0
60,Train/Low/low00505.png,38,8.977702239381877,0.23425502937481757,0.0,1.0,1.0,1.0,0.0,1.0
60,Train/Low/low00505.png,39,8.977702239381877,0.23425502937481757,0.0,1.0,1.0,1.0,0.0,1.0
60,Train/Low/low00505.png,40,8.977702239381877,0.23425502937481757,0.0,1.0,1.0,1.0,0.0,1.0
61,Train/Low/low00119.png,0,10.57859340833617,0.33837075153552215,1.0,0.0,1.0,0.0,0.0,0.0
61,Train/Low/low00119.png,1,10.813680526940141,0.3688968503423922,0.0,0.0,0.0,0.0,0.0,0.0
61,Train/Low/low00119.png,2,11.06880954799948,0.40026202227569074,0.0,0.0,0.0,0.0,0.0,0.0
61,Train/Low/low00119.png,3,11.345380854467482,0.43220785065151657,0.0,0.0,0.0,0.0,0.0,0.0
61,Train/Low/low00119.png,4,11.644634487094748,0.4643900346713153,0.0,0.0,0.0,0.0,0.0,0.0
61,Train/Low/low00119.png,5,11.968038263583393,0.496455960770225,0.0,0.0,0.0,0.0,0.0,0.0
61,Train/Low/low00119.png,6,12.31701195947742,0.5280177040503055,0.0,0.0,0.0,0.0,0.0,0.0
61,Train/Low/low00119.png,7,12.692413595785803,0.5586267680599735,0.0,0.0,0.0,0.0,0.0,0.0
61,Train/Low/low00119.png,8,13.093638289409501,0.5877509983554998,0.0,0.0,0.0,0.0,0.0,0.0
61,Train/Low/low00119.png,9,13.42789001685494,0.6100241066251691,0.0,0.75,0.75,0.0,0.0,0.0
61,Train/Low/low00119.png,10,13.655837615319124,0.6247589058279188,0.0,1.0,1.0,0.0,0.0,0.0
61,Train/Low/low00119.png,11,13.876707556917907,0.6380245441039855,0.0,1.0,1.0,0.0,0.0,0.0
61,Train/Low/low00119.png,12,13.89855930031657,0.6394124856408694,0.0,0.75,0.75,1.0,0.0,1.0
61,Train/Low/low00119.png,13,13.884885946492563,0.638565262701805,0.0,0.75,0.75,1.0,0.0,1.0
61,Train/Low/low00119.png,14,13.8657035385948,0.6373533174063369,0.0,0.75,0.75,1.0,0.0,1.0
61,Train/Low/low00119.png,15,13.843267151672269,0.6359018275305051,0.0,0.75,0.75,1.0,0.0,1.0
61,Train/Low/low00119.png,16,13.819574201940686,0.6343303057772495,0.0,0.75,0.75,1.0,0.0,1.0
61,Train/Low/low00119.png,17,13.796537765237593,0.6327652680046311,0.0,0.75,0.75,1.0,0.0,1.0
61,Train/Low/low00119.png,18,13.775959616570999,0.6313372990890292,0.0,0.75,0.75,1.0,0.0,1.0
61,Train/Low/low00119.png,19,13.759351985637993,0.6301648415270702,0.0,0.75,0.75,1.0,0.0,1.0
61,Train/Low/low00119.png,20,13.747723503317852,0.6293335224298486,0.0,0.75,0.75,1.0,0.0,1.0
61,Train/Low/low00119.png,21,13.741477465336441,0.6288835241471625,0.0,0.75,0.75,1.0,0.0,1.0
61,Train/Low/low00119.png,22,13.740473761198523,0.6288109890730473,0.0,0.75,0.75,1.0,0.0,1.0
61,Train/Low/low00119.png,23,13.74418034110237,0.6290785496325181,0.0,0.75,0.75,1.0,0.0,1.0
61,Train/Low/low00119.png,24,13.751817402232264,0.6296271588574808,0.0,0.75,0.75,1.0,0.0,1.0
61,Train/Low/low00119.png,25,13.7624548627661,0.6303852312295726,0.0,0.75,0.75,1.0,0.0,1.0
61,Train/Low/low00119.png,26,13.775063907588535,0.6312745134376784,0.0,0.75,0.75,1.0,0.0,1.0
61,Train/Low/low00119.png,27,13.788548991218288,0.6322142134161249,0.0,0.75,0.75,1.0,0.0,1.0
61,Train/Low/low00119.png,28,13.801787138247882,0.6331250514807295,0.0,0.75,0.75,1.0,0.0,1.0
61,Train/Low/low00119.png,29,13.813698483372717,0.6339345488752768,0.0,0.75,0.75,1.0,0.0,1.0
61,Train/Low/low00119.png,30,13.823343913038656,0.6345829613255244,0.0,0.75,0.75,1.0,0.0,1.0
61,Train/Low/low00119.png,31,13.830032820616642,0.6350288487551762,0.0,0.75,0.75,1.0,0.0,1.0
61,Train/Low/low00119.png,32,13.83340028000539,0.6352521453497129,0.0,0.75,0.75,1.0,0.0,1.0
61,Train/Low/low00119.png,33,13.833428459277865,0.6352540093306409,0.0,0.75,0.75,1.0,0.0,1.0
61,Train/Low/low00119.png,34,13.830414970016138,0.6350542275427803,0.0,0.75,0.75,1.0,0.0,1.0
61,Train/Low/low00119.png,35,13.824905655646539,0.6346873473832028,0.0,0.75,0.75,1.0,0.0,1.0
61,Train/Low/low00119.png,36,13.817617822052345,0.63419879861993,0.0,0.75,0.75,1.0,0.0,1.0
61,Train/Low/low00119.png,37,13.809363473845174,0.6336410527079828,0.0,0.75,0.75,1.0,0.0,1.0
61,Train/Low/low00119.png,38,13.800975751588778,0.633069560855534,0.0,0.75,0.75,1.0,0.0,1.0
61,Train/Low/low00119.png,39,13.793235662448977,0.6325380065034146,0.0,0.75,0.75,1.0,0.0,1.0
61,Train/Low/low00119.png,40,13.786806111101198,0.6320934311001748,0.0,0.75,0.75,1.0,0.0,1.0
62,Train/Low/low00299.png,0,11.323930949296678,0.24004264354936508,0.5,0.5,1.0,0.0,0.0,0.0
62,Train/Low/low00299.png,1,11.433308132932025,0.24224857932062988,0.0,0.25,0.25,0.0,0.0,0.0
62,Train/Low/low00299.png,2,11.554249476278823,0.24348376733555802,0.0,0.25,0.25,0.0,0.0,0.0
62,Train/Low/low00299.png,3,11.70210227222313,0.2437745076959422,0.0,0.25,0.25,0.0,0.0,0.0
62,Train/Low/low00299.png,4,11.876205428441155,0.2433525228089027,0.0,0.25,0.25,0.0,0.0,0.0
62,Train/Low/low00299.png,5,12.068526066138041,0.24242331890588187,0.0,0.25,0.25,0.0,0.0,0.0
62,Train/Low/low00299.png,6,12.272227091470294,0.24111199744099737,0.0,0.25,0.25,0.0,0.0,0.0
62,Train/Low/low00299.png,7,12.480999478816175,0.23950584461265287,0.0,0.25,0.25,0.0,0.0,0.0
62,Train/Low/low00299.png,8,12.68757325510655,0.23768352531401127,0.0,0.25,0.25,0.0,0.0,0.0
62,Train/Low/low00299.png,9,12.860070243169165,0.23607053134823736,0.0,0.75,0.75,0.0,0.0,0.0
62,Train/Low/low00299.png,10,12.935321965007445,0.23615896722781746,0.0,0.75,0.75,0.0,0.0,0.0
62,Train/Low/low00299.png,11,12.98924614726301,0.2365233162377673,0.0,0.75,0.75,0.0,0.0,0.0
62,Train/Low/low00299.png,12,13.027178884623023,0.23700842272030107,0.0,0.75,0.75,0.25,0.0,0.25
62,Train/Low/low00299.png,13,13.031089913978885,0.23770215742543746,0.0,0.75,0.75,0.5,0.0,0.5
62,Train/Low/low00299.png,14,13.034574694764105,0.23843492442416225,0.0,0.75,0.75,0.5,0.0,0.5
62,Train/Low/low00299.png,15,13.041105970783676,0.2391848552354596,0.0,0.5,0.5,0.5,0.0,0.5
62,Train/Low/low00299.png,16,13.052298739362469,0.23995176620170572,0.0,0.5,0.5,0.5,0.0,0.5
62,Train/Low/low00299.png,17,13.072603479059183,0.24070922127611818,0.0,0.5,0.5,0.5,0.0,0.5
62,Train/Low/low00299.png,18,13.1048146493387,0.2414381787996888,0.0,0.5,0.5,0.5,0.0,0.5
62,Train/Low/low00299.png,19,13.122718736752175,0.24200715605518963,0.0,0.5,0.5,0.75,0.0,0.75
62,Train/Low/low00299.png,20,13.148423955020249,0.24250627504126843,0.0,0.5,0.5,0.75,0.0,0.75
62,Train/Low/low00299.png,21,13.183118762182037,0.2429443517386569,0.0,0.5,0.5,0.75,0.0,0.75
62,Train/Low/low00299.png,22,13.225737764155772,0.2433296461325463,0.0,0.5,0.5,0.75,0.0,0.75
62,Train/Low/low00299.png,23,13.274602955365056,0.24367549379033654,0.0,0.5,0.5,0.75,0.0,0.75
62,Train/Low/low00299.png,24,13.32755214848222,0.24400008753825625,0.0,0.5,0.5,0.75,0.0,0.75
62,Train/Low/low00299.png,25,13.382088489833643,0.24432558099150084,0.0,0.5,0.5,0.75,0.0,0.75
62,Train/Low/low00299.png,26,13.435630698904511,0.244675737512296,0.0,0.5,0.5,0.75,0.0,0.75
62,Train/Low/low00299.png,27,13.485869947789134,0.24507196462941125,0.0,0.5,0.5,0.75,0.0,0.75
62,Train/Low/low00299.png,28,13.531145238501917,0.24552867358502864,0.0,0.5,0.5,0.75,0.0,0.75
62,Train/Low/low00299.png,29,13.570698016468178,0.24604992365916037,0.0,0.5,0.5,0.75,0.0,0.75
62,Train/Low/low00299.png,30,13.604696617600272,0.24662866084179152,0.0,0.5,0.5,0.75,0.0,0.75
62,Train/Low/low00299.png,31,13.634060832687187,0.24724868273692882,0.0,0.5,0.5,0.75,0.0,0.75
62,Train/Low/low00299.png,32,13.660170116903547,0.24788811357882434,0.0,0.5,0.5,0.75,0.0,0.75
62,Train/Low/low00299.png,33,13.684567027816254,0.2485232553431305,0.0,0.5,0.5,0.75,0.0,0.75
62,Train/Low/low00299.png,34,13.671058752982217,0.24899073357367524,0.0,0.5,0.5,1.0,0.0,1.0
62,Train/Low/low00299.png,35,13.64117202401747,0.24931376806030886,0.0,0.5,0.5,1.0,0.0,1.0
62,Train/Low/low00299.png,36,13.62056106260827,0.2495314891105497,0.0,0.5,0.5,1.0,0.0,1.0
62,Train/Low/low00299.png,37,13.611351144766665,0.24962233208094933,0.0,0.5,0.5,1.0,0.0,1.0
62,Train/Low/low00299.png,38,13.613770988243383,0.24958505769853656,0.0,0.5,0.5,1.0,0.0,1.0
62,Train/Low/low00299.png,39,13.626382586515879,0.2494360829619618,0.0,0.5,0.5,1.0,0.0,1.0
62,Train/Low/low00299.png,40,13.64642209539102,0.249206234753896,0.0,0.5,0.5,1.0,0.0,1.0
63,Train/Low/low00683.png,0,8.112667822521072,0.06782355389142332,1.0,0.0,1.0,0.0,0.0,0.0
63,Train/Low/low00683.png,1,8.156302783751912,0.07281495802707483,0.25,0.0,0.25,0.0,0.0,0.0
63,Train/Low/low00683.png,2,8.204058763914306,0.07845327361956025,0.25,0.0,0.25,0.0,0.0,0.0
63,Train/Low/low00683.png,3,8.256314420043227,0.0847788510854366,0.25,0.0,0.25,0.0,0.0,0.0
63,Train/Low/low00683.png,4,8.313692386450269,0.09184531571489428,0.25,0.0,0.25,0.0,0.0,0.0
63,Train/Low/low00683.png,5,8.377221151414332,0.09972419130471462,0.25,0.0,0.25,0.0,0.0,0.0
63,Train/Low/low00683.png,6,8.449201876391834,0.10856816721964581,0.0,0.0,0.0,0.0,0.0,0.0
63,Train/Low/low00683.png,7,8.533142272998548,0.11859101004276378,0.0,0.0,0.0,0.0,0.0,0.0
63,Train/Low/low00683.png,8,8.626705282632718,0.12951762042562315,0.0,0.0,0.0,0.0,0.0,0.0
63,Train/Low/low00683.png,9,8.709579784730483,0.13914022717236135,0.0,0.75,0.75,0.0,0.0,0.0
63,Train/Low/low00683.png,10,8.77768706407435,0.14694193127937089,0.0,0.75,0.75,0.0,0.0,0.0
63,Train/Low/low00683.png,11,8.849502777634807,0.15503388884233127,0.0,0.75,0.75,0.0,0.0,0.0
63,Train/Low/low00683.png,12,8.880610783157879,0.15804736040689338,0.0,0.75,0.75,0.75,0.0,0.75
63,Train/Low/low00683.png,13,8.907261286540528,0.16043739544964564,0.0,0.75,0.75,0.75,0.0,0.75
63,Train/Low/low00683.png,14,8.93600074884606,0.16307661969851858,0.0,0.75,0.75,0.75,0.0,0.75
63,Train/Low/low00683.png,15,8.966594629238653,0.1659480950922534,0.0,0.75,0.75,0.75,0.0,0.75
63,Train/Low/low00683.png,16,8.998874829618131,0.16903705189826781,0.0,0.75,0.75,0.75,0.0,0.75
63,Train/Low/low00683.png,17,9.019518438251392,0.17110533646581588,0.0,1.0,1.0,0.75,0.0,0.75
63,Train/Low/low00683.png,18,9.039321148470531,0.17312132489566454,0.0,1.0,1.0,0.75,0.0,0.75
63,Train/Low/low00683.png,19,9.059703594179156,0.17521279281486898,0.0,1.0,1.0,0.75,0.0,0.75
63,Train/Low/low00683.png,20,9.080567719291261,0.17736747666082858,0.0,1.0,1.0,0.75,0.0,0.75
63,Train/Low/low00683.png,21,9.101813880954117,0.1795721846435697,0.0,1.0,1.0,0.75,0.0,0.75
63,Train/Low/low00683.png,22,9.123324867423593,0.18181131438372206,0.0,1.0,1.0,0.75,0.0,0.75
63,Train/Low/low00683.png,23,9.14492555188115,0.1840628295094213,0.0,1.0,1.0,0.75,0.0,0.75
63,Train/Low/low00683.png,24,9.166423651157958,0.18630282801196565,0.0,1.0,1.0,0.75,0.0,0.75
63,Train/Low/low00683.png,25,9.187674777671003,0.18851271380573717,0.0,1.0,1.0,0.75,0.0,0.75
63,Train/Low/low00683.png,26,9.200240581213121,0.1898160239820536,0.0,1.0,1.0,1.0,0.0,1.0
63,Train/Low/low00683.png,27,9.200240581213121,0.1898160239820536,0.0,1.0,1.0,1.0,0.0,1.0
63,Train/Low/low00683.png,28,9.200240581213121,0.1898160239820536,0.0,1.0,1.0,1.0,0.0,1.0
63,Train/Low/low00683.png,29,9.200240581213121,0.1898160239820536,0.0,1.0,1.0,1.0,0.0,1.0
63,Train/Low/low00683.png,30,9.200240581213121,0.1898160239820536,0.0,1.0,1.0,1.0,0.0,1.0
63,Train/Low/low00683.png,31,9.200240581213121,0.1898160239820536,0.0,1.0,1.0,1.0,0.0,1.0
63,Train/Low/low00683.png,32,9.200240581213121,0.1898160239820536,0.0,1.0,1.0,1.0,0.0,1.0
63,Train/Low/low00683.png,33,9.200240581213121,0.1898160239820536,0.0,1.0,1.0,1.0,0.0,1.0
63,Train/Low/low00683.png,34,9.200240581213121,0.1898160239820536,0.0,1.0,1.0,1.0,0.0,1.0
63,Train/Low/low00683.png,35,9.200240581213121,0.1898160239820536,0.0,1.0,1.0,1.0,0.0,1.0
63,Train/Low/low00683.png,36,9.200240581213121,0.1898160239820536,0.0,1.0,1.0,1.0,0.0,1.0
63,Train/Low/low00683.png,37,9.200240581213121,0.1898160239820536,0.0,1.0,1.0,1.0,0.0,1.0
63,Train/Low/low00683.png,38,9.200240581213121,0.1898160239820536,0.0,1.0,1.0,1.0,0.0,1.0
63,Train/Low/low00683.png,39,9.200240581213121,0.1898160239820536,0.0,1.0,1.0,1.0,0.0,1.0
63,Train/Low/low00683.png,40,9.200240581213121,0.1898160239820536,0.0,1.0,1.0,1.0,0.0,1.0
64,Train/Low/low00110.png,0,8.605950664981176,0.38332791491446083,1.0,0.0,1.0,0.0,0.0,0.0
64,Train/Low/low00110.png,1,8.846096894697602,0.4134059842710179,0.0,0.0,0.0,0.0,0.0,0.0
64,Train/Low/low00110.png,2,9.105200360416992,0.443945687409303,0.0,0.0,0.0,0.0,0.0,0.0
64,Train/Low/low00110.png,3,9.383375478573829,0.47455419307948676,0.0,0.0,0.0,0.0,0.0,0.0
64,Train/Low/low00110.png,4,9.68014341014865,0.5047770848702637,0.0,0.0,0.0,0.0,0.0,0.0
64,Train/Low/low00110.png,5,9.994630929683373,0.534173161110524,0.0,0.0,0.0,0.0,0.0,0.0
64,Train/Low/low00110.png,6,10.325410419394956,0.5623219490469219,0.0,0.0,0.0,0.0,0.0,0.0
64,Train/Low/low00110.png,7,10.6709404938473,0.5888755602386793,0.0,0.0,0.0,0.0,0.0,0.0
64,Train/Low/low00110.png,8,11.029835846168975,0.6135852460663698,0.0,0.0,0.0,0.0,0.0,0.0
64,Train/Low/low00110.png,9,11.333474955112175,0.6330123180052891,0.0,0.75,0.75,0.0,0.0,0.0
64,Train/Low/low00110.png,10,11.518700930473518,0.6454308306725385,0.0,0.75,0.75,0.0,0.0,0.0
64,Train/Low/low00110.png,11,11.69832243652489,0.6567726575133702,0.0,0.75,0.75,0.0,0.0,0.0
64,Train/Low/low00110.png,12,11.780720780363609,0.6615900052629408,0.0,0.75,0.75,1.0,0.0,1.0
64,Train/Low/low00110.png,13,11.770286444400256,0.6608225753771583,0.0,0.75,0.75,1.0,0.0,1.0
64,Train/Low/low00110.png,14,11.756964921127214,0.6598255417690079,0.0,0.75,0.75,1.0,0.0,1.0
64,Train/Low/low00110.png,15,11.741752531358973,0.6586643675725511,0.0,0.75,0.75,1.0,0.0,1.0
64,Train/Low/low00110.png,16,11.725560884007296,0.657403256634883,0.0,0.75,0.75,1.0,0.0,1.0
64,Train/Low/low00110.png,17,11.709240477733257,0.6561072561573084,0.0,0.75,0.75,1.0,0.0,1.0
64,Train/Low/low00110.png,18,11.6935795781032,0.6548414278953304,0.0,0.75,0.75,1.0,0.0,1.0
64,Train/Low/low00110.png,19,11.679282557658333,0.6536678084679509,0.0,0.75,0.75,1.0,0.0,1.0
64,Train/Low/low00110.png,20,11.666933791659648,0.65264089538062,0.0,0.75,0.75,1.0,0.0,1.0
64,Train/Low/low00110.png,21,11.656963700663585,0.6518031699796849,0.0,0.75,0.75,1.0,0.0,1.0
64,Train/Low/low00110.png,22,11.64963396635274,0.6511825379052066,0.0,0.75,0.75,1.0,0.0,1.0
64,Train/Low/low00110.png,23,11.645042192166574,0.6507917189377448,0.0,0.75,0.75,1.0,0.0,1.0
64,Train/Low/low00110.png,24,11.64314096999692,0.650629457271824,0.0,0.75,0.75,1.0,0.0,1.0
64,Train/Low/low00110.png,25,11.643762933605458,0.6506825590774158,0.0,0.75,0.75,1.0,0.0,1.0
64,Train/Low/low00110.png,26,11.646647600692193,0.6509285346432842,0.0,0.75,0.75,1.0,0.0,1.0
64,Train/Low/low00110.png,27,11.651463855021882,0.6513378523290665,0.0,0.75,0.75,1.0,0.0,1.0
64,Train/Low/low00110.png,28,11.657829617900518,0.6518762326352827,0.0,0.75,0.75,1.0,0.0,1.0
64,Train/Low/low00110.png,29,11.665325398717787,0.6525062710958321,0.0,0.75,0.75,1.0,0.0,1.0
64,Train/Low/low00110.png,30,11.67350572971392,0.6531889097637872,0.0,0.75,0.75,1.0,0.0,1.0
64,Train/Low/low00110.png,31,11.681912495728785,0.6538849484400058,0.0,0.75,0.75,1.0,0.0,1.0
64,Train/Low/low00110.png,32,11.690091214216219,0.654556621943781,0.0,0.75,0.75,1.0,0.0,1.0
64,Train/Low/low00110.png,33,11.697613725494874,0.6551695126773678,0.0,0.75,0.75,1.0,0.0,1.0
64,Train/Low/low00110.png,34,11.704103579937868,0.6556943886687844,0.0,0.75,0.75,1.0,0.0,1.0
64,Train/Low/low00110.png,35,11.709260417502435,0.6561088434800354,0.0,0.75,0.75,1.0,0.0,1.0
64,Train/Low/low00110.png,36,11.712880689845605,0.6563984189795327,0.0,0.75,0.75,1.0,0.0,1.0
64,Train/Low/low00110.png,37,11.714867613606579,0.6565568362303024,0.0,0.75,0.75,1.0,0.0,1.0
64,Train/Low/low00110.png,38,11.715233131731429,0.6565859439773126,0.0,0.75,0.75,1.0,0.0,1.0
64,Train/Low/low00110.png,39,11.714089364632125,0.6564948355951594,0.0,0.75,0.75,1.0,0.0,1.0
64,Train/Low/low00110.png,40,11.711633638936785,0.6562988054684827,0.0,0.75,0.75,1.0,0.0,1.0
65,Train/Low/low00214.png,0,5.31410562873999,0.030806873952098968,1.0,0.0,1.0,0.0,0.0,0.0
65,Train/Low/low00214.png,1,5.323325849554435,0.03174306659005464,0.25,0.0,0.25,0.0,0.0,0.0
65,Train/Low/low00214.png,2,5.334410859879447,0.032884371001550464,0.25,0.0,0.25,0.0,0.0,0.0
65,Train/Low/low00214.png,3,5.347406707661738,0.03423011185569986,0.25,0.0,0.25,0.0,0.0,0.0
65,Train/Low/low00214.png,4,5.362312735329773,0.03577160200873144,0.25,0.0,0.25,0.0,0.0,0.0
65,Train/Low/low00214.png,5,5.379094255117987,0.0374949286070106,0.25,0.0,0.25,0.0,0.0,0.0
65,Train/Low/low00214.png,6,5.39769598539861,0.03938353449934292,0.25,0.0,0.25,0.0,0.0,0.0
65,Train/Low/low00214.png,7,5.41809257490398,0.041424353859457766,0.25,0.0,0.25,0.0,0.0,0.0
65,Train/Low/low00214.png,8,5.44034101550757,0.04361345402044357,0.25,0.0,0.25,0.0,0.0,0.0
65,Train/Low/low00214.png,9,5.460199367831673,0.04555116624798958,0.25,0.75,1.0,0.0,0.0,0.0
65,Train/Low/low00214.png,10,5.4750289420553315,0.047010123502914745,0.25,0.75,1.0,0.0,0.0,0.0
65,Train/Low/low00214.png,11,5.491035094723818,0.048588555406037334,0.25,0.75,1.0,0.0,0.0,0.0
65,Train/Low/low00214.png,12,5.498038333292637,0.04936882326268093,0.25,0.75,1.0,0.5,0.25,0.75
65,Train/Low/low00214.png,13,5.499947461335358,0.04956716266928181,0.25,0.75,1.0,0.5,0.25,0.75
65,Train/Low/low00214.png,14,5.502430754641461,0.04982501654156116,0.25,0.75,1.0,0.5,0.25,0.75
65,Train/Low/low00214.png,15,5.505370486897694,0.05013003338588396,0.25,0.75,1.0,0.5,0.25,0.75
65,Train/Low/low00214.png,16,5.508622643305622,0.05046713069110468,0.25,0.75,1.0,0.5,0.25,0.75
65,Train/Low/low00214.png,17,5.511996054236218,0.0508163722505946,0.25,0.75,1.0,0.5,0.25,0.75
65,Train/Low/low00214.png,18,5.515267757608618,0.051154622815407655,0.25,0.75,1.0,0.5,0.25,0.75
65,Train/Low/low00214.png,19,5.518196048426871,0.05145694753205572,0.25,0.75,1.0,0.5,0.25,0.75
65,Train/Low/low00214.png,20,5.520567617916248,0.05170148139884711,0.25,0.75,1.0,0.5,0.25,0.75
65,Train/Low/low00214.png,21,5.522238771440105,0.05187361931309165,0.25,0.75,1.0,0.5,0.25,0.75
65,Train/Low/low00214.png,22,5.523151255635598,0.051967545082803886,0.25,0.75,1.0,0.5,0.25,0.75
65,Train/Low/low00214.png,23,5.523323672948683,0.05198528827347276,0.25,0.75,1.0,0.5,0.25,0.75
65,Train/Low/low00214.png,24,5.5228285345849,0.05193433192333554,0.25,0.75,1.0,0.5,0.25,0.75
65,Train/Low/low00214.png,25,5.521772408602063,0.05182559631845705,0.25,0.75,1.0,0.5,0.25,0.75
65,Train/Low/low00214.png,26,5.520282379911498,0.0516720858821339,0.25,0.75,1.0,0.5,0.25,0.75
65,Train/Low/low00214.png,27,5.51849646823641,0.051487940124185186,0.25,0.75,1.0,0.5,0.25,0.75
65,Train/Low/low00214.png,28,5.51655537686468,0.051287611305995566,0.25,0.75,1.0,0.5,0.25,0.75
65,Train/Low/low00214.png,29,5.514596106668439,0.051085221597536645,0.25,0.75,1.0,0.5,0.25,0.75
65,Train/Low/low00214.png,30,5.512746559730496,0.050894005798781915,0.25,0.75,1.0,0.5,0.25,0.75
65,Train/Low/low00214.png,31,5.5111179996578095,0.05072551420466421,0.25,0.75,1.0,0.5,0.25,0.75
65,Train/Low/low00214.png,32,5.509797064983556,0.05058876722727324,0.25,0.75,1.0,0.5,0.25,0.75
65,Train/Low/low00214.png,33,5.508841239832672,0.050489775646777334,0.25,0.75,1.0,0.5,0.25,0.75
65,Train/Low/low00214.png,34,5.50827863174252,0.050431491229343324,0.25,0.75,1.0,0.5,0.25,0.75
65,Train/Low/low00214.png,35,5.508109164186078,0.05041393174188469,0.25,0.75,1.0,0.5,0.25,0.75
65,Train/Low/low00214.png,36,5.508308106917154,0.05043454485474429,0.25,0.75,1.0,0.5,0.25,0.75
65,Train/Low/low00214.png,37,5.508829944620258,0.05048860546308556,0.25,0.75,1.0,0.5,0.25,0.75
65,Train/Low/low00214.png,38,5.509613222358308,0.050569730737990176,0.25,0.75,1.0,0.5,0.25,0.75
65,Train/Low/low00214.png,39,5.510584539210294,0.050670298004670315,0.25,0.75,1.0,0.5,0.25,0.75
65,Train/Low/low00214.png,40,5.5116622123788055,0.050781831937305226,0.25,0.75,1.0,0.5,0.25,0.75
66,Train/Low/low00417.png,0,9.367406604663548,0.11318569244800092,0.25,1.0,1.0,0.25,0.25,0.25
66,Train/Low/low00417.png,1,9.296093193742946,0.1135470347821968,0.25,0.25,0.25,0.25,0.25,0.25
66,Train/Low/low00417.png,2,9.229001406860649,0.11332651521645128,0.25,0.25,0.25,0.25,0.25,0.25
66,Train/Low/low00417.png,3,9.16734123939715,0.11252029617557949,0.25,0.25,0.25,0.25,0.25,0.25
66,Train/Low/low00417.png,4,9.112900934777226,0.11121633633226696,0.25,0.25,0.25,0.25,0.25,0.25
66,Train/Low/low00417.png,5,9.067035286680525,0.10958113785138533,0.25,0.25,0.25,0.25,0.25,0.25
66,Train/Low/low00417.png,6,9.029911670812092,0.10778143673021362,0.25,0.25,0.25,0.25,0.25,0.25
66,Train/Low/low00417.png,7,9.000899420244112,0.10594375499131359,0.25,0.25,0.25,0.25,0.25,0.25
66,Train/Low/low00417.png,8,8.979261152261946,0.10417635408320307,0.25,0.25,0.25,0.25,0.25,0.25
66,Train/Low/low00417.png,9,8.96428672500863,0.10257984607817582,0.25,0.25,0.25,0.25,0.25,0.25
66,Train/Low/low00417.png,10,8.956401200918148,0.10139895201796939,0.75,0.25,0.75,0.25,0.25,0.25
66,Train/Low/low00417.png,11,8.956697925760267,0.10072397972981562,0.75,0.25,0.75,0.25,0.25,0.25
66,Train/Low/low00417.png,12,8.958729148822714,0.10018895119275914,0.75,0.25,0.75,0.25,0.25,0.25
66,Train/Low/low00417.png,13,8.961521410070876,0.09976395537214985,0.75,0.25,0.75,0.25,0.25,0.25
66,Train/Low/low00417.png,14,8.962315320386786,0.09963109021879465,0.75,0.5,1.0,0.25,0.5,0.5
66,Train/Low/low00417.png,15,8.960368655638927,0.09962754365861151,0.75,0.5,1.0,0.25,0.5,0.5
66,Train/Low/low00417.png,16,8.958711987782257,0.0996698695321687,0.25,0.5,0.5,0.25,0.5,0.5
66,Train/Low/low00417.png,17,8.957790814539424,0.09976122561372398,0.25,0.5,0.5,0.25,0.5,0.5
66,Train/Low/low00417.png,18,8.957603703173723,0.09988332000296986,0.25,0.5,0.5,0.25,0.5,0.5
66,Train/Low/low00417.png,19,8.958080802722888,0.10001793502279495,0.25,0.5,0.5,0.25,0.5,0.5
66,Train/Low/low00417.png,20,8.95910926896336,0.10014891809697714,0.25,0.5,0.5,0.25,0.5,0.5
66,Train/Low/low00417.png,21,8.96059208709574,0.10027279418990422,0.25,0.5,0.5,0.25,0.25,0.25
66,Train/Low/low00417.png,22,8.962345184702865,0.1003762727879039,0.25,0.5,0.5,0.25,0.25,0.25
66,Train/Low/low00417.png,23,8.964125508230454,0.10044273408255833,0.25,0.5,0.5,0.25,0.25,0.25
66,Train/Low/low00417.png,24,8.969241668216263,0.10072881677274838,0.25,0.5,0.5,0.25,0.5,0.5
66,Train/Low/low00417.png,25,8.974760152898062,0.10103724967026907,0.25,0.5,0.5,0.25,0.5,0.5
66,Train/Low/low00417.png,26,8.979493988368688,0.10131300300640131,0.25,0.5,0.5,0.25,0.75,0.75
66,Train/Low/low00417.png,27,8.983232613525816,0.10153750938129202,0.25,0.5,0.5,0.25,0.75,0.75
66,Train/Low/low00417.png,28,8.985885058988867,0.10170476158431066,0.25,0.5,0.5,0.25,0.75,0.75
66,Train/Low/low00417.png,29,8.987454433408805,0.10181608823241294,0.25,0.5,0.5,0.25,0.75,0.75
66,Train/Low/low00417.png,30,8.988001322324331,0.10187447567010566,0.25,0.5,0.5,0.25,0.75,0.75
66,Train/Low/low00417.png,31,8.9876350216783,0.1018843568728835,0.25,0.5,0.5,0.25,0.75,0.75
66,Train/Low/low00417.png,32,8.986502083430668,0.10185137705878294,0.25,0.5,0.5,0.25,0.75,0.75
66,Train/Low/low00417.png,33,8.984776307169136,0.10178232720469971,0.25,0.5,0.5,0.25,0.75,0.75
66,Train/Low/low00417.png,34,8.98264644017577,0.10168497012772013,0.25,0.5,0.5,0.25,0.75,0.75
66,Train/Low/low00417.png,35,8.980305781766363,0.10156784709780427,0.25,0.5,0.5,0.25,0.75,0.75
66,Train/Low/low00417.png,36,8.97794060084729,0.10143994334816471,0.25,0.5,0.5,0.25,0.75,0.75
66,Train/Low/low00417.png,37,8.975720296311238,0.10131023564484534,0.25,0.5,0.5,0.25,0.75,0.75
66,Train/Low/low00417.png,38,8.9737883173388,0.1011871541040632,0.25,0.5,0.5,0.25,0.75,0.75
66,Train/Low/low00417.png,39,8.972256794951486,0.10107811340866364,0.25,0.5,0.5,0.25,0.75,0.75
66,Train/Low/low00417.png,40,8.971204208542346,0.1009891315045507,0.25,0.5,0.5,0.25,0.75,0.75
67,Train/Low/low00354.png,0,11.853193625148391,0.144753145773512,0.25,0.75,1.0,0.0,0.0,0.0
67,Train/Low/low00354.png,1,11.8528659321556,0.14483026564609597,0.0,0.25,0.25,0.0,0.0,0.0
67,Train/Low/low00354.png,2,11.870361855680606,0.14415613625773313,0.0,0.0,0.0,0.0,0.0,0.0
67,Train/Low/low00354.png,3,11.885810442675615,0.1433813970650383,0.0,0.0,0.0,0.0,0.0,0.0
67,Train/Low/low00354.png,4,11.898086115405142,0.14254981323216823,0.0,0.0,0.0,0.0,0.0,0.0
67,Train/Low/low00354.png,5,11.911548054802022,0.1414708644353551,0.0,0.0,0.0,0.0,0.0,0.0
67,Train/Low/low00354.png,6,11.927551143958908,0.14011557941428313,0.0,0.0,0.0,0.0,0.0,0.0
67,Train/Low/low00354.png,7,11.94788311744505,0.13844832261731546,0.0,0.0,0.0,0.0,0.0,0.0
67,Train/Low/low00354.png,8,11.972531358844627,0.1364905749453481,0.0,0.0,0.0,0.0,0.0,0.0
67,Train/Low/low00354.png,9,11.99477803383596,0.13447341043918554,0.0,0.25,0.25,0.0,0.0,0.0
67,Train/Low/low00354.png,10,12.012496163457625,0.13276467226686683,0.25,0.25,0.5,0.0,0.0,0.0
67,Train/Low/low00354.png,11,12.035418131444512,0.13119699887827904,0.25,0.25,0.5,0.0,0.0,0.0
67,Train/Low/low00354.png,12,12.03733803655613,0.13072576916751222,0.25,0.25,0.5,0.75,0.25,1.0
67,Train/Low/low00354.png,13,12.033035322143594,0.13099705530031433,0.25,0.25,0.5,0.75,0.25,1.0
67,Train/Low/low00354.png,14,12.031003669175291,0.1310686016460262,0.25,0.25,0.5,0.75,0.25,1.0
67,Train/Low/low00354.png,15,12.031342290052114,0.13096910329399183,0.25,0.25,0.5,0.75,0.25,1.0
67,Train/Low/low00354.png,16,12.03390797322923,0.13073368747910383,0.25,0.25,0.5,0.75,0.25,1.0
67,Train/Low/low00354.png,17,12.037685710228004,0.13044676665533803,0.25,0.25,0.5,0.75,0.25,1.0
67,Train/Low/low00354.png,18,12.04106210941884,0.13022427189946068,0.25,0.25,0.5,0.75,0.25,1.0
67,Train/Low/low00354.png,19,12.042813190383143,0.13014084463431613,0.25,0.25,0.5,0.75,0.25,1.0
67,Train/Low/low00354.png,20,12.0424784054618,0.1302082935382987,0.25,0.25,0.5,0.75,0.25,1.0
67,Train/Low/low00354.png,21,12.040275971813276,0.13039437965813233,0.25,0.25,0.5,0.75,0.25,1.0
67,Train/Low/low00354.png,22,12.037053494319013,0.13063272206953241,0.25,0.25,0.5,0.75,0.25,1.0
67,Train/Low/low00354.png,23,12.034042133428855,0.13083934752076817,0.25,0.25,0.5,0.75,0.25,1.0
67,Train/Low/low00354.png,24,12.032349058642271,0.13094493036469265,0.25,0.25,0.5,0.75,0.25,1.0
67,Train/Low/low00354.png,25,12.032492676458588,0.13092207134754816,0.25,0.25,0.5,0.75,0.25,1.0
67,Train/Low/low00354.png,26,12.034284986718806,0.1307883731452696,0.25,0.25,0.5,0.75,0.25,1.0
67,Train/Low/low00354.png,27,12.036976008183908,0.1305953326758877,0.25,0.25,0.5,0.75,0.25,1.0
67,Train/Low/low00354.png,28,12.039522270802314,0.13041255094244625,0.25,0.25,0.5,0.75,0.25,1.0
67,Train/Low/low00354.png,29,12.040973464139126,0.13030425971417472,0.25,0.25,0.5,0.75,0.25,1.0
67,Train/Low/low00354.png,30,12.040881292398831,0.13030242752876578,0.25,0.25,0.5,0.75,0.25,1.0
67,Train/Low/low00354.png,31,12.039461706104397,0.13039519539553235,0.25,0.25,0.5,0.75,0.25,1.0
67,Train/Low/low00354.png,32,12.037421223959297,0.1305376374914296,0.25,0.25,0.5,0.75,0.25,1.0
67,Train/Low/low00354.png,33,12.035614095446919,0.1306731598990457,0.25,0.25,0.5,0.75,0.25,1.0
67,Train/Low/low00354.png,34,12.034690688751615,0.13075545349069712,0.25,0.25,0.5,0.75,0.25,1.0
67,Train/Low/low00354.png,35,12.034856969791438,0.13076456347381624,0.25,0.25,0.5,0.75,0.25,1.0
67,Train/Low/low00354.png,36,12.035845153667193,0.1307108575069405,0.25,0.25,0.5,0.75,0.25,1.0
67,Train/Low/low00354.png,37,12.037101029860084,0.13062552571035635,0.25,0.25,0.5,0.75,0.25,1.0
67,Train/Low/low00354.png,38,12.03807753663471,0.13054414281783316,0.25,0.25,0.5,0.75,0.25,1.0
67,Train/Low/low00354.png,39,12.038468405024197,0.13049253003485015,0.25,0.25,0.5,0.75,0.25,1.0
67,Train/Low/low00354.png,40,12.038297901108786,0.1304801948253768,0.0,0.25,0.25,0.75,0.25,1.0
68,Train/Low/low00603.png,0,8.866582693483322,0.24376719386864437,1.0,0.0,1.0,0.0,0.0,0.0
68,Train/Low/low00603.png,1,8.949948220342788,0.2579652845574144,0.25,0.0,0.25,0.0,0.0,0.0
68,Train/Low/low00603.png,2,9.04215152591298,0.27308121689208725,0.25,0.0,0.25,0.0,0.0,0.0
68,Train/Low/low00603.png,3,9.14667078447576,0.2894897197302793,0.25,0.0,0.25,0.0,0.0,0.0
68,Train/Low/low00603.png,4,9.27190154067555,0.3081480530221415,0.0,0.0,0.0,0.0,0.0,0.0
68,Train/Low/low00603.png,5,9.420000610201248,0.3290014369400887,0.0,0.0,0.0,0.0,0.0,0.0
68,Train/Low/low00603.png,6,9.58608388422048,0.3510507072909124,0.0,0.0,0.0,0.0,0.0,0.0
68,Train/Low/low00603.png,7,9.767840311476432,0.37368054455073524,0.0,0.0,0.0,0.0,0.0,0.0
68,Train/Low/low00603.png,8,9.96399084379134,0.39644129283131213,0.0,0.0,0.0,0.0,0.0,0.0
68,Train/Low/low00603.png,9,10.13779563746532,0.41560090337764755,0.0,0.75,0.75,0.0,0.0,0.0
68,Train/Low/low00603.png,10,10.278464431626102,0.4308184276521064,0.0,0.75,0.75,0.0,0.0,0.0
68,Train/Low/low00603.png,11,10.422921982249303,0.44573816488782025,0.0,0.75,0.75,0.25,0.0,0.25
68,Train/Low/low00603.png,12,10.484740981944727,0.4518578331260909,0.0,0.75,0.75,0.75,0.0,0.75
68,Train/Low/low00603.png,13,10.535508978122305,0.45680916331021304,0.0,0.75,0.75,0.75,0.0,0.75
68,Train/Low/low00603.png,14,10.581321437714518,0.4612037813813361,0.0,0.75,0.75,0.75,0.0,0.75
68,Train/Low/low00603.png,15,10.618107693245625,0.46470458837231415,0.0,1.0,1.0,0.75,0.0,0.75
68,Train/Low/low00603.png,16,10.639464742467082,0.4668084407980143,0.0,1.0,1.0,0.75,0.0,0.75
68,Train/Low/low00603.png,17,10.658276353175989,0.46864537490290054,0.0,1.0,1.0,0.75,0.0,0.75
68,Train/Low/low00603.png,18,10.670050492034878,0.46985089519388973,0.0,0.75,0.75,0.75,0.0,0.75
68,Train/Low/low00603.png,19,10.675410744790723,0.47049329766366904,0.0,0.75,0.75,0.75,0.0,0.75
68,Train/Low/low00603.png,20,10.675987939224694,0.4707195836470161,0.0,0.75,0.75,0.75,0.0,0.75
68,Train/Low/low00603.png,21,10.67350962396392,0.4706821348638865,0.0,0.75,0.75,0.75,0.0,0.75
68,Train/Low/low00603.png,22,10.669685477370386,0.4705320283433045,0.0,0.75,0.75,0.75,0.0,0.75
68,Train/Low/low00603.png,23,10.666134955859647,0.4704142578212354,0.0,0.75,0.75,0.75,0.0,0.75
68,Train/Low/low00603.png,24,10.6643280763394,0.4704624584249015,0.0,0.75,0.75,0.75,0.0,0.75
68,Train/Low/low00603.png,25,10.665522906650768,0.47079192302666134,0.0,0.75,0.75,0.75,0.0,0.75
68,Train/Low/low00603.png,26,10.670705210743103,0.47149216334850613,0.0,0.75,0.75,0.75,0.0,0.75
68,Train/Low/low00603.png,27,10.680540921248689,0.4726206156172276,0.0,0.75,0.75,0.75,0.0,0.75
68,Train/Low/low00603.png,28,10.695370451545646,0.4742007050301268,0.0,0.75,0.75,0.75,0.0,0.75
68,Train/Low/low00603.png,29,10.715238382065378,0.4762239331976458,0.0,0.75,0.75,0.75,0.0,0.75
68,Train/Low/low00603.png,30,10.73993367961551,0.4786536170415737,0.0,0.75,0.75,0.75,0.0,0.75
68,Train/Low/low00603.png,31,10.742922425925867,0.4789719115757992,0.0,0.75,0.75,1.0,0.0,1.0
68,Train/Low/low00603.png,32,10.742683352596327,0.4789523786608563,0.0,0.75,0.75,1.0,0.0,1.0
68,Train/Low/low00603.png,33,10.74461696851358,0.47911019691277645,0.0,0.75,0.75,1.0,0.0,1.0
68,Train/Low/low00603.png,34,10.748418796648942,0.47941960669668665,0.0,0.75,0.75,1.0,0.0,1.0
68,Train/Low/low00603.png,35,10.753703623497595,0.4798477347975061,0.0,0.75,0.75,1.0,0.0,1.0
68,Train/Low/low00603.png,36,10.760027867026682,0.48035703498300986,0.0,0.75,0.75,1.0,0.0,1.0
68,Train/Low/low00603.png,37,10.766910778808763,0.4809075044783275,0.0,0.75,0.75,1.0,0.0,1.0
68,Train/Low/low00603.png,38,10.773858525947267,0.48145906781748765,0.0,0.75,0.75,1.0,0.0,1.0
68,Train/Low/low00603.png,39,10.780392122625441,0.4819739513971921,0.0,0.75,0.75,1.0,0.0,1.0
68,Train/Low/low00603.png,40,10.786079264335267,0.4824190977464511,0.0,0.75,0.75,1.0,0.0,1.0
69,Train/Low/low00260.png,0,6.825753222167422,0.046550923077607415,1.0,0.0,1.0,0.0,0.0,0.0
69,Train/Low/low00260.png,1,6.87381667599789,0.05102395820998208,0.0,0.0,0.0,0.0,0.0,0.0
69,Train/Low/low00260.png,2,6.9257090661508816,0.05598566164494416,0.0,0.0,0.0,0.0,0.0,0.0
69,Train/Low/low00260.png,3,6.980902653400682,0.06138336264569582,0.0,0.0,0.0,0.0,0.0,0.0
69,Train/Low/low00260.png,4,7.039198070144799,0.06720518816426636,0.0,0.0,0.0,0.0,0.0,0.0
69,Train/Low/low00260.png,5,7.101747416140559,0.07361514522044582,0.0,0.0,0.0,0.0,0.0,0.0
69,Train/Low/low00260.png,6,7.169131979024931,0.08067036746893781,0.0,0.0,0.0,0.0,0.0,0.0
69,Train/Low/low00260.png,7,7.240857085570774,0.08827532047813316,0.0,0.0,0.0,0.0,0.0,0.0
69,Train/Low/low00260.png,8,7.3164657065497956,0.09634842301034116,0.0,0.0,0.0,0.0,0.0,0.0
69,Train/Low/low00260.png,9,7.384835266231028,0.10372333450070002,0.0,0.75,0.75,0.0,0.0,0.0
69,Train/Low/low00260.png,10,7.4331103617720515,0.10907027855060708,0.0,0.75,0.75,0.0,0.0,0.0
69,Train/Low/low00260.png,11,7.482158741845186,0.11451138732557498,0.0,0.75,0.75,0.0,0.0,0.0
69,Train/Low/low00260.png,12,7.5129252938280455,0.1180802424345848,0.25,0.75,1.0,0.75,0.0,0.75
69,Train/Low/low00260.png,13,7.518439314283503,0.11886038693577038,0.25,0.75,1.0,0.75,0.0,0.75
69,Train/Low/low00260.png,14,7.5239082011146134,0.11964550201999502,0.25,0.75,1.0,0.75,0.0,0.75
69,Train/Low/low00260.png,15,7.5289208703901505,0.12037430120929624,0.25,0.75,1.0,0.75,0.0,0.75
69,Train/Low/low00260.png,16,7.533131619173188,0.12099279833159134,0.25,0.75,1.0,0.75,0.0,0.75
69,Train/Low/low00260.png,17,7.536261552392455,0.12145603140452159,0.25,0.75,1.0,0.75,0.0,0.75
69,Train/Low/low00260.png,18,7.5381966780538265,0.12174384206495617,0.25,0.75,1.0,0.75,0.0,0.75
69,Train/Low/low00260.png,19,7.538965982680851,0.1218585506095979,0.25,0.75,1.0,0.75,0.0,0.75
69,Train/Low/low00260.png,20,7.538688876634918,0.12181721355504659,0.25,0.75,1.0,0.75,0.0,0.75
69,Train/Low/low00260.png,21,7.537526624151319,0.12164406796956032,0.25,0.75,1.0,0.75,0.0,0.75
69,Train/Low/low00260.png,22,7.535657367314737,0.12136638890799224,0.25,0.75,1.0,0.75,0.0,0.75
69,Train/Low/low00260.png,23,7.533265159767762,0.12101250479028751,0.25,0.75,1.0,0.75,0.0,0.75
69,Train/Low/low00260.png,24,7.530533248409933,0.1206104787682003,0.25,0.75,1.0,0.75,0.0,0.75
69,Train/Low/low00260.png,25,7.527641678869182,0.1201875220296999,0.25,0.75,1.0,0.75,0.0,0.75
69,Train/Low/low00260.png,26,7.524768691481554,0.11976999939412375,0.25,0.75,1.0,0.75,0.0,0.75
69,Train/Low/low00260.png,27,7.522060485253107,0.11937903292158401,0.25,0.75,1.0,0.75,0.0,0.75
69,Train/Low/low00260.png,28,7.5196406833882214,0.11903192068282563,0.25,0.75,1.0,0.75,0.0,0.75
69,Train/Low/low00260.png,29,7.5176510685641365,0.11874813940494788,0.25,0.75,1.0,0.75,0.0,0.75
69,Train/Low/low00260.png,30,7.516211851191432,0.11854380463985639,0.25,0.75,1.0,0.75,0.0,0.75
69,Train/Low/low00260.png,31,7.515383330899306,0.11842654120607146,0.25,0.75,1.0,0.75,0.0,0.75
69,Train/Low/low00260.png,32,7.515164956497325,0.11839567555854026,0.25,0.75,1.0,0.75,0.0,0.75
69,Train/Low/low00260.png,33,7.515510877224097,0.11844457505195959,0.25,0.75,1.0,0.75,0.0,0.75
69,Train/Low/low00260.png,34,7.516344211957904,0.11856256120210619,0.25,0.75,1.0,0.75,0.0,0.75
69,Train/Low/low00260.png,35,7.517562131697564,0.11873548878323581,0.25,0.75,1.0,0.75,0.0,0.75
69,Train/Low/low00260.png,36,7.519038921522462,0.11894592978934738,0.25,0.75,1.0,0.75,0.0,0.75
69,Train/Low/low00260.png,37,7.520634133473697,0.11917416752655301,0.25,0.75,1.0,0.75,0.0,0.75
69,Train/Low/low00260.png,38,7.522210811695777,0.11940066743596421,0.25,0.75,1.0,0.75,0.0,0.75
69,Train/Low/low00260.png,39,7.523655527322063,0.11960898875033163,0.25,0.75,1.0,0.75,0.0,0.75
69,Train/Low/low00260.png,40,7.524887638736542,0.11978723363743948,0.25,0.75,1.0,0.75,0.0,0.75
70,Train/Low/low00628.png,0,8.056995841242404,0.22335563701361247,1.0,0.0,1.0,0.0,0.0,0.0
70,Train/Low/low00628.png,1,8.22412783158343,0.24517086654674794,0.0,0.0,0.0,0.0,0.0,0.0
70,Train/Low/low00628.png,2,8.404027636528271,0.26804778579624144,0.0,0.0,0.0,0.0,0.0,0.0
70,Train/Low/low00628.png,3,8.59745761378386,0.2918873898688563,0.0,0.0,0.0,0.0,0.0,0.0
70,Train/Low/low00628.png,4,8.805142134000523,0.3165538907242242,0.0,0.0,0.0,0.0,0.0,0.0
70,Train/Low/low00628.png,5,9.0276659957416,0.3418605445868642,0.0,0.0,0.0,0.0,0.0,0.0
70,Train/Low/low00628.png,6,9.265410961607751,0.3675695456721275,0.0,0.0,0.0,0.0,0.0,0.0
70,Train/Low/low00628.png,7,9.518549080555195,0.393404080226598,0.0,0.0,0.0,0.0,0.0,0.0
70,Train/Low/low00628.png,8,9.78696442640234,0.419055705805186,0.0,0.0,0.0,0.0,0.0,0.0
70,Train/Low/low00628.png,9,9.993659558164614,0.4381699428329127,0.0,1.0,1.0,0.0,0.0,0.0
70,Train/Low/low00628.png,10,10.137007253176474,0.4515753580820495,0.0,1.0,1.0,0.0,0.0,0.0
70,Train/Low/low00628.png,11,10.280764678723775,0.4645141438074911,0.0,1.0,1.0,0.25,0.0,0.25
70,Train/Low/low00628.png,12,10.288724870812523,0.46533047541504435,0.0,1.0,1.0,1.0,0.0,1.0
70,Train/Low/low00628.png,13,10.288724870812523,0.46533047541504435,0.0,1.0,1.0,1.0,0.0,1.0
70,Train/Low/low00628.png,14,10.288724870812523,0.46533047541504435,0.0,1.0,1.0,1.0,0.0,1.0
70,Train/Low/low00628.png,15,10.288724870812523,0.46533047541504435,0.0,1.0,1.0,1.0,0.0,1.0
70,Train/Low/low00628.png,16,10.288724870812523,0.46533047541504435,0.0,1.0,1.0,1.0,0.0,1.0
70,Train/Low/low00628.png,17,10.288724870812523,0.46533047541504435,0.0,1.0,1.0,1.0,0.0,1.0
70,Train/Low/low00628.png,18,10.288724870812523,0.46533047541504435,0.0,1.0,1.0,1.0,0.0,1.0
70,Train/Low/low00628.png,19,10.288724870812523,0.46533047541504435,0.0,1.0,1.0,1.0,0.0,1.0
70,Train/Low/low00628.png,20,10.288724870812523,0.46533047541504435,0.0,1.0,1.0,1.0,0.0,1.0
70,Train/Low/low00628.png,21,10.288724870812523,0.46533047541504435,0.0,1.0,1.0,1.0,0.0,1.0
70,Train/Low/low00628.png,22,10.288724870812523,0.46533047541504435,0.0,1.0,1.0,1.0,0.0,1.0
70,Train/Low/low00628.png,23,10.288724870812523,0.46533047541504435,0.0,1.0,1.0,1.0,0.0,1.0
70,Train/Low/low00628.png,24,10.288724870812523,0.46533047541504435,0.0,1.0,1.0,1.0,0.0,1.0
70,Train/Low/low00628.png,25,10.288724870812523,0.46533047541504435,0.0,1.0,1.0,1.0,0.0,1.0
70,Train/Low/low00628.png,26,10.288724870812523,0.46533047541504435,0.0,1.0,1.0,1.0,0.0,1.0
70,Train/Low/low00628.png,27,10.288724870812523,0.46533047541504435,0.0,1.0,1.0,1.0,0.0,1.0
70,Train/Low/low00628.png,28,10.288724870812523,0.46533047541504435,0.0,1.0,1.0,1.0,0.0,1.0
70,Train/Low/low00628.png,29,10.288724870812523,0.46533047541504435,0.0,1.0,1.0,1.0,0.0,1.0
70,Train/Low/low00628.png,30,10.288724870812523,0.46533047541504435,0.0,1.0,1.0,1.0,0.0,1.0
70,Train/Low/low00628.png,31,10.288724870812523,0.46533047541504435,0.0,1.0,1.0,1.0,0.0,1.0
70,Train/Low/low00628.png,32,10.288724870812523,0.46533047541504435,0.0,1.0,1.0,1.0,0.0,1.0
70,Train/Low/low00628.png,33,10.288724870812523,0.46533047541504435,0.0,1.0,1.0,1.0,0.0,1.0
70,Train/Low/low00628.png,34,10.288724870812523,0.46533047541504435,0.0,1.0,1.0,1.0,0.0,1.0
70,Train/Low/low00628.png,35,10.288724870812523,0.46533047541504435,0.0,1.0,1.0,1.0,0.0,1.0
70,Train/Low/low00628.png,36,10.288724870812523,0.46533047541504435,0.0,1.0,1.0,1.0,0.0,1.0
70,Train/Low/low00628.png,37,10.288724870812523,0.46533047541504435,0.0,1.0,1.0,1.0,0.0,1.0
70,Train/Low/low00628.png,38,10.288724870812523,0.46533047541504435,0.0,1.0,1.0,1.0,0.0,1.0
70,Train/Low/low00628.png,39,10.288724870812523,0.46533047541504435,0.0,1.0,1.0,1.0,0.0,1.0
70,Train/Low/low00628.png,40,10.288724870812523,0.46533047541504435,0.0,1.0,1.0,1.0,0.0,1.0
71,Train/Low/low00493.png,0,11.165640827916558,0.16436256831231916,1.0,0.0,1.0,0.0,0.0,0.0
71,Train/Low/low00493.png,1,11.283936757175683,0.17654288244938482,0.0,0.0,0.0,0.0,0.0,0.0
71,Train/Low/low00493.png,2,11.41148507461579,0.18969103758971564,0.0,0.0,0.0,0.0,0.0,0.0
71,Train/Low/low00493.png,3,11.548389266475478,0.20374942715845049,0.0,0.0,0.0,0.0,0.0,0.0
71,Train/Low/low00493.png,4,11.695171643689065,0.21872650481583247,0.0,0.0,0.0,0.0,0.0,0.0
71,Train/Low/low00493.png,5,11.853225566029797,0.23475722306414123,0.0,0.0,0.0,0.0,0.0,0.0
71,Train/Low/low00493.png,6,12.021530658906714,0.2516637829793474,0.0,0.0,0.0,0.0,0.0,0.0
71,Train/Low/low00493.png,7,12.196058462992486,0.26895599994007074,0.0,0.0,0.0,0.0,0.0,0.0
71,Train/Low/low00493.png,8,12.371784778555233,0.2860653374966718,0.0,0.0,0.0,0.0,0.0,0.0
71,Train/Low/low00493.png,9,12.511275728977003,0.29978632926852,0.0,0.75,0.75,0.0,0.0,0.0
71,Train/Low/low00493.png,10,12.60492672112932,0.30938754962746956,0.0,1.0,1.0,0.0,0.0,0.0
71,Train/Low/low00493.png,11,12.686233448851198,0.3178152955267734,0.0,1.0,1.0,0.25,0.0,0.25
71,Train/Low/low00493.png,12,12.700293321736908,0.319933699836993,0.0,1.0,1.0,0.5,0.0,0.5
71,Train/Low/low00493.png,13,12.688390362164101,0.31891329477125646,0.0,1.0,1.0,0.75,0.0,0.75
71,Train/Low/low00493.png,14,12.672339647728336,0.31746387765450323,0.0,0.75,0.75,0.75,0.0,0.75
71,Train/Low/low00493.png,15,12.65401154337929,0.31583069117984036,0.0,0.75,0.75,0.75,0.0,0.75
71,Train/Low/low00493.png,16,12.634980670016116,0.3141530419771436,0.0,0.75,0.75,0.75,0.0,0.75
71,Train/Low/low00493.png,17,12.616999926957837,0.31258252175106555,0.0,0.75,0.75,0.75,0.0,0.75
71,Train/Low/low00493.png,18,12.602071497780134,0.31128773856926084,0.0,0.75,0.75,0.75,0.0,0.75
71,Train/Low/low00493.png,19,12.591899132019444,0.3104076614383029,0.0,0.75,0.75,0.75,0.0,0.75
71,Train/Low/low00493.png,20,12.587212116388205,0.3099972337585622,0.0,0.75,0.75,0.75,0.0,0.75
71,Train/Low/low00493.png,21,12.587806816728143,0.31003493201255644,0.0,0.75,0.75,0.75,0.0,0.75
71,Train/Low/low00493.png,22,12.59293546725209,0.3104569956927521,0.0,0.75,0.75,0.75,0.0,0.75
71,Train/Low/low00493.png,23,12.601555681609756,0.3111773998068739,0.0,0.75,0.75,0.75,0.0,0.75
71,Train/Low/low00493.png,24,12.61201573253308,0.3120619595720824,0.0,1.0,1.0,0.75,0.0,0.75
71,Train/Low/low00493.png,25,12.619926495323364,0.3127607482514871,0.0,1.0,1.0,0.75,0.0,0.75
71,Train/Low/low00493.png,26,12.627912903183082,0.31346903366085505,0.0,1.0,1.0,0.75,0.0,0.75
71,Train/Low/low00493.png,27,12.635292914314284,0.31412597140908055,0.0,1.0,1.0,0.75,0.0,0.75
71,Train/Low/low00493.png,28,12.641507364289852,0.31468090203680077,0.0,1.0,1.0,0.75,0.0,0.75
71,Train/Low/low00493.png,29,12.64616255517467,0.31509759870399545,0.0,1.0,1.0,0.75,0.0,0.75
71,Train/Low/low00493.png,30,12.649040788319477,0.315355667887782,0.0,1.0,1.0,0.75,0.0,0.75
71,Train/Low/low00493.png,31,12.649682849746288,0.31541769142974385,0.0,0.75,0.75,0.75,0.0,0.75
71,Train/Low/low00493.png,32,12.647746191937896,0.31525766240371367,0.0,0.75,0.75,0.75,0.0,0.75
71,Train/Low/low00493.png,33,12.643647411178375,0.31491163370297925,0.0,0.75,0.75,0.75,0.0,0.75
71,Train/Low/low00493.png,34,12.637986209563877,0.3144316604214388,0.0,0.75,0.75,0.75,0.0,0.75
71,Train/Low/low00493.png,35,12.631492254285753,0.3138809082983724,0.0,0.75,0.75,0.75,0.0,0.75
71,Train/Low/low00493.png,36,12.624966351086616,0.3133282315347666,0.0,0.75,0.75,0.75,0.0,0.75
71,Train/Low/low00493.png,37,12.619202456019188,0.3128413664073143,0.0,0.75,0.75,0.75,0.0,0.75
71,Train/Low/low00493.png,38,12.614881683330443,0.31247788311988606,0.0,0.75,0.75,0.75,0.0,0.75
71,Train/Low/low00493.png,39,12.612463944288443,0.31227631089236774,0.0,0.75,0.75,0.75,0.0,0.75
71,Train/Low/low00493.png,40,12.612118816533355,0.3122506276385218,0.0,0.75,0.75,0.75,0.0,0.75
72,Train/Low/low00298.png,0,8.900799728355885,0.10847780251402736,0.5,0.5,1.0,0.0,0.0,0.0
72,Train/Low/low00298.png,1,8.954291168596889,0.10921228456178275,0.0,0.25,0.25,0.0,0.0,0.0
72,Train/Low/low00298.png,2,9.013252844448841,0.10964843557312857,0.0,0.25,0.25,0.0,0.0,0.0
72,Train/Low/low00298.png,3,9.079698024100846,0.1098093376324126,0.0,0.25,0.25,0.0,0.0,0.0
72,Train/Low/low00298.png,4,9.156139150039522,0.1097552535358856,0.0,0.25,0.25,0.0,0.0,0.0
72,Train/Low/low00298.png,5,9.243187360442514,0.1095668997805358,0.0,0.25,0.25,0.0,0.0,0.0
72,Train/Low/low00298.png,6,9.339056161213952,0.1093029076491858,0.0,0.25,0.25,0.0,0.0,0.0
72,Train/Low/low00298.png,7,9.4410854943008,0.10899053295214448,0.0,0.25,0.25,0.0,0.0,0.0
72,Train/Low/low00298.png,8,9.546790942349862,0.10863906220000888,0.0,0.25,0.25,0.0,0.0,0.0
72,Train/Low/low00298.png,9,9.649380291706635,0.10831169913409035,0.0,0.5,0.5,0.0,0.0,0.0
72,Train/Low/low00298.png,10,9.733526332955952,0.1082208619002844,0.0,0.75,0.75,0.0,0.0,0.0
72,Train/Low/low00298.png,11,9.810949806419012,0.10822356202453441,0.0,0.75,0.75,0.0,0.0,0.0
72,Train/Low/low00298.png,12,9.871936937531716,0.10820608495149633,0.0,0.75,0.75,0.5,0.0,0.5
72,Train/Low/low00298.png,13,9.902239216618872,0.10820282255078494,0.0,0.75,0.75,0.75,0.0,0.75
72,Train/Low/low00298.png,14,9.922954088347591,0.10822701324273835,0.0,0.75,0.75,0.75,0.0,0.75
72,Train/Low/low00298.png,15,9.942281898538024,0.10825851222743343,0.0,0.75,0.75,0.75,0.0,0.75
72,Train/Low/low00298.png,16,9.95972474717579,0.10830464028766092,0.0,0.75,0.75,0.75,0.0,0.75
72,Train/Low/low00298.png,17,9.975045110986343,0.10836980068616228,0.0,0.75,0.75,0.75,0.0,0.75
72,Train/Low/low00298.png,18,9.988237954891899,0.10845529756155338,0.0,0.75,0.75,0.75,0.0,0.75
72,Train/Low/low00298.png,19,9.999483056315468,0.10855980756736404,0.0,0.75,0.75,0.75,0.0,0.75
72,Train/Low/low00298.png,20,10.009092618072518,0.10868010439154033,0.0,0.75,0.75,0.75,0.0,0.75
72,Train/Low/low00298.png,21,10.017459814485075,0.10881175657825992,0.0,0.75,0.75,0.75,0.0,0.75
72,Train/Low/low00298.png,22,10.025013757479817,0.10894973409508259,0.0,0.75,0.75,0.75,0.0,0.75
72,Train/Low/low00298.png,23,10.032182642728626,0.10908888241342932,0.0,0.75,0.75,0.75,0.0,0.75
72,Train/Low/low00298.png,24,10.039361635909717,0.10922427052632487,0.0,0.75,0.75,0.75,0.0,0.75
72,Train/Low/low00298.png,25,10.046889274352647,0.1093514897732263,0.0,0.75,0.75,0.75,0.0,0.75
72,Train/Low/low00298.png,26,10.055030259351232,0.10946683025163749,0.0,0.75,0.75,0.75,0.0,0.75
72,Train/Low/low00298.png,27,10.070179422132227,0.10946128380630205,0.25,0.75,1.0,0.75,0.0,0.75
72,Train/Low/low00298.png,28,10.086872354320203,0.10942236692252094,0.25,0.75,1.0,0.75,0.0,0.75
72,Train/Low/low00298.png,29,10.103183146500776,0.10937979944957925,0.25,0.75,1.0,0.75,0.0,0.75
72,Train/Low/low00298.png,30,10.108417164076622,0.1093652478472169,0.25,0.75,1.0,1.0,0.0,1.0
72,Train/Low/low00298.png,31,10.108417164076622,0.1093652478472169,0.25,0.75,1.0,1.0,0.0,1.0
72,Train/Low/low00298.png,32,10.108417164076622,0.1093652478472169,0.25,0.75,1.0,1.0,0.0,1.0
72,Train/Low/low00298.png,33,10.108417164076622,0.1093652478472169,0.25,0.75,1.0,1.0,0.0,1.0
72,Train/Low/low00298.png,34,10.10835814592822,0.1093662565233813,0.25,0.5,0.75,1.0,0.0,1.0
72,Train/Low/low00298.png,35,10.108229165913457,0.10936846164520601,0.25,0.5,0.75,1.0,0.0,1.0
72,Train/Low/low00298.png,36,10.10803821527016,0.1093717260491523,0.25,0.5,0.75,1.0,0.0,1.0
72,Train/Low/low00298.png,37,10.107793839865572,0.10937590248664628,0.25,0.5,0.75,1.0,0.0,1.0
72,Train/Low/low00298.png,38,10.107505130201185,0.10938083431589762,0.25,0.5,0.75,1.0,0.0,1.0
72,Train/Low/low00298.png,39,10.107181558437793,0.10938636012394237,0.25,0.5,0.75,1.0,0.0,1.0
72,Train/Low/low00298.png,40,10.106832434717326,0.10939232039361707,0.25,0.5,0.75,1.0,0.0,1.0
73,Train/Low/low00398.png,0,6.843747363891063,0.08054350388061303,0.0,1.0,1.0,0.0,0.0,0.0
73,Train/Low/low00398.png,1,6.732558950646452,0.07970349584390982,0.0,0.0,0.0,0.0,0.0,0.0
73,Train/Low/low00398.png,2,6.6324334634866275,0.07877028021726044,0.0,0.0,0.0,0.0,0.0,0.0
73,Train/Low/low00398.png,3,6.546458043289677,0.07781182661831179,0.0,0.0,0.0,0.0,0.0,0.0
73,Train/Low/low00398.png,4,6.472588050651068,0.0768177168227197,0.0,0.0,0.0,0.0,0.0,0.0
73,Train/Low/low00398.png,5,6.409080846063598,0.0757837727248809,0.0,0.0,0.0,0.0,0.0,0.0
73,Train/Low/low00398.png,6,6.355290478393357,0.07472999730986778,0.0,0.0,0.0,0.0,0.0,0.0
73,Train/Low/low00398.png,7,6.309501975903094,0.07367213765268509,0.0,0.25,0.25,0.0,0.0,0.0
73,Train/Low/low00398.png,8,6.265277031015451,0.07256190035898019,0.0,0.25,0.25,0.0,0.0,0.0
73,Train/Low/low00398.png,9,6.22872338968265,0.07154737672426702,0.0,0.25,0.25,0.0,0.0,0.0
73,Train/Low/low00398.png,10,6.199087179265589,0.07066502060751963,0.0,0.25,0.25,0.0,0.0,0.0
73,Train/Low/low00398.png,11,6.175585711558254,0.0699368668540213,0.0,0.25,0.25,0.0,0.0,0.0
73,Train/Low/low00398.png,12,6.164944582203091,0.06956189813496325,0.0,0.25,0.25,0.0,0.25,0.25
73,Train/Low/low00398.png,13,6.159780717189152,0.06935787480470428,0.0,0.25,0.25,0.0,0.25,0.25
73,Train/Low/low00398.png,14,6.161436628588177,0.06925881668454566,0.0,0.25,0.25,0.0,0.5,0.5
73,Train/Low/low00398.png,15,6.168753793569808,0.06931376030462348,0.0,0.25,0.25,0.0,0.75,0.75
73,Train/Low/low00398.png,16,6.179643932348071,0.06949495370763321,0.0,0.25,0.25,0.0,0.75,0.75
73,Train/Low/low00398.png,17,6.191709052998694,0.06971130668039453,0.0,0.25,0.25,0.0,0.75,0.75
73,Train/Low/low00398.png,18,6.204382591393694,0.06994516118105609,0.0,0.25,0.25,0.0,0.75,0.75
73,Train/Low/low00398.png,19,6.214784592383184,0.0701964806195385,0.0,0.5,0.5,0.0,0.75,0.75
73,Train/Low/low00398.png,20,6.222802315847234,0.07045142392902798,0.0,0.5,0.5,0.0,0.75,0.75
73,Train/Low/low00398.png,21,6.230643968280698,0.07068422933122613,0.0,0.5,0.5,0.0,0.75,0.75
73,Train/Low/low00398.png,22,6.2380174155180566,0.07088811092684066,0.0,0.5,0.5,0.0,0.75,0.75
73,Train/Low/low00398.png,23,6.244659097158506,0.07105852516668758,0.0,0.5,0.5,0.0,0.75,0.75
73,Train/Low/low00398.png,24,6.250352250854538,0.07119284689849079,0.0,0.5,0.5,0.0,0.75,0.75
73,Train/Low/low00398.png,25,6.254941264122895,0.07129000518904315,0.0,0.5,0.5,0.0,0.75,0.75
73,Train/Low/low00398.png,26,6.258336928192396,0.07135003030733784,0.0,0.5,0.5,0.0,0.75,0.75
73,Train/Low/low00398.png,27,6.260514319188082,0.07137376690746076,0.0,0.5,0.5,0.0,0.75,0.75
73,Train/Low/low00398.png,28,6.261181428019496,0.07136477900409353,0.0,0.25,0.25,0.0,0.75,0.75
73,Train/Low/low00398.png,29,6.26034182593873,0.07132597305058934,0.0,0.25,0.25,0.0,0.75,0.75
73,Train/Low/low00398.png,30,6.25819723400994,0.07126031501068811,0.0,0.25,0.25,0.0,0.75,0.75
73,Train/Low/low00398.png,31,6.254991373431981,0.07117176097173425,0.0,0.25,0.25,0.0,0.75,0.75
73,Train/Low/low00398.png,32,6.250991018453935,0.07106519348273985,0.0,0.25,0.25,0.0,0.75,0.75
73,Train/Low/low00398.png,33,6.2464682736542665,0.07094624282362959,0.0,0.25,0.25,0.0,0.75,0.75
73,Train/Low/low00398.png,34,6.2416872703213455,0.07082097828641619,0.0,0.25,0.25,0.0,0.75,0.75
73,Train/Low/low00398.png,35,6.236892427286494,0.07069551584372318,0.0,0.25,0.25,0.0,0.75,0.75
73,Train/Low/low00398.png,36,6.2322980469684595,0.0705754954927451,0.0,0.25,0.25,0.0,0.75,0.75
73,Train/Low/low00398.png,37,6.228081469565504,0.07046565007377097,0.0,0.25,0.25,0.0,0.75,0.75
73,Train/Low/low00398.png,38,6.224378430148364,0.07036945030155982,0.0,0.25,0.25,0.0,0.75,0.75
73,Train/Low/low00398.png,39,6.221281261281443,0.07028895643272491,0.0,0.25,0.25,0.0,0.75,0.75
73,Train/Low/low00398.png,40,6.218838442162382,0.07022475029167534,0.0,0.25,0.25,0.0,0.75,0.75
74,Train/Low/low00659.png,0,7.404494676125582,0.2210756130103441,1.0,0.0,1.0,0.0,0.0,0.0
74,Train/Low/low00659.png,1,7.574899962518456,0.24257066577829128,0.0,0.0,0.0,0.0,0.0,0.0
74,Train/Low/low00659.png,2,7.757515164613967,0.26509843308197095,0.0,0.0,0.0,0.0,0.0,0.0
74,Train/Low/low00659.png,3,7.952335925075179,0.2884787861735064,0.0,0.0,0.0,0.0,0.0,0.0
74,Train/Low/low00659.png,4,8.159393499900222,0.31252582186549616,0.0,0.0,0.0,0.0,0.0,0.0
74,Train/Low/low00659.png,5,8.378604382742914,0.3370345539777991,0.0,0.0,0.0,0.0,0.0,0.0
74,Train/Low/low00659.png,6,8.609346539744646,0.3617386845156961,0.0,0.0,0.0,0.0,0.0,0.0
74,Train/Low/low00659.png,7,8.849939403270655,0.3862928514488341,0.0,0.0,0.0,0.0,0.0,0.0
74,Train/Low/low00659.png,8,9.09749785097638,0.41029913377649857,0.0,0.0,0.0,0.0,0.0,0.0
74,Train/Low/low00659.png,9,9.308576996073683,0.42961033170902907,0.0,0.75,0.75,0.0,0.0,0.0
74,Train/Low/low00659.png,10,9.461655221256297,0.4432801986124142,0.0,1.0,1.0,0.0,0.0,0.0
74,Train/Low/low00659.png,11,9.589730754203561,0.4552038757602043,0.0,1.0,1.0,0.0,0.0,0.0
74,Train/Low/low00659.png,12,9.62685961703794,0.458085947570881,0.0,1.0,1.0,1.0,0.0,1.0
74,Train/Low/low00659.png,13,9.622021892547878,0.4578524809525777,0.0,0.75,0.75,1.0,0.0,1.0
74,Train/Low/low00659.png,14,9.609428233923312,0.45724049605079903,0.0,0.75,0.75,1.0,0.0,1.0
74,Train/Low/low00659.png,15,9.59113249909962,0.4563406230369489,0.0,0.75,0.75,1.0,0.0,1.0
74,Train/Low/low00659.png,16,9.569037600653441,0.4552370244395965,0.0,0.75,0.75,1.0,0.0,1.0
74,Train/Low/low00659.png,17,9.544904794826195,0.45401091296741003,0.0,0.75,0.75,1.0,0.0,1.0
74,Train/Low/low00659.png,18,9.520367485172152,0.4527425952786105,0.0,0.75,0.75,1.0,0.0,1.0
74,Train/Low/low00659.png,19,9.496912526098257,0.45151038938719085,0.0,0.75,0.75,1.0,0.0,1.0
74,Train/Low/low00659.png,20,9.475829981081818,0.4503868039502595,0.0,0.75,0.75,1.0,0.0,1.0
74,Train/Low/low00659.png,21,9.458144950657177,0.4494329491834293,0.0,0.75,0.75,1.0,0.0,1.0
74,Train/Low/low00659.png,22,9.44456712281833,0.44869380109453844,0.0,0.75,0.75,1.0,0.0,1.0
74,Train/Low/low00659.png,23,9.435474681157194,0.4481955926286816,0.0,0.75,0.75,1.0,0.0,1.0
74,Train/Low/low00659.png,24,9.430937070053718,0.44794600076132113,0.0,0.75,0.75,1.0,0.0,1.0
74,Train/Low/low00659.png,25,9.430762745605355,0.44793640064364354,0.0,0.75,0.75,1.0,0.0,1.0
74,Train/Low/low00659.png,26,9.434554830849606,0.44814504652391196,0.0,0.75,0.75,1.0,0.0,1.0
74,Train/Low/low00659.png,27,9.441760092909234,0.44854026821544757,0.0,0.75,0.75,1.0,0.0,1.0
74,Train/Low/low00659.png,28,9.451706838256694,0.449083199643024,0.0,0.75,0.75,1.0,0.0,1.0
74,Train/Low/low00659.png,29,9.463633005721402,0.4497300382089478,0.0,0.75,0.75,1.0,0.0,1.0
74,Train/Low/low00659.png,30,9.47671243392691,0.4504341309422411,0.0,0.75,0.75,1.0,0.0,1.0
74,Train/Low/low00659.png,31,9.490083134580782,0.4511480553043249,0.0,0.75,0.75,1.0,0.0,1.0
74,Train/Low/low00659.png,32,9.502887030212175,0.4518260639787861,0.0,0.75,0.75,1.0,0.0,1.0
74,Train/Low/low00659.png,33,9.514321761422128,0.4524268125813038,0.0,0.75,0.75,1.0,0.0,1.0
74,Train/Low/low00659.png,34,9.523700763047206,0.45291614834231403,0.0,0.75,0.75,1.0,0.0,1.0
74,Train/Low/low00659.png,35,9.530510358240532,0.4532694839100535,0.0,0.75,0.75,1.0,0.0,1.0
74,Train/Low/low00659.png,36,9.534454191008358,0.4534733617988863,0.0,0.75,0.75,1.0,0.0,1.0
74,Train/Low/low00659.png,37,9.535472054578584,0.45352589188019105,0.0,0.75,0.75,1.0,0.0,1.0
74,Train/Low/low00659.png,38,9.533730702976577,0.4534360009164598,0.0,0.75,0.75,1.0,0.0,1.0
74,Train/Low/low00659.png,39,9.529594228982646,0.453222040995043,0.0,0.75,0.75,1.0,0.0,1.0
74,Train/Low/low00659.png,40,9.523576595305075,0.4529096882397786,0.0,0.75,0.75,1.0,0.0,1.0
75,Train/Low/low00464.png,0,14.744217450401342,0.7419779320690038,1.0,0.0,1.0,0.0,0.0,0.0
75,Train/Low/low00464.png,1,15.481247891159498,0.7783685916076226,0.0,0.0,0.0,0.0,0.0,0.0
75,Train/Low/low00464.png,2,16.30785509399647,0.8114761141394409,0.0,0.0,0.0,0.0,0.0,0.0
75,Train/Low/low00464.png,3,17.23973186957998,0.8407564188417062,0.0,0.0,0.0,0.0,0.0,0.0
75,Train/Low/low00464.png,4,18.29593301868971,0.8658022675698847,0.0,0.0,0.0,0.0,0.0,0.0
75,Train/Low/low00464.png,5,19.498476019594502,0.8863691004995702,0.0,0.0,0.0,0.0,0.0,0.0
75,Train/Low/low00464.png,6,20.870781179680797,0.9023934548946175,0.0,0.0,0.0,0.0,0.0,0.0
75,Train/Low/low00464.png,7,22.424760668248368,0.9139625466804346,0.0,0.0,0.0,0.0,0.0,0.0
75,Train/Low/low00464.png,8,24.121799678985774,0.921315240459906,0.0,0.0,0.0,0.0,0.0,0.0
75,Train/Low/low00464.png,9,25.44864548847622,0.9243726679081736,0.0,0.75,0.75,0.0,0.0,0.0
75,Train/Low/low00464.png,10,25.98059158893601,0.9248398377907983,0.0,1.0,1.0,0.0,0.0,0.0
75,Train/Low/low00464.png,11,26.386232031688493,0.9245537103069983,0.0,1.0,1.0,0.0,0.0,0.0
75,Train/Low/low00464.png,12,26.535012987079387,0.9245221428253363,0.0,1.0,1.0,0.75,0.0,0.75
75,Train/Low/low00464.png,13,26.59303315550231,0.924619391990111,0.0,1.0,1.0,0.75,0.0,0.75
75,Train/Low/low00464.png,14,26.585098892445135,0.9246295407865486,0.0,0.75,0.75,0.75,0.0,0.75
75,Train/Low/low00464.png,15,26.509028896566768,0.924555239262725,0.0,0.75,0.75,0.75,0.0,0.75
75,Train/Low/low00464.png,16,26.375152357788366,0.9243864539331194,0.0,0.75,0.75,0.75,0.0,0.75
75,Train/Low/low00464.png,17,26.189771750866278,0.9240989196636676,0.0,0.75,0.75,0.75,0.0,0.75
75,Train/Low/low00464.png,18,25.97183990020457,0.9236996681611694,0.0,0.75,0.75,0.75,0.0,0.75
75,Train/Low/low00464.png,19,25.73179068091347,0.9232083985131583,0.0,0.75,0.75,0.75,0.0,0.75
75,Train/Low/low00464.png,20,25.477491627747682,0.9226451090774794,0.0,0.75,0.75,0.75,0.0,0.75
75,Train/Low/low00464.png,21,25.242215867026797,0.9220948355484073,0.0,0.75,0.75,0.75,0.0,0.75
75,Train/Low/low00464.png,22,25.054610462005293,0.9216476003879956,0.0,0.75,0.75,0.75,0.0,0.75
75,Train/Low/low00464.png,23,24.919819078419966,0.9213250358394885,0.0,0.75,0.75,1.0,0.0,1.0
75,Train/Low/low00464.png,24,24.797111974088402,0.9209860413077554,0.0,0.75,0.75,1.0,0.0,1.0
75,Train/Low/low00464.png,25,24.740470039978476,0.920825624342672,0.0,0.75,0.75,1.0,0.0,1.0
75,Train/Low/low00464.png,26,24.74879483369734,0.9208493576418504,0.0,0.75,0.75,1.0,0.0,1.0
75,Train/Low/low00464.png,27,24.814560170961407,0.9210349560995025,0.0,0.75,0.75,1.0,0.0,1.0
75,Train/Low/low00464.png,28,24.92573442058097,0.9213410831518627,0.0,0.75,0.75,1.0,0.0,1.0
75,Train/Low/low00464.png,29,25.066948872807025,0.9217160903950581,0.0,0.75,0.75,1.0,0.0,1.0
75,Train/Low/low00464.png,30,25.22119754712586,0.9221078499978279,0.0,0.75,0.75,1.0,0.0,1.0
75,Train/Low/low00464.png,31,25.37211588225194,0.9224727387312868,0.0,0.75,0.75,1.0,0.0,1.0
75,Train/Low/low00464.png,32,25.505132669831994,0.9227789606752635,0.0,0.75,0.75,1.0,0.0,1.0
75,Train/Low/low00464.png,33,25.614565317802036,0.9230205085336197,0.0,0.75,0.75,1.0,0.0,1.0
75,Train/Low/low00464.png,34,25.679274525555588,0.9231590236186265,0.0,0.75,0.75,1.0,0.0,1.0
75,Train/Low/low00464.png,35,25.696006486606034,0.9231942042307534,0.0,0.75,0.75,1.0,0.0,1.0
75,Train/Low/low00464.png,36,25.67128511454492,0.9231421502846191,0.0,0.75,0.75,1.0,0.0,1.0
75,Train/Low/low00464.png,37,25.6075732973056,0.9230053447783255,0.0,0.75,0.75,1.0,0.0,1.0
75,Train/Low/low00464.png,38,25.522591536798437,0.9228180667688411,0.0,0.75,0.75,1.0,0.0,1.0
75,Train/Low/low00464.png,39,25.431888598370307,0.9226120968922921,0.0,0.75,0.75,1.0,0.0,1.0
75,Train/Low/low00464.png,40,25.339248160841223,0.9223948497174209,0.0,0.75,0.75,1.0,0.0,1.0
76,Train/Low/low00405.png,0,8.836438031179679,0.15224707673650095,0.0,1.0,1.0,0.0,0.0,0.0
76,Train/Low/low00405.png,1,8.687492711936374,0.15239756759708803,0.0,0.0,0.0,0.0,0.0,0.0
76,Train/Low/low00405.png,2,8.571028962474745,0.15138444872900778,0.0,0.0,0.0,0.0,0.0,0.0
76,Train/Low/low00405.png,3,8.464011362147371,0.1498552213193098,0.0,0.25,0.25,0.0,0.0,0.0
76,Train/Low/low00405.png,4,8.365816786309608,0.14800540631585546,0.0,0.25,0.25,0.0,0.0,0.0
76,Train/Low/low00405.png,5,8.285972804263826,0.1458610277518066,0.0,0.25,0.25,0.0,0.0,0.0
76,Train/Low/low00405.png,6,8.223514523251009,0.1435273068311126,0.0,0.25,0.25,0.0,0.0,0.0
76,Train/Low/low00405.png,7,8.175979090577151,0.1410859682503883,0.0,0.25,0.25,0.0,0.0,0.0
76,Train/Low/low00405.png,8,8.141464803911767,0.1386558342747912,0.0,0.25,0.25,0.0,0.0,0.0
76,Train/Low/low00405.png,9,8.118634524447716,0.13638361879169567,0.0,0.25,0.25,0.0,0.0,0.0
76,Train/Low/low00405.png,10,8.10628909573522,0.13440331610925232,0.0,0.25,0.25,0.0,0.0,0.0
76,Train/Low/low00405.png,11,8.103164976816789,0.13280938018682928,0.0,0.25,0.25,0.0,0.0,0.0
76,Train/Low/low00405.png,12,8.111960387166517,0.13211453960712485,0.0,0.25,0.25,0.0,0.25,0.25
76,Train/Low/low00405.png,13,8.129679574924891,0.13215042276526145,0.0,0.25,0.25,0.0,0.25,0.25
76,Train/Low/low00405.png,14,8.153222050844068,0.13258865083385696,0.0,0.25,0.25,0.0,0.5,0.5
76,Train/Low/low00405.png,15,8.179903757150091,0.1333088857209568,0.0,0.25,0.25,0.0,0.5,0.5
76,Train/Low/low00405.png,16,8.206948968687792,0.13416858063618667,0.0,0.25,0.25,0.0,0.5,0.5
76,Train/Low/low00405.png,17,8.233415514122939,0.13511041967190737,0.0,0.25,0.25,0.0,0.5,0.5
76,Train/Low/low00405.png,18,8.25857450756142,0.13607927434509265,0.0,0.25,0.25,0.0,0.5,0.5
76,Train/Low/low00405.png,19,8.281875730609466,0.13702244533600313,0.0,0.25,0.25,0.0,0.5,0.5
76,Train/Low/low00405.png,20,8.30307984305944,0.1378999177331026,0.0,0.25,0.25,0.0,0.25,0.25
76,Train/Low/low00405.png,21,8.321846309934099,0.1386673366057515,0.0,0.25,0.25,0.0,0.25,0.25
76,Train/Low/low00405.png,22,8.33793366408383,0.13928859422555614,0.0,0.25,0.25,0.0,0.25,0.25
76,Train/Low/low00405.png,23,8.351269761936438,0.13973992085830705,0.0,0.25,0.25,0.0,0.25,0.25
76,Train/Low/low00405.png,24,8.361963618130101,0.14000967625219907,0.0,0.25,0.25,0.0,0.25,0.25
76,Train/Low/low00405.png,25,8.372079073369713,0.14026855927652443,0.0,0.25,0.25,0.0,0.5,0.5
76,Train/Low/low00405.png,26,8.382038377222308,0.14052382958541101,0.0,0.25,0.25,0.0,0.5,0.5
76,Train/Low/low00405.png,27,8.387393240566745,0.14064431750940135,0.0,0.25,0.25,0.25,0.5,0.75
76,Train/Low/low00405.png,28,8.382240489385426,0.14058223197169561,0.0,0.25,0.25,0.25,0.5,0.75
76,Train/Low/low00405.png,29,8.377209881483758,0.140451075489988,0.0,0.25,0.25,0.25,0.75,1.0
76,Train/Low/low00405.png,30,8.372706337665436,0.14026743994610352,0.0,0.25,0.25,0.25,0.75,1.0
76,Train/Low/low00405.png,31,8.368713317438663,0.1400324392836384,0.0,0.25,0.25,0.25,0.75,1.0
76,Train/Low/low00405.png,32,8.365419630606581,0.13976234402143256,0.0,0.25,0.25,0.25,0.5,0.75
76,Train/Low/low00405.png,33,8.363102726661984,0.13948231700489652,0.0,0.25,0.25,0.25,0.5,0.75
76,Train/Low/low00405.png,34,8.36180599921142,0.13920963530154215,0.0,0.25,0.25,0.25,0.5,0.75
76,Train/Low/low00405.png,35,8.361486572785275,0.13895997391010945,0.0,0.25,0.25,0.25,0.5,0.75
76,Train/Low/low00405.png,36,8.362020116374902,0.13874641998581036,0.0,0.25,0.25,0.25,0.5,0.75
76,Train/Low/low00405.png,37,8.363216477620181,0.13857870587331408,0.0,0.25,0.25,0.25,0.5,0.75
76,Train/Low/low00405.png,38,8.364843392234235,0.13846279923401275,0.0,0.25,0.25,0.25,0.5,0.75
76,Train/Low/low00405.png,39,8.36665544828528,0.13840071129368173,0.0,0.25,0.25,0.25,0.5,0.75
76,Train/Low/low00405.png,40,8.368424161451998,0.1383907575403875,0.0,0.25,0.25,0.25,0.5,0.75
77,Train/Low/low00650.png,0,6.957071103136043,0.14503402768252716,1.0,0.25,1.0,0.25,0.25,0.25
77,Train/Low/low00650.png,1,7.064394810545344,0.15737143122705502,0.25,0.25,0.25,0.25,0.25,0.25
77,Train/Low/low00650.png,2,7.178584863584625,0.17050582564147065,0.25,0.25,0.25,0.25,0.25,0.25
77,Train/Low/low00650.png,3,7.299186229227621,0.18434787792985205,0.25,0.25,0.25,0.25,0.25,0.25
77,Train/Low/low00650.png,4,7.425292823685367,0.19875313123198288,0.25,0.25,0.25,0.25,0.25,0.25
77,Train/Low/low00650.png,5,7.555307037299304,0.21350037356172918,0.25,0.25,0.25,0.25,0.25,0.25
77,Train/Low/low00650.png,6,7.686794673273325,0.2282840748462951,0.25,0.25,0.25,0.25,0.25,0.25
77,Train/Low/low00650.png,7,7.816937213925623,0.24277066113299112,0.25,0.25,0.25,0.25,0.25,0.25
77,Train/Low/low00650.png,8,7.943284846337515,0.2566802701401079,0.25,0.25,0.25,0.25,0.25,0.25
77,Train/Low/low00650.png,9,8.04977757199103,0.268424739703122,0.25,0.75,0.75,0.25,0.25,0.25
77,Train/Low/low00650.png,10,8.11684786073787,0.27606961102529815,0.25,0.75,0.75,0.25,0.25,0.25
77,Train/Low/low00650.png,11,8.177723352068453,0.2830412774402401,0.25,0.75,0.75,0.25,0.25,0.25
77,Train/Low/low00650.png,12,8.210347024337013,0.2865608937949577,0.25,0.75,0.75,0.75,0.25,0.75
77,Train/Low/low00650.png,13,8.206757838674283,0.2862581580851081,0.25,0.75,0.75,1.0,0.25,1.0
77,Train/Low/low00650.png,14,8.189788266664063,0.28467752494154575,0.25,0.75,0.75,1.0,0.25,1.0
77,Train/Low/low00650.png,15,8.171506418065906,0.2829723762567502,0.25,0.75,0.75,1.0,0.25,1.0
77,Train/Low/low00650.png,16,8.152512688746977,0.2811990166576239,0.25,0.75,0.75,1.0,0.25,1.0
77,Train/Low/low00650.png,17,8.133339667998165,0.2794077919070598,0.25,0.75,0.75,1.0,0.25,1.0
77,Train/Low/low00650.png,18,8.114473814431726,0.2776448983729839,0.25,0.75,0.75,1.0,0.25,1.0
77,Train/Low/low00650.png,19,8.096361778800127,0.2759527774689976,0.25,0.75,0.75,1.0,0.25,1.0
77,Train/Low/low00650.png,20,8.079405315144353,0.27436947596443706,0.25,0.75,0.75,1.0,0.25,1.0
77,Train/Low/low00650.png,21,8.074147332391728,0.27387876461843497,0.5,0.75,1.0,1.0,0.25,1.0
77,Train/Low/low00650.png,22,8.074147332391728,0.27387876461843497,0.5,0.75,1.0,1.0,0.25,1.0
77,Train/Low/low00650.png,23,8.074147332391728,0.27387876461843497,0.5,0.75,1.0,1.0,0.25,1.0
77,Train/Low/low00650.png,24,8.074147332391728,0.27387876461843497,0.5,0.75,1.0,1.0,0.25,1.0
77,Train/Low/low00650.png,25,8.074147332391728,0.27387876461843497,0.5,0.75,1.0,1.0,0.25,1.0
77,Train/Low/low00650.png,26,8.074147332391728,0.27387876461843497,0.5,0.75,1.0,1.0,0.25,1.0
77,Train/Low/low00650.png,27,8.074147332391728,0.27387876461843497,0.5,0.75,1.0,1.0,0.25,1.0
77,Train/Low/low00650.png,28,8.074147332391728,0.27387876461843497,0.5,0.75,1.0,1.0,0.25,1.0
77,Train/Low/low00650.png,29,8.074147332391728,0.27387876461843497,0.5,0.75,1.0,1.0,0.25,1.0
77,Train/Low/low00650.png,30,8.074147332391728,0.27387876461843497,0.5,0.75,1.0,1.0,0.25,1.0
77,Train/Low/low00650.png,31,8.074147332391728,0.27387876461843497,0.5,0.75,1.0,1.0,0.25,1.0
77,Train/Low/low00650.png,32,8.074147332391728,0.27387876461843497,0.5,0.75,1.0,1.0,0.25,1.0
77,Train/Low/low00650.png,33,8.074147332391728,0.27387876461843497,0.5,0.75,1.0,1.0,0.25,1.0
77,Train/Low/low00650.png,34,8.074147332391728,0.27387876461843497,0.5,0.75,1.0,1.0,0.25,1.0
77,Train/Low/low00650.png,35,8.074147332391728,0.27387876461843497,0.5,0.75,1.0,1.0,0.25,1.0
77,Train/Low/low00650.png,36,8.074147332391728,0.27387876461843497,0.5,0.75,1.0,1.0,0.25,1.0
77,Train/Low/low00650.png,37,8.074147332391728,0.27387876461843497,0.5,0.75,1.0,1.0,0.25,1.0
77,Train/Low/low00650.png,38,8.074147332391728,0.27387876461843497,0.5,0.75,1.0,1.0,0.25,1.0
77,Train/Low/low00650.png,39,8.074147332391728,0.27387876461843497,0.5,0.75,1.0,1.0,0.25,1.0
77,Train/Low/low00650.png,40,8.074147332391728,0.27387876461843497,0.5,0.75,1.0,1.0,0.25,1.0
78,Train/Low/low00621.png,0,7.622366671432799,0.25045578165728216,1.0,0.0,1.0,0.0,0.0,0.0
78,Train/Low/low00621.png,1,7.816368914471903,0.27447769416337414,0.0,0.0,0.0,0.0,0.0,0.0
78,Train/Low/low00621.png,2,8.024031540986998,0.299619143175784,0.0,0.0,0.0,0.0,0.0,0.0
78,Train/Low/low00621.png,3,8.24562498677412,0.32567891031676255,0.0,0.0,0.0,0.0,0.0,0.0
78,Train/Low/low00621.png,4,8.481378862715149,0.3524046701479253,0.0,0.0,0.0,0.0,0.0,0.0
78,Train/Low/low00621.png,5,8.731563991292251,0.37952415427114117,0.0,0.0,0.0,0.0,0.0,0.0
78,Train/Low/low00621.png,6,8.996434385078677,0.4067464260663869,0.0,0.0,0.0,0.0,0.0,0.0
78,Train/Low/low00621.png,7,9.276165967287271,0.43375402556525533,0.0,0.0,0.0,0.0,0.0,0.0
78,Train/Low/low00621.png,8,9.570771541313295,0.46019817853333533,0.0,0.0,0.0,0.0,0.0,0.0
78,Train/Low/low00621.png,9,9.796823142790798,0.47983024172141125,0.0,1.0,1.0,0.0,0.0,0.0
78,Train/Low/low00621.png,10,9.93274598129674,0.49258405698332774,0.0,1.0,1.0,0.0,0.0,0.0
78,Train/Low/low00621.png,11,10.06834515066231,0.5047132671373395,0.0,1.0,1.0,0.0,0.0,0.0
78,Train/Low/low00621.png,12,10.09862420458025,0.5076437690468196,0.0,1.0,1.0,1.0,0.0,1.0
78,Train/Low/low00621.png,13,10.09862420458025,0.5076437690468196,0.0,1.0,1.0,1.0,0.0,1.0
78,Train/Low/low00621.png,14,10.09862420458025,0.5076437690468196,0.0,1.0,1.0,1.0,0.0,1.0
78,Train/Low/low00621.png,15,10.09862420458025,0.5076437690468196,0.0,1.0,1.0,1.0,0.0,1.0
78,Train/Low/low00621.png,16,10.09862420458025,0.5076437690468196,0.0,1.0,1.0,1.0,0.0,1.0
78,Train/Low/low00621.png,17,10.09862420458025,0.5076437690468196,0.0,1.0,1.0,1.0,0.0,1.0
78,Train/Low/low00621.png,18,10.09862420458025,0.5076437690468196,0.0,1.0,1.0,1.0,0.0,1.0
78,Train/Low/low00621.png,19,10.09862420458025,0.5076437690468196,0.0,1.0,1.0,1.0,0.0,1.0
78,Train/Low/low00621.png,20,10.09862420458025,0.5076437690468196,0.0,1.0,1.0,1.0,0.0,1.0
78,Train/Low/low00621.png,21,10.09862420458025,0.5076437690468196,0.0,1.0,1.0,1.0,0.0,1.0
78,Train/Low/low00621.png,22,10.09862420458025,0.5076437690468196,0.0,1.0,1.0,1.0,0.0,1.0
78,Train/Low/low00621.png,23,10.09862420458025,0.5076437690468196,0.0,1.0,1.0,1.0,0.0,1.0
78,Train/Low/low00621.png,24,10.09862420458025,0.5076437690468196,0.0,1.0,1.0,1.0,0.0,1.0
78,Train/Low/low00621.png,25,10.09862420458025,0.5076437690468196,0.0,1.0,1.0,1.0,0.0,1.0
78,Train/Low/low00621.png,26,10.09862420458025,0.5076437690468196,0.0,1.0,1.0,1.0,0.0,1.0
78,Train/Low/low00621.png,27,10.09862420458025,0.5076437690468196,0.0,1.0,1.0,1.0,0.0,1.0
78,Train/Low/low00621.png,28,10.09862420458025,0.5076437690468196,0.0,1.0,1.0,1.0,0.0,1.0
78,Train/Low/low00621.png,29,10.09862420458025,0.5076437690468196,0.0,1.0,1.0,1.0,0.0,1.0
78,Train/Low/low00621.png,30,10.09862420458025,0.5076437690468196,0.0,1.0,1.0,1.0,0.0,1.0
78,Train/Low/low00621.png,31,10.09862420458025,0.5076437690468196,0.0,1.0,1.0,1.0,0.0,1.0
78,Train/Low/low00621.png,32,10.09862420458025,0.5076437690468196,0.0,1.0,1.0,1.0,0.0,1.0
78,Train/Low/low00621.png,33,10.09862420458025,0.5076437690468196,0.0,1.0,1.0,1.0,0.0,1.0
78,Train/Low/low00621.png,34,10.09862420458025,0.5076437690468196,0.0,1.0,1.0,1.0,0.0,1.0
78,Train/Low/low00621.png,35,10.09862420458025,0.5076437690468196,0.0,1.0,1.0,1.0,0.0,1.0
78,Train/Low/low00621.png,36,10.09862420458025,0.5076437690468196,0.0,1.0,1.0,1.0,0.0,1.0
78,Train/Low/low00621.png,37,10.09862420458025,0.5076437690468196,0.0,1.0,1.0,1.0,0.0,1.0
78,Train/Low/low00621.png,38,10.09862420458025,0.5076437690468196,0.0,1.0,1.0,1.0,0.0,1.0
78,Train/Low/low00621.png,39,10.09862420458025,0.5076437690468196,0.0,1.0,1.0,1.0,0.0,1.0
78,Train/Low/low00621.png,40,10.09862420458025,0.5076437690468196,0.0,1.0,1.0,1.0,0.0,1.0
79,Train/Low/low00596.png,0,6.318379525830436,0.05898774948259588,1.0,0.0,1.0,0.0,0.0,0.0
79,Train/Low/low00596.png,1,6.36439460567194,0.06617790482020827,0.0,0.0,0.0,0.0,0.0,0.0
79,Train/Low/low00596.png,2,6.414608523062359,0.07392503383029646,0.0,0.0,0.0,0.0,0.0,0.0
79,Train/Low/low00596.png,3,6.4692019050533265,0.08221071060560758,0.0,0.0,0.0,0.0,0.0,0.0
79,Train/Low/low00596.png,4,6.528285474742569,0.09099617538638191,0.0,0.0,0.0,0.0,0.0,0.0
79,Train/Low/low00596.png,5,6.5918573096039035,0.10021534043226599,0.0,0.0,0.0,0.0,0.0,0.0
79,Train/Low/low00596.png,6,6.659844749704501,0.10979026803895084,0.0,0.0,0.0,0.0,0.0,0.0
79,Train/Low/low00596.png,7,6.7320079493095655,0.11961860812789124,0.0,0.0,0.0,0.0,0.0,0.0
79,Train/Low/low00596.png,8,6.807893076135593,0.1295723645401946,0.0,0.0,0.0,0.0,0.0,0.0
79,Train/Low/low00596.png,9,6.874914540033482,0.1381155703355483,0.0,1.0,1.0,0.0,0.0,0.0
79,Train/Low/low00596.png,10,6.925830958415541,0.144594395834828,0.0,1.0,1.0,0.0,0.0,0.0
79,Train/Low/low00596.png,11,6.977301597594602,0.15095936296848445,0.0,1.0,1.0,0.25,0.0,0.25
79,Train/Low/low00596.png,12,6.986175087855933,0.15206285787053309,0.0,1.0,1.0,1.0,0.0,1.0
79,Train/Low/low00596.png,13,6.986175087855933,0.15206285787053309,0.0,1.0,1.0,1.0,0.0,1.0
79,Train/Low/low00596.png,14,6.986175087855933,0.15206285787053309,0.0,1.0,1.0,1.0,0.0,1.0
79,Train/Low/low00596.png,15,6.986175087855933,0.15206285787053309,0.0,1.0,1.0,1.0,0.0,1.0
79,Train/Low/low00596.png,16,6.986175087855933,0.15206285787053309,0.0,1.0,1.0,1.0,0.0,1.0
79,Train/Low/low00596.png,17,6.986175087855933,0.15206285787053309,0.0,1.0,1.0,1.0,0.0,1.0
79,Train/Low/low00596.png,18,6.986175087855933,0.15206285787053309,0.0,1.0,1.0,1.0,0.0,1.0
79,Train/Low/low00596.png,19,6.986175087855933,0.15206285787053309,0.0,1.0,1.0,1.0,0.0,1.0
79,Train/Low/low00596.png,20,6.986175087855933,0.15206285787053309,0.0,1.0,1.0,1.0,0.0,1.0
79,Train/Low/low00596.png,21,6.986175087855933,0.15206285787053309,0.0,1.0,1.0,1.0,0.0,1.0
79,Train/Low/low00596.png,22,6.986175087855933,0.15206285787053309,0.0,1.0,1.0,1.0,0.0,1.0
79,Train/Low/low00596.png,23,6.986175087855933,0.15206285787053309,0.0,1.0,1.0,1.0,0.0,1.0
79,Train/Low/low00596.png,24,6.986175087855933,0.15206285787053309,0.0,1.0,1.0,1.0,0.0,1.0
79,Train/Low/low00596.png,25,6.986175087855933,0.15206285787053309,0.0,1.0,1.0,1.0,0.0,1.0
79,Train/Low/low00596.png,26,6.986175087855933,0.15206285787053309,0.0,1.0,1.0,1.0,0.0,1.0
79,Train/Low/low00596.png,27,6.986175087855933,0.15206285787053309,0.0,1.0,1.0,1.0,0.0,1.0
79,Train/Low/low00596.png,28,6.986175087855933,0.15206285787053309,0.0,1.0,1.0,1.0,0.0,1.0
79,Train/Low/low00596.png,29,6.986175087855933,0.15206285787053309,0.0,1.0,1.0,1.0,0.0,1.0
79,Train/Low/low00596.png,30,6.986175087855933,0.15206285787053309,0.0,1.0,1.0,1.0,0.0,1.0
79,Train/Low/low00596.png,31,6.986175087855933,0.15206285787053309,0.0,1.0,1.0,1.0,0.0,1.0
79,Train/Low/low00596.png,32,6.986175087855933,0.15206285787053309,0.0,1.0,1.0,1.0,0.0,1.0
79,Train/Low/low00596.png,33,6.986175087855933,0.15206285787053309,0.0,1.0,1.0,1.0,0.0,1.0
79,Train/Low/low00596.png,34,6.986175087855933,0.15206285787053309,0.0,1.0,1.0,1.0,0.0,1.0
79,Train/Low/low00596.png,35,6.986175087855933,0.15206285787053309,0.0,1.0,1.0,1.0,0.0,1.0
79,Train/Low/low00596.png,36,6.986175087855933,0.15206285787053309,0.0,1.0,1.0,1.0,0.0,1.0
79,Train/Low/low00596.png,37,6.986175087855933,0.15206285787053309,0.0,1.0,1.0,1.0,0.0,1.0
79,Train/Low/low00596.png,38,6.986175087855933,0.15206285787053309,0.0,1.0,1.0,1.0,0.0,1.0
79,Train/Low/low00596.png,39,6.986175087855933,0.15206285787053309,0.0,1.0,1.0,1.0,0.0,1.0
79,Train/Low/low00596.png,40,6.986175087855933,0.15206285787053309,0.0,1.0,1.0,1.0,0.0,1.0
80,Train/Low/low00378.png,0,8.447117202542113,0.1359111674977438,0.0,1.0,1.0,0.0,0.0,0.0
80,Train/Low/low00378.png,1,8.276628338507537,0.13544317663177405,0.0,0.0,0.0,0.0,0.0,0.0
80,Train/Low/low00378.png,2,8.139517820988699,0.13494290847899093,0.0,0.0,0.0,0.0,0.0,0.0
80,Train/Low/low00378.png,3,8.019712694960097,0.13415378880724346,0.0,0.0,0.0,0.0,0.0,0.0
80,Train/Low/low00378.png,4,7.904639131215489,0.13282298407310417,0.0,0.25,0.25,0.0,0.0,0.0
80,Train/Low/low00378.png,5,7.7964818981529325,0.1309930346879639,0.0,0.25,0.25,0.0,0.0,0.0
80,Train/Low/low00378.png,6,7.701001896322416,0.12884778393369536,0.0,0.25,0.25,0.0,0.0,0.0
80,Train/Low/low00378.png,7,7.619381788489619,0.1265485110600723,0.0,0.25,0.25,0.0,0.0,0.0
80,Train/Low/low00378.png,8,7.552440077427997,0.12428966149316117,0.0,0.25,0.25,0.0,0.0,0.0
80,Train/Low/low00378.png,9,7.5001929758720625,0.12224410109300368,0.0,0.25,0.25,0.0,0.0,0.0
80,Train/Low/low00378.png,10,7.461847395691454,0.120527168194467,0.0,0.25,0.25,0.0,0.0,0.0
80,Train/Low/low00378.png,11,7.436043459935398,0.11919012463235368,0.0,0.25,0.25,0.0,0.0,0.0
80,Train/Low/low00378.png,12,7.421176233696194,0.11823298671937951,0.0,0.25,0.25,0.0,0.0,0.0
80,Train/Low/low00378.png,13,7.418529273156943,0.11796299864427325,0.25,0.25,0.5,0.0,0.25,0.25
80,Train/Low/low00378.png,14,7.430021278538732,0.11841766923883788,0.0,0.25,0.25,0.0,0.5,0.5
80,Train/Low/low00378.png,15,7.446857751056197,0.11900318588703987,0.0,0.25,0.25,0.0,0.5,0.5
80,Train/Low/low00378.png,16,7.468014935012974,0.1196674249532713,0.0,0.25,0.25,0.0,0.5,0.5
80,Train/Low/low00378.png,17,7.492549125575312,0.12036828272956186,0.0,0.25,0.25,0.0,0.5,0.5
80,Train/Low/low00378.png,18,7.519475859873568,0.12107053071294979,0.0,0.25,0.25,0.0,0.5,0.5
80,Train/Low/low00378.png,19,7.547753710675373,0.12174643323221641,0.0,0.25,0.25,0.0,0.5,0.5
80,Train/Low/low00378.png,20,7.576297279474787,0.12237575231983505,0.0,0.25,0.25,0.0,0.5,0.5
80,Train/Low/low00378.png,21,7.60404356146314,0.12294555795471286,0.0,0.25,0.25,0.0,0.5,0.5
80,Train/Low/low00378.png,22,7.630015171036292,0.12344885805971757,0.0,0.25,0.25,0.0,0.5,0.5
80,Train/Low/low00378.png,23,7.653377891279931,0.12388275388645473,0.0,0.25,0.25,0.0,0.5,0.5
80,Train/Low/low00378.png,24,7.673483630459902,0.12424678369583138,0.0,0.25,0.25,0.0,0.5,0.5
80,Train/Low/low00378.png,25,7.689899564170214,0.12454187611937931,0.0,0.25,0.25,0.0,0.5,0.5
80,Train/Low/low00378.png,26,7.702421988816601,0.12476989145909237,0.0,0.25,0.25,0.0,0.5,0.5
80,Train/Low/low00378.png,27,7.711075078593215,0.12493363071696606,0.0,0.25,0.25,0.0,0.5,0.5
80,Train/Low/low00378.png,28,7.716090864609829,0.12503700525668648,0.0,0.25,0.25,0.0,0.5,0.5
80,Train/Low/low00378.png,29,7.717876941320675,0.12508541675221718,0.0,0.25,0.25,0.0,0.5,0.5
80,Train/Low/low00378.png,30,7.716973724408101,0.12508598387351466,0.0,0.25,0.25,0.0,0.5,0.5
80,Train/Low/low00378.png,31,7.714007920518089,0.1250476493061491,0.0,0.25,0.25,0.0,0.5,0.5
80,Train/Low/low00378.png,32,7.709645316218864,0.12498093941112806,0.0,0.25,0.25,0.0,0.5,0.5
80,Train/Low/low00378.png,33,7.704549326002135,0.12489760348548239,0.0,0.25,0.25,0.0,0.5,0.5
80,Train/Low/low00378.png,34,7.699342677205659,0.12480974280589557,0.0,0.25,0.25,0.0,0.5,0.5
80,Train/Low/low00378.png,35,7.696227089281804,0.12472464144968481,0.25,0.25,0.5,0.0,0.5,0.5
80,Train/Low/low00378.png,36,7.695937813498692,0.12464971770872778,0.25,0.25,0.5,0.0,0.5,0.5
80,Train/Low/low00378.png,37,7.696189793511479,0.12459684080709985,0.25,0.25,0.5,0.0,0.5,0.5
80,Train/Low/low00378.png,38,7.697088311501144,0.1245697864345366,0.25,0.25,0.5,0.0,0.5,0.5
80,Train/Low/low00378.png,39,7.6986941432266605,0.12457011884717276,0.25,0.25,0.5,0.0,0.5,0.5
80,Train/Low/low00378.png,40,7.7010243922695505,0.12459727044046037,0.25,0.25,0.5,0.0,0.5,0.5
81,Train/Low/low00058.png,0,5.595320725747859,0.15582153099559026,1.0,0.0,1.0,0.0,0.0,0.0
81,Train/Low/low00058.png,1,5.717340535875307,0.17305525825375728,0.0,0.0,0.0,0.0,0.0,0.0
81,Train/Low/low00058.png,2,5.848009363520913,0.19143078419787504,0.0,0.0,0.0,0.0,0.0,0.0
81,Train/Low/low00058.png,3,5.987363744463087,0.21086819140635363,0.0,0.0,0.0,0.0,0.0,0.0
81,Train/Low/low00058.png,4,6.135135623627831,0.23123043735224888,0.0,0.0,0.0,0.0,0.0,0.0
81,Train/Low/low00058.png,5,6.290609465513684,0.25231014779335914,0.0,0.0,0.0,0.0,0.0,0.0
81,Train/Low/low00058.png,6,6.453107352305896,0.27390516091377254,0.0,0.0,0.0,0.0,0.0,0.0
81,Train/Low/low00058.png,7,6.6214435086774905,0.2957525851014301,0.0,0.0,0.0,0.0,0.0,0.0
81,Train/Low/low00058.png,8,6.794176787813013,0.3175743434513742,0.0,0.0,0.0,0.0,0.0,0.0
81,Train/Low/low00058.png,9,6.947371559665612,0.336236142172768,0.0,0.75,0.75,0.0,0.0,0.0
81,Train/Low/low00058.png,10,7.050540042237598,0.34855781549004583,0.0,1.0,1.0,0.0,0.0,0.0
81,Train/Low/low00058.png,11,7.141901850063657,0.35951642845914455,0.0,1.0,1.0,0.0,0.0,0.0
81,Train/Low/low00058.png,12,7.188173263157082,0.364573436239429,0.0,1.0,1.0,1.0,0.0,1.0
81,Train/Low/low00058.png,13,7.188173263157082,0.364573436239429,0.0,1.0,1.0,1.0,0.0,1.0
81,Train/Low/low00058.png,14,7.188173263157082,0.364573436239429,0.0,1.0,1.0,1.0,0.0,1.0
81,Train/Low/low00058.png,15,7.188173263157082,0.364573436239429,0.0,1.0,1.0,1.0,0.0,1.0
81,Train/Low/low00058.png,16,7.188173263157082,0.364573436239429,0.0,1.0,1.0,1.0,0.0,1.0
81,Train/Low/low00058.png,17,7.188173263157082,0.364573436239429,0.0,1.0,1.0,1.0,0.0,1.0
81,Train/Low/low00058.png,18,7.186719732224793,0.36443751567434485,0.0,0.75,0.75,1.0,0.0,1.0
81,Train/Low/low00058.png,19,7.183503726018684,0.36413617506451323,0.0,0.75,0.75,1.0,0.0,1.0
81,Train/Low/low00058.png,20,7.1787744319144196,0.3636915199882214,0.0,0.75,0.75,1.0,0.0,1.0
81,Train/Low/low00058.png,21,7.172796241849144,0.3631268767850422,0.0,0.75,0.75,1.0,0.0,1.0
81,Train/Low/low00058.png,22,7.165842037986926,0.36246649104438927,0.0,0.75,0.75,1.0,0.0,1.0
81,Train/Low/low00058.png,23,7.158187523030524,0.361735258291485,0.0,0.75,0.75,1.0,0.0,1.0
81,Train/Low/low00058.png,24,7.1501065361141,0.36095846190106773,0.0,0.75,0.75,1.0,0.0,1.0
81,Train/Low/low00058.png,25,7.14186494912295,0.3601612737505163,0.0,0.75,0.75,1.0,0.0,1.0
81,Train/Low/low00058.png,26,7.133715911808568,0.3593682873512835,0.0,0.75,0.75,1.0,0.0,1.0
81,Train/Low/low00058.png,27,7.125894187749261,0.3586028800231714,0.0,0.75,0.75,1.0,0.0,1.0
81,Train/Low/low00058.png,28,7.118610088182484,0.3578864742090546,0.0,0.75,0.75,1.0,0.0,1.0
81,Train/Low/low00058.png,29,7.1120448114057275,0.35723790955092644,0.0,0.75,0.75,1.0,0.0,1.0
81,Train/Low/low00058.png,30,7.106345814572041,0.3566728155689049,0.0,0.75,0.75,1.0,0.0,1.0
81,Train/Low/low00058.png,31,7.101624119011389,0.3562032010888667,0.0,0.75,0.75,1.0,0.0,1.0
81,Train/Low/low00058.png,32,7.097951988134109,0.35583711162381726,0.0,0.75,0.75,1.0,0.0,1.0
81,Train/Low/low00058.png,33,7.095363711864634,0.35557863414066704,0.0,0.75,0.75,1.0,0.0,1.0
81,Train/Low/low00058.png,34,7.093856081585899,0.35542790973950866,0.0,0.75,0.75,1.0,0.0,1.0
81,Train/Low/low00058.png,35,7.0933916612497985,0.3553814558981922,0.0,0.75,0.75,1.0,0.0,1.0
81,Train/Low/low00058.png,36,7.093901743326805,0.355432476498515,0.0,0.75,0.75,1.0,0.0,1.0
81,Train/Low/low00058.png,37,7.095290763231485,0.3555713441440248,0.0,0.75,0.75,1.0,0.0,1.0
81,Train/Low/low00058.png,38,7.0974414287372065,0.3557861532173089,0.0,0.75,0.75,1.0,0.0,1.0
81,Train/Low/low00058.png,39,7.100218471614006,0.35606315442864966,0.0,0.75,0.75,1.0,0.0,1.0
81,Train/Low/low00058.png,40,7.1034750943594975,0.3563874479965889,0.0,0.75,0.75,1.0,0.0,1.0
82,Train/Low/low00092.png,0,4.334859067142703,0.251639428226336,1.0,0.0,1.0,0.0,0.0,0.0
82,Train/Low/low00092.png,1,4.475623638227926,0.27248078231338424,0.0,0.0,0.0,0.0,0.0,0.0
82,Train/Low/low00092.png,2,4.625700523130297,0.29394814545191517,0.0,0.0,0.0,0.0,0.0,0.0
82,Train/Low/low00092.png,3,4.7853198547267795,0.31591678136768453,0.0,0.0,0.0,0.0,0.0,0.0
82,Train/Low/low00092.png,4,4.954681259709627,0.3382489503475547,0.0,0.0,0.0,0.0,0.0,0.0
82,Train/Low/low00092.png,5,5.133952001601846,0.36079831329178647,0.0,0.0,0.0,0.0,0.0,0.0
82,Train/Low/low00092.png,6,5.323179061232692,0.38340347804830427,0.0,0.0,0.0,0.0,0.0,0.0
82,Train/Low/low00092.png,7,5.522182511724841,0.405882526673109,0.0,0.0,0.0,0.0,0.0,0.0
82,Train/Low/low00092.png,8,5.730437622069608,0.42803088172764037,0.0,0.0,0.0,0.0,0.0,0.0
82,Train/Low/low00092.png,9,5.885008339864455,0.4440403417037702,0.0,1.0,1.0,0.0,0.0,0.0
82,Train/Low/low00092.png,10,5.985559082651274,0.454637761253479,0.0,1.0,1.0,0.0,0.0,0.0
82,Train/Low/low00092.png,11,6.085338790290365,0.4649139154533309,0.0,1.0,1.0,0.25,0.0,0.25
82,Train/Low/low00092.png,12,6.105342605989355,0.46693109064393284,0.0,1.0,1.0,1.0,0.0,1.0
82,Train/Low/low00092.png,13,6.105342605989355,0.46693109064393284,0.0,1.0,1.0,1.0,0.0,1.0
82,Train/Low/low00092.png,14,6.105342605989355,0.46693109064393284,0.0,1.0,1.0,1.0,0.0,1.0
82,Train/Low/low00092.png,15,6.105342605989355,0.46693109064393284,0.0,1.0,1.0,1.0,0.0,1.0
82,Train/Low/low00092.png,16,6.105342605989355,0.46693109064393284,0.0,1.0,1.0,1.0,0.0,1.0
82,Train/Low/low00092.png,17,6.105342605989355,0.46693109064393284,0.0,1.0,1.0,1.0,0.0,1.0
82,Train/Low/low00092.png,18,6.105342605989355,0.46693109064393284,0.0,1.0,1.0,1.0,0.0,1.0
82,Train/Low/low00092.png,19,6.105342605989355,0.46693109064393284,0.0,1.0,1.0,1.0,0.0,1.0
82,Train/Low/low00092.png,20,6.105342605989355,0.46693109064393284,0.0,1.0,1.0,1.0,0.0,1.0
82,Train/Low/low00092.png,21,6.105342605989355,0.46693109064393284,0.0,1.0,1.0,1.0,0.0,1.0
82,Train/Low/low00092.png,22,6.105342605989355,0.46693109064393284,0.0,1.0,1.0,1.0,0.0,1.0
82,Train/Low/low00092.png,23,6.105342605989355,0.46693109064393284,0.0,1.0,1.0,1.0,0.0,1.0
82,Train/Low/low00092.png,24,6.105342605989355,0.46693109064393284,0.0,1.0,1.0,1.0,0.0,1.0
82,Train/Low/low00092.png,25,6.105342605989355,0.46693109064393284,0.0,1.0,1.0,1.0,0.0,1.0
82,Train/Low/low00092.png,26,6.105342605989355,0.46693109064393284,0.0,1.0,1.0,1.0,0.0,1.0
82,Train/Low/low00092.png,27,6.105342605989355,0.46693109064393284,0.0,1.0,1.0,1.0,0.0,1.0
82,Train/Low/low00092.png,28,6.105342605989355,0.46693109064393284,0.0,1.0,1.0,1.0,0.0,1.0
82,Train/Low/low00092.png,29,6.105342605989355,0.46693109064393284,0.0,1.0,1.0,1.0,0.0,1.0
82,Train/Low/low00092.png,30,6.105342605989355,0.46693109064393284,0.0,1.0,1.0,1.0,0.0,1.0
82,Train/Low/low00092.png,31,6.105342605989355,0.46693109064393284,0.0,1.0,1.0,1.0,0.0,1.0
82,Train/Low/low00092.png,32,6.105342605989355,0.46693109064393284,0.0,1.0,1.0,1.0,0.0,1.0
82,Train/Low/low00092.png,33,6.105342605989355,0.46693109064393284,0.0,1.0,1.0,1.0,0.0,1.0
82,Train/Low/low00092.png,34,6.105342605989355,0.46693109064393284,0.0,1.0,1.0,1.0,0.0,1.0
82,Train/Low/low00092.png,35,6.105342605989355,0.46693109064393284,0.0,1.0,1.0,1.0,0.0,1.0
82,Train/Low/low00092.png,36,6.105342605989355,0.46693109064393284,0.0,1.0,1.0,1.0,0.0,1.0
82,Train/Low/low00092.png,37,6.105342605989355,0.46693109064393284,0.0,1.0,1.0,1.0,0.0,1.0
82,Train/Low/low00092.png,38,6.105342605989355,0.46693109064393284,0.0,1.0,1.0,1.0,0.0,1.0
82,Train/Low/low00092.png,39,6.105342605989355,0.46693109064393284,0.0,1.0,1.0,1.0,0.0,1.0
82,Train/Low/low00092.png,40,6.105342605989355,0.46693109064393284,0.0,1.0,1.0,1.0,0.0,1.0
83,Train/Low/low00266.png,0,11.968783608978974,0.08069336647668324,1.0,0.0,1.0,0.0,0.0,0.0
83,Train/Low/low00266.png,1,12.019596415788323,0.08760901757517289,0.0,0.0,0.0,0.0,0.0,0.0
83,Train/Low/low00266.png,2,12.075304120322496,0.0952869464983694,0.0,0.0,0.0,0.0,0.0,0.0
83,Train/Low/low00266.png,3,12.1361106687506,0.10372647393195314,0.0,0.0,0.0,0.0,0.0,0.0
83,Train/Low/low00266.png,4,12.202347236282915,0.11292525083523992,0.0,0.0,0.0,0.0,0.0,0.0
83,Train/Low/low00266.png,5,12.274486732701003,0.12287550536091488,0.0,0.0,0.0,0.0,0.0,0.0
83,Train/Low/low00266.png,6,12.35308832631296,0.13355314932790183,0.0,0.0,0.0,0.0,0.0,0.0
83,Train/Low/low00266.png,7,12.438724193980761,0.14490980136536702,0.0,0.0,0.0,0.0,0.0,0.0
83,Train/Low/low00266.png,8,12.531829685924137,0.15686378620553196,0.0,0.0,0.0,0.0,0.0,0.0
83,Train/Low/low00266.png,9,12.610979769361936,0.1671131511420152,0.0,1.0,1.0,0.0,0.0,0.0
83,Train/Low/low00266.png,10,12.668791403689056,0.17500937555136464,0.0,1.0,1.0,0.0,0.0,0.0
83,Train/Low/low00266.png,11,12.729158367601638,0.18284495710038343,0.0,1.0,1.0,0.5,0.0,0.5
83,Train/Low/low00266.png,12,12.733068259953626,0.18315941293408516,0.0,1.0,1.0,0.75,0.0,0.75
83,Train/Low/low00266.png,13,12.738971009597211,0.18363186004821525,0.0,1.0,1.0,0.75,0.0,0.75
83,Train/Low/low00266.png,14,12.746781888864751,0.18426115635647605,0.0,1.0,1.0,0.75,0.0,0.75
83,Train/Low/low00266.png,15,12.756229426456793,0.18502835810518123,0.0,1.0,1.0,0.75,0.0,0.75
83,Train/Low/low00266.png,16,12.767165984174403,0.18592435584623002,0.0,1.0,1.0,0.75,0.0,0.75
83,Train/Low/low00266.png,17,12.779574490371168,0.18695060442442968,0.0,1.0,1.0,0.75,0.0,0.75
83,Train/Low/low00266.png,18,12.793522064273795,0.18811563956874178,0.0,1.0,1.0,0.75,0.0,0.75
83,Train/Low/low00266.png,19,12.809115006021539,0.18943144568794745,0.0,1.0,1.0,0.75,0.0,0.75
83,Train/Low/low00266.png,20,12.826521261098646,0.19091541618863922,0.0,1.0,1.0,0.75,0.0,0.75
83,Train/Low/low00266.png,21,12.845894707927698,0.19258400395152406,0.0,1.0,1.0,0.75,0.0,0.75
83,Train/Low/low00266.png,22,12.867327569103495,0.19444810623794337,0.0,1.0,1.0,0.75,0.0,0.75
83,Train/Low/low00266.png,23,12.890739885398897,0.1965028776905566,0.0,1.0,1.0,0.75,0.0,0.75
83,Train/Low/low00266.png,24,12.915951006331198,0.19873310146792447,0.0,1.0,1.0,0.75,0.0,0.75
83,Train/Low/low00266.png,25,12.942740584869,0.20111807454170824,0.0,1.0,1.0,0.75,0.0,0.75
83,Train/Low/low00266.png,26,12.971020462179347,0.20364704432285838,0.0,1.0,1.0,0.75,0.0,0.75
83,Train/Low/low00266.png,27,13.000864881815337,0.2063221041464593,0.0,1.0,1.0,0.75,0.0,0.75
83,Train/Low/low00266.png,28,13.032163644524775,0.20912707629750588,0.0,1.0,1.0,0.75,0.0,0.75
83,Train/Low/low00266.png,29,13.064547059412297,0.2120208506410149,0.0,1.0,1.0,0.75,0.0,0.75
83,Train/Low/low00266.png,30,13.097508864352665,0.2149491952664444,0.0,1.0,1.0,0.75,0.0,0.75
83,Train/Low/low00266.png,31,13.130636167836581,0.21786660250671275,0.0,1.0,1.0,0.75,0.0,0.75
83,Train/Low/low00266.png,32,13.163564378570271,0.22073307364388606,0.0,1.0,1.0,0.75,0.0,0.75
83,Train/Low/low00266.png,33,13.179574442862174,0.22214716915110325,0.0,0.75,0.75,1.0,0.0,1.0
83,Train/Low/low00266.png,34,13.173695939374914,0.22172059736923241,0.0,0.75,0.75,1.0,0.0,1.0
83,Train/Low/low00266.png,35,13.165564838379243,0.2211276436070709,0.0,0.75,0.75,1.0,0.0,1.0
83,Train/Low/low00266.png,36,13.156204974884139,0.22044092169488427,0.0,0.75,0.75,1.0,0.0,1.0
83,Train/Low/low00266.png,37,13.146614845093616,0.2197327688492131,0.0,0.75,0.75,1.0,0.0,1.0
83,Train/Low/low00266.png,38,13.137745223763615,0.2190738096350763,0.0,0.75,0.75,1.0,0.0,1.0
83,Train/Low/low00266.png,39,13.130425660019984,0.2185271767374124,0.0,0.75,0.75,1.0,0.0,1.0
83,Train/Low/low00266.png,40,13.12526006919179,0.21813987198340462,0.0,0.75,0.75,1.0,0.0,1.0
84,Train/Low/low00180.png,0,6.0857427699535025,0.048344100668105766,1.0,0.0,1.0,0.0,0.0,0.0
84,Train/Low/low00180.png,1,6.116655023851376,0.05246468746693294,0.0,0.0,0.0,0.0,0.0,0.0
84,Train/Low/low00180.png,2,6.148398668969594,0.05667688015252495,0.0,0.0,0.0,0.0,0.0,0.0
84,Train/Low/low00180.png,3,6.177537452124592,0.060473294474023415,0.0,0.0,0.0,0.0,0.0,0.0
84,Train/Low/low00180.png,4,6.203151204899448,0.06372172484464325,0.0,0.0,0.0,0.0,0.0,0.0
84,Train/Low/low00180.png,5,6.2267504986580064,0.0666297481894512,0.0,0.0,0.0,0.0,0.0,0.0
84,Train/Low/low00180.png,6,6.249577862228125,0.06936087048562817,0.0,0.0,0.0,0.0,0.0,0.0
84,Train/Low/low00180.png,7,6.272343429854926,0.07200622840644631,0.0,0.0,0.0,0.0,0.0,0.0
84,Train/Low/low00180.png,8,6.295483729344353,0.07462242521048525,0.0,0.0,0.0,0.0,0.0,0.0
84,Train/Low/low00180.png,9,6.3164913893294115,0.07697689696395103,0.25,0.5,0.75,0.0,0.0,0.0
84,Train/Low/low00180.png,10,6.32967719029295,0.07844464404194182,0.25,0.75,1.0,0.0,0.0,0.0
84,Train/Low/low00180.png,11,6.342748770285054,0.07984925199700486,0.25,0.75,1.0,0.0,0.0,0.0
84,Train/Low/low00180.png,12,6.354560699329051,0.08123293021302654,0.25,0.75,1.0,0.25,0.25,0.5
84,Train/Low/low00180.png,13,6.353463681958158,0.0810409169672285,0.25,0.75,1.0,0.5,0.25,0.75
84,Train/Low/low00180.png,14,6.351455685443238,0.08075860009502814,0.25,0.75,1.0,0.5,0.25,0.75
84,Train/Low/low00180.png,15,6.350001342061452,0.08055439286371929,0.25,0.75,1.0,0.5,0.25,0.75
84,Train/Low/low00180.png,16,6.349097956414651,0.08042766787490305,0.25,0.75,1.0,0.5,0.25,0.75
84,Train/Low/low00180.png,17,6.348736497093283,0.08037699095271725,0.25,0.75,1.0,0.5,0.25,0.75
84,Train/Low/low00180.png,18,6.348881996940562,0.08039738849147368,0.25,0.75,1.0,0.5,0.25,0.75
84,Train/Low/low00180.png,19,6.34946866000257,0.08047965869571727,0.25,0.75,1.0,0.5,0.25,0.75
84,Train/Low/low00180.png,20,6.350414606108416,0.08061239568047676,0.25,0.75,1.0,0.5,0.25,0.75
84,Train/Low/low00180.png,21,6.351640428762455,0.0807845565916171,0.25,0.75,1.0,0.5,0.25,0.75
84,Train/Low/low00180.png,22,6.353075896286033,0.08098636441080928,0.25,0.75,1.0,0.5,0.25,0.75
84,Train/Low/low00180.png,23,6.354657140954371,0.08120890461819594,0.25,0.75,1.0,0.5,0.25,0.75
84,Train/Low/low00180.png,24,6.356325183306202,0.08144391241465627,0.25,0.75,1.0,0.5,0.25,0.75
84,Train/Low/low00180.png,25,6.358026984270752,0.0816839241112229,0.25,0.75,1.0,0.5,0.25,0.75
84,Train/Low/low00180.png,26,6.35971944716177,0.0819228432592019,0.25,0.75,1.0,0.5,0.25,0.75
84,Train/Low/low00180.png,27,6.361376643954877,0.08215698446045044,0.25,0.75,1.0,0.5,0.25,0.75
84,Train/Low/low00180.png,28,6.3629923419806245,0.08238543074924937,0.25,0.75,1.0,0.5,0.25,0.75
84,Train/Low/low00180.png,29,6.364573036365257,0.08260907733366252,0.25,0.75,1.0,0.5,0.25,0.75
84,Train/Low/low00180.png,30,6.366124317555165,0.08282868992356256,0.25,0.75,1.0,0.5,0.25,0.75
84,Train/Low/low00180.png,31,6.367642125692356,0.08304367360800446,0.25,0.75,1.0,0.5,0.25,0.75
84,Train/Low/low00180.png,32,6.369108952914485,0.08325152812757441,0.25,0.75,1.0,0.5,0.25,0.75
84,Train/Low/low00180.png,33,6.3705007947064445,0.08344882984006873,0.25,0.75,1.0,0.5,0.25,0.75
84,Train/Low/low00180.png,34,6.37179580929412,0.08363245949742269,0.25,0.75,1.0,0.5,0.25,0.75
84,Train/Low/low00180.png,35,6.372981638366099,0.08380064822929942,0.25,0.75,1.0,0.5,0.25,0.75
84,Train/Low/low00180.png,36,6.374052982276163,0.08395262652135518,0.25,0.75,1.0,0.5,0.25,0.75
84,Train/Low/low00180.png,37,6.375006985972553,0.08408798119285751,0.25,0.75,1.0,0.5,0.25,0.75
84,Train/Low/low00180.png,38,6.375839332064503,0.08420608432569407,0.25,0.75,1.0,0.5,0.25,0.75
84,Train/Low/low00180.png,39,6.376542993244975,0.08430593865479227,0.25,0.75,1.0,0.5,0.25,0.75
84,Train/Low/low00180.png,40,6.377109030412351,0.08438626568274,0.25,0.75,1.0,0.5,0.25,0.75
85,Train/Low/low00679.png,0,7.183587311558957,0.13343337890402868,1.0,0.0,1.0,0.0,0.0,0.0
85,Train/Low/low00679.png,1,7.290376539238412,0.14751758504284246,0.0,0.0,0.0,0.0,0.0,0.0
85,Train/Low/low00679.png,2,7.403898795454429,0.16230733421946741,0.0,0.0,0.0,0.0,0.0,0.0
85,Train/Low/low00679.png,3,7.525234594944859,0.17787426158741393,0.0,0.0,0.0,0.0,0.0,0.0
85,Train/Low/low00679.png,4,7.653404217742223,0.19402996351415813,0.0,0.0,0.0,0.0,0.0,0.0
85,Train/Low/low00679.png,5,7.786387318637659,0.21047120683679027,0.0,0.0,0.0,0.0,0.0,0.0
85,Train/Low/low00679.png,6,7.922634911711427,0.22695890668361293,0.0,0.0,0.0,0.0,0.0,0.0
85,Train/Low/low00679.png,7,8.062255763976063,0.24343785500016912,0.0,0.0,0.0,0.0,0.0,0.0
85,Train/Low/low00679.png,8,8.206189472430983,0.2599261251175185,0.0,0.0,0.0,0.0,0.0,0.0
85,Train/Low/low00679.png,9,8.331672321462186,0.2740625760544465,0.0,0.75,0.75,0.0,0.0,0.0
85,Train/Low/low00679.png,10,8.427984148590275,0.28488586007316474,0.0,0.75,0.75,0.0,0.0,0.0
85,Train/Low/low00679.png,11,8.523155589641394,0.29540208529093864,0.0,0.75,0.75,0.0,0.0,0.0
85,Train/Low/low00679.png,12,8.541601284060095,0.2973976358136591,0.0,0.75,0.75,1.0,0.0,1.0
85,Train/Low/low00679.png,13,8.537055883853245,0.29696766169337,0.0,0.75,0.75,1.0,0.0,1.0
85,Train/Low/low00679.png,14,8.531549769249821,0.296445123239459,0.0,0.75,0.75,1.0,0.0,1.0
85,Train/Low/low00679.png,15,8.526697354462181,0.2959831287715535,0.0,0.75,0.75,1.0,0.0,1.0
85,Train/Low/low00679.png,16,8.523814099171311,0.29570796822593354,0.0,0.75,0.75,1.0,0.0,1.0
85,Train/Low/low00679.png,17,8.523481743166275,0.29567621522319437,0.0,0.75,0.75,1.0,0.0,1.0
85,Train/Low/low00679.png,18,8.525476569156513,0.29586668122657217,0.0,0.75,0.75,1.0,0.0,1.0
85,Train/Low/low00679.png,19,8.529026754609186,0.2962050816063582,0.0,0.75,0.75,1.0,0.0,1.0
85,Train/Low/low00679.png,20,8.533060052878223,0.2965886334779962,0.0,0.75,0.75,1.0,0.0,1.0
85,Train/Low/low00679.png,21,8.536422756552152,0.2969076680335272,0.0,0.75,0.75,1.0,0.0,1.0
85,Train/Low/low00679.png,22,8.5381956825752,0.29707560286643697,0.0,0.75,0.75,1.0,0.0,1.0
85,Train/Low/low00679.png,23,8.538006974874854,0.297057734889643,0.0,0.75,0.75,1.0,0.0,1.0
85,Train/Low/low00679.png,24,8.536104500316563,0.29687750428512494,0.0,0.75,0.75,1.0,0.0,1.0
85,Train/Low/low00679.png,25,8.533189394652696,0.2966009164423315,0.0,0.75,0.75,1.0,0.0,1.0
85,Train/Low/low00679.png,26,8.530179629663788,0.2963148128037636,0.0,0.75,0.75,1.0,0.0,1.0
85,Train/Low/low00679.png,27,8.527953433737952,0.29610285175898454,0.0,0.75,0.75,1.0,0.0,1.0
85,Train/Low/low00679.png,28,8.527092673663795,0.2960208192496259,0.0,0.75,0.75,1.0,0.0,1.0
85,Train/Low/low00679.png,29,8.52772685606266,0.2960812624853527,0.0,0.75,0.75,1.0,0.0,1.0
85,Train/Low/low00679.png,30,8.529542419973112,0.29625417303701107,0.0,0.75,0.75,1.0,0.0,1.0
85,Train/Low/low00679.png,31,8.53191180841547,0.2964795361938027,0.0,0.75,0.75,1.0,0.0,1.0
85,Train/Low/low00679.png,32,8.534080543677803,0.296685522727951,0.0,0.75,0.75,1.0,0.0,1.0
85,Train/Low/low00679.png,33,8.535392913404875,0.29681003502221137,0.0,0.75,0.75,1.0,0.0,1.0
85,Train/Low/low00679.png,34,8.535504504588774,0.2968206177502819,0.0,0.75,0.75,1.0,0.0,1.0
85,Train/Low/low00679.png,35,8.53448102334715,0.29672352895978804,0.0,0.75,0.75,1.0,0.0,1.0
85,Train/Low/low00679.png,36,8.532742903227312,0.29655850880686235,0.0,0.75,0.75,1.0,0.0,1.0
85,Train/Low/low00679.png,37,8.530903465909459,0.29638367006520827,0.0,0.75,0.75,1.0,0.0,1.0
85,Train/Low/low00679.png,38,8.529562961549226,0.29625612699951565,0.0,0.75,0.75,1.0,0.0,1.0
85,Train/Low/low00679.png,39,8.529114481461031,0.2962134358273195,0.0,0.75,0.75,1.0,0.0,1.0
85,Train/Low/low00679.png,40,8.529630210538107,0.29626252823677535,0.0,0.75,0.75,1.0,0.0,1.0
86,Train/Low/low00408.png,0,7.318859456901217,0.1032118600599147,0.0,1.0,1.0,0.0,0.0,0.0
86,Train/Low/low00408.png,1,7.194975516562664,0.10136307418706908,0.0,0.0,0.0,0.0,0.0,0.0
86,Train/Low/low00408.png,2,7.106727248592032,0.09972672875632044,0.0,0.0,0.0,0.0,0.0,0.0
86,Train/Low/low00408.png,3,7.031563079576914,0.09802996587149274,0.0,0.25,0.25,0.0,0.0,0.0
86,Train/Low/low00408.png,4,6.959757494419203,0.09615599949135879,0.0,0.25,0.25,0.0,0.0,0.0
86,Train/Low/low00408.png,5,6.897498902925311,0.09419468380441341,0.0,0.25,0.25,0.0,0.0,0.0
86,Train/Low/low00408.png,6,6.845313139284035,0.09224590114200128,0.0,0.25,0.25,0.0,0.0,0.0
86,Train/Low/low00408.png,7,6.802317089389705,0.09042144779120866,0.0,0.25,0.25,0.0,0.0,0.0
86,Train/Low/low00408.png,8,6.766179332415334,0.08880063372642563,0.0,0.25,0.25,0.0,0.0,0.0
86,Train/Low/low00408.png,9,6.736878787207122,0.08745071364737379,0.0,0.25,0.25,0.0,0.0,0.0
86,Train/Low/low00408.png,10,6.714917321344807,0.0864086138835466,0.0,0.25,0.25,0.0,0.0,0.0
86,Train/Low/low00408.png,11,6.703418333054614,0.08581232488260197,0.25,0.25,0.5,0.0,0.0,0.0
86,Train/Low/low00408.png,12,6.697594361117427,0.08546919977243041,0.25,0.25,0.5,0.0,0.0,0.0
86,Train/Low/low00408.png,13,6.698269501536992,0.08545281950307766,0.25,0.25,0.5,0.0,0.25,0.25
86,Train/Low/low00408.png,14,6.703247786094682,0.08561928338955777,0.25,0.25,0.5,0.0,0.25,0.25
86,Train/Low/low00408.png,15,6.710198775033228,0.08582341534197448,0.25,0.25,0.5,0.0,0.25,0.25
86,Train/Low/low00408.png,16,6.7184162518029495,0.08603730246443053,0.0,0.25,0.25,0.0,0.25,0.25
86,Train/Low/low00408.png,17,6.727598674993027,0.08625582840701508,0.0,0.25,0.25,0.0,0.25,0.25
86,Train/Low/low00408.png,18,6.736973269204728,0.08645483930519161,0.0,0.25,0.25,0.0,0.25,0.25
86,Train/Low/low00408.png,19,6.74587827659199,0.08661413206584932,0.0,0.25,0.25,0.0,0.25,0.25
86,Train/Low/low00408.png,20,6.753769555477561,0.08671625135953422,0.0,0.25,0.25,0.0,0.25,0.25
86,Train/Low/low00408.png,21,6.7602294485966254,0.08674596939278449,0.0,0.25,0.25,0.0,0.25,0.25
86,Train/Low/low00408.png,22,6.76494997924665,0.08668908856544044,0.0,0.25,0.25,0.0,0.25,0.25
86,Train/Low/low00408.png,23,6.767747409025301,0.08653368543552942,0.0,0.25,0.25,0.0,0.25,0.25
86,Train/Low/low00408.png,24,6.768563353359005,0.0862712385927265,0.0,0.25,0.25,0.0,0.25,0.25
86,Train/Low/low00408.png,25,6.769137782720668,0.08602935322832761,0.0,0.25,0.25,0.0,0.5,0.5
86,Train/Low/low00408.png,26,6.774925447715276,0.08624992639977509,0.0,0.25,0.25,0.0,0.5,0.5
86,Train/Low/low00408.png,27,6.778999855735959,0.08639586779116729,0.0,0.25,0.25,0.0,0.5,0.5
86,Train/Low/low00408.png,28,6.781568156352318,0.08646935085814955,0.0,0.25,0.25,0.0,0.5,0.5
86,Train/Low/low00408.png,29,6.782898657738066,0.08647495048078899,0.0,0.25,0.25,0.0,0.5,0.5
86,Train/Low/low00408.png,30,6.78330006280596,0.0864191811207568,0.0,0.25,0.25,0.0,0.5,0.5
86,Train/Low/low00408.png,31,6.783099525954528,0.08631008877107546,0.0,0.25,0.25,0.0,0.5,0.5
86,Train/Low/low00408.png,32,6.782619671035536,0.08615678175638541,0.0,0.25,0.25,0.0,0.5,0.5
86,Train/Low/low00408.png,33,6.782159691483171,0.08596909599173996,0.0,0.25,0.25,0.0,0.5,0.5
86,Train/Low/low00408.png,34,6.784776943431877,0.08592214451482863,0.0,0.25,0.25,0.0,0.75,0.75
86,Train/Low/low00408.png,35,6.789122715540202,0.08593793776130236,0.0,0.25,0.25,0.0,0.75,0.75
86,Train/Low/low00408.png,36,6.794026293607031,0.08594934572096888,0.0,0.25,0.25,0.0,0.75,0.75
86,Train/Low/low00408.png,37,6.799472228198007,0.08595903413627683,0.0,0.25,0.25,0.0,0.75,0.75
86,Train/Low/low00408.png,38,6.805410065522359,0.0859695677250292,0.0,0.25,0.25,0.0,0.75,0.75
86,Train/Low/low00408.png,39,6.8117589102977725,0.08598333067919664,0.0,0.25,0.25,0.0,0.75,0.75
86,Train/Low/low00408.png,40,6.8184148416646355,0.08600244728167682,0.0,0.25,0.25,0.0,0.75,0.75
87,Train/Low/low00623.png,0,5.616112013211861,0.16007777063871712,1.0,0.0,1.0,0.0,0.0,0.0
87,Train/Low/low00623.png,1,5.720647709732698,0.17605487364937772,0.0,0.0,0.0,0.0,0.0,0.0
87,Train/Low/low00623.png,2,5.833338412982654,0.19285540841766238,0.0,0.0,0.0,0.0,0.0,0.0
87,Train/Low/low00623.png,3,5.954349302252107,0.21038610243648395,0.0,0.0,0.0,0.0,0.0,0.0
87,Train/Low/low00623.png,4,6.08394076142099,0.22855282066037455,0.0,0.0,0.0,0.0,0.0,0.0
87,Train/Low/low00623.png,5,6.222082426838761,0.2472134222265265,0.0,0.0,0.0,0.0,0.0,0.0
87,Train/Low/low00623.png,6,6.368148125701216,0.2661521916359242,0.0,0.0,0.0,0.0,0.0,0.0
87,Train/Low/low00623.png,7,6.520302611046437,0.28503457782155966,0.0,0.0,0.0,0.0,0.0,0.0
87,Train/Low/low00623.png,8,6.675559372566423,0.3034488791497396,0.0,0.0,0.0,0.0,0.0,0.0
87,Train/Low/low00623.png,9,6.806623215229686,0.31852239100579804,0.0,0.75,0.75,0.0,0.0,0.0
87,Train/Low/low00623.png,10,6.899771671860994,0.32910913376540707,0.0,0.75,0.75,0.0,0.0,0.0
87,Train/Low/low00623.png,11,6.987567798795178,0.3389305677669781,0.0,0.75,0.75,0.0,0.0,0.0
87,Train/Low/low00623.png,12,7.000494896385043,0.34052843627805135,0.0,0.75,0.75,1.0,0.0,1.0
87,Train/Low/low00623.png,13,6.989248618057637,0.3394733549735608,0.0,0.75,0.75,1.0,0.0,1.0
87,Train/Low/low00623.png,14,6.976624535667671,0.33827376743938137,0.0,0.75,0.75,1.0,0.0,1.0
87,Train/Low/low00623.png,15,6.963628239830504,0.33702255756857674,0.0,0.75,0.75,1.0,0.0,1.0
87,Train/Low/low00623.png,16,6.951223236489357,0.3358135169833937,0.0,0.75,0.75,1.0,0.0,1.0
87,Train/Low/low00623.png,17,6.940294443857704,0.3347369174295247,0.0,0.75,0.75,1.0,0.0,1.0
87,Train/Low/low00623.png,18,6.931618475539071,0.3338749230753819,0.0,0.75,0.75,1.0,0.0,1.0
87,Train/Low/low00623.png,19,6.9258327845855225,0.3332966099091151,0.0,0.75,0.75,1.0,0.0,1.0
87,Train/Low/low00623.png,20,6.922829916464883,0.33299538474069407,0.0,0.75,0.75,1.0,0.0,1.0
87,Train/Low/low00623.png,21,6.922327002186956,0.33294486417533653,0.0,0.75,0.75,1.0,0.0,1.0
87,Train/Low/low00623.png,22,6.92406744541632,0.3331196120275236,0.0,0.75,0.75,1.0,0.0,1.0
87,Train/Low/low00623.png,23,6.927685891661392,0.333482135905229,0.0,0.75,0.75,1.0,0.0,1.0
87,Train/Low/low00623.png,24,6.933016241688641,0.3340142258230971,0.0,0.75,0.75,1.0,0.0,1.0
87,Train/Low/low00623.png,25,6.939601722894038,0.334668327189367,0.0,0.75,0.75,1.0,0.0,1.0
87,Train/Low/low00623.png,26,6.946754429915501,0.33537456053187825,0.0,0.75,0.75,1.0,0.0,1.0
87,Train/Low/low00623.png,27,6.9538553858262375,0.3360712298761045,0.0,0.75,0.75,1.0,0.0,1.0
87,Train/Low/low00623.png,28,6.96037116999396,0.3367064810621837,0.0,0.75,0.75,1.0,0.0,1.0
87,Train/Low/low00623.png,29,6.96581297906204,0.33723401742774906,0.0,0.75,0.75,1.0,0.0,1.0
87,Train/Low/low00623.png,30,6.969793397528096,0.33761811859882684,0.0,0.75,0.75,1.0,0.0,1.0
87,Train/Low/low00623.png,31,6.972081707929085,0.33783824987428357,0.0,0.75,0.75,1.0,0.0,1.0
87,Train/Low/low00623.png,32,6.97262406434678,0.33789035237704784,0.0,0.75,0.75,1.0,0.0,1.0
87,Train/Low/low00623.png,33,6.971530789998419,0.33778530069280965,0.0,0.75,0.75,1.0,0.0,1.0
87,Train/Low/low00623.png,34,6.969045637645434,0.33754607584276636,0.0,0.75,0.75,1.0,0.0,1.0
87,Train/Low/low00623.png,35,6.965507599881625,0.3372044871713297,0.0,0.75,0.75,1.0,0.0,1.0
87,Train/Low/low00623.png,36,6.9613136735384105,0.3367980460303735,0.0,0.75,0.75,1.0,0.0,1.0
87,Train/Low/low00623.png,37,6.956881684398213,0.33636675892270657,0.0,0.75,0.75,1.0,0.0,1.0
87,Train/Low/low00623.png,38,6.952612783871475,0.3359496448299549,0.0,0.75,0.75,1.0,0.0,1.0
87,Train/Low/low00623.png,39,6.948855003098721,0.3355811150008125,0.0,0.75,0.75,1.0,0.0,1.0
87,Train/Low/low00623.png,40,6.945881943269498,0.33528865354280235,0.0,0.75,0.75,1.0,0.0,1.0
88,Train/Low/low00646.png,0,6.83949289200437,0.23635845052875362,1.0,0.0,1.0,0.0,0.0,0.0
88,Train/Low/low00646.png,1,7.001768682288809,0.258529154303548,0.0,0.0,0.0,0.0,0.0,0.0
88,Train/Low/low00646.png,2,7.1758028097007776,0.2816631647183675,0.0,0.0,0.0,0.0,0.0,0.0
88,Train/Low/low00646.png,3,7.3615667065353785,0.3055759973390172,0.0,0.0,0.0,0.0,0.0,0.0
88,Train/Low/low00646.png,4,7.559094001896938,0.3300720565280846,0.0,0.0,0.0,0.0,0.0,0.0
88,Train/Low/low00646.png,5,7.768708872213654,0.35496537621078306,0.0,0.0,0.0,0.0,0.0,0.0
88,Train/Low/low00646.png,6,7.9907623766807845,0.38005868199809684,0.0,0.0,0.0,0.0,0.0,0.0
88,Train/Low/low00646.png,7,8.225408513905176,0.4051280641208588,0.0,0.0,0.0,0.0,0.0,0.0
88,Train/Low/low00646.png,8,8.472637439378056,0.4299334771364342,0.0,0.0,0.0,0.0,0.0,0.0
88,Train/Low/low00646.png,9,8.673473445735162,0.44936025014858766,0.0,1.0,1.0,0.0,0.0,0.0
88,Train/Low/low00646.png,10,8.799837681105076,0.4617055615030446,0.0,1.0,1.0,0.0,0.0,0.0
88,Train/Low/low00646.png,11,8.926557499085403,0.47367317933417963,0.0,1.0,1.0,0.0,0.0,0.0
88,Train/Low/low00646.png,12,8.962494510625858,0.47719367869432455,0.0,1.0,1.0,1.0,0.0,1.0
88,Train/Low/low00646.png,13,8.962494510625858,0.47719367869432455,0.0,1.0,1.0,1.0,0.0,1.0
88,Train/Low/low00646.png,14,8.962494510625858,0.47719367869432455,0.0,1.0,1.0,1.0,0.0,1.0
88,Train/Low/low00646.png,15,8.962494510625858,0.47719367869432455,0.0,1.0,1.0,1.0,0.0,1.0
88,Train/Low/low00646.png,16,8.962494510625858,0.47719367869432455,0.0,1.0,1.0,1.0,0.0,1.0
88,Train/Low/low00646.png,17,8.962494510625858,0.47719367869432455,0.0,1.0,1.0,1.0,0.0,1.0
88,Train/Low/low00646.png,18,8.962494510625858,0.47719367869432455,0.0,1.0,1.0,1.0,0.0,1.0
88,Train/Low/low00646.png,19,8.962494510625858,0.47719367869432455,0.0,1.0,1.0,1.0,0.0,1.0
88,Train/Low/low00646.png,20,8.962494510625858,0.47719367869432455,0.0,1.0,1.0,1.0,0.0,1.0
88,Train/Low/low00646.png,21,8.962494510625858,0.47719367869432455,0.0,1.0,1.0,1.0,0.0,1.0
88,Train/Low/low00646.png,22,8.962494510625858,0.47719367869432455,0.0,1.0,1.0,1.0,0.0,1.0
88,Train/Low/low00646.png,23,8.962494510625858,0.47719367869432455,0.0,1.0,1.0,1.0,0.0,1.0
88,Train/Low/low00646.png,24,8.962494510625858,0.47719367869432455,0.0,1.0,1.0,1.0,0.0,1.0
88,Train/Low/low00646.png,25,8.962494510625858,0.47719367869432455,0.0,1.0,1.0,1.0,0.0,1.0
88,Train/Low/low00646.png,26,8.962494510625858,0.47719367869432455,0.0,1.0,1.0,1.0,0.0,1.0
88,Train/Low/low00646.png,27,8.962494510625858,0.47719367869432455,0.0,1.0,1.0,1.0,0.0,1.0
88,Train/Low/low00646.png,28,8.962494510625858,0.47719367869432455,0.0,1.0,1.0,1.0,0.0,1.0
88,Train/Low/low00646.png,29,8.962494510625858,0.47719367869432455,0.0,1.0,1.0,1.0,0.0,1.0
88,Train/Low/low00646.png,30,8.962494510625858,0.47719367869432455,0.0,1.0,1.0,1.0,0.0,1.0
88,Train/Low/low00646.png,31,8.962494510625858,0.47719367869432455,0.0,1.0,1.0,1.0,0.0,1.0
88,Train/Low/low00646.png,32,8.962494510625858,0.47719367869432455,0.0,1.0,1.0,1.0,0.0,1.0
88,Train/Low/low00646.png,33,8.962494510625858,0.47719367869432455,0.0,1.0,1.0,1.0,0.0,1.0
88,Train/Low/low00646.png,34,8.962494510625858,0.47719367869432455,0.0,1.0,1.0,1.0,0.0,1.0
88,Train/Low/low00646.png,35,8.962494510625858,0.47719367869432455,0.0,1.0,1.0,1.0,0.0,1.0
88,Train/Low/low00646.png,36,8.962494510625858,0.47719367869432455,0.0,1.0,1.0,1.0,0.0,1.0
88,Train/Low/low00646.png,37,8.962494510625858,0.47719367869432455,0.0,1.0,1.0,1.0,0.0,1.0
88,Train/Low/low00646.png,38,8.962494510625858,0.47719367869432455,0.0,1.0,1.0,1.0,0.0,1.0
88,Train/Low/low00646.png,39,8.962494510625858,0.47719367869432455,0.0,1.0,1.0,1.0,0.0,1.0
88,Train/Low/low00646.png,40,8.962494510625858,0.47719367869432455,0.0,1.0,1.0,1.0,0.0,1.0
89,Train/Low/low00104.png,0,7.672450508485893,0.05046701681495789,1.0,0.0,1.0,0.0,0.0,0.0
89,Train/Low/low00104.png,1,7.733924293873173,0.055657342872819905,0.0,0.0,0.0,0.0,0.0,0.0
89,Train/Low/low00104.png,2,7.797305389097172,0.06107774109374239,0.0,0.0,0.0,0.0,0.0,0.0
89,Train/Low/low00104.png,3,7.859776835943025,0.06655560508247574,0.0,0.0,0.0,0.0,0.0,0.0
89,Train/Low/low00104.png,4,7.9173891490750155,0.07186331964466576,0.0,0.0,0.0,0.0,0.0,0.0
89,Train/Low/low00104.png,5,7.968775778220935,0.0769211405877904,0.0,0.0,0.0,0.0,0.0,0.0
89,Train/Low/low00104.png,6,8.01515954756883,0.08178238802219916,0.0,0.0,0.0,0.0,0.0,0.0
89,Train/Low/low00104.png,7,8.060717620307825,0.08670074241671559,0.0,0.0,0.0,0.0,0.0,0.0
89,Train/Low/low00104.png,8,8.109822234523751,0.09193586417100984,0.0,0.0,0.0,0.0,0.0,0.0
89,Train/Low/low00104.png,9,8.159272283339217,0.09696261589810791,0.0,0.75,0.75,0.0,0.0,0.0
89,Train/Low/low00104.png,10,8.20606141271017,0.10143930206122613,0.0,0.75,0.75,0.0,0.0,0.0
89,Train/Low/low00104.png,11,8.25366013614139,0.10601849723190573,0.0,0.75,0.75,0.0,0.0,0.0
89,Train/Low/low00104.png,12,8.29094303189965,0.1093289847743793,0.0,0.75,0.75,0.5,0.0,0.5
89,Train/Low/low00104.png,13,8.312073369703828,0.11104249592480381,0.0,0.75,0.75,0.75,0.0,0.75
89,Train/Low/low00104.png,14,8.327030138454361,0.11218585497253171,0.0,0.75,0.75,0.75,0.0,0.75
89,Train/Low/low00104.png,15,8.339026207139026,0.11318630916691444,0.0,0.75,0.75,0.75,0.0,0.75
89,Train/Low/low00104.png,16,8.329927953853375,0.11279550128116565,0.0,0.75,0.75,1.0,0.0,1.0
89,Train/Low/low00104.png,17,8.318197863777053,0.11221600733589708,0.0,0.75,0.75,1.0,0.0,1.0
89,Train/Low/low00104.png,18,8.309077482784552,0.11176322664896464,0.0,0.75,0.75,1.0,0.0,1.0
89,Train/Low/low00104.png,19,8.304052820581507,0.1115129587314877,0.0,0.75,0.75,1.0,0.0,1.0
89,Train/Low/low00104.png,20,8.303473822380496,0.11148408377820979,0.0,0.75,0.75,1.0,0.0,1.0
89,Train/Low/low00104.png,21,8.30677901074302,0.11164881605204781,0.0,0.75,0.75,1.0,0.0,1.0
89,Train/Low/low00104.png,22,8.312941741590166,0.11195530221239641,0.0,0.75,0.75,1.0,0.0,1.0
89,Train/Low/low00104.png,23,8.320711122161848,0.11234043955924906,0.0,0.75,0.75,1.0,0.0,1.0
89,Train/Low/low00104.png,24,8.32869325627438,0.11273465525576729,0.0,0.75,0.75,1.0,0.0,1.0
89,Train/Low/low00104.png,25,8.335473361846798,0.11306832544629053,0.0,0.75,0.75,1.0,0.0,1.0
89,Train/Low/low00104.png,26,8.33988624359812,0.11328491334411167,0.0,0.75,0.75,1.0,0.0,1.0
89,Train/Low/low00104.png,27,8.341318586501954,0.11335511302241691,0.0,0.75,0.75,1.0,0.0,1.0
89,Train/Low/low00104.png,28,8.339813672248559,0.11328135336803781,0.0,0.75,0.75,1.0,0.0,1.0
89,Train/Low/low00104.png,29,8.335948473465367,0.11309166758807881,0.0,0.75,0.75,1.0,0.0,1.0
89,Train/Low/low00104.png,30,8.33063381210419,0.11283026830729544,0.0,0.75,0.75,1.0,0.0,1.0
89,Train/Low/low00104.png,31,8.324938592417645,0.11254940841113477,0.0,0.75,0.75,1.0,0.0,1.0
89,Train/Low/low00104.png,32,8.319921771282024,0.11230137428993965,0.0,0.75,0.75,1.0,0.0,1.0
89,Train/Low/low00104.png,33,8.31644590080831,0.11212918096449802,0.0,0.75,0.75,1.0,0.0,1.0
89,Train/Low/low00104.png,34,8.315015178401113,0.11205822100551802,0.0,0.75,0.75,1.0,0.0,1.0
89,Train/Low/low00104.png,35,8.315705004436536,0.11209244070731218,0.0,0.75,0.75,1.0,0.0,1.0
89,Train/Low/low00104.png,36,8.318199538281961,0.11221609116856888,0.0,0.75,0.75,1.0,0.0,1.0
89,Train/Low/low00104.png,37,8.321891270574781,0.11239881839689794,0.0,0.75,0.75,1.0,0.0,1.0
89,Train/Low/low00104.png,38,8.326000019876343,0.11260181182962399,0.0,0.75,0.75,1.0,0.0,1.0
89,Train/Low/low00104.png,39,8.329708556507455,0.112784691901663,0.0,0.75,0.75,1.0,0.0,1.0
89,Train/Low/low00104.png,40,8.33231972416576,0.11291326167475779,0.0,0.75,0.75,1.0,0.0,1.0
90,Train/Low/low00399.png,0,13.70800366341123,0.2944212074405015,0.0,1.0,1.0,0.0,0.0,0.0
90,Train/Low/low00399.png,1,13.2897400466294,0.2935388817307401,0.0,0.0,0.0,0.0,0.0,0.0
90,Train/Low/low00399.png,2,12.901147942903037,0.2913294820291674,0.0,0.0,0.0,0.0,0.0,0.0
90,Train/Low/low00399.png,3,12.544865350467235,0.2878251001117891,0.0,0.0,0.0,0.0,0.0,0.0
90,Train/Low/low00399.png,4,12.224066999843393,0.28318009879048367,0.0,0.0,0.0,0.0,0.0,0.0
90,Train/Low/low00399.png,5,11.942183241136204,0.27769554535397195,0.0,0.0,0.0,0.0,0.0,0.0
90,Train/Low/low00399.png,6,11.701107216678789,0.2717673849359264,0.0,0.0,0.0,0.0,0.0,0.0
90,Train/Low/low00399.png,7,11.499776844496644,0.26577888488691165,0.0,0.0,0.0,0.0,0.0,0.0
90,Train/Low/low00399.png,8,11.3355541221976,0.26006778399407365,0.0,0.0,0.0,0.0,0.0,0.0
90,Train/Low/low00399.png,9,11.205629732713781,0.25492917902125395,0.0,0.0,0.0,0.0,0.0,0.0
90,Train/Low/low00399.png,10,11.128362294282827,0.251258610632514,0.25,0.0,0.25,0.0,0.0,0.0
90,Train/Low/low00399.png,11,11.07945814844992,0.24857926534806085,0.25,0.0,0.25,0.0,0.0,0.0
90,Train/Low/low00399.png,12,11.057399742706144,0.24705813446181754,0.5,0.0,0.5,0.0,0.5,0.5
90,Train/Low/low00399.png,13,11.076949406542013,0.24768421805356258,0.5,0.0,0.5,0.0,0.5,0.5
90,Train/Low/low00399.png,14,11.116911283852438,0.2493342406051116,0.25,0.0,0.25,0.0,0.75,0.75
90,Train/Low/low00399.png,15,11.16405093107917,0.2512361077233963,0.25,0.0,0.25,0.0,0.75,0.75
90,Train/Low/low00399.png,16,11.213395059149464,0.25314351811765473,0.25,0.0,0.25,0.0,0.75,0.75
90,Train/Low/low00399.png,17,11.262068806318062,0.254940517247795,0.25,0.0,0.25,0.0,0.75,0.75
90,Train/Low/low00399.png,18,11.304270823054598,0.2564377229576546,0.25,0.25,0.5,0.0,0.75,0.75
90,Train/Low/low00399.png,19,11.337350954257936,0.2575626872801047,0.25,0.25,0.5,0.0,0.75,0.75
90,Train/Low/low00399.png,20,11.369446805036103,0.258579537468642,0.0,0.25,0.25,0.0,0.75,0.75
90,Train/Low/low00399.png,21,11.397004354001494,0.2593940907623656,0.0,0.0,0.0,0.0,0.75,0.75
90,Train/Low/low00399.png,22,11.417838408383458,0.2599593510730764,0.0,0.0,0.0,0.0,0.75,0.75
90,Train/Low/low00399.png,23,11.431734241166039,0.26028834801583367,0.0,0.0,0.0,0.0,0.75,0.75
90,Train/Low/low00399.png,24,11.438957049570742,0.2604055537343826,0.0,0.0,0.0,0.0,0.75,0.75
90,Train/Low/low00399.png,25,11.440194634871307,0.260344079237743,0.0,0.0,0.0,0.0,0.75,0.75
90,Train/Low/low00399.png,26,11.436478902015656,0.2601433734076554,0.0,0.0,0.0,0.0,0.75,0.75
90,Train/Low/low00399.png,27,11.429085024708732,0.2598471183108088,0.0,0.0,0.0,0.0,0.75,0.75
90,Train/Low/low00399.png,28,11.419411244535437,0.25950062893631703,0.0,0.0,0.0,0.0,0.75,0.75
90,Train/Low/low00399.png,29,11.408857591349022,0.25914799169831615,0.0,0.0,0.0,0.0,0.75,0.75
90,Train/Low/low00399.png,30,11.398707025464814,0.2588287069470067,0.0,0.0,0.0,0.0,0.75,0.75
90,Train/Low/low00399.png,31,11.390032930305553,0.25857460400302346,0.0,0.0,0.0,0.0,0.75,0.75
90,Train/Low/low00399.png,32,11.383641817913839,0.2584077688550937,0.0,0.0,0.0,0.0,0.75,0.75
90,Train/Low/low00399.png,33,11.38065410515594,0.258333280076373,0.25,0.0,0.25,0.0,0.75,0.75
90,Train/Low/low00399.png,34,11.38436140499442,0.25831669315107203,0.25,0.0,0.25,0.0,0.75,0.75
90,Train/Low/low00399.png,35,11.390542781134119,0.25839246371982233,0.25,0.0,0.25,0.0,0.75,0.75
90,Train/Low/low00399.png,36,11.398818810451527,0.2585471937216874,0.25,0.0,0.25,0.0,0.75,0.75
90,Train/Low/low00399.png,37,11.408695070957071,0.25876318212193034,0.25,0.0,0.25,0.0,0.75,0.75
90,Train/Low/low00399.png,38,11.419583685258296,0.25901977698672524,0.25,0.0,0.25,0.0,0.75,0.75
90,Train/Low/low00399.png,39,11.430830163444682,0.25929482095085077,0.25,0.0,0.25,0.0,0.75,0.75
90,Train/Low/low00399.png,40,11.441747541083913,0.2595660579892486,0.25,0.0,0.25,0.0,0.75,0.75
91,Train/Low/low00638.png,0,7.992562178421254,0.1648181512536578,1.0,0.25,1.0,0.25,0.25,0.25
91,Train/Low/low00638.png,1,8.112981123089218,0.1788837866823061,0.25,0.25,0.25,0.25,0.25,0.25
91,Train/Low/low00638.png,2,8.241089023418853,0.19377882062181973,0.25,0.25,0.25,0.25,0.25,0.25
91,Train/Low/low00638.png,3,8.37658617325563,0.20939166293587833,0.25,0.25,0.25,0.25,0.25,0.25
91,Train/Low/low00638.png,4,8.519204781865541,0.2255999222370963,0.25,0.25,0.25,0.25,0.25,0.25
91,Train/Low/low00638.png,5,8.668733232667062,0.24227575369301071,0.25,0.25,0.25,0.25,0.25,0.25
91,Train/Low/low00638.png,6,8.824967335489012,0.25928361542164063,0.25,0.25,0.25,0.25,0.25,0.25
91,Train/Low/low00638.png,7,8.987638620527905,0.27647670482889397,0.25,0.25,0.25,0.25,0.25,0.25
91,Train/Low/low00638.png,8,9.156268292671468,0.29368733363521915,0.25,0.25,0.25,0.25,0.25,0.25
91,Train/Low/low00638.png,9,9.303760619557371,0.3083686981440278,0.25,1.0,1.0,0.25,0.25,0.25
91,Train/Low/low00638.png,10,9.392090480457874,0.317259786959897,0.25,1.0,1.0,0.25,0.25,0.25
91,Train/Low/low00638.png,11,9.479651352111485,0.3258703268864511,0.25,1.0,1.0,0.25,0.25,0.25
91,Train/Low/low00638.png,12,9.504626399531915,0.3284250332805521,0.25,1.0,1.0,1.0,0.25,1.0
91,Train/Low/low00638.png,13,9.504626399531915,0.3284250332805521,0.25,1.0,1.0,1.0,0.25,1.0
91,Train/Low/low00638.png,14,9.504626399531915,0.3284250332805521,0.25,1.0,1.0,1.0,0.25,1.0
91,Train/Low/low00638.png,15,9.504626399531915,0.3284250332805521,0.25,1.0,1.0,1.0,0.25,1.0
91,Train/Low/low00638.png,16,9.504626399531915,0.3284250332805521,0.25,1.0,1.0,1.0,0.25,1.0
91,Train/Low/low00638.png,17,9.504626399531915,0.3284250332805521,0.25,1.0,1.0,1.0,0.25,1.0
91,Train/Low/low00638.png,18,9.504626399531915,0.3284250332805521,0.25,1.0,1.0,1.0,0.25,1.0
91,Train/Low/low00638.png,19,9.504626399531915,0.3284250332805521,0.25,1.0,1.0,1.0,0.25,1.0
91,Train/Low/low00638.png,20,9.504626399531915,0.3284250332805521,0.25,1.0,1.0,1.0,0.25,1.0
91,Train/Low/low00638.png,21,9.504626399531915,0.3284250332805521,0.25,1.0,1.0,1.0,0.25,1.0
91,Train/Low/low00638.png,22,9.504626399531915,0.3284250332805521,0.25,1.0,1.0,1.0,0.25,1.0
91,Train/Low/low00638.png,23,9.504626399531915,0.3284250332805521,0.25,1.0,1.0,1.0,0.25,1.0
91,Train/Low/low00638.png,24,9.504626399531915,0.3284250332805521,0.25,1.0,1.0,1.0,0.25,1.0
91,Train/Low/low00638.png,25,9.504626399531915,0.3284250332805521,0.25,1.0,1.0,1.0,0.25,1.0
91,Train/Low/low00638.png,26,9.504626399531915,0.3284250332805521,0.25,1.0,1.0,1.0,0.25,1.0
91,Train/Low/low00638.png,27,9.504626399531915,0.3284250332805521,0.25,1.0,1.0,1.0,0.25,1.0
91,Train/Low/low00638.png,28,9.504626399531915,0.3284250332805521,0.25,1.0,1.0,1.0,0.25,1.0
91,Train/Low/low00638.png,29,9.504626399531915,0.3284250332805521,0.25,1.0,1.0,1.0,0.25,1.0
91,Train/Low/low00638.png,30,9.504626399531915,0.3284250332805521,0.25,1.0,1.0,1.0,0.25,1.0
91,Train/Low/low00638.png,31,9.504626399531915,0.3284250332805521,0.25,1.0,1.0,1.0,0.25,1.0
91,Train/Low/low00638.png,32,9.504626399531915,0.3284250332805521,0.25,1.0,1.0,1.0,0.25,1.0
91,Train/Low/low00638.png,33,9.504626399531915,0.3284250332805521,0.25,1.0,1.0,1.0,0.25,1.0
91,Train/Low/low00638.png,34,9.504626399531915,0.3284250332805521,0.25,1.0,1.0,1.0,0.25,1.0
91,Train/Low/low00638.png,35,9.504626399531915,0.3284250332805521,0.25,1.0,1.0,1.0,0.25,1.0
91,Train/Low/low00638.png,36,9.504626399531915,0.3284250332805521,0.25,1.0,1.0,1.0,0.25,1.0
91,Train/Low/low00638.png,37,9.504626399531915,0.3284250332805521,0.25,1.0,1.0,1.0,0.25,1.0
91,Train/Low/low00638.png,38,9.504626399531915,0.3284250332805521,0.25,1.0,1.0,1.0,0.25,1.0
91,Train/Low/low00638.png,39,9.504626399531915,0.3284250332805521,0.25,1.0,1.0,1.0,0.25,1.0
91,Train/Low/low00638.png,40,9.504626399531915,0.3284250332805521,0.25,1.0,1.0,1.0,0.25,1.0
92,Train/Low/low00533.png,0,3.8558811982621517,0.120640663591577,1.0,0.0,1.0,0.0,0.0,0.0
92,Train/Low/low00533.png,1,3.9446275548719307,0.13298513929932185,0.0,0.0,0.0,0.0,0.0,0.0
92,Train/Low/low00533.png,2,4.039802587202769,0.14608347874680055,0.0,0.0,0.0,0.0,0.0,0.0
92,Train/Low/low00533.png,3,4.141433161572757,0.15988666835687304,0.0,0.0,0.0,0.0,0.0,0.0
92,Train/Low/low00533.png,4,4.249493286676778,0.17433250038271259,0.0,0.0,0.0,0.0,0.0,0.0
92,Train/Low/low00533.png,5,4.3637754599579,0.189327890308677,0.0,0.0,0.0,0.0,0.0,0.0
92,Train/Low/low00533.png,6,4.483849168060907,0.20474722496267794,0.0,0.0,0.0,0.0,0.0,0.0
92,Train/Low/low00533.png,7,4.609026741639472,0.22043404196483768,0.0,0.0,0.0,0.0,0.0,0.0
92,Train/Low/low00533.png,8,4.73831959684183,0.23620220209432902,0.0,0.0,0.0,0.0,0.0,0.0
92,Train/Low/low00533.png,9,4.8479430562458194,0.24930506445833472,0.0,0.75,0.75,0.0,0.0,0.0
92,Train/Low/low00533.png,10,4.918694585215965,0.2579187113639408,0.0,1.0,1.0,0.0,0.0,0.0
92,Train/Low/low00533.png,11,4.988127401903027,0.2662716694316625,0.0,1.0,1.0,0.0,0.0,0.0
92,Train/Low/low00533.png,12,5.015789438149891,0.26943061197527324,0.0,1.0,1.0,1.0,0.0,1.0
92,Train/Low/low00533.png,13,5.015789438149891,0.26943061197527324,0.0,1.0,1.0,1.0,0.0,1.0
92,Train/Low/low00533.png,14,5.015789438149891,0.26943061197527324,0.0,1.0,1.0,1.0,0.0,1.0
92,Train/Low/low00533.png,15,5.015789438149891,0.26943061197527324,0.0,1.0,1.0,1.0,0.0,1.0
92,Train/Low/low00533.png,16,5.015789438149891,0.26943061197527324,0.0,1.0,1.0,1.0,0.0,1.0
92,Train/Low/low00533.png,17,5.015789438149891,0.26943061197527324,0.0,1.0,1.0,1.0,0.0,1.0
92,Train/Low/low00533.png,18,5.015789438149891,0.26943061197527324,0.0,1.0,1.0,1.0,0.0,1.0
92,Train/Low/low00533.png,19,5.015789438149891,0.26943061197527324,0.0,1.0,1.0,1.0,0.0,1.0
92,Train/Low/low00533.png,20,5.015789438149891,0.26943061197527324,0.0,1.0,1.0,1.0,0.0,1.0
92,Train/Low/low00533.png,21,5.015789438149891,0.26943061197527324,0.0,1.0,1.0,1.0,0.0,1.0
92,Train/Low/low00533.png,22,5.015789438149891,0.26943061197527324,0.0,1.0,1.0,1.0,0.0,1.0
92,Train/Low/low00533.png,23,5.015789438149891,0.26943061197527324,0.0,1.0,1.0,1.0,0.0,1.0
92,Train/Low/low00533.png,24,5.015789438149891,0.26943061197527324,0.0,1.0,1.0,1.0,0.0,1.0
92,Train/Low/low00533.png,25,5.015789438149891,0.26943061197527324,0.0,1.0,1.0,1.0,0.0,1.0
92,Train/Low/low00533.png,26,5.015789438149891,0.26943061197527324,0.0,1.0,1.0,1.0,0.0,1.0
92,Train/Low/low00533.png,27,5.015789438149891,0.26943061197527324,0.0,1.0,1.0,1.0,0.0,1.0
92,Train/Low/low00533.png,28,5.015789438149891,0.26943061197527324,0.0,1.0,1.0,1.0,0.0,1.0
92,Train/Low/low00533.png,29,5.015789438149891,0.26943061197527324,0.0,1.0,1.0,1.0,0.0,1.0
92,Train/Low/low00533.png,30,5.015789438149891,0.26943061197527324,0.0,1.0,1.0,1.0,0.0,1.0
92,Train/Low/low00533.png,31,5.015789438149891,0.26943061197527324,0.0,1.0,1.0,1.0,0.0,1.0
92,Train/Low/low00533.png,32,5.015789438149891,0.26943061197527324,0.0,1.0,1.0,1.0,0.0,1.0
92,Train/Low/low00533.png,33,5.015789438149891,0.26943061197527324,0.0,1.0,1.0,1.0,0.0,1.0
92,Train/Low/low00533.png,34,5.015789438149891,0.26943061197527324,0.0,1.0,1.0,1.0,0.0,1.0
92,Train/Low/low00533.png,35,5.015789438149891,0.26943061197527324,0.0,1.0,1.0,1.0,0.0,1.0
92,Train/Low/low00533.png,36,5.015789438149891,0.26943061197527324,0.0,1.0,1.0,1.0,0.0,1.0
92,Train/Low/low00533.png,37,5.015789438149891,0.26943061197527324,0.0,1.0,1.0,1.0,0.0,1.0
92,Train/Low/low00533.png,38,5.015789438149891,0.26943061197527324,0.0,1.0,1.0,1.0,0.0,1.0
92,Train/Low/low00533.png,39,5.015789438149891,0.26943061197527324,0.0,1.0,1.0,1.0,0.0,1.0
92,Train/Low/low00533.png,40,5.015789438149891,0.26943061197527324,0.0,1.0,1.0,1.0,0.0,1.0
93,Train/Low/low00142.png,0,5.3638422910354135,0.0623129791049836,1.0,0.0,1.0,0.0,0.0,0.0
93,Train/Low/low00142.png,1,5.39474875481348,0.0677432685835791,0.25,0.0,0.25,0.0,0.0,0.0
93,Train/Low/low00142.png,2,5.4275694083113475,0.07337919333641711,0.25,0.0,0.25,0.0,0.0,0.0
93,Train/Low/low00142.png,3,5.463220163851662,0.0793623341127857,0.25,0.0,0.25,0.0,0.0,0.0
93,Train/Low/low00142.png,4,5.50168991714708,0.08564572110176912,0.25,0.0,0.25,0.0,0.0,0.0
93,Train/Low/low00142.png,5,5.542882548997319,0.09216584351965379,0.25,0.0,0.25,0.0,0.0,0.0
93,Train/Low/low00142.png,6,5.586480025933598,0.09882525360412048,0.25,0.0,0.25,0.0,0.0,0.0
93,Train/Low/low00142.png,7,5.632585078608393,0.10560720773389927,0.0,0.0,0.0,0.0,0.0,0.0
93,Train/Low/low00142.png,8,5.681246804483165,0.1124873712060692,0.0,0.0,0.0,0.0,0.0,0.0
93,Train/Low/low00142.png,9,5.727246243295347,0.11880892375013169,0.0,0.75,0.75,0.0,0.0,0.0
93,Train/Low/low00142.png,10,5.762804721845967,0.12372213301107426,0.0,0.75,0.75,0.0,0.0,0.0
93,Train/Low/low00142.png,11,5.798581082582691,0.1285099560947498,0.0,0.75,0.75,0.0,0.0,0.0
93,Train/Low/low00142.png,12,5.817633845551534,0.13106293861591045,0.0,0.75,0.75,0.75,0.0,0.75
93,Train/Low/low00142.png,13,5.823191635048102,0.1317927556769591,0.0,0.75,0.75,0.75,0.0,0.75
93,Train/Low/low00142.png,14,5.8274005561679765,0.13233743418272864,0.0,0.75,0.75,0.75,0.0,0.75
93,Train/Low/low00142.png,15,5.830051878950291,0.13267642146967473,0.0,0.75,0.75,0.75,0.0,0.75
93,Train/Low/low00142.png,16,5.831113242165675,0.13281061588479307,0.0,0.75,0.75,0.75,0.0,0.75
93,Train/Low/low00142.png,17,5.830721110487106,0.13275956679348677,0.0,0.75,0.75,0.75,0.0,0.75
93,Train/Low/low00142.png,18,5.829093034886529,0.13255057873269654,0.0,0.75,0.75,0.75,0.0,0.75
93,Train/Low/low00142.png,19,5.826460309912466,0.13221126989105902,0.0,0.75,0.75,0.75,0.0,0.75
93,Train/Low/low00142.png,20,5.823042816053741,0.13176752255272603,0.0,0.75,0.75,0.75,0.0,0.75
93,Train/Low/low00142.png,21,5.819045671933622,0.13124372546832275,0.0,0.75,0.75,0.75,0.0,0.75
93,Train/Low/low00142.png,22,5.81466099490113,0.13066338737493435,0.0,0.75,0.75,0.75,0.0,0.75
93,Train/Low/low00142.png,23,5.810067415091633,0.13004917253439185,0.0,0.75,0.75,0.75,0.0,0.75
93,Train/Low/low00142.png,24,5.805424175804715,0.12942194213215333,0.0,0.75,0.75,0.75,0.0,0.75
93,Train/Low/low00142.png,25,5.8008686244639005,0.12880016738202257,0.0,0.75,0.75,0.75,0.0,0.75
93,Train/Low/low00142.png,26,5.79652027443357,0.1282001113432233,0.0,0.75,0.75,0.75,0.0,0.75
93,Train/Low/low00142.png,27,5.792495950852972,0.12763787555888273,0.0,0.75,0.75,0.75,0.0,0.75
93,Train/Low/low00142.png,28,5.788912860032597,0.1271299648573258,0.0,0.75,0.75,0.75,0.0,0.75
93,Train/Low/low00142.png,29,5.7858631713387,0.12668990660764326,0.0,0.75,0.75,0.75,0.0,0.75
93,Train/Low/low00142.png,30,5.7833860488328215,0.12632431546235387,0.0,0.75,0.75,0.75,0.0,0.75
93,Train/Low/low00142.png,31,5.781470424402226,0.1260331720061979,0.0,0.75,0.75,0.75,0.0,0.75
93,Train/Low/low00142.png,32,5.7800720672688435,0.1258121800793092,0.0,0.75,0.75,0.75,0.0,0.75
93,Train/Low/low00142.png,33,5.779124887313954,0.12565431235364935,0.0,0.75,0.75,0.75,0.0,0.75
93,Train/Low/low00142.png,34,5.778549083673008,0.12555078456705823,0.0,0.75,0.75,0.75,0.0,0.75
93,Train/Low/low00142.png,35,5.778261009452745,0.12549216631466972,0.0,0.75,0.75,0.75,0.0,0.75
93,Train/Low/low00142.png,36,5.778185217864159,0.12546966639041443,0.0,0.75,0.75,0.75,0.0,0.75
93,Train/Low/low00142.png,37,5.778264617752756,0.1254762648494764,0.0,0.75,0.75,0.75,0.0,0.75
93,Train/Low/low00142.png,38,5.778464835786683,0.12550713490589446,0.0,0.75,0.75,0.75,0.0,0.75
93,Train/Low/low00142.png,39,5.778773822150497,0.1255596827106189,0.0,0.75,0.75,0.75,0.0,0.75
93,Train/Low/low00142.png,40,5.779195999832114,0.12563293902946784,0.0,0.75,0.75,0.75,0.0,0.75
94,Train/Low/low00182.png,0,6.107319103297671,0.021868553556521137,1.0,0.0,1.0,0.0,0.0,0.0
94,Train/Low/low00182.png,1,6.1244645619916085,0.023525081946350994,0.25,0.0,0.25,0.0,0.0,0.0
94,Train/Low/low00182.png,2,6.144328873291326,0.02560908477718494,0.25,0.0,0.25,0.0,0.0,0.0
94,Train/Low/low00182.png,3,6.166371279604097,0.027981493465789986,0.25,0.0,0.25,0.0,0.0,0.0
94,Train/Low/low00182.png,4,6.189960543943189,0.03049159809352984,0.25,0.0,0.25,0.0,0.0,0.0
94,Train/Low/low00182.png,5,6.214590069084329,0.03302477755944032,0.25,0.0,0.25,0.0,0.0,0.0
94,Train/Low/low00182.png,6,6.239832304286365,0.03548884993696938,0.25,0.0,0.25,0.0,0.0,0.0
94,Train/Low/low00182.png,7,6.265392751087875,0.03782896045022593,0.25,0.0,0.25,0.0,0.0,0.0
94,Train/Low/low00182.png,8,6.2911885069331035,0.04004995569944646,0.25,0.0,0.25,0.0,0.0,0.0
94,Train/Low/low00182.png,9,6.314068981028774,0.041932154480413326,0.25,0.75,1.0,0.0,0.0,0.0
94,Train/Low/low00182.png,10,6.329355301696296,0.04314237464775873,0.25,0.75,1.0,0.0,0.0,0.0
94,Train/Low/low00182.png,11,6.344628906453704,0.04434486736765064,0.0,0.75,0.75,0.0,0.0,0.0
94,Train/Low/low00182.png,12,6.350571775517238,0.04476938983887875,0.0,0.75,0.75,0.5,0.0,0.5
94,Train/Low/low00182.png,13,6.3494180159929705,0.044545911293500634,0.0,0.75,0.75,0.5,0.0,0.5
94,Train/Low/low00182.png,14,6.347921099611814,0.044242757980790866,0.0,0.75,0.75,0.5,0.0,0.5
94,Train/Low/low00182.png,15,6.3462203013866745,0.04389053653339436,0.0,0.75,0.75,0.5,0.0,0.5
94,Train/Low/low00182.png,16,6.344501592160921,0.04353031122322702,0.0,0.75,0.75,0.5,0.0,0.5
94,Train/Low/low00182.png,17,6.342972585659891,0.04320781811458795,0.0,0.75,0.75,0.5,0.0,0.5
94,Train/Low/low00182.png,18,6.3417844219556505,0.042956266864500416,0.0,0.75,0.75,0.5,0.0,0.5
94,Train/Low/low00182.png,19,6.34092727274912,0.04277395418423429,0.0,0.75,0.75,0.5,0.0,0.5
94,Train/Low/low00182.png,20,6.340280298322738,0.042634985968673676,0.0,0.75,0.75,0.5,0.0,0.5
94,Train/Low/low00182.png,21,6.339708093491821,0.042510212550463125,0.0,0.75,0.75,0.5,0.0,0.5
94,Train/Low/low00182.png,22,6.339145382589379,0.042385767805131806,0.0,0.75,0.75,0.5,0.0,0.5
94,Train/Low/low00182.png,23,6.338613192321515,0.042266926157518835,0.0,0.75,0.75,0.5,0.0,0.5
94,Train/Low/low00182.png,24,6.338207630982887,0.04217514010265018,0.0,0.75,0.75,0.5,0.0,0.5
94,Train/Low/low00182.png,25,6.338034657677999,0.042133709604351484,0.0,0.75,0.75,0.5,0.0,0.5
94,Train/Low/low00182.png,26,6.338136382061218,0.0421519352586475,0.0,0.75,0.75,0.5,0.0,0.5
94,Train/Low/low00182.png,27,6.338470258567959,0.04222073352065199,0.0,0.75,0.75,0.5,0.0,0.5
94,Train/Low/low00182.png,28,6.338942090216618,0.042319836981361145,0.0,0.75,0.75,0.5,0.0,0.5
94,Train/Low/low00182.png,29,6.339450028818142,0.04242708781514151,0.0,0.75,0.75,0.5,0.0,0.5
94,Train/Low/low00182.png,30,6.339922839136657,0.042526884252998214,0.0,0.75,0.75,0.5,0.0,0.5
94,Train/Low/low00182.png,31,6.340343706032405,0.04261562069310394,0.0,0.75,0.75,0.5,0.0,0.5
94,Train/Low/low00182.png,32,6.340753044446615,0.04270215998900569,0.0,0.75,0.75,0.5,0.0,0.5
94,Train/Low/low00182.png,33,6.341211683546863,0.04279972666353108,0.0,0.75,0.75,0.5,0.0,0.5
94,Train/Low/low00182.png,34,6.341751814461107,0.04291521034127945,0.0,0.75,0.75,0.5,0.0,0.5
94,Train/Low/low00182.png,35,6.342351372141569,0.0430436619392836,0.0,0.75,0.75,0.5,0.0,0.5
94,Train/Low/low00182.png,36,6.342940323763774,0.04316959038610483,0.0,0.75,0.75,0.5,0.0,0.5
94,Train/Low/low00182.png,37,6.343434268614604,0.04327438740859882,0.0,0.75,0.75,0.5,0.0,0.5
94,Train/Low/low00182.png,38,6.3437828764322735,0.043347120539380404,0.0,0.75,0.75,0.5,0.0,0.5
94,Train/Low/low00182.png,39,6.343995937133901,0.04339031888073133,0.0,0.75,0.75,0.5,0.0,0.5
94,Train/Low/low00182.png,40,6.344123674572004,0.04341550377469766,0.0,0.75,0.75,0.5,0.0,0.5
95,Train/Low/low00477.png,0,6.806320997421256,0.12359342054386252,1.0,0.0,1.0,0.0,0.0,0.0
95,Train/Low/low00477.png,1,6.901667466215306,0.13713467109025293,0.0,0.0,0.0,0.0,0.0,0.0
95,Train/Low/low00477.png,2,7.004105446530572,0.15161126351132112,0.0,0.0,0.0,0.0,0.0,0.0
95,Train/Low/low00477.png,3,7.110833940596795,0.16659262716868742,0.0,0.0,0.0,0.0,0.0,0.0
95,Train/Low/low00477.png,4,7.224789051666765,0.18245901781301804,0.0,0.0,0.0,0.0,0.0,0.0
95,Train/Low/low00477.png,5,7.344885964287462,0.1990135694654552,0.0,0.0,0.0,0.0,0.0,0.0
95,Train/Low/low00477.png,6,7.470113086845921,0.21607659432234375,0.0,0.0,0.0,0.0,0.0,0.0
95,Train/Low/low00477.png,7,7.599894161356511,0.23352681930813407,0.0,0.0,0.0,0.0,0.0,0.0
95,Train/Low/low00477.png,8,7.733890408032913,0.2512666880648868,0.0,0.0,0.0,0.0,0.0,0.0
95,Train/Low/low00477.png,9,7.847225685503158,0.2663329445812576,0.0,0.75,0.75,0.0,0.0,0.0
95,Train/Low/low00477.png,10,7.934547066656118,0.2781739336464652,0.0,0.75,0.75,0.0,0.0,0.0
95,Train/Low/low00477.png,11,8.020600978995208,0.28967816990894035,0.0,0.75,0.75,0.25,0.0,0.25
95,Train/Low/low00477.png,12,8.039372645337542,0.2918040246809517,0.0,0.75,0.75,1.0,0.0,1.0
95,Train/Low/low00477.png,13,8.032494856066956,0.29107519430330187,0.0,0.75,0.75,1.0,0.0,1.0
95,Train/Low/low00477.png,14,8.024981632011224,0.29027450233300994,0.0,0.75,0.75,1.0,0.0,1.0
95,Train/Low/low00477.png,15,8.018225399071211,0.28955053761210225,0.0,0.75,0.75,1.0,0.0,1.0
95,Train/Low/low00477.png,16,8.013407849211724,0.289032076653648,0.0,0.75,0.75,1.0,0.0,1.0
95,Train/Low/low00477.png,17,8.011179907449272,0.28879168782139447,0.0,0.75,0.75,1.0,0.0,1.0
95,Train/Low/low00477.png,18,8.011563596577583,0.28883311356547114,0.0,0.75,0.75,1.0,0.0,1.0
95,Train/Low/low00477.png,19,8.014140311494016,0.28911102241853787,0.0,0.75,0.75,1.0,0.0,1.0
95,Train/Low/low00477.png,20,8.018259715134029,0.28955422742372994,0.0,0.75,0.75,1.0,0.0,1.0
95,Train/Low/low00477.png,21,8.023139674540856,0.29007749455196913,0.0,0.75,0.75,1.0,0.0,1.0
95,Train/Low/low00477.png,22,8.027916378584063,0.29058781817633156,0.0,0.75,0.75,1.0,0.0,1.0
95,Train/Low/low00477.png,23,8.031742546799496,0.2909952308437866,0.0,0.75,0.75,1.0,0.0,1.0
95,Train/Low/low00477.png,24,8.03397144623914,0.291232004939468,0.0,0.75,0.75,1.0,0.0,1.0
95,Train/Low/low00477.png,25,8.034325588955516,0.2912695868599592,0.0,0.75,0.75,1.0,0.0,1.0
95,Train/Low/low00477.png,26,8.03292909567096,0.29112132898148496,0.0,0.75,0.75,1.0,0.0,1.0
95,Train/Low/low00477.png,27,8.030214352342139,0.29083265596339275,0.0,0.75,0.75,1.0,0.0,1.0
95,Train/Low/low00477.png,28,8.026795037474656,0.2904681838748154,0.0,0.75,0.75,1.0,0.0,1.0
95,Train/Low/low00477.png,29,8.02335082046577,0.2901000926809302,0.0,0.75,0.75,1.0,0.0,1.0
95,Train/Low/low00477.png,30,8.020512565814995,0.2897960330127257,0.0,0.75,0.75,1.0,0.0,1.0
95,Train/Low/low00477.png,31,8.018748478010295,0.2896067216904803,0.0,0.75,0.75,1.0,0.0,1.0
95,Train/Low/low00477.png,32,8.01828534624019,0.2895569773478599,0.0,0.75,0.75,1.0,0.0,1.0
95,Train/Low/low00477.png,33,8.01909055791806,0.289643449074166,0.0,0.75,0.75,1.0,0.0,1.0
95,Train/Low/low00477.png,34,8.020909026493333,0.2898385443307482,0.0,0.75,0.75,1.0,0.0,1.0
95,Train/Low/low00477.png,35,8.023325811013255,0.2900974177825733,0.0,0.75,0.75,1.0,0.0,1.0
95,Train/Low/low00477.png,36,8.025840042104216,0.2903662241727131,0.0,0.75,0.75,1.0,0.0,1.0
95,Train/Low/low00477.png,37,8.02795423459503,0.29059185329967074,0.0,0.75,0.75,1.0,0.0,1.0
95,Train/Low/low00477.png,38,8.029273996733675,0.2907325170849926,0.0,0.75,0.75,1.0,0.0,1.0
95,Train/Low/low00477.png,39,8.029592993739973,0.29076649410997596,0.0,0.75,0.75,1.0,0.0,1.0
95,Train/Low/low00477.png,40,8.028929664693178,0.2906958315924523,0.0,0.75,0.75,1.0,0.0,1.0
96,Train/Low/low00036.png,0,5.301332782446256,0.09362277183178709,1.0,0.0,1.0,0.0,0.0,0.0
96,Train/Low/low00036.png,1,5.3943914214637765,0.10470345118301942,0.0,0.0,0.0,0.0,0.0,0.0
96,Train/Low/low00036.png,2,5.493797360446564,0.11665126446492122,0.0,0.0,0.0,0.0,0.0,0.0
96,Train/Low/low00036.png,3,5.599828001744218,0.1294785162929444,0.0,0.0,0.0,0.0,0.0,0.0
96,Train/Low/low00036.png,4,5.712761415497276,0.14318720520127573,0.0,0.0,0.0,0.0,0.0,0.0
96,Train/Low/low00036.png,5,5.832786500310737,0.15775723625723054,0.0,0.0,0.0,0.0,0.0,0.0
96,Train/Low/low00036.png,6,5.960188548494689,0.17316904069143363,0.0,0.0,0.0,0.0,0.0,0.0
96,Train/Low/low00036.png,7,6.095033897115492,0.18936413437912059,0.0,0.0,0.0,0.0,0.0,0.0
96,Train/Low/low00036.png,8,6.237215140404977,0.20625177314019152,0.0,0.0,0.0,0.0,0.0,0.0
96,Train/Low/low00036.png,9,6.34908113625121,0.2195488244421108,0.0,1.0,1.0,0.0,0.0,0.0
96,Train/Low/low00036.png,10,6.428576810953659,0.22915472390115502,0.0,1.0,1.0,0.0,0.0,0.0
96,Train/Low/low00036.png,11,6.508707843361679,0.23875767909541493,0.0,1.0,1.0,0.25,0.0,0.25
96,Train/Low/low00036.png,12,6.51368369936722,0.2393381944177009,0.0,1.0,1.0,1.0,0.0,1.0
96,Train/Low/low00036.png,13,6.51368369936722,0.2393381944177009,0.0,1.0,1.0,1.0,0.0,1.0
96,Train/Low/low00036.png,14,6.51368369936722,0.2393381944177009,0.0,1.0,1.0,1.0,0.0,1.0
96,Train/Low/low00036.png,15,6.51368369936722,0.2393381944177009,0.0,1.0,1.0,1.0,0.0,1.0
96,Train/Low/low00036.png,16,6.51368369936722,0.2393381944177009,0.0,1.0,1.0,1.0,0.0,1.0
96,Train/Low/low00036.png,17,6.51368369936722,0.2393381944177009,0.0,1.0,1.0,1.0,0.0,1.0
96,Train/Low/low00036.png,18,6.51368369936722,0.2393381944177009,0.0,1.0,1.0,1.0,0.0,1.0
96,Train/Low/low00036.png,19,6.51368369936722,0.2393381944177009,0.0,1.0,1.0,1.0,0.0,1.0
96,Train/Low/low00036.png,20,6.51368369936722,0.2393381944177009,0.0,1.0,1.0,1.0,0.0,1.0
96,Train/Low/low00036.png,21,6.51368369936722,0.2393381944177009,0.0,1.0,1.0,1.0,0.0,1.0
96,Train/Low/low00036.png,22,6.51368369936722,0.2393381944177009,0.0,1.0,1.0,1.0,0.0,1.0
96,Train/Low/low00036.png,23,6.51368369936722,0.2393381944177009,0.0,1.0,1.0,1.0,0.0,1.0
96,Train/Low/low00036.png,24,6.51368369936722,0.2393381944177009,0.0,1.0,1.0,1.0,0.0,1.0
96,Train/Low/low00036.png,25,6.51368369936722,0.2393381944177009,0.0,1.0,1.0,1.0,0.0,1.0
96,Train/Low/low00036.png,26,6.51368369936722,0.2393381944177009,0.0,1.0,1.0,1.0,0.0,1.0
96,Train/Low/low00036.png,27,6.51368369936722,0.2393381944177009,0.0,1.0,1.0,1.0,0.0,1.0
96,Train/Low/low00036.png,28,6.51368369936722,0.2393381944177009,0.0,1.0,1.0,1.0,0.0,1.0
96,Train/Low/low00036.png,29,6.51368369936722,0.2393381944177009,0.0,1.0,1.0,1.0,0.0,1.0
96,Train/Low/low00036.png,30,6.51368369936722,0.2393381944177009,0.0,1.0,1.0,1.0,0.0,1.0
96,Train/Low/low00036.png,31,6.51368369936722,0.2393381944177009,0.0,1.0,1.0,1.0,0.0,1.0
96,Train/Low/low00036.png,32,6.51368369936722,0.2393381944177009,0.0,1.0,1.0,1.0,0.0,1.0
96,Train/Low/low00036.png,33,6.51368369936722,0.2393381944177009,0.0,1.0,1.0,1.0,0.0,1.0
96,Train/Low/low00036.png,34,6.51368369936722,0.2393381944177009,0.0,1.0,1.0,1.0,0.0,1.0
96,Train/Low/low00036.png,35,6.51368369936722,0.2393381944177009,0.0,1.0,1.0,1.0,0.0,1.0
96,Train/Low/low00036.png,36,6.51368369936722,0.2393381944177009,0.0,1.0,1.0,1.0,0.0,1.0
96,Train/Low/low00036.png,37,6.51368369936722,0.2393381944177009,0.0,1.0,1.0,1.0,0.0,1.0
96,Train/Low/low00036.png,38,6.51368369936722,0.2393381944177009,0.0,1.0,1.0,1.0,0.0,1.0
96,Train/Low/low00036.png,39,6.51368369936722,0.2393381944177009,0.0,1.0,1.0,1.0,0.0,1.0
96,Train/Low/low00036.png,40,6.51368369936722,0.2393381944177009,0.0,1.0,1.0,1.0,0.0,1.0
97,Train/Low/low00594.png,0,7.77127694603516,0.3055490714508601,1.0,0.25,1.0,0.25,0.25,0.25
97,Train/Low/low00594.png,1,7.920578578895175,0.3249802395742016,0.25,0.25,0.25,0.25,0.25,0.25
97,Train/Low/low00594.png,2,8.079752419785303,0.3447666375024092,0.25,0.25,0.25,0.25,0.25,0.25
97,Train/Low/low00594.png,3,8.248459820344376,0.3646821297260527,0.25,0.25,0.25,0.25,0.25,0.25
97,Train/Low/low00594.png,4,8.426187413516361,0.38450005424681205,0.25,0.25,0.25,0.25,0.25,0.25
97,Train/Low/low00594.png,5,8.612197949411351,0.40399622377470434,0.25,0.25,0.25,0.25,0.25,0.25
97,Train/Low/low00594.png,6,8.805465639379854,0.42294349944002696,0.25,0.25,0.25,0.25,0.25,0.25
97,Train/Low/low00594.png,7,9.004819673041226,0.4411404514750771,0.25,0.25,0.25,0.25,0.25,0.25
97,Train/Low/low00594.png,8,9.209015562423508,0.4584229971285002,0.25,0.25,0.25,0.25,0.25,0.25
97,Train/Low/low00594.png,9,9.38969367536446,0.4728380049506884,0.25,1.0,1.0,0.25,0.25,0.25
97,Train/Low/low00594.png,10,9.490323197371136,0.4809250524193331,0.25,1.0,1.0,0.25,0.25,0.25
97,Train/Low/low00594.png,11,9.589180341083633,0.4886019853309134,0.25,1.0,1.0,0.25,0.25,0.25
97,Train/Low/low00594.png,12,9.653385299176216,0.4937561184074161,0.25,1.0,1.0,1.0,0.25,1.0
97,Train/Low/low00594.png,13,9.653385299176216,0.4937561184074161,0.25,1.0,1.0,1.0,0.25,1.0
97,Train/Low/low00594.png,14,9.653385299176216,0.4937561184074161,0.25,1.0,1.0,1.0,0.25,1.0
97,Train/Low/low00594.png,15,9.653385299176216,0.4937561184074161,0.25,1.0,1.0,1.0,0.25,1.0
97,Train/Low/low00594.png,16,9.653385299176216,0.4937561184074161,0.25,1.0,1.0,1.0,0.25,1.0
97,Train/Low/low00594.png,17,9.653385299176216,0.4937561184074161,0.25,1.0,1.0,1.0,0.25,1.0
97,Train/Low/low00594.png,18,9.653385299176216,0.4937561184074161,0.25,1.0,1.0,1.0,0.25,1.0
97,Train/Low/low00594.png,19,9.653385299176216,0.4937561184074161,0.25,1.0,1.0,1.0,0.25,1.0
97,Train/Low/low00594.png,20,9.653385299176216,0.4937561184074161,0.25,1.0,1.0,1.0,0.25,1.0
97,Train/Low/low00594.png,21,9.653385299176216,0.4937561184074161,0.25,1.0,1.0,1.0,0.25,1.0
97,Train/Low/low00594.png,22,9.653385299176216,0.4937561184074161,0.25,1.0,1.0,1.0,0.25,1.0
97,Train/Low/low00594.png,23,9.653385299176216,0.4937561184074161,0.25,1.0,1.0,1.0,0.25,1.0
97,Train/Low/low00594.png,24,9.653385299176216,0.4937561184074161,0.25,1.0,1.0,1.0,0.25,1.0
97,Train/Low/low00594.png,25,9.653385299176216,0.4937561184074161,0.25,1.0,1.0,1.0,0.25,1.0
97,Train/Low/low00594.png,26,9.653385299176216,0.4937561184074161,0.25,1.0,1.0,1.0,0.25,1.0
97,Train/Low/low00594.png,27,9.653385299176216,0.4937561184074161,0.25,1.0,1.0,1.0,0.25,1.0
97,Train/Low/low00594.png,28,9.653385299176216,0.4937561184074161,0.25,1.0,1.0,1.0,0.25,1.0
97,Train/Low/low00594.png,29,9.653385299176216,0.4937561184074161,0.25,1.0,1.0,1.0,0.25,1.0
97,Train/Low/low00594.png,30,9.653385299176216,0.4937561184074161,0.25,1.0,1.0,1.0,0.25,1.0
97,Train/Low/low00594.png,31,9.653385299176216,0.4937561184074161,0.25,1.0,1.0,1.0,0.25,1.0
97,Train/Low/low00594.png,32,9.653385299176216,0.4937561184074161,0.25,1.0,1.0,1.0,0.25,1.0
97,Train/Low/low00594.png,33,9.653385299176216,0.4937561184074161,0.25,1.0,1.0,1.0,0.25,1.0
97,Train/Low/low00594.png,34,9.653385299176216,0.4937561184074161,0.25,1.0,1.0,1.0,0.25,1.0
97,Train/Low/low00594.png,35,9.653385299176216,0.4937561184074161,0.25,1.0,1.0,1.0,0.25,1.0
97,Train/Low/low00594.png,36,9.653385299176216,0.4937561184074161,0.25,1.0,1.0,1.0,0.25,1.0
97,Train/Low/low00594.png,37,9.653385299176216,0.4937561184074161,0.25,1.0,1.0,1.0,0.25,1.0
97,Train/Low/low00594.png,38,9.653385299176216,0.4937561184074161,0.25,1.0,1.0,1.0,0.25,1.0
97,Train/Low/low00594.png,39,9.653385299176216,0.4937561184074161,0.25,1.0,1.0,1.0,0.25,1.0
97,Train/Low/low00594.png,40,9.653385299176216,0.4937561184074161,0.25,1.0,1.0,1.0,0.25,1.0
98,Train/Low/low00192.png,0,6.746979762695323,0.01887577727991181,1.0,0.0,1.0,0.0,0.0,0.0
98,Train/Low/low00192.png,1,6.760101914255211,0.0204011888077908,0.25,0.0,0.25,0.0,0.0,0.0
98,Train/Low/low00192.png,2,6.775054140133222,0.022149786391568733,0.25,0.0,0.25,0.0,0.0,0.0
98,Train/Low/low00192.png,3,6.791925064584676,0.024127643960348586,0.25,0.0,0.25,0.0,0.0,0.0
98,Train/Low/low00192.png,4,6.8107837074942665,0.0263357968431707,0.25,0.0,0.25,0.0,0.0,0.0
98,Train/Low/low00192.png,5,6.831652499650216,0.02876592690826026,0.25,0.0,0.25,0.0,0.0,0.0
98,Train/Low/low00192.png,6,6.854526307914135,0.03140376463376991,0.25,0.0,0.25,0.0,0.0,0.0
98,Train/Low/low00192.png,7,6.879405751432824,0.034234127349661164,0.25,0.0,0.25,0.0,0.0,0.0
98,Train/Low/low00192.png,8,6.90620257617291,0.03722869452483973,0.25,0.0,0.25,0.0,0.0,0.0
98,Train/Low/low00192.png,9,6.929990488685723,0.039859961492420645,0.25,0.75,1.0,0.0,0.0,0.0
98,Train/Low/low00192.png,10,6.949236469466625,0.04199068700518356,0.25,0.75,1.0,0.0,0.0,0.0
98,Train/Low/low00192.png,11,6.969065601573982,0.04415067622235375,0.25,0.75,1.0,0.0,0.0,0.0
98,Train/Low/low00192.png,12,6.970368702191606,0.0443419752975118,0.25,0.75,1.0,0.75,0.0,0.75
98,Train/Low/low00192.png,13,6.970083586657054,0.0443110360694032,0.25,0.75,1.0,0.75,0.25,1.0
98,Train/Low/low00192.png,14,6.970083586657054,0.0443110360694032,0.25,0.75,1.0,0.75,0.25,1.0
98,Train/Low/low00192.png,15,6.970121803584243,0.04431499322372006,0.0,0.75,0.75,0.75,0.25,1.0
98,Train/Low/low00192.png,16,6.970216480170549,0.04432479768551819,0.0,0.75,0.75,0.75,0.25,1.0
98,Train/Low/low00192.png,17,6.970359741915653,0.044339634042096454,0.0,0.75,0.75,0.75,0.25,1.0
98,Train/Low/low00192.png,18,6.970544519305904,0.04435877554142025,0.0,0.75,0.75,0.75,0.25,1.0
98,Train/Low/low00192.png,19,6.970764370008643,0.044381556432886424,0.0,0.75,0.75,0.75,0.25,1.0
98,Train/Low/low00192.png,20,6.971012985155688,0.04440732942196972,0.0,0.75,0.75,0.75,0.25,1.0
98,Train/Low/low00192.png,21,6.971284176795638,0.044435448800458056,0.0,0.75,0.75,0.75,0.25,1.0
98,Train/Low/low00192.png,22,6.971571642728735,0.044465267175888015,0.0,0.75,0.75,0.75,0.25,1.0
98,Train/Low/low00192.png,23,6.971868888308597,0.044496114557319215,0.0,0.75,0.75,0.75,0.25,1.0
98,Train/Low/low00192.png,24,6.972168808665287,0.04452724625520385,0.0,0.75,0.75,0.75,0.25,1.0
98,Train/Low/low00192.png,25,6.972464161396673,0.04455791624416361,0.0,0.75,0.75,0.75,0.25,1.0
98,Train/Low/low00192.png,26,6.972747350395526,0.044587332461531515,0.0,0.75,0.75,0.75,0.25,1.0
98,Train/Low/low00192.png,27,6.9730110742565365,0.04461473534882089,0.0,0.75,0.75,0.75,0.25,1.0
98,Train/Low/low00192.png,28,6.973248496291397,0.04463941195362884,0.0,0.75,0.75,0.75,0.25,1.0
98,Train/Low/low00192.png,29,6.973453842339384,0.04466075772978881,0.0,0.75,0.75,0.75,0.25,1.0
98,Train/Low/low00192.png,30,6.973622769495136,0.044678323283906515,0.0,0.75,0.75,0.75,0.25,1.0
98,Train/Low/low00192.png,31,6.97375220362447,0.044691783131211756,0.0,0.75,0.75,0.75,0.25,1.0
98,Train/Low/low00192.png,32,6.97384080677677,0.04470099778300832,0.0,0.75,0.75,0.75,0.25,1.0
98,Train/Low/low00192.png,33,6.973888738241007,0.04470598299122375,0.0,0.75,0.75,0.75,0.25,1.0
98,Train/Low/low00192.png,34,6.973897688514189,0.04470691449973559,0.0,0.75,0.75,0.75,0.25,1.0
98,Train/Low/low00192.png,35,6.973870565905196,0.04470409347672941,0.0,0.75,0.75,0.75,0.25,1.0
98,Train/Low/low00192.png,36,6.973811349075888,0.044697933258513095,0.0,0.75,0.75,0.75,0.25,1.0
98,Train/Low/low00192.png,37,6.973724929681609,0.04468894845082469,0.0,0.75,0.75,0.75,0.25,1.0
98,Train/Low/low00192.png,38,6.9736164220586385,0.044677662808927175,0.0,0.75,0.75,0.75,0.25,1.0
98,Train/Low/low00192.png,39,6.973491533119267,0.044664678482402576,0.0,0.75,0.75,0.75,0.25,1.0
98,Train/Low/low00192.png,40,6.973355790067818,0.04465056605321222,0.0,0.75,0.75,0.75,0.25,1.0
99,Train/Low/low00668.png,0,6.720345440881709,0.18704828342335872,1.0,0.0,1.0,0.0,0.0,0.0
99,Train/Low/low00668.png,1,6.849137044587927,0.20558957516888057,0.0,0.0,0.0,0.0,0.0,0.0
99,Train/Low/low00668.png,2,6.987864102978529,0.22506194659806003,0.0,0.0,0.0,0.0,0.0,0.0
99,Train/Low/low00668.png,3,7.136895802633809,0.24536239201730642,0.0,0.0,0.0,0.0,0.0,0.0
99,Train/Low/low00668.png,4,7.296491274006856,0.26635613641207134,0.0,0.0,0.0,0.0,0.0,0.0
99,Train/Low/low00668.png,5,7.466709556890352,0.2878685567741444,0.0,0.0,0.0,0.0,0.0,0.0
99,Train/Low/low00668.png,6,7.647301538918791,0.30968038131430803,0.0,0.0,0.0,0.0,0.0,0.0
99,Train/Low/low00668.png,7,7.837555859716298,0.3315245883633901,0.0,0.0,0.0,0.0,0.0,0.0
99,Train/Low/low00668.png,8,8.036374264240285,0.3531123242802579,0.0,0.0,0.0,0.0,0.0,0.0
99,Train/Low/low00668.png,9,8.19958899138874,0.37017889307611984,0.0,1.0,1.0,0.0,0.0,0.0
99,Train/Low/low00668.png,10,8.307388071153547,0.38147248910874815,0.0,1.0,1.0,0.0,0.0,0.0
99,Train/Low/low00668.png,11,8.413790360494817,0.39230268785538575,0.0,1.0,1.0,0.0,0.0,0.0
99,Train/Low/low00668.png,12,8.443707567670096,0.3953358405803793,0.0,1.0,1.0,1.0,0.0,1.0
99,Train/Low/low00668.png,13,8.443707567670096,0.3953358405803793,0.0,1.0,1.0,1.0,0.0,1.0
99,Train/Low/low00668.png,14,8.443707567670096,0.3953358405803793,0.0,1.0,1.0,1.0,0.0,1.0
99,Train/Low/low00668.png,15,8.443707567670096,0.3953358405803793,0.0,1.0,1.0,1.0,0.0,1.0
99,Train/Low/low00668.png,16,8.443707567670096,0.3953358405803793,0.0,1.0,1.0,1.0,0.0,1.0
99,Train/Low/low00668.png,17,8.443707567670096,0.3953358405803793,0.0,1.0,1.0,1.0,0.0,1.0
99,Train/Low/low00668.png,18,8.443707567670096,0.3953358405803793,0.0,1.0,1.0,1.0,0.0,1.0
99,Train/Low/low00668.png,19,8.443707567670096,0.3953358405803793,0.0,1.0,1.0,1.0,0.0,1.0
99,Train/Low/low00668.png,20,8.443707567670096,0.3953358405803793,0.0,1.0,1.0,1.0,0.0,1.0
99,Train/Low/low00668.png,21,8.443707567670096,0.3953358405803793,0.0,1.0,1.0,1.0,0.0,1.0
99,Train/Low/low00668.png,22,8.443707567670096,0.3953358405803793,0.0,1.0,1.0,1.0,0.0,1.0
99,Train/Low/low00668.png,23,8.443707567670096,0.3953358405803793,0.0,1.0,1.0,1.0,0.0,1.0
99,Train/Low/low00668.png,24,8.443707567670096,0.3953358405803793,0.0,1.0,1.0,1.0,0.0,1.0
99,Train/Low/low00668.png,25,8.443707567670096,0.3953358405803793,0.0,1.0,1.0,1.0,0.0,1.0
99,Train/Low/low00668.png,26,8.443707567670096,0.3953358405803793,0.0,1.0,1.0,1.0,0.0,1.0
99,Train/Low/low00668.png,27,8.443707567670096,0.3953358405803793,0.0,1.0,1.0,1.0,0.0,1.0
99,Train/Low/low00668.png,28,8.443707567670096,0.3953358405803793,0.0,1.0,1.0,1.0,0.0,1.0
99,Train/Low/low00668.png,29,8.443707567670096,0.3953358405803793,0.0,1.0,1.0,1.0,0.0,1.0
99,Train/Low/low00668.png,30,8.443707567670096,0.3953358405803793,0.0,1.0,1.0,1.0,0.0,1.0
99,Train/Low/low00668.png,31,8.443707567670096,0.3953358405803793,0.0,1.0,1.0,1.0,0.0,1.0
99,Train/Low/low00668.png,32,8.443707567670096,0.3953358405803793,0.0,1.0,1.0,1.0,0.0,1.0
99,Train/Low/low00668.png,33,8.443707567670096,0.3953358405803793,0.0,1.0,1.0,1.0,0.0,1.0
99,Train/Low/low00668.png,34,8.443707567670096,0.3953358405803793,0.0,1.0,1.0,1.0,0.0,1.0
99,Train/Low/low00668.png,35,8.443707567670096,0.3953358405803793,0.0,1.0,1.0,1.0,0.0,1.0
99,Train/Low/low00668.png,36,8.443707567670096,0.3953358405803793,0.0,1.0,1.0,1.0,0.0,1.0
99,Train/Low/low00668.png,37,8.443707567670096,0.3953358405803793,0.0,1.0,1.0,1.0,0.0,1.0
99,Train/Low/low00668.png,38,8.443707567670096,0.3953358405803793,0.0,1.0,1.0,1.0,0.0,1.0
99,Train/Low/low00668.png,39,8.443707567670096,0.3953358405803793,0.0,1.0,1.0,1.0,0.0,1.0
99,Train/Low/low00668.png,40,8.443707567670096,0.3953358405803793,0.0,1.0,1.0,1.0,0.0,1.0
