seed,family,condition,model,loss_before,loss_after,mse,psnr_db,left_mse,right_mse,top_left_mse,top_right_mse,bottom_left_mse,bottom_right_mse,input_output_drift_mse,identity_drift_mse,parameter_count,input_clipping_fraction,output_clipping_fraction,all_finite,field_variance_exposure_ev,field_variance_gamma,field_variance_wb_r,field_variance_wb_g,field_variance_wb_b,field_variance_contrast
7,midtone,clean,identity,3.8747643316128233e-07,3.8747643316128233e-07,0.0,,0.0,0.0,0.0,0.0,0.0,0.0,0.0,0.0,0,0.0,0.0,True,0.0,9.028655815484188e-17,9.028655815484188e-17,9.028655815484188e-17,9.028655815484188e-17,9.028655815484188e-17
7,midtone,clean,global,3.8747643316128233e-07,1.9080744095845148e-07,0.0005589060019701719,32.52661226564932,0.0005588879575952888,0.0005589237553067505,0.0005583688034676015,0.0005584782920777798,0.0005594075191766024,0.0005593689274974167,0.0005589060019701719,0.0005589060019701719,6,0.0,0.0,True,0.0,0.0,0.0,0.0,0.0,0.0
7,midtone,clean,uniform96,3.8747643316128233e-07,1.9187034183687501e-07,0.0005514442455023527,32.584983909204645,0.0005514267249964178,0.0005514613585546613,0.0005509143811650574,0.0005510224727913737,0.0005519392434507608,0.000551900826394558,0.0005514442455023527,0.0005514442455023527,96,0.0,0.0,True,0.0,0.0,0.0,0.0,0.0,0.0
7,midtone,clean,spatial1,3.8747643316128233e-07,1.9080744095845148e-07,0.0005589060019701719,32.52661226564932,0.0005588879575952888,0.0005589237553067505,0.0005583688034676015,0.0005584782920777798,0.0005594075191766024,0.0005593689274974167,0.0005589060019701719,0.0005589060019701719,6,0.0,0.0,True,0.0,0.0,0.0,0.0,0.0,0.0
7,midtone,clean,spatial2,3.8747643316128233e-07,1.9154028052525973e-07,0.0005488198366947472,32.60570199758711,0.000519517925567925,0.0005781219806522131,0.0005352171137928963,0.000494292180519551,0.00050381850451231,0.0006619517807848752,0.0005488198366947472,0.0005488198366947472,24,0.0,0.0,True,1.0787768820137928e-05,8.819049230229207e-06,1.801486075536017e-05,1.667143356333367e-05,1.8153791776949706e-05,0.0003317490012200667
7,midtone,clean,spatial4,3.8747643316128233e-07,1.6119470558351168e-07,0.0005297650350257754,32.75916708923781,0.0005401737289503217,0.0005193568067625165,0.0005758330808021128,0.0005020161624997854,0.000504514086060226,0.000536697159986943,0.0005297650350257754,0.0005297650350257754,96,0.0,0.0,True,6.268309233605808e-05,1.2440502559014994e-05,6.037061132016985e-05,6.0827656870750046e-05,5.9629143528658306e-05,0.0003192242256761847
7,midtone,clean,spatial8,3.8747643316128233e-07,5.695364535540648e-08,0.00047424001968465745,33.240018000101784,0.00047934940084815025,0.0004691306676249951,0.0005004166159778833,0.0004590824246406555,0.00045828227302990854,0.00047917882329784334,0.00047424001968465745,0.00047424001968465745,384,0.0,0.0,True,5.7231596446380974e-05,1.564496584536558e-05,4.217132658066725e-05,3.988129489816084e-05,3.938067991692034e-05,0.0004602208535296834
7,midtone,homogeneous_dark,identity,0.07562145590782166,0.07562145590782166,0.07758688926696777,11.102116601859535,0.07760515809059143,0.07756856083869934,0.07757063210010529,0.07759546488523483,0.07763979583978653,0.07754168659448624,0.0,,0,0.0,0.0,True,0.0,9.028655815484188e-17,9.028655815484188e-17,9.028655815484188e-17,9.028655815484188e-17,9.028655815484188e-17
7,midtone,homogeneous_dark,global,0.07562146335840225,1.2949978156484576e-07,0.00113502680324018,29.449938826454286,0.001135071157477796,0.0011349822161719203,0.0011338999029248953,0.0011341618373990059,0.0011362425284460187,0.001135803759098053,0.07573673129081726,,6,0.0,0.0,True,0.0,0.0,0.0,0.0,0.0,0.0
7,midtone,homogeneous_dark,uniform96,0.07562146335840225,1.2949801941886108e-07,0.0011350251734256744,29.449945062606172,0.0011350696440786123,0.0011349809356033802,0.0011338985059410334,0.0011341602075845003,0.0011362405493855476,0.0011358014307916164,0.07573673129081726,,96,0.0,0.0,True,0.0,0.0,0.0,0.0,0.0,0.0
7,midtone,homogeneous_dark,spatial1,0.07562146335840225,1.2949978156484576e-07,0.00113502680324018,29.449938826454286,0.001135071157477796,0.0011349822161719203,0.0011338999029248953,0.0011341618373990059,0.0011362425284460187,0.001135803759098053,0.07573673129081726,,6,0.0,0.0,True,0.0,0.0,0.0,0.0,0.0,0.0
7,midtone,homogeneous_dark,spatial2,0.07562146335840225,1.2465150689422444e-07,0.0011351007269695401,29.449655981835846,0.0011369517305865884,0.001133248908445239,0.001135816564783454,0.0011330938432365656,0.001138087478466332,0.0011334042064845562,0.07573672384023666,,24,0.0,0.0,True,3.793054456397617e-08,2.2376132821732663e-09,2.601603045975945e-08,1.895999087328181e-08,1.4620499829403224e-08,1.403773930452451e-07
7,midtone,homogeneous_dark,spatial4,0.07562146335840225,1.0931638882993866e-07,0.0011351302964612842,29.449542849146134,0.0011374936439096928,0.001132767298258841,0.001136461622081697,0.0011327204992994666,0.0011385256657376885,0.00113281374797225,0.07573676109313965,,96,0.0,0.0,True,8.795823587766626e-08,7.392638193697635e-09,1.6359148457179457e-07,1.395951537139845e-07,1.5135347490121343e-07,3.4832338966355396e-07
7,midtone,homogeneous_dark,spatial8,0.07562146335840225,4.6309725831861215e-08,0.001135295839048922,29.448909538673405,0.0011379035422578454,0.0011326882522553205,0.0011369447456672788,0.0011325122322887182,0.0011388626880943775,0.0011328638065606356,0.07573690265417099,,384,0.0,0.0,True,2.740534057823353e-07,2.2088929013309075e-08,7.608294754198051e-07,8.259373041688125e-07,8.39024986939472e-07,6.973916354380894e-07
7,midtone,homogeneous_bright,identity,0.07547680288553238,0.07547680288553238,0.07738085836172104,11.113664570948547,0.07739735394716263,0.07736429572105408,0.07737073302268982,0.07738859951496124,0.07742408663034439,0.0773400291800499,0.0,,0,0.0173068568110466,0.0173068568110466,True,0.0,9.028655815484188e-17,9.028655815484188e-17,9.028655815484188e-17,9.028655815484188e-17,9.028655815484188e-17
7,midtone,homogeneous_bright,global,0.07547680288553238,2.2241061969907605e-07,0.0003332614141982049,34.772149670801824,0.00033335198531858623,0.0003331710468046367,0.0003327189479023218,0.0003329529718030244,0.0003339847316965461,0.00033338897628709674,0.07929962128400803,,6,0.0173068568110466,0.0,True,0.0,0.0,0.0,0.0,0.0,0.0
7,midtone,homogeneous_bright,uniform96,0.07547680288553238,2.2241279395984748e-07,0.0003332583873998374,34.77218911514618,0.0003333489003125578,0.0003331679035909474,0.0003327159211039543,0.0003329498285893351,0.00033398179220966995,0.00033338600769639015,0.07929960638284683,,96,0.0173068568110466,0.0,True,0.0,0.0,0.0,0.0,0.0,0.0
7,midtone,homogeneous_bright,spatial1,0.07547680288553238,2.2241061969907605e-07,0.0003332614141982049,34.772149670801824,0.00033335198531858623,0.0003331710468046367,0.0003327189479023218,0.0003329529718030244,0.0003339847316965461,0.00033338897628709674,0.07929962128400803,,6,0.0173068568110466,0.0,True,0.0,0.0,0.0,0.0,0.0,0.0
7,midtone,homogeneous_bright,spatial2,0.07547680288553238,2.1481146461610479e-07,0.00033341330708935857,34.77017070734323,0.0003319407405797392,0.0003348856116645038,0.00033057876862585545,0.0003341763513162732,0.0003333029744680971,0.0003355952212586999,0.07930012047290802,,24,0.0173068568110466,0.0,True,3.3859857401182944e-07,9.420423664931136e-07,4.541748103529381e-08,4.583898697032031e-08,3.103820452273153e-08,1.8252032011348637e-06
7,midtone,homogeneous_bright,spatial4,0.07547680288553238,1.8756337283321045e-07,0.0003335392102599144,34.7685310388075,0.0003312729822937399,0.0003358052927069366,0.0003295770729891956,0.0003348381142131984,0.000332969066221267,0.00033677267492748797,0.07930043339729309,,96,0.0173068568110466,0.0,True,7.479851668209072e-07,2.2545080091687937e-06,1.935515386413653e-07,1.7582293239862696e-07,1.6141931678560115e-07,4.803299022903193e-06
7,midtone,homogeneous_bright,spatial8,0.07547680288553238,7.833821769054339e-08,0.0003338685492053628,34.764244900498056,0.0003313818306196481,0.0003363551804795861,0.0003296106297057122,0.00033528023050166667,0.00033315291511826217,0.0003374303050804883,0.0793011486530304,,384,0.0173068568110466,0.0,True,1.6185107027627014e-06,4.719394022817692e-06,7.030860491836487e-07,7.505219871616653e-07,7.968399086466224e-07,9.372988592045678e-06
7,midtone,left_right,identity,0.07551639527082443,0.07551639527082443,0.07748476415872574,11.107836844909187,0.07760515809059143,0.07736429572105408,0.07757063210010529,0.07738859951496124,0.07763979583978653,0.0773400291800499,0.0,,0,0.0086805559694767,0.0086805559694767,True,0.0,9.028655815484188e-17,9.028655815484188e-17,9.028655815484188e-17,9.028655815484188e-17,9.028655815484188e-17
7,midtone,left_right,global,0.07551638036966324,0.006238466128706932,0.00988832302391529,20.048773548349004,0.014185228385031223,0.005591418594121933,0.014163272455334663,0.005582911428064108,0.014207184314727783,0.005599922500550747,0.04526995122432709,,6,0.0086805559694767,0.0,True,0.0,0.0,0.0,0.0,0.0,0.0
7,midtone,left_right,uniform96,0.07551638036966324,0.006238476373255253,0.009888331405818462,20.048769867024333,0.014185243286192417,0.005591420456767082,0.014163280837237835,0.005582913290709257,0.014207195490598679,0.005599925760179758,0.0452699214220047,,96,0.0086805559694767,0.0,True,0.0,0.0,0.0,0.0,0.0,0.0
7,midtone,left_right,spatial1,0.07551638036966324,0.006238466128706932,0.00988832302391529,20.048773548349004,0.014185228385031223,0.005591418594121933,0.014163272455334663,0.005582911428064108,0.014207184314727783,0.005599922500550747,0.04526995122432709,,6,0.0086805559694767,0.0,True,0.0,0.0,0.0,0.0,0.0,0.0
7,midtone,left_right,spatial2,0.07551638036966324,0.001628424390219152,0.0042519159615039825,23.714153278307183,0.004171526059508324,0.004332304000854492,0.004167896695435047,0.0043294597417116165,0.004175158217549324,0.004335148725658655,0.07275687158107758,,24,0.0086805559694767,0.0,True,0.2736353025653104,2.925174654983823e-06,0.01106252911565403,0.011110646916853014,0.011112251016834733,3.8814472987915285e-05
7,midtone,left_right,spatial4,0.07551638036966324,0.000781862298026681,0.002459792885929346,26.091014588660215,0.0024311435408890247,0.002488442463800311,0.0024314881302416325,0.0024858489632606506,0.0024308008141815662,0.0024910345673561096,0.0756155326962471,,96,0.0086805559694767,0.0,True,0.269626778438593,0.01445083357640437,0.02296667333301107,0.023052609191867798,0.023069031120432196,0.0032057297645285247
7,midtone,left_right,spatial8,0.07551638036966324,0.0001871925633167848,0.0015822092536836863,28.007360798077467,0.0015488113276660442,0.0016156075289472938,0.0015463511226698756,0.001615427783690393,0.0015512709505856037,0.0016157871577888727,0.07780685275793076,,384,0.0086805559694767,0.0,True,0.25512007704274914,0.014403952285277737,0.027537550403778487,0.027701181628394817,0.027701320884559597,0.0011713770754242403
7,midtone,quadrants,identity,0.0756027102470398,0.0756027102470398,0.07748124748468399,11.108033955503318,0.07749731838703156,0.07746513932943344,0.07757063210010529,0.07738859951496124,0.07742408663034439,0.07754168659448624,0.0,,0,0.00927734375,0.00927734375,True,0.0,9.028655815484188e-17,9.028655815484188e-17,9.028655815484188e-17,9.028655815484188e-17,9.028655815484188e-17
7,midtone,quadrants,global,0.07560271769762039,0.006243855692446232,0.00986985582858324,20.056891911305705,0.009871222078800201,0.009868491441011429,0.01416770275682211,0.0055788676254451275,0.00557474372908473,0.014158111065626144,0.045325133949518204,,6,0.00927734375,0.0,True,0.0,0.0,0.0,0.0,0.0,0.0
7,midtone,quadrants,uniform96,0.07560271769762039,0.006243864074349403,0.009869863279163837,20.05688863289427,0.009871228598058224,0.009868494234979153,0.01416771300137043,0.005578869953751564,0.005574746057391167,0.014158121310174465,0.04532511532306671,,96,0.00927734375,0.0,True,0.0,0.0,0.0,0.0,0.0,0.0
7,midtone,quadrants,spatial1,0.07560271769762039,0.006243855692446232,0.00986985582858324,20.056891911305705,0.009871222078800201,0.009868491441011429,0.01416770275682211,0.0055788676254451275,0.00557474372908473,0.014158111065626144,0.045325133949518204,,6,0.00927734375,0.0,True,0.0,0.0,0.0,0.0,0.0,0.0
7,midtone,quadrants,spatial2,0.07560271769762039,0.0023540726397186518,0.0056992569006979465,22.441817662511404,0.005621469579637051,0.005777046550065279,0.005561993923038244,0.005255937576293945,0.005680940579622984,0.006298152729868889,0.06925716996192932,,24,0.00927734375,0.0,True,0.340668026326163,1.91536756749475e-05,0.003589350902697408,0.0036052178110202986,0.0036100381355078804,8.564222187086034e-06
7,midtone,quadrants,spatial4,0.07560271769762039,0.0011509539326652884,0.0040574162267148495,23.917504382672416,0.003971802536398172,0.004143030382692814,0.003504249034449458,0.004034290090203285,0.004439355805516243,0.004251768346875906,0.07523742318153381,,96,0.00927734375,0.0,True,0.29477545832792146,0.008168588717153298,0.01926994407544962,0.019302090064059623,0.019335131670809757,0.0016697591706110978
7,midtone,quadrants,spatial8,0.07560271769762039,0.00017522225971333683,0.0038825112860649824,24.10887273147731,0.003752612043172121,0.004012410528957844,0.0030583490151911974,0.003656315617263317,0.0044468725100159645,0.004368506371974945,0.07985607534646988,,384,0.00927734375,0.0,True,0.2662126588773736,0.015815937550607433,0.02894233077866822,0.029001060143432303,0.029075132731528574,0.0011402254332815412
7,midtone,smooth_gradient,identity,0.025543713942170143,0.025543713942170143,0.026389943435788155,15.785615406458618,0.027162188664078712,0.02561771310865879,0.02714253030717373,0.025628766044974327,0.027181845158338547,0.025606654584407806,0.0,,0,0.00027126737404614687,0.00027126737404614687,True,0.0,9.028655815484188e-17,9.028655815484188e-17,9.028655815484188e-17,9.028655815484188e-17,9.028655815484188e-17
7,midtone,smooth_gradient,global,0.025543713942170143,0.0021310539450496435,0.0058479830622673035,22.32993893911772,0.007072947919368744,0.004623017273843288,0.007057371083647013,0.004616642836481333,0.007088528014719486,0.004629391711205244,0.016405194997787476,,6,0.00027126737404614687,0.0,True,0.0,0.0,0.0,0.0,0.0,0.0
7,midtone,smooth_gradient,uniform96,0.025543713942170143,0.0021310627926141024,0.005847987253218889,22.3299358267515,0.007072953041642904,0.00462301867082715,0.007057378068566322,0.004616643767803907,0.007088533602654934,0.004629392176866531,0.016405168920755386,,96,0.00027126737404614687,0.0,True,0.0,0.0,0.0,0.0,0.0,0.0
7,midtone,smooth_gradient,spatial1,0.025543713942170143,0.0021310539450496435,0.0058479830622673035,22.32993893911772,0.007072947919368744,0.004623017273843288,0.007057371083647013,0.004616642836481333,0.007088528014719486,0.004629391711205244,0.016405194997787476,,6,0.00027126737404614687,0.0,True,0.0,0.0,0.0,0.0,0.0,0.0
7,midtone,smooth_gradient,spatial2,0.025543713942170143,0.00037119537591934204,0.002302731154486537,26.377567632682975,0.0030859201215207577,0.0015195418382063508,0.0030814558267593384,0.0015193251892924309,0.003090384416282177,0.001519758254289627,0.025895778089761734,,24,0.00027126737404614687,0.0,True,0.02703924928780063,0.015956365555795663,0.0038186179636001834,0.0038413330192903286,0.0038296100362395255,0.0004594175666042678
7,midtone,smooth_gradient,spatial4,0.025543713942170143,8.736931340536103e-05,0.0010788366198539734,29.670443203480048,0.0014702804619446397,0.0006873931852169335,0.0014706883812323213,0.000684967846609652,0.0014698707964271307,0.0006898186402395368,0.026286210864782333,,96,0.00027126737404614687,0.0,True,0.06328654467664205,0.00947516014815618,0.007220182950610253,0.00724217617697515,0.007231775619913562,0.0008228974801225839
7,midtone,smooth_gradient,spatial8,0.025543713942170143,4.243920557200909e-06,0.0007951498846523464,30.995509997183994,0.0010543183889240026,0.0005359812057577074,0.0010552267776802182,0.0005323457298800349,0.0010534102329984307,0.0005396163905970752,0.026409415528178215,,384,0.00027126737404614687,0.0,True,0.07250077801195492,0.005844312639562755,0.008606607207783548,0.008623784410493166,0.008624266912664045,0.002226610855973539
7,midtone,stripes_4,identity,0.05072857439517975,0.05072857439517975,0.07751722633838654,11.106017752695191,0.0775330513715744,0.07750134915113449,0.07749933004379272,0.07752396911382675,0.07756686210632324,0.07747873663902283,0.0,,0,0.005642361007630825,0.005642361007630825,True,0.0,9.028655815484188e-17,9.028655815484188e-17,9.028655815484188e-17,9.028655815484188e-17,9.028655815484188e-17
7,midtone,stripes_4,global,0.05072856694459915,0.004388011991977692,0.0123007632791996,19.100679391573756,0.012301895767450333,0.01229962706565857,0.012285490520298481,0.012295826338231564,0.012318305671215057,0.01230343896895647,0.037537530064582825,,6,0.005642361007630825,0.0,True,0.0,0.0,0.0,0.0,0.0,0.0
7,midtone,stripes_4,uniform96,0.05072856694459915,0.004388020373880863,0.01230077538639307,19.100675116973385,0.012301907874643803,0.012299642898142338,0.012285499833524227,0.012295838445425034,0.012318317778408527,0.012303446419537067,0.03753750026226044,,96,0.005642361007630825,0.0,True,0.0,0.0,0.0,0.0,0.0,0.0
7,midtone,stripes_4,spatial1,0.05072856694459915,0.004388011991977692,0.0123007632791996,19.100679391573756,0.012301895767450333,0.01229962706565857,0.012285490520298481,0.012295826338231564,0.012318305671215057,0.01230343896895647,0.037537530064582825,,6,0.005642361007630825,0.0,True,0.0,0.0,0.0,0.0,0.0,0.0
7,midtone,stripes_4,spatial2,0.05072856694459915,0.004299676977097988,0.012164208106696606,19.149161585035003,0.012296492233872414,0.012031931430101395,0.012282033450901508,0.012029219418764114,0.012310938909649849,0.01203464437276125,0.038051754236221313,,24,0.005642361007630825,0.0,True,0.0034336402671804565,1.9406124720210505e-06,0.000221780074191089,0.00022480608800260775,0.00022211736374444358,7.6540461154311e-08
7,midtone,stripes_4,spatial4,0.05072856694459915,0.004230459686368704,0.012063692323863506,19.185197477137116,0.012096940539777279,0.012030448764562607,0.012083142064511776,0.012023749761283398,0.012110734358429909,0.012037143111228943,0.03848018869757652,,96,0.005642361007630825,0.0,True,0.013711338159994873,3.0239839528263713e-06,0.0001599676191426605,0.00016455463919745638,0.00016114244864452252,6.827111743573745e-07
7,midtone,stripes_4,spatial8,0.05072856694459915,7.888643449405208e-05,0.011602682992815971,19.3544157333828,0.01132126897573471,0.011884097009897232,0.01131195854395628,0.011865681037306786,0.01133058499544859,0.011902510188519955,0.06640820950269699,,384,0.005642361007630825,0.0,True,0.20208322678307525,0.042102716782173526,0.03106802862709958,0.031157075810972042,0.03127188404667309,0.0006370107670037033
7,midtone,stripes_12,identity,0.0011012586764991283,0.0011012586764991283,0.07758687436580658,11.102117435955703,0.07760515809059143,0.07756856083869934,0.07757063210010529,0.07759545743465424,0.07763978093862534,0.07754167914390564,0.0,,0,0.0,0.0,True,0.0,9.028655815484188e-17,9.028655815484188e-17,9.028655815484188e-17,9.028655815484188e-17,9.028655815484188e-17
7,midtone,stripes_12,global,0.0011012587929144502,2.8045496947015636e-07,0.05046829208731651,12.969813921080924,0.05048269405961037,0.050453901290893555,0.050461750477552414,0.050465114414691925,0.05050361901521683,0.05044269934296608,0.004011078272014856,,6,0.0,0.0,True,0.0,0.0,0.0,0.0,0.0,0.0
7,midtone,stripes_12,uniform96,0.0011012587929144502,2.8050013156644127e-07,0.05047356337308884,12.96936033513977,0.05048796162009239,0.05045917257666588,0.050467025488615036,0.050470367074012756,0.050508905202150345,0.0504479743540287,0.004009756725281477,,96,0.0,0.0,True,0.0,0.0,0.0,0.0,0.0,0.0
7,midtone,stripes_12,spatial1,0.0011012587929144502,2.8045496947015636e-07,0.05046829208731651,12.969813921080924,0.05048269405961037,0.050453901290893555,0.050461750477552414,0.050465114414691925,0.05050361901521683,0.05044269934296608,0.004011078272014856,,6,0.0,0.0,True,0.0,0.0,0.0,0.0,0.0,0.0
7,midtone,stripes_12,spatial2,0.0011012587929144502,2.777086365313153e-07,0.051321908831596375,12.896971991479964,0.051811352372169495,0.05083248391747475,0.051653068512678146,0.05084346607327461,0.05196960270404816,0.050821512937545776,0.0038031344301998615,,24,0.0,0.0,True,2.2236190677978832e-08,6.25236473944775e-09,3.174758110134229e-08,1.9271649082069217e-08,2.5478805602359166e-08,2.83608576392681e-05
7,midtone,stripes_12,spatial4,0.0011012587929144502,2.401913263838651e-07,0.05205757915973663,12.835160318090589,0.05286794155836105,0.05124721676111221,0.05274640768766403,0.05114123970270157,0.05298947915434837,0.051353201270103455,0.003633936634287238,,96,0.0,0.0,True,7.692053983344117e-07,1.3435142150008345e-06,3.660189642113236e-07,5.279007709207161e-07,3.109409274691055e-07,8.39910509864375e-05
7,midtone,stripes_12,spatial8,0.0011012587929144502,7.135419366477436e-08,0.05353234335780144,12.713837451260568,0.05430818721652031,0.05275652930140495,0.054183002561330795,0.052770283073186874,0.05443334951996803,0.05274273455142975,0.0033222627826035023,,384,0.0,0.0,True,2.879453307156938e-06,1.485139260556824e-06,1.8229265609311335e-06,1.8728150045715836e-06,1.5534550993269322e-06,0.00028379021362228606
7,dark_structures,clean,identity,0.024708541110157967,0.024708541110157967,0.0,,0.0,0.0,0.0,0.0,0.0,0.0,0.0,0.0,0,0.0,0.0,True,0.0,9.028655815484188e-17,9.028655815484188e-17,9.028655815484188e-17,9.028655815484188e-17,9.028655815484188e-17
7,dark_structures,clean,global,0.024708539247512817,0.0024329714942723513,0.01769636571407318,17.521159151288565,0.02204933948814869,0.013343388214707375,0.021154053509235382,0.012938869185745716,0.022944636642932892,0.013747898861765862,0.01769636571407318,0.01769636571407318,6,0.0,0.0,True,0.0,0.0,0.0,0.0,0.0,0.0
7,dark_structures,clean,uniform96,0.024708539247512817,0.0024329808074980974,0.017696334049105644,17.52116692233783,0.022049298509955406,0.01334336120635271,0.021154023706912994,0.012938848696649075,0.02294459566473961,0.01374787837266922,0.017696334049105644,0.017696334049105644,96,0.0,0.0,True,0.0,0.0,0.0,0.0,0.0,0.0
7,dark_structures,clean,spatial1,0.024708539247512817,0.0024329714942723513,0.01769636571407318,17.521159151288565,0.02204933948814869,0.013343388214707375,0.021154053509235382,0.012938869185745716,0.022944636642932892,0.013747898861765862,0.01769636571407318,0.01769636571407318,6,0.0,0.0,True,0.0,0.0,0.0,0.0,0.0,0.0
7,dark_structures,clean,spatial2,0.024708539247512817,0.0023720376193523407,0.017937026917934418,17.462495401178888,0.023271016776561737,0.012603038921952248,0.0220600888133049,0.012194115668535233,0.024481941014528275,0.01301195751875639,0.017937026917934418,0.017937026917934418,24,0.0,0.0,True,0.0031077160467647587,2.2982758040863254e-07,0.00012252807068400967,0.0001241219635857762,0.00012297364311935236,3.006849613740338e-07
7,dark_structures,clean,spatial4,0.024708539247512817,0.0018472835654392838,0.0203558336943388,16.913111059381617,0.02752199023962021,0.013189672492444515,0.026433192193508148,0.012568346224725246,0.028610799461603165,0.01381099596619606,0.0203558336943388,0.0203558336943388,96,0.0,0.0,True,0.030690423818811968,0.01036218138420617,0.0019401920121779569,0.0019235028034113128,0.0019248338030430781,1.6087918144996023e-05
7,dark_structures,clean,spatial8,0.024708539247512817,0.00015129198436625302,0.026278652250766754,15.803969121360142,0.03444676473736763,0.018110543489456177,0.03285142406821251,0.017077410593628883,0.03604209050536156,0.019143683835864067,0.026278652250766754,0.026278652250766754,384,0.0,0.0,True,0.0849292251454392,0.015970172783937454,0.029544977703380552,0.029586252866977313,0.029561823619051953,0.015643974695116396
7,dark_structures,homogeneous_dark,identity,0.10357373207807541,0.10357373207807541,0.05833546817302704,12.340673123396495,0.05249176174402237,0.0641791895031929,0.05373998358845711,0.06492258608341217,0.051243528723716736,0.06343577802181244,0.0,,0,0.0,0.0,True,0.0,9.028655815484188e-17,9.028655815484188e-17,9.028655815484188e-17,9.028655815484188e-17,9.028655815484188e-17
7,dark_structures,homogeneous_dark,global,0.10357373207807541,0.0032984192948788404,0.015359078533947468,18.136348389676733,0.019075917080044746,0.01164223998785019,0.018310386687517166,0.011291170492768288,0.019841449335217476,0.011993307620286942,0.09336353093385696,,6,0.0,0.0,True,0.0,0.0,0.0,0.0,0.0,0.0
7,dark_structures,homogeneous_dark,uniform96,0.10357373207807541,0.0032984265126287937,0.015359058976173401,18.13635391985144,0.019075892865657806,0.011642223224043846,0.018310362473130226,0.011291155591607094,0.019841425120830536,0.011993292719125748,0.09336349368095398,,96,0.0,0.0,True,0.0,0.0,0.0,0.0,0.0,0.0
7,dark_structures,homogeneous_dark,spatial1,0.10357373207807541,0.0032984192948788404,0.015359078533947468,18.136348389676733,0.019075917080044746,0.01164223998785019,0.018310386687517166,0.011291170492768288,0.019841449335217476,0.011993307620286942,0.09336353093385696,,6,0.0,0.0,True,0.0,0.0,0.0,0.0,0.0,0.0
7,dark_structures,homogeneous_dark,spatial2,0.10357373207807541,0.0032236247789114714,0.015603695064783096,18.067725454773992,0.0207100547850132,0.010497339069843292,0.01950662210583687,0.010105419903993607,0.021913476288318634,0.010889259167015553,0.09362830966711044,,24,0.0,0.0,True,0.0005896337169107785,0.00018325014941720022,8.659058156971603e-05,8.739434106726624e-05,8.716198124550315e-05,8.671491340905906e-06
7,dark_structures,homogeneous_dark,spatial4,0.10357373207807541,0.0024388697929680347,0.018337344750761986,17.36663549995167,0.02504327893257141,0.011631411500275135,0.023978523910045624,0.01108112558722496,0.02610803209245205,0.012181702069938183,0.09613353759050369,,96,0.0,0.0,True,0.007606325659922438,0.005120215798829408,0.0007347207661367516,0.0007324087410543172,0.00072527551288972,0.0013587535602150186
7,dark_structures,homogeneous_dark,spatial8,0.10357373207807541,0.00029479278600774705,0.02629912458360195,15.800587075877562,0.03440729156136513,0.018190961331129074,0.032761652022600174,0.017267074435949326,0.036052923649549484,0.01911485567688942,0.10338521003723145,,384,0.0,0.0,True,0.05730955825633818,0.003673301119601936,0.019417019511233813,0.019441027618945027,0.019406991385702108,0.0009389043593859989
7,dark_structures,homogeneous_bright,identity,0.05585341155529022,0.05585341155529022,0.05818367004394531,12.351988882872364,0.052352163940668106,0.06401517987251282,0.0535934716463089,0.0647483691573143,0.051110852509737015,0.06328196823596954,0.0,,0,0.012858073227107525,0.012858073227107525,True,0.0,9.028655815484188e-17,9.028655815484188e-17,9.028655815484188e-17,9.028655815484188e-17,9.028655815484188e-17
7,dark_structures,homogeneous_bright,global,0.05585341528058052,0.0026270051021128893,0.017155136913061142,17.656058115425395,0.021354619413614273,0.01295566651970148,0.0204908549785614,0.012563984841108322,0.022218359634280205,0.013347345404326916,0.056246016174554825,,6,0.012858073227107525,0.0,True,0.0,0.0,0.0,0.0,0.0,0.0
7,dark_structures,homogeneous_bright,uniform96,0.05585341528058052,0.0026270137168467045,0.017155112698674202,17.65606424547385,0.02135457843542099,0.012955649755895138,0.020490828901529312,0.012563969008624554,0.022218331694602966,0.013347324915230274,0.05624598264694214,,96,0.012858073227107525,0.0,True,0.0,0.0,0.0,0.0,0.0,0.0
7,dark_structures,homogeneous_bright,spatial1,0.05585341528058052,0.0026270051021128893,0.017155136913061142,17.656058115425395,0.021354619413614273,0.01295566651970148,0.0204908549785614,0.012563984841108322,0.022218359634280205,0.013347345404326916,0.056246016174554825,,6,0.012858073227107525,0.0,True,0.0,0.0,0.0,0.0,0.0,0.0
7,dark_structures,homogeneous_bright,spatial2,0.05585341528058052,0.0025711816269904375,0.01736491359770298,17.603273732593042,0.02284148707985878,0.011888343840837479,0.021582771092653275,0.01146121509373188,0.024100197479128838,0.012315475381910801,0.05642559751868248,,24,0.012858073227107525,0.0,True,0.0006037128067426868,0.0001240145836511192,0.00014931507741830944,0.0001498683905462556,0.0001497863975518887,7.120897812707644e-06
7,dark_structures,homogeneous_bright,spatial4,0.05585341528058052,0.001973169157281518,0.019380899146199226,17.12626078411444,0.026608698070049286,0.012153109535574913,0.025359446182847023,0.011568932794034481,0.027857933193445206,0.01273727510124445,0.05829717591404915,,96,0.012858073227107525,0.0,True,0.015348451112834506,0.02605633246162681,0.0008653694015379921,0.0008655510060242704,0.0008592463899686646,0.0025719097255797567
7,dark_structures,homogeneous_bright,spatial8,0.05585341528058052,0.00021309089788701385,0.025676244869828224,15.904684911779732,0.03376238793134689,0.01759009249508381,0.032022666186094284,0.016691941767930984,0.03550213202834129,0.018488246947526932,0.06380251049995422,,384,0.012858073227107525,0.0,True,0.06858975764197937,0.02176712920967269,0.016731893504150976,0.01682460311128786,0.016801701532892212,0.004056440889649305
7,dark_structures,left_right,identity,0.08593133091926575,0.08593133091926575,0.058253467082977295,12.346782215432157,0.05249176174402237,0.06401517987251282,0.05373998358845711,0.0647483691573143,0.051243528723716736,0.06328196823596954,0.0,,0,0.00678168423473835,0.00678168423473835,True,0.0,9.028655815484188e-17,9.028655815484188e-17,9.028655815484188e-17,9.028655815484188e-17,9.028655815484188e-17
7,dark_structures,left_right,global,0.08593133836984634,0.009219694882631302,0.018810728564858437,17.255943833135166,0.018126249313354492,0.019495202228426933,0.01782742701470852,0.01897382363677025,0.01842508092522621,0.020016595721244812,0.04656846448779106,,6,0.00678168423473835,0.0,True,0.0,0.0,0.0,0.0,0.0,0.0
7,dark_structures,left_right,uniform96,0.08593133836984634,0.009219704195857048,0.018810726702213287,17.255944263175156,0.018126238137483597,0.019495202228426933,0.01782742142677307,0.01897382363677025,0.018425073474645615,0.020016593858599663,0.04656843841075897,,96,0.00678168423473835,0.0,True,0.0,0.0,0.0,0.0,0.0,0.0
7,dark_structures,left_right,spatial1,0.08593133836984634,0.009219694882631302,0.018810728564858437,17.255943833135166,0.018126249313354492,0.019495202228426933,0.01782742701470852,0.01897382363677025,0.01842508092522621,0.020016595721244812,0.04656846448779106,,6,0.00678168423473835,0.0,True,0.0,0.0,0.0,0.0,0.0,0.0
7,dark_structures,left_right,spatial2,0.08593133836984634,0.004243916366249323,0.017258843407034874,17.62988311678338,0.02081354707479477,0.013704139739274979,0.019764641299843788,0.013283267617225647,0.021862449124455452,0.014125008136034012,0.07431583851575851,,24,0.00678168423473835,0.0,True,0.4219932034313804,7.383168883519005e-05,0.008986560409327627,0.00901800054670809,0.009023728298570914,3.090691578793055e-05
7,dark_structures,left_right,spatial4,0.08593133836984634,0.0025883661583065987,0.020266007632017136,16.932317981327188,0.027388183400034904,0.013143833726644516,0.02630097232758999,0.012655792757868767,0.02847539447247982,0.013631871901452541,0.08274928480386734,,96,0.00678168423473835,0.0,True,0.5656836037656873,0.007564985564223786,0.02132733910450929,0.02138832480748659,0.02141376666333773,0.000934698265007504
7,dark_structures,left_right,spatial8,0.08593133836984634,0.00024272834707517177,0.027370058000087738,15.627242822723256,0.03541242331266403,0.019327692687511444,0.0337756872177124,0.01839025691151619,0.03704914450645447,0.020265143364667892,0.09117567539215088,,384,0.00678168423473835,0.0,True,0.36549846856706053,0.02324665624255694,0.05555273342525666,0.055782297108754375,0.055738278780782,0.0014752296901869115
7,dark_structures,quadrants,identity,0.07939355075359344,0.07939355075359344,0.05825875326991081,12.346388134569196,0.05242542177438736,0.06409208476543427,0.05373998358845711,0.0647483691573143,0.051110852509737015,0.06343577802181244,0.0,,0,0.00689019076526165,0.00689019076526165,True,0.0,9.028655815484188e-17,9.028655815484188e-17,9.028655815484188e-17,9.028655815484188e-17,9.028655815484188e-17
7,dark_structures,quadrants,global,0.07939354330301285,0.008307908661663532,0.021399928256869316,16.695876826180054,0.025209439918398857,0.017590422183275223,0.017521517351269722,0.02074538916349411,0.032897379249334335,0.014435457065701485,0.043911054730415344,,6,0.00689019076526165,0.0,True,0.0,0.0,0.0,0.0,0.0,0.0
7,dark_structures,quadrants,uniform96,0.07939354330301285,0.008307917043566704,0.021399928256869316,16.695876826180054,0.02520943433046341,0.017590422183275223,0.017521504312753677,0.02074538543820381,0.032897379249334335,0.014435453340411186,0.04391102492809296,,96,0.00689019076526165,0.0,True,0.0,0.0,0.0,0.0,0.0,0.0
7,dark_structures,quadrants,spatial1,0.07939354330301285,0.008307908661663532,0.021399928256869316,16.695876826180054,0.025209439918398857,0.017590422183275223,0.017521517351269722,0.02074538916349411,0.032897379249334335,0.014435457065701485,0.043911054730415344,,6,0.00689019076526165,0.0,True,0.0,0.0,0.0,0.0,0.0,0.0
7,dark_structures,quadrants,spatial2,0.07939354330301285,0.004461431875824928,0.01896795630455017,17.219794594893052,0.023946920409798622,0.013988993130624294,0.01770685240626335,0.016946708783507347,0.0301869735121727,0.011031284928321838,0.06627102941274643,,24,0.00689019076526165,0.0,True,0.22047464690711085,9.116080016291884e-05,0.009187387420217644,0.009204096140258336,0.009216378790098517,8.091747131627405e-06
7,dark_structures,quadrants,spatial4,0.07939354330301285,0.0029968442395329475,0.020495692268013954,16.883374082525286,0.02686792053282261,0.014123459346592426,0.02577029913663864,0.014755995944142342,0.027965549379587173,0.013490931130945683,0.07412583380937576,,96,0.00689019076526165,0.0,True,0.4364251917531448,0.006295225724678111,0.02085130782220142,0.020870266778739377,0.0208877971630549,0.0012422387593065435
7,dark_structures,quadrants,spatial8,0.07939354330301285,0.00033368769800290465,0.028352776542305946,15.474044049207231,0.036287445574998856,0.02041812427341938,0.034666646271944046,0.01964615099132061,0.037908222526311874,0.021190084517002106,0.08510628342628479,,384,0.00689019076526165,0.00016276042151730508,True,0.3389241593751269,0.02037688633208826,0.04837544135638932,0.04840205832245906,0.048465803216484214,0.0022539674865153163
7,dark_structures,smooth_gradient,identity,0.047759220004081726,0.047759220004081726,0.021210631355643272,16.73446404081688,0.020701680332422256,0.021719589829444885,0.021012578159570694,0.021943161264061928,0.02039078250527382,0.021496014669537544,0.0,,0,0.00027126737404614687,0.00027126737404614687,True,0.0,9.028655815484188e-17,9.028655815484188e-17,9.028655815484188e-17,9.028655815484188e-17,9.028655815484188e-17
7,dark_structures,smooth_gradient,global,0.047759223729372025,0.005001454148441553,0.018341174349188805,17.365728607573498,0.01924072951078415,0.017441608011722565,0.01857178285717964,0.016959093511104584,0.019909679889678955,0.017924124374985695,0.02692960388958454,,6,0.00027126737404614687,0.0,True,0.0,0.0,0.0,0.0,0.0,0.0
7,dark_structures,smooth_gradient,uniform96,0.047759223729372025,0.005001462996006012,0.01834116131067276,17.36573169492084,0.019240716472268105,0.017441602423787117,0.018571769818663597,0.016959089785814285,0.01990966685116291,0.017924116924405098,0.0269295834004879,,96,0.00027126737404614687,0.0,True,0.0,0.0,0.0,0.0,0.0,0.0
7,dark_structures,smooth_gradient,spatial1,0.047759223729372025,0.005001454148441553,0.018341174349188805,17.365728607573498,0.01924072951078415,0.017441608011722565,0.01857178285717964,0.016959093511104584,0.019909679889678955,0.017924124374985695,0.02692960388958454,,6,0.00027126737404614687,0.0,True,0.0,0.0,0.0,0.0,0.0,0.0
7,dark_structures,smooth_gradient,spatial2,0.047759223729372025,0.0025329950731247663,0.018150294199585915,17.41116331056451,0.024252040311694145,0.012048550881445408,0.02292686700820923,0.011665535159409046,0.02557721734046936,0.012431567534804344,0.04124070331454277,,24,0.00027126737404614687,0.0,True,0.22587819912895032,0.00024872845640050813,0.0032656360094223302,0.003272719514108022,0.003270140863406676,2.8226938455254466e-05
7,dark_structures,smooth_gradient,spatial4,0.047759223729372025,0.0018722891109064221,0.01986892707645893,17.01825584191354,0.027130775153636932,0.01260707713663578,0.026015253737568855,0.012043304741382599,0.02824629656970501,0.01317085325717926,0.0435289666056633,,96,0.00027126737404614687,0.0,True,0.16985974867731968,0.01422405411103888,0.01658436764451766,0.016589344346630612,0.016633832211351108,0.0008997812373281733
7,dark_structures,smooth_gradient,spatial8,0.047759223729372025,0.0001633975189179182,0.026342550292611122,15.793421821307753,0.034743718802928925,0.017941372469067574,0.033098671585321426,0.017017843201756477,0.036388762295246124,0.018864907324314117,0.04983386769890785,,384,0.00027126737404614687,0.0,True,0.1755135789582217,0.019032700659154234,0.038308393861183246,0.038352469971698756,0.03835279378393719,0.0033463034065280887
7,dark_structures,stripes_4,identity,0.06631111353635788,0.06631111353635788,0.05828477814793587,12.344448522654428,0.052441880106925964,0.06412766873836517,0.05368940159678459,0.06486600637435913,0.05119435489177704,0.06338933110237122,0.0,,0,0.0042860242538154125,0.0042860242538154125,True,0.0,9.028655815484188e-17,9.028655815484188e-17,9.028655815484188e-17,9.028655815484188e-17,9.028655815484188e-17
7,dark_structures,stripes_4,global,0.06631111353635788,0.0068392064422369,0.02428077533841133,16.14737449400017,0.02789175510406494,0.020669784396886826,0.027166113257408142,0.020373709499835968,0.02861741930246353,0.02096586301922798,0.04006410390138626,,6,0.0042860242538154125,0.0,True,0.0,0.0,0.0,0.0,0.0,0.0
7,dark_structures,stripes_4,uniform96,0.06631111353635788,0.0068392143584787846,0.024280769750475883,16.14737549347806,0.027891747653484344,0.020669780671596527,0.027166105806827545,0.02037370763719082,0.028617408126592636,0.020965861156582832,0.04006407782435417,,96,0.0042860242538154125,0.0,True,0.0,0.0,0.0,0.0,0.0,0.0
7,dark_structures,stripes_4,spatial1,0.06631111353635788,0.0068392064422369,0.02428077533841133,16.14737449400017,0.02789175510406494,0.020669784396886826,0.027166113257408142,0.020373709499835968,0.02861741930246353,0.02096586301922798,0.04006410390138626,,6,0.0042860242538154125,0.0,True,0.0,0.0,0.0,0.0,0.0,0.0
7,dark_structures,stripes_4,spatial2,0.06631111353635788,0.006285114213824272,0.025048498064279556,16.01218309794778,0.031977925449609756,0.018119074404239655,0.030651042237877846,0.017904050648212433,0.03330481797456741,0.01833408884704113,0.04326098412275314,,24,0.0042860242538154125,0.0,True,0.057675348954835955,3.219508264396969e-06,0.0008431426775896414,0.0008613639579612784,0.0008428310384956576,4.657880164511778e-07
7,dark_structures,stripes_4,spatial4,0.06631111353635788,0.005465102847665548,0.027341047301888466,15.631848537506531,0.033921971917152405,0.020760104060173035,0.03302701935172081,0.02031899057328701,0.03481694683432579,0.021201230585575104,0.04842304810881615,,96,0.0042860242538154125,0.0,True,0.10064870578310914,0.0007739943069783344,0.014959749218336668,0.014980198299781337,0.015035224731520832,4.0757421443135825e-05
7,dark_structures,stripes_4,spatial8,0.06631111353635788,0.00033868657192215323,0.034478411078453064,14.624527566454777,0.04230882599949837,0.026647983118891716,0.04078365117311478,0.025892198085784912,0.04383404552936554,0.02740376815199852,0.07753512263298035,,384,0.0042860242538154125,0.0,True,0.2590546006145316,0.04141801718502158,0.05288409418634865,0.05296802879299609,0.05306527213614828,0.0008984322461425991
7,dark_structures,stripes_12,identity,0.03010856732726097,0.03010856732726097,0.05833546817302704,12.340673123396495,0.052491750568151474,0.0641791895031929,0.05373997986316681,0.06492258608341217,0.051243528723716736,0.06343577802181244,0.0,,0,0.0,0.0,True,0.0,9.028655815484188e-17,9.028655815484188e-17,9.028655815484188e-17,9.028655815484188e-17,9.028655815484188e-17
7,dark_structures,stripes_12,global,0.030108565464615822,0.0025634567718952894,0.031143274158239365,15.066357310708089,0.034668516367673874,0.027618026360869408,0.03398065268993378,0.027326064184308052,0.03535638004541397,0.02790999412536621,0.034357890486717224,,6,0.0,0.0,True,0.0,0.0,0.0,0.0,0.0,0.0
7,dark_structures,stripes_12,uniform96,0.030108565464615822,0.002563466550782323,0.03114328719675541,15.066355492481026,0.034668516367673874,0.0276180487126112,0.033980656415224075,0.027326088398694992,0.03535638377070427,0.027910003438591957,0.03435783460736275,,96,0.0,0.0,True,0.0,0.0,0.0,0.0,0.0,0.0
7,dark_structures,stripes_12,spatial1,0.030108565464615822,0.0025634567718952894,0.031143274158239365,15.066357310708089,0.034668516367673874,0.027618026360869408,0.03398065268993378,0.027326064184308052,0.03535638004541397,0.02790999412536621,0.034357890486717224,,6,0.0,0.0,True,0.0,0.0,0.0,0.0,0.0,0.0
7,dark_structures,stripes_12,spatial2,0.030108565464615822,0.0024907803162932396,0.03138257563114166,15.033114158641608,0.03654803708195686,0.026217112317681313,0.03539964184165001,0.025900961831212044,0.037696413695812225,0.02653326466679573,0.034840360283851624,,24,0.0,0.0,True,0.0032162789279972953,1.5278579709249869e-06,0.00017364769621231577,0.00017605784488584648,0.00017446837946066707,8.814437866913991e-07
7,dark_structures,stripes_12,spatial4,0.030108565464615822,0.0019184728153049946,0.03674863278865814,14.347588139508531,0.04262889176607132,0.03086836449801922,0.0418296679854393,0.03123033046722412,0.04342813044786453,0.03050641156733036,0.03564478084445,,96,0.0,0.0,True,0.03980266479755509,0.008482428803342443,0.002183610166862387,0.002156313816971768,0.0021637815954622924,3.5131861394387e-05
7,dark_structures,stripes_12,spatial8,0.030108565464615822,0.0002183343458455056,0.05723191052675247,12.423617561468818,0.06426358968019485,0.050200238823890686,0.062362950295209885,0.050443343818187714,0.06616417318582535,0.04995715618133545,0.0371086560189724,,384,0.0,0.00010850694525288418,True,0.07959910426481526,0.017820723568794977,0.028981897340956922,0.02905160658207104,0.0290168712100614,0.0037036556665382744
7,high_key,clean,identity,0.06250376254320145,0.06250376254320145,0.0,,0.0,0.0,0.0,0.0,0.0,0.0,0.0,0.0,0,0.0,0.0,True,0.0,9.028655815484188e-17,9.028655815484188e-17,9.028655815484188e-17,9.028655815484188e-17,9.028655815484188e-17
7,high_key,clean,global,0.06250376254320145,2.571761115177651e-08,0.06288090348243713,12.014812269142901,0.0628882423043251,0.06287360191345215,0.06287483125925064,0.06288463622331619,0.0629015862941742,0.0628625750541687,0.06288090348243713,0.06288090348243713,6,0.0,0.0,True,0.0,0.0,0.0,0.0,0.0,0.0
7,high_key,clean,uniform96,0.06250376254320145,2.57178136564562e-08,0.06288090348243713,12.014812269142901,0.06288822740316391,0.06287357956171036,0.06287482380867004,0.062884621322155,0.0629015639424324,0.06286255270242691,0.06288090348243713,0.06288090348243713,96,0.0,0.0,True,0.0,0.0,0.0,0.0,0.0,0.0
7,high_key,clean,spatial1,0.06250376254320145,2.571761115177651e-08,0.06288090348243713,12.014812269142901,0.0628882423043251,0.06287360191345215,0.06287483125925064,0.06288463622331619,0.0629015862941742,0.0628625750541687,0.06288090348243713,0.06288090348243713,6,0.0,0.0,True,0.0,0.0,0.0,0.0,0.0,0.0
7,high_key,clean,spatial2,0.06250376254320145,2.4756737104780768e-08,0.06288094073534012,12.014809696227356,0.06289523094892502,0.06286665797233582,0.06287174671888351,0.06288609653711319,0.06291873008012772,0.06284716725349426,0.06288094073534012,0.06288094073534012,24,0.0,0.0,True,2.9472811172452223e-08,6.780539133509969e-08,5.058446215153223e-09,4.511385038898471e-09,2.8222322372620964e-09,2.525744591090932e-07
7,high_key,clean,spatial4,0.06250376254320145,2.1731358046395144e-08,0.06288095563650131,12.014808667061562,0.06289558112621307,0.06286630034446716,0.06286941468715668,0.06288786232471466,0.06292176991701126,0.06284478306770325,0.06288095563650131,0.06288095563650131,96,0.0,0.0,True,6.56939781925602e-08,1.6620202682596423e-07,2.172403405547455e-08,1.839442331877461e-08,1.7941344299893357e-08,6.529156921056376e-07
7,high_key,clean,spatial8,0.06250376254320145,9.348223528604649e-09,0.0628810003399849,12.014805579565653,0.06289627403020859,0.06286574900150299,0.06286820024251938,0.06288925558328629,0.062924325466156,0.06284221261739731,0.0628810003399849,0.0628810003399849,384,0.0,0.0,True,1.4199385767687446e-07,3.4049192165551306e-07,8.097912916298733e-08,8.46708480943844e-08,9.006967947855765e-08,1.283618773672063e-06
7,high_key,homogeneous_dark,identity,0.026405204087495804,0.026405204087495804,0.1706489473581314,7.678963863069065,0.17066268622875214,0.1706351339817047,0.17063769698143005,0.17065612971782684,0.17068777978420258,0.17061419785022736,0.0,,0,0.0,0.0,True,0.0,9.028655815484188e-17,9.028655815484188e-17,9.028655815484188e-17,9.028655815484188e-17,9.028655815484188e-17
7,high_key,homogeneous_dark,global,0.026405200362205505,1.8109927779619284e-08,0.0630216896533966,12.005099572821482,0.06303027272224426,0.06301310658454895,0.063014455139637,0.06302598118782043,0.06304606050252914,0.06300028413534164,0.026404496282339096,,6,0.0,0.0,True,0.0,0.0,0.0,0.0,0.0,0.0
7,high_key,homogeneous_dark,uniform96,0.026405200362205505,1.8109842514490992e-08,0.0630216896533966,12.005099572821482,0.06303028017282486,0.06301310658454895,0.0630144476890564,0.06302596628665924,0.06304606795310974,0.06300027668476105,0.026404498144984245,,96,0.0,0.0,True,0.0,0.0,0.0,0.0,0.0,0.0
7,high_key,homogeneous_dark,spatial1,0.026405200362205505,1.8109927779619284e-08,0.0630216896533966,12.005099572821482,0.06303027272224426,0.06301310658454895,0.063014455139637,0.06302598118782043,0.06304606050252914,0.06300028413534164,0.026404496282339096,,6,0.0,0.0,True,0.0,0.0,0.0,0.0,0.0,0.0
7,high_key,homogeneous_dark,spatial2,0.026405200362205505,1.74265810670704e-08,0.0630216971039772,12.005099059387796,0.06303673982620239,0.06300663948059082,0.06301263719797134,0.0630267783999443,0.06306088715791702,0.06298648566007614,0.026404503732919693,,24,0.0,0.0,True,5.273455188147138e-09,5.56016228347443e-10,2.718037702326454e-09,2.1369599793027363e-09,1.5363917453336929e-09,1.436216433279483e-07
7,high_key,homogeneous_dark,spatial4,0.026405200362205505,1.531162752144155e-08,0.0630217045545578,12.00509854595417,0.06303718686103821,0.06300622969865799,0.06301091611385345,0.06302814185619354,0.06306348741054535,0.06298427283763885,0.02640450745820999,,96,0.0,0.0,True,1.2073959750403572e-08,1.7898541653654418e-09,1.7429661726154115e-08,1.5074384706451815e-08,1.655884285250647e-08,3.5888498578227196e-07
7,high_key,homogeneous_dark,spatial8,0.026405200362205505,6.5277796501561625e-09,0.06302173435688019,12.005096492220272,0.06303786486387253,0.06300561875104904,0.06300997734069824,0.0630292296409607,0.06306570768356323,0.0629819929599762,0.026404526084661484,,384,0.0,0.0,True,3.653950970325806e-08,4.926508623106185e-09,8.391842455161176e-08,9.129053369671101e-08,9.159990536292359e-08,7.155782569316672e-07
7,high_key,homogeneous_bright,identity,0.25,0.25,0.06411406397819519,11.930466937547648,0.0640987977385521,0.06412932276725769,0.06412441283464432,0.06410451233386993,0.06407323479652405,0.06415414065122604,0.0,,0,1.0,1.0,True,0.0,9.028655815484188e-17,9.028655815484188e-17,9.028655815484188e-17,9.028655815484188e-17,9.028655815484188e-17
7,high_key,homogeneous_bright,global,0.24999995529651642,1.8417267710901797e-11,0.0641237422823906,11.929811400115,0.06413888931274414,0.06410861760377884,0.06411032378673553,0.06413082778453827,0.06416745483875275,0.06408637017011642,0.25000473856925964,,6,1.0,0.0,True,0.0,0.0,0.0,0.0,0.0,0.0
7,high_key,homogeneous_bright,uniform96,0.24999995529651642,1.8417267710901797e-11,0.0641237199306488,11.929812913944273,0.06413887441158295,0.06410861015319824,0.06411030888557434,0.06413081288337708,0.06416744738817215,0.06408637017011642,0.25000473856925964,,96,1.0,0.0,True,0.0,0.0,0.0,0.0,0.0,0.0
7,high_key,homogeneous_bright,spatial1,0.24999995529651642,1.8417267710901797e-11,0.0641237422823906,11.929811400115,0.06413888931274414,0.06410861760377884,0.06411032378673553,0.06413082778453827,0.06416745483875275,0.06408637017011642,0.25000473856925964,,6,1.0,0.0,True,0.0,0.0,0.0,0.0,0.0,0.0
7,high_key,homogeneous_bright,spatial2,0.24999995529651642,1.8417267710901797e-11,0.06412377208471298,11.92980938167679,0.06413891911506653,0.06410862505435944,0.06411033868789673,0.06413083523511887,0.06416748464107513,0.06408640742301941,0.25000476837158203,,24,1.0,0.0,True,3.747002710689009e-15,5.699144810958096e-15,6.661338306154356e-16,6.661338306154356e-16,6.661338306154356e-16,6.661337936477009e-16
7,high_key,homogeneous_bright,spatial4,0.24999995529651642,2.030610922465481e-11,0.06412376463413239,11.929809886286256,0.06413892656564713,0.06410861760377884,0.06411034613847733,0.06413082778453827,0.06416748464107513,0.06408637762069702,0.25000476837158203,,96,1.0,0.0,True,7.251144098874442e-15,4.297488309232106e-15,5.412337303259675e-16,5.412337303259675e-16,5.412337303259675e-16,0.0
7,high_key,homogeneous_bright,spatial8,0.24999995529651642,1.7849546493642343e-11,0.06412364542484283,11.929817960045659,0.06413878500461578,0.06410849839448929,0.06411019712686539,0.06413072347640991,0.06416735053062439,0.06408627331256866,0.25000447034835815,,384,1.0,0.0,True,9.182469626412416e-15,1.923519193317224e-15,3.295974578043089e-16,3.295974578043089e-16,3.295974578043089e-16,3.460773317563456e-16
7,high_key,left_right,identity,0.13820035755634308,0.13820035755634308,0.1173960268497467,9.303466010988783,0.17066268622875214,0.06412932276725769,0.17063769698143005,0.06410451233386993,0.17068777978420258,0.06415414065122604,0.0,,0,0.5,0.5,True,0.0,9.028655815484188e-17,9.028655815484188e-17,9.028655815484188e-17,9.028655815484188e-17,9.028655815484188e-17
7,high_key,left_right,global,0.13820035755634308,0.00530607346445322,0.07877597957849503,11.03606187672974,0.11643115431070328,0.04112080857157707,0.116397924721241,0.041138213127851486,0.11646437644958496,0.04110341891646385,0.10345606505870819,,6,0.5,0.0,True,0.0,0.0,0.0,0.0,0.0,0.0
7,high_key,left_right,uniform96,0.13820035755634308,0.005306085105985403,0.07877598702907562,11.03606146597688,0.11643119901418686,0.04112078621983528,0.11639796197414398,0.04113820567727089,0.11646442860364914,0.04110340401530266,0.103456050157547,,96,0.5,0.0,True,0.0,0.0,0.0,0.0,0.0,0.0
7,high_key,left_right,spatial1,0.13820035755634308,0.00530607346445322,0.07877597957849503,11.03606187672974,0.11643115431070328,0.04112080857157707,0.116397924721241,0.041138213127851486,0.11646437644958496,0.04110341891646385,0.10345606505870819,,6,0.5,0.0,True,0.0,0.0,0.0,0.0,0.0,0.0
7,high_key,left_right,spatial2,0.13820035755634308,0.0014621219597756863,0.06672278046607971,11.75725864110202,0.07474435120820999,0.05870117247104645,0.07471586763858795,0.05872093886137009,0.07477283477783203,0.05868146941065788,0.12960630655288696,,24,0.5,0.0,True,0.17176020649983126,0.0003257513080240758,0.0070139031589295615,0.00701592034706281,0.00701889030598317,0.0007436339044346739
7,high_key,left_right,spatial4,0.13820035755634308,0.0006781431729905307,0.06494680047035217,11.874422390835965,0.06833429634571075,0.06155930459499359,0.0683073028922081,0.061579663306474686,0.0683613047003746,0.061538927257061005,0.13423269987106323,,96,0.5,0.0,True,0.21220588290185174,0.015525048534522023,0.01695570531631725,0.016958436382884592,0.016968528052549992,0.002603790385564493
7,high_key,left_right,spatial8,0.13820035755634308,0.0001405910588800907,0.06415709853172302,11.927552850006254,0.06425684690475464,0.06405732780694962,0.06422832608222961,0.06408082693815231,0.06428539752960205,0.06403382122516632,0.13814677298069,,384,0.5,0.0,True,0.21791385473796435,0.007563943697558983,0.023829686504790944,0.02383728295861502,0.023845384121101574,0.0010467246507451877
7,high_key,quadrants,identity,0.13820630311965942,0.13820630311965942,0.11735741049051285,9.304894818342383,0.11735545098781586,0.11735934764146805,0.17063769698143005,0.06410451233386993,0.06407323479652405,0.17061419785022736,0.0,,0,0.5,0.5,True,0.0,9.028655815484188e-17,9.028655815484188e-17,9.028655815484188e-17,9.028655815484188e-17,9.028655815484188e-17
7,high_key,quadrants,global,0.13820627331733704,0.005306935403496027,0.0787670910358429,11.036551932562094,0.07878190279006958,0.07875232398509979,0.11639665067195892,0.041137441992759705,0.04116709530353546,0.11636720597743988,0.1034572422504425,,6,0.5,0.0,True,0.0,0.0,0.0,0.0,0.0,0.0
7,high_key,quadrants,uniform96,0.13820627331733704,0.005306941457092762,0.07876709848642349,11.036551521762883,0.07878191769123077,0.07875233143568039,0.1163967028260231,0.041137419641017914,0.04116707295179367,0.11636725068092346,0.10345720499753952,,96,0.5,0.0,True,0.0,0.0,0.0,0.0,0.0,0.0
7,high_key,quadrants,spatial1,0.13820627331733704,0.005306935403496027,0.0787670910358429,11.036551932562094,0.07878190279006958,0.07875232398509979,0.11639665067195892,0.041137441992759705,0.04116709530353546,0.11636720597743988,0.1034572422504425,,6,0.5,0.0,True,0.0,0.0,0.0,0.0,0.0,0.0
7,high_key,quadrants,spatial2,0.13820627331733704,0.0020912708714604378,0.06884057819843292,11.621554906493245,0.068830206990242,0.06885091960430145,0.08122902363538742,0.056079965084791183,0.05643140524625778,0.08162190765142441,0.12509800493717194,,24,0.5,0.0,True,0.13403211312408672,7.43013427089796e-06,0.00757488193655335,0.007575395413260005,0.0075790044429752184,0.00026754879525803796
7,high_key,quadrants,spatial4,0.13820627331733704,0.001034009619615972,0.06617269665002823,11.793211667563806,0.06615222990512848,0.06619313359260559,0.07164690643548965,0.06030675396323204,0.06065762788057327,0.07207954674959183,0.13190191984176636,,96,0.5,0.0,True,0.19000100751942203,0.010216575613610874,0.014493561860120687,0.014491678609114123,0.014502496466258027,0.001752492902912368
7,high_key,quadrants,spatial8,0.13820627331733704,0.00014306242519523948,0.0657740980386734,11.819450986890526,0.06577802449464798,0.06577016413211823,0.06541300565004349,0.06532075256109238,0.06614307314157486,0.06621956825256348,0.13934069871902466,,384,0.5,0.0,True,0.2116789173410223,0.011305682878587466,0.0224380560679764,0.022431168338454485,0.02244819462143217,0.0011797047164448379
7,high_key,smooth_gradient,identity,0.10051414370536804,0.10051414370536804,0.04787910729646683,13.198539555887827,0.05865469202399254,0.037103526294231415,0.05864051356911659,0.03708843141794205,0.058668870478868484,0.03711862489581108,0.0,,0,0.1952039897441864,0.1952039897441864,True,0.0,9.028655815484188e-17,9.028655815484188e-17,9.028655815484188e-17,9.028655815484188e-17,9.028655815484188e-17
7,high_key,smooth_gradient,global,0.10051415115594864,0.002238342771306634,0.06975419074296951,11.564296954110171,0.09101602435112,0.04849237576127052,0.09098557382822037,0.048510365188121796,0.09104646742343903,0.04847437143325806,0.0863913968205452,,6,0.1952039897441864,0.0,True,0.0,0.0,0.0,0.0,0.0,0.0
7,high_key,smooth_gradient,uniform96,0.10051415115594864,0.0022383551113307476,0.0697542130947113,11.56429556247528,0.09101606905460358,0.04849235713481903,0.09098561853170395,0.0485103502869606,0.0910465195775032,0.04847435653209686,0.08639136701822281,,96,0.1952039897441864,0.0,True,0.0,0.0,0.0,0.0,0.0,0.0
7,high_key,smooth_gradient,spatial1,0.10051415115594864,0.002238342771306634,0.06975419074296951,11.564296954110171,0.09101602435112,0.04849237576127052,0.09098557382822037,0.048510365188121796,0.09104646742343903,0.04847437143325806,0.0863913968205452,,6,0.1952039897441864,0.0,True,0.0,0.0,0.0,0.0,0.0,0.0
7,high_key,smooth_gradient,spatial2,0.10051415115594864,0.00023912421602290124,0.06415770202875137,11.92751199806585,0.06404704600572586,0.06426838040351868,0.06402040272951126,0.06428825110197067,0.06407365202903748,0.06424852460622787,0.09970084577798843,,24,0.1952039897441864,0.0,True,0.008983964092910957,0.04358445742209649,0.0022915761500378056,0.002282021876300141,0.002282068687465553,0.004471425050024326
7,high_key,smooth_gradient,spatial4,0.10051415115594864,4.0235445339931175e-05,0.0634094774723053,11.97845825614954,0.0633910596370697,0.06342790275812149,0.06336404383182526,0.0634501501917839,0.06341806799173355,0.0634056031703949,0.10055428743362427,,96,0.1952039897441864,0.0,True,0.03503753418684507,0.020985580370029386,0.005274134365953823,0.005263150700956118,0.0052646429451991645,0.005030051548223927
7,high_key,smooth_gradient,spatial8,0.10051415115594864,9.067193218470493e-07,0.06319955736398697,11.99285963411462,0.06306484341621399,0.06333427131175995,0.06303688883781433,0.06335792690515518,0.06309285014867783,0.06331059336662292,0.10074076056480408,,384,0.1952039897441864,0.0,True,0.09545027821842304,0.003732085207496735,0.008749679319181596,0.008735373446726435,0.00874058339043762,0.0008576693731155446
7,high_key,stripes_4,identity,0.10240495204925537,0.10240495204925537,0.1221826896071434,9.129903189757863,0.12218014150857925,0.12218526005744934,0.12216401100158691,0.12217529863119125,0.12219627946615219,0.12219516187906265,0.0,,0,0.5,0.5,True,0.0,9.028655815484188e-17,9.028655815484188e-17,9.028655815484188e-17,9.028655815484188e-17,9.028655815484188e-17
7,high_key,stripes_4,global,0.10240492969751358,0.003613967914134264,0.07706969231367111,11.131163748500047,0.07708395272493362,0.0770554468035698,0.07705310732126236,0.07707535475492477,0.07711482048034668,0.07703550159931183,0.10034134984016418,,6,0.5,0.0,True,0.0,0.0,0.0,0.0,0.0,0.0
7,high_key,stripes_4,uniform96,0.10240492969751358,0.0036139748990535736,0.0770697295665741,11.131161649266765,0.07708396762609482,0.07705546170473099,0.07705312967300415,0.07707539945840836,0.07711484283208847,0.07703552395105362,0.10034133493900299,,96,0.5,0.0,True,0.0,0.0,0.0,0.0,0.0,0.0
7,high_key,stripes_4,spatial1,0.10240492969751358,0.003613967914134264,0.07706969231367111,11.131163748500047,0.07708395272493362,0.0770554468035698,0.07705310732126236,0.07707535475492477,0.07711482048034668,0.07703550159931183,0.10034134984016418,,6,0.5,0.0,True,0.0,0.0,0.0,0.0,0.0,0.0
7,high_key,stripes_4,spatial2,0.10240492969751358,0.0035509997978806496,0.07685824483633041,11.143095374699016,0.07282767444849014,0.0808887779712677,0.07279381901025772,0.08090729266405106,0.07286160439252853,0.08087023347616196,0.10083869099617004,,24,0.5,0.0,True,0.002063719769912419,2.442904461083013e-06,0.00020698223854387018,0.00020700742429896843,0.00020714731287207173,3.405940273074766e-05
7,high_key,stripes_4,spatial4,0.10240492969751358,0.003508193651214242,0.07671496272087097,11.151199216657481,0.07321193069219589,0.08021798729896545,0.0731784775853157,0.08023755252361298,0.07324539124965668,0.08019845187664032,0.10120495408773422,,96,0.5,0.0,True,0.004224458061198172,6.646507481928172e-06,0.0003327631258044979,0.00033263392128952306,0.00033289721873970383,7.199742959829325e-05
7,high_key,stripes_4,spatial8,0.10240492969751358,0.00014641336747445166,0.07214364409446716,11.41801924532934,0.07231365144252777,0.07197369635105133,0.07229148596525192,0.07199034094810486,0.07233582437038422,0.07195696979761124,0.12497708201408386,,384,0.5,0.0,True,0.10859278227370522,0.02732052810575643,0.01875412149945632,0.018758922883971227,0.018776958261274342,0.0007148166089447171
7,high_key,stripes_12,identity,0.03081464022397995,0.03081464022397995,0.1317705661058426,8.801815882654441,0.13177967071533203,0.13176147639751434,0.13178037106990814,0.13174837827682495,0.1317790001630783,0.13177460432052612,0.0,,0,0.5,0.5,True,0.0,9.028655815484188e-17,9.028655815484188e-17,9.028655815484188e-17,9.028655815484188e-17,9.028655815484188e-17
7,high_key,stripes_12,global,0.030814630910754204,3.097939016427631e-09,0.1081998199224472,9.657734620275324,0.10821723192930222,0.10818242281675339,0.10819482803344727,0.10819390416145325,0.10823962837457657,0.10817092657089233,0.05103687569499016,,6,0.5,0.0,True,0.0,0.0,0.0,0.0,0.0,0.0
7,high_key,stripes_12,uniform96,0.030814630910754204,3.09820902266722e-09,0.1082000583410263,9.657725050595884,0.10821747779846191,0.10818265378475189,0.10819502919912338,0.10819413512945175,0.10823988914489746,0.10817114263772964,0.051036715507507324,,96,0.5,0.0,True,0.0,0.0,0.0,0.0,0.0,0.0
7,high_key,stripes_12,spatial1,0.030814630910754204,3.097939016427631e-09,0.1081998199224472,9.657734620275324,0.10821723192930222,0.10818242281675339,0.10819482803344727,0.10819390416145325,0.10823962837457657,0.10817092657089233,0.05103687569499016,,6,0.5,0.0,True,0.0,0.0,0.0,0.0,0.0,0.0
7,high_key,stripes_12,spatial2,0.030814630910754204,7.3555463941943344e-09,0.1081651970744133,9.659124541084697,0.1076727956533432,0.10865763574838638,0.10765326023101807,0.10867287218570709,0.10769235342741013,0.10864236950874329,0.05106369033455849,,24,0.5,0.0,True,1.4354258532154027e-06,8.81874704718652e-06,1.853611562342985e-07,1.820264181282995e-07,1.8406255246117036e-07,5.156432629678263e-05
7,high_key,stripes_12,spatial4,0.030814630910754204,8.27132584646506e-09,0.10813318192958832,9.66041017261836,0.10737266391515732,0.10889366269111633,0.10735487192869186,0.10890914499759674,0.10739050060510635,0.10887817293405533,0.051091451197862625,,96,0.5,0.0,True,3.256158798816235e-06,2.0222514554703046e-05,4.0821593605178247e-07,4.0533265541904153e-07,4.1157206486882657e-07,0.0001367802873250625
7,high_key,stripes_12,spatial8,0.030814630910754204,1.065992805138194e-08,0.10808053612709045,9.662525096886581,0.10734645277261734,0.10881458967924118,0.10732763260602951,0.10883104801177979,0.10736532509326935,0.10879813879728317,0.051133912056684494,,384,0.5,0.0,True,8.59994795567493e-06,5.015422882312143e-05,1.0431353124914818e-06,1.0513275683515511e-06,1.0462010431172087e-06,0.00023842261281572347
11,midtone,clean,identity,3.2764074830993195e-07,3.2764074830993195e-07,0.0,,0.0,0.0,0.0,0.0,0.0,0.0,0.0,0.0,0,0.0,0.0,True,0.0,9.028655815484188e-17,9.028655815484188e-17,9.028655815484188e-17,9.028655815484188e-17,9.028655815484188e-17
11,midtone,clean,global,3.276407767316414e-07,1.6238347200214776e-07,0.0005564322927966714,32.545876734743295,0.0005566197796724737,0.0005562443984672427,0.0005580606521107256,0.0005568850319832563,0.0005551793146878481,0.0005556041724048555,0.0005564322927966714,0.0005564322927966714,6,0.0,0.0,True,0.0,0.0,0.0,0.0,0.0,0.0
11,midtone,clean,uniform96,3.276407767316414e-07,1.635808075661771e-07,0.0005465864669531584,32.62341125296715,0.0005467707524076104,0.0005464018904604018,0.0005481859552673995,0.0005470305914059281,0.0005453553749248385,0.0005457734223455191,0.0005465864669531584,0.0005465864669531584,96,0.0,0.0,True,0.0,0.0,0.0,0.0,0.0,0.0
11,midtone,clean,spatial1,3.276407767316414e-07,1.6238347200214776e-07,0.0005564322927966714,32.545876734743295,0.0005566197796724737,0.0005562443984672427,0.0005580606521107256,0.0005568850319832563,0.0005551793146878481,0.0005556041724048555,0.0005564322927966714,0.0005564322927966714,6,0.0,0.0,True,0.0,0.0,0.0,0.0,0.0,0.0
11,midtone,clean,spatial2,3.276407767316414e-07,1.5636607031410676e-07,0.0005393835599534214,32.68102294683867,0.0005366404075175524,0.0005421267705969512,0.0004862506175413728,0.000515888852532953,0.0005870300228707492,0.0005683648050762713,0.0005393835599534214,0.0005393835599534214,24,0.0,0.0,True,3.506292544334716e-05,1.744260344981594e-07,1.5084237629025992e-05,1.7631063735441456e-05,1.7260954127016677e-05,0.00014995602462202978
11,midtone,clean,spatial4,3.276407767316414e-07,1.2876773780590156e-07,0.0005536895478144288,32.56733674735064,0.0005718223983421922,0.0005355564644560218,0.0006180586642585695,0.0005908695748075843,0.0005255863070487976,0.0004802434705197811,0.0005536895478144288,0.0005536895478144288,96,0.0,0.0,True,6.249038707632788e-05,1.182019833396208e-05,4.523537981332426e-05,5.2925024397194875e-05,5.154887254373855e-05,0.00033877656503946964
11,midtone,clean,spatial8,3.276407767316414e-07,4.1845385823080505e-08,0.0004786078061442822,33.200202222755706,0.00048161123413592577,0.0004756043490488082,0.00045161679736338556,0.0004950367147102952,0.0005116056418046355,0.00045617183786816895,0.0004786078061442822,0.0004786078061442822,384,0.0,0.0,True,7.555295563764046e-05,2.3754433612955512e-05,4.8482097087610284e-05,5.1163383215690996e-05,5.054702829447104e-05,0.0004161500193661468
11,midtone,homogeneous_dark,identity,0.07561609148979187,0.07561609148979187,0.0775909423828125,11.101889733649358,0.07758954167366028,0.0775923877954483,0.0775691568851471,0.07757708430290222,0.07760989665985107,0.0776076540350914,0.0,,0,0.0,0.0,True,0.0,9.028655815484188e-17,9.028655815484188e-17,9.028655815484188e-17,9.028655815484188e-17,9.028655815484188e-17
11,midtone,homogeneous_dark,global,0.07561608403921127,1.1029971602738442e-07,0.001133544952608645,29.455612525266346,0.0011338988551869988,0.0011331905843690038,0.0011368534760549664,0.0011343196965754032,0.0011309446999803185,0.0011320620542392135,0.07573128491640091,,6,0.0,0.0,True,0.0,0.0,0.0,0.0,0.0,0.0
11,midtone,homogeneous_dark,uniform96,0.07561608403921127,1.1029856494815249e-07,0.0011335433227941394,29.455618769570584,0.0011338975746184587,0.00113318907096982,0.0011368518462404609,0.0011343182995915413,0.0011309427209198475,0.0011320599587634206,0.0757312998175621,,96,0.0,0.0,True,0.0,0.0,0.0,0.0,0.0,0.0
11,midtone,homogeneous_dark,spatial1,0.07561608403921127,1.1029971602738442e-07,0.001133544952608645,29.455612525266346,0.0011338988551869988,0.0011331905843690038,0.0011368534760549664,0.0011343196965754032,0.0011309446999803185,0.0011320620542392135,0.07573128491640091,,6,0.0,0.0,True,0.0,0.0,0.0,0.0,0.0,0.0
11,midtone,homogeneous_dark,spatial2,0.07561608403921127,1.0382937887243315e-07,0.0011334887240082026,29.45582795895094,0.0011354006128385663,0.0011315763695165515,0.001138426479883492,0.0011328930268064141,0.0011323753278702497,0.0011302600614726543,0.0757313072681427,,24,0.0,0.0,True,1.4438237996292078e-08,4.911120269755066e-09,1.0790446088523561e-07,1.513560244748413e-08,6.825183187431159e-09,1.3387880202830885e-07
11,midtone,homogeneous_dark,spatial4,0.07561608403921127,8.821394459346266e-08,0.0011335588060319424,29.455559449042813,0.0011359765194356441,0.001131140859797597,0.0011392832966521382,0.0011326198000460863,0.001132669858634472,0.001129661686718464,0.07573132961988449,,96,0.0,0.0,True,4.8766258300243624e-08,1.0415348996056459e-08,2.794639506654758e-07,1.0681872347730902e-07,2.0724287866387005e-07,3.5266588483068134e-07
11,midtone,homogeneous_dark,spatial8,0.07561608403921127,3.839231155211564e-08,0.0011337350588291883,29.454884233371793,0.0011364106321707368,0.0011310596019029617,0.0011399389477446675,0.0011325833620503545,0.001132881734520197,0.0011295360745862126,0.07573142647743225,,384,0.0,0.0,True,1.986894472568508e-07,2.1919654973838186e-08,7.394078674238174e-07,8.044591808222849e-07,6.788979812391693e-07,7.006234756445131e-07
11,midtone,homogeneous_bright,identity,0.07549559324979782,0.07549559324979782,0.07738542556762695,11.11340824737821,0.07738436013460159,0.07738648355007172,0.07736587524414062,0.07736381888389587,0.07740285992622375,0.07740914076566696,0.0,,0,0.01654730923473835,0.01654730923473835,True,0.0,9.028655815484188e-17,9.028655815484188e-17,9.028655815484188e-17,9.028655815484188e-17,9.028655815484188e-17
11,midtone,homogeneous_bright,global,0.07549558579921722,1.8613845043091715e-07,0.0003328834427520633,34.77707805625071,0.0003330189501866698,0.0003327478189021349,0.00033375900238752365,0.000333511910866946,0.0003322789561934769,0.0003319837851449847,0.07931387424468994,,6,0.01654730923473835,0.0,True,0.0,0.0,0.0,0.0,0.0,0.0
11,midtone,homogeneous_bright,uniform96,0.07549558579921722,1.8613637564612873e-07,0.00033288111444562674,34.77710843247385,0.0003330166218802333,0.0003327456652186811,0.0003337565576657653,0.00033350958256050944,0.0003322766860947013,0.00033198157325387,0.07931387424468994,,96,0.01654730923473835,0.0,True,0.0,0.0,0.0,0.0,0.0,0.0
11,midtone,homogeneous_bright,spatial1,0.07549558579921722,1.8613845043091715e-07,0.0003328834427520633,34.77707805625071,0.0003330189501866698,0.0003327478189021349,0.00033375900238752365,0.000333511910866946,0.0003322789561934769,0.0003319837851449847,0.07931387424468994,,6,0.01654730923473835,0.0,True,0.0,0.0,0.0,0.0,0.0,0.0
11,midtone,homogeneous_bright,spatial2,0.07549558579921722,1.7531915830204525e-07,0.0003329378960188478,34.77636769291563,0.0003313329361844808,0.00033454279764555395,0.000331365765305236,0.0003345852892380208,0.0003313003107905388,0.0003345001896377653,0.07931403815746307,,24,0.01654730923473835,0.0,True,1.8497377208236558e-07,1.0051840589877839e-06,1.2308020164697205e-07,8.648074460123685e-09,2.0565894589018082e-08,1.763115853955552e-06
11,midtone,homogeneous_bright,spatial4,0.07549558579921722,1.5074473935783317e-07,0.0003330897307023406,34.77438756585485,0.0003306219005025923,0.0003355575609020889,0.0003303663106635213,0.00033519501448608935,0.0003308776067569852,0.00033591987448744476,0.0793144553899765,,96,0.01654730923473835,0.0,True,5.324349709800742e-07,2.27442792399778e-06,2.835687058730451e-07,8.684609099235154e-08,2.1969745526294316e-07,4.74571333617717e-06
11,midtone,homogeneous_bright,spatial8,0.07549558579921722,6.34974597346627e-08,0.00033342326059937477,34.77004105775035,0.00033069076016545296,0.0003361556737218052,0.00033047908800654113,0.0003357760142534971,0.00033090231590904295,0.0003365353331901133,0.07931526750326157,,384,0.01654730923473835,0.0,True,1.3389923328353839e-06,4.601410784233053e-06,6.967227524753998e-07,7.247912778484558e-07,6.524677610435318e-07,9.438812508771817e-06
11,midtone,left_right,identity,0.07555952668190002,0.07555952668190002,0.0774879977107048,11.107655611282748,0.07758954167366028,0.07738648355007172,0.0775691568851471,0.07736381888389587,0.07760989665985107,0.07740914076566696,0.0,,0,0.008517795242369175,0.008517795242369175,True,0.0,9.028655815484188e-17,9.028655815484188e-17,9.028655815484188e-17,9.028655815484188e-17,9.028655815484188e-17
11,midtone,left_right,global,0.07555953413248062,0.00624078419059515,0.009877247735857964,20.053640533523016,0.014176270924508572,0.0055782306008040905,0.014174239709973335,0.0055852108635008335,0.014178294688463211,0.005571241490542889,0.04529113322496414,,6,0.008517795242369175,0.0,True,0.0,0.0,0.0,0.0,0.0,0.0
11,midtone,left_right,uniform96,0.07555953413248062,0.0062407939694821835,0.00987725518643856,20.053637257565068,0.014176285825669765,0.005578230135142803,0.014174256473779678,0.0055852108635008335,0.01417831052094698,0.005571242421865463,0.04529111459851265,,96,0.008517795242369175,0.0,True,0.0,0.0,0.0,0.0,0.0,0.0
11,midtone,left_right,spatial1,0.07555953413248062,0.00624078419059515,0.009877247735857964,20.053640533523016,0.014176270924508572,0.0055782306008040905,0.014174239709973335,0.0055852108635008335,0.014178294688463211,0.005571241490542889,0.04529113322496414,,6,0.008517795242369175,0.0,True,0.0,0.0,0.0,0.0,0.0,0.0
11,midtone,left_right,spatial2,0.07555953413248062,0.0016287165926769376,0.004247311037033796,23.71885933800654,0.004166746977716684,0.004327874630689621,0.004167058039456606,0.004335131496191025,0.004166439641267061,0.004320614505559206,0.07279089093208313,,24,0.008517795242369175,0.0,True,0.2736992985724727,2.97289926884157e-06,0.011058851435953537,0.011127615763255994,0.011119864211782578,3.8626011236578616e-05
11,midtone,left_right,spatial4,0.07555953413248062,0.0007817294099368155,0.00245822686702013,26.09378039045842,0.0024292529560625553,0.0024872010108083487,0.0024304967373609543,0.0024926953483372927,0.0024280098732560873,0.0024817069061100483,0.07565253973007202,,96,0.008517795242369175,0.0,True,0.2696882376055183,0.014449389537040272,0.022963124638420804,0.023077835220591078,0.023071785161886283,0.003204328270621453
11,midtone,left_right,spatial8,0.07555953413248062,0.00018693010497372597,0.0015809800243005157,28.010736173485398,0.0015470297075808048,0.0016149302246049047,0.0015480932779610157,0.0016157942591235042,0.0015459653222933412,0.0016140672378242016,0.07784533500671387,,384,0.008517795242369175,0.0,True,0.25517214706494934,0.014403598088724831,0.027516896456409094,0.027726291004185725,0.027724807238779167,0.0011673359705955436
11,midtone,quadrants,identity,0.07556113600730896,0.07556113600730896,0.07748586684465408,11.107775040887242,0.07748601585626602,0.07748573273420334,0.0775691568851471,0.07736381888389587,0.07740285992622375,0.0776076540350914,0.0,,0,0.00884331576526165,0.00884331576526165,True,0.0,9.028655815484188e-17,9.028655815484188e-17,9.028655815484188e-17,9.028655815484188e-17,9.028655815484188e-17
11,midtone,quadrants,global,0.07556112855672836,0.00624094158411026,0.0098768575116992,20.05381211527451,0.00987110286951065,0.009882611222565174,0.014174308627843857,0.005585134495049715,0.0055678971111774445,0.014180083759129047,0.04528918117284775,,6,0.00884331576526165,0.0,True,0.0,0.0,0.0,0.0,0.0,0.0
11,midtone,quadrants,uniform96,0.07556112855672836,0.006240950897336006,0.009876863099634647,20.053809658208746,0.009871108457446098,0.009882617741823196,0.014174322597682476,0.005585135892033577,0.005567898973822594,0.014180097728967667,0.04528915882110596,,96,0.00884331576526165,0.0,True,0.0,0.0,0.0,0.0,0.0,0.0
11,midtone,quadrants,spatial1,0.07556112855672836,0.00624094158411026,0.0098768575116992,20.05381211527451,0.00987110286951065,0.009882611222565174,0.014174308627843857,0.005585134495049715,0.0055678971111774445,0.014180083759129047,0.04528918117284775,,6,0.00884331576526165,0.0,True,0.0,0.0,0.0,0.0,0.0,0.0
11,midtone,quadrants,spatial2,0.07556112855672836,0.0023521867115050554,0.0056991782039403915,22.441877631388248,0.005618777126073837,0.0057795788161456585,0.005568892229348421,0.0052625820972025394,0.005668663419783115,0.006296573672443628,0.0692143365740776,,24,0.00884331576526165,0.0,True,0.34011759510748013,1.904699430610873e-05,0.0036051473347358293,0.003613574388799638,0.003612957101400019,8.51739229977321e-06
11,midtone,quadrants,spatial4,0.07556112855672836,0.00114943936932832,0.004058354534208775,23.916500160693353,0.003968092147260904,0.004148618318140507,0.003510340116918087,0.00404578261077404,0.0044258409179747105,0.004251452628523111,0.0751950591802597,,96,0.00884331576526165,0.0,True,0.2945342164399737,0.00817610478589481,0.019280753240518665,0.019298370153599746,0.019308142446222396,0.0016697981901348908
11,midtone,quadrants,spatial8,0.07556112855672836,0.00017523775750305504,0.003879531053826213,24.112207674583807,0.0037485924549400806,0.004010467790067196,0.0030590493697673082,0.0036559945438057184,0.004438134841620922,0.004364944528788328,0.0798083245754242,,384,0.00884331576526165,0.0,True,0.2660471507281778,0.01580284955941411,0.028901721190811466,0.029021388158813378,0.029033000350247414,0.0011379729822500368
11,midtone,smooth_gradient,identity,0.025565480813384056,0.025565480813384056,0.02639022469520569,15.785569120356339,0.027153320610523224,0.025627121329307556,0.027152156457304955,0.02562895603477955,0.027154486626386642,0.025625301524996758,0.0,,0,0.00016276042151730508,0.00016276042151730508,True,0.0,9.028655815484188e-17,9.028655815484188e-17,9.028655815484188e-17,9.028655815484188e-17,9.028655815484188e-17
11,midtone,smooth_gradient,global,0.025565480813384056,0.002132475608959794,0.0058393776416778564,22.336334373376154,0.007065827026963234,0.004612927790731192,0.007072536274790764,0.0046166288666427135,0.007059117313474417,0.004609228111803532,0.016413822770118713,,6,0.00016276042151730508,0.0,True,0.0,0.0,0.0,0.0,0.0,0.0
11,midtone,smooth_gradient,uniform96,0.025565480813384056,0.0021324853878468275,0.005839381832629442,22.336331256423275,0.007065834477543831,0.004612927325069904,0.0070725432597100735,0.004616629797965288,0.007059124764055014,0.004609228577464819,0.016413794830441475,,96,0.00016276042151730508,0.0,True,0.0,0.0,0.0,0.0,0.0,0.0
11,midtone,smooth_gradient,spatial1,0.025565480813384056,0.002132475608959794,0.0058393776416778564,22.336334373376154,0.007065827026963234,0.004612927790731192,0.007072536274790764,0.0046166288666427135,0.007059117313474417,0.004609228111803532,0.016413822770118713,,6,0.00016276042151730508,0.0,True,0.0,0.0,0.0,0.0,0.0,0.0
11,midtone,smooth_gradient,spatial2,0.025565480813384056,0.00037100911140441895,0.002298761857673526,26.385060175324856,0.0030802912078797817,0.0015172335552051663,0.003087912453338504,0.0015183124924078584,0.003072667634114623,0.0015161547344177961,0.02591503970324993,,24,0.00016276042151730508,0.0,True,0.027101210566209025,0.015956889167454115,0.003805280606794076,0.0038541232882648127,0.00384073611627352,0.0004622821362974042
11,midtone,smooth_gradient,spatial4,0.025565480813384056,8.75426412676461e-05,0.001076416578143835,29.680196221857408,0.0014662514440715313,0.0006865818286314607,0.001469627139158547,0.0006874424871057272,0.0014628760982304811,0.0006857208209112287,0.02630564197897911,,96,0.00016276042151730508,0.0,True,0.06330984150744683,0.00948940992419982,0.007203833555211394,0.007257616966699375,0.0072410905244904115,0.0008240705518128877
11,midtone,smooth_gradient,spatial8,0.025565480813384056,4.339448878454277e-06,0.0007938538328744471,31.002594540209447,0.0010520945070311427,0.0005356131005100906,0.0010574645129963756,0.0005337376496754587,0.0010467241518199444,0.000537488900590688,0.026429811492562294,,384,0.00016276042151730508,0.0,True,0.07253876940877345,0.00585000515507532,0.008590935362238799,0.00864633952090639,0.00862965762544404,0.002224292896345066
11,midtone,stripes_4,identity,0.05073355883359909,0.05073355883359909,0.07752352207899094,11.105665044722173,0.07751821726560593,0.07752883434295654,0.07749810814857483,0.07751480489969254,0.07753831148147583,0.07754284143447876,0.0,,0,0.0055338540114462376,0.0055338540114462376,True,0.0,9.028655815484188e-17,9.028655815484188e-17,9.028655815484188e-17,9.028655815484188e-17,9.028655815484188e-17
11,midtone,stripes_4,global,0.05073355883359909,0.004388100001960993,0.012292047031223774,19.10375786736365,0.012296203523874283,0.012287888675928116,0.012310936115682125,0.012281302362680435,0.012281476520001888,0.012294474989175797,0.03754979744553566,,6,0.0055338540114462376,0.0,True,0.0,0.0,0.0,0.0,0.0,0.0
11,midtone,stripes_4,uniform96,0.05073355883359909,0.004388108849525452,0.012292061001062393,19.103752931635402,0.012296218425035477,0.012287907302379608,0.01231094729155302,0.01228131353855133,0.012281490489840508,0.012294486165046692,0.037549763917922974,,96,0.0055338540114462376,0.0,True,0.0,0.0,0.0,0.0,0.0,0.0
11,midtone,stripes_4,spatial1,0.05073355883359909,0.004388100001960993,0.012292047031223774,19.10375786736365,0.012296203523874283,0.012287888675928116,0.012310936115682125,0.012281302362680435,0.012281476520001888,0.012294474989175797,0.03754979744553566,,6,0.0055338540114462376,0.0,True,0.0,0.0,0.0,0.0,0.0,0.0
11,midtone,stripes_4,spatial2,0.05073355883359909,0.004299475345760584,0.012156297452747822,19.151986816994892,0.012291423976421356,0.012021164409816265,0.01230778731405735,0.012014292180538177,0.012275071814656258,0.012028036639094353,0.03806610032916069,,24,0.0055338540114462376,0.0,True,0.003442646142290652,1.9460185893210836e-06,0.00022062341084534316,0.00022542959284015625,0.00022525832658953763,7.804359870854819e-08
11,midtone,stripes_4,spatial4,0.05073355883359909,0.004230563994497061,0.012055586092174053,19.18811671191984,0.012092179618775845,0.012018993496894836,0.012108106166124344,0.012007804587483406,0.012076258659362793,0.012030180543661118,0.038492221385240555,,96,0.0055338540114462376,0.0,True,0.013676611164854774,3.011610067872978e-06,0.0001598264703370442,0.00016513065112966048,0.00016285631140769871,6.881802213766312e-07
11,midtone,stripes_4,spatial8,0.05073355883359909,7.897213072283193e-05,0.011599010787904263,19.355790476414892,0.011321756057441235,0.011876257136464119,0.011333155445754528,0.01188115868717432,0.011310368776321411,0.01187136396765709,0.0664251372218132,,384,0.0055338540114462376,0.0,True,0.20202628536009706,0.04204274040501916,0.031064891825899,0.031214472331641457,0.031170649150187735,0.000638134850440629
11,midtone,stripes_12,identity,0.0010984808905050159,0.0010984808905050159,0.0775909423828125,11.101889733649358,0.07758954167366028,0.0775923877954483,0.0775691568851471,0.07757708430290222,0.07760988175868988,0.0776076465845108,0.0,,0,0.0,0.0,True,0.0,9.028655815484188e-17,9.028655815484188e-17,9.028655815484188e-17,9.028655815484188e-17,9.028655815484188e-17
11,midtone,stripes_12,global,0.0010984810069203377,2.4684837285349204e-07,0.05050694942474365,12.966488616996774,0.050505515187978745,0.05050840228796005,0.05050284415483475,0.05049905925989151,0.050508175045251846,0.0505177266895771,0.003999428823590279,,6,0.0,0.0,True,0.0,0.0,0.0,0.0,0.0,0.0
11,midtone,stripes_12,uniform96,0.0010984810069203377,2.4687435029591143e-07,0.05051220580935478,12.966036659379796,0.05051075294613838,0.05051364004611969,0.05050809308886528,0.050504326820373535,0.05051343888044357,0.05052299052476883,0.0039981091395020485,,96,0.0,0.0,True,0.0,0.0,0.0,0.0,0.0,0.0
11,midtone,stripes_12,spatial1,0.0010984810069203377,2.4684837285349204e-07,0.05050694942474365,12.966488616996774,0.050505515187978745,0.05050840228796005,0.05050284415483475,0.05049905925989151,0.050508175045251846,0.0505177266895771,0.003999428823590279,,6,0.0,0.0,True,0.0,0.0,0.0,0.0,0.0,0.0
11,midtone,stripes_12,spatial2,0.0010984810069203377,2.39603082263784e-07,0.05136726796627045,12.89313532167925,0.051682546734809875,0.051051970571279526,0.05149172991514206,0.051151253283023834,0.051873400807380676,0.05095270276069641,0.0037894127890467644,,24,0.0,0.0,True,2.250682415657371e-08,1.1238156576629517e-07,1.1677089991261294e-07,2.478758041027614e-09,1.2452829286767955e-08,1.6190929339073032e-05
11,midtone,stripes_12,spatial4,0.0010984810069203377,2.0544753454032616e-07,0.052099209278821945,12.831688680334949,0.052935607731342316,0.051262810826301575,0.05273338034749031,0.05140817537903786,0.053137827664613724,0.0511174350976944,0.0036222366616129875,,96,0.0,0.0,True,7.754230501573124e-07,1.1787058671122802e-06,2.2872043912647311e-07,5.070876928822258e-07,3.8172088641844147e-07,8.595744687324673e-05
11,midtone,stripes_12,spatial8,0.0010984810069203377,6.23403693111868e-08,0.053536247462034225,12.713520732620143,0.054345857352018356,0.052726611495018005,0.05421523377299309,0.05271230265498161,0.054476503282785416,0.05274095758795738,0.0033199964091181755,,384,0.0,0.0,True,2.8897163082025886e-06,1.5906761070987614e-06,1.3101812438660728e-06,1.392259153755256e-06,1.4513254997882002e-06,0.00029826708668234436
11,dark_structures,clean,identity,0.024714207276701927,0.024714207276701927,0.0,,0.0,0.0,0.0,0.0,0.0,0.0,0.0,0.0,0,0.0,0.0,True,0.0,9.028655815484188e-17,9.028655815484188e-17,9.028655815484188e-17,9.028655815484188e-17,9.028655815484188e-17
11,dark_structures,clean,global,0.024714211001992226,0.0024335733614861965,0.017692632973194122,17.522075316668936,0.02205224335193634,0.013333018869161606,0.02115645632147789,0.012938604690134525,0.02294803224503994,0.013727433979511261,0.017692632973194122,0.017692632973194122,6,0.0,0.0,True,0.0,0.0,0.0,0.0,0.0,0.0
11,dark_structures,clean,uniform96,0.024714211001992226,0.0024335840716958046,0.017692605033516884,17.52208217492302,0.022052206099033356,0.013332999311387539,0.021156422793865204,0.012938590720295906,0.022947994992136955,0.013727415353059769,0.017692605033516884,0.017692605033516884,96,0.0,0.0,True,0.0,0.0,0.0,0.0,0.0,0.0
11,dark_structures,clean,spatial1,0.024714211001992226,0.0024335733614861965,0.017692632973194122,17.522075316668936,0.02205224335193634,0.013333018869161606,0.02115645632147789,0.012938604690134525,0.02294803224503994,0.013727433979511261,0.017692632973194122,0.017692632973194122,6,0.0,0.0,True,0.0,0.0,0.0,0.0,0.0,0.0
11,dark_structures,clean,spatial2,0.024714211001992226,0.00237228162586689,0.017934679985046387,17.463063681917177,0.02327796071767807,0.012591402046382427,0.022066308185458183,0.01219369936734438,0.024489615112543106,0.012989092618227005,0.017934679985046387,0.017934679985046387,24,0.0,0.0,True,0.003145034157934629,2.235599703323743e-07,0.00011997719482879483,0.00012383359907171512,0.00012330228560275333,3.011286093650366e-07
11,dark_structures,clean,spatial4,0.024714211001992226,0.0018475685501471162,0.020357077941298485,16.912845605712413,0.02752716839313507,0.013186980038881302,0.026437751948833466,0.012574691325426102,0.028616586700081825,0.013799270614981651,0.020357077941298485,0.020357077941298485,96,0.0,0.0,True,0.03055030054944755,0.01024753523307079,0.00193585819719661,0.0019199441198430088,0.0019186451860163038,1.605786652487789e-05
11,dark_structures,clean,spatial8,0.024714211001992226,0.00015146176156122237,0.026276851072907448,15.804266803450906,0.03444192185997963,0.018111789599061012,0.03284262493252754,0.017087461426854134,0.03604120761156082,0.019136102870106697,0.026276851072907448,0.026276851072907448,384,0.0,0.0,True,0.08451931185348222,0.016253306053667517,0.029561307330342734,0.029568708686013887,0.029544297781093302,0.015284668735896718
11,dark_structures,homogeneous_dark,identity,0.10357194393873215,0.10357194393873215,0.05833692103624344,12.340564962334197,0.05247936770319939,0.06419450044631958,0.053726088255643845,0.06489475071430206,0.05123263970017433,0.06349421292543411,0.0,,0,0.0,0.0,True,0.0,9.028655815484188e-17,9.028655815484188e-17,9.028655815484188e-17,9.028655815484188e-17,9.028655815484188e-17
11,dark_structures,homogeneous_dark,global,0.10357194393873215,0.0032989883329719305,0.015356451272964478,18.137091339550878,0.019079318270087242,0.011633584275841713,0.018313424661755562,0.011291947215795517,0.019845210015773773,0.011975224129855633,0.09335881471633911,,6,0.0,0.0,True,0.0,0.0,0.0,0.0,0.0,0.0
11,dark_structures,homogeneous_dark,uniform96,0.10357194393873215,0.003298994619399309,0.015356436371803284,18.137095553737545,0.01907929964363575,0.011633574031293392,0.01831340231001377,0.011291936971247196,0.019845185801386833,0.011975212953984737,0.09335879981517792,,96,0.0,0.0,True,0.0,0.0,0.0,0.0,0.0,0.0
11,dark_structures,homogeneous_dark,spatial1,0.10357194393873215,0.0032989883329719305,0.015356451272964478,18.137091339550878,0.019079318270087242,0.011633584275841713,0.018313424661755562,0.011291947215795517,0.019845210015773773,0.011975224129855633,0.09335881471633911,,6,0.0,0.0,True,0.0,0.0,0.0,0.0,0.0,0.0
11,dark_structures,homogeneous_dark,spatial2,0.10357194393873215,0.0032238669227808714,0.015602593310177326,18.06803211472672,0.020716995000839233,0.010488188825547695,0.019513234496116638,0.010107132606208324,0.021920759230852127,0.010869252495467663,0.09362498670816422,,24,0.0,0.0,True,0.0006006545926502486,0.0001822750392397903,8.659056301164239e-05,9.020533007372745e-05,8.95164474994105e-05,8.55205664921546e-06
11,dark_structures,homogeneous_dark,spatial4,0.10357194393873215,0.0024389198515564203,0.01833837479352951,17.366391555513367,0.025047745555639267,0.011629004962742329,0.02398393303155899,0.011087574064731598,0.02611156553030014,0.012170434929430485,0.09613149613142014,,96,0.0,0.0,True,0.007613596095835074,0.005119658382055316,0.0007361177855623155,0.0007213001890788609,0.0007312561866210021,0.0013571665210600067
11,dark_structures,homogeneous_dark,spatial8,0.10357194393873215,0.00029476682539097965,0.026303913444280624,15.799796332281348,0.03440653905272484,0.01820128597319126,0.032765135169029236,0.0172861497849226,0.036047957837581635,0.019116424024105072,0.10338327288627625,,384,0.0,0.0,True,0.057333300505915334,0.0036744545963898253,0.01942360660082672,0.019434952045603852,0.019408401662927635,0.0009383515543482129
11,dark_structures,homogeneous_bright,identity,0.05587628111243248,0.05587628111243248,0.058180298656225204,12.35224053724613,0.05233204737305641,0.06402856856584549,0.053575094789266586,0.06471088528633118,0.051089003682136536,0.06334620714187622,0.0,,0,0.0126953125,0.0126953125,True,0.0,9.028655815484188e-17,9.028655815484188e-17,9.028655815484188e-17,9.028655815484188e-17,9.028655815484188e-17
11,dark_structures,homogeneous_bright,global,0.05587627366185188,0.0026277233846485615,0.01715189218521118,17.656879619030782,0.021358028054237366,0.012945746071636677,0.020493602380156517,0.012564451433718204,0.02222246676683426,0.01332704909145832,0.056241169571876526,,6,0.0126953125,0.0,True,0.0,0.0,0.0,0.0,0.0,0.0
11,dark_structures,homogeneous_bright,uniform96,0.05587627366185188,0.0026277329307049513,0.01715186797082424,17.656885750238896,0.02135799638926983,0.012945730239152908,0.020493578165769577,0.012564430013298988,0.022222423925995827,0.013327033258974552,0.05624112859368324,,96,0.0126953125,0.0,True,0.0,0.0,0.0,0.0,0.0,0.0
11,dark_structures,homogeneous_bright,spatial1,0.05587627366185188,0.0026277233846485615,0.01715189218521118,17.656879619030782,0.021358028054237366,0.012945746071636677,0.020493602380156517,0.012564451433718204,0.02222246676683426,0.01332704909145832,0.056241169571876526,,6,0.0126953125,0.0,True,0.0,0.0,0.0,0.0,0.0,0.0
11,dark_structures,homogeneous_bright,spatial2,0.05587627366185188,0.0025715013034641743,0.017363406717777252,17.603650617873473,0.022849541157484055,0.011877277866005898,0.021590329706668854,0.011462521739304066,0.024108760058879852,0.012292031198740005,0.05642290785908699,,24,0.0126953125,0.0,True,0.0006134752247982188,0.00012335284430856614,0.00014906696269594954,0.00015143764544674844,0.0001508757584742256,7.117831069789872e-06
11,dark_structures,homogeneous_bright,spatial4,0.05587627366185188,0.0019734485540539026,0.01938244327902794,17.125914782802255,0.026614397764205933,0.012150491587817669,0.02536681480705738,0.011575967073440552,0.02786199003458023,0.012725013308227062,0.05829989165067673,,96,0.0126953125,0.0,True,0.01538806017750888,0.025995888255910732,0.0008635804638072207,0.0008560065837657167,0.000860272129846218,0.0025732854621532595
11,dark_structures,homogeneous_bright,spatial8,0.05587627366185188,0.0002130878419848159,0.025681426748633385,15.90380852416024,0.03376230597496033,0.017600541934370995,0.03202105686068535,0.01671171560883522,0.035503558814525604,0.01848936825990677,0.06381608545780182,,384,0.0126953125,0.0,True,0.06863891970206394,0.021771505204514235,0.016738992312518162,0.01683264948655237,0.01680997496220967,0.004052685728081097
11,dark_structures,left_right,identity,0.08598098903894424,0.08598098903894424,0.058253951370716095,12.346746110693864,0.05247936770319939,0.06402856856584549,0.053726088255643845,0.06471088528633118,0.05123263970017433,0.06334620714187622,0.0,,0,0.0071614584885537624,0.0071614584885537624,True,0.0,9.028655815484188e-17,9.028655815484188e-17,9.028655815484188e-17,9.028655815484188e-17,9.028655815484188e-17
11,dark_structures,left_right,global,0.08598098903894424,0.009223181754350662,0.01880057342350483,17.25828904413656,0.01812370866537094,0.019477443769574165,0.01782328262925148,0.018974395468831062,0.018424121662974358,0.019980497658252716,0.04657619446516037,,6,0.0071614584885537624,0.0,True,0.0,0.0,0.0,0.0,0.0,0.0
11,dark_structures,left_right,uniform96,0.08598098903894424,0.009223192930221558,0.01880056969821453,17.258289904681156,0.018123703077435493,0.019477440044283867,0.017823275178670883,0.01897439733147621,0.01842411607503891,0.019980495795607567,0.04657617583870888,,96,0.0071614584885537624,0.0,True,0.0,0.0,0.0,0.0,0.0,0.0
11,dark_structures,left_right,spatial1,0.08598098903894424,0.009223181754350662,0.01880057342350483,17.25828904413656,0.01812370866537094,0.019477443769574165,0.01782328262925148,0.018974395468831062,0.018424121662974358,0.019980497658252716,0.04657619446516037,,6,0.0071614584885537624,0.0,True,0.0,0.0,0.0,0.0,0.0,0.0
11,dark_structures,left_right,spatial2,0.08598098903894424,0.004244387149810791,0.017255820333957672,17.630643897168802,0.02081802673637867,0.01369361113756895,0.019762391224503517,0.013288299553096294,0.021873675286769867,0.014098923653364182,0.0743386447429657,,24,0.0071614584885537624,0.0,True,0.4221505462039133,7.401172316248062e-05,0.008992234172137986,0.009035810405414494,0.00903156856246509,3.086033624228951e-05
11,dark_structures,left_right,spatial4,0.08598098903894424,0.0025884294882416725,0.020264331251382828,16.93267723954191,0.027391351759433746,0.013137306086719036,0.02629854343831539,0.01266528945416212,0.028484169393777847,0.013609321787953377,0.08277224749326706,,96,0.0071614584885537624,0.0,True,0.5658180046187491,0.007569761985132817,0.021345574002420962,0.02141106532735386,0.021417275461302263,0.0009365503479656385
11,dark_structures,left_right,spatial8,0.08598098903894424,0.00024259110796265304,0.027374612167477608,15.626520250182187,0.03540900722146034,0.019340209662914276,0.03377346321940422,0.018410183489322662,0.03704455867409706,0.02027023769915104,0.09121891111135483,,384,0.0071614584885537624,0.0,True,0.36568438085636523,0.023196684259333137,0.055550602967710756,0.05577303673926606,0.055784317931816436,0.0014740487676514807
11,dark_structures,quadrants,identity,0.07937022298574448,0.07937022298574448,0.058255042880773544,12.346664737268929,0.05240755155682564,0.06410256028175354,0.053726088255643845,0.06471088528633118,0.051089003682136536,0.06349421292543411,0.0,,0,0.00689019076526165,0.00689019076526165,True,0.0,9.028655815484188e-17,9.028655815484188e-17,9.028655815484188e-17,9.028655815484188e-17,9.028655815484188e-17
11,dark_structures,quadrants,global,0.07937022298574448,0.008305382914841175,0.02140667289495468,16.694508271308454,0.025212369859218597,0.01760099269449711,0.01751626469194889,0.02075635828077793,0.032908469438552856,0.014445614069700241,0.043886929750442505,,6,0.00689019076526165,0.0,True,0.0,0.0,0.0,0.0,0.0,0.0
11,dark_structures,quadrants,uniform96,0.07937022298574448,0.008305392228066921,0.021406667307019234,16.69450940497825,0.025212358683347702,0.01760098896920681,0.017516260966658592,0.020756352692842484,0.03290845453739166,0.014445619657635689,0.043886907398700714,,96,0.00689019076526165,0.0,True,0.0,0.0,0.0,0.0,0.0,0.0
11,dark_structures,quadrants,spatial1,0.07937022298574448,0.008305382914841175,0.02140667289495468,16.694508271308454,0.025212369859218597,0.01760099269449711,0.01751626469194889,0.02075635828077793,0.032908469438552856,0.014445614069700241,0.043886929750442505,,6,0.00689019076526165,0.0,True,0.0,0.0,0.0,0.0,0.0,0.0
11,dark_structures,quadrants,spatial2,0.07937022298574448,0.004460335709154606,0.018968166783452034,17.21974640345007,0.023952551186084747,0.013983769342303276,0.017708145081996918,0.016952713951468468,0.030196964740753174,0.011014827527105808,0.06623823195695877,,24,0.00689019076526165,0.0,True,0.22016859432154678,9.102449559275774e-05,0.009209362282956657,0.009207093187072418,0.009208227742220578,8.060086020143173e-06
11,dark_structures,quadrants,spatial4,0.07937022298574448,0.002996566239744425,0.020495187491178513,16.883481043778875,0.026863835752010345,0.01412653736770153,0.025768086314201355,0.014767501503229141,0.02795957587659359,0.013485584408044815,0.07408555597066879,,96,0.00689019076526165,0.0,True,0.4359609687857095,0.006297329298886035,0.020808829684136526,0.02080450196704987,0.02082741127512983,0.0012411183631997
11,dark_structures,quadrants,spatial8,0.07937022298574448,0.00033336359774693847,0.028354035690426826,15.473851183109012,0.036283064633607864,0.020425010472536087,0.034662842750549316,0.019663281738758087,0.03790329396724701,0.02118672803044319,0.08507239818572998,,384,0.00689019076526165,0.00016276042151730508,True,0.33901687738347913,0.020351120020254018,0.04834937046448871,0.04843185501502992,0.048444062036849034,0.0022543319672448377
11,dark_structures,smooth_gradient,identity,0.04778851568698883,0.04778851568698883,0.02121058665215969,16.73447319400821,0.020693011581897736,0.021728159859776497,0.021016838029026985,0.021941496059298515,0.020369188860058784,0.021514832973480225,0.0,,0,0.00016276042151730508,0.00016276042151730508,True,0.0,9.028655815484188e-17,9.028655815484188e-17,9.028655815484188e-17,9.028655815484188e-17,9.028655815484188e-17
11,dark_structures,smooth_gradient,global,0.04778851568698883,0.0050039952620863914,0.018332464620471,17.367791444694877,0.01923886127769947,0.01742606796324253,0.018575333058834076,0.01695750653743744,0.019902391359210014,0.017894627526402473,0.026932809501886368,,6,0.00016276042151730508,0.0,True,0.0,0.0,0.0,0.0,0.0,0.0
11,dark_structures,smooth_gradient,uniform96,0.04778851568698883,0.005004005506634712,0.018332455307245255,17.367793650990464,0.019238844513893127,0.01742606796324253,0.018575318157672882,0.016957508400082588,0.01990237459540367,0.017894625663757324,0.02693278342485428,,96,0.00016276042151730508,0.0,True,0.0,0.0,0.0,0.0,0.0,0.0
11,dark_structures,smooth_gradient,spatial1,0.04778851568698883,0.0050039952620863914,0.018332464620471,17.367791444694877,0.01923886127769947,0.01742606796324253,0.018575333058834076,0.01695750653743744,0.019902391359210014,0.017894627526402473,0.026932809501886368,,6,0.00016276042151730508,0.0,True,0.0,0.0,0.0,0.0,0.0,0.0
11,dark_structures,smooth_gradient,spatial2,0.04778851568698883,0.002533162711188197,0.018146401271224022,17.41209489802203,0.024256043136119843,0.01203675102442503,0.02293466217815876,0.01166452281177044,0.025577427819371223,0.012408990412950516,0.0412551574409008,,24,0.00016276042151730508,0.0,True,0.22588639744920222,0.0002490876367275356,0.0032714227957245583,0.0032865223800928067,0.003281531269026364,2.8234119933990312e-05
11,dark_structures,smooth_gradient,spatial4,0.04778851568698883,0.0018726182170212269,0.01986929401755333,17.01817563676691,0.027135096490383148,0.01260349340736866,0.026018045842647552,0.012049483135342598,0.028252147138118744,0.013157512061297894,0.04354710876941681,,96,0.00016276042151730508,0.0,True,0.17017975085826173,0.01413853250792414,0.016606195704421598,0.016634083620850275,0.016616155757111055,0.0008986482381792803
11,dark_structures,smooth_gradient,spatial8,0.04778851568698883,0.00016360156587325037,0.026347331702709198,15.792633609245637,0.034742046147584915,0.01795261539518833,0.033098891377449036,0.0170403141528368,0.036385200917720795,0.018864912912249565,0.049860186874866486,,384,0.00016276042151730508,0.0,True,0.17517994340274723,0.019013780835100014,0.03835762198419912,0.038413863769533124,0.03838034177222109,0.003346131676156373
11,dark_structures,stripes_4,identity,0.06632232666015625,0.06632232666015625,0.05828474462032318,12.344451020881554,0.05242680385708809,0.06414271146059036,0.05367423593997955,0.06483830511569977,0.05117935687303543,0.06344707310199738,0.0,,0,0.00439453125,0.00439453125,True,0.0,9.028655815484188e-17,9.028655815484188e-17,9.028655815484188e-17,9.028655815484188e-17,9.028655815484188e-17
11,dark_structures,stripes_4,global,0.06632232666015625,0.006839968264102936,0.024272451177239418,16.148863638000805,0.0278935469686985,0.02065136283636093,0.02717660740017891,0.020353836938738823,0.028610480949282646,0.02094889245927334,0.040070537477731705,,6,0.00439453125,0.0,True,0.0,0.0,0.0,0.0,0.0,0.0
11,dark_structures,stripes_4,uniform96,0.06632232666015625,0.006839978042989969,0.02427244931459427,16.14886397127433,0.027893533930182457,0.02065136283636093,0.027176596224308014,0.020353833213448524,0.0286104753613472,0.02094888873398304,0.040070511400699615,,96,0.00439453125,0.0,True,0.0,0.0,0.0,0.0,0.0,0.0
11,dark_structures,stripes_4,spatial1,0.06632232666015625,0.006839968264102936,0.024272451177239418,16.148863638000805,0.0278935469686985,0.02065136283636093,0.02717660740017891,0.020353836938738823,0.028610480949282646,0.02094889245927334,0.040070537477731705,,6,0.00439453125,0.0,True,0.0,0.0,0.0,0.0,0.0,0.0
11,dark_structures,stripes_4,spatial2,0.06632232666015625,0.006285430863499641,0.02504156343638897,16.013385600223057,0.03198176249861717,0.018101362511515617,0.030672483146190643,0.01788347214460373,0.033291034400463104,0.01831926219165325,0.0432715080678463,,24,0.00439453125,0.0,True,0.05552872825165043,3.2073924007234427e-06,0.0006960206519673607,0.0007067216673449987,0.0007099013464045401,4.537934037382507e-07
11,dark_structures,stripes_4,spatial4,0.06632232666015625,0.005465155001729727,0.027340352535247803,15.63195889800175,0.033932365477085114,0.020748348906636238,0.03304667770862579,0.020302755758166313,0.034818027168512344,0.02119394950568676,0.04843692481517792,,96,0.00439453125,0.0,True,0.10065452365168415,0.000774584617699798,0.014966997627604867,0.015004153166085318,0.014998757172118689,4.075563121695288e-05
11,dark_structures,stripes_4,spatial8,0.06632232666015625,0.00033872161293402314,0.034481462091207504,14.624143273983393,0.042315468192100525,0.026647470891475677,0.040797457098960876,0.02591157704591751,0.043833449482917786,0.027383361011743546,0.07755103707313538,,384,0.00439453125,0.0,True,0.2590467156970389,0.04140793029002606,0.0529223045258542,0.05305721096877999,0.05296859689600311,0.000899411565799287
11,dark_structures,stripes_12,identity,0.03010755032300949,0.03010755032300949,0.05833692103624344,12.340564962334197,0.05247936025261879,0.06419450044631958,0.053726088255643845,0.06489474326372147,0.05123263970017433,0.06349420547485352,0.0,,0,0.0,0.0,True,0.0,9.028655815484188e-17,9.028655815484188e-17,9.028655815484188e-17,9.028655815484188e-17,9.028655815484188e-17
11,dark_structures,stripes_12,global,0.03010755218565464,0.002563749672845006,0.03113488107919693,15.067527887428763,0.034662459045648575,0.02760731242597103,0.03397750109434128,0.027322255074977875,0.03534741699695587,0.027892351150512695,0.034362129867076874,,6,0.0,0.0,True,0.0,0.0,0.0,0.0,0.0,0.0
11,dark_structures,stripes_12,uniform96,0.03010755218565464,0.002563758986070752,0.031134886667132378,15.06752710797844,0.034662459045648575,0.027607327327132225,0.03397750481963158,0.02732226997613907,0.03534740209579468,0.02789236791431904,0.0343620739877224,,96,0.0,0.0,True,0.0,0.0,0.0,0.0,0.0,0.0
11,dark_structures,stripes_12,spatial1,0.03010755218565464,0.002563749672845006,0.03113488107919693,15.067527887428763,0.034662459045648575,0.02760731242597103,0.03397750109434128,0.027322255074977875,0.03534741699695587,0.027892351150512695,0.034362129867076874,,6,0.0,0.0,True,0.0,0.0,0.0,0.0,0.0,0.0
11,dark_structures,stripes_12,spatial2,0.03010755218565464,0.0024907600600272417,0.03137524053454399,15.034129360312324,0.036547064781188965,0.026203416287899017,0.03540363535284996,0.025900112465023994,0.037690479308366776,0.026506727561354637,0.034846022725105286,,24,0.0,0.0,True,0.003244957214016788,1.5042619444108046e-06,0.00017167853701264397,0.0001759958253949174,0.00017615970551628312,8.885167491918353e-07
11,dark_structures,stripes_12,spatial4,0.03010755218565464,0.001918284804560244,0.03673757612705231,14.348895009799099,0.04262672737240791,0.030848409980535507,0.041833650320768356,0.031236780807375908,0.04341982305049896,0.030460063368082047,0.0356571227312088,,96,0.0,0.0,True,0.03975682602488583,0.008433027255812619,0.0021781413882016884,0.0021491573610953755,0.0021490537220065988,3.524384682713381e-05
11,dark_structures,stripes_12,spatial8,0.03010755218565464,0.00021847600874025375,0.05724059045314789,12.422958950167098,0.06432873755693436,0.05015243962407112,0.062416598200798035,0.05032159388065338,0.06624087691307068,0.04998329281806946,0.03711160272359848,,384,0.0,0.00010850694525288418,True,0.07972927654127883,0.017789362204334858,0.02901305460947905,0.029014739973213244,0.028995016769127604,0.0037866584323896454
11,high_key,clean,identity,0.06250915676355362,0.06250915676355362,0.0,,0.0,0.0,0.0,0.0,0.0,0.0,0.0,0.0,0,0.0,0.0,True,0.0,9.028655815484188e-17,9.028655815484188e-17,9.028655815484188e-17,9.028655815484188e-17,9.028655815484188e-17
11,high_key,clean,global,0.06250915676355362,2.185425174161537e-08,0.0628858357667923,12.014471628383268,0.06288512796163559,0.06288652122020721,0.06287595629692078,0.06287995725870132,0.062894307076931,0.0628931075334549,0.0628858357667923,0.0628858357667923,6,0.0,0.0,True,0.0,0.0,0.0,0.0,0.0,0.0
11,high_key,clean,uniform96,0.06250915676355362,2.1855219856092845e-08,0.0628858432173729,12.014471113840397,0.06288512796163559,0.062886543571949,0.06287595629692078,0.06287996470928192,0.0628943219780922,0.06289311498403549,0.0628858432173729,0.0628858432173729,96,0.0,0.0,True,0.0,0.0,0.0,0.0,0.0,0.0
11,high_key,clean,spatial1,0.06250915676355362,2.185425174161537e-08,0.0628858357667923,12.014471628383268,0.06288512796163559,0.06288652122020721,0.06287595629692078,0.06287995725870132,0.062894307076931,0.0628931075334549,0.0628858357667923,0.0628858357667923,6,0.0,0.0,True,0.0,0.0,0.0,0.0,0.0,0.0
11,high_key,clean,spatial2,0.06250915676355362,2.0592114680084705e-08,0.0628858432173729,12.014471113840397,0.06288422644138336,0.06288745999336243,0.06286271661520004,0.06287238001823425,0.06290572136640549,0.0629025548696518,0.0628858432173729,0.0628858432173729,24,0.0,0.0,True,1.5025531068765828e-08,7.561551997518805e-08,1.4163609093419995e-08,9.271219972573312e-10,1.885205158682616e-09,2.409462752997826e-07
11,high_key,clean,spatial4,0.06250915676355362,1.7480205727338216e-08,0.06288586556911469,12.01446957021215,0.06288322806358337,0.062888503074646,0.06286028772592545,0.06287464499473572,0.0629061833024025,0.06290236115455627,0.06288586556911469,0.06288586556911469,96,0.0,0.0,True,4.5313675792533647e-08,1.6910601471544779e-07,3.5681684475077923e-08,1.0389231681010465e-08,2.4233675654101645e-08,6.455582096292228e-07
11,high_key,clean,spatial8,0.06250915676355362,7.660149847765751e-09,0.06288591772317886,12.014465968415038,0.06288411468267441,0.0628877505660057,0.06286369264125824,0.06287381798028946,0.06290452182292938,0.06290166079998016,0.06288591772317886,0.06288591772317886,384,0.0,0.0,True,1.174715280902783e-07,3.3534351694521035e-07,8.234604137448002e-08,8.002670138712949e-08,7.407209239174846e-08,1.2869115377615344e-06
11,high_key,homogeneous_dark,identity,0.02640361711382866,0.02640361711382866,0.17065323889255524,7.678854646674073,0.17065182328224182,0.17065459489822388,0.17063401639461517,0.17064201831817627,0.17066961526870728,0.17066729068756104,0.0,,0,0.0,0.0,True,0.0,9.028655815484188e-17,9.028655815484188e-17,9.028655815484188e-17,9.028655815484188e-17,9.028655815484188e-17
11,high_key,homogeneous_dark,global,0.02640361525118351,1.5397299435448986e-08,0.06302642822265625,12.00477304125287,0.06302563101053238,0.06302723288536072,0.06301519274711609,0.06301964074373245,0.06303609162569046,0.06303480267524719,0.026402920484542847,,6,0.0,0.0,True,0.0,0.0,0.0,0.0,0.0,0.0
11,high_key,homogeneous_dark,uniform96,0.02640361525118351,1.539618565971068e-08,0.06302642077207565,12.004773554648015,0.06302561610937119,0.06302721798419952,0.0630151778459549,0.06301961839199066,0.06303608417510986,0.0630347952246666,0.026402927935123444,,96,0.0,0.0,True,0.0,0.0,0.0,0.0,0.0,0.0
11,high_key,homogeneous_dark,spatial1,0.02640361525118351,1.5397299435448986e-08,0.06302642822265625,12.00477304125287,0.06302563101053238,0.06302723288536072,0.06301519274711609,0.06301964074373245,0.06303609162569046,0.06303480267524719,0.026402920484542847,,6,0.0,0.0,True,0.0,0.0,0.0,0.0,0.0,0.0
11,high_key,homogeneous_dark,spatial2,0.02640361525118351,1.4502995249188189e-08,0.06302641332149506,12.00477406804322,0.06302544474601746,0.06302737444639206,0.0630047544836998,0.06301278620958328,0.0630461573600769,0.06304198503494263,0.026402920484542847,,24,0.0,0.0,True,1.8812007646350757e-09,1.065928736492115e-09,1.173769301177168e-08,1.890090935644073e-09,7.366211715852387e-10,1.32125974827787e-07
11,high_key,homogeneous_dark,spatial4,0.02640361525118351,1.2323926767976445e-08,0.06302642822265625,12.00477304125287,0.06302475929260254,0.06302808225154877,0.06300285458564758,0.06301458925008774,0.0630466639995575,0.06304161995649338,0.026402926072478294,,96,0.0,0.0,True,6.53316071439464e-09,2.5246678290561606e-09,3.098017376889926e-08,1.2074264652883286e-08,2.2698566739136912e-08,3.5428977926227043e-07
11,high_key,homogeneous_dark,spatial8,0.02640361525118351,5.4090483203594886e-09,0.06302645802497864,12.004770987672892,0.0630255714058876,0.06302733719348907,0.06300583481788635,0.06301376223564148,0.06304533779621124,0.06304088979959488,0.026402942836284637,,384,0.0,0.0,True,2.6368820345383585e-08,5.145607404610501e-09,8.071070155717515e-08,8.742476691613545e-08,7.475908117519759e-08,7.154056530389503e-07
11,high_key,homogeneous_bright,identity,0.25,0.25,0.06410659104585648,11.930973166950611,0.06410887092351913,0.06410432606935501,0.06413406133651733,0.06412073969841003,0.06408366560935974,0.06408791244029999,0.0,,0,1.0,1.0,True,0.0,9.028655815484188e-17,9.028655815484188e-17,9.028655815484188e-17,9.028655815484188e-17,9.028655815484188e-17
11,high_key,homogeneous_bright,global,0.24999995529651642,1.8417267710901797e-11,0.06412708759307861,11.929584836283205,0.06412593275308609,0.06412824988365173,0.06410908699035645,0.06411564350128174,0.06414274871349335,0.06414089351892471,0.25000473856925964,,6,1.0,0.0,True,0.0,0.0,0.0,0.0,0.0,0.0
11,high_key,homogeneous_bright,uniform96,0.24999995529651642,1.8417267710901797e-11,0.06412708014249802,11.929585340866577,0.0641259178519249,0.06412824988365173,0.06410906463861465,0.06411561369895935,0.06414273381233215,0.06414088606834412,0.25000473856925964,,96,1.0,0.0,True,0.0,0.0,0.0,0.0,0.0,0.0
11,high_key,homogeneous_bright,spatial1,0.24999995529651642,1.8417267710901797e-11,0.06412708759307861,11.929584836283205,0.06412593275308609,0.06412824988365173,0.06410908699035645,0.06411564350128174,0.06414274871349335,0.06414089351892471,0.25000473856925964,,6,1.0,0.0,True,0.0,0.0,0.0,0.0,0.0,0.0
11,high_key,homogeneous_bright,spatial2,0.24999995529651642,1.8417267710901797e-11,0.064127117395401,11.92958281795029,0.06412597000598907,0.06412827223539352,0.06410912424325943,0.06411565840244293,0.06414277851581573,0.0641409233212471,0.25000476837158203,,24,1.0,0.0,True,3.747002710689009e-15,5.699144810958096e-15,6.661338306154356e-16,6.661338306154356e-16,6.661338306154356e-16,6.661337936477009e-16
11,high_key,homogeneous_bright,spatial4,0.24999995529651642,2.030610922465481e-11,0.0641271099448204,11.92958332253343,0.06412597745656967,0.06412825733423233,0.06410913169384003,0.06411565095186234,0.06414278596639633,0.06414089351892471,0.25000476837158203,,96,1.0,0.0,True,7.251144098874442e-15,4.297488309232106e-15,5.412337303259675e-16,5.412337303259675e-16,5.412337303259675e-16,0.0
11,high_key,homogeneous_bright,spatial8,0.24999995529651642,1.7849546493642343e-11,0.06412699073553085,11.92959139587165,0.06412582844495773,0.06412816047668457,0.06410900503396988,0.06411553174257278,0.06414264440536499,0.06414079666137695,0.25000447034835815,,384,1.0,0.0,True,9.182469626412416e-15,1.923519193317224e-15,3.295974578043089e-16,3.295974578043089e-16,3.295974578043089e-16,3.460773317563456e-16
11,high_key,left_right,identity,0.13820205628871918,0.13820205628871918,0.11737807840108871,9.304130046080537,0.17065182328224182,0.06410432606935501,0.17063401639461517,0.06412073969841003,0.17066961526870728,0.06408791244029999,0.0,,0,0.5,0.5,True,0.0,9.028655815484188e-17,9.028655815484188e-17,9.028655815484188e-17,9.028655815484188e-17,9.028655815484188e-17
11,high_key,left_right,global,0.1382020264863968,0.005306317005306482,0.07877585291862488,11.036068859534296,0.11641600728034973,0.04113566875457764,0.11639448255300522,0.04112602025270462,0.11643756926059723,0.041145358234643936,0.10345633327960968,,6,0.5,0.0,True,0.0,0.0,0.0,0.0,0.0,0.0
11,high_key,left_right,uniform96,0.1382020264863968,0.005306327249854803,0.07877586781978607,11.036068038027294,0.11641604453325272,0.04113565757870674,0.11639450490474701,0.041126009076833725,0.1164376363158226,0.041145335882902145,0.10345630347728729,,96,0.5,0.0,True,0.0,0.0,0.0,0.0,0.0,0.0
11,high_key,left_right,spatial1,0.1382020264863968,0.005306317005306482,0.07877585291862488,11.036068859534296,0.11641600728034973,0.04113566875457764,0.11639448255300522,0.04112602025270462,0.11643756926059723,0.041145358234643936,0.10345633327960968,,6,0.5,0.0,True,0.0,0.0,0.0,0.0,0.0,0.0
11,high_key,left_right,spatial2,0.1382020264863968,0.0014622056623920798,0.06672583520412445,11.757059814629365,0.07473102957010269,0.058720655739307404,0.07470781356096268,0.05871059000492096,0.07475419342517853,0.05873073637485504,0.12960749864578247,,24,0.5,0.0,True,0.1717798004386273,0.00032562291195551725,0.00701559554369289,0.007017159217269305,0.007015457492337216,0.0007435854975720433
11,high_key,left_right,spatial4,0.1382020264863968,0.0006781716947443783,0.06495103240013123,11.874139414020897,0.06832179427146912,0.06158025562763214,0.06829950213432312,0.06156977638602257,0.06834413856267929,0.061590712517499924,0.1342342644929886,,96,0.5,0.0,True,0.21222188373318726,0.015524957106561245,0.016961069712324094,0.016963865823051507,0.016959140737258786,0.0026037481268260184
11,high_key,left_right,spatial8,0.1382020264863968,0.00014060272951610386,0.06416065245866776,11.927312282999791,0.06424417346715927,0.06407713145017624,0.0642237737774849,0.06406479328870773,0.06426455825567245,0.06408947706222534,0.13814838230609894,,384,0.5,0.0,True,0.21792245984583902,0.0075635455435563185,0.02383501052532039,0.02384151920095122,0.02383767135096093,0.0010463003737699154
11,high_key,quadrants,identity,0.13820227980613708,0.13820227980613708,0.1173764169216156,9.304191520632152,0.11735884100198746,0.11739397048950195,0.17063401639461517,0.06412073969841003,0.06408366560935974,0.17066729068756104,0.0,,0,0.5,0.5,True,0.0,9.028655815484188e-17,9.028655815484188e-17,9.028655815484188e-17,9.028655815484188e-17,9.028655815484188e-17
11,high_key,quadrants,global,0.1382022649049759,0.005306359846144915,0.07877545058727264,11.036091040282063,0.07877045124769211,0.078780397772789,0.11639440059661865,0.04112599790096283,0.04114653170108795,0.11643489450216293,0.10345640778541565,,6,0.5,0.0,True,0.0,0.0,0.0,0.0,0.0,0.0
11,high_key,quadrants,uniform96,0.1382022649049759,0.005306370556354523,0.07877548038959503,11.036089397259826,0.07877048850059509,0.07878042012453079,0.11639448255300522,0.04112599045038223,0.04114652797579765,0.11643494665622711,0.10345639288425446,,96,0.5,0.0,True,0.0,0.0,0.0,0.0,0.0,0.0
11,high_key,quadrants,spatial1,0.1382022649049759,0.005306359846144915,0.07877545058727264,11.036091040282063,0.07877045124769211,0.078780397772789,0.11639440059661865,0.04112599790096283,0.04114653170108795,0.11643489450216293,0.10345640778541565,,6,0.5,0.0,True,0.0,0.0,0.0,0.0,0.0,0.0
11,high_key,quadrants,spatial2,0.1382022649049759,0.0020911304745823145,0.06884700804948807,11.621149285491262,0.06881789118051529,0.06887615472078323,0.08122645318508148,0.05606992915272713,0.056409306824207306,0.08168231695890427,0.12509462237358093,,24,0.5,0.0,True,0.13399882020945283,7.4199581765675265e-06,0.007578126741082991,0.00757471978329061,0.007574078415697288,0.0002676485805435857
11,high_key,quadrants,spatial4,0.1382022649049759,0.0010339157888665795,0.06617962568998337,11.792756935260368,0.06613972783088684,0.0662195086479187,0.0716443583369255,0.06029977276921272,0.06063514202833176,0.07213924825191498,0.13189861178398132,,96,0.5,0.0,True,0.18996433801921145,0.010216950840442466,0.01450130795171319,0.01449020185980187,0.01449192430464944,0.0017525461897576128
11,high_key,quadrants,spatial8,0.1382022649049759,0.00014311143604572862,0.0657796710729599,11.819083025097282,0.06576547026634216,0.06579390168190002,0.06540989130735397,0.06530917435884476,0.06612101197242737,0.0662786066532135,0.1393359899520874,,384,0.5,0.0,True,0.21165051131542012,0.011306472276989657,0.022442915100643456,0.02243473227263677,0.022430785457805053,0.001179871845597076
11,high_key,smooth_gradient,identity,0.10053004324436188,0.10053004324436188,0.04787442088127136,13.198964664873294,0.05864909663796425,0.03709975257515907,0.058647532016038895,0.03709828481078148,0.05865063890814781,0.03710122033953667,0.0,,0,0.1955295205116272,0.1955295205116272,True,0.0,9.028655815484188e-17,9.028655815484188e-17,9.028655815484188e-17,9.028655815484188e-17,9.028655815484188e-17
11,high_key,smooth_gradient,global,0.10053003579378128,0.00223867897875607,0.06975607573986053,11.564179594467923,0.0910043716430664,0.04850779473781586,0.09098874777555466,0.04849845543503761,0.09102001786231995,0.048517126590013504,0.08640415221452713,,6,0.1955295205116272,0.0,True,0.0,0.0,0.0,0.0,0.0,0.0
11,high_key,smooth_gradient,uniform96,0.10053003579378128,0.002238685032352805,0.06975608319044113,11.56417913060211,0.09100441634654999,0.04850775748491287,0.09098878502845764,0.04849841818213463,0.09102005511522293,0.04851709306240082,0.08640412241220474,,96,0.1955295205116272,0.0,True,0.0,0.0,0.0,0.0,0.0,0.0
11,high_key,smooth_gradient,spatial1,0.10053003579378128,0.00223867897875607,0.06975607573986053,11.564179594467923,0.0910043716430664,0.04850779473781586,0.09098874777555466,0.04849845543503761,0.09102001786231995,0.048517126590013504,0.08640415221452713,,6,0.1955295205116272,0.0,True,0.0,0.0,0.0,0.0,0.0,0.0
11,high_key,smooth_gradient,spatial2,0.10053003579378128,0.0002389983565080911,0.06416135281324387,11.927264877236897,0.06403429806232452,0.06428844481706619,0.06401515007019043,0.06427603960037231,0.06405345350503922,0.0643007904291153,0.09971684962511063,,24,0.1955295205116272,0.0,True,0.008990138303632217,0.0435922146929009,0.00229026968148791,0.00228386246707461,0.0022835020219702045,0.004471734432839098
11,high_key,smooth_gradient,spatial4,0.10053003579378128,4.0312712371814996e-05,0.06341341882944107,11.978188319141989,0.06337714940309525,0.06344970315694809,0.06335572898387909,0.06343669444322586,0.06339852511882782,0.06346270442008972,0.10056952387094498,,96,0.1955295205116272,0.0,True,0.035038923186072886,0.02099210029598614,0.005273195269658704,0.005264839838873908,0.005264936796180854,0.0050327587384840925
11,high_key,smooth_gradient,spatial8,0.10053003579378128,9.062360959433136e-07,0.06320378184318542,11.992569346212893,0.06305195391178131,0.06335560232400894,0.06303122639656067,0.0633421391248703,0.06307271122932434,0.06336907297372818,0.10075628012418747,,384,0.1955295205116272,0.0,True,0.09554037485062865,0.0037598864320403046,0.008748566764337055,0.008737690971996687,0.008737861063774994,0.0008643026668958112
11,high_key,stripes_4,identity,0.10240544378757477,0.10240544378757477,0.12217092514038086,9.130321374117994,0.12217828631401062,0.1221635639667511,0.12219765782356262,0.12214766442775726,0.12215893715620041,0.12217947840690613,0.0,,0,0.5,0.5,True,0.0,9.028655815484188e-17,9.028655815484188e-17,9.028655815484188e-17,9.028655815484188e-17,9.028655815484188e-17
11,high_key,stripes_4,global,0.10240542143583298,0.003614046610891819,0.07707078754901886,11.131102031465254,0.07707108557224274,0.07707049697637558,0.07705775648355484,0.07705441117286682,0.07708441466093063,0.07708662003278732,0.10034143179655075,,6,0.5,0.0,True,0.0,0.0,0.0,0.0,0.0,0.0
11,high_key,stripes_4,uniform96,0.10240542143583298,0.0036140542943030596,0.07707080245018005,11.131101191783754,0.07707109302282333,0.07707050442695618,0.07705776393413544,0.07705441117286682,0.07708442211151123,0.07708663493394852,0.10034137219190598,,96,0.5,0.0,True,0.0,0.0,0.0,0.0,0.0,0.0
11,high_key,stripes_4,spatial1,0.10240542143583298,0.003614046610891819,0.07707078754901886,11.131102031465254,0.07707108557224274,0.07707049697637558,0.07705775648355484,0.07705441117286682,0.07708441466093063,0.07708662003278732,0.10034143179655075,,6,0.5,0.0,True,0.0,0.0,0.0,0.0,0.0,0.0
11,high_key,stripes_4,spatial2,0.10240542143583298,0.003551079658791423,0.07685986906290054,11.143003597273584,0.07281485944986343,0.08090484142303467,0.07279887795448303,0.08088531345129013,0.07283087074756622,0.08092442154884338,0.10083875060081482,,24,0.5,0.0,True,0.00206383547762005,2.442326954866617e-06,0.0002069313806364074,0.00020728087709702514,0.00020698327451192143,3.407441630315614e-05
11,high_key,stripes_4,spatial4,0.10240542143583298,0.0035082718823105097,0.07671626657247543,11.151125404362599,0.0731988251209259,0.08023371547460556,0.07318317145109177,0.08021504431962967,0.07321444153785706,0.08025240898132324,0.10120502859354019,,96,0.5,0.0,True,0.004224685042208818,6.650827285096891e-06,0.0003325535146246756,0.00033320995675548853,0.000332627008946186,7.202304915201388e-05
11,high_key,stripes_4,spatial8,0.10240542143583298,0.00014635823026765138,0.07214850932359695,11.417726375327055,0.07230494171380997,0.07199206948280334,0.07229410111904144,0.0719832107424736,0.0723157599568367,0.07200095057487488,0.12497816979885101,,384,0.5,0.0,True,0.10860562684229354,0.027317227713819715,0.018758645676748,0.018760696870239197,0.018757729949190536,0.000714781523162096
11,high_key,stripes_12,identity,0.03081411123275757,0.03081411123275757,0.13176082074642181,8.80213708582292,0.13176143169403076,0.13176017999649048,0.13178932666778564,0.13176196813583374,0.13173361122608185,0.13175837695598602,0.0,,0,0.5,0.5,True,0.0,9.028655815484188e-17,9.028655815484188e-17,9.028655815484188e-17,9.028655815484188e-17,9.028655815484188e-17
11,high_key,stripes_12,global,0.03081410564482212,2.820696787253496e-09,0.10819777101278305,9.657816860577281,0.10819698870182037,0.10819853097200394,0.10819686949253082,0.10818848013877869,0.10819707065820694,0.10820867866277695,0.051036372780799866,,6,0.5,0.0,True,0.0,0.0,0.0,0.0,0.0,0.0
11,high_key,stripes_12,uniform96,0.03081410564482212,2.820208511167266e-09,0.10819806158542633,9.657805197312417,0.10819725692272186,0.10819888114929199,0.10819713026285172,0.10818874090909958,0.10819736123085022,0.10820892453193665,0.05103621259331703,,96,0.5,0.0,True,0.0,0.0,0.0,0.0,0.0,0.0
11,high_key,stripes_12,spatial1,0.03081410564482212,2.820696787253496e-09,0.10819777101278305,9.657816860577281,0.10819698870182037,0.10819853097200394,0.10819686949253082,0.10818848013877869,0.10819707065820694,0.10820867866277695,0.051036372780799866,,6,0.5,0.0,True,0.0,0.0,0.0,0.0,0.0,0.0
11,high_key,stripes_12,spatial2,0.03081410564482212,7.3632913100141195e-09,0.10816296935081482,9.659213987418207,0.1076502576470375,0.10867569595575333,0.10765491425991058,0.10866637527942657,0.10764560848474503,0.10868500918149948,0.051063377410173416,,24,0.5,0.0,True,1.4864700833618803e-06,8.816537390663592e-06,1.7561215269472022e-07,2.0663704350383634e-07,1.855393048251052e-07,5.1558940245203775e-05
11,high_key,stripes_12,spatial4,0.03081410564482212,8.285806707419852e-09,0.10813092440366745,9.660500842407892,0.10734877735376358,0.10891300439834595,0.10735400021076202,0.10890698432922363,0.10734357684850693,0.10891913622617722,0.05109119042754173,,96,0.5,0.0,True,3.342582029314717e-06,2.025913786440932e-05,3.975585440760464e-07,4.458656079504279e-07,4.1293085522215574e-07,0.00013670242359777726
11,high_key,stripes_12,spatial8,0.03081410564482212,1.0717468690302212e-08,0.10807812213897705,9.662622098017648,0.10732350498437881,0.10883273929357529,0.1073291227221489,0.10882596671581268,0.10731793940067291,0.10883954167366028,0.051133837550878525,,384,0.5,0.0,True,8.744606440622638e-06,5.007878920582313e-05,1.0486027410630371e-06,1.0768854618776366e-06,1.060150325455233e-06,0.00023845894450464863
23,midtone,clean,identity,3.7086007864672865e-07,3.7086007864672865e-07,0.0,,0.0,0.0,0.0,0.0,0.0,0.0,0.0,0.0,0,0.0,0.0,True,0.0,9.028655815484188e-17,9.028655815484188e-17,9.028655815484188e-17,9.028655815484188e-17,9.028655815484188e-17
23,midtone,clean,global,3.708600502250192e-07,1.8398684176190727e-07,0.0005572640220634639,32.539389948474174,0.0005576995317824185,0.0005568286287598312,0.0005584173486568034,0.0005573820671997964,0.0005569813656620681,0.0005562754231505096,0.0005572640220634639,0.0005572640220634639,6,0.0,0.0,True,0.0,0.0,0.0,0.0,0.0,0.0
23,midtone,clean,uniform96,3.708600502250192e-07,1.850788180490781e-07,0.0005493632052093744,32.60140431755027,0.0005497922538779676,0.0005489340401254594,0.0005504998844116926,0.0005494795041158795,0.0005490845069289207,0.0005483886343427002,0.0005493632052093744,0.0005493632052093744,96,0.0,0.0,True,0.0,0.0,0.0,0.0,0.0,0.0
23,midtone,clean,spatial1,3.708600502250192e-07,1.8398684176190727e-07,0.0005572640220634639,32.539389948474174,0.0005576995317824185,0.0005568286287598312,0.0005584173486568034,0.0005573820671997964,0.0005569813656620681,0.0005562754231505096,0.0005572640220634639,0.0005572640220634639,6,0.0,0.0,True,0.0,0.0,0.0,0.0,0.0,0.0
23,midtone,clean,spatial2,3.708600502250192e-07,1.76241385929643e-07,0.0005844531115144491,32.33250324925337,0.0006285837152972817,0.0005403226241469383,0.0005791045841760933,0.0005339268245734274,0.0006780628464184701,0.0005467180744744837,0.0005844531115144491,0.0005844531115144491,24,0.0,0.0,True,4.196117920429187e-05,1.3948827621326746e-05,4.7859991805932924e-05,4.734590851474974e-05,4.7204293608320366e-05,0.00017989902065054648
23,midtone,clean,spatial4,3.708600502250192e-07,1.6688559867361619e-07,0.0005343112861737609,32.72205652185765,0.0005208019865676761,0.0005478204693645239,0.0005404504481703043,0.0005643052863888443,0.0005011539324186742,0.0005313354195095599,0.0005343112861737609,0.0005343112861737609,96,0.0,0.0,True,9.32448927189445e-05,7.52085842735694e-06,7.07960835611493e-05,6.667550961826804e-05,6.621243671475523e-05,0.0001888788133333302
23,midtone,clean,spatial8,3.708600502250192e-07,5.7465431524406085e-08,0.0004715960822068155,33.264298114714116,0.00048670353135094047,0.0004564885748550296,0.0004668684268835932,0.0004480861534830183,0.0005065388395451009,0.00046489102533087134,0.0004715960822068155,0.0004715960822068155,384,0.0,0.0,True,7.437765787799487e-05,8.362848185614348e-06,5.746839159969339e-05,5.710486379095483e-05,5.567464138611806e-05,0.0004879526980763305
23,midtone,homogeneous_dark,identity,0.07562102377414703,0.07562102377414703,0.07758309692144394,11.102328884501977,0.07758758217096329,0.0775785744190216,0.07760102301836014,0.07757754623889923,0.07757417112588882,0.07757964730262756,0.0,,0,0.0,0.0,True,0.0,9.028655815484188e-17,9.028655815484188e-17,9.028655815484188e-17,9.028655815484188e-17,9.028655815484188e-17
23,midtone,homogeneous_dark,global,0.07562100887298584,1.2518914616066468e-07,0.0011325193336233497,29.459543752627987,0.0011332622962072492,0.0011317759053781629,0.001134636695496738,0.0011329508852213621,0.0011318880133330822,0.001130601274780929,0.07573604583740234,,6,0.0,0.0,True,0.0,0.0,0.0,0.0,0.0,0.0
23,midtone,homogeneous_dark,uniform96,0.07562100887298584,1.251923578138303e-07,0.0011325174709782004,29.459550895439158,0.0011332600843161345,0.0011317740427330136,0.001134634716436267,0.0011329491389915347,0.0011318860342726111,0.0011305994121357799,0.07573607563972473,,96,0.0,0.0,True,0.0,0.0,0.0,0.0,0.0,0.0
23,midtone,homogeneous_dark,spatial1,0.07562100887298584,1.2518914616066468e-07,0.0011325193336233497,29.459543752627987,0.0011332622962072492,0.0011317759053781629,0.001134636695496738,0.0011329508852213621,0.0011318880133330822,0.001130601274780929,0.07573604583740234,,6,0.0,0.0,True,0.0,0.0,0.0,0.0,0.0,0.0
23,midtone,homogeneous_dark,spatial2,0.07562100887298584,1.2394536952342605e-07,0.001132502220571041,29.459609377647517,0.001134870108217001,0.0011301341000944376,0.0011368884006515145,0.0011318066390231252,0.0011328513501212,0.0011284620268270373,0.07573606073856354,,24,0.0,0.0,True,6.194108129208882e-09,4.067085466997792e-09,1.7810352757422035e-08,3.077162210343931e-09,1.2415021686706327e-08,1.4213230893610778e-07
23,midtone,homogeneous_dark,spatial4,0.07562100887298584,1.0859889698622283e-07,0.0011324631050229073,29.459759381415967,0.0011351221473887563,0.00112980417907238,0.001137343468144536,0.0011316253803670406,0.0011329007102176547,0.0011279829777777195,0.07573611289262772,,96,0.0,0.0,True,4.900053936005762e-08,1.0898896426598116e-08,1.174415805282197e-07,1.2776809282156147e-07,1.4478714541164627e-07,3.4802486519569863e-07
23,midtone,homogeneous_dark,spatial8,0.07562100887298584,4.925504981656559e-08,0.0011327010579407215,29.458846938589712,0.0011356367031112313,0.0011297655291855335,0.001137895742431283,0.0011316786985844374,0.0011333777802065015,0.001127851428464055,0.07573621720075607,,384,0.0,0.0,True,1.7371168325413135e-07,2.675237788843636e-08,9.271571812051489e-07,8.467056383090005e-07,6.973903397850473e-07,6.903666484348761e-07
23,midtone,homogeneous_bright,identity,0.0754782110452652,0.0754782110452652,0.07737692445516586,11.113885364226729,0.07738129049539566,0.07737252116203308,0.07739168405532837,0.07736732065677643,0.07737094163894653,0.07737778127193451,0.0,,0,0.01708984375,0.01708984375,True,0.0,9.028655815484188e-17,9.028655815484188e-17,9.028655815484188e-17,9.028655815484188e-17,9.028655815484188e-17
23,midtone,homogeneous_bright,global,0.0754782035946846,2.1538981798130408e-07,0.00033263402292504907,34.78033331746345,0.00033300521317869425,0.00033226280356757343,0.00033395245554856956,0.0003325705183669925,0.00033205802901647985,0.0003319550596643239,0.07929233461618423,,6,0.01708984375,0.0,True,0.0,0.0,0.0,0.0,0.0,0.0
23,midtone,homogeneous_bright,uniform96,0.0754782035946846,2.1539325700814516e-07,0.0003326314326841384,34.7803671363646,0.00033300265204161406,0.0003322602715343237,0.00033394998172298074,0.0003325679572299123,0.00033205540967173874,0.0003319525276310742,0.07929231971502304,,96,0.01708984375,0.0,True,0.0,0.0,0.0,0.0,0.0,0.0
23,midtone,homogeneous_bright,spatial1,0.0754782035946846,2.1538981798130408e-07,0.00033263402292504907,34.78033331746345,0.00033300521317869425,0.00033226280356757343,0.00033395245554856956,0.0003325705183669925,0.00033205802901647985,0.0003319550596643239,0.07929233461618423,,6,0.01708984375,0.0,True,0.0,0.0,0.0,0.0,0.0,0.0
23,midtone,homogeneous_bright,spatial2,0.0754782035946846,2.1397298155534372e-07,0.000332718132995069,34.7792352962381,0.00033150066155940294,0.0003339356917422265,0.00033203375642187893,0.0003337236703373492,0.00033096742117777467,0.0003341477131471038,0.07929261773824692,,24,0.01708984375,0.0,True,2.262927798495046e-07,1.041365026792633e-06,4.083551115303924e-08,3.031988334266689e-08,1.560954540632193e-08,1.7254182262435157e-06
23,midtone,homogeneous_bright,spatial4,0.0754782035946846,1.8681951985399792e-07,0.00033280576462857425,34.77809159771044,0.00033042245195247233,0.00033518910640850663,0.0003307450970169157,0.00033462097053416073,0.000330099806888029,0.0003357570676598698,0.07929280400276184,,96,0.01708984375,0.0,True,5.287087090372294e-07,2.307670804349045e-06,1.550752035766108e-07,1.6933667515426528e-07,1.1840624658762504e-07,4.748530989462545e-06
23,midtone,homogeneous_bright,spatial8,0.0754782035946846,8.209250523805167e-08,0.0003332177584525198,34.77271861429652,0.0003306351136416197,0.0003358001704327762,0.00033096299739554524,0.0003353120409883559,0.0003303071716800332,0.00033628870733082294,0.07929378747940063,,384,0.01708984375,0.0,True,1.2499900530055675e-06,4.589982738442816e-06,9.042925898437479e-07,8.069855416817924e-07,5.453161628545029e-07,9.395979130280207e-06
23,midtone,left_right,identity,0.07554429024457932,0.07554429024457932,0.07748006284236908,11.10810035706114,0.07758758217096329,0.07737252116203308,0.07760102301836014,0.07736732065677643,0.07757417112588882,0.07737778127193451,0.0,,0,0.00873480923473835,0.00873480923473835,True,0.0,9.028655815484188e-17,9.028655815484188e-17,9.028655815484188e-17,9.028655815484188e-17,9.028655815484188e-17
23,midtone,left_right,global,0.07554429024457932,0.006240269634872675,0.009875383228063583,20.054460419694582,0.014172432944178581,0.005578329320997,0.01418401300907135,0.005581866484135389,0.014160861261188984,0.005574793554842472,0.04527320712804794,,6,0.00873480923473835,0.0,True,0.0,0.0,0.0,0.0,0.0,0.0
23,midtone,left_right,uniform96,0.07554429024457932,0.006240276154130697,0.009875387884676456,20.05445837183401,0.014172441326081753,0.005578329786658287,0.014184023253619671,0.005581866949796677,0.014160873368382454,0.005574794486165047,0.04527318477630615,,96,0.00873480923473835,0.0,True,0.0,0.0,0.0,0.0,0.0,0.0
23,midtone,left_right,spatial1,0.07554429024457932,0.006240269634872675,0.009875383228063583,20.054460419694582,0.014172432944178581,0.005578329320997,0.01418401300907135,0.005581866484135389,0.014160861261188984,0.005574793554842472,0.04527320712804794,,6,0.00873480923473835,0.0,True,0.0,0.0,0.0,0.0,0.0,0.0
23,midtone,left_right,spatial2,0.07554429024457932,0.0016280623385682702,0.00424723606556654,23.718935998231355,0.004169120918959379,0.004325351677834988,0.004174182191491127,0.004328325390815735,0.004164059180766344,0.00432237982749939,0.07277391850948334,,24,0.00873480923473835,0.0,True,0.2738456100773129,2.9218751176270405e-06,0.011065517376900903,0.01111073675276645,0.01112507981623759,3.903455757635111e-05
23,midtone,left_right,spatial4,0.07554429024457932,0.000781446578912437,0.002457138616591692,26.0957034261525,0.002428906736895442,0.002485369797796011,0.0024320411030203104,0.002486916957423091,0.0024257730692625046,0.002483822638168931,0.07563503831624985,,96,0.00873480923473835,0.0,True,0.2696561344765847,0.014422963290768169,0.02296612898246171,0.023057706496293535,0.023109647948810166,0.0032003418106037267
23,midtone,left_right,spatial8,0.07554429024457932,0.00018697686027735472,0.0015821256674826145,28.007590236659677,0.0015459911664947867,0.0016182615654543042,0.0015475655673071742,0.001617998001165688,0.0015444154851138592,0.0016185245476663113,0.07783219963312149,,384,0.00873480923473835,0.0,True,0.2550957366345777,0.014380312021807019,0.027537076349776344,0.02769066751349651,0.02773724056794613,0.0011655150484702113
23,midtone,quadrants,identity,0.07553686201572418,0.07553686201572418,0.07747972011566162,11.108119567764074,0.07748597115278244,0.0774734690785408,0.07760102301836014,0.07736732065677643,0.07737094163894653,0.07757964730262756,0.0,,0,0.00922309048473835,0.00922309048473835,True,0.0,9.028655815484188e-17,9.028655815484188e-17,9.028655815484188e-17,9.028655815484188e-17,9.028655815484188e-17
23,midtone,quadrants,global,0.07553686201572418,0.006239742040634155,0.009876254014670849,20.05407748655942,0.009881783276796341,0.009870724752545357,0.014183559454977512,0.00558228325098753,0.0055800024420022964,0.014159172773361206,0.04527125507593155,,6,0.00922309048473835,0.0,True,0.0,0.0,0.0,0.0,0.0,0.0
23,midtone,quadrants,uniform96,0.07553686201572418,0.006239751819521189,0.00987626239657402,20.054073800736084,0.009881788864731789,0.009870734065771103,0.014183574356138706,0.005582286044955254,0.005580003838986158,0.014159183949232101,0.04527122527360916,,96,0.00922309048473835,0.0,True,0.0,0.0,0.0,0.0,0.0,0.0
23,midtone,quadrants,spatial1,0.07553686201572418,0.006239742040634155,0.009876254014670849,20.05407748655942,0.009881783276796341,0.009870724752545357,0.014183559454977512,0.00558228325098753,0.0055800024420022964,0.014159172773361206,0.04527125507593155,,6,0.00922309048473835,0.0,True,0.0,0.0,0.0,0.0,0.0,0.0
23,midtone,quadrants,spatial2,0.07553686201572418,0.002351931529119611,0.005695915315300226,22.444364762481687,0.005618007387965918,0.005773825105279684,0.005572503432631493,0.0052597494795918465,0.005663508549332619,0.006287900730967522,0.06918973475694656,,24,0.00922309048473835,0.0,True,0.3402365641592102,1.9160208522789133e-05,0.0035914473931790924,0.003614485764678019,0.003618426810436163,8.618907762938534e-06
23,midtone,quadrants,spatial4,0.07553686201572418,0.0011500610271468759,0.00405215285718441,23.92314180345422,0.0039622168987989426,0.004142086487263441,0.003504347987473011,0.004041918553411961,0.004420087207108736,0.004242255352437496,0.07516443729400635,,96,0.00922309048473835,0.0,True,0.29444933863593903,0.0081668344977481,0.019244488982399926,0.019307176571348533,0.019343270496194054,0.0016686759451979367
23,midtone,quadrants,spatial8,0.07553686201572418,0.00017598323756828904,0.003872077912092209,24.12055912610727,0.0037416985724121332,0.004002457484602928,0.003051732201129198,0.003652461338788271,0.00443166634067893,0.0043524522334337234,0.07977662980556488,,384,0.00922309048473835,0.0,True,0.26602255296243893,0.0158048832827059,0.028836730786252308,0.02900962662887693,0.02908700033528712,0.0011431043752524461
23,midtone,smooth_gradient,identity,0.025563692674040794,0.025563692674040794,0.02638196013867855,15.78692940185151,0.02713952772319317,0.025624383240938187,0.02714209444820881,0.025623062625527382,0.027136968448758125,0.025625715032219887,0.0,,0,0.00021701389050576836,0.00021701389050576836,True,0.0,9.028655815484188e-17,9.028655815484188e-17,9.028655815484188e-17,9.028655815484188e-17,9.028655815484188e-17
23,midtone,smooth_gradient,global,0.025563696399331093,0.002132769674062729,0.005833907052874565,22.340404944369887,0.007057487033307552,0.004610322881489992,0.007064194418489933,0.004614285193383694,0.007050786633044481,0.004606361500918865,0.01640845276415348,,6,0.00021701389050576836,0.0,True,0.0,0.0,0.0,0.0,0.0,0.0
23,midtone,smooth_gradient,uniform96,0.025563696399331093,0.002132779685780406,0.005833911243826151,22.340401824494172,0.0070574963465332985,0.004610325209796429,0.007064199075102806,0.004614287056028843,0.007050796411931515,0.0046063619665801525,0.016408424824476242,,96,0.00021701389050576836,0.0,True,0.0,0.0,0.0,0.0,0.0,0.0
23,midtone,smooth_gradient,spatial1,0.025563696399331093,0.002132769674062729,0.005833907052874565,22.340404944369887,0.007057487033307552,0.004610322881489992,0.007064194418489933,0.004614285193383694,0.007050786633044481,0.004606361500918865,0.01640845276415348,,6,0.00021701389050576836,0.0,True,0.0,0.0,0.0,0.0,0.0,0.0
23,midtone,smooth_gradient,spatial2,0.025563696399331093,0.00037195885670371354,0.0022969699930399656,26.38844678267004,0.0030774108599871397,0.0015165304066613317,0.0030803680419921875,0.0015177108580246568,0.0030744511168450117,0.0015153497224673629,0.025909453630447388,,24,0.00021701389050576836,0.0,True,0.027003699896447953,0.015974045495593038,0.0038228756650442023,0.0038330123325786714,0.0038370594367108245,0.000458608054172142
23,midtone,smooth_gradient,spatial4,0.025563696399331093,8.753916335990652e-05,0.001075755339115858,29.682864897791728,0.0014649716904386878,0.0006865386385470629,0.0014682398177683353,0.0006852507358416915,0.0014617035631090403,0.0006878269487060606,0.026304056867957115,,96,0.00021701389050576836,0.0,True,0.06334977321007566,0.009499836836537425,0.007229404271100491,0.00723629968218261,0.007258371620696626,0.000823935217871164
23,midtone,smooth_gradient,spatial8,0.025563696399331093,4.14132819059887e-06,0.0007927212864160538,31.008794798299242,0.0010508587583899498,0.0005345839890651405,0.0010545359691604972,0.0005320925847627223,0.0010471809655427933,0.0005370755679905415,0.02642769366502762,,384,0.00021701389050576836,0.0,True,0.07257272693933647,0.005848713778204665,0.008609149748700019,0.008622410380856106,0.008654190756370342,0.0022268581352955373
23,midtone,stripes_4,identity,0.05076839029788971,0.05076839029788971,0.07751460373401642,11.106164688018827,0.07751765847206116,0.07751152664422989,0.07752859592437744,0.07750861346721649,0.07750674337148666,0.07751449197530746,0.0,,0,0.0054796007461845875,0.0054796007461845875,True,0.0,9.028655815484188e-17,9.028655815484188e-17,9.028655815484188e-17,9.028655815484188e-17,9.028655815484188e-17
23,midtone,stripes_4,global,0.05076839402318001,0.004390630405396223,0.012275676243007183,19.10954574111965,0.012276784516870975,0.01227456983178854,0.012283947318792343,0.012284785509109497,0.012269613333046436,0.01226435974240303,0.037578631192445755,,6,0.0054796007461845875,0.0,True,0.0,0.0,0.0,0.0,0.0,0.0
23,midtone,stripes_4,uniform96,0.05076839402318001,0.004390639718621969,0.012275689281523228,19.10954112829633,0.012276794761419296,0.012274584732949734,0.012283958494663239,0.012284794822335243,0.01226962823420763,0.01226437371224165,0.03757859766483307,,96,0.0054796007461845875,0.0,True,0.0,0.0,0.0,0.0,0.0,0.0
23,midtone,stripes_4,spatial1,0.05076839402318001,0.004390630405396223,0.012275676243007183,19.10954574111965,0.012276784516870975,0.01227456983178854,0.012283947318792343,0.012284785509109497,0.012269613333046436,0.01226435974240303,0.037578631192445755,,6,0.0054796007461845875,0.0,True,0.0,0.0,0.0,0.0,0.0,0.0
23,midtone,stripes_4,spatial2,0.05076839402318001,0.004302001092582941,0.012139900587499142,19.15784869642749,0.012272209860384464,0.012007596902549267,0.012278992682695389,0.01201819907873869,0.012265423312783241,0.011996987275779247,0.03809455782175064,,24,0.0054796007461845875,0.0,True,0.00344982796699384,1.9513195753130712e-06,0.00022267080221726127,0.00022261218548582068,0.00022495415565033155,7.721395104781391e-08
23,midtone,stripes_4,spatial4,0.05076839402318001,0.004232692997902632,0.01204013079404831,19.193687952355933,0.012073829770088196,0.012006428092718124,0.012080805376172066,0.012012670747935772,0.012066856026649475,0.0120001882314682,0.038523849099874496,,96,0.0054796007461845875,0.0,True,0.01375819173096071,3.029553950654189e-06,0.00016068032312237232,0.00016141704173517282,0.0001640886375585642,6.849722223134954e-07
23,midtone,stripes_4,spatial8,0.05076839402318001,7.926283433334902e-05,0.011587148532271385,19.36023425905489,0.011312486603856087,0.011861808598041534,0.01131825614720583,0.011869639158248901,0.011306717991828918,0.011853981763124466,0.06646648049354553,,384,0.0054796007461845875,0.0,True,0.20214401258155243,0.04217525655580683,0.031133673911646124,0.0312624173312302,0.031225066233633858,0.0006428273996744196
23,midtone,stripes_12,identity,0.0010967558482661843,0.0010967558482661843,0.07758308947086334,11.102329301570428,0.07758757472038269,0.0775785744190216,0.07760101556777954,0.07757753133773804,0.07757416367530823,0.07757964730262756,0.0,,0,0.0,0.0,True,0.0,9.028655815484188e-17,9.028655815484188e-17,9.028655815484188e-17,9.028655815484188e-17,9.028655815484188e-17
23,midtone,stripes_12,global,0.0010967558482661843,2.7382608891457494e-07,0.050451792776584625,12.97123396738381,0.05045543611049652,0.05044814944267273,0.05046435445547104,0.050456542521715164,0.050446491688489914,0.0504397489130497,0.004010679200291634,,6,0.0,0.0,True,0.0,0.0,0.0,0.0,0.0,0.0
23,midtone,stripes_12,uniform96,0.0010967558482661843,2.73862610811193e-07,0.05045703053474426,12.97078311890621,0.050460658967494965,0.05045338347554207,0.05046959966421127,0.050461795181035995,0.050451718270778656,0.05044499412178993,0.0040093595162034035,,96,0.0,0.0,True,0.0,0.0,0.0,0.0,0.0,0.0
23,midtone,stripes_12,spatial1,0.0010967558482661843,2.7382608891457494e-07,0.050451792776584625,12.97123396738381,0.05045543611049652,0.05044814944267273,0.05046435445547104,0.050456542521715164,0.050446491688489914,0.0504397489130497,0.004010679200291634,,6,0.0,0.0,True,0.0,0.0,0.0,0.0,0.0,0.0
23,midtone,stripes_12,spatial2,0.0010967558482661843,2.646878840550926e-07,0.051327139139175415,12.896529416752365,0.05212061479687691,0.05053364485502243,0.05201251432299614,0.05051256716251373,0.05222872272133827,0.050554752349853516,0.0038001914508640766,,24,0.0,0.0,True,7.537460694328964e-08,1.0158659877677845e-07,2.830505084056863e-08,1.1114561770867623e-09,6.327824556013301e-08,6.997804083635571e-05
23,midtone,stripes_12,spatial4,0.0010967558482661843,2.425128968752688e-07,0.052021920680999756,12.83813617427324,0.05279115214943886,0.05125269666314125,0.05272739753127098,0.0512746125459671,0.052854910492897034,0.0512307845056057,0.003636869601905346,,96,0.0,0.0,True,4.2192319235387194e-07,1.2750333112769634e-06,3.611205922847574e-07,3.211592104663524e-07,2.1760466327867322e-07,7.593113822093324e-05
23,midtone,stripes_12,spatial8,0.0010967558482661843,7.78962103709091e-08,0.053504157811403275,12.716124676164105,0.054292213171720505,0.052716098725795746,0.05414172261953354,0.05278082564473152,0.05444268509745598,0.052651405334472656,0.003324668388813734,,384,0.0,0.0,True,3.4327883526899393e-06,1.8443074077397968e-06,2.049227204524528e-06,1.5561623526420944e-06,1.465194256872135e-06,0.00029330035352487954
23,dark_structures,clean,identity,0.02472139149904251,0.02472139149904251,0.0,,0.0,0.0,0.0,0.0,0.0,0.0,0.0,0.0,0,0.0,0.0,True,0.0,9.028655815484188e-17,9.028655815484188e-17,9.028655815484188e-17,9.028655815484188e-17,9.028655815484188e-17
23,dark_structures,clean,global,0.02472139149904251,0.00243415217846632,0.01769060641527176,17.522572796797448,0.022043650969862938,0.013337559998035431,0.02114158682525158,0.012937950901687145,0.022945716977119446,0.013737168163061142,0.01769060641527176,0.01769060641527176,6,0.0,0.0,True,0.0,0.0,0.0,0.0,0.0,0.0
23,dark_structures,clean,uniform96,0.02472139149904251,0.002434162190183997,0.017690572887659073,17.522581027646428,0.022043609991669655,0.013337538577616215,0.021141545847058296,0.012937924824655056,0.022945672273635864,0.013737145811319351,0.017690572887659073,0.017690572887659073,96,0.0,0.0,True,0.0,0.0,0.0,0.0,0.0,0.0
23,dark_structures,clean,spatial1,0.02472139149904251,0.00243415217846632,0.01769060641527176,17.522572796797448,0.022043650969862938,0.013337559998035431,0.02114158682525158,0.012937950901687145,0.022945716977119446,0.013737168163061142,0.01769060641527176,0.01769060641527176,6,0.0,0.0,True,0.0,0.0,0.0,0.0,0.0,0.0
23,dark_structures,clean,spatial2,0.02472139149904251,0.002372668357565999,0.017934173345565796,17.463186368153462,0.023272782564163208,0.012595567852258682,0.022049643099308014,0.012192171066999435,0.02449592389166355,0.012998957186937332,0.017934173345565796,0.017934173345565796,24,0.0,0.0,True,0.003160624364820822,2.1506739588774056e-07,0.00012203066484710643,0.0001234050194159773,0.00012412226958524587,3.0285594207939504e-07
23,dark_structures,clean,spatial4,0.02472139149904251,0.0018484188476577401,0.020355097949504852,16.913268034380028,0.02752068266272545,0.013189509510993958,0.026418393477797508,0.012573039159178734,0.028622981160879135,0.01380598172545433,0.020355097949504852,0.020355097949504852,96,0.0,0.0,True,0.030641840915687613,0.010236368182678118,0.0019320577920720076,0.001930298491851653,0.0019309375584843772,1.6062334841496482e-05
23,dark_structures,clean,spatial8,0.02472139149904251,0.00015195584273897111,0.026304049417376518,15.799773882309129,0.03445916622877121,0.018148930743336678,0.032843030989170074,0.017122579738497734,0.03607531636953354,0.019175298511981964,0.026304049417376518,0.026304049417376518,384,0.0,0.0,True,0.0850490363804014,0.01655721031694488,0.02957283879248111,0.02955405331265175,0.029593314336761725,0.015813065950784553
23,dark_structures,homogeneous_dark,identity,0.1035783588886261,0.1035783588886261,0.05832880735397339,12.341169034754111,0.05246562883257866,0.06419196724891663,0.05373656377196312,0.06490732729434967,0.05119471251964569,0.06347662210464478,0.0,,0,0.0,0.0,True,0.0,9.028655815484188e-17,9.028655815484188e-17,9.028655815484188e-17,9.028655815484188e-17,9.028655815484188e-17
23,dark_structures,homogeneous_dark,global,0.1035783588886261,0.0032995683141052723,0.015355606563389301,18.137330237712217,0.01907328888773918,0.011637921445071697,0.01830166205763817,0.011291558854281902,0.019844919443130493,0.011984286829829216,0.09336291998624802,,6,0.0,0.0,True,0.0,0.0,0.0,0.0,0.0,0.0
23,dark_structures,homogeneous_dark,uniform96,0.1035783588886261,0.0032995748333632946,0.015355590730905533,18.137334715531995,0.01907327026128769,0.011637911200523376,0.018301641568541527,0.011291549541056156,0.019844897091388702,0.011984278447926044,0.09336291998624802,,96,0.0,0.0,True,0.0,0.0,0.0,0.0,0.0,0.0
23,dark_structures,homogeneous_dark,spatial1,0.1035783588886261,0.0032995683141052723,0.015355606563389301,18.137330237712217,0.01907328888773918,0.011637921445071697,0.01830166205763817,0.011291558854281902,0.019844919443130493,0.011984286829829216,0.09336291998624802,,6,0.0,0.0,True,0.0,0.0,0.0,0.0,0.0,0.0
23,dark_structures,homogeneous_dark,spatial2,0.1035783588886261,0.0032242697197943926,0.015603058971464634,18.067902500946687,0.02071394957602024,0.010492169298231602,0.019498152658343315,0.010105490684509277,0.021929748356342316,0.010878846980631351,0.09362999349832535,,24,0.0,0.0,True,0.0006055121257326175,0.00018198519369481568,8.835008755036062e-05,8.946251143501708e-05,9.040713268968909e-05,8.493126281592201e-06
23,dark_structures,homogeneous_dark,spatial4,0.1035783588886261,0.0024400046095252037,0.01833675056695938,17.366776226393313,0.025043819099664688,0.011629687622189522,0.023964958265423775,0.011085068807005882,0.026122672483325005,0.012174302712082863,0.0961340144276619,,96,0.0,0.0,True,0.007625329701657417,0.005115325905952019,0.0007335185417666006,0.0007268011644067095,0.000728753668339209,0.0013543902321951978
23,dark_structures,homogeneous_dark,spatial8,0.1035783588886261,0.0002960361889563501,0.026305779814720154,15.799488193482885,0.03440619260072708,0.01820538006722927,0.032749634236097336,0.017286401242017746,0.036062754690647125,0.019124342128634453,0.10338571667671204,,384,0.0,0.0,True,0.057324796495600044,0.003674413101406381,0.01943139381055539,0.01941444076417752,0.01945220878122694,0.0009415705543252905
23,dark_structures,homogeneous_bright,identity,0.0558752603828907,0.0558752603828907,0.058174822479486465,12.35264933289141,0.05232810974121094,0.0640215277671814,0.053587984293699265,0.06473135948181152,0.051068264991045,0.06331169605255127,0.0,,0,0.012532551772892475,0.012532551772892475,True,0.0,9.028655815484188e-17,9.028655815484188e-17,9.028655815484188e-17,9.028655815484188e-17,9.028655815484188e-17
23,dark_structures,homogeneous_bright,global,0.0558752603828907,0.002628128509968519,0.017150159925222397,17.657318258067637,0.02134973369538784,0.01295058336108923,0.02047956921160221,0.012563462369143963,0.02221990004181862,0.013337709940969944,0.056220438331365585,,6,0.012532551772892475,0.0,True,0.0,0.0,0.0,0.0,0.0,0.0
23,dark_structures,homogeneous_bright,uniform96,0.0558752603828907,0.0026281368918716908,0.017150133848190308,17.657324861574423,0.021349705755710602,0.01295056939125061,0.020479533821344376,0.012563446536660194,0.022219859063625336,0.013337691314518452,0.0562204048037529,,96,0.012532551772892475,0.0,True,0.0,0.0,0.0,0.0,0.0,0.0
23,dark_structures,homogeneous_bright,spatial1,0.0558752603828907,0.002628128509968519,0.017150159925222397,17.657318258067637,0.02134973369538784,0.01295058336108923,0.02047956921160221,0.012563462369143963,0.02221990004181862,0.013337709940969944,0.056220438331365585,,6,0.012532551772892475,0.0,True,0.0,0.0,0.0,0.0,0.0,0.0
23,dark_structures,homogeneous_bright,spatial2,0.0558752603828907,0.0025717599783092737,0.017362911254167557,17.603774545271627,0.022843971848487854,0.011881854385137558,0.021573126316070557,0.011459972709417343,0.02411480061709881,0.012303727678954601,0.056403663009405136,,24,0.012532551772892475,0.0,True,0.0006166830089144942,0.00012325507607306393,0.00015005668737872604,0.00015098914504578007,0.00015201754241369635,7.143311471367319e-06
23,dark_structures,homogeneous_bright,spatial4,0.0558752603828907,0.0019744031596928835,0.019380146637558937,17.126429412356273,0.02660779468715191,0.012152501381933689,0.025344274938106537,0.01157345063984394,0.027871301397681236,0.01273155678063631,0.058279793709516525,,96,0.012532551772892475,0.0,True,0.015394235462530154,0.02597272323319566,0.0008655065054584795,0.000861881071420701,0.0008598683817770857,0.0025628763755043437
23,dark_structures,homogeneous_bright,spatial8,0.0558752603828907,0.00021401864069048315,0.02568512037396431,15.90318394602834,0.033764056861400604,0.017606182023882866,0.032008737325668335,0.01671384833753109,0.03551936894655228,0.01849851943552494,0.06380601227283478,,384,0.012532551772892475,0.0,True,0.06863718301018687,0.021769438770107882,0.016764400198558408,0.016824978225710302,0.016859716373607385,0.004067873705817756
23,dark_structures,left_right,identity,0.08598116040229797,0.08598116040229797,0.058243587613105774,12.347518817618505,0.05246562883257866,0.0640215277671814,0.05373656377196312,0.06473135948181152,0.05119471251964569,0.06331169605255127,0.0,,0,0.007107204757630825,0.007107204757630825,True,0.0,9.028655815484188e-17,9.028655815484188e-17,9.028655815484188e-17,9.028655815484188e-17,9.028655815484188e-17
23,dark_structures,left_right,global,0.08598116040229797,0.00922339130192995,0.0187944695353508,17.259699275251148,0.01810562051832676,0.01948331482708454,0.01781192421913147,0.018971772864460945,0.018399309366941452,0.019994862377643585,0.04657652974128723,,6,0.007107204757630825,0.0,True,0.0,0.0,0.0,0.0,0.0,0.0
23,dark_structures,left_right,uniform96,0.08598116040229797,0.00922340527176857,0.018794462084770203,17.259700996899465,0.018105613067746162,0.01948331668972969,0.017811916768550873,0.018971774727106094,0.018399305641651154,0.019994860514998436,0.04657650366425514,,96,0.007107204757630825,0.0,True,0.0,0.0,0.0,0.0,0.0,0.0
23,dark_structures,left_right,spatial1,0.08598116040229797,0.00922339130192995,0.0187944695353508,17.259699275251148,0.01810562051832676,0.01948331482708454,0.01781192421913147,0.018971772864460945,0.018399309366941452,0.019994862377643585,0.04657652974128723,,6,0.007107204757630825,0.0,True,0.0,0.0,0.0,0.0,0.0,0.0
23,dark_structures,left_right,spatial2,0.08598116040229797,0.004243907053023577,0.01725880242884159,17.629893428380704,0.02081824466586113,0.013699360191822052,0.019754763692617416,0.01328335516154766,0.021881721913814545,0.014115373603999615,0.0743449255824089,,24,0.007107204757630825,0.0,True,0.42243741339179985,7.41514188733642e-05,0.008988725545589585,0.009025722802279427,0.009037356758615124,3.098369226603399e-05
23,dark_structures,left_right,spatial4,0.08598116040229797,0.0025885822251439095,0.020265942439436913,16.932331951924606,0.027390385046601295,0.013141494244337082,0.026286911219358444,0.012663072906434536,0.02849387377500534,0.013619904406368732,0.08277761936187744,,96,0.007107204757630825,0.0,True,0.5657459765663541,0.007553215493063442,0.021334093293105438,0.021409311832275527,0.021460193951790125,0.0009334817769605497
23,dark_structures,left_right,spatial8,0.08598116040229797,0.00024354034394491464,0.027378560975193977,15.6258938224134,0.03541095182299614,0.019346177577972412,0.033762555569410324,0.018411187455058098,0.03705934062600136,0.02028116211295128,0.09122318774461746,,384,0.007107204757630825,0.0,True,0.3656470465075912,0.023259797503268,0.05555309534365005,0.055716084922553595,0.055822720006646155,0.0014750832889932211
23,dark_structures,quadrants,identity,0.07937437295913696,0.07937437295913696,0.058253202587366104,12.34680193430057,0.05240240693092346,0.06410399079322815,0.05373656377196312,0.06473135948181152,0.051068264991045,0.06347662210464478,0.0,,0,0.0067274305038154125,0.0067274305038154125,True,0.0,9.028655815484188e-17,9.028655815484188e-17,9.028655815484188e-17,9.028655815484188e-17,9.028655815484188e-17
23,dark_structures,quadrants,global,0.07937436550855637,0.008305756375193596,0.021404551342129707,16.69493870921446,0.02520989626646042,0.0175991989672184,0.01750475913286209,0.02075306884944439,0.03291502594947815,0.014445347711443901,0.043880075216293335,,6,0.0067274305038154125,0.0,True,0.0,0.0,0.0,0.0,0.0,0.0
23,dark_structures,quadrants,uniform96,0.07937436550855637,0.008305764757096767,0.02140454761683941,16.6949394650692,0.025209886953234673,0.017599204555153847,0.017504757270216942,0.02075306884944439,0.032915011048316956,0.014445347711443901,0.04388006031513214,,96,0.0067274305038154125,0.0,True,0.0,0.0,0.0,0.0,0.0,0.0
23,dark_structures,quadrants,spatial1,0.07937436550855637,0.008305756375193596,0.021404551342129707,16.69493870921446,0.02520989626646042,0.0175991989672184,0.01750475913286209,0.02075306884944439,0.03291502594947815,0.014445347711443901,0.043880075216293335,,6,0.0067274305038154125,0.0,True,0.0,0.0,0.0,0.0,0.0,0.0
23,dark_structures,quadrants,spatial2,0.07937436550855637,0.0044614169746637344,0.01896466128528118,17.220549095257546,0.023943541571497917,0.013985780999064445,0.017694631591439247,0.01694697141647339,0.03019244782626629,0.011024591512978077,0.06622554361820221,,24,0.0067274305038154125,0.0,True,0.220387382269194,9.095129963470893e-05,0.009172905442495587,0.00919400125088071,0.009212613877631113,8.11035032408795e-06
23,dark_structures,quadrants,spatial4,0.07937436550855637,0.002997699659317732,0.02049166150391102,16.884228267268778,0.026857631281018257,0.014125693589448929,0.025750581175088882,0.01476333662867546,0.02796468511223793,0.0134880430996418,0.07407468557357788,,96,0.0067274305038154125,0.0,True,0.43584800292342246,0.006296348097020402,0.02079257317637184,0.020806973468602625,0.02087710257689526,0.0012404699876760335
23,dark_structures,quadrants,spatial8,0.07937436550855637,0.00033469172194600105,0.02835516817867756,15.473677725058248,0.03628326952457428,0.02042705938220024,0.03464822098612785,0.01966165564954281,0.0379183255136013,0.02119246870279312,0.08506745100021362,,384,0.0067274305038154125,0.00016276042151730508,True,0.338959429354137,0.020348897530103254,0.048294050668012824,0.048392283768584454,0.04850654483291402,0.0022580001099381385
23,dark_structures,smooth_gradient,identity,0.0477990061044693,0.0477990061044693,0.02120225690305233,16.73617907544234,0.020675882697105408,0.021728629246354103,0.021003901958465576,0.02193918451666832,0.020347870886325836,0.021518077701330185,0.0,,0,0.00021701389050576836,0.00021701389050576836,True,0.0,9.028655815484188e-17,9.028655815484188e-17,9.028655815484188e-17,9.028655815484188e-17,9.028655815484188e-17
23,dark_structures,smooth_gradient,global,0.0477990098297596,0.00500519247725606,0.01832459680736065,17.369655722810933,0.019219644367694855,0.017429562285542488,0.018554022535681725,0.016956262290477753,0.01988525316119194,0.017902856692671776,0.026937026530504227,,6,0.00021701389050576836,0.0,True,0.0,0.0,0.0,0.0,0.0,0.0
23,dark_structures,smooth_gradient,uniform96,0.0477990098297596,0.0050052013248205185,0.018324583768844604,17.369658812951275,0.01921963132917881,0.017429549247026443,0.018554002046585083,0.01695624738931656,0.019885236397385597,0.01790284924209118,0.026937002316117287,,96,0.00021701389050576836,0.0,True,0.0,0.0,0.0,0.0,0.0,0.0
23,dark_structures,smooth_gradient,spatial1,0.0477990098297596,0.00500519247725606,0.01832459680736065,17.369655722810933,0.019219644367694855,0.017429562285542488,0.018554022535681725,0.016956262290477753,0.01988525316119194,0.017902856692671776,0.026937026530504227,,6,0.00021701389050576836,0.0,True,0.0,0.0,0.0,0.0,0.0,0.0
23,dark_structures,smooth_gradient,spatial2,0.0477990098297596,0.002534223021939397,0.018145067617297173,17.41241409069138,0.024249454960227013,0.01204067561775446,0.02291380614042282,0.011663577519357204,0.02558511681854725,0.012417775578796864,0.04126245155930519,,24,0.00021701389050576836,0.0,True,0.2261150946389958,0.00024893568001228583,0.00326960312962798,0.0032725591128738435,0.003278360892733053,2.8277253383610237e-05
23,dark_structures,smooth_gradient,spatial4,0.0477990098297596,0.0018735966878011823,0.019868163391947746,17.018422771079845,0.027131186798214912,0.012605142779648304,0.026000183075666428,0.012046825140714645,0.028262175619602203,0.013163472525775433,0.04355521872639656,,96,0.00021701389050576836,0.0,True,0.17029589769326284,0.014144881064263847,0.01659033222821704,0.016603650173887763,0.01665359711567775,0.0008973850010049441
23,dark_structures,smooth_gradient,spatial8,0.0477990098297596,0.00016411296383012086,0.026352547109127045,15.791774016287697,0.03474413976073265,0.017960958182811737,0.033085618168115616,0.01704377867281437,0.03640266880393028,0.01887812465429306,0.04987329617142677,,384,0.00021701389050576836,0.0,True,0.17561640848352864,0.019006467683892612,0.03838934486268608,0.038376793982209605,0.03846759759931273,0.0033490851607641658
23,dark_structures,stripes_4,identity,0.0663517564535141,0.0663517564535141,0.05827642232179642,12.345071180824675,0.052417583763599396,0.06413523852825165,0.053683437407016754,0.06484708935022354,0.05115174874663353,0.06342341005802155,0.0,,0,0.0038519965019077063,0.0038519965019077063,True,0.0,9.028655815484188e-17,9.028655815484188e-17,9.028655815484188e-17,9.028655815484188e-17,9.028655815484188e-17
23,dark_structures,stripes_4,global,0.0663517564535141,0.006843323353677988,0.02425561286509037,16.15187747607108,0.027859406545758247,0.020651817321777344,0.027139738202095032,0.020366555079817772,0.02857908606529236,0.020937079563736916,0.04008816182613373,,6,0.0038519965019077063,0.0,True,0.0,0.0,0.0,0.0,0.0,0.0
23,dark_structures,stripes_4,uniform96,0.0663517564535141,0.006843330804258585,0.02425561100244522,16.151877809575964,0.02785940282046795,0.020651821047067642,0.027139734476804733,0.02036655694246292,0.02857907861471176,0.020937081426382065,0.040088143199682236,,96,0.0038519965019077063,0.0,True,0.0,0.0,0.0,0.0,0.0,0.0
23,dark_structures,stripes_4,spatial1,0.0663517564535141,0.006843323353677988,0.02425561286509037,16.15187747607108,0.027859406545758247,0.020651817321777344,0.027139738202095032,0.020366555079817772,0.02857908606529236,0.020937079563736916,0.04008816182613373,,6,0.0038519965019077063,0.0,True,0.0,0.0,0.0,0.0,0.0,0.0
23,dark_structures,stripes_4,spatial2,0.0663517564535141,0.006288410164415836,0.025027824565768242,16.015768979004385,0.03195323795080185,0.018102416768670082,0.030630409717559814,0.017897499725222588,0.03327605873346329,0.018307331949472427,0.04328976571559906,,24,0.0038519965019077063,0.0,True,0.05676557907332592,3.21333559839354e-06,0.0007703201054124054,0.0007740366563647278,0.0007749277104912782,4.544886208513988e-07
23,dark_structures,stripes_4,spatial4,0.0663517564535141,0.005467352923005819,0.027326105162501335,15.634222646474248,0.03390452638268471,0.02074766345322132,0.033007990568876266,0.020313061773777008,0.03480110317468643,0.02118227630853653,0.04846129193902016,,96,0.0038519965019077063,0.0,True,0.10055846577930194,0.0007739176050980605,0.014949978985880347,0.014984793910766287,0.01503612825321309,4.079332064949057e-05
23,dark_structures,stripes_4,spatial8,0.0663517564535141,0.0003403847513254732,0.03447119519114494,14.62543658398829,0.042297083884477615,0.02664531208574772,0.040762804448604584,0.02590353973209858,0.04383136332035065,0.02738707885146141,0.07758259028196335,,384,0.0038519965019077063,0.0,True,0.25919836738770813,0.04140298202331797,0.05297365013110513,0.05306032068372823,0.0530144222240885,0.00090089561917157
23,dark_structures,stripes_12,identity,0.030110104009509087,0.030110104009509087,0.05832880735397339,12.341169034754111,0.05246562883257866,0.06419196724891663,0.05373656377196312,0.06490731984376907,0.05119471251964569,0.06347661465406418,0.0,,0,0.0,0.0,True,0.0,9.028655815484188e-17,9.028655815484188e-17,9.028655815484188e-17,9.028655815484188e-17,9.028655815484188e-17
23,dark_structures,stripes_12,global,0.030110104009509087,0.002564464695751667,0.031122611835598946,15.069239637970341,0.034637466073036194,0.027607768774032593,0.033940840512514114,0.027326280251145363,0.03533409163355827,0.02788923867046833,0.03437042981386185,,6,0.0,0.0,True,0.0,0.0,0.0,0.0,0.0,0.0
23,dark_structures,stripes_12,uniform96,0.030110104009509087,0.002564473543316126,0.03112262487411499,15.069237818536159,0.034637451171875,0.027607785537838936,0.033940840512514114,0.027326304465532303,0.035334087908267975,0.027889255434274673,0.03437037020921707,,96,0.0,0.0,True,0.0,0.0,0.0,0.0,0.0,0.0
23,dark_structures,stripes_12,spatial1,0.030110104009509087,0.002564464695751667,0.031122611835598946,15.069239637970341,0.034637466073036194,0.027607768774032593,0.033940840512514114,0.027326280251145363,0.03533409163355827,0.02788923867046833,0.03437042981386185,,6,0.0,0.0,True,0.0,0.0,0.0,0.0,0.0,0.0
23,dark_structures,stripes_12,spatial2,0.030110104009509087,0.002491279039531946,0.031364306807518005,15.035643065005221,0.03652547672390938,0.02620311826467514,0.03536158427596092,0.025902261957526207,0.03768939897418022,0.026503972709178925,0.03485572338104248,,24,0.0,0.0,True,0.0032575153652892406,1.4918397429652838e-06,0.00017255002990172882,0.00017523576872557683,0.00017748450533489006,8.875108421375073e-07
23,dark_structures,stripes_12,spatial4,0.030110104009509087,0.0019195029744878411,0.036715295165777206,14.351529760125327,0.04259943217039108,0.030831148847937584,0.04178008437156677,0.031230611726641655,0.04341879114508629,0.030431678518652916,0.03566912189126015,,96,0.0,0.0,True,0.03990319511795617,0.00839869475056331,0.0021760436309316666,0.0021625228845217124,0.0021614302467710222,3.498962644785637e-05
23,dark_structures,stripes_12,spatial8,0.030110104009509087,0.0002188991493312642,0.057214099913835526,12.424969299452835,0.06415335088968277,0.050274837762117386,0.062318649142980576,0.050594598054885864,0.06598804891109467,0.0499550923705101,0.03712279349565506,,384,0.0,0.00016276042151730508,True,0.07979736072594674,0.017882833035337244,0.02906804909817882,0.02903493494446541,0.029083282135526262,0.003644070638307271
23,high_key,clean,identity,0.06250420212745667,0.06250420212745667,0.0,,0.0,0.0,0.0,0.0,0.0,0.0,0.0,0.0,0,0.0,0.0,True,0.0,9.028655815484188e-17,9.028655815484188e-17,9.028655815484188e-17,9.028655815484188e-17,9.028655815484188e-17
23,high_key,clean,global,0.06250420212745667,2.478507532543972e-08,0.0628805011510849,12.01484005672792,0.06288197636604309,0.06287902593612671,0.0628867894411087,0.06287819147109985,0.06287714838981628,0.06287987530231476,0.0628805011510849,0.0628805011510849,6,0.0,0.0,True,0.0,0.0,0.0,0.0,0.0,0.0
23,high_key,clean,uniform96,0.06250420212745667,2.4785338226251952e-08,0.06288054585456848,12.014836969209695,0.06288201361894608,0.0628790631890297,0.06288681924343109,0.06287822127342224,0.06287720799446106,0.06287989765405655,0.06288054585456848,0.06288054585456848,96,0.0,0.0,True,0.0,0.0,0.0,0.0,0.0,0.0
23,high_key,clean,spatial1,0.06250420212745667,2.478507532543972e-08,0.0628805011510849,12.01484005672792,0.06288197636604309,0.06287902593612671,0.0628867894411087,0.06287819147109985,0.06287714838981628,0.06287987530231476,0.0628805011510849,0.0628805011510849,6,0.0,0.0,True,0.0,0.0,0.0,0.0,0.0,0.0
23,high_key,clean,spatial2,0.06250420212745667,2.4586768176959595e-08,0.06288052350282669,12.014838512968533,0.06288085132837296,0.06288017332553864,0.06288936734199524,0.06287895888090134,0.06287235021591187,0.06288141012191772,0.06288052350282669,0.06288052350282669,24,0.0,0.0,True,1.747263126722592e-08,7.463066395436601e-08,4.4181696819453535e-09,2.4611771879663943e-09,1.4690030465791507e-09,2.41213560526217e-07
23,high_key,clean,spatial4,0.06250420212745667,2.1547252870846023e-08,0.06288052350282669,12.014838512968533,0.06288138031959534,0.06287965178489685,0.06289240717887878,0.06287827342748642,0.06287036836147308,0.06288102269172668,0.06288052350282669,0.06288052350282669,96,0.0,0.0,True,4.357695765574099e-08,1.7307951640374914e-07,1.6544000285523248e-08,1.7889423900623357e-08,1.326236743578172e-08,6.42217607367318e-07
23,high_key,clean,spatial8,0.06250420212745667,9.669408385093448e-09,0.06288059800863266,12.014833367107869,0.06288298219442368,0.06287817656993866,0.06289291381835938,0.06287553161382675,0.06287308037281036,0.06288085877895355,0.06288059800863266,0.06288059800863266,384,0.0,0.0,True,1.0556845784596885e-07,3.398183227622398e-07,1.0317816672576305e-07,9.174617541101026e-08,6.409608423985106e-08,1.272291976578368e-06
23,high_key,homogeneous_dark,identity,0.026405073702335358,0.026405073702335358,0.17064827680587769,7.6789809283788895,0.1706508994102478,0.17064563930034637,0.17065969109535217,0.1706438809633255,0.17064206302165985,0.17064742743968964,0.0,,0,0.0,0.0,True,0.0,9.028655815484188e-17,9.028655815484188e-17,9.028655815484188e-17,9.028655815484188e-17,9.028655815484188e-17
23,high_key,homogeneous_dark,global,0.026405073702335358,1.746550104542166e-08,0.0630209743976593,12.005148862738068,0.06302276998758316,0.06301917880773544,0.06302857398986816,0.063018299639225,0.06301699578762054,0.06302002817392349,0.026404373347759247,,6,0.0,0.0,True,0.0,0.0,0.0,0.0,0.0,0.0
23,high_key,homogeneous_dark,uniform96,0.026405073702335358,1.746538025315658e-08,0.0630209743976593,12.005148862738068,0.06302276253700256,0.06301916390657425,0.06302856653928757,0.06301829218864441,0.06301698088645935,0.0630200207233429,0.026404377073049545,,96,0.0,0.0,True,0.0,0.0,0.0,0.0,0.0,0.0
23,high_key,homogeneous_dark,spatial1,0.026405073702335358,1.746550104542166e-08,0.0630209743976593,12.005148862738068,0.06302276998758316,0.06301917880773544,0.06302857398986816,0.063018299639225,0.06301699578762054,0.06302002817392349,0.026404373347759247,,6,0.0,0.0,True,0.0,0.0,0.0,0.0,0.0,0.0
23,high_key,homogeneous_dark,spatial2,0.026405073702335358,1.729792664662e-08,0.0630209743976593,12.005148862738068,0.0630224198102951,0.0630195364356041,0.06303147971630096,0.06301851570606232,0.06301335990428925,0.06302058696746826,0.026404371485114098,,24,0.0,0.0,True,1.0055033721170598e-09,9.056925255997357e-10,1.8127161068385384e-09,3.0454711899686193e-10,1.3688689995763093e-09,1.387895192477435e-07
23,high_key,homogeneous_dark,spatial4,0.026405073702335358,1.5183108104110943e-08,0.0630209743976593,12.005148862738068,0.06302299350500107,0.06301894038915634,0.06303417682647705,0.0630178228020668,0.0630117878317833,0.06302005052566528,0.026404373347759247,,96,0.0,0.0,True,6.678327428105692e-09,2.595283754095708e-09,1.2459739212617062e-08,1.3981509922097343e-08,1.581249033874065e-08,3.5061262942695595e-07
23,high_key,homogeneous_dark,spatial8,0.026405073702335358,6.8604140146533155e-09,0.06302101910114288,12.005145782101893,0.06302443146705627,0.0630175843834877,0.06303468346595764,0.0630154013633728,0.06301412731409073,0.0630197823047638,0.02640439197421074,,384,0.0,0.0,True,2.373136917450207e-08,5.9064708748941424e-09,1.015144768241143e-07,9.279501829284031e-08,7.711548287901385e-08,6.996445004931559e-07
23,high_key,homogeneous_bright,identity,0.25,0.25,0.06411003321409225,11.930739981171534,0.06410883367061615,0.06411122530698776,0.06410190463066101,0.06411530077457428,0.06411579996347427,0.06410714238882065,0.0,,0,1.0,1.0,True,0.0,9.028655815484188e-17,9.028655815484188e-17,9.028655815484188e-17,9.028655815484188e-17,9.028655815484188e-17
23,high_key,homogeneous_bright,global,0.24999995529651642,1.8417267710901797e-11,0.06412060558795929,11.930023845981946,0.06412430107593536,0.06411689519882202,0.06413542479276657,0.0641159936785698,0.06411325186491013,0.06411775946617126,0.25000473856925964,,6,1.0,0.0,True,0.0,0.0,0.0,0.0,0.0,0.0
23,high_key,homogeneous_bright,uniform96,0.24999995529651642,1.8417267710901797e-11,0.0641205906867981,11.930024855250771,0.06412429362535477,0.06411687284708023,0.06413540989160538,0.0641159862279892,0.06411321461200714,0.06411773711442947,0.25000473856925964,,96,1.0,0.0,True,0.0,0.0,0.0,0.0,0.0,0.0
23,high_key,homogeneous_bright,spatial1,0.24999995529651642,1.8417267710901797e-11,0.06412060558795929,11.930023845981946,0.06412430107593536,0.06411689519882202,0.06413542479276657,0.0641159936785698,0.06411325186491013,0.06411775946617126,0.25000473856925964,,6,1.0,0.0,True,0.0,0.0,0.0,0.0,0.0,0.0
23,high_key,homogeneous_bright,spatial2,0.24999995529651642,1.8417267710901797e-11,0.06412062793970108,11.930022332079147,0.06412434577941895,0.06411691755056381,0.06413544714450836,0.06411601603031158,0.06411328166723251,0.06411776691675186,0.25000476837158203,,24,1.0,0.0,True,3.747002710689009e-15,5.699144810958096e-15,6.661338306154356e-16,6.661338306154356e-16,6.661338306154356e-16,6.661337936477009e-16
23,high_key,homogeneous_bright,spatial4,0.24999995529651642,2.030610922465481e-11,0.06412062048912048,11.930022836713354,0.06412436068058014,0.06411688774824142,0.06413546204566956,0.06411600857973099,0.06411328166723251,0.06411775201559067,0.25000476837158203,,96,1.0,0.0,True,7.251144098874442e-15,4.297488309232106e-15,5.412337303259675e-16,5.412337303259675e-16,5.412337303259675e-16,0.0
23,high_key,homogeneous_bright,spatial8,0.24999995529651642,1.7849546493642343e-11,0.06412050127983093,11.930030910868652,0.064124196767807,0.06411676853895187,0.06413533538579941,0.06411589682102203,0.06411316245794296,0.06411762535572052,0.25000447034835815,,384,1.0,0.0,True,9.182469626412416e-15,1.923519193317224e-15,3.295974578043089e-16,3.295974578043089e-16,3.295974578043089e-16,3.460773317563456e-16
23,high_key,left_right,identity,0.13820216059684753,0.13820216059684753,0.11738104373216629,9.304020331330168,0.1706508994102478,0.06411122530698776,0.17065969109535217,0.06411530077457428,0.17064206302165985,0.06410714238882065,0.0,,0,0.5,0.5,True,0.0,9.028655815484188e-17,9.028655815484188e-17,9.028655815484188e-17,9.028655815484188e-17,9.028655815484188e-17
23,high_key,left_right,global,0.13820214569568634,0.005306347273290157,0.07877029478549957,11.036375292485172,0.11641445755958557,0.041126154363155365,0.11642672121524811,0.04112577438354492,0.11640211939811707,0.04112653061747551,0.10345630347728729,,6,0.5,0.0,True,0.0,0.0,0.0,0.0,0.0,0.0
23,high_key,left_right,uniform96,0.13820214569568634,0.005306354258209467,0.07877030968666077,11.036374470920203,0.11641451716423035,0.041126132011413574,0.11642675846815109,0.04112575948238373,0.11640214920043945,0.04112650826573372,0.1034562885761261,,96,0.5,0.0,True,0.0,0.0,0.0,0.0,0.0,0.0
23,high_key,left_right,spatial1,0.13820214569568634,0.005306347273290157,0.07877029478549957,11.036375292485172,0.11641445755958557,0.041126154363155365,0.11642672121524811,0.04112577438354492,0.11640211939811707,0.04112653061747551,0.10345630347728729,,6,0.5,0.0,True,0.0,0.0,0.0,0.0,0.0,0.0
23,high_key,left_right,spatial2,0.13820214569568634,0.0014619985595345497,0.06672071665525436,11.757392975359222,0.0747314989566803,0.058709919452667236,0.07474055886268616,0.058707933872938156,0.07472247630357742,0.058711931109428406,0.12960883975028992,,24,0.5,0.0,True,0.17178850559859674,0.00032587783306218865,0.007015257561438695,0.007014809364736508,0.007019868547897411,0.0007433346312129212
23,high_key,left_right,spatial4,0.13820214569568634,0.0006780960829928517,0.06494550406932831,11.874509081084938,0.06832153350114822,0.06156948581337929,0.0683317482471466,0.06156804785132408,0.06831126660108566,0.06157094985246658,0.13423462212085724,,96,0.5,0.0,True,0.21220762980854335,0.01552484916796709,0.01695968903581848,0.016958782803226217,0.01697540531723578,0.0026038817384124208
23,high_key,left_right,spatial8,0.13820214569568634,0.00014058005763217807,0.06415699422359467,11.927559910874406,0.06424303352832794,0.06407095491886139,0.06425302475690842,0.06407055258750916,0.06423307210206985,0.06407132744789124,0.13814841210842133,,384,0.5,0.0,True,0.21793068068737867,0.0075639710112585514,0.023835021039930796,0.02383400863437626,0.023848518355722326,0.0010470487835369656
23,high_key,quadrants,identity,0.13820169866085052,0.13820169866085052,0.11738453805446625,9.303891047907834,0.11738768965005875,0.11738134920597076,0.17065969109535217,0.06411530077457428,0.06411579996347427,0.17064742743968964,0.0,,0,0.5,0.5,True,0.0,9.028655815484188e-17,9.028655815484188e-17,9.028655815484188e-17,9.028655815484188e-17,9.028655815484188e-17
23,high_key,quadrants,global,0.13820166885852814,0.00530626205727458,0.07877113670110703,11.036328874308175,0.07877514511346817,0.07876713573932648,0.11642684042453766,0.04112585261464119,0.041123420000076294,0.11640843003988266,0.10345617681741714,,6,0.5,0.0,True,0.0,0.0,0.0,0.0,0.0,0.0
23,high_key,quadrants,uniform96,0.13820166885852814,0.005306272301822901,0.0787711814045906,11.036326409640083,0.07877517491579056,0.07876717299222946,0.11642686277627945,0.04112584888935089,0.0411234125494957,0.11640846729278564,0.10345616936683655,,96,0.5,0.0,True,0.0,0.0,0.0,0.0,0.0,0.0
23,high_key,quadrants,spatial1,0.13820166885852814,0.00530626205727458,0.07877113670110703,11.036328874308175,0.07877514511346817,0.07876713573932648,0.11642684042453766,0.04112585261464119,0.041123420000076294,0.11640843003988266,0.10345617681741714,,6,0.5,0.0,True,0.0,0.0,0.0,0.0,0.0,0.0
23,high_key,quadrants,spatial2,0.13820166885852814,0.002090969355776906,0.06884052604436874,11.62155819673738,0.06881637126207352,0.06886470317840576,0.08125677704811096,0.056070949882268906,0.056375954300165176,0.08165845274925232,0.12509481608867645,,24,0.5,0.0,True,0.13400507934800746,7.41441790475678e-06,0.007574506898146414,0.007574848727344697,0.0075778885050519,0.00026760187526578895
23,high_key,quadrants,spatial4,0.13820166885852814,0.0010339876171201468,0.06617201119661331,11.793256654422827,0.06613606959581375,0.06620797514915466,0.0716717392206192,0.06030115857720375,0.06060038134455681,0.07211475074291229,0.13189727067947388,,96,0.5,0.0,True,0.18994775041506193,0.010217420050504718,0.014493881044928228,0.014493285364252534,0.014505009719693063,0.001752965969647576
23,high_key,quadrants,spatial8,0.13820166885852814,0.0001431692944606766,0.06577133387327194,11.81963350357144,0.06575939059257507,0.06578328460454941,0.0654359757900238,0.0653136670589447,0.06608278304338455,0.06625284254550934,0.1393342912197113,,384,0.5,0.0,True,0.21164987722407777,0.011309162256287475,0.022432494228527253,0.022433955023819157,0.022448970496482815,0.001181898358763143
23,high_key,smooth_gradient,identity,0.10053250193595886,0.10053250193595886,0.047871626913547516,13.19921812802783,0.05863846093416214,0.0371047779917717,0.05863996222615242,0.037101101130247116,0.05863700807094574,0.037108439952135086,0.0,,0,0.1946071982383728,0.1946071982383728,True,0.0,9.028655815484188e-17,9.028655815484188e-17,9.028655815484188e-17,9.028655815484188e-17,9.028655815484188e-17
23,high_key,smooth_gradient,global,0.10053249448537827,0.0022388778161257505,0.06974928081035614,11.56460266071627,0.09099861979484558,0.04849988967180252,0.09100852161645889,0.048500385135412216,0.09098881483078003,0.048499420285224915,0.08640506863594055,,6,0.1946071982383728,0.0,True,0.0,0.0,0.0,0.0,0.0,0.0
23,high_key,smooth_gradient,uniform96,0.10053249448537827,0.002238885033875704,0.06974929571151733,11.56460173289432,0.09099866449832916,0.04849987477064133,0.09100856631994247,0.048500362783670425,0.09098883718252182,0.04849937930703163,0.08640505373477936,,96,0.1946071982383728,0.0,True,0.0,0.0,0.0,0.0,0.0,0.0
23,high_key,smooth_gradient,spatial1,0.10053249448537827,0.0022388778161257505,0.06974928081035614,11.56460266071627,0.09099861979484558,0.04849988967180252,0.09100852161645889,0.048500385135412216,0.09098881483078003,0.048499420285224915,0.08640506863594055,,6,0.1946071982383728,0.0,True,0.0,0.0,0.0,0.0,0.0,0.0
23,high_key,smooth_gradient,spatial2,0.10053249448537827,0.00023925045388750732,0.06415560096502304,11.927654224999792,0.06403087079524994,0.06428030878305435,0.06403996795415878,0.0642797127366066,0.06402178853750229,0.06428088247776031,0.09971778839826584,,24,0.1946071982383728,0.0,True,0.008971175790770369,0.04361124461922904,0.0022922074752049645,0.0022831413331369558,0.0022830576222827295,0.004472619316825748
23,high_key,smooth_gradient,spatial4,0.10053249448537827,4.022816938231699e-05,0.06340844184160233,11.978529187560817,0.06337521970272064,0.06344166398048401,0.06338649243116379,0.06344017386436462,0.0633639320731163,0.0634431540966034,0.10057202726602554,,96,0.1946071982383728,0.0,True,0.03502802570568855,0.02099937218127186,0.00527715196207695,0.00526650003218463,0.005270958035838183,0.0050301851490532215
23,high_key,smooth_gradient,spatial8,0.10053249448537827,9.022591598295548e-07,0.06319868564605713,11.992919537207843,0.06305087357759476,0.06334646791219711,0.0630607083439827,0.06334440410137177,0.0630410760641098,0.06334849447011948,0.10075859725475311,,384,0.1946071982383728,0.0,True,0.09545328743733604,0.0037235857049559037,0.00875014056516227,0.008737891323376592,0.008750378658165995,0.0008562741513067231
23,high_key,stripes_4,identity,0.10240848362445831,0.10240848362445831,0.12214991450309753,9.13106832667998,0.12214914709329605,0.1221507266163826,0.12214946746826172,0.12216725945472717,0.12214883416891098,0.12213412672281265,0.0,,0,0.5,0.5,True,0.0,9.028655815484188e-17,9.028655815484188e-17,9.028655815484188e-17,9.028655815484188e-17,9.028655815484188e-17
23,high_key,stripes_4,global,0.10240846127271652,0.003614542307332158,0.07705964893102646,11.131729738808335,0.07706286013126373,0.077056385576725,0.07707324624061584,0.07705869525671005,0.07705256342887878,0.07705411314964294,0.10034196078777313,,6,0.5,0.0,True,0.0,0.0,0.0,0.0,0.0,0.0
23,high_key,stripes_4,uniform96,0.10240846127271652,0.0036145506892353296,0.07705967128276825,11.131728479104089,0.07706289738416672,0.07705643773078918,0.07707326859235764,0.07705872505903244,0.07705257833003998,0.07705415785312653,0.10034192353487015,,96,0.5,0.0,True,0.0,0.0,0.0,0.0,0.0,0.0
23,high_key,stripes_4,spatial1,0.10240846127271652,0.003614542307332158,0.07705964893102646,11.131729738808335,0.07706286013126373,0.077056385576725,0.07707324624061584,0.07705869525671005,0.07705256342887878,0.07705411314964294,0.10034196078777313,,6,0.5,0.0,True,0.0,0.0,0.0,0.0,0.0,0.0
23,high_key,stripes_4,spatial2,0.10240846127271652,0.0035515439230948687,0.07684869319200516,11.143635132563183,0.07280638813972473,0.08089102059602737,0.07281406223773956,0.08089128881692886,0.07279866188764572,0.08089076727628708,0.10083943605422974,,24,0.5,0.0,True,0.0020647422219500096,2.446483115421207e-06,0.00020713626282983097,0.0002071172417793273,0.0002071599053972174,3.405889087511315e-05
23,high_key,stripes_4,spatial4,0.10240846127271652,0.0035087214782834053,0.07670577615499496,11.151719312558674,0.07319144904613495,0.08022011816501617,0.07320020347833633,0.0802212506532669,0.07318270206451416,0.08021896332502365,0.10120585560798645,,96,0.5,0.0,True,0.004227167929990232,6.637115073308858e-06,0.0003328665529993466,0.00033275857929498243,0.000332993824405851,7.199855484272656e-05
23,high_key,stripes_4,spatial8,0.10240846127271652,0.00014650102821178734,0.0721370205283165,11.41841799290086,0.07230067998170853,0.07197335362434387,0.07231365144252777,0.07197830080986023,0.07228775322437286,0.07196841388940811,0.12497977167367935,,384,0.5,0.0,True,0.10861306352719424,0.02732488754876583,0.018761187441043516,0.01877076988960792,0.018778261826047315,0.0007147579447140815
23,high_key,stripes_12,identity,0.030809981748461723,0.030809981748461723,0.13173991441726685,8.802826230268932,0.1317470669746399,0.1317327618598938,0.13175535202026367,0.13175572454929352,0.13173873722553253,0.1317097544670105,0.0,,0,0.5,0.5,True,0.0,9.028655815484188e-17,9.028655815484188e-17,9.028655815484188e-17,9.028655815484188e-17,9.028655815484188e-17
23,high_key,stripes_12,global,0.030809976160526276,2.9169513471316577e-09,0.10817945003509521,9.658552307635285,0.10818597674369812,0.10817292332649231,0.1081988736987114,0.10818418860435486,0.10817310214042664,0.10816165804862976,0.05103294551372528,,6,0.5,0.0,True,0.0,0.0,0.0,0.0,0.0,0.0
23,high_key,stripes_12,uniform96,0.030809976160526276,2.915584662588344e-09,0.1081797182559967,9.658541539720213,0.1081862524151802,0.10817322134971619,0.1081991195678711,0.10818442702293396,0.10817333310842514,0.10816189646720886,0.051032863557338715,,96,0.5,0.0,True,0.0,0.0,0.0,0.0,0.0,0.0
23,high_key,stripes_12,spatial1,0.030809976160526276,2.9169513471316577e-09,0.10817945003509521,9.658552307635285,0.10818597674369812,0.10817292332649231,0.1081988736987114,0.10818418860435486,0.10817310214042664,0.10816165804862976,0.05103294551372528,,6,0.5,0.0,True,0.0,0.0,0.0,0.0,0.0,0.0
23,high_key,stripes_12,spatial2,0.030809976160526276,7.628725207098341e-09,0.10814468562602997,9.65994817510125,0.10764074325561523,0.10864865034818649,0.10765893757343292,0.10866573452949524,0.10762254893779755,0.10863157361745834,0.05105991289019585,,24,0.5,0.0,True,1.4766825030519997e-06,8.847459088967766e-06,1.889766871506657e-07,1.905790815344857e-07,1.8410853602767858e-07,5.148949712504281e-05
23,high_key,stripes_12,spatial4,0.030809976160526276,8.734813761179794e-09,0.10811254382133484,9.66123913851144,0.10733796656131744,0.10888707637786865,0.10735731571912766,0.10890612006187439,0.10731866955757141,0.1088680624961853,0.05108777433633804,,96,0.5,0.0,True,3.329762970136583e-06,2.0240602299594692e-05,4.20754430551402e-07,4.130213285708795e-07,4.134925017986898e-07,0.00013670240853111342
23,high_key,stripes_12,spatial8,0.030809976160526276,1.0828313357080788e-08,0.10806003212928772,9.663349076688359,0.10731349140405655,0.10880658775568008,0.10733306407928467,0.10882449150085449,0.10729386657476425,0.10878869891166687,0.05113023519515991,,384,0.5,0.0,True,8.617866128783878e-06,5.020893596490323e-05,1.0662418164763816e-06,1.0220959622287551e-06,1.0608375776170016e-06,0.00023861688970717198
