index,step,step_fraction,objective_progress,one_step_progress,luma_mean,luma_std_population,luma_ge_098,luma_le_002,luma_forward_gradient_ratio,rgb_absolute_change,raw_l2,raw_max_abs,target,safe
0,0,0.0,0.0,0.0,0.055772135914432,0.03570953567036496,0.0,0.17814166666666667,0.9999999148639989,5.262331493819753e-09,0.0,0.0,-0.28367069644287035,1
0,1,0.037037037037037035,0.029828583077216357,0.029828583077216357,0.06060043873744955,0.03846401982070335,0.0,0.15967916666666668,1.0743738623926864,0.005095649652776127,0.08999999364217152,0.030000001192092896,-0.13241807929832738,1
0,2,0.07407407407407407,0.061354540129816636,0.03152595705260027,0.06577043318529514,0.04143747781247377,0.0,0.14395833333333333,1.1529985794146496,0.01054490229873724,0.1800558615783088,0.060033366084098816,0.02880817331009311,1
0,3,0.1111111111111111,0.09456659827561137,0.03321205814579473,0.07129411243013926,0.04464160061316405,0.0,0.12847916666666667,1.2359350461380845,0.01635962109695409,0.2702598177154271,0.09013207256793976,0.19988687917688175,1
0,4,0.14814814814814814,0.12942181320149787,0.0348552149258865,0.07718018121409963,0.04808597339078202,0.0,0.114925,1.3231988372706636,0.022548208150529537,0.3606703633921028,0.12032084167003632,0.38039446784178743,1
0,5,0.18518518518518517,0.16585482903097298,0.03643301582947511,0.08343471383620091,0.05177828663678923,0.0,0.10362916666666667,1.4147676131015252,0.02911631139915553,0.4513355353954888,0.15062201023101807,0.5695660198960404,1
0,6,0.2222222222222222,0.20377438909869347,0.0379195600677205,0.09006099919440909,0.05572406083117995,0.0,0.09238333333333333,1.5105793185994325,0.03606668139610556,0.5422947393872446,0.18105535209178925,0.7662211731615738,1
0,7,0.25925925925925924,0.24306266494558385,0.039288275846890375,0.09705899184432117,0.05992620713749174,0.0,0.08324166666666667,1.6105314676501643,0.04339861045895054,0.6335783779459989,0.21163751184940338,0.9686710083870906,1
0,8,0.2962962962962963,0.28357659832862075,0.0405139333830369,0.10442502842641274,0.06438467740338906,0.0,0.07469166666666667,1.714470540247859,0.05110765556334324,0.7252071521093363,0.24238146841526031,1.1746295563051916,1
0,9,0.3333333333333333,0.32514655921104857,0.0415699608824278,0.11215138976383444,0.06909605308119095,0.0,0.067425,1.82220197883255,0.05918519567782383,0.8171911568876382,0.2732958197593689,1.3811283536893058,1
0,10,0.37037037037037035,0.3675786271790129,0.042432067967964344,0.12022596047903299,0.07405322361005381,0.0,0.06116666666666667,1.9334773245537347,0.06761809692880877,0.9095290841805893,0.3043842017650604,1.5844562072700974,1
0,11,0.4074074074074074,0.41065499404449607,0.04307636686548318,0.1286320035245975,0.07924511734093766,0.0,0.054337500000000004,2.047996286948029,0.07638849276090365,1.002207401815317,0.33564460277557373,1.780146383462034,1
0,12,0.4444444444444444,0.4541410764971746,0.04348608245267856,0.13734804807568726,0.08465655541716288,0.0,0.050145833333333334,2.1654109333652305,0.0854736815602137,1.095199583777237,0.3670686185359955,1.9630384386034567,1
0,13,0.48148148148148145,0.4977856503053978,0.04364457380822318,0.1463477011958188,0.09026807769267302,0.0,0.04627916666666667,2.2853318430968814,0.09484594821289713,1.1884654774070218,0.39864084124565125,2.127438840448473,1
0,14,0.5185185185185185,0.5413292378773404,0.04354358757194263,0.15559995236943552,0.09605609726237925,0.0,0.04289166666666667,2.4073218185229783,0.10447288906025093,1.2819508278737275,0.43033817410469055,2.2674144503604037,1
0,15,0.5555555555555556,0.584508067189867,0.04317882931252663,0.16506921850349232,0.10199301948100857,0.0,0.03834166666666667,2.5309035346301965,0.11431746830556659,1.3755869669516163,0.462129145860672,2.377206017624344,1
0,16,0.5925925925925926,0.6270617212443034,0.04255365405443635,0.17471584718811464,0.10804749170219806,0.0,0.03529583333333333,2.6555644695630902,0.12433854047011701,1.4692907165875095,0.49397343397140503,2.4517511845092237,1
0,17,0.6296296296296297,0.6687401836178047,0.04167846237350132,0.18449670764619375,0.11418513544755979,0.0,0.03294166666666667,2.780771756305514,0.13449147248323295,1.562964727844736,0.5258213877677917,2.4872095520320006,1
0,18,0.6666666666666666,0.7093103472108104,0.04057016359300574,0.19436598538673655,0.12036915967850129,0.0,0.0318875,2.9059911011258017,0.1447289684826023,1.656497987783564,0.5576139688491821,2.481411059827151,1
0,19,0.7037037037037037,0.7485600402763977,0.03924969306558717,0.2042754686129452,0.12655994242404428,0.0,0.02987916666666667,3.0306365414424334,0.15500130526147485,1.7497668323791553,0.5892825126647949,2.43424936270131,1
0,20,0.7407407407407407,0.7863048706701816,0.037744830393783915,0.21417555047854792,0.13271624169202312,0.0,0.028358333333333336,3.154125529361102,0.16525736492641802,1.842636159367143,0.6207491159439087,2.347705945742044,1
0,21,0.7777777777777778,0.8223926544826046,0.036087783812422995,0.2240164421401472,0.13879696374897144,0.0,0.0242125,3.275904887309876,0.1754457648921066,1.9349613256584148,0.6520254611968994,2.2255840744061306,1
0,22,0.8148148148148148,0.8567048251492096,0.034312170666605114,0.23374868759470246,0.14475936490782768,0.0,0.0239375,3.3953860459638285,0.1855153250299944,2.026590110665674,0.68406081199646,2.0731966089490808,1
0,23,0.8518518518518519,0.8891587148672743,0.032453889718064545,0.24332358693818898,0.15056141212863847,0.0,0.023258333333333336,3.5120441132079065,0.19541527665304345,2.1173658179544512,0.7160378098487854,1.8968683122844503,1
0,24,0.8888888888888888,0.9197074203948313,0.030548705527557132,0.2526934538037322,0.15615897302470022,0.0,0.0221125,3.6252904041683975,0.20509519356937575,2.2071294575123135,0.7479208111763,1.7034682536574888,1
0,25,0.9259259259259259,0.9483432922761097,0.0286358718812783,0.2618148674726522,0.16151493766370978,0.0,0.021383333333333334,3.7346542947406767,0.21450865866307287,2.295723627940286,0.7796728014945984,1.4995596905049187,1
0,26,0.9629629629629629,0.9750898156823372,0.0267465234062275,0.27064880545008146,0.16659337533088384,1.6666666666666667e-05,0.020716666666666668,3.839648687769765,0.22361356781242325,2.38299621226371,0.8112558722496033,1.291207513496035,1
0,27,1.0,1.0,0.024910184317662842,0.27916346415973364,0.1713709032391753,3.3333333333333335e-05,0.020033333333333334,3.939978547407191,0.2323757581608299,2.4688041345604765,0.8426316976547241,1.0832767703895758,1
1,0,0.0,0.0,0.0,0.06966147545604122,0.03804746145814467,0.0,0.100675,0.9999999146621488,6.455831721218096e-09,0.0,0.0,0.307366083182977,1
1,1,0.037037037037037035,0.031182538254731017,0.031182538254731017,0.07461210221121362,0.04026476196339506,0.0,0.08939166666666667,1.0592639075156218,0.005151067496063318,0.08485280987014415,0.030000001192092896,0.42881505547566334,1
1,2,0.07407407407407407,0.06371800479427221,0.032535466539541195,0.07983916820736701,0.0425736270862815,0.0,0.07972083333333334,1.121020524943301,0.010583965811271143,0.16974648402167303,0.06001915782690048,0.5574528846961737,1
1,3,0.1111111111111111,0.09758060796178526,0.03386260316751306,0.085348096686001,0.044973637696021966,0.0,0.07062500000000001,1.1852620341112363,0.016303878300567804,0.25475869653199285,0.09008688479661942,0.6934604508522924,1
1,4,0.14814814814814814,0.13272202382879839,0.035141415867013116,0.09114127560921782,0.04746310375407898,0.0,0.06253750000000001,1.2519441755148082,0.02231285368772547,0.33993692663198216,0.12022256851196289,0.8369326799448285,1
1,5,0.18518518518518517,0.1690770646912147,0.03635504086241632,0.09721888826434388,0.0500395067622808,0.0,0.05595833333333334,1.3210041349377875,0.028610679767170223,0.42531893645048596,0.15044541656970978,0.9878918943990573,1
1,6,0.2222222222222222,0.20656509619331442,0.037488031502099714,0.1035788568197643,0.05269954173055437,0.0,0.049025,1.3923534472534218,0.03519483581749632,0.510934870353848,0.18077130615711212,1.1462780496787595,1
1,7,0.25925925925925924,0.2450891870533535,0.03852409086003909,0.11021661692250682,0.05543905977356484,0.0,0.04365,1.465881487929183,0.04206026488850217,0.5968072082697448,0.21121308207511902,1.3119333342953272,1
1,8,0.2962962962962963,0.28453582563876334,0.03944663858540982,0.11712491056242759,0.05825304918103562,0.0,0.0386625,1.5414533146427465,0.049199170290319796,0.6829505598579718,0.2417793720960617,1.4845857314421398,1
1,9,0.3333333333333333,0.3247763370901527,0.04024051145138935,0.12429365969160895,0.061135649154276966,0.0,0.034466666666666666,1.618917477174617,0.05660089374914468,0.7693711504787113,0.2724771499633789,1.6638334144920535,1
1,10,0.37037037037037035,0.3656671667461083,0.04089082965595559,0.1317097817370653,0.06408011452173484,0.0,0.03065,1.6980932743850503,0.06425173313755658,0.8560663967695894,0.30331042408943176,1.8491264954184796,1
1,11,0.4074074074074074,0.40705186411679767,0.04138469737068938,0.13935722985597426,0.06707889406541881,0.0,0.02687916666666667,1.7787802064869638,0.07213498911569219,0.9430246560359127,0.3342801630496979,2.0397544779432355,1
1,12,0.4444444444444444,0.44876292514517196,0.0417110610283743,0.14721690280407096,0.07012363987398777,0.0,0.024654166666666668,1.8607519215211987,0.08023088074841137,1.0302248224895272,0.36538398265838623,2.234831372306205,1
1,13,0.48148148148148145,0.49062427217396953,0.04186134702879759,0.15526681840536558,0.07320529227727146,0.0,0.022595833333333336,1.9437644960512686,0.08851672639492188,1.1176361499979959,0.3966161608695984,2.433288561089304,1
1,14,0.5185185185185185,0.5324541590499204,0.04182988687595084,0.163482199046434,0.07631416666763534,0.0,0.020708333333333336,2.027560538418239,0.09696703757301504,1.2052182317778608,0.42796748876571655,2.6338703520899003,1
1,15,0.5555555555555556,0.5740672968097492,0.0416131377598288,0.17183576691061792,0.0794400720094048,0.0,0.018275,2.1118658709456257,0.10555382125060295,1.292920990889666,0.45942527055740356,2.835139639924316,1
1,16,0.5925925925925926,0.6152811598819847,0.04121386307223556,0.18029811391054354,0.08257244524500067,0.0,0.0170375,2.196393918805785,0.11424696264425617,1.3806849745845076,0.49097323417663574,3.0354925291955563,1
1,17,0.6296296296296297,0.6559154900935592,0.04063433021157449,0.18883805237563028,0.08570049449492048,0.0,0.015929166666666668,2.2808519127566114,0.12301458299393159,1.468441616500154,0.5225916504859924,3.233182608394822,1
1,18,0.6666666666666666,0.695799594858419,0.039884104764859804,0.19742322167817566,0.08881339422992622,0.0,0.015175000000000001,2.364950513713055,0.13182365739168922,1.5561138880671213,0.554257333278656,3.426361282799668,1
1,19,0.7037037037037037,0.734773197451926,0.038973602593506976,0.2060204505802029,0.09190040448383634,0.0,0.013754166666666668,2.4483999096331774,0.14064038459192252,1.6436169684159412,0.585943877696991,3.613123657166078,1
1,20,0.7407407407407407,0.772689483827462,0.03791628637553602,0.2145964078077911,0.09495105665438365,0.0,0.013079166666666668,2.530915161389134,0.14943084554611513,1.7308592211956237,0.617621898651123,3.7915715567426513,1
1,21,0.7777777777777778,0.8094189288512347,0.03672944502377261,0.2231182271603438,0.09795535958882601,0.0,0.0109,2.612220846336916,0.15816164261273744,1.817743220453567,0.6492593288421631,3.959883750230393,1
1,22,0.8148148148148148,0.8448491545898769,0.035430225738642226,0.23155399095307702,0.10090387837448982,0.0,0.0108375,2.692062086128163,0.16680037820626167,1.9041669670352124,0.6808217167854309,4.116386834603972,1
1,23,0.8518518518518519,0.878888827401453,0.03403967281157615,0.2398733514954818,0.10378796309188,0.0,0.010450000000000001,2.7702021065146383,0.17531629411024882,1.9900252512163281,0.7122727036476135,4.25962934833295,1
1,24,0.8888888888888888,0.9114657448180558,0.032576917416602784,0.24804792132161432,0.10659977922034623,0.0,0.010025000000000001,2.846422717820136,0.18368065372632314,2.07521095149972,0.7435743808746338,4.388442450048702,1
1,25,0.9259259259259259,0.9425283235260086,0.03106257870795278,0.2560517000163184,0.1093324449423,0.0,0.009575,2.920536539869214,0.19186718096415734,2.1596168409557146,0.7746880054473877,4.50198985580365,1
1,26,0.9629629629629629,0.9720439696732629,0.029515646147254347,0.2638615709404476,0.11198011312864388,0.0,0.009341666666666667,2.992382636815523,0.19985254999611643,2.2431366967064643,0.8055742979049683,4.599800930430643,1
1,27,1.0,1.0,0.02795603032673707,0.271457279655332,0.11453795025686606,0.0,0.008929166666666667,3.061821399337749,0.20761636637922493,2.3256668952427684,0.8361939787864685,4.681773704608961,1
2,0,0.0,0.0,0.0,0.03093699758423989,0.02979287440246261,0.0,0.41774583333333337,0.9999999101106405,2.934479077036182e-09,0.0,0.0,-4.768765424003341,1
2,1,0.037037037037037035,0.023775301780104313,0.023775301780104313,0.0349904234309759,0.03312143881794416,0.0,0.3756375,1.121556374042243,0.004193639282483168,0.10392303537728509,0.029999999329447746,-4.625273911032149,1
2,2,0.07407407407407407,0.0496430855395821,0.02586778375947778,0.039464689771634094,0.03672278002973802,0.0,0.33502916666666666,1.2545732547328228,0.008814132603396946,0.20796481393764307,0.0600406788289547,-4.465534611871583,1
2,3,0.1111111111111111,0.07765499551452001,0.028011909974937917,0.044386085247547426,0.040606088817692655,0.0,0.3149666666666667,1.3995929170184,0.013887193763850439,0.3122287117088503,0.09014902263879776,-4.28800152076961,1
2,4,0.14814814814814814,0.10783507298723427,0.030180077472714256,0.049778925507479414,0.04477816416251075,0.0,0.29331250000000003,1.557130341470902,0.01943644236886499,0.41679870550540243,0.12035165727138519,-4.091035291184253,1
2,5,0.18518518518518517,0.1401793746786148,0.032344301691380535,0.0556654583130269,0.04924368293614942,0.0,0.28000416666666667,1.7276286725801329,0.025483317834319317,0.5217513507529712,0.15067452192306519,-3.872877877738464,1
2,6,0.2222222222222222,0.17465393750729427,0.034474562828679466,0.062065221131855246,0.054004900277965444,0.0,0.2584791666666667,1.9114802691661823,0.03204644136633142,0.6271551135785585,0.18114228546619415,-3.6316452844474476,1
2,7,0.25925925925925924,0.21118854566460313,0.03653460815730885,0.06899422608534321,0.059061317742812355,0.0,0.23837916666666667,2.1089432698878423,0.039140810477251785,0.7330687577263171,0.21177932620048523,-3.365325058303732,1
2,8,0.2962962962962963,0.24967596739925796,0.03848742173465484,0.07646423385860535,0.06440938176257567,0.0,0.22708333333333333,2.320173377678141,0.046777080871179676,0.8395396455549476,0.24260924756526947,-3.0717718639218408,1
2,9,0.3333333333333333,0.2899683933459073,0.04029242594664934,0.08448186510229531,0.07004213463610946,0.0,0.21872083333333334,2.545172947226909,0.05496069598244956,0.9466020812342643,0.27365007996559143,-2.74871106569611,1
2,10,0.37037037037037035,0.33187667330981996,0.04190827996391264,0.09304778614130976,0.07594899078199195,0.0,0.173875,2.7838142918202506,0.06369109174176055,1.054275627277032,0.3049180805683136,-2.393745252288868,1
2,11,0.4074074074074074,0.37517171549495626,0.043295042185136315,0.10215598383276302,0.08211554108842453,0.0,0.15447916666666667,3.0357934829858335,0.07296099344824583,1.1625634654251014,0.3364259898662567,-2.0043685562846765,1
2,12,0.4444444444444444,0.4195853769218318,0.04441366142687555,0.11179314767005442,0.08852345532207362,0.0,0.13445000000000001,3.3005968675640363,0.08275582505449484,1.2714507976261649,0.3681824505329132,-1.577994166334662,1
2,13,0.48148148148148145,0.4648140250989715,0.04522864817713973,0.12193798103642277,0.0951503978905882,0.0,0.13322916666666668,3.5775429794446802,0.09305304900595543,1.3809033430464561,0.40019163489341736,-1.1120137099633585,1
2,14,0.5185185185185185,0.5105257885683703,0.045711763469398724,0.13256108474518208,0.10197005246329349,0.0,0.1293375,3.8658005102411606,0.10382203640235627,1.4908660165321583,0.4324527680873871,-0.6038730640452243,1
2,15,0.5555555555555556,0.5563665354254337,0.04584074685706345,0.14362466484346278,0.10895235283355933,0.0,0.05131666666666667,4.164248341375803,0.11502394849982359,1.6012617285407253,0.46495962142944336,-0.05124469062896786,1
2,16,0.5925925925925926,0.601969031902718,0.04560249647728433,0.15508278643575013,0.11606409950801509,4.166666666666667e-06,0.05129583333333334,4.471615161328587,0.12661187302782137,1.711990433987722,0.49770021438598633,0.5477239662589746,1
2,17,0.6296296296296297,0.6469631185740848,0.0449940866713668,0.16688195120903898,0.12326993402982404,4.166666666666667e-06,0.05099583333333334,4.786493258102959,0.13853142729879087,1.822928706544427,0.5306564569473267,1.1939815225217298,1
2,18,0.6666666666666666,0.6909873493882034,0.04402423081411859,0.1789616709400604,0.13053144508838777,4.166666666666667e-06,0.05099583333333334,5.1073432585851215,0.15072141977140305,1.9339296217506183,0.5638037323951721,1.8868906989730814,1
2,19,0.7037037037037037,0.73369878626505,0.04271143687684662,0.19125563161168943,0.13780936547559833,4.166666666666667e-06,0.05042083333333334,5.432447582409538,0.16311501926793653,2.0448232656822447,0.5971109867095947,2.623082473886379,1
2,20,0.7407407407407407,0.7747839385153745,0.04108515225032445,0.20369291351005261,0.14506335233722634,4.166666666666667e-06,0.05042083333333334,5.759969400776581,0.17564096664539475,2.1554178616041635,0.6305403709411621,3.394741792028304,1
2,21,0.7777777777777778,0.8139675398167838,0.039183601301409306,0.21619965813878947,0.15225321753114313,4.166666666666667e-06,0.05040416666666667,6.0881545212168655,0.1882252478783064,2.2655015363171382,0.6640474796295166,4.1870754451349494,1
2,22,0.8148148148148148,0.8510204983732383,0.03705295855645456,0.22870080085643937,0.15933984874061055,4.166666666666667e-06,0.04915833333333334,6.4150859005266465,0.2007928185707314,2.3748450912101373,0.6975815892219543,4.9750485168006815,1
2,23,0.8518518518518519,0.8857647942133015,0.034744295840063145,0.24112167360683381,0.1662857937733288,4.166666666666667e-06,0.047129166666666666,6.738899210984394,0.21326910353838402,2.4832052702233987,0.7310858964920044,5.720234719045633,1
2,24,0.8888888888888888,0.9180776768743535,0.03231288266105194,0.253390019109041,0.17305631418349435,4.166666666666667e-06,0.047075,7.05783300834068,0.22558208289479048,2.590329025543293,0.7644984722137451,6.37017886405012,1
2,25,0.9259259259259259,0.9478899481681401,0.029812271293786698,0.26543755249796547,0.17962001858110838,4.166666666666667e-06,0.047075,7.370270293044397,0.23766379115988645,2.695958050985016,0.7977529764175415,6.8644638526030075,1
2,26,0.9629629629629629,0.975184499351426,0.027294551183285838,0.27720158256121236,0.185949579455608,4.166666666666667e-06,0.04700833333333333,7.674622700189712,0.2494519673289259,2.7998339830311387,0.8307797312736511,7.1504192675653275,1
2,27,1.0,1.0,0.02481550064857401,0.2886253962520753,0.19201976872197654,4.166666666666667e-06,0.04692916666666667,7.9694103055142,0.26088886252610055,2.901703982258675,0.8635067343711853,7.2043421769717515,1
3,0,0.0,0.0,0.0,0.07183513694333991,0.03826305869624621,0.0,0.08990833333333334,0.9999999366619624,4.9213497226850855e-09,0.0,0.0,-1.025933238205896,1
3,1,0.037037037037037035,0.03275814515570492,0.03275814515570492,0.07638734327980912,0.04055311949492979,0.0,0.08045000000000001,1.0547503864656886,0.004732998830914989,0.07937253544578235,0.030000001192092896,-0.9351022671584097,1
3,2,0.07407407407407407,0.06725618909832963,0.03449804394262471,0.08125515464488378,0.04322961096024937,0.0,0.07255416666666667,1.1125958224039054,0.009788526966471303,0.15879440928599647,0.060032472014427185,-0.8386632122505482,1
3,3,0.1111111111111111,0.10345635415894112,0.03620016506061149,0.08644852292177464,0.04630510264733536,0.0,0.06529166666666666,1.1735789525066291,0.015176349983081714,0.2383409068994051,0.09012937545776367,-0.736633225754936,1
3,4,0.14814814814814814,0.14128635579352034,0.037830001634579224,0.09197424043528336,0.049786177133541325,0.0,0.058825,1.237688969145574,0.020902962493199933,0.3180597189339752,0.12031497806310654,-0.6291455536300941,1
3,5,0.18518518518518517,0.18064676186911804,0.039360406075597695,0.09783658217021361,0.0536743714463292,0.0,0.05341666666666667,1.304890449684137,0.02697226815510011,0.39798877648109604,0.15061087906360626,-0.5164462404044592,1
3,6,0.2222222222222222,0.22140886664785414,0.04076210477873611,0.10403699065061421,0.05796668705697059,0.0,0.0482375,1.3751198883956361,0.03338526607123398,0.4781575022866667,0.1810358315706253,-0.39891024188897006,1
3,7,0.25925925925925924,0.2634148543266102,0.04200598767875604,0.11057371268864745,0.06265596374613985,0.0,0.04417916666666667,1.4482857336652635,0.040139687893381217,0.5585863510191811,0.2116052210330963,-0.27705817064120275,1
3,8,0.2962962962962963,0.3064774719576445,0.04306261763103434,0.1174414398394033,0.06773109100302133,0.0,0.040425,1.524245883638706,0.04722963789809793,0.6392859944211946,0.2423303723335266,-0.1515716509011913,1
3,9,0.3333333333333333,0.3503815013058236,0.04390402934817903,0.12463098659817873,0.0731770942632217,0.0,0.037395833333333336,1.6028319081185938,0.054645277968842616,0.720256430368841,0.27321794629096985,-0.023305303023626323,1
3,10,0.37037037037037035,0.394886702563084,0.04450520125726045,0.13212889511542866,0.07897501054602704,0.0,0.03487083333333334,1.6838391938564379,0.06237242934356845,0.8014860552133616,0.30426913499832153,0.10670491145828542,1
3,11,0.4074074074074074,0.4397297768247411,0.04484307426165713,0.13991737109955732,0.08510191193149252,0.0,0.03238333333333333,1.7670314905227558,0.07039251991308282,0.8829508662509573,0.3354790508747101,0.23724499301041746,1
3,12,0.4444444444444444,0.48463139829625984,0.0449016214715187,0.1479741540126228,0.09153080799666907,0.0,0.030525,1.8521326320598586,0.07868246172298872,0.9646136085714245,0.3668358325958252,0.36693448378125737,1
3,13,0.48148148148148145,0.5292999757061787,0.044668577409918864,0.15627237601449076,0.0982305156926306,0.0,0.029233333333333333,1.9388252420328165,0.08721451480422467,1.0464231661172216,0.39831992983818054,0.4942482386778586,1
3,14,0.5185185185185185,0.573439093362112,0.04413911765593326,0.164780833750526,0.10516586869892784,0.0,0.027775,2.0267631925227714,0.09595657339585208,1.1283139952103016,0.42990341782569885,0.6175577199629334,1
3,15,0.5555555555555556,0.6167565058338288,0.04331741247171683,0.17346425893760398,0.11229789406296767,0.0,0.026325,2.1155724318012656,0.1048724482022711,1.2102058773119813,0.46154919266700745,0.7351846147275403,1
3,16,0.5925925925925926,0.6589699436123317,0.042213437778502984,0.18228371946222569,0.11958417714390934,0.0,0.024970833333333334,2.204864214948538,0.11392227966525373,1.29200392601763,0.49321040511131287,0.8454675539003222,1
3,17,0.6296296296296297,0.6998170072612441,0.040847063648912336,0.1911971488206415,0.12697924201468794,0.0,0.024050000000000002,2.2942272549733325,0.12306307437399908,1.3735988610928869,0.5248301029205322,0.946844682498817,1
3,18,0.6666666666666666,0.7390605642266572,0.039243556965413075,0.20015997742717737,0.1344348904832686,0.0,0.0236,2.3832210664052744,0.13224933264781916,1.45486780827436,0.556340754032135,1.0379459128303061,1
3,19,0.7037037037037037,0.7764967622820558,0.03743619805539858,0.20912616823372107,0.14190185057063195,0.0,0.022920833333333335,2.4714215478075516,0.14143409977212432,1.5356754171497162,0.5876644849777222,1.117653641173419,1
3,20,0.7407407407407407,0.8119594451000115,0.03546268281795571,0.21804852321499396,0.14932903300898198,0.0,0.02245,2.558392317450424,0.1505691894495724,1.6158753714211198,0.6187133193016052,1.1852040613345274,1
3,21,0.7777777777777778,0.8453233412761836,0.03336389617617215,0.22687907578925315,0.1566620188262823,0.0,0.021545833333333334,2.6436615973991024,0.1596055319822568,1.69531230872474,0.6493898630142212,1.2402455987901995,1
3,22,0.8148148148148148,0.8765079892819356,0.03118464800575202,0.23557066999085904,0.1638482871334841,4.166666666666667e-06,0.021420833333333333,2.726801124197399,0.16849406745211,1.7738253267596642,0.6796023845672607,1.282912237384668,1
3,23,0.8518518518518519,0.905474875519719,0.02896688623778328,0.24407639943848633,0.17083306382019706,1.25e-05,0.02111666666666667,2.807361887759937,0.17718596993565444,1.8512492667202494,0.7108450531959534,1.3138066537447468,1
3,24,0.8888888888888888,0.9322357748473827,0.026760899327663793,0.25235269949390826,0.1775677160072997,4.166666666666667e-05,0.02075,2.884947410976703,0.18563468045365364,1.9274204859247002,0.741915225982666,1.33394425834088,1
3,25,0.9259259259259259,0.956841956958479,0.024606182111096275,0.26035884292592804,0.18400449449299247,9.166666666666667e-05,0.02055416666666667,2.959144880266985,0.1937962951206156,2.0021798250929455,0.772773265838623,1.3446931687957555,1
3,26,0.9629629629629629,0.9793888472634944,0.022546890305015426,0.268061347984864,0.19010631220186833,0.00015000000000000001,0.020404166666666668,3.0296928345709846,0.20163493503051383,2.0753798371221115,0.8033793568611145,1.347537692441735,1
3,27,1.0,1.0,0.020611152736505583,0.2754343342726656,0.1958488358206032,0.0002541666666666667,0.0201875,3.0963707179197892,0.20912230033784163,2.1468886460578185,0.8336939811706543,1.344006426925004,1
4,0,0.0,0.0,0.0,0.04764386241729223,0.032105130398601814,0.0,0.23119166666666668,0.999999914295148,4.62413558529483e-09,0.0,0.0,0.08582792726972777,1
4,1,0.037037037037037035,0.027765911242201905,0.027765911242201905,0.05125280121727263,0.034142764615457434,0.0,0.21057916666666668,1.0648373371437907,0.003883855526878809,0.08485280657742159,0.029999999329447746,0.18168649167244588,1
4,2,0.07407407407407407,0.05693895870299819,0.029173047460796287,0.05508063927161694,0.03627698470376848,0.0,0.19277916666666667,1.1328124430040194,0.007997442366167283,0.1697493446811611,0.06001907214522362,0.28259938328393197,1
4,3,0.1111111111111111,0.08752351639550215,0.030584557692503962,0.059133583859954895,0.038508698459283834,0.0,0.174925,1.2039633014147746,0.012346892881460696,0.2547789290796777,0.0900929868221283,0.3885445472716462,1
4,4,0.14814814814814814,0.11950046826240385,0.0319769518669017,0.06341555636407807,0.04083757278806803,0.0,0.1584875,1.2782872197446493,0.016935891879086073,0.3399964089085162,0.12024440616369247,0.49940078713421876,1
4,5,0.18518518518518517,0.15283757620705346,0.03333710794464962,0.06792883960839287,0.04326244252442174,0.0,0.14490833333333333,1.3557538940660077,0.021766383987484088,0.4254471803935319,0.15049293637275696,0.6149575655784094,1
4,6,0.2222222222222222,0.18748705008617617,0.03464947387912269,0.07267408300242685,0.04578137132910929,0.0,0.13043333333333335,1.4363059229121444,0.026838591344349294,0.5111696315191189,0.18085598945617676,0.7349080729164985,1
4,7,0.25925925925925924,0.22338538570938635,0.035898335623210195,0.07765007923250931,0.04839158467482442,0.0,0.11875833333333334,1.519856765584592,0.0321507831841552,0.5971952608741311,0.21134880185127258,0.8588364957400945,1
4,8,0.2962962962962963,0.2604532028387021,0.037067817129315755,0.0828535930310956,0.051089420175446106,0.0,0.10775,1.6062938024257432,0.037699104863141354,0.6835483581066804,0.2419842928647995,0.9862061273324851,1
4,9,0.3333333333333333,0.29859540718903077,0.03814220435032864,0.08827920575151281,0.05387030785842055,0.0,0.097625,1.695481521524993,0.0434774214837131,0.7702455843600299,0.2727729380130768,1.1163504146347591,1
4,10,0.37037037037037035,0.33770086642719754,0.039105459238166794,0.09391913252356089,0.05672872324461965,0.0,0.089475,1.7872550013836808,0.04947713464737042,0.8572955842777922,0.3037225306034088,1.2484636447051134,1
4,11,0.4074074074074074,0.37764338217485977,0.039942515747662215,0.09976315654526402,0.05965820056701251,0.0,0.07985833333333334,1.8814031046069148,0.0556871220860889,0.944698556094604,0.33483803272247314,1.3815990311884185,1
4,12,0.4444444444444444,0.41828104200656396,0.04063765983170418,0.10579859998962544,0.06265137304262017,0.0,0.07393333333333334,1.977684622578581,0.06209371455972497,1.032445889664182,0.36612141132354736,1.5146717050681975,1
4,13,0.48148148148148145,0.45946172746625896,0.041180685459695006,0.11201031409702661,0.06569997290705192,0.0,0.06802083333333334,2.0758372346382052,0.06868069239124759,1.1205200050261128,0.39757153391838074,1.6464666841246594,1
4,14,0.5185185185185185,0.5010213320619535,0.04155960459569458,0.11838070730223779,0.06879492420801356,0.0,0.06322916666666667,2.1755692405049127,0.07542932347554403,1.208894079645296,0.4291839599609375,1.775656338060923,1
4,15,0.5555555555555556,0.5427881352788295,0.04176680321687604,0.124889963766158,0.07192643176468713,0.0,0.05667916666666667,2.27657907314333,0.08231859674191414,1.297532070588588,0.4609510004520416,1.900828611847384,1
4,16,0.5925925925925926,0.5845857185879844,0.041797583309154764,0.13151620636388933,0.07508409134600881,0.0,0.05309166666666667,2.378527049209893,0.08932539809688202,1.3863886829598824,0.4928615391254425,2.020522317163868,1
4,17,0.6296296296296297,0.6262349094522586,0.04164919086427421,0.1382357749795026,0.07825702920577356,0.0,0.04961666666666667,2.4810658333666886,0.09642480686119137,1.4754095807658962,0.5249010920524597,2.133272428742181,1
4,18,0.6666666666666666,0.6675583173398354,0.041323407887576845,0.14502366556595353,0.08143409967853986,0.0,0.04810416666666667,2.5838252843026828,0.10359055481526691,1.564531838203093,0.5570518374443054,2.2376649472697014,1
4,19,0.7037037037037037,0.7083834117334684,0.040825094393632994,0.15185373418751458,0.08460396125477734,0.0,0.045083333333333336,2.6864446479885227,0.11079524050887364,1.653684254498322,0.589292585849762,2.332389296369165,1
4,20,0.7407407407407407,0.7485438181343668,0.04016040640089839,0.1586992557697746,0.08775533609145865,0.0,0.042800000000000005,2.7885545211379354,0.11801091340161964,1.742788077142289,0.6215990781784058,2.4162992351481627,1
4,21,0.7777777777777778,0.7878865270838082,0.03934270894944143,0.16553338352622365,0.09087715704762449,0.0,0.03669166666666667,2.8897894505822412,0.12520955292175318,1.8317578418601808,0.6539441347122192,2.488463117223061,1
4,22,0.8148148148148148,0.8262698691570677,0.03838334207325954,0.17232964225968408,0.09395879421722403,0.0,0.03626666666666667,2.9897977878264395,0.1323635777087106,1.9205021682201637,0.6862977743148804,2.5482096299585812,1
4,23,0.8518518518518519,0.8635670789741028,0.037297209817035035,0.17906219886129116,0.09699011135744207,0.0,0.03529583333333333,3.0882486243438496,0.1394461246681141,2.0089250819640054,0.7186276912689209,2.5951536265661073,1
4,24,0.8888888888888888,0.8996711552141233,0.036104076240020565,0.18570655085576598,0.09996175242134131,0.0,0.03283333333333333,3.1848305814645568,0.1464317633880768,2.0969268935922196,0.7508994936943054,2.629213275961808,1
4,25,0.9259259259259259,0.9344891095983506,0.034817954384227245,0.19223971329936249,0.1028651594727318,0.0,0.0325,3.279261313274562,0.15329668345760245,2.1844056891451817,0.7830771207809448,2.6506020356216293,1
4,26,0.9629629629629629,0.9679502289147863,0.03346111931643571,0.1986406406414042,0.10569273012362457,0.0,0.03147083333333334,3.371288035836206,0.16001912972441254,2.271258544661534,0.8151233792304993,2.659808162577942,1
4,27,1.0,1.0,0.032049771085213716,0.20489042656262793,0.10843788351253697,0.0,0.030220833333333336,3.460693843159984,0.16657960375392708,2.357382764863273,0.8470001816749573,2.657560283878359,1
5,0,0.0,0.0,0.0,0.1383140783354963,0.05637018343741319,0.0,0.0198,0.9999999498534669,1.0147256802560555e-08,0.0,0.0,0.4088480641283052,1
5,1,0.037037037037037035,0.05923265073646859,0.05923265073646859,0.14964545548618263,0.060446794417033135,0.0,0.016875,1.0691275484186298,0.011746710587478528,0.09486832768457903,0.030000001192092896,0.7862581048594084,1
5,2,0.07407407407407407,0.12007071722589382,0.060838066489425226,0.16169859610513523,0.06490505415874678,0.0,0.0143625,1.1416561358934036,0.024230626570370645,0.1897725730230138,0.06002526357769966,1.1970249838259388,1
5,3,0.1111111111111111,0.1821517617959674,0.062081044570073574,0.17448176130074078,0.06975952025476764,0.0,0.012225,1.2175271772972651,0.037459161008541964,0.2847613035888986,0.09010136127471924,1.6420330150433031,1
5,4,0.14814814814814814,0.2450410863845632,0.0628893245885958,0.18799378546879392,0.07501849735054736,0.0,0.010345833333333334,1.296629001994426,0.051430027036057764,0.3798506998592817,0.12024412304162979,2.120813107117309,1
5,5,0.18518518518518517,0.3082413152043988,0.06320022881983557,0.20222431390857667,0.08068350632100385,0.0,0.008925,1.378795142423864,0.06613151346277381,0.4750356411833318,0.15046326816082,2.6307316286603797,1
5,6,0.2222222222222222,0.37120034480556935,0.06295902960117056,0.21715251833959906,0.08674816435133757,0.0,0.007491666666666667,1.4638171726516989,0.08154118722000406,0.5702883033272383,0.18076160550117493,3.16572074111512,1
5,7,0.25925925925925924,0.43331893922457576,0.06211859441900641,0.23274559243620363,0.09319708862072067,0.0,0.006454166666666667,1.5514283748030124,0.09762438652538113,0.6655548333533133,0.21113358438014984,3.7145149428002693,1
5,8,0.2962962962962963,0.49396627519588654,0.06064733597131078,0.248957417748485,0.10000471312176795,0.0,0.0055583333333333335,1.641302277220397,0.1143328722077312,0.7607513122021913,0.24156346917152405,4.2584996910834665,1
5,9,0.3333333333333333,0.5524952744153963,0.05852899921950971,0.26572679375031155,0.10713390451091714,0.0,0.0049,1.733052265033557,0.13160304225279576,0.8557591766414102,0.27202308177948,4.769713931729367,1
5,10,0.37037037037037035,0.608266311762625,0.05577103734722881,0.28297633716945997,0.11453487409255517,0.0,0.004266666666666667,1.8262181879350856,0.14935480906125095,0.9504202876876049,0.30246931314468384,5.210459636288986,1
5,11,0.4074074074074074,0.6606737628309661,0.05240745106834112,0.30061110647789585,0.12214392117902853,0.0,0.0037208333333333334,1.9202704243330186,0.16749021871025713,1.044531977737321,0.3328411281108856,5.53681260174349,1
5,12,0.4444444444444444,0.7091748938870727,0.04850113105610654,0.3185180225228836,0.12988293284963204,4.166666666666667e-06,0.003416666666666667,2.014616603062878,0.1858929311709886,1.1378424297520011,0.3630562722682953,5.70792471899953,1
5,13,0.48148148148148145,0.7533231172663681,0.04414822337929546,0.3365653213520203,0.13765792766983903,4.166666666666667e-06,0.0030958333333333337,2.1085716281840203,0.20442758664925414,1.2300472527616322,0.3934812545776367,5.699419330923382,1
5,14,0.5185185185185185,0.7928008208723497,0.03947770360598156,0.3546036917112888,0.14536140845952558,4.166666666666667e-06,0.0027500000000000003,2.2013891587133507,0.22294093802105572,1.3207880647680774,0.42395442724227905,5.513713562282563,1
5,15,0.5555555555555556,0.827450565073764,0.03464974420141426,0.37246747874620695,0.1528716861315548,4.166666666666667e-06,0.002391666666666667,2.2922582005652417,0.24126244324650553,1.4096556321568887,0.45436692237854004,5.180002991438959,1
5,16,0.5925925925925926,0.8573106450379063,0.029860079964142378,0.38997721003042013,0.16005414332228396,4.166666666666667e-06,0.0020958333333333332,2.3803023444266094,0.25920491555583497,1.4961990496854625,0.48468366265296936,4.743923666325234,1
5,17,0.6296296296296297,0.8826322685443105,0.025321623506404184,0.4069450243088097,0.166764367006307,4.166666666666667e-06,0.0019958333333333334,2.464568440587478,0.27656874275577914,1.5799482995907355,0.5148656964302063,4.2541747272951085,1
5,18,0.6666666666666666,0.9038785622269317,0.021246293682621223,0.4231892404126243,0.17286360672429815,4.166666666666667e-05,0.0018125,2.544023861159553,0.29315707316624146,1.6604571553599332,0.5448706746101379,3.7523795961831485,1
5,19,0.7037037037037037,0.9216231372941373,0.017744575067205535,0.43854476551141985,0.17823383059077785,0.00011666666666666667,0.0016208333333333335,2.6178613532129744,0.30879553312706803,1.7373182574062396,0.5746533274650574,3.268620685967015,1
5,20,0.7407407407407407,0.9365005081119209,0.014877370817783538,0.4528780869543007,0.18279362404772379,0.00030416666666666667,0.0015833333333333335,2.6855053108345044,0.32334591633894727,1.8102092970672556,0.6041663289070129,2.822005473103788,1
5,21,0.7777777777777778,0.9490780394109444,0.012577531299023536,0.46610323060777054,0.18651265318540303,0.0007,0.0015458333333333333,2.746595403981143,0.33672945594988285,1.8789274444256718,0.6333606839179993,2.4217807539794123,1
5,22,0.8148148148148148,0.9598975776407899,0.010819538229845464,0.47816390138127757,0.189385352104282,0.0013000000000000002,0.0013625,2.80096134799734,0.3488981578194634,1.9433470755467983,0.662186861038208,2.0717528899638538,1
5,23,0.8518518518518519,0.9693999431215615,0.009502365480771692,0.4890484454922948,0.19145457964012635,0.00205,0.0013375000000000001,2.8488692942768408,0.35985264859959004,2.003443733760802,0.6905952095985413,1.7711300875766742,1
5,24,0.8888888888888888,0.9779467749701792,0.008546831848617749,0.4987631226294121,0.19277318238839475,0.0027125,0.0013291666666666666,2.890593893773862,0.3696099512643899,2.059253116838893,0.7185368537902832,1.5175239407406824,1
5,25,0.9259259259259259,0.9857822004417325,0.007835425471553168,0.5073469566395777,0.1934227799506046,0.0035625,0.0012708333333333335,2.9265959455082773,0.37822150362872764,2.110904409711446,0.745964527130127,1.306676375912689,1
5,26,0.9629629629629629,0.9930897630558394,0.00730756261410691,0.5148563052792284,0.19349009539228712,0.004383333333333334,0.0012416666666666667,2.9573086221465745,0.38575081199198485,2.1586009114452143,0.7728331685066223,1.134215041782749,1
5,27,1.0,1.0,0.006910236944160642,0.5213419875021864,0.1930538327271461,0.004945833333333333,0.0012416666666666667,2.9831878446740596,0.3922556007526188,2.2025128937612237,0.799100935459137,0.9961591853623606,1
6,0,0.0,0.0,0.0,0.08723273223202203,0.04016312491336566,8.333333333333334e-06,0.019508333333333336,0.9999998966377385,7.97080639232364e-09,0.0,0.0,-4.890292841963743,1
6,1,0.037037037037037035,0.04177327970234788,0.04177327970234788,0.09731370613037522,0.044000979870156956,2.0833333333333336e-05,0.015341666666666667,1.098459645801192,0.010044173871550528,0.10392304451817358,0.030000001192092896,-4.7227610126021995,1
6,2,0.07407407407407407,0.08612564566242856,0.04435236596008067,0.10827006246832621,0.04807073588840443,2.5e-05,0.012391666666666667,1.2032846981429737,0.020960152391624354,0.20795557283080196,0.060038864612579346,-4.537366641787278,1
6,3,0.1111111111111111,0.13292856161242703,0.04680291594999848,0.12013456024301498,0.05237876890585703,3.3333333333333335e-05,0.009625,1.3145685593202103,0.03278051416744646,0.31217509263419635,0.09014340490102768,-4.332514497866355,1
6,4,0.14814814814814814,0.18199234589693924,0.04906378428451221,0.13293282914571639,0.05691892678792481,3.3333333333333335e-05,0.007720833333333334,1.432219570958819,0.045530738566475014,0.4166422503720645,0.12033797055482864,-4.106503493465507,1
6,5,0.18518518518518517,0.23306758174550288,0.051075235848563626,0.1466834043506424,0.06169105148320674,3.7500000000000003e-05,0.005987500000000001,1.5561240816814863,0.05922932331838399,0.5214036621508337,0.15064464509487152,-3.857514289766544,1
6,6,0.2222222222222222,0.285841490857518,0.0527739091120151,0.16139521624114017,0.06668285664212614,3.7500000000000003e-05,0.004733333333333333,1.686103822221918,0.07388518984312671,0.6264900165483661,0.18108268082141876,-3.583601471892793,1
6,7,0.25925925925925924,0.3399365734965922,0.05409508263907421,0.17706672669572357,0.07188310938981356,3.7500000000000003e-05,0.003875,1.8218377715917469,0.0894967898807495,0.7319133635885119,0.2116677314043045,-3.2826907896467254,1
6,8,0.2962962962962963,0.3949153933437705,0.05497881984717833,0.19368388325156818,0.07727383443139332,4.5833333333333334e-05,0.0027958333333333333,1.962934724411594,0.10605018088837323,0.837664230894701,0.24241116642951965,-2.952572763714495,1
6,9,0.3333333333333333,0.45028234033819897,0.05536694699442844,0.21121871770970946,0.08283262164633233,5.416666666666667e-05,0.0021541666666666666,2.108848679126799,0.12351747936758588,0.943708502372373,0.27331918478012085,-2.5908983612965137,1
6,10,0.37037037037037035,0.5054941069873539,0.05521176664915494,0.22962776757350878,0.08853356480740125,6.666666666666667e-05,0.0016916666666666668,2.258986949125696,0.1418553320180114,1.0499839349343856,0.30439192056655884,-2.1951810715529074,1
6,11,0.4074074074074074,0.5599724311866963,0.05447832419934232,0.24885143883978536,0.0943494178848,8.333333333333334e-05,0.0011791666666666667,2.4127228140016173,0.1610044634362379,1.1563968632936694,0.3356225788593292,-1.7627901588253945,1
6,12,0.4444444444444444,0.6131177960099713,0.053145364823275094,0.26881272328497346,0.10024802105588815,9.583333333333334e-05,0.0009666666666666667,2.56924351872633,0.18088815649097023,1.2628188910885916,0.3669964671134949,-1.2909525435254263,1
6,13,0.48148148148148145,0.6643286194890043,0.05121082347903304,0.2894167987865048,0.10619547975452452,0.00012916666666666667,0.0009000000000000001,2.7277273313361037,0.20141202228080754,1.3690833407964476,0.3984895944595337,-0.7767636376269529,1
6,14,0.5185185185185185,0.7130226605360441,0.04869404104703971,0.3105513589991592,0.11215474005804392,0.00015416666666666668,0.0006583333333333334,2.8872878715737396,0.22246405724132914,1.4749823576738026,0.43006810545921326,-0.2171861233859218,1
6,15,0.5555555555555556,0.758659079635496,0.04563641909945184,0.3320870223273508,0.11808581418115896,0.00017083333333333333,0.0006500000000000001,3.047008773078115,0.2439154333120322,1.5802648177189051,0.46168673038482666,0.3909250219255451,1
6,16,0.5925925925925926,0.8007613054056728,0.0421022257701769,0.35387931577264736,0.12394926411350944,0.00020833333333333335,0.00026250000000000004,3.2058761444959787,0.265621954308068,1.6846347098759242,0.49328798055648804,1.0508002291673968,1
6,17,0.6296296296296297,0.8389388938230239,0.03817758841735112,0.3757699782018225,0.1297010541603591,0.000275,0.00025833333333333334,3.3627875960676668,0.2874265238320151,1.7877514914944457,0.5248015522956848,1.7657097762946314,1
6,18,0.6666666666666666,0.8729068187356821,0.03396792491265817,0.3975906993432825,0.13529801031417638,0.0003166666666666667,0.0002541666666666667,3.5167347331902206,0.30916159620184724,1.8892319230989922,0.5561435222625732,2.5388907219399357,1
6,19,0.7037037037037037,0.9024973836296623,0.02959056489398012,0.41916751667899854,0.14070168285627901,0.0003375,0.0002375,3.666694689426918,0.3306536641113777,1.9886543282752378,0.5872160792350769,3.3734235986058483,1
6,20,0.7407407407407407,0.9276700935365775,0.025172709906915215,0.44032460757319086,0.14587589388803812,0.00036250000000000003,0.0002375,3.81162230460024,0.35172747784645053,2.085565544973683,0.617908239364624,4.272020539456133,1
6,21,0.7777777777777778,0.9485094388910906,0.020839345354513174,0.46088825633454633,0.15078394031245576,0.000375,0.0002375,3.950542171453134,0.37220992672852204,2.1794906366910145,0.648097038269043,5.236683832053014,1
6,22,0.8148148148148148,0.9652192418490718,0.016709802957981156,0.48069276898306845,0.15539433404125982,0.0004,0.0002375,4.082599601688861,0.39193577716204714,2.269944997782012,0.6776490807533264,6.268111239540264,1
6,23,0.8518518518518519,0.9781074328992959,0.012888191050224162,0.4995849699246158,0.1596791767648064,0.00042916666666666667,0.0002375,4.206989001325541,0.4107525728439195,2.356448732810702,0.7064232230186462,7.364708412988321,1
6,24,0.8888888888888888,0.9875650226926701,0.009457589793374173,0.5174289014344338,0.16361757735048846,0.0004416666666666667,0.00021250000000000002,4.323057748933243,0.4285247219152238,2.438542255671934,0.7342737317085266,8.52089424325668,1
6,25,0.9259259259259259,0.9940428829123498,0.0064778602196796636,0.5341094357065237,0.16719551510752476,0.00046666666666666666,0.00021250000000000002,4.430317952193501,0.44513757471296383,2.515802356168501,0.7610542178153992,9.724399903982096,1
6,26,0.9629629629629629,0.9980246111192383,0.003981728206888592,0.549534700950865,0.1704053483651556,0.0004916666666666667,0.00021250000000000002,4.528397703540216,0.460499537236358,2.587856844653265,0.7866216897964478,10.952225723566862,1
6,27,1.0,1.0,0.001975388880761634,0.5636372684189009,0.17324600155411496,0.0005125,0.00021250000000000002,4.617055041607781,0.47454346301761624,2.6543968635268382,0.8108411431312561,12.165492480600076,1
7,0,0.0,0.0,0.0,0.07208587691249699,0.03258082993173159,0.0,0.08414166666666667,0.9999999299108151,5.9546728152781725e-09,0.0,0.0,-3.6761768720891697,1
7,1,0.037037037037037035,0.03525010943317774,0.03525010943317774,0.0807117287692861,0.03596628482263185,0.0,0.07090833333333334,1.1035527162978567,0.008471081176479735,0.10392304398047428,0.030000001192092896,-3.545832208275071,1
7,2,0.07407407407407407,0.0729748079347392,0.03772469850156147,0.09012213960333788,0.03959453274501859,0.0,0.060458333333333336,1.21451951848207,0.01771513467604592,0.20796430063490023,0.06004026532173157,-3.4016052170062148,1
7,3,0.1111111111111111,0.11311495364573816,0.04014014571099896,0.10035070173037115,0.04346827089345599,0.0,0.050945833333333336,1.332992845306988,0.027765549619451244,0.3122068926299912,0.09014777094125748,-3.2423427625740286,1
7,4,0.14814814814814814,0.15556436448278602,0.042449410837047855,0.11142577788207705,0.04758773631311588,0.0,0.043575,1.4589943685688307,0.03865059606921018,0.4167200855686524,0.12034816294908524,-3.066842376818866,1
7,5,0.18518518518518517,0.2001661095726393,0.0446017450898533,0.1233696969284512,0.051950645864854594,0.0,0.036458333333333336,1.5924715756400196,0.05039261935766877,0.5215615916720829,0.1506655365228653,-2.8738489088153196,1
7,6,0.2222222222222222,0.24671075256332015,0.04654464299068084,0.13619746636781208,0.05655189257417168,0.0,0.030375000000000003,1.7332916187726202,0.06300676906878426,0.6267758640351161,0.181121826171875,-2.6620589430979535,1
7,7,0.25925925925925924,0.29493342380931686,0.04822267124599673,0.14991538590348397,0.0613833279815874,0.0,0.024275,1.8812336147725381,0.07649962049308427,0.7323918683527084,0.21173618733882904,-2.4301278282250873,1
7,8,0.2962962962962963,0.344512746839491,0.049579323030174136,0.16451963618613136,0.06643349972191794,0.0,0.018866666666666667,2.0359847623816054,0.09086778088203412,0.8384206399273889,0.24252435564994812,-2.1766792946852,1
7,9,0.3333333333333333,0.39507493729779625,0.05056219045830525,0.1799948628043921,0.07168744301036335,0.0,0.014379166666666667,2.197130500636142,0.10609647959685665,0.9448527443750865,0.27349793910980225,-1.9003188559799469,1
7,10,0.37037037037037035,0.44619560842907147,0.05112067113127519,0.19631302678341767,0.07712659822088831,0.0,0.011725000000000001,2.364152426540434,0.12215842779688214,1.051655549867193,0.3046637773513794,-1.5996474885731242,1
7,11,0.4074074074074074,0.49741001843083815,0.05121441000176669,0.21343225750530273,0.08272875543721768,0.0,0.008529166666666668,2.536426625585665,0.139012672995276,1.1587706479873539,0.33602315187454224,-1.2732823485545435,1
7,12,0.4444444444444444,0.5482210243501722,0.05081100591933397,0.23129609897508,0.08846808118348029,0.0,0.007083333333333334,2.713225389632036,0.1566038481827793,1.2661110528504962,0.3675709664821625,-0.9198794974854643,1
7,13,0.48148148148148145,0.5981124036410402,0.04989137929086813,0.2498329907514839,0.09431530554134382,0.0,0.006620833333333334,2.893721919793398,0.17486164598187315,1.3735586684550476,0.3992951512336731,-0.5381638091997338,1
7,14,0.5185185185185185,0.6465646155673035,0.048452211926263276,0.26895634762151205,0.10023798240153177,0.0,0.005029166666666667,3.077003671761651,0.19370088886254042,1.4809618925983217,0.43117570877075195,-0.1269614608311631,1
7,15,0.5555555555555556,0.6930724656853396,0.04650785011803607,0.28856491136575635,0.106200866057166,0.0,0.004791666666666667,3.262063264153926,0.21302186437066736,1.5881337428539135,0.4631839096546173,0.3147560069558395,1
7,16,0.5925925925925926,0.7371618431853122,0.04408937749997261,0.3085438792354637,0.11216646461054702,0.0,0.00255,3.4478271045799653,0.2327114391169996,1.694850596651281,0.49528151750564575,0.7878245611807717,1
7,17,0.6296296296296297,0.7784085321012568,0.04124668891594461,0.3287665856492891,0.11809567589438599,0.0,0.002341666666666667,3.633172158921107,0.2526447010285292,1.8008516991621717,0.5274204611778259,1.2928304551671683,1
7,18,0.6666666666666666,0.8164561685751831,0.03804763647392626,0.3490967836157817,0.12394857892540997,0.0,0.002341666666666667,3.816947379069141,0.2726872229701083,1.9058402755748027,0.5595420598983765,1.8300439697172148,1
7,19,0.7037037037037037,0.8510279033193588,0.034571734744175714,0.36939135485079083,0.1296852435393259,0.0,0.0021125000000000002,3.997992333374561,0.29269772697268764,2.0094854088206255,0.5915769934654236,2.3993378718053133,1
7,20,0.7407407407407407,0.8819394303921669,0.030911527072808094,0.38950366855191026,0.13526671437941926,0.0,0.0021083333333333336,4.175163024422536,0.31253140786256733,2.111426224997055,0.6234452128410339,3.0000977860482045,1
7,21,0.7777777777777778,0.9091027445604312,0.0271633141682643,0.409287300222978,0.14065595093957226,0.0,0.002104166666666667,4.347363873711953,0.33204360990908915,2.2112775065401027,0.6550567150115967,3.6311198269309948,1
7,22,0.8148148148148148,0.9325284103558859,0.023425665795454707,0.4285997924875212,0.14581854168716846,2.9166666666666666e-05,0.0020916666666666666,4.513551580983088,0.35109345033776934,2.3086373661270665,0.6863124370574951,4.290492304904403,1
7,23,0.8518518518518519,0.952322292681983,0.019793882326097134,0.44730454803112374,0.1507169448085476,0.00034583333333333335,0.0019958333333333334,4.672421820425786,0.369544819802291,2.4030962648061367,0.7171053290367126,4.975470700028078,1
7,24,0.8888888888888888,0.9686813846778034,0.01635909199582035,0.46527246059196115,0.15530406127726734,0.0007208333333333334,0.0017791666666666667,4.822647555582095,0.3872707874852718,2.494249457846818,0.7473229169845581,5.682373730100059,1
7,25,0.9259259259259259,0.9818693604644823,0.013187975786678827,0.48239305076127786,0.15955531702463055,0.0010833333333333333,0.0017666666666666668,4.964002442528528,0.40416251363662886,2.581708563489992,0.7768492698669434,6.40644849653013,1
7,26,0.9629629629629629,0.992194714128041,0.010325353663558799,0.498577745074349,0.16346622984568335,0.001425,0.0017666666666666668,5.096162574912084,0.4201318705829035,2.6651138508798278,0.8055675029754639,7.141752469335151,1
7,27,1.0,1.0,0.0078052858719589975,0.5137548924267487,0.1670340001457797,0.0017916666666666667,0.0017666666666666668,5.218834764131222,0.43510814273071463,2.7441394464230484,0.8333632946014404,7.880978211952209,1
8,0,0.0,0.0,0.0,0.10066575060116052,0.03688910790256498,0.0,0.0013375000000000001,0.9999999041995097,9.571643830794427e-09,0.0,0.0,-11.08622579892672,0
8,1,0.037037037037037035,0.04751296425367799,0.04751296425367799,0.11205516435781568,0.04034976569319867,0.0,0.000825,1.0940645744347306,0.011464672123054173,0.10392304129197762,0.030000001192092896,-10.815125641927601,0
8,2,0.07407407407407407,0.09763684305971405,0.05012387880603606,0.12440348068350218,0.044015240899417635,0.0,0.00048750000000000003,1.1937967537900858,0.023892994434876084,0.20795561001001037,0.06003984063863754,-10.511903562491533,0
8,3,0.1111111111111111,0.15016098086299892,0.052524137803284875,0.13774080440872674,0.04788079751377736,0.0,0.00032083333333333334,1.2991346995501998,0.037315036436411576,0.3121639476819786,0.09014572948217392,-10.172712233177915,0
8,4,0.14814814814814814,0.2048044349837826,0.054643454120783676,0.1520894024136127,0.05193855257799918,0.0,0.00021250000000000002,1.4099520238530727,0.051752988467648135,0.41659937444399336,0.12034208327531815,-9.7931266838882,0
8,5,0.18518518518518517,0.2612172619852556,0.05641282700147299,0.1674620929402426,0.056177056798462355,0.0,0.0001375,1.526052460686722,0.06721954071740426,0.5212972316209042,0.15065115690231323,-9.3680090957776,0
8,6,0.2222222222222222,0.3189768643896181,0.05775960240436251,0.18386059316150943,0.06058097474604659,0.0,8.333333333333334e-05,1.6471732528134952,0.0837162259944954,0.6262739473614618,0.18109241127967834,-8.891326434544368,0
8,7,0.25925925925925924,0.3775913866884946,0.05861452229887651,0.20127344087722462,0.0651305640944326,0.0,6.666666666666667e-05,1.7729782178862978,0.10123133733565726,0.7315236140991992,0.21168173849582672,-8.355914576228866,0
8,8,0.2962962962962963,0.43650625009024674,0.058914863401752116,0.2196742050702469,0.06980133446228133,0.0,3.7500000000000003e-05,1.9030555946120677,0.11973813569963096,0.8370142232390018,0.24243071675300598,-7.7531401319695785,0
8,9,0.3333333333333333,0.49511243672719657,0.05860618663694986,0.23901960553296941,0.07456376709112894,0.0,2.5e-05,2.0369148321507873,0.13919296813560975,0.9426835476266006,0.27334579825401306,-7.0724245739364076,0
8,10,0.37037037037037035,0.5527598678784721,0.05764743115127551,0.25924761556335874,0.07938282715308019,0.0,2.0833333333333336e-05,2.173986019525234,0.15953336807579746,1.048434733412782,0.3044273555278778,-6.300557990403979,0
8,11,0.4074074074074074,0.6087768023931325,0.05601693451466042,0.28027630940070114,0.08421796656637992,0.0,2.0833333333333336e-05,2.313624710424543,0.18067690610127435,1.1541319486229162,0.33566877245903015,-5.42064449143766,1
8,12,0.4444444444444444,0.6624921165766762,0.053715314183543625,0.3020025512230953,0.08902286817406169,0.0,1.25e-05,2.4551082568096927,0.20251987827009743,1.2595956736115292,0.3670555055141449,-4.4104911828593405,1
8,13,0.48148148148148145,0.7132597194477328,0.050767602871056666,0.324301473327991,0.09374580094634963,0.0,4.166666666666667e-06,2.597656400844366,0.22493678776438983,1.364598720304433,0.39856386184692383,-3.239994199268839,1
8,14,0.5185185185185185,0.7604893483779597,0.04722962893022681,0.347026854969336,0.09832995469874621,0.0,4.166666666666667e-06,2.7404156707250302,0.2477807326860241,1.4688627862901766,0.4301600158214569,-1.866743442713215,1
8,15,0.5555555555555556,0.8036737114480058,0.04318436307004615,0.37001183623321127,0.10271417364371103,0.0,0.0,2.8824843795755686,0.2708841244324143,1.5720563607273954,0.46179887652397156,-0.2283977741268508,1
8,16,0.5925925925925926,0.8424171219898717,0.03874341054186594,0.3930714064728305,0.10683439586937493,0.0,0.0,3.022932214953884,0.29406118819899146,1.673794820944772,0.4934232234954834,1.7708914593405822,1
8,17,0.6296296296296297,0.8764573411084391,0.03404021911856742,0.41600550423023586,0.11062554369430551,0.0,0.0,3.1607932602697737,0.3171110741724086,1.773643431943703,0.5249626040458679,4.282185585398857,1
8,18,0.6666666666666666,0.9056861595627714,0.02922881845433223,0.4386039303432815,0.11402409316994892,0.0,0.0,3.29510998419737,0.3398227879336654,1.871124083835905,0.5563332438468933,7.513920830718497,1
8,19,0.7037037037037037,0.930151687500408,0.024465527937636643,0.4606521758643964,0.11697150765803546,0.0,0.0,3.424950882677644,0.36198103446939045,1.965726507096714,0.5874373912811279,11.309562650950607,1
8,20,0.7407407407407407,0.9500575183184371,0.019905830818029123,0.481938283856171,0.11941770245086472,0.0,0.0,3.5494009103184,0.3833731001752461,2.056923664881247,0.6181637644767761,12.491861681804345,1
8,21,0.7777777777777778,0.9657459029755322,0.015688384657095083,0.5022607962897507,0.12132496903737669,0.0,0.0,3.6676276200565376,0.4037968230453559,2.1441911949839847,0.6483891010284424,9.399834768750985,1
8,22,0.8148148148148148,0.9776702731804162,0.011924370204883945,0.5214359499589378,0.12267161619847178,0.0,0.0,3.7788628592529836,0.4230678071449957,2.2270292377764496,0.6779794096946716,6.238711803251206,1
8,23,0.8518518518518519,0.986361673629828,0.00869140044941181,0.5393047929025616,0.12345412739641214,0.0,0.0,3.8824969602150814,0.44102655797438606,2.3049843713946228,0.706792950630188,3.8494410202249156,1
8,24,0.8888888888888888,0.9923894570470769,0.006027783417248986,0.5557382640171323,0.1236889191539591,0.0,0.0,3.97805206332173,0.45754357743697155,2.377669106271933,0.7346832752227783,2.04468824994181,1
8,25,0.9259259259259259,0.9963230533375274,0.003933596290450351,0.5706405676696401,0.12341148779581008,0.0,0.0,4.0651581233798515,0.4725227465161362,2.4447769979348286,0.761503279209137,0.6470852187771321,1
8,26,0.9629629629629629,0.9987000097860413,0.002376956448514054,0.5839498860696867,0.12267476379720425,0.0,0.0,4.143604738129196,0.4859020385491694,2.506091556059352,0.7871092557907104,-0.4575629881393475,1
8,27,1.0,1.0,0.0012999902139586256,0.595637885548275,0.12154598097373323,0.0,0.0,4.213332122159794,0.49765302495189956,2.561489071769886,0.8113656044006348,-1.3428208498340588,1
9,0,0.0,0.0,0.0,0.05825448031864899,0.023883781193095657,0.0,0.03356666666666667,0.9999999146536528,4.768395511847404e-09,0.0,0.0,-6.754850382240182,0
9,1,0.037037037037037035,0.03069856342679386,0.03069856342679386,0.06552608792841719,0.026390246352777112,0.0,0.018470833333333336,1.105444236133915,0.00670655820963374,0.1039230429050756,0.030000001192092896,-6.567937667415924,0
9,2,0.07407407407407407,0.0638094535360979,0.03311089010930405,0.07349680383976699,0.02907801190256526,0.0,0.010079166666666667,1.2185840346424845,0.014064542287440014,0.20796995275327465,0.06004054844379425,-6.358759972380129,0
9,3,0.1111111111111111,0.09932400791056127,0.03551455437446336,0.08220133403103998,0.03194933406734913,0.0,0.005820833333333333,1.3394899728526495,0.02210715036153884,0.3122293214199952,0.09014866501092911,-6.124931525106685,0
9,4,0.14814814814814814,0.13719327867382775,0.03786927076326647,0.09167043601891299,0.03500472857794971,0.0,0.0030041666666666667,1.4681845986533482,0.030864007050851232,0.4167772794467761,0.1203504279255867,-5.863816405962194,0
9,5,0.18518518518518517,0.17732542332868312,0.04013214465485537,0.10193013874314738,0.03824293856872873,0.0,0.0015708333333333334,1.6046228842459753,0.04036041143749414,0.5216801969266914,0.15067058801651,-5.572483357465114,1
9,6,0.2222222222222222,0.21958048643334985,0.042255063104666736,0.11300063308569057,0.04166076195521558,0.0,0.0006916666666666667,1.748674210185867,0.05061629370063634,0.6269931054010083,0.181131973862648,-5.247658853171497,1
9,7,0.25925925925925924,0.2637683122720049,0.04418782583865507,0.12489494241817221,0.04525285361947731,0.0,0.00043333333333333337,1.900121462096206,0.06164495356030853,0.732757636159118,0.21175485849380493,-4.885675309279444,1
9,8,0.2962962962962963,0.3096456225935048,0.04587731032149988,0.13761770860247438,0.04901161298340708,0.0,0.000125,2.058651485915387,0.07345190719272618,0.8389997600803096,0.24255625903606415,-4.482403263954129,1
9,9,0.3333333333333333,0.3569170602761266,0.047271437682621764,0.15116385635697419,0.052927033005115864,0.0,5.833333333333333e-05,2.2238560782553987,0.0860336129625813,0.9457275011165696,0.273549348115921,-4.033173921993109,1
9,10,0.37037037037037035,0.4052359198928866,0.048318859616760045,0.16551733162788576,0.0569866012205834,0.0,5e-05,2.3952285439338072,0.09937626321044324,1.052928593082637,0.3047426640987396,-3.5326864449434225,1
9,11,0.4074074074074074,0.4542088442028755,0.04897292430998888,0.18065016038818013,0.06117533947382644,0.0,2.5e-05,2.572151747682446,0.1134548685022287,1.1605679658717076,0.3361395001411438,-2.974893051033275,1
9,12,0.4444444444444444,0.5034041212859495,0.04919527708307394,0.19652148764755575,0.06547579058707954,0.0,8.333333333333334e-06,2.7539038647130325,0.12823233128009662,1.268585408365092,0.3677370548248291,-2.352881196193918,1
9,13,0.48148148148148145,0.5523585205467844,0.048954399260834884,0.2130769583042331,0.06986814255778159,0.0,8.333333333333334e-06,2.939663556561262,0.14365881935318403,1.3768930983383625,0.3995257019996643,-1.6587629600300993,1
9,14,0.5185185185185185,0.6005919040212507,0.048233383474466374,0.2302486179772383,0.07433038081627774,0.0,4.166666666666667e-06,3.128533679411452,0.15967164453079394,1.4853735564885486,0.43148818612098694,-0.8836127585412754,1
9,15,0.5555555555555556,0.6476209505677588,0.047029046546508156,0.24795491661652388,0.07883856579113742,0.0,4.166666666666667e-06,3.319531684211692,0.17619522526423229,1.593877623517674,0.46359875798225403,-0.017598127697187493,1
9,16,0.5925925925925926,0.6929729322418409,0.04535198167408208,0.26610173329997955,0.08336739585808031,0.0,4.166666666666667e-06,3.511612677612704,0.1931420406842572,1.7022231119988471,0.49582257866859436,0.949411194524437,1
9,17,0.6296296296296297,0.7362060657586018,0.04323313351676089,0.28458323721933065,0.08789027682148365,0.0,0.0,3.703669804759832,0.21041338563915019,1.8101939424308133,0.5281150341033936,2.026056448454586,1
9,18,0.6666666666666666,0.7769207318886856,0.040714666130083836,0.30328394713351,0.09238002995456052,0.0,0.0,3.8945696323037846,0.22790129479378554,1.9175403799965605,0.5604212880134583,3.214881851080186,1
9,19,0.7037037037037037,0.8147794616380672,0.037858729749381655,0.322080822930257,0.09680931578631716,0.0,0.0,4.0831621563745655,0.24549049936042155,2.0239801818586876,0.5926757454872131,4.501261842765313,1
9,20,0.7407407407407407,0.8495143462677139,0.034734884629646696,0.34084578502596186,0.10115127069744291,0.0,0.0,4.268323529479225,0.26306078476456396,2.1292010695785355,0.6248021721839905,5.829279386148546,1
9,21,0.7777777777777778,0.8809398743699005,0.03142552810218647,0.35944933844461463,0.10538013884027295,0.0,0.0,4.44896221861809,0.2804904004613733,2.2328647541980278,0.6567143797874451,7.059897677058817,1
9,22,0.8148148148148148,0.9089542886323724,0.028014414262471872,0.3777631911378217,0.10947176971488182,0.0,0.0,4.624050456011092,0.2976585374107966,2.334612331162844,0.6883165836334229,7.94004351464071,1
9,23,0.8518518518518519,0.9335432125733214,0.024588923940949033,0.3956640966177397,0.11340430664725441,0.0,0.0,4.792655086234779,0.3144489493570983,2.434071231167971,0.7195048928260803,8.192964975135897,1
9,24,0.8888888888888888,0.9547731537283722,0.021229941155050905,0.4130366309377385,0.1171584634554141,0.0,0.0,4.9539358349962095,0.3307526018926842,2.5308633507174703,0.7501688003540039,7.759698267281738,1
9,25,0.9259259259259259,0.9727833630656023,0.0180102093372301,0.42977585127390994,0.1207168736430504,0.0,0.0,5.107124932625535,0.3464702921088132,2.624614172544279,0.7801939845085144,6.8646442544987245,1
9,26,0.9629629629629629,0.9877762332699237,0.014992870204321378,0.44579024464423034,0.1240663074190551,0.0,0.0,5.251692285090279,0.3615152919644872,2.714962105364663,0.8094640374183655,5.789966399392167,1
9,27,1.0,1.0,0.012223766730076257,0.4610026952619374,0.1271966235576237,0.0,0.0,5.387173187533803,0.3758143918154729,2.8015682057562525,0.8378639817237854,4.71549210478722,1
10,0,0.0,0.0,0.0,0.01706875783886897,0.011910447762769966,0.0,0.6316583333333333,0.9999999130657308,1.4385383110493423e-09,0.0,0.0,-0.9787541789574394,1
10,1,0.037037037037037035,0.01620687712728159,0.01620687712728159,0.019590954062086843,0.013502993803790513,0.0,0.5448916666666667,1.1362618263444446,0.002263584240570587,0.10392302408559981,0.029999999329447746,-0.9270797452342032,1
10,2,0.07407407407407407,0.034258364759640336,0.01805148763235875,0.022414456600404406,0.015261380575038905,0.0,0.4644375,1.2871403027106119,0.004801476570387604,0.20798490795657174,0.060040660202503204,-0.8689788651083212,1
10,3,0.1111111111111111,0.05426712466385976,0.020008759904219423,0.025562522027581063,0.017195237885025288,0.0,0.3889708333333334,1.453553364277692,0.007635393559439238,0.31227650083572783,0.09014879167079926,-0.8038724378758069,1
10,4,0.14814814814814814,0.07633632971460123,0.022069205050741475,0.029058096689386793,0.019313580895780138,0.0,0.33812083333333337,1.6364026089620163,0.010786845467118677,0.4168880585930131,0.12035101652145386,-0.7311620892319262,1
10,5,0.18518518518518517,0.10055514537434583,0.024218815659744593,0.03292343137970269,0.02162457994109522,0.0,0.30367500000000003,1.8365278455686471,0.014276780047891792,0.521908948386241,0.1506737619638443,-0.6502343285146024,1
10,6,0.2222222222222222,0.12699421117333615,0.026439065798990323,0.037179600246645884,0.024135339881961166,0.0,0.27742500000000003,2.0546840613542385,0.018125140611954783,0.6274253962503858,0.1811423897743225,-0.5604663039876847,1
10,7,0.25925925925925924,0.15570353206688253,0.02870932089354638,0.04184591795272839,0.026851602375767083,0.0,0.2520291666666667,2.2914886713706593,0.022350320206296036,0.7335183982416946,0.2117810845375061,-0.4612342614699747,1
10,8,0.2962962962962963,0.18670494756859943,0.031001415501716888,0.046939337134552006,0.029777465123134398,0.0,0.23259166666666667,2.547467776230161,0.026968609129061225,0.840261902382632,0.24261245131492615,-0.3519225142846363,1
10,9,0.3333333333333333,0.21999122804639376,0.03328628047779433,0.052473753952210274,0.03291508444353645,0.0,0.21402500000000002,2.823043792897295,0.03199353854437165,0.9477211163975933,0.2736576795578003,-0.2319354835785461,1
10,10,0.37037037037037035,0.25551974879438355,0.03552852074798979,0.05845929667626333,0.036264377531293905,0.0,0.19790833333333335,3.118431314224154,0.037435216299613244,1.0559508725527973,0.3049335181713104,-0.10071118945913504,1
10,11,0.4074074074074074,0.29321143571155095,0.03769168691716739,0.06490170318679747,0.03982281211312069,0.0,0.17090833333333333,3.4335928618856673,0.04329973815762658,1.1649941313673486,0.33645424246788025,0.0422655364942095,1
10,12,0.4444444444444444,0.3329466986336899,0.03973526292213897,0.07180159230155324,0.0435851268739237,0.0,0.15810833333333335,3.7682809220737905,0.04958849619734942,1.2748805555881575,0.3682629466056824,0.19744492468005248,1
10,13,0.48148148148148145,0.37456482886406517,0.041618130230375236,0.079153899464324,0.04754322245571531,0.0,0.15385833333333335,4.122021451231555,0.056297639622294164,1.3856252445813801,0.4003714621067047,0.365195536212104,1
10,14,0.5185185185185185,0.41786625843344116,0.043301429569376,0.08694738206646727,0.05168598040944271,0.0,0.13364583333333335,4.494255602147143,0.06341759392876088,1.4972274704030761,0.432774156332016,0.5457848070987961,1
10,15,0.5555555555555556,0.46261195763074114,0.044745699197299975,0.0951642695666199,0.05599930662545335,0.0,0.08432916666666668,4.883859490393425,0.07093271909526148,1.609669604374864,0.4654889404773712,0.7393601946686807,1
10,16,0.5925925925925926,0.5085290078444521,0.04591705021371094,0.1037800144849237,0.06046608229753142,0.0,0.08420833333333334,5.2895507089557405,0.07882104442802892,1.7229161911755715,0.49853768944740295,0.945929635575105,1
10,17,0.6296296296296297,0.555315722552024,0.046786714707571925,0.11276342149193361,0.06506645840721546,0.0,0.08142916666666668,5.709781095762133,0.08705438249984873,1.8369130585643811,0.5318953990936279,1.1653432576365788,1
10,18,0.6666666666666666,0.6026481238652867,0.04733240131326267,0.12207697022034439,0.06977840038627629,0.0,0.08140833333333333,6.142803624867383,0.09559861069897306,1.9515870465396896,0.5655534863471985,1.3972733967494957,1
10,19,0.7037037037037037,0.6501882264838895,0.047540102618602864,0.13167709452913365,0.07457751153592226,0.0,0.07906250000000001,6.586616008229106,0.10441389435782525,2.0668455399794046,0.5994982123374939,1.6412018726909352,1
10,20,0.7407407407407407,0.6975939784394297,0.04740575195554017,0.1415149731741581,0.07943781060873503,0.0,0.07906250000000001,7.0389965354050705,0.1134554206044756,2.182576859329605,0.6337103247642517,1.8964082820159849,1
10,21,0.7777777777777778,0.7445266413448802,0.04693266290545057,0.151537580936204,0.08433221108464387,0.0,0.07894166666666667,7.4978105695683865,0.12267435791169927,2.2986504337812685,0.6681649684906006,2.161965179397212,1
10,22,0.8148148148148148,0.7906626891640768,0.04613604781919654,0.1616887302139862,0.08923311724058709,0.0,0.07162916666666667,7.960382547503931,0.1320188171450081,2.4149181356686933,0.7028318047523499,2.436735546880886,1
10,23,0.8518518518518519,0.835699682287793,0.045036993123716174,0.17191033503437278,0.09411311201201594,0.0,0.07137500000000001,8.424266973647462,0.14143503337962257,2.531215469815495,0.7376748919487,2.719379586680555,1
10,24,0.8888888888888888,0.8793671119818801,0.043667429694087156,0.1821437212021716,0.09894545224600362,0.0,0.07137500000000001,8.8869750438001,0.15086857576560966,2.647363688501099,0.7726531624794006,3.008366014493962,1
10,25,0.9259259259259259,0.9214294880426404,0.042062376060760236,0.19233111332572636,0.10370479928397225,0.0,0.07137500000000001,9.346041259322586,0.16026574559228612,2.763172157062466,0.8077206015586853,3.30199847399272,1
10,26,0.9629629629629629,0.9616913091688906,0.04026182112625016,0.20241683059358137,0.10836767034917426,0.0,0.07076666666666667,9.79918757386143,0.1695746880948576,2.8784412309082796,0.8428269624710083,3.5984416353768243,1
10,27,1.0,1.0,0.038308690831109465,0.21234855887766457,0.1129129295620729,0.0,0.07076666666666667,10.24415437544474,0.17874660370304676,2.9929652932846014,0.877918004989624,3.895761879917842,1
11,0,0.0,0.0,0.0,0.025977293941865737,0.018531148043336228,0.0,0.3893416666666667,0.9999999072849336,2.2835389245301484e-09,0.0,0.0,-2.2649561933472633,1
11,1,0.037037037037037035,0.02308176643444492,0.02308176643444492,0.02954948031198544,0.020747848768613606,0.0,0.3415416666666667,1.124449393824853,0.003429097527660714,0.10392302784949449,0.029999997466802597,-2.191145730285582,1
11,2,0.07407407407407407,0.048343673821911626,0.0252619073874667,0.033514067111671715,0.023164028576040826,0.0,0.3078541666666667,1.260928127231599,0.007232017545217726,0.20797603387171157,0.06004038080573082,-2.1089816644730632,1
11,3,0.1111111111111111,0.07584942905729115,0.02750575523537953,0.03789765650867534,0.025787962338268466,0.0,0.27870833333333334,1.409887856542771,0.011433838908769475,0.3122561247399738,0.09014855325222015,-2.0177839855963455,1
11,4,0.14814814814814814,0.10563953152376426,0.02979010246647311,0.0427256332519756,0.02862668001913087,0.0,0.24971666666666667,1.571846979096752,0.016058461548120895,0.41684923639422256,0.12035106122493744,-1.9168621011486255,1
11,5,0.18518518518518517,0.1377229305232323,0.03208339899946805,0.04802174739687219,0.03168580460008374,0.0,0.22541666666666668,1.7472762564012445,0.0211282154961819,0.5218350569558132,0.15067394077777863,-1.8055184453873263,1
11,6,0.2222222222222222,0.17207611517781884,0.034353184654586526,0.053807518925800046,0.034969335720074414,0.0,0.20080833333333334,1.9365662974020659,0.026663298409992906,0.6272855804873496,0.18114203214645386,-1.6830559392892663,1
11,7,0.25925925925925924,0.20863780552196196,0.03656169034414313,0.06010140121825958,0.03847930834773227,0.0,0.17690416666666667,2.139966927242313,0.03268098369619693,0.7332632732228195,0.21177834272384644,-1.5487914523239716,1
11,8,0.2962962962962963,0.24730349191142376,0.03866568638946179,0.06691798140734359,0.042215524428531,0.0,0.1499625,2.357633493316838,0.03919486682976066,0.8398190738272989,0.2426033765077591,-1.4020695552295823,1
11,9,0.3333333333333333,0.2879246766078748,0.040621184696451054,0.0742671504338704,0.046175276956556904,0.0,0.12381666666666667,2.5895450926459347,0.04621408070377786,0.946990536395823,0.2736346125602722,-1.2422791219591316,1
11,10,0.37037037037037035,0.33030553675106666,0.04238086014319187,0.0821531716055911,0.05035305806154052,0.0,0.1037,2.8355406502197793,0.05374241607799907,1.0547999031904418,0.3048866391181946,-1.0688747255966788,1
11,11,0.4074074074074074,0.37420398614041334,0.04389844938934666,0.09057393658219687,0.05474039964229611,0.0,0.09729583333333333,3.0952736333490214,0.06177762142633179,1.1632521779462202,0.33636876940727234,-0.8813975700849674,1
11,12,0.4444444444444444,0.41933228196732353,0.045128295826910185,0.09952009278378213,0.05932564915538206,0.0,0.07614583333333334,3.368172527398954,0.07031057920300907,1.2723331911301996,0.3680858016014099,-0.6795037574978391,1
11,13,0.48148148148148145,0.46536081689227754,0.04602853492495403,0.1089744826384702,0.06409390985486113,0.0,0.07289583333333334,3.653593327977458,0.07932477506223433,1.3820077857283193,0.40003708004951477,-0.4629911983005286,1
11,14,0.5185185185185185,0.5119250964666487,0.0465642795743712,0.11891166373130158,0.06902705479742853,0.0,0.06340416666666666,3.9504946594643537,0.08879585252919739,1.4922179727458091,0.4322158396244049,-0.23183042387494268,1
11,15,0.5555555555555556,0.5586333232868571,0.04670822682020837,0.12929761088479508,0.07410377489946166,0.0,0.054370833333333334,4.257722283848076,0.09869132862821829,1.6028813614644237,0.4646085798740387,0.013801855576348387,1
11,16,0.5925925925925926,0.60507580134552,0.04644247805866283,0.14008970191792472,0.07929977641473368,0.0,0.05402916666666667,4.573937475468437,0.10897058581281648,1.7138897433911857,0.4971945285797119,0.27348916749012986,1
11,17,0.6296296296296297,0.6508378290935131,0.045762027747993116,0.15123712692329647,0.08458814077192861,0.0,0.03915416666666667,4.897577471100334,0.11958526317731982,1.8251080187078539,0.5299450755119324,0.54654588055147,1
11,18,0.6666666666666666,0.6955130475512814,0.04467521845776832,0.1626814788703592,0.08993971182952827,0.0,0.0391375,5.226950168956409,0.1304798150197312,1.9363736963183833,0.5628232955932617,0.8319874240430227,1
11,19,0.7037037037037037,0.7387142098077372,0.04320116225645575,0.17435766021297275,0.09532363166263809,0.0,0.0342625,5.560167581262289,0.14159237518457685,2.0474968918367296,0.5957837104797363,1.128506288720585,1
11,20,0.7407407407407407,0.780087894279318,0.041373684471580886,0.18619514875527224,0.10070792381462966,0.0,0.0342625,5.895309279872479,0.15285595566003468,2.158261241898173,0.6287720203399658,1.4344575992845492,1
11,21,0.7777777777777778,0.8193257292581347,0.0392378349788167,0.19811959924019423,0.1060602015885186,0.0,0.034237500000000004,6.2303943623467894,0.1641999621286387,2.2684254992089996,0.6617254018783569,1.7478613169900896,1
11,22,0.8148148148148148,0.8561731146892476,0.0368473854311129,0.21005466227080974,0.11134849509769809,0.0,0.034237500000000004,6.56342361345298,0.17555192851861098,2.377726242661235,0.6945726871490479,2.066414361666933,1
11,23,0.8518518518518519,0.8904356687016974,0.03426255401244985,0.22192374330508263,0.11654194604461407,0.0,0.017866666666666666,6.892374054429725,0.18683918238156152,2.485881503481273,0.7272350788116455,2.38752222575655,1
11,24,0.8888888888888888,0.9219836264179145,0.03154795771621703,0.23365206785599726,0.12161144776865068,0.0,0.017866666666666666,7.215325147421869,0.19799079009495457,2.5925955486863232,0.7596272826194763,2.7083612785485176,1
11,25,0.9259259259259259,0.9507532809430077,0.02876965452509316,0.2451684298670236,0.1265303545479586,0.0,0.017866666666666666,7.53054735224208,0.20893923136954287,2.6975643935012896,0.7916587591171265,3.0259528958825985,1
11,26,0.9629629629629629,0.976740536833734,0.025987255890726292,0.25640693715710294,0.13127503794313422,0.0,0.017866666666666666,7.836411388519308,0.21962203483931503,2.800481923168824,0.8232353925704956,3.337263419426005,1
11,27,1.0,1.0,0.023259463166266047,0.26730846494758836,0.13582530537422294,0.0,0.017712500000000003,8.131485127574107,0.22998316910459546,2.9010465093784763,0.8542613387107849,3.6393192549500295,1
12,0,0.0,0.0,0.0,0.0582703318270702,0.03859697035959825,0.0,0.18127916666666669,0.9999999231310921,4.9111077613714675e-09,0.0,0.0,-1.1813435256875717,1
12,1,0.037037037037037035,0.03212290213001906,0.03212290213001906,0.06316808476922561,0.041496651664773766,0.0,0.16269166666666668,1.0721786786299652,0.004945081521761475,0.08999999426305305,0.030000001192092896,-1.0913761392379522,1
12,2,0.07407407407407407,0.06589790854227773,0.033775006412258675,0.06840170267351567,0.04461344883026937,0.0,0.14747083333333333,1.1483914210274788,0.0102257429233694,0.1800441561733289,0.06002700328826904,-0.9953970068700988,1
12,3,0.1111111111111111,0.10129166112693272,0.035393752584654985,0.07398240868021076,0.047957375408450256,0.0,0.13162083333333333,1.2286991389941413,0.01585294794186161,0.27022630970405564,0.09011613577604294,-0.8932705763717674,1
12,4,0.14814814814814814,0.13823552836612457,0.03694386723919185,0.07991773934390085,0.05153598438049858,0.0,0.11824583333333334,1.3131068422865306,0.02183394594695872,0.3606012637894924,0.12029082328081131,-0.784952953277906,1
12,5,0.18518518518518517,0.17663502221666078,0.0383994938505362,0.08621251102125323,0.05535481136168717,0.0,0.10697083333333333,1.4015851965744266,0.028173255179309572,0.4512119367871082,0.15057097375392914,-0.6704799702391098,1
12,6,0.2222222222222222,0.21636900006911033,0.03973397785244958,0.0928686210898993,0.0594171015583104,0.0,0.0958625,1.4940642501368775,0.03487247022786113,0.5420915883600279,0.1809731274843216,-0.549977751225871,1
12,7,0.25925925925925924,0.2572891859232607,0.040920185854150366,0.0998845909377966,0.06372344435024206,0.0,0.08704583333333334,1.5904434821575166,0.04192980973603036,0.6332634862410097,0.2115098088979721,-0.42367796338808095,1
12,8,0.2962962962962963,0.2992217664699283,0.0419325805466676,0.10725516149440507,0.06827134854638568,0.0,0.0777,1.690563560369456,0.049339718034681734,0.7247401245997248,0.24218884110450745,-0.29193268312974663,1
12,9,0.3333333333333333,0.3419664334418722,0.042744666971943915,0.11497097893023726,0.07305492434019135,0.0,0.06988333333333334,1.7942194438039045,0.05709255662082837,0.8165222537211738,0.2730124890804291,-0.1552267482858074,1
12,10,0.37037037037037035,0.38530005460195876,0.04333362116008653,0.12301820162837393,0.07806453646566366,0.0,0.06382083333333334,1.9011592398424748,0.06517421765491406,0.908597952476366,0.3039766252040863,-0.014190206824779672,1
12,11,0.4074074074074074,0.4289797062986017,0.043679651696642945,0.1313782925207898,0.08328653789177617,0.0,0.05692083333333334,2.011084720786024,0.07356592277820778,1.0009416427278113,0.33506977558135986,0.13039481757153748,1
12,12,0.4444444444444444,0.472746504062108,0.043766797763506324,0.14002788827045348,0.0887031194275912,0.0,0.05212916666666667,2.123654251059,0.08224409736012459,1.093513220561037,0.3662721514701843,0.2775928403836643,1
12,13,0.48148148148148145,0.5163313484991963,0.04358484443708828,0.14893872655069965,0.09429218819177933,0.0,0.048787500000000004,2.2384596746779777,0.09118030396416822,1.1862572912522178,0.3975546061992645,0.42631959372717265,1
12,14,0.5185185185185185,0.5594624268775069,0.04313107837831065,0.15807780524154738,0.10002745878824648,0.0,0.044950000000000004,2.3550493029731316,0.10034140676883399,1.279102590033661,0.428877592086792,0.5753574505664973,1
12,15,0.5555555555555556,0.6018696821546722,0.04240725527716519,0.1674071788816873,0.10587707279012983,0.0,0.04059583333333334,2.472918301124478,0.10968932459944691,1.371961541881864,0.460190087556839,0.7233805756176901,1
12,16,0.5925925925925926,0.6432980604573445,0.04142837830267233,0.17688435431290703,0.11180348457589691,0.0,0.03706666666666667,2.5915154010661077,0.11918140991394757,1.464730471370552,0.49142909049987793,0.8689953954365803,1
12,17,0.6296296296296297,0.683519322086596,0.04022126162925158,0.18646059502289705,0.11775700992599741,0.0,0.034458333333333334,2.710184032564571,0.1287684914874786,1.5572906147026404,0.5229135751724243,1.010799146959946,1
12,18,0.6666666666666666,0.7223465658623958,0.038827243775799665,0.19608262694090542,0.12368077577535892,0.0,0.03325416666666667,2.8282149565038095,0.13839664529974302,1.6495107685142156,0.5546393990516663,1.1474499520932033,1
12,19,0.7037037037037037,0.7596426883572056,0.037296122494809944,0.20569351246727494,0.1295121328682365,0.0,0.031566666666666666,2.944848683917215,0.14800801846648295,1.7412518417961713,0.5863918662071228,1.2777384629747042,1
12,20,0.7407407407407407,0.795321501153249,0.03567881279604325,0.2152367238604784,0.13519447562282919,0.0,0.029895833333333333,3.0595028370852035,0.15754519730643304,1.8323732284749403,0.6181418299674988,1.4006586553146532,1
12,21,0.7777777777777778,0.8293431022052583,0.034021601052009444,0.22465916165208383,0.14067820721437063,0.0,0.02609166666666667,3.171474807913357,0.16695435538861525,1.922737974277076,0.649857759475708,1.5154469292493085,1
12,22,0.8148148148148148,0.8617145940772916,0.032371491872033184,0.23391104300746926,0.14592307102241286,0.0,0.025812500000000002,3.280227128107038,0.17618495068912746,2.01221976833954,0.6815059185028076,1.6216464658542487,1
12,23,0.8518518518518519,0.892461753490591,0.03074715941329948,0.24295167654528482,0.15090594625369438,0.0,0.024691666666666667,3.385473065257654,0.18519620120457517,2.1006983202268428,0.7130511403083801,1.7190175777057641,1
12,24,0.8888888888888888,0.9216163424731895,0.029154588982598397,0.2517506255750717,0.15562107926417398,0.0,0.023616666666666668,3.487009251161449,0.19395805433109442,2.188069740120248,0.7444570064544678,1.8074603258640396,1
12,25,0.9259259259259259,0.9492230513157859,0.027606708842596486,0.26028479558421014,0.1600689511326492,0.0,0.022495833333333333,3.5846975927778923,0.2024479991467715,2.2742494874380617,0.7756864428520203,1.8871136799633392,1
12,26,0.9629629629629629,0.9753395783758367,0.026116527060050822,0.2685359013762345,0.16425247901143852,1.25e-05,0.022070833333333335,3.6783994170164074,0.2106485325559812,2.3591721594532085,0.806702196598053,1.9582458605073638,1
12,27,1.0,1.0,0.024660421624163275,0.27649259380548563,0.16818450769648302,2.0833333333333336e-05,0.02124166666666667,3.7681443664972707,0.21854964581945743,2.442761805715285,0.8374671936035156,2.021198229065978,1
13,0,0.0,0.0,0.0,0.057471142381791275,0.03880241644962031,0.0,0.18789166666666668,0.9999999169409806,5.022451255677475e-09,0.0,0.0,0.6522026967785202,1
13,1,0.037037037037037035,0.02883693365788396,0.02883693365788396,0.061653433079142,0.04111094822991601,0.0,0.1706666666666667,1.0617846934070825,0.004190186830429593,0.08485280723596599,0.029999999329447746,0.7765889732595284,1
13,2,0.07407407407407407,0.05905959802522644,0.030222664367342476,0.06607794680196322,0.04351960907317072,0.0,0.15684583333333335,1.1263692847466311,0.00862135116775171,0.16974478230373047,0.060018304735422134,0.9071764441989956,1
13,3,0.1111111111111111,0.09066354197665576,0.03160394395142932,0.0707507732678735,0.04602874939778658,0.0,0.1416,1.193771249367859,0.013299454913232088,0.25476414090873223,0.09008963406085968,1.0438412273921305,1
13,4,0.14814814814814814,0.12362174082241535,0.0329581988457596,0.07567525816227855,0.048637268295514575,0.0,0.12828333333333333,1.2639683043036651,0.01822772069923748,0.33996366906964054,0.1202358603477478,1.1862990874085497,1
13,5,0.18518518518518517,0.15789143196518457,0.03426969114276921,0.08085285852220604,0.05134315716240222,0.0,0.11765,1.3369096246068986,0.023407488204441163,0.4253863476522428,0.15047571063041687,1.334115194041889,1
13,6,0.2222222222222222,0.19341506871265823,0.03552363674747367,0.08628324399867046,0.05414363102768284,0.0,0.10527083333333334,1.4125297101044951,0.028838318269850508,0.5110678753843683,0.1808256059885025,1.4866902588305528,1
13,7,0.25925925925925924,0.23011952543373038,0.036704456721072136,0.09196388375027936,0.0570349569712279,0.0,0.09599166666666667,1.4907376398647543,0.0345175829311891,0.5970368719788343,0.21129968762397766,1.643230404866955,1
13,8,0.2962962962962963,0.26791498477715125,0.03779545934342086,0.09789002447557436,0.0600125099224222,0.0,0.0861875,1.5714051455510574,0.0404404442533288,0.6833145347930841,0.2419096678495407,1.8027303490111244,1
13,9,0.3333333333333333,0.30669716323421314,0.0387821784570619,0.10405448179272511,0.0630707359367426,0.0,0.07839583333333333,1.6543918957345145,0.04659965010159714,0.769914237592591,0.2726646661758423,1.9639528181371713,1
13,10,0.37037037037037035,0.3463444497010115,0.03964728646679842,0.11044747045563112,0.0662031164963114,0.0,0.07173750000000001,1.7395211418062926,0.05298536492671572,0.8568411529621558,0.30357104539871216,2.1254150843087274,1
13,11,0.4074074074074074,0.38672187969752697,0.040377429996515404,0.11705654159375928,0.06940218510666309,0.0,0.06420000000000001,1.8265973289698,0.05958511124375962,0.9440918326451978,0.33463215827941895,2.2853857953433288,1
13,12,0.4444444444444444,0.42768145330515134,0.040959573607624394,0.12386660576142158,0.0726596046765482,0.0,0.05944166666666667,1.915390157098385,0.06638379203762614,1.031653882412089,0.3658483326435089,2.4418981444369887,1
13,13,0.48148148148148145,0.4690627710417414,0.04138131773659003,0.13085988180468827,0.07596617177880825,0.0,0.055358333333333336,2.005650572744765,0.0733636428670602,1.1195058001794496,0.3972165882587433,2.5927746081232925,1
13,14,0.5185185185185185,0.5106970080807002,0.04163423703895879,0.1380160449324916,0.07931191215940522,0.0,0.05139166666666667,2.0971086459561037,0.08050437984291219,1.207616723954634,0.42873066663742065,2.7356776410406507,1
13,15,0.5555555555555556,0.5524089808448999,0.041711972764199724,0.1453124029883211,0.08268621209964139,0.0,0.04576666666666667,2.1894660109392854,0.08778337613835271,1.2959464850831584,0.4603808522224426,2.8681821409165593,1
13,16,0.5925925925925926,0.5940198494756574,0.04161086863075753,0.15272420469400622,0.08607794523141582,0.0,0.0429625,2.282418006761672,0.09517596858862543,1.3844456609650206,0.49215400218963623,2.9878710049795654,1
13,17,0.6296296296296297,0.6353510920518162,0.04133124257615876,0.16022480100801076,0.08947555956590585,0.0,0.04012916666666667,2.375644910415253,0.10265562089990579,1.4730558372683484,0.5240334868431091,3.092444895797186,1
13,18,0.6666666666666666,0.6762275249962484,0.04087643294443215,0.16778633805476378,0.09286738291935151,0.0,0.039025000000000004,2.4688247567770043,0.11019460998871429,1.5617100809922078,0.5559993386268616,3.1798527144872306,1
13,19,0.7037037037037037,0.7164797670916856,0.040252242095437214,0.17537986637359457,0.09624164375126054,0.0,0.03672916666666667,2.5616310714547863,0.11776413799175127,1.650333305939819,0.5880282521247864,3.248408655677581,1
13,20,0.7407407407407407,0.755948849574854,0.03946908248316839,0.18297601202698113,0.09958675209686285,0.0,0.0349375,2.6537393646767335,0.12533499556509325,1.7388431552410637,0.620093822479248,3.2969060098562757,1
13,21,0.7777777777777778,0.7944874878865802,0.0385386383117263,0.19054541505441702,0.10289143968008797,0.0,0.029475,2.744824389083895,0.13287800023947494,1.827150829673907,0.6521667838096619,3.32469535434322,1
13,22,0.8148148148148148,0.8319632610470573,0.03747577316047706,0.19805937382881356,0.10614499545571636,0.0,0.029166666666666667,2.8345919648920885,0.14036463500719273,1.9151621355648705,0.6842153072357178,3.3317281712765396,1
13,23,0.8518518518518519,0.8682608372185299,0.03629757617147261,0.20549005415321367,0.10933732849850669,0.0,0.028475,2.9227570928334883,0.14776725448186367,2.0027785127292854,0.7162052989006042,3.3185510399720393,1
13,24,0.8888888888888888,0.903283245455401,0.03502240823687109,0.2128112099883678,0.11245921341381093,0.0,0.026983333333333335,3.0090553885286027,0.15505980212223366,2.089898440490146,0.7481008768081665,3.2862582601307864,1
13,25,0.9259259259259259,0.9369506834385071,0.03366743798310607,0.21999845762736017,0.1155023372344568,0.0,0.026141666666666667,3.093246901725983,0.1622180786399229,2.1764186742425102,0.7798646688461304,3.2364058753901226,1
13,26,0.9629629629629629,0.9692034583972388,0.03225277495873171,0.2270296459385411,0.11845944048651393,0.0,0.025254166666666668,3.175126280960054,0.16922011228583095,2.262235547836285,0.8114583492279053,3.1708991949400946,1
13,27,1.0,1.0,0.030796541602761223,0.23388504859054884,0.12132432501940962,0.0,0.0244625,3.25451052197899,0.17604634563246704,2.3472464422778434,0.8428432941436768,3.0918722502518463,1
14,0,0.0,0.0,0.0,0.058758139930539945,0.040997117072218384,0.0,0.19161250000000002,0.9999999178852153,5.119301689167818e-09,0.0,0.0,0.4145457959432495,1
14,1,0.037037037037037035,0.029204877094408197,0.029204877094408197,0.06299026049885625,0.043399615965321596,0.0,0.1741375,1.0614082366727084,0.004254245620834021,0.08485280723596599,0.029999999329447746,0.5416018967890519,1
14,2,0.07407407407407407,0.05978549701101216,0.030580619916603963,0.0674649786117016,0.045904335506579914,0.0,0.15987916666666668,1.1255908140952327,0.008750748011503473,0.16974254982630727,0.06001763045787811,0.6748035506194583,1
14,3,0.1111111111111111,0.09173516280978729,0.03194966579877513,0.07218824261396453,0.04851150554025874,0.0,0.14457083333333334,1.192564512683337,0.013495351189201595,0.2547574367074143,0.09008610248565674,0.8139924550612907,1
14,4,0.14814814814814814,0.125023259907764,0.03328809709797671,0.07716321048784132,0.05121985501640874,0.0,0.13116250000000002,1.2623044499711236,0.018491101759705798,0.33994951999631945,0.12022856622934341,0.9588421870761774,1
14,5,0.18518518518518517,0.1596043447833468,0.03458108487558281,0.08239114130838276,0.05402719450147683,0.0,0.12004583333333334,1.3347636754328116,0.023739145269485503,0.42536088321909915,0.15046274662017822,1.108868371785599,1
14,6,0.2222222222222222,0.19541798552536138,0.035813640742014576,0.08787141693698453,0.05693049111949008,0.0,0.1078625,1.409872647353757,0.029238751694469507,0.5110262182261724,0.1808045357465744,1.263411451155397,1
14,7,0.25925925925925924,0.23238716732352488,0.03696918179816348,0.09360130828188955,0.05992580640158175,0.0,0.09809166666666667,1.487536345719094,0.03498708250745355,0.5969731033077043,0.21126750111579895,1.4216121967555289,1
14,8,0.2962962962962963,0.2704194086251166,0.03803224130159175,0.09957577891382749,0.06300825437734205,0.0,0.08810416666666666,1.567638027677905,0.04097899664238147,0.6832216070192983,0.2418627291917801,1.5823887795972045,1
14,9,0.3333333333333333,0.3094070800368842,0.03898767141176757,0.10578736608020788,0.06617200261732846,0.0,0.08017916666666668,1.650032990710698,0.04720693363919078,0.7697839368800682,0.27259865403175354,1.744420134468955,1
14,10,0.37037037037037035,0.3492261287174196,0.039819048680535395,0.11222602698463871,0.06941025161735857,0.0,0.0734625,1.7345454445593156,0.05366076213563534,0.8566640248148631,0.30348092317581177,1.906133887473576,1
14,11,0.4074074074074074,0.3897389484943126,0.040512819776893035,0.1188790276155416,0.07271523303137767,0.0,0.0653,1.820985366148412,0.06032766973545206,0.9438571703824816,0.3345121443271637,2.0657055077745934,1
14,12,0.4444444444444444,0.4307946987660569,0.04105575027174429,0.1257310038741899,0.07607829733855546,0.0,0.06025833333333334,1.9091236581868989,0.06719222714076492,1.0313496682752215,0.36569181084632874,2.2210752200256483,1
14,13,0.48148148148148145,0.4722315368153914,0.04143683804933444,0.13276390597213247,0.07948991713501057,0.0,0.056266666666666666,1.998709902439058,0.0742363327061059,1.1191186511950122,0.39701610803604126,2.3699796434636635,1
14,14,0.5185185185185185,0.5138796473774065,0.04164811056201518,0.139957214926646,0.0829398250387515,0.0,0.051770833333333335,2.0894752856144847,0.08143943194630297,1.2071319432447112,0.4284778833389282,2.5100099962789653,1
14,15,0.5555555555555556,0.5555628371490744,0.04168318977166783,0.1472879753965456,0.08641706693413807,0.0,0.045950000000000005,2.1811263101210754,0.08877854955075568,1.2953479862828592,0.46006646752357483,2.638689530350371,1
14,16,0.5925925925925926,0.5971025210630723,0.0415396839139979,0.15473124112237754,0.0899101911483983,0.0,0.04256666666666667,2.27335676228353,0.09622873576439969,1.3837160398317014,0.4917677640914917,2.753580079389552,1
14,17,0.6296296296296297,0.6383197951501717,0.041217274087099444,0.16226025591983376,0.09340738211230996,0.0,0.0397875,2.365855285967725,0.10376324859057916,1.4721763278074178,0.5235642194747925,2.852400227498329,1
14,18,0.6666666666666666,0.6790414159499745,0.040721620799802793,0.16984706175462405,0.09689667500561583,0.0,0.03860416666666667,2.458290750752434,0.11135415974076476,1.560660657906699,0.5554348826408386,2.9331563299541585,1
14,19,0.7037037037037037,0.7190994018835303,0.040057985933555834,0.1774625946328244,0.10036601653415726,0.0,0.03645,2.5503407937561553,0.11897245097134729,1.6490927356703275,0.5873554944992065,2.994263900453925,1
14,20,0.7407407407407407,0.7583369329385966,0.03923753105506623,0.18507748797532653,0.10380358179097339,0.0,0.03465833333333333,2.6416878045214314,0.1265888147864827,1.7373890877900018,0.6192987561225891,3.0346572166587524,1
14,21,0.7777777777777778,0.7966093871008325,0.038272454162235924,0.1926624349286934,0.10719790838320886,0.0,0.0289375,2.732016846979225,0.13417401643100765,1.825459943642841,0.6512345671653748,3.053860525750446,1
14,22,0.8148148148148148,0.833788246902147,0.037178859801314544,0.20018876034399274,0.11053807973289914,0.0,0.028645833333333336,2.821029215800992,0.14169946289798505,1.9132101989403896,0.6831302642822266,3.052017497859147,1
14,23,0.8518518518518519,0.8697610196952222,0.03597277279307524,0.20762880344114948,0.11381388348481232,0.0,0.027858333333333336,2.908439013516054,0.1491375837479537,2.000540697694857,0.7149510383605957,3.0298743434627795,1
14,24,0.8888888888888888,0.9044344266725727,0.03467340697735047,0.21495645933163665,0.1170159622000882,0.0,0.02662916666666667,2.993986281585987,0.15646237082973175,2.0873493843190416,0.7466603517532349,2.988715528400709,1
14,25,0.9259259259259259,0.9377328880824922,0.03329846140991954,0.22214752441283053,0.120135918476097,0.0,0.02546666666666667,3.0774400880114814,0.16364971970314834,2.1735326271049864,0.7782204151153564,2.9302677222685904,1
14,26,0.9629629629629629,0.9696007555423956,0.03186786745990327,0.22918006918635717,0.12316644097317415,0.0,0.02474166666666667,3.1585964379017444,0.1706778030181433,2.258986813457036,0.809592604637146,2.856577271500729,1
14,27,1.0,1.0,0.030399244457604464,0.23603465864071946,0.12610132991641093,0.0,0.023875,3.237277078575485,0.1775272853021743,2.3436094214515832,0.8407381176948547,2.7698846814888416,1
15,0,0.0,0.0,0.0,0.17511024223502722,0.09310873641923995,0.0,0.038920833333333335,0.9999999818774964,5.583783301214377e-09,0.0,0.0,1.0550595276405819,1
15,1,0.037037037037037035,0.046170514438822495,0.046170514438822495,0.18136000081030212,0.09402214636782388,0.0,0.03490416666666667,1.0356766892425808,0.005923888314114366,0.07348468835971951,0.030000001192092896,1.1981897922129452,1
15,2,0.07407407407407407,0.09322711475306093,0.047056600314238445,0.18787619342291723,0.09517476475103133,0.0,0.0316875,1.0725359750428411,0.012104479762179675,0.14696719985963388,0.06000760942697525,1.3463900236515833,1
15,3,0.1111111111111111,0.14102785211157953,0.0478007373585186,0.19465788657768252,0.09658082876745294,0.0,0.027991666666666668,1.110529995199249,0.018541192890923576,0.2204948498504085,0.09004911780357361,1.4992866725599132,1
15,4,0.14814814814814814,0.18939638479464133,0.04836853268306178,0.20169995498185428,0.09825119421605988,0.0,0.024837500000000002,1.1495849965404614,0.02522946027274399,0.29408371041255454,0.12013805657625198,1.6563259040790292,1
15,5,0.18518518518518517,0.2381372361299421,0.048740851335300775,0.20899432442556218,0.10019294863380389,0.0,0.022583333333333334,1.1896012814671768,0.0321618857511759,0.3677378941913539,0.15028361976146698,1.8167916993008575,1
15,6,0.2222222222222222,0.2870366699479567,0.04889943381801459,0.21653003624712783,0.10240897259229213,0.0,0.0199125,1.2304857644038933,0.03932830141192147,0.441451527507617,0.18049155175685883,1.9797975974322828,1
15,7,0.25925925925925924,0.33586719292371947,0.04883052297576277,0.22429307503266296,0.10489767187734592,0.0,0.018075,1.2721347390765156,0.046715593175602976,0.5152087433182936,0.2107641100883484,2.144276752678538,1
15,8,0.2962962962962963,0.3843891804224672,0.04852198749874779,0.23226630641096255,0.10765284878710496,0.0,0.016075000000000002,1.3144341859384816,0.054307635358113074,0.5889831959954384,0.24109984934329987,2.308978784115874,1
15,9,0.3333333333333333,0.432356504426865,0.047967324004397786,0.2404294159091594,0.11066372321831396,0.0,0.014520833333333334,1.357266113583639,0.062085226886525444,0.6627375225455588,0.27149343490600586,2.4724735711449934,1
15,10,0.37037037037037035,0.4795187847078962,0.04716228028103117,0.24875885510776238,0.11391515815164552,0.0,0.013320833333333334,1.4005054458645059,0.07002603078067769,0.7364228930449378,0.30193525552749634,2.633165510437527,1
15,11,0.4074074074074074,0.5256293929880279,0.04611060828013171,0.2572280819805632,0.1173879887410724,0.0,0.011941666666666666,1.444012047773968,0.07810480179783837,0.8099786120911961,0.33241140842437744,2.789324011537717,1
15,12,0.4444444444444444,0.5704483294373486,0.0448189364493207,0.2658076819755473,0.12105949494821597,0.0,0.010879166666666667,1.4876379672799027,0.0862934960469319,0.8833318681227974,0.3629033863544464,2.9391255848834756,1
15,13,0.48148148148148145,0.6137493513813872,0.04330102194403864,0.2744656386512447,0.12490387360843061,0.0,0.010087500000000001,1.5312257604702095,0.09456152510938183,0.9563977727282383,0.39338818192481995,3.080711693589631,1
15,14,0.5185185185185185,0.6553254761632894,0.04157612478190219,0.2831677997536244,0.12889289801723364,0.0,0.009416666666666667,1.5746158662365746,0.10287620290303862,1.0290796220133267,0.42383819818496704,3.2122618805508356,1
15,15,0.5555555555555556,0.6949922328351034,0.03966675667181393,0.2918783135514379,0.1329966699528244,0.0,0.0081375,1.6176472113002123,0.11120316859969301,1.1012694156399172,0.4542209506034851,3.332074843452544,1
15,16,0.5925925925925926,0.7325946658005495,0.03760243296544615,0.30056024833179,0.13718410672257741,0.0,0.007491666666666667,1.66015318148143,0.11950697008649974,1.172848847278242,0.48449966311454773,3.4386557389667676,1
15,17,0.6296296296296297,0.7680090857257131,0.03541441992516357,0.3091763129696027,0.141423759367573,0.0,0.007050000000000001,1.70197813859671,0.127751761869768,1.243690503609103,0.5146332383155823,3.53079949174157,1
15,18,0.6666666666666666,0.8011479470759729,0.033138861350259806,0.3176892965744952,0.1456841742345665,0.0,0.006779166666666667,1.7429596569349979,0.1359017224259804,1.3136596513093755,0.5445765852928162,3.6076574611697207,1
15,19,0.7037037037037037,0.8319592227907541,0.03081127571478115,0.3260630451089889,0.14993472519276774,0.0,0.006504166666666667,1.782947570403134,0.14392199431820515,1.3826160439366704,0.5742812156677246,3.6687901572362787,1
15,20,0.7407407407407407,0.860427779999072,0.028468557208317976,0.33426294893461994,0.15414592145999817,0.0,0.006166666666666667,1.8217983063007235,0.15177915069495276,1.4504167391408624,0.6036959290504456,3.7141864709621597,1
15,21,0.7777777777777778,0.8865793821011153,0.026151602102043325,0.3422562658496906,0.15828892603772196,0.0,0.005995833333333334,1.8593704615255624,0.15944144990623463,1.5169192413253767,0.6327676177024841,3.7442575875281445,1
15,22,0.8148148148148148,0.9104694329137943,0.023890050812678944,0.3500135459744785,0.162338014755384,0.0,0.0050625,1.8955499332793788,0.16688030581140323,1.5819846265070936,0.6614420413970947,3.759800890275951,1
15,23,0.8518518518518519,0.9321929818746976,0.02172354896090329,0.3575085883103832,0.16626895938087652,0.0,0.0049625,1.9302234149624786,0.1740701337306579,1.6454830178550142,0.689664900302887,3.7619387101002424,1
15,24,0.8888888888888888,0.9518663394798219,0.019673357605124366,0.3647189381641817,0.17006064143837685,0.0,0.0049125,1.963312179893794,0.1809889304326356,1.707293820854019,0.7173824906349182,3.7520373849901105,1
15,25,0.9259259259259259,0.9696268271534731,0.017760487673651258,0.3716268001388665,0.17369577752818566,0.0,0.004604166666666667,1.9947620807720539,0.18761915187389952,1.7673123079947046,0.7445430159568787,3.731625289913241,1
15,26,0.9629629629629629,0.9856183947675785,0.015991567614105286,0.37821921288469207,0.17716164635565376,0.0,0.0044958333333333335,2.024533235311588,0.1939479500110908,1.8254504797754023,0.7710968852043152,3.702303414642646,1
15,27,1.0,1.0,0.014381605232421513,0.38448781209577976,0.18044889600218209,0.0,0.004383333333333334,2.052625586412288,0.19996688946052196,1.8816413099718037,0.7969975471496582,3.6656696572194054,1
16,0,0.0,0.0,0.0,0.019269669766522075,0.027486169995681604,0.0,0.7852416666666667,0.9999999096473764,1.7946663623054823e-09,0.0,0.0,-3.1615273443187792,1
16,1,0.037037037037037035,0.0181320309455444,0.0181320309455444,0.021904414280001196,0.030510184026449262,0.0,0.7418291666666667,1.1329779363366732,0.002600745168962102,0.10392302247250168,0.029999999329447746,-3.0709805177954177,1
16,2,0.07407407407407407,0.03811217653034787,0.019980145584803467,0.024832725371600188,0.03377875488031255,0.0,0.6809375000000001,1.2800643195957702,0.005493250298430212,0.20797875047891723,0.060040704905986786,-2.9704280696734155,1
16,3,0.1111111111111111,0.060033056105965085,0.021920879575617214,0.028075843454373504,0.03729971653406626,0.0,0.5980500000000001,1.4421162554605453,0.008698881670762786,0.31226199500485935,0.09014804661273956,-2.8590188419078846,1
16,4,0.14814814814814814,0.083973251165066,0.023940195059100913,0.03165436024280476,0.041079074354750625,0.0,0.5235125,1.619964752984175,0.01223840037540067,0.41686020361517423,0.12034949660301208,-2.7358719156505487,1
16,5,0.18518518518518517,0.10999577948720922,0.02602252832214323,0.0355879998082798,0.04512099342722145,0.0,0.44703333333333334,1.8143908249979654,0.016131741107847646,0.52185862789278,0.1506720781326294,-2.600073321152639,1
16,6,0.2222222222222222,0.13814412791785288,0.02814834843064367,0.03989516626126145,0.04942754048435385,0.0,0.37217083333333334,2.0261014936096777,0.02039755853337184,0.6273384550471971,0.1811407059431076,-2.4506804850372994,1
16,7,0.25925925925925924,0.16843828514736547,0.030294157229512585,0.04459238695554199,0.05399835115114087,0.0,0.31935,2.2557161335572586,0.025052673056196528,0.7333748851613028,0.2117796540260315,-2.2867304483086333,1
16,8,0.2962962962962963,0.20087184258799526,0.03243355744062978,0.049693743019405004,0.05883042338365996,0.0,0.2750208333333333,2.503706494748562,0.03011149581754839,0.8400353555986866,0.24261142313480377,-2.107248212868253,1
16,9,0.3333333333333333,0.23540879007999443,0.03453694749199918,0.0552102201608022,0.06391773226651737,0.0,0.2378125,2.770387589583732,0.03558538124239745,0.9473779119210192,0.27365654706954956,-1.9112608219895186,1
16,10,0.37037037037037035,0.2719789383289394,0.036570148248944945,0.06114909578979053,0.06925107454524693,0.0,0.21340833333333334,3.055916617124429,0.04148200651040146,1.055449588152063,0.30494123697280884,-1.6978110165920626,1
16,11,0.4074074074074074,0.3104786818328439,0.03849974350390451,0.06751323977314047,0.07481783983744644,0.0,0.19228333333333333,3.3602419609635588,0.047804667185756586,1.1642849796112724,0.33648067712783813,-1.4659781777835192,1
16,12,0.4444444444444444,0.3507667264903247,0.04028804465748082,0.07430066082324918,0.08060197484262215,0.0,0.17642916666666666,3.6831209456110416,0.05455181641815903,1.273904909847579,0.3682861328125,-1.2148960540016187,1
16,13,0.48148148148148145,0.3926677516507454,0.041901025160420685,0.08150379504326705,0.08658381587714645,0.0,0.16866250000000002,4.02404949896404,0.06171634440129468,1.384315058720411,0.400366872549057,-0.9437860982754867,1
16,14,0.5185185185185185,0.4359708842599897,0.043303132609244295,0.08910924833847347,0.09274030095996928,0.0,0.15455000000000002,4.382272607110545,0.06928531000284323,1.4955048457619344,0.43277284502983093,-0.6519833441630638,1
16,15,0.5555555555555556,0.48043397125229603,0.04446308699230634,0.09709744906022723,0.09904508052708737,0.0,0.142375,4.756766483651402,0.0772395817679379,1.607446378047259,0.4655144512653351,-0.33897642492939184,1
16,16,0.5925925925925926,0.5257876993566694,0.04535372810437331,0.10544248948588197,0.10546873343361358,0.0,0.13928333333333334,5.146227956760103,0.08555367007414139,1.7200935854389638,0.49857333302497864,-0.004454247269617184,1
16,17,0.6296296296296297,0.5717404778304062,0.04595277847373684,0.11411230510601798,0.11197931966065065,0.0,0.13014583333333335,5.549140765582882,0.09419589230792028,1.8333815427672493,0.5319470167160034,0.35164653579503913,1
16,18,0.6666666666666666,0.6179877461698771,0.04624726833947083,0.12306899703436494,0.11854285764786414,0.0,0.12989583333333335,5.963772122190646,0.1031286845311238,1.9472262524084896,0.5656286478042603,0.7290814936102503,1
16,19,0.7037037037037037,0.6642176197711646,0.04622987360128758,0.13226929232496756,0.12512392034125444,0.0,0.11793333333333333,6.388139321214871,0.1123090529745781,2.0615244584552936,0.5996066331863403,1.127226420750226,1
16,20,0.7407407407407407,0.7101191295428877,0.045901509771723054,0.14166519309564668,0.13168620810466777,0.0,0.11793333333333333,6.820125498292522,0.12168919597724712,2.1761540835021447,0.6338642239570618,1.5449934233315759,1
16,21,0.7777777777777778,0.7553918347878285,0.0452727052449408,0.15120513062645682,0.13819332375222604,0.0,0.11714583333333334,7.257496111234434,0.1312176815223906,2.2909751237569047,0.6683793663978577,1.9807532849336447,1
16,22,0.8148148148148148,0.7997529947177978,0.0443611599299694,0.16083500609580811,0.14461002051340147,4.166666666666667e-06,0.10962083333333333,7.697854611916413,0.14084049819663633,2.405830885418601,0.7031247615814209,2.432230666159363,1
16,23,0.8518518518518519,0.8429444347976549,0.043191440079857105,0.17049932169854268,0.15090230413016192,4.166666666666667e-06,0.1071875,8.13874974210828,0.1505021621472849,2.520549897440699,0.7380679845809937,2.8964061734800204,1
16,24,0.8888888888888888,0.8847387264549249,0.04179429165726995,0.18014261331597414,0.15703884671745727,1.25e-05,0.10712916666666668,8.577813900527193,0.16014709044062894,2.634948237920695,0.773171603679657,3.3694221518987106,1
16,25,0.9259259259259259,0.924943154300788,0.04020442784586309,0.18971055640222964,0.1629907453015985,1.6666666666666667e-05,0.10712916666666668,9.01267720457623,0.16972088123134907,2.7488323310090332,0.8083934187889099,3.8465076502254796,1
16,26,0.9629629629629629,0.9634016997405742,0.03845854543978628,0.19915142727752091,0.1687332431714704,2.5e-05,0.10062083333333334,9.441137691703316,0.17917157042975693,2.8620021190712936,0.8436869978904724,4.321946503233306,1
16,27,1.0,1.0,0.03659830025942574,0.2084167687070875,0.1742445482023064,3.3333333333333335e-05,0.10032916666666668,9.86109521633228,0.18845033547134502,2.9742543559306105,0.8790020942687988,4.789115208937783,1
17,0,0.0,0.0,0.0,0.05705147169822256,0.05268944469104379,0.0,0.3146625,0.9999999241772594,4.961439279011554e-09,0.0,0.0,-4.928789204156304,1
17,1,0.037037037037037035,0.03329436497624437,0.03329436497624437,0.06380792904104181,0.05795916154001531,0.0,0.284225,1.1053406135557635,0.0066832000166029,0.10392303967887963,0.030000001192092896,-4.778417478916282,1
17,2,0.07407407407407407,0.06889954344319278,0.03560517846694841,0.0711799043088959,0.06359353809881016,0.0,0.2532166666666667,1.218724901517239,0.01397263707612292,0.2079474567904333,0.060036551207304,-4.612392633458628,1
17,3,0.1111111111111111,0.10677424756931239,0.03787470412611962,0.07919627468562611,0.06959713166476776,0.0,0.22119583333333334,1.3403658095651283,0.02189648654451141,0.31217190665309635,0.09014081209897995,-4.429368246217764,1
17,4,0.14814814814814814,0.14683115596377516,0.040056908394462756,0.08788134898390881,0.07597040507314526,0.0,0.19367083333333335,1.4704012400792545,0.03047840417497856,0.41666857824073217,0.12033864110708237,-4.227943341756244,1
17,5,0.18518518518518517,0.18893952382672707,0.042108367862951926,0.09725490964760483,0.08271006657424683,0.0,0.1668916666666667,1.6088975567364825,0.03973757065826988,0.5214975881950343,0.15065446496009827,-4.006640333341174,1
17,6,0.2222222222222222,0.2329212677238843,0.043981743897157234,0.10733127800667062,0.08980873942592439,0.0,0.14543333333333333,1.7558448713802515,0.0496877758321514,0.6267065205485152,0.1811109483242035,-3.7639037650383322,1
17,7,0.25925925925925924,0.27854894865223406,0.045627680928349776,0.11811816809259652,0.09725449905284989,0.0,0.12388750000000001,1.9111413971448987,0.060336294058364326,0.7323285843307014,0.21172837913036346,-3.498104860267854,1
17,8,0.2962962962962963,0.32554719575836344,0.04699824710612936,0.1296156058714653,0.10503055192315179,0.0,0.10632916666666667,2.0745931204266306,0.0716828267356853,0.8383804685750423,0.2425241321325302,-3.2075460147012667,1
17,9,0.3333333333333333,0.373592231765683,0.048045036007319575,0.1418148297192729,0.11311493755460021,0.0,0.08960416666666667,2.245890223268192,0.083718424380473,0.9448600580743474,0.2735120952129364,-2.8904692079784002,1
17,10,0.37037037037037035,0.4223168559885775,0.048724624222894496,0.15469719061504428,0.12148021405267295,0.0,0.08006666666666667,2.4246209466491804,0.09642441064606279,1.0517440667971452,0.3047020435333252,-2.545070685286701,1
17,11,0.4074074074074074,0.4713160205625265,0.048999164573949025,0.1682332499548516,0.13009337052926856,0.0,0.06761666666666667,2.6102461979623954,0.10977150037092635,1.1589856403194654,0.33609914779663086,-2.169518549104213,1
17,12,0.4444444444444444,0.5201544829301215,0.04883846236759494,0.1823821643370493,0.13891590790643785,0.0,0.059833333333333336,2.802102748889967,0.12371920110006468,1.2665120402737586,0.36770325899124146,-1.7619748721758146,1
17,13,0.48148148148148145,0.5683790854116506,0.04822460248152918,0.1970910310146491,0.14790383371222388,0.0,0.057583333333333334,2.9994021704034295,0.13821517299896482,1.3742222325927307,0.39950838685035706,-1.3206359159360215,1
17,14,0.5185185185185185,0.6155309754540875,0.04715189004243689,0.21229493964668164,0.1570078299690208,4.166666666666667e-06,0.049287500000000005,3.2012428175261043,0.15319527097951377,1.4819849918500965,0.431502103805542,-0.8437712801966679,1
17,15,0.5555555555555556,0.6611603173871542,0.045629341933066614,0.22791698686909914,0.16617404591541687,4.166666666666667e-06,0.0359625,3.4065749547644013,0.16858362575217423,1.5896370431633426,0.4636649489402771,-0.3297996541747974,1
17,16,0.5925925925925926,0.7048430804352805,0.04368276304812636,0.24386940615515634,0.1753455413020741,8.333333333333334e-06,0.033120833333333335,3.6142922742840335,0.1842934903320604,1.6969823868918554,0.49596983194351196,0.22263154715881406,1
17,17,0.6296296296296297,0.746193436931384,0.041350356496103434,0.2600535390078645,0.1844587963503914,6.25e-05,0.0316875,3.8230574345782338,0.20022754518963565,1.8037916828172185,0.528381884098053,0.8145171968524263,1
17,18,0.6666666666666666,0.7848849401270087,0.03869150319562477,0.2763624312038255,0.19344881182421128,0.00010416666666666667,0.03166666666666667,4.031524057295727,0.21628027530356583,1.909803359223419,0.5608577728271484,1.4463318193010632,1
17,19,0.7037037037037037,0.8206635156220756,0.035778575495066904,0.29268247529901104,0.20224890580461938,0.0002875,0.0303,4.238190839995574,0.23233801731548545,2.0147265207207967,0.5933458805084229,2.1178007402371346,1
17,20,0.7407407407407407,0.8533656137735731,0.032702098151497515,0.30888753823460835,0.21076347374762186,0.00125,0.0303,4.439948764348179,0.24827611508384517,2.11824675490944,0.6257861852645874,2.8276444072498794,1
17,21,0.7777777777777778,0.882927285899903,0.02956167212632985,0.32484732553074486,0.21889061532891338,0.0025708333333333334,0.030220833333333336,4.634060294719502,0.26396679655593475,2.220036520901889,0.6581105589866638,3.573313280238972,1
17,22,0.8148148148148148,0.9093721419966831,0.0264448560967801,0.34043893169853984,0.2265519375477408,0.0044083333333333335,0.03021666666666667,4.818712220259807,0.2792900677973463,2.31976281805773,0.6902434229850769,4.350530484211108,1
17,23,0.8518518518518519,0.9327974101614455,0.023425268164762415,0.35555614204670044,0.2337053619636705,0.006158333333333333,0.027195833333333336,4.993364185519923,0.29414046268589966,2.4171018783887903,0.7221025228500366,5.152707054065088,1
17,24,0.8888888888888888,0.953351157100377,0.02055374693893144,0.37010952522257007,0.24033331198622473,0.008725,0.026995833333333333,5.157133294039966,0.30842644273190206,2.511747524868232,0.7536005973815918,5.970182969042289,1
17,25,0.9259259259259259,0.9712369152128871,0.017885758112510173,0.3840149983420269,0.24640637986785943,0.011791666666666667,0.0269875,5.308821533960743,0.32206751269795997,2.6034173243762964,0.7846464514732361,6.789372865680731,1
17,26,0.9629629629629629,0.9867006911618591,0.015463775948972037,0.3972096959415668,0.2519198940482225,0.015204166666666668,0.0269875,5.448148055874554,0.33500315699898703,2.691864511348866,0.8151469826698303,7.592161819676994,1
17,27,1.0,1.0,0.013299308838140844,0.40964873389503137,0.256883164249872,0.018733333333333334,0.026812500000000003,5.57567833205239,0.3471897253650196,2.776881674162132,0.8450088500976562,8.355709827427768,1
18,0,0.0,0.0,0.0,0.07865461632239099,0.043832761015482086,0.0,0.05689583333333333,0.9999999119953566,6.590651011922294e-09,0.0,0.0,-5.465099333407267,1
18,1,0.037037037037037035,0.038566367066974035,0.038566367066974035,0.0878047718179868,0.048009557007722865,0.0,0.045775,1.0993778189271566,0.008905296404212844,0.10392304129197757,0.030000001192092896,-5.292927949259445,1
18,2,0.07407407407407407,0.07961580290550421,0.04104943583853017,0.09775981831779566,0.05244922780302503,0.0,0.03700833333333334,1.2054202780896905,0.01859368441205071,0.2079441584960245,0.06003560870885849,-5.10239520177902,1
18,3,0.1111111111111111,0.12305668559256987,0.04344088268706566,0.10855258226168876,0.05715167493356032,0.0,0.029458333333333336,1.318171264196327,0.02909726891460531,0.3121551149599951,0.09013579785823822,-4.891812903920581,1
18,4,0.14814814814814814,0.16874110669954043,0.045684421106970546,0.12020931112924106,0.06211365795652907,0.0,0.0239375,1.437589957247586,0.04044179441780693,0.41662163335758573,0.12032753229141235,-4.6593879691829905,1
18,5,0.18518518518518517,0.2164668517432986,0.0477257450437582,0.13274954746112436,0.06732905490607209,0.0,0.019591666666666667,1.563571725192423,0.05264651860935006,0.5213953733435291,0.15063278377056122,-4.403191826501598,1
18,6,0.2222222222222222,0.2659737519868029,0.049506900243504286,0.14618491111349213,0.07278865592084671,0.0,0.016091666666666667,1.6959368281183023,0.06572302422487086,0.6265131211660389,0.18107165396213531,-4.121147895071043,1
18,7,0.25925925925925924,0.3169442056104356,0.05097045362363272,0.16051754757343992,0.07847992016845726,0.0,0.013183333333333333,1.83442632065984,0.07967370621976766,0.7319946279119514,0.21166107058525085,-3.811024089786871,1
18,8,0.2962962962962963,0.36900359464908167,0.05205938903864603,0.17573884544154567,0.08438681692347444,0.0,0.0106875,1.978690500388112,0.0944905147932554,0.837840028388132,0.24241408705711365,-3.470419373801583,1
18,9,0.3333333333333333,0.4217234120202178,0.05271981737113615,0.1918279006228519,0.09048964352837749,0.0,0.008570833333333333,2.128292117180967,0.11015345144550019,0.9440271073720751,0.2733392119407654,-3.096756078091131,1
18,10,0.37037037037037035,0.47462720287728277,0.05290379085706498,0.2087503118096319,0.09676495998502203,0.0,0.007383333333333334,2.28270078461163,0.1266293880125799,1.0505083549036365,0.30443960428237915,-2.6872676507510445,1
18,11,0.4074074074074074,0.5272011443880464,0.05257394151076369,0.22645706033175736,0.10318559826951923,0.0,0.0060416666666666665,2.4412925028324954,0.14387095652533916,1.1572080491763215,0.3357123136520386,-2.238989069130154,1
18,12,0.4444444444444444,0.5789057199728105,0.051704575584764025,0.24488382170734035,0.10972077670745817,0.0,0.005020833333333334,2.6033520078071626,0.16181587300359387,1.264019181302266,0.36714744567871094,-1.7487446811221208,1
18,13,0.48148148148148145,0.6291909375077769,0.05028521753496636,0.26395018750116617,0.11633587175479819,0.0,0.004591666666666667,2.7680668868152134,0.1803861786864368,1.3708005732651223,0.39872726798057556,-1.2131499559325096,1
18,14,0.5185185185185185,0.6775137885652139,0.048322851057437125,0.2835600952999927,0.12299301429212978,4.166666666666667e-06,0.003625,2.9345448464950823,0.19948860988506026,1.4773743050581722,0.4304254353046417,-0.6286021558331196,1
18,15,0.5555555555555556,0.7233587825645774,0.04584499399936339,0.30360211218936345,0.12965189035783056,4.166666666666667e-06,0.0035208333333333337,3.101829078850613,0.2190148947524612,1.5835235179365335,0.4622062146663666,0.008696843116076991,1
18,16,0.5925925925925926,0.7662565004725069,0.04289771790792961,0.3239506737736671,0.1362692311755004,1.6666666666666667e-05,0.0022291666666666666,3.268882546101828,0.23884296136449623,1.688991167927082,0.49402347207069397,0.7027092133413113,1
18,17,0.6296296296296297,0.8058046240667287,0.03954812359422172,0.3444681326987767,0.14280135047690068,2.9166666666666666e-05,0.002054166666666667,3.434655111732619,0.25883880124614483,1.7934796974902192,0.5258201956748962,1.457472829593934,1
18,18,0.6666666666666666,0.8416847958291699,0.03588017176244124,0.36500669142816417,0.14920212499746105,5e-05,0.0020375000000000002,3.5980704002709496,0.27885787456346894,1.896652410832085,0.5575281977653503,2.2769344416522426,1
18,19,0.7037037037037037,0.8736810162945525,0.031996220465382565,0.38541086528449353,0.15542126009736246,0.00018333333333333334,0.0019208333333333334,3.757939962767639,0.29874520388304376,1.9981369851632822,0.5890675187110901,3.1646631212517544,1
18,20,0.7407407407407407,0.9016895463060092,0.02800853001145665,0.40551624702519173,0.16138879281885546,0.0006166666666666667,0.0019,3.912768758200307,0.31833514314133277,2.0975312718958588,0.6203472018241882,4.123346244218494,1
18,21,0.7777777777777778,0.9257533303826349,0.024063784076625738,0.4251518286282316,0.16701089843358946,0.0016250000000000001,0.0018875,4.0607793695844165,0.33746164267780066,2.194415606852093,0.6512657999992371,5.153977591956375,1
18,22,0.8148148148148148,0.9460124854414041,0.020259155058769237,0.4441602363826779,0.1722225737499433,0.0029416666666666666,0.0018791666666666668,4.201729141808542,0.3559683129502338,2.2883753791921113,0.6817124485969543,6.254522197791379,1
18,23,0.8518518518518519,0.9627006004805981,0.01668811503919404,0.4623997131179182,0.17698373597117653,0.0047,0.0017458333333333334,4.334343068941565,0.37373282863713814,2.378997782226748,0.7115687131881714,7.416684578031147,1
18,24,0.8888888888888888,0.9761121373119728,0.01341153683137462,0.4797540552840493,0.181284980325132,0.006820833333333333,0.0016416666666666667,4.458992101084302,0.39064799646342807,2.465902460019148,0.7407110333442688,8.62107484865456,1
18,25,0.9259259259259259,0.9865436815205278,0.010431544208555054,0.49613823697441767,0.1851673797898588,0.009266666666666668,0.0016208333333333335,4.5750050372069,0.40661887336837765,2.5487180321479483,0.7690128087997437,9.829074551738627,1
18,26,0.9629629629629629,0.9943721181667433,0.00782843664621547,0.5114771056607225,0.18864211649032267,0.011104166666666667,0.0016208333333333335,4.68128581833906,0.4215708858493386,2.6271170624324367,0.7963563203811646,10.97440977701194,1
18,27,1.0,1.0,0.005627881833256699,0.5257121454820629,0.19171561580369842,0.013170833333333335,0.0016208333333333335,4.777327937272003,0.43544030772630554,2.7008212764505175,0.8226311206817627,11.961238317245337,1
19,0,0.0,0.0,0.0,0.0425274195076889,0.037519586938078595,0.0,0.4338208333333334,0.9999999139553307,3.6894887064894042e-09,0.0,0.0,-1.9766492870641112,1
19,1,0.037037037037037035,0.028959705182085623,0.028959705182085623,0.047820157909921314,0.04169831260977241,0.0,0.41292500000000004,1.1208026710522043,0.005153401150096519,0.10392303699038291,0.029999999329447746,-1.8876324813876861,1
19,2,0.07407407407407407,0.0601955932214729,0.031235888039387278,0.05362613022016423,0.046214223402237325,0.0,0.39040416666666666,1.2530321403998848,0.010805054690644869,0.20797027962641312,0.06004064530134201,-1.7893997752947266,1
19,3,0.1111111111111111,0.09371088051944108,0.03351528729796819,0.0599723067808874,0.05107637270290412,0.0,0.3631625,1.397185174618391,0.01698100222518616,0.312229960083608,0.09014900028705597,-1.6812770670981756,1
19,4,0.14814814814814814,0.1294723738147883,0.0357614932953472,0.06688307344088044,0.05629110218280723,0.0,0.33316666666666667,1.5537510319022751,0.02370476511617243,0.41677871172602987,0.12035156041383743,-1.562585010217279,1
19,5,0.18518518518518517,0.16741098480803618,0.03793861099324787,0.07437966363429825,0.06186182131702495,0.0,0.30125,1.72316027690329,0.030996792807634403,0.5216839778910325,0.15067392587661743,-1.4326427817468126,1
19,6,0.2222222222222222,0.20741504004676906,0.040004055238732884,0.08247937960157978,0.06778861221385764,0.0,0.2696,1.9057730101193848,0.03887370768209868,0.6270025815133533,0.18114019930362701,-1.2907761512745815,1
19,7,0.25925925925925924,0.24932938033327579,0.041914340286506736,0.09119459273267067,0.07406776279598344,0.0,0.23597083333333335,2.101825592796496,0.04734733821343786,0.7327788632558386,0.21177242696285248,-1.1363301651319624,1
19,8,0.2962962962962963,0.29295214432327044,0.04362276398999468,0.10053184163224262,0.08069142318715088,0.0,0.19924166666666668,2.3114622738500006,0.056423845917108056,0.8390427285721379,0.2425900101661682,-0.9686816707021784,1
19,9,0.3333333333333333,0.3380347685258924,0.045082624202621956,0.1104908806174477,0.08764722817664511,0.0,0.16185000000000002,2.5346001018230915,0.06610280231133672,0.9458075586791634,0.27360913157463074,-0.7872552631614838,1
19,10,0.37037037037037035,0.38428275924001326,0.04624799071412085,0.12106371261291664,0.09491799549133893,0.0,0.13753333333333334,2.771030004386421,0.0763762571796749,1.0530681423364079,0.30484211444854736,-0.591542199547562,1
19,11,0.4074074074074074,0.43135929492366964,0.047076535683656384,0.13223377082399168,0.10248155127264574,0.0,0.12234583333333333,3.020360275024407,0.08722794555433665,1.1607986522136833,0.336296945810318,-0.38112069903961654,1
19,12,0.4444444444444444,0.47889037243611005,0.047531077512440394,0.14397537270788327,0.11031073144586429,0.0,0.09169166666666667,3.2819771529160415,0.09863276392204635,1.268950510440063,0.3679766058921814,-0.1556759095510296,1
19,13,0.48148148148148145,0.5264723977448138,0.047582025308703764,0.15625295158112956,0.1183732609032535,0.0,0.08809166666666667,3.555202802840123,0.1105560237368336,1.3774504618307128,0.39987844228744507,0.08497040418817559,1
19,14,0.5185185185185185,0.5736826070656359,0.047210209320822136,0.16902115325691303,0.12663216589776785,0.0,0.07694583333333334,3.8389344913685624,0.12295355402971878,1.4861987635334377,0.43199366331100464,0.34084052673270193,1
19,15,0.5555555555555556,0.6200887160666448,0.04640610900100892,0.18222458720534157,0.1350459676044004,0.0,0.06647916666666667,4.131908435274863,0.13577146129827275,1.5950676496178915,0.46430662274360657,0.6117683581241176,1
19,16,0.5925925925925926,0.6652647445624164,0.04517602849577146,0.19579845894130926,0.14356931890361438,0.0,0.06313333333333333,4.432671677563829,0.14894674539180836,1.7039001491816954,0.4967944920063019,0.8973775858749846,1
19,17,0.6296296296296297,0.7088025955586388,0.0435378509962224,0.20966922138576521,0.15215367222245027,0.0,0.04752083333333334,4.739596995240094,0.16240793452304012,1.812509529725485,0.529426634311676,1.1970547896974546,1
19,18,0.6666666666666666,0.7503270436820745,0.041524448123435705,0.22375589686369374,0.16074821646869866,0.0,0.04750416666666667,5.05091208732483,0.17607637289526304,1.9206795238759349,0.5621642470359802,1.5099317695357533,1
19,19,0.7037037037037037,0.7895078288493698,0.039180785167295326,0.23797143142159058,0.16930074774879642,0.0,0.041975000000000005,5.364680935890989,0.18986753257910152,2.0281653785455624,0.5949600338935852,1.8348659848251394,1
19,20,0.7407407407407407,0.8260711709836347,0.03656334213426494,0.2522245534820468,0.17775879508988907,0.0,0.0419625,5.678891223911666,0.2036928156298456,2.134695923334087,0.6277583837509155,2.170434437343892,1
19,21,0.7777777777777778,0.8598087116099993,0.03373754062636456,0.2664221267709407,0.18607100281808334,0.0,0.04192083333333334,5.9915965819798505,0.21746185803040605,2.2399769448158096,0.6604953408241272,2.5149333151000937,1
19,22,0.8148148148148148,0.890581759505302,0.030773047895302795,0.2804712510713997,0.19418803359246464,0.0,0.04192083333333334,6.300830531397957,0.23108454132961473,2.34369574725212,0.693099319934845,2.8663939018486646,1
19,23,0.8518518518518519,0.9183248930675231,0.027743133562221026,0.2942816640082663,0.2020639042331008,0.0,0.02407916666666667,6.604551744212196,0.24447333912782943,2.445526766381521,0.7254917025566101,3.222608314478026,1
19,24,0.8888888888888888,0.9430413286979415,0.02471643563041851,0.3077679146457728,0.20965686298516562,0.0,0.024,6.90087235857277,0.25754541584004703,2.5451382626468204,0.7575880289077759,3.5811678808458387,1
19,25,0.9259259259259259,0.9648007979762918,0.021759469278350197,0.3208514225257936,0.2169303296400342,0.0,0.024,7.188109153587709,0.2702246273995248,2.6421997408344366,0.7892993688583374,3.9395168568721326,1
19,26,0.9629629629629629,0.9837296411448228,0.018928843168530936,0.33346242054430464,0.22385361154517613,0.0,0.024,7.464751452841753,0.28244340255756917,2.7363899464106893,0.8205338716506958,4.295024222352631,1
19,27,1.0,1.0,0.016270358855177285,0.34554084192874596,0.23040207012404507,0.0,0.023895833333333335,7.729488377170548,0.2941435296566096,2.8274044432127896,0.8511989116668701,4.645047398312658,1
20,0,0.0,0.0,0.0,0.0803221357150259,0.05821027322655793,0.0,0.1523625,0.9999999358211741,5.530291107586689e-09,0.0,0.0,-0.30611083394057115,1
20,1,0.037037037037037035,0.03611511884486748,0.03611511884486748,0.08625195857635178,0.06150734816733572,0.0,0.13649583333333334,1.0666973907002073,0.005757652981564429,0.08999999364217137,0.030000001192092896,-0.19344574254034086,1
20,2,0.07407407407407407,0.07371292194034944,0.037597803095481955,0.09254413629161627,0.06498180927278359,0.0,0.12350833333333334,1.1369344203685054,0.011868028416966424,0.18002790296048748,0.0600229948759079,-0.07431183903354999,1
20,3,0.1111111111111111,0.11272551956691464,0.0390125976265652,0.09920809986000968,0.06864028101447209,0.0,0.11012916666666667,1.2107570677576533,0.018340372105548806,0.2701700858844925,0.0901070088148117,0.05134536073574836,1
20,4,0.14814814814814814,0.15304792937631553,0.04032240980940089,0.10624877141596167,0.07248723039742705,0.0,0.09901666666666667,1.2881588154927082,0.02517954666418502,0.3604714904848386,0.12027522176504135,0.18345663071416496,1
20,5,0.18518518518518517,0.19454777492294983,0.04149984554663432,0.11366785862781206,0.07652564987090116,0.0,0.08938750000000001,1.3690818320905498,0.03238728552099072,0.4509637530848897,0.15054690837860107,0.32184350778240134,1
20,6,0.2222222222222222,0.23706749760960977,0.04251972268665993,0.12146371507104411,0.08075690442424881,0.0,0.07928333333333333,1.4534403845052457,0.039962053188418376,0.5416676482639415,0.1809377372264862,0.46620537076721646,1
20,7,0.25925925925925924,0.2804223148914058,0.04335481728179602,0.129630804449366,0.085180358882259,0.0,0.07179583333333334,1.5411200493510806,0.04789852530689871,0.6325927757926194,0.2114591747522354,0.6160980993413023,1
20,8,0.2962962962962963,0.32440396356857293,0.04398164867716711,0.13815944782827871,0.08979293924091175,0.0,0.0639625,1.6319541278539416,0.05618733282899031,0.7237367267550676,0.2421177327632904,0.7709197463707742,1
20,9,0.3333333333333333,0.3687803594871246,0.044376395918551734,0.14703541340156595,0.09458899269254212,0.0,0.05749166666666667,1.7257353198625447,0.0648146648997913,0.8150840835830795,0.2729141414165497,0.9298927132163293,1
20,10,0.37037037037037035,0.4133017229270814,0.044521363439956774,0.15623967891469587,0.0995602062358799,0.0,0.052437500000000005,1.8222148701269811,0.07376204162333742,0.9066054103124708,0.3038424253463745,1.0920524762785533,1
20,11,0.4074074074074074,0.45770142935083563,0.04439970642375419,0.1657480519591878,0.10469405319988087,0.0,0.0471,1.921090980726439,0.08300590557152367,0.998256255317896,0.33488884568214417,1.2562441629636645,1
20,12,0.4444444444444444,0.5017080900299353,0.044006660679099675,0.17553071312539034,0.10997218585414596,0.0,0.043000000000000003,2.0219802988896354,0.09251712252334757,1.0899763965671403,0.36603111028671265,1.421127173938336,1
20,13,0.48148148148148145,0.5450705640470168,0.043362474017081494,0.18554881432114603,0.11535435464316036,0.0,0.04011666666666667,2.124331830154608,0.1022571657524192,1.181690148485497,0.3972385823726654,1.5852028550377586,1
20,14,0.5185185185185185,0.5875759941611438,0.042505430114127045,0.1957552084462131,0.12078301175231207,0.0,0.03689166666666667,2.2275844527134168,0.11217881675481137,1.2733114589230012,0.42847853899002075,1.746869919194328,1
20,15,0.5555555555555556,0.6290506575561726,0.041474663395028755,0.2060978184237515,0.126197551668104,0.0,0.033475000000000005,2.3313574950787186,0.12222979735883742,1.3647464999149694,0.45971885323524475,1.9044869261052941,1
20,16,0.5925925925925926,0.6693204060417767,0.04026974848560411,0.21652845410104504,0.13156618175458853,0.0,0.03052916666666667,2.4353198335924904,0.13236251343408562,1.4558935307512246,0.49092671275138855,2.0564156247519385,1
20,17,0.6296296296296297,0.7082178974145502,0.03889749137277352,0.22700066190011922,0.13687009249272117,0.0,0.028612500000000003,2.5391857992507822,0.14253157193721339,1.546643915605421,0.5220688581466675,2.2010648969012827,1
20,18,0.6666666666666666,0.7455679625861287,0.0373500651715785,0.2374720917295858,0.14210351672395968,0.0,0.0274625,2.6424020376404047,0.1526964839672728,1.6368764799138065,0.5531024932861328,2.336942540484701,1
20,19,0.7037037037037037,0.7812184026740042,0.0356504400878755,0.24789924959944631,0.1472599726514513,0.0,0.026358333333333334,2.7445381488654843,0.16281547472554117,1.7264583086601644,0.5839751362800598,2.462699242279424,1
20,20,0.7407407407407407,0.815068744296264,0.03385034162225973,0.2582341277683743,0.15231262084017516,0.0,0.024983333333333333,2.8449893504289805,0.17284242598263921,1.8152523147811181,0.6146329641342163,2.57725299171109,1
20,21,0.7777777777777778,0.8470350185892771,0.03196627429301322,0.2684286923741672,0.1572294023195327,0.0,0.022287500000000002,2.943089379594743,0.18273232719975382,1.9031144604572272,0.6450150609016418,2.6798468741363877,1
20,22,0.8148148148148148,0.8770847269654989,0.030049708376221684,0.278433692160259,0.16196783628343378,4.166666666666667e-06,0.021695833333333334,3.0383116626583924,0.19243957074560394,1.9898996298369171,0.6750593781471252,2.7700904405071736,1
20,23,0.8518518518518519,0.9052372664876522,0.02815253952215336,0.28819818203015013,0.16647675986387553,5.416666666666667e-05,0.020529166666666668,3.130098168513272,0.20191712735148937,2.075461699278027,0.7047002911567688,2.8480294448990318,1
20,24,0.8888888888888888,0.931536365621701,0.02629909913404876,0.2976872740263867,0.1707451503649937,0.00013333333333333334,0.0202125,3.2183639366015395,0.21113128140782486,2.159683394194125,0.7339078187942505,2.9139265259324123,1
20,25,0.9259259259259259,0.9560545081283477,0.024518142506646683,0.30686959338709896,0.17475852974706343,0.00027916666666666666,0.0188375,3.3030213072215964,0.22005187186278571,2.2424528811040765,0.7626530528068542,2.968359531701667,1
20,26,0.9629629629629629,0.9788429090591685,0.022788400930820803,0.3157267157909488,0.17853405271527079,0.0005,0.0188375,3.383936738325457,0.2286597085942262,2.3236506535223462,0.7908879518508911,3.012036941373344,1
20,27,1.0,1.0,0.02115709094083156,0.3242429626744283,0.1820780989609622,0.0007750000000000001,0.01844166666666667,3.4610280554838395,0.2369385083880127,2.4032011795498036,0.8186162710189819,3.045899590560259,1
21,0,0.0,0.0,0.0,0.01768794211680579,0.013042475013293557,0.0,0.6126958333333333,0.9999999138998485,1.4925867112146485e-09,0.0,0.0,-1.359932505854558,1
21,1,0.037037037037037035,0.016258505360786824,0.016258505360786824,0.020295445506973313,0.014727266718609435,0.0,0.5646125000000001,1.134580449369524,0.0023166466210994665,0.10392302462329901,0.029999999329447746,-1.3195254451536202,1
21,2,0.07407407407407407,0.034359257281578494,0.01810075192079167,0.02321392712485815,0.016580852581433846,0.0,0.5185916666666667,1.283286943292584,0.0049125625902295324,0.20798341531915185,0.06004069000482559,-1.2741662621575793,1
21,3,0.1111111111111111,0.05441658376409436,0.020057326482515864,0.026467496045938007,0.018612186905597024,0.0,0.4667541666666667,1.4469645922583907,0.007809811310317471,0.312275532925,0.09014813601970673,-1.2234262064310153,1
21,4,0.14814814814814814,0.07653181427755855,0.02211523051346419,0.03007988156851455,0.020829452381104768,0.0,0.4189,1.6264308477192995,0.011030174562306557,0.41688960672461284,0.12035038322210312,-1.1668684332459263,1
21,5,0.18518518518518517,0.10079446144347226,0.02426264716591371,0.03407409933687734,0.023239895524742673,0.0,0.3700791666666667,1.822404472465435,0.014594846871384006,0.5219142637425906,0.15067262947559357,-1.1040511371699013,1
21,6,0.2222222222222222,0.12727513092698,0.026480669483507743,0.038471983016854526,0.025849631413892595,0.0,0.32035416666666666,2.035537634756298,0.018524015279830847,0.6274344865855723,0.18114112317562103,-1.034532673543155,1
21,7,0.25925925925925924,0.1560234534885181,0.02874832256153808,0.043293539077681055,0.028663338103583954,0.0,0.2704416666666667,2.266357128707916,0.022836264168484034,0.7335296620991747,0.21177908778190613,-0.957879868999294,1
21,8,0.2962962962962963,0.18706129029637392,0.03103783680785584,0.04855635660147083,0.03168402066288012,0.0,0.22075,2.5152827804383686,0.0275480465193305,0.8402717543382577,0.24260830879211426,-0.8736754732751111,1
21,9,0.3333333333333333,0.22038125582072068,0.03331996552434677,0.054274880879468225,0.03491275464236059,0.0,0.18411666666666668,2.7825919517389943,0.03267301072421639,0.947723753572059,0.273654967546463,-0.7815285733989752,1
21,10,0.37037037037037035,0.2559411048309489,0.03555984901022822,0.06045969089934714,0.03834841244582769,0.0,0.15925416666666667,3.0684390374731487,0.03822134009182919,1.055937919625546,0.3049376606941223,-0.6810856071385567,1
21,11,0.4074074074074074,0.2936610736049288,0.037719968773979894,0.06711676939103467,0.04198630899927651,0.0,0.10776250000000001,3.3726551287764432,0.044199099731789385,1.164954533598741,0.3364764153957367,-0.5720416645211364,1
21,12,0.4444444444444444,0.33342092571707954,0.039759852112150745,0.0742467279600681,0.04581712253792013,8.333333333333334e-06,0.09317083333333334,3.6948016590394523,0.05060753773712916,1.2748002934034786,0.3682890236377716,-0.45415366926058187,1
21,13,0.48148148148148145,0.37506054288075547,0.041639617163675896,0.08184449291399805,0.049833290181738495,8.333333333333334e-06,0.0897125,4.0342914690174,0.05744262746006716,1.3854872047354814,0.40038061141967773,-0.32725373564109006,1
21,14,0.5185185185185185,0.4183784478422805,0.04331790496152508,0.0898983796296758,0.0540197970617997,2.0833333333333336e-05,0.07257916666666667,4.39052411157487,0.06469444834562278,1.497011098478648,0.4327820837497711,-0.19126167521351167,1
21,15,0.5555555555555556,0.46313638340944124,0.044757935567160685,0.09839041545665649,0.05836732501029233,2.0833333333333336e-05,0.028075000000000003,4.762292267505421,0.07234711623536681,1.6093507509420373,0.4655013084411621,-0.04619874191841156,1
21,16,0.5925925925925926,0.5090606418468552,0.04592425843741391,0.10729522582290844,0.06285616568819553,3.3333333333333335e-05,0.028,5.148293651008161,0.08037831200958592,1.7224671852046476,0.4985245168209076,0.10780027208864507,1
21,17,0.6296296296296297,0.5558484164316222,0.04678777458476705,0.11658089306476538,0.06746892060942142,3.3333333333333335e-05,0.026841666666666666,5.547035432158079,0.0887594325964779,1.8363023269870318,0.5318466424942017,0.27047856722582697,1
21,18,0.6666666666666666,0.6031760732467306,0.04732765681510843,0.12620893229172156,0.07218637757811489,3.7500000000000003e-05,0.026820833333333335,5.956776762360459,0.09745600775539513,1.9507791661442633,0.5654574632644653,0.4414485720562453,1
21,19,0.7037037037037037,0.6507041733413392,0.04752810009460864,0.1361345735156448,0.07698493883827384,3.7500000000000003e-05,0.025670833333333334,6.375507088821778,0.10642762557968963,2.06580119405392,0.5993413329124451,0.6201885012875596,1
21,20,0.7407407407407407,0.6980898804208866,0.047385707079547326,0.14630753988439787,0.08184002793347338,3.7500000000000003e-05,0.025670833333333334,6.80105984881179,0.11562893999555511,2.1812525800117366,0.6334769129753113,0.8060388026568379,1
21,21,0.7777777777777778,0.7449927215603557,0.04690284113946908,0.1566732960029053,0.08672571682396997,3.7500000000000003e-05,0.025575,7.231819595505836,0.12501059842168924,2.2969988696474752,0.6678372025489807,0.998210248742847,1
21,22,0.8148148148148148,0.7910883242897521,0.046095602729396404,0.16717389614811154,0.09161492452247408,4.166666666666667e-05,0.02287916666666667,7.664906883654038,0.13452005599862638,2.4128879817940665,0.7023894786834717,1.195791146130884,1
21,23,0.8518518518518519,0.8360724047802103,0.04498408049045827,0.17774906961511946,0.09647812790668205,5.833333333333333e-05,0.022745833333333333,8.09790260333722,0.14410259548124807,2.5287515116680197,0.7370955348014832,1.3977607328113164,1
21,24,0.8888888888888888,0.8796716984281376,0.04359929364792736,0.18833818752861692,0.10128903094072213,7.083333333333334e-05,0.022745833333333333,8.528510104747864,0.15370303841503596,2.644406839760618,0.7719119191169739,1.6030089932473794,1
21,25,0.9259259259259259,0.9216497944237773,0.041978095995639585,0.1988820073186414,0.10602643641414883,7.916666666666668e-05,0.022745833333333333,8.95450841101384,0.16326721891969082,2.7596597690039975,0.8067903518676758,1.810360805780184,1
21,26,0.9629629629629629,0.9618111239373146,0.040161329513537306,0.20932292066328959,0.11066676037595587,8.75e-05,0.0224875,9.373802623144325,0.17274252321824898,2.8743074352502185,0.841678261756897,2.018600871349034,1
21,27,1.0,1.0,0.03818887606268542,0.21960681563197723,0.11518957712987099,0.0001,0.0224875,9.78442422591884,0.18207924749380652,2.988140953188622,0.8765193223953247,2.2265028119732504,1
22,0,0.0,0.0,0.0,0.05897525974723672,0.04109318645570764,0.0,0.19061666666666668,0.9999999184300116,5.133750124110116e-09,0.0,0.0,-0.5356250510698377,1
22,1,0.037037037037037035,0.029580747003123308,0.029580747003123308,0.06442928578035223,0.04417122593075128,0.0,0.1693875,1.0831642660392122,0.005518470731160293,0.09486832532849859,0.030000001192092896,-0.41685837243730184,1
22,2,0.07407407407407407,0.06098576959913618,0.031405022596012876,0.07029809572821011,0.047486667820246874,0.0,0.15144583333333334,1.1717404163074085,0.011455125638832235,0.18980145827321832,0.06003295257687569,-0.2901232831441103,1
22,3,0.1111111111111111,0.09420830982124051,0.03322254022210433,0.07659814743195387,0.05105175201467183,0.0,0.1341,1.2658585303049972,0.017826336659646284,0.28489944029184733,0.09013226628303528,-0.15543754157009282,1
22,4,0.14814814814814814,0.12920744442604776,0.03499913460480724,0.0833420235385881,0.05487637006546527,0.0,0.11917083333333334,1.3655735353654317,0.02464454674889437,0.3802261671575988,0.12032320350408554,-0.013016956176041816,1
22,5,0.18518518518518517,0.16591609433571,0.03670864990966225,0.09053922196670101,0.05896844468872124,0.0,0.10631666666666667,1.4709021037874797,0.031919071146669906,0.4758344618154658,0.1506289392709732,0.13671387041759608,1
22,6,0.2222222222222222,0.20423739535945437,0.03832130102374437,0.09819579541522923,0.06333364622956954,0.0,0.09407083333333334,1.581804305855841,0.03965573840980522,0.5717676616263171,0.18107043206691742,0.2930816146070381,1
22,7,0.25925925925925924,0.24404582452138265,0.03980842916192827,0.10631379968691891,0.06797499843078963,0.0,0.08449166666666667,1.6981899047078526,0.04785633902234129,0.6680589871214684,0.21166592836380005,0.45511759865671486,1
22,8,0.2962962962962963,0.2851843216672054,0.04113849714582278,0.11489072528242841,0.07289248453521588,0.0,0.07445,1.819903740251146,0.05651805766372838,0.7647305591102191,0.2424304336309433,0.6215104179983388,1
22,9,0.3333333333333333,0.32746629182477494,0.04228197015756951,0.12391905162451516,0.07808270020039815,0.0,0.06682916666666668,1.9467337711061705,0.06563302882536211,0.8617922363770985,0.27337512373924255,0.790564602852875,1
22,10,0.37037037037037035,0.3706753549090184,0.04320906308424344,0.13338569139438283,0.08353850074316227,0.0,0.0605375,2.078396639181648,0.07518778513855198,0.9592405372137631,0.304506778717041,0.9601657747218759,1
22,11,0.4074074074074074,0.414568724705337,0.04389336979631864,0.14327171762423815,0.08924876859154068,0.0,0.05364583333333334,2.2145382435354843,0.08516298811658182,1.057057659470634,0.3358272910118103,1.1277688275375706,1
22,12,0.4444444444444444,0.4588807130005385,0.044311988295201506,0.15355209048199467,0.09519821799602422,0.0,0.048695833333333334,2.3547346309669046,0.09553316029247104,1.1552103672103318,0.36733296513557434,1.2904121987032315,1
22,13,0.48148148148148145,0.5033272348940357,0.044446521893497196,0.16419552692874634,0.10136728944616949,0.0,0.04577916666666667,2.498504674268295,0.10626656074100692,1.2536492593068493,0.39901402592658997,1.44477209252201,1
22,14,0.5185185185185185,0.5476131925023111,0.04428595760827546,0.17516461689724588,0.10773221294552278,0.0,0.041895833333333334,2.6452946320334485,0.1173253087825142,1.3523080137446557,0.43085408210754395,1.5872677469417749,1
22,15,0.5555555555555556,0.5914375434340158,0.043824350931704614,0.18641611304619546,0.11426520389785053,0.0,0.0364625,2.7944951793652626,0.12866568231792708,1.4511029903470407,0.4628296494483948,1.7142193889522428,1
22,16,0.5925925925925926,0.6345029997237994,0.043065456289783616,0.1979012643308868,0.12093439513182469,0.0,0.03467083333333334,2.9454450925351723,0.14023844178351058,1.549933060171776,0.4949095845222473,1.822064938245207,1
22,17,0.6296296296296297,0.6765227232253422,0.04201972350154288,0.20956644688126522,0.12770403050526802,0.0,0.032100000000000004,3.0974345675260824,0.15198946536885988,1.6486797482638853,0.5270549058914185,1.907609059495213,1
22,18,0.6666666666666666,0.7172318391844186,0.04070911595907625,0.22135290298323324,0.13453145971613314,0.0,0.03105,3.2496651231940143,0.16385935157486756,1.7472079831220495,0.5592185258865356,1.968327736716061,1
22,19,0.7037037037037037,0.7563934433204944,0.03916160413607592,0.2331984110551643,0.1413709204071216,0.0,0.029045833333333333,3.4013376846298655,0.1757851564749144,1.8453677552129706,0.5913453698158264,2.0025867947323643,1
22,20,0.7407407407407407,0.7938106159899251,0.037417172669430676,0.24503659138930914,0.14816822354517337,0.0,0.028154166666666668,3.5515343368932646,0.18769950032390448,1.9429960938825488,0.6233727335929871,2.0098704703856303,1
22,21,0.7777777777777778,0.8293315532348197,0.03552093724489457,0.25679999602266823,0.1548683357623451,0.0,0.02492916666666667,3.699329320589343,0.19953378422677312,2.0399204849088997,0.6552311778068542,1.9908664504557425,1
22,22,0.8148148148148148,0.8628555738646396,0.03352402062981998,0.2684207300490875,0.16141677095018112,4.166666666666667e-06,0.024833333333333336,3.8438126977705593,0.21121893139236297,2.13596325538522,0.6868458390235901,1.947468704322688,1
22,23,0.8518518518518519,0.8943292398826667,0.031473666018027,0.279833928734243,0.16776374318754145,8.333333333333334e-06,0.023275,3.984156522231929,0.2226887864137172,2.2309477028350657,0.7181394696235657,1.882574279303947,1
22,24,0.8888888888888888,0.9237403494044041,0.02941110952173744,0.2909789064727393,0.17386582583751214,4.166666666666667e-05,0.022158333333333335,4.119650175182873,0.23388176508172312,2.3246986390272846,0.7490345239639282,1.7997515148832548,1
22,25,0.9259259259259259,0.951116372313411,0.027376022909006856,0.30180145504490485,0.1796822528431157,0.00012083333333333333,0.021579166666666667,4.249656056610225,0.2447432282981256,2.417050831079337,0.7794559597969055,1.7028202462279989,1
22,26,0.9629629629629629,0.9765123109505719,0.025395938637160883,0.3122533616250996,0.18517461617941305,0.0002375,0.021183333333333335,4.373545374409123,0.2552246474329279,2.5078482507599533,0.8093355894088745,1.5957515207928399,1
22,27,1.0,1.0,0.023487689049428145,0.3223027645538643,0.19033560467418326,0.0004583333333333334,0.020379166666666667,4.490998542841927,0.26529405582384724,2.5969506104761804,0.8386062383651733,1.4820361686823667,1
23,0,0.0,0.0,0.0,0.07139022710672183,0.05861433429741463,0.0,0.24807500000000002,0.9999999237991062,5.593095880208744e-09,0.0,0.0,-4.918567678415714,1
23,1,0.037037037037037035,0.03815366877785811,0.03815366877785811,0.07953974542643043,0.06432091470881927,0.0,0.22867500000000002,1.1036132598548845,0.007665959843261711,0.10392303914118023,0.029999999329447746,-4.722253117241028,1
23,2,0.07407407407407407,0.07868976332657228,0.040536094548714166,0.08839325611807965,0.07040807397738184,0.0,0.20943333333333333,1.2148898185917083,0.015999450222623356,0.20793397041802164,0.06003528833389282,-4.504975322932096,1
23,3,0.1111111111111111,0.12151431749772168,0.04282455417114941,0.09797941772227337,0.07687893270952499,0.0,0.189475,1.334009256062773,0.025028286663497826,0.31213456443039644,0.09013716131448746,-4.26471395118816,1
23,4,0.14814814814814814,0.16647632732516707,0.044962009827445366,0.10832058498459557,0.0837318358215942,0.0,0.17120000000000002,1.4610720659015548,0.03477438022342524,0.4165920036612519,0.12033091485500336,-3.9993112907559993,1
23,5,0.18518518518518517,0.21337213854949053,0.04689581122432346,0.11943310885666558,0.090960757458687,0.0,0.15370416666666667,1.596105633541532,0.04525399413197107,0.521359039173576,0.1506398618221283,-3.706422354923351,1
23,6,0.2222222222222222,0.26194288722873904,0.0485707486792485,0.13132633434575597,0.09855494408161057,0.0,0.1380125,1.739059141853847,0.056476775271997195,0.6264738317830902,0.1810850352048874,-3.383491355671966,1
23,7,0.25925925925925924,0.3118763278736076,0.04993344064486859,0.14400125755735588,0.1064983819458238,0.0,0.12188333333333334,1.8897891161098388,0.06844446356239949,0.7319579315587984,0.21168456971645355,-3.0277342881784577,1
23,8,0.2962962962962963,0.36280488343657724,0.05092855556296966,0.15744928863005542,0.11476933939540199,0.0,0.10542083333333334,2.0480595839973192,0.08114969636492962,0.8378137679487121,0.24245311319828033,-2.6361174332815196,1
23,9,0.3333333333333333,0.4143121047228958,0.05150722128631857,0.17165094391051244,0.12333998304087773,0.0,0.0913125,2.2135303033679348,0.09457474322291415,0.9440218749323975,0.2734012007713318,-2.2053383469156387,1
23,10,0.37037037037037035,0.4659392516772379,0.05162714695434202,0.18657467285827473,0.13217603094063712,0.0,0.07910416666666667,2.385754584444247,0.10869036479353608,1.0505380748307296,0.3045364022254944,-1.7318083596174318,1
23,11,0.4074074074074074,0.5171906559135755,0.05125140423633766,0.20217515926132995,0.14123293676007756,0.0,0.06184166666666667,2.5641290199570728,0.1234527176161743,1.1572905593142826,0.33587294816970825,-1.21163557619494,1
23,12,0.4444444444444444,0.5675499301804705,0.05035927426689494,0.21839188624740702,0.15045424857355147,8.333333333333334e-06,0.054441666666666666,2.747923442580857,0.1388012708335423,1.2641758986934528,0.3673980236053467,-0.6406002458034532,1
23,13,0.48148148148148145,0.6165149466809139,0.04896501650044348,0.23514604332689032,0.1597585868373086,4.5833333333333334e-05,0.051020833333333335,2.9359943966741646,0.15466777874816326,1.3710583834289651,0.3991014361381531,-0.014178039092406891,1
23,14,0.5185185185185185,0.6635886963964104,0.04707374971549646,0.2523480253503706,0.16907829066576854,0.0005541666666666667,0.03889166666666667,3.127505802646732,0.17096734931085375,1.477768822437986,0.43096601963043213,0.6724469623535683,1
23,15,0.5555555555555556,0.708295193863072,0.04470649746666167,0.26990061194480036,0.17837075653553947,0.0006666666666666668,0.019270833333333334,3.3213247099835916,0.18760285336951946,1.5840989308381808,0.462966650724411,1.4241828334062756,1
23,16,0.5925925925925926,0.7502264602458293,0.04193126638275727,0.28768617085602655,0.18755369475085334,0.0008083333333333333,0.01875,3.516211501357633,0.2044629273723533,1.6898032810576025,0.4950704276561737,2.245796412703701,1
23,17,0.6296296296296297,0.7890457530439212,0.03881929279809192,0.30557874666259366,0.1965552399329253,0.0009458333333333334,0.017979166666666668,3.7108009122352716,0.22143011916529504,1.7946008302218002,0.5272355675697327,3.1413303396455525,1
23,18,0.6666666666666666,0.8245006067885362,0.035454853744614996,0.3234433753495671,0.20529868323371714,0.0014833333333333335,0.017929166666666666,3.903945188543029,0.23837710851941377,1.898178346310745,0.5594121813774109,4.112966233526933,1
23,19,0.7037037037037037,0.8564302674592242,0.031929660670687955,0.34114202448394126,0.2137152720466576,0.0019541666666666666,0.016933333333333335,4.094270812577239,0.25516911097940176,2.0001919906362473,0.5915409922599792,5.158870521205127,1
23,20,0.7407407407407407,0.8847995129847872,0.028369245525562966,0.3585299486872032,0.2217220261637608,0.002466666666666667,0.0169125,4.280145228975247,0.27166526017670534,2.1002777983863137,0.6235541105270386,6.2695390787283465,1
23,21,0.7777777777777778,0.9096979829270455,0.02489846994225835,0.3754594682170134,0.2292256008537793,0.0037333333333333333,0.016800000000000002,4.459966869108066,0.2877267915342967,2.19806749640849,0.6553765535354614,7.421577570987562,1
23,22,0.8148148148148148,0.9313110501935843,0.02161306726653876,0.39179452221049993,0.23615421649647264,0.00555,0.016800000000000002,4.632649204860432,0.3032268233894196,2.293198648064109,0.686927318572998,8.567894150985595,1
23,23,0.8518518518518519,0.9498810645718675,0.018570014378283217,0.40742062888440017,0.2424707580318592,0.007129166666666667,0.0157375,4.7969681581658055,0.31805137527727123,2.385329233346514,0.7181196808815002,9.627076758347531,1
23,24,0.8888888888888888,0.9656945557829553,0.01581349121108776,0.42224220164636267,0.2481557580935728,0.009170833333333333,0.015554166666666668,4.951266820240211,0.33210943148311345,2.474156748798817,0.7488656044006348,10.482827704016515,1
23,25,0.9259259259259259,0.9790991132630293,0.013404557480074087,0.4361767782172677,0.2531887492737441,0.011633333333333334,0.015550000000000001,5.094872085639001,0.3453253232501997,2.559427825272035,0.7790759801864624,11.015708410439725,1
23,26,0.9629629629629629,0.9904204497639115,0.011321336500882228,0.4491733175830968,0.25758396155436025,0.013929166666666668,0.015537500000000001,5.22773549935286,0.35765095723442436,2.640949189134714,0.808666467666626,11.164585207134632,1
23,27,1.0,1.0,0.009579550236088424,0.46119317598348525,0.2613559062789149,0.016566666666666667,0.015066666666666667,5.349682516054135,0.36904870570597254,2.718564774676277,0.837555468082428,10.968611594163072,1
24,0,0.0,0.0,0.0,0.03457413429543004,0.02148823811200519,0.0,0.2857791666666667,0.9999999113374402,3.078911039564345e-09,0.0,0.0,-3.402962849611418,1
24,1,0.037037037037037035,0.02272430531514655,0.02272430531514655,0.039189463652155795,0.024082836620831046,0.0,0.2689125,1.1216748543217345,0.004529197222987811,0.10392303430188643,0.029999999329447746,-3.2966071996460604,1
24,2,0.07407407407407407,0.047571144457834114,0.024846839142687562,0.04428999679784725,0.02691217696862011,0.0,0.25228333333333336,1.2545490939343829,0.009537784244575435,0.20798076130150173,0.060040704905986786,-3.177825038502701,1
24,3,0.1111111111111111,0.07460145193697622,0.0270303074791421,0.04990524206918751,0.02998558901581128,0.0,0.23594583333333335,1.3991192608345422,0.015055290580954818,0.3122649495486138,0.09014892578125,-3.0454815624350005,1
24,4,0.14814814814814814,0.10385296995288734,0.029251518015911127,0.05606296998900026,0.03331092059575483,0.0,0.22119583333333334,1.5558339871665514,0.021109570741239522,0.41686120235055507,0.1203513815999031,-2.8983765360221767,1
24,5,0.18518518518518517,0.13533488791086146,0.031481917957974115,0.06278852114375705,0.03689420633876205,0.0,0.20482083333333334,1.7250642723493483,0.0277261148016072,0.5218495797493223,0.15067429840564728,-2.735244214678046,1
24,6,0.2222222222222222,0.16902576386521265,0.03369087595435119,0.0701041250106008,0.040739394925215944,0.0,0.1871375,1.9070974919303665,0.03492736825624274,0.6273029234067484,0.18114282190799713,-2.5547519480487733,1
24,7,0.25925925925925924,0.20486827343053574,0.03584250956532308,0.07802792019455954,0.04484795323695538,0.0,0.16562083333333333,2.1021125777707717,0.04273175712770058,0.7332849711073905,0.21178041398525238,-2.3555055208442877,1
24,8,0.2962962962962963,0.2427662560442903,0.03789798261375458,0.08657307611883991,0.049218476911372294,0.0,0.15091666666666667,2.3101800797989758,0.0511528119749907,0.8398485794651589,0.24261018633842468,-2.1360530011093903,1
24,9,0.3333333333333333,0.2825815424340207,0.03981528638973045,0.09574684905050958,0.05384642992135549,0.0,0.12444583333333334,2.531230801266094,0.060198222969348236,0.9470339251586651,0.27365681529045105,-1.8948903826997725,1
24,10,0.37037037037037035,0.3241335170266279,0.041551974592607135,0.10554960798834785,0.0587237986120844,0.0,0.11143750000000001,2.765063107692919,0.0698688647447361,1.0548666397654594,0.3049364984035492,-1.6304713021725412,1
24,11,0.4074074074074074,0.36719703939240966,0.04306352236578176,0.11597399330928014,0.0638388313650354,0.0,0.10359166666666667,3.0113154665107564,0.08015795350074768,1.1633562699653461,0.3364627957344055,-1.34121717291762,1
24,12,0.4444444444444444,0.41150703894770807,0.04430999955529842,0.12700424837673394,0.06917601143908439,0.0,0.09204166666666667,3.269456549267118,0.09105036794551545,1.2724944785904286,0.36824607849121094,-1.0255272372564104,1
24,13,0.48148148148148145,0.45675960893173,0.04525256998402192,0.138615436657611,0.07471581885331743,0.0,0.0754875,3.53876521319944,0.10252186402322518,1.3822534128759905,0.40029242634773254,-0.6818010228112978,1
24,14,0.5185185185185185,0.5026193360512458,0.04585972711951582,0.15077328612683438,0.08043490709156993,0.0,0.057737500000000004,3.818378026150201,0.11453890663348139,1.4925843512902919,0.4326030910015106,-0.3084525989891471,1
24,15,0.5555555555555556,0.5487256455461496,0.04610630949490379,0.1634338951072786,0.08630625758350133,0.0,0.052325,4.1072120928482425,0.12705836330225898,1.6034164139708416,0.4651740789413452,0.09605841112094815,1
24,16,0.5925925925925926,0.5947010607144555,0.045975415168305875,0.1765439524985343,0.092299466222065,0.0,0.051666666666666666,4.40402808576368,0.1400277138165716,1.7146555003247592,0.4979957640171051,0.5331929363635766,1
24,17,0.6296296296296297,0.6401649870202385,0.04546392630578304,0.190041422629831,0.09838130925466207,0.0,0.049695833333333335,4.707460061404409,0.15338571456281677,1.826183640778696,0.53105229139328,1.0042930842601692,1
24,18,0.6666666666666666,0.684741643425585,0.044576656405346415,0.20385632128193837,0.10451624390767245,0.0,0.049600000000000005,5.016020834784176,0.16706316512665817,1.9378589651125508,0.564321756362915,1.5105185047914862,1
24,19,0.7037037037037037,0.7280732448112817,0.04333160138569668,0.21791187351406613,0.11066709689687872,0.0,0.046683333333333334,5.328102035591048,0.18098404996217127,2.049515976201488,0.5977757573127747,2.052760767666296,1
24,20,0.7407407407407407,0.7698302853589308,0.04175704054764917,0.2321260688361513,0.11679599744081623,0.0,0.046683333333333334,5.6420123263661255,0.19506707415402763,2.1609666360736486,0.6313790678977966,2.631528776865702,1
24,21,0.7777777777777778,0.8097225330179981,0.039892247659067376,0.2464136396374993,0.122865196646412,0.0,0.04601666666666667,5.956147698957569,0.20922763176481757,2.27200209808561,0.6650898456573486,3.246790215786021,1
24,22,0.8148148148148148,0.8475042805945523,0.03778174757655417,0.26068783136478474,0.12883792320270626,0.0,0.04574583333333333,6.26867891311964,0.22337955851749414,2.3823954282335658,0.6988599896430969,3.8977367989682836,1
24,23,0.8518518518518519,0.882985613712518,0.035481333117965766,0.2748626533004985,0.13467932342993527,0.0,0.04360833333333333,6.5779087048460285,0.23743738305465215,2.4919048319363752,0.7326354384422302,4.582445349983566,1
24,24,0.8888888888888888,0.9160295117751016,0.03304389806258346,0.28885482015457997,0.14035731506272864,0.0,0.0435875,6.882255144705907,0.2513182512030833,2.600277725466986,0.7663567066192627,5.297406972336926,1
24,25,0.9259259259259259,0.9465557315825036,0.0305262198074021,0.3025858429140961,0.14584314725921624,0.0,0.0435875,7.180219143212759,0.264944012670012,2.7072554950393153,0.7999600768089294,6.036906905326482,1
24,26,0.9629629629629629,0.9745381817875505,0.027982450205046812,0.3159835225868271,0.1511119706606011,0.0,0.0409375,7.470402947471204,0.27824271796581646,2.8125784989090694,0.8333781957626343,6.792188471482962,1
24,27,1.0,1.0,0.025461818212449534,0.32898369966704705,0.15614343766967986,0.0,0.0399875,7.751615872662397,0.29115035887998014,2.9159911209938305,0.8665408492088318,7.5505102062925324,1
25,0,0.0,0.0,0.0,0.01435389291839426,0.02360621746893775,0.0,0.7703916666666667,0.9999999115770137,1.2439643291549551e-09,0.0,0.0,-1.330290149763556,1
25,1,0.037037037037037035,0.014662003483044878,0.014662003483044878,0.016479539872041222,0.02568661576832487,0.0,0.70515,1.139284982372433,0.002049461619879973,0.10392302139710456,0.029999999329447746,-1.2977298410384712,1
25,2,0.07407407407407407,0.03104544943281626,0.016383445949771383,0.018864775729088488,0.027914848974147262,0.0,0.6331375,1.294030392453206,0.004351015719474527,0.2079845283525606,0.06004060059785843,-1.2611652026423847,1
25,3,0.1111111111111111,0.04926945889003045,0.018224009457214183,0.021530853015093627,0.0302974647981597,0.0,0.5571875000000001,1.4652717418870262,0.006925576272144423,0.31227510074239234,0.09014852344989777,-1.220244100749567,1
25,4,0.14814814814814814,0.06944726478312498,0.02017780589309453,0.02449896523418265,0.032840575841310685,0.0,0.4988291666666667,1.6540253362711337,0.00979404624799176,0.41688441568244955,0.12035103887319565,-1.1746065767353198,1
25,5,0.18518518518518517,0.0916822865200728,0.02223502173694783,0.02778990576471773,0.0355497811223787,0.0,0.44327500000000003,1.8612437594451812,0.012976978600307809,0.5219022225394073,0.15067389607429504,-1.123888631562556,1
25,6,0.2222222222222222,0.11606435555743438,0.024382069037361582,0.03142370879696037,0.03843000181415044,0.0,0.3919791666666667,2.087815961410971,0.016494230883064707,0.6274159968311587,0.18114203214645386,-1.067726270096255,1
25,7,0.25925925925925924,0.14266578999217183,0.026601434434737448,0.03541657988617544,0.04142756880707504,2.5e-05,0.34003333333333335,2.3342839061391665,0.02036163770386031,0.7335089140067856,0.21177878975868225,-1.0057612634821442,1
25,8,0.2962962962962963,0.17155452958134768,0.028888739589175837,0.03977857771684775,0.04440702419149696,0.00010416666666666667,0.2988041666666667,2.6011529067320764,0.02458850692952789,0.8402581573551767,0.24261242151260376,-0.9376395897678762,1
25,9,0.3333333333333333,0.20277088524748565,0.031216355666137993,0.04451181792255988,0.04714758341917478,0.00042916666666666667,0.25075000000000003,2.8884956160300974,0.029178795368507014,0.9477343085923866,0.27366337180137634,-0.8630123435162123,1
25,10,0.37037037037037035,0.2363085159465933,0.033537630699107646,0.04963010001870543,0.04974040545448984,0.0010208333333333334,0.21677083333333336,3.1971093709393594,0.03414722456091097,1.0559986444982408,0.3049522638320923,-0.7815508135381046,1
25,11,0.4074074074074074,0.2721437182523177,0.03583520230572438,0.055145272596983486,0.05229509394334484,0.0012708333333333335,0.19010833333333335,3.5270094398667236,0.039504545788004504,1.1651012003711034,0.33649685978889465,-0.6929715458015453,1
25,12,0.4444444444444444,0.3102097602254996,0.03806604197318191,0.061065459315560025,0.054917889295284184,0.0013833333333333334,0.17502083333333335,3.87850102190213,0.04525814676019169,1.2750816775683318,0.36831367015838623,-0.5970406954058678,1
25,13,0.48148148148148145,0.350396126527984,0.04018636630248441,0.06739432302811853,0.05770696973565855,0.0014208333333333334,0.15502916666666666,4.251187792901518,0.051412863016038646,1.385965883143337,0.40041524171829224,-0.49359362164966303,1
25,14,0.5185185185185185,0.3925571241251813,0.042160997597197256,0.07412761286302819,0.060698760728110125,0.0014458333333333335,0.12157083333333334,4.644470095240734,0.05796553510546801,1.4977656159134114,0.43281090259552,-0.3825417457393634,1
25,15,0.5555555555555556,0.4365035785379817,0.043946454412800456,0.08125495580903516,0.06391289534613502,0.0014708333333333333,0.10437500000000001,5.057346182182126,0.06490643561274757,1.6104771256468469,0.4655107259750366,-0.2638828664314339,1
25,16,0.5925925925925926,0.482009476841224,0.04550589830324231,0.08875838620557537,0.06733767293105054,0.0014833333333333335,0.10329166666666667,5.48846767237962,0.07221828589927108,1.724080295673007,0.4985183775424957,-0.13770768273762712,1
25,17,0.6296296296296297,0.5288143832995018,0.04680490645827782,0.09661387495285632,0.07095694814902251,0.0015041666666666667,0.09808750000000001,5.93631986533104,0.0798780369012235,1.838538058841871,0.5318236947059631,-0.0042065732744074325,1
25,18,0.6666666666666666,0.5766270628208738,0.04781267952137196,0.10479131729286474,0.0747489239662316,0.0015166666666666668,0.09795416666666668,6.399089821201333,0.08785656052102762,1.9537956417470024,0.5655971169471741,0.13632487085403966,1
25,19,0.7037037037037037,0.6251362003407557,0.04850913751988181,0.11325494115427112,0.07868863957845232,0.0015416666666666667,0.08974583333333334,6.874752260299991,0.09611923403188703,2.0697800066727443,0.599739134311676,0.28348206663769826,1
25,20,0.7407407407407407,0.6740156850252471,0.04887948468449154,0.12196400284394572,0.0827503582993594,0.0015541666666666668,0.08974583333333334,7.361000510506865,0.10462642425393182,2.18640040300605,0.6342117190361023,0.4367511188022899,1
25,21,0.7777777777777778,0.7229342728143592,0.04891858778911198,0.13087375243435068,0.08690987912199569,0.0015666666666666667,0.08930416666666667,7.855606216451791,0.11333426973727959,2.30354842829285,0.6690000295639038,0.5955126336641738,1
25,22,0.8148148148148148,0.7715613235570539,0.04862705074269478,0.1399356363889205,0.09113672683935278,0.0015916666666666668,0.08432916666666668,8.35567312747007,0.1221953820871739,2.4210987912881268,0.7040842771530151,0.7590514600009453,1
25,23,0.8518518518518519,0.8195785772358031,0.04801725367874912,0.14909918030932423,0.09540555010898188,0.0016,0.0831125,8.858588521587283,0.1311601726569992,2.5389101066431983,0.7394394874572754,0.9265634783094043,1
25,24,0.8888888888888888,0.8666875518512451,0.047108974615442105,0.15831269374998386,0.09969045224789169,0.0016125,0.0831125,9.361755662652588,0.14017797633326004,2.6568266861370438,0.775036096572876,1.0971730718044341,1
25,25,0.9259259259259259,0.9126155825117026,0.045928030660457475,0.16752410510788512,0.1039629009125251,0.0016250000000000001,0.0831125,9.862415845101085,0.1491976717032421,2.7746803069367907,0.810839831829071,1.2699501273356804,1
25,26,0.9629629629629629,0.9571213321023656,0.04450574959066297,0.17668244694210233,0.10819550770469208,0.0016250000000000001,0.08009166666666667,10.35799140162936,0.15816908721534031,2.8922922486670037,0.846811830997467,1.4439321324480057,1
25,27,1.0,1.0,0.042878667897634413,0.18573922863739728,0.11236486515860744,0.0016416666666666667,0.08009166666666667,10.846092642202882,0.1670444765093355,3.0094757553857923,0.8829087018966675,1.618143968803488,1
26,0,0.0,0.0,0.0,0.060005603073962285,0.02735756603713529,0.0,0.09473333333333334,0.9999999262632372,5.169199883109993e-09,0.0,0.0,-4.923183201738252,1
26,1,0.037037037037037035,0.03027598988032145,0.03027598988032145,0.06743129465467247,0.03032075689845844,0.0,0.0787125,1.1069589689773034,0.007120898807434262,0.1039230407542783,0.030000001192092896,-4.758303410580524,1
26,2,0.07407407407407407,0.06291287966375778,0.032636889783436325,0.07556303447750895,0.033510898895640746,0.0,0.0678625,1.2219667890726011,0.014924528889370979,0.20797136361355134,0.06004061922430992,-4.5744214304438415,1
26,3,0.1111111111111111,0.0979019327437788,0.03498905308002103,0.08443485250401658,0.03693225721292189,0.0,0.059825,1.3451700729180087,0.023444474969237735,0.31223238410670845,0.0901489406824112,-4.369651195631301,1
26,4,0.14814814814814814,0.135196201861118,0.0372942691173392,0.09407679108149135,0.040587084786606574,0.0,0.054425,1.4766502044184946,0.03271053361521465,0.41678226801754387,0.1203513815999031,-4.141940478383056,1
26,5,0.18518518518518517,0.174707360883822,0.039511159022703995,0.10451403597393483,0.04447540768943279,0.0,0.04957916666666667,1.616414341783649,0.04274785891644295,0.5216878113034065,0.15067335963249207,-3.889047562869596,1
26,6,0.2222222222222222,0.2163014805139832,0.04159411963016121,0.11576588572180196,0.048594802150567544,0.0,0.0453,1.7643910544398949,0.05357595387255618,0.6270048265968046,0.18113870918750763,-3.608515849110981,1
26,7,0.25925925925925924,0.25979557204779385,0.04349409153381064,0.12784438208267068,0.0529400496571758,0.0,0.04041666666666667,1.920417446333816,0.06520732383567891,0.732776122064498,0.21176910400390625,-3.2976516357459573,1
26,8,0.2962962962962963,0.30495816341553694,0.045162591367743116,0.1407531103286731,0.05750290261123204,0.0,0.03546666666666667,2.084234366383629,0.07764630409803294,0.8390293623043434,0.24258345365524292,-2.953491754113342,1
26,9,0.3333333333333333,0.3515063229749662,0.04654815955942925,0.15448600398256207,0.062271905609251464,0.0,0.030920833333333335,2.2554820297285954,0.09088787550426658,0.9457748911601326,0.2735973000526428,-2.572765238797256,1
26,10,0.37037037037037035,0.3991091637545845,0.04760284077961829,0.16902598780856493,0.06723212688290409,0.0,0.027625,2.433696005016447,0.10491632916883101,1.0530034631728298,0.30482226610183716,-2.151854045271719,1
26,11,0.4074074074074074,0.44739245177357195,0.04828328801898743,0.18434418246153206,0.07236518711307388,0.0,0.021316666666666668,2.618296079884131,0.11970447227463592,1.160684055789166,0.3362653851509094,-1.686731939422108,1
26,12,0.4444444444444444,0.49594355038504195,0.04855109861147,0.20039900946607056,0.07764917328623418,0.0,0.018925,2.8085953730180475,0.13521272921894625,1.26876152628856,0.3679285943508148,-1.1729015497643491,1
26,13,0.48148148148148145,0.5443225570492006,0.048379006664158654,0.21713545835635847,0.08305766243913205,4.166666666666667e-06,0.0179,3.003762160612111,0.15138845774201523,1.3771545904216702,0.39980801939964294,-0.6053189037050579,1
26,14,0.5185185185185185,0.5920723360298565,0.04774977898065595,0.23448547096335431,0.08856285537189404,4.166666666666667e-06,0.014525000000000001,3.2029484075292567,0.168166120379845,1.4857538469624207,0.4318934381008148,0.02170370816577183,1
26,15,0.5555555555555556,0.638732007330877,0.0466596713010204,0.25236763018451297,0.09413333175308244,4.166666666666667e-06,0.008691666666666667,3.40514043741497,0.18546718549853863,1.5944201317034952,0.4641675651073456,0.7145827428267122,1
26,16,0.5925925925925926,0.6838534598425962,0.04512145251171917,0.27068832066355,0.09973576884355895,4.166666666666667e-06,0.006833333333333334,3.609283580844067,0.2032011389408804,1.702983431977983,0.49660566449165344,1.480544474969573,1
26,17,0.6296296296296297,0.7270136401949568,0.043160180352360786,0.28934279240217886,0.10533459703836551,4.166666666666667e-06,0.006579166666666667,3.814269780048784,0.22126650183756785,1.8112423997448488,0.5291748642921448,2.32760942337951,1
26,18,0.6666666666666666,0.7678326500138946,0.04081900981893767,0.3082171189342325,0.11089312727615619,4.166666666666667e-06,0.006570833333333334,4.018941285340171,0.23955271722402477,1.9189646826420634,0.5618339776992798,3.264417264361448,1
26,19,0.7037037037037037,0.8059842346495063,0.038151584635611746,0.3271901259087145,0.11637424251244231,4.166666666666667e-06,0.0062875000000000006,4.222112911504207,0.257942041831311,2.0258883060631323,0.5945331454277039,4.299502356137786,1
26,20,0.7407407407407407,0.8412094401241712,0.03522520547466487,0.3461362420365423,0.12174116052470099,4.166666666666667e-06,0.006279166666666667,4.422597442850772,0.27631231917864385,2.1317242425311678,0.6272138357162476,5.439424274483827,1
26,21,0.7777777777777778,0.8733236696224399,0.032114229498268684,0.3649285574411122,0.1269588953912043,8.333333333333334e-06,0.006275,4.6192588522879925,0.29453993387898275,2.236160294904162,0.6598091125488281,6.684156766117045,1
26,22,0.8148148148148148,0.9022220118609514,0.028898342238511565,0.38344206979878714,0.13199505070047732,8.333333333333334e-06,0.006275,4.811022331734756,0.31250303396977125,2.338866241442467,0.6922443509101868,8.016574277049937,1
26,23,0.8518518518518519,0.92787732095513,0.025655309094178555,0.4015565772664982,0.1368199463718805,8.333333333333334e-06,0.005854166666666667,4.996862970020814,0.3300843200215992,2.4395002535522714,0.7244377732276917,9.380649490689265,1
26,24,0.8888888888888888,0.9503393763608645,0.02246205540573449,0.41915988655474357,0.14140807521919121,8.333333333333334e-06,0.005729166666666667,5.175879448231424,0.3471742174866842,2.5377162230830197,0.7563020586967468,10.64566111792147,1
26,25,0.9259259259259259,0.9697237461013494,0.019384369740484863,0.4361502433133529,0.14573785745141074,8.333333333333334e-06,0.005729166666666667,5.347258031480075,0.3636732446642929,2.633171974586922,0.7877455949783325,11.582799811218997,1
26,26,0.9629629629629629,0.986204418255533,0.016480672154183633,0.4524387739944636,0.14979287669485353,1.25e-05,0.005729166666666667,5.510348601856701,0.37949443200484384,2.7255375231542214,0.8186742663383484,11.9434065640399,1
26,27,1.0,1.0,0.013795581744467027,0.4679508822827327,0.1535617200352888,2.0833333333333336e-05,0.005675,5.664658185645073,0.394564615592539,2.814503215437724,0.8489935398101807,11.661788418542518,1
27,0,0.0,0.0,0.0,0.018819520773731047,0.011827982523872977,0.0,0.6223333333333334,0.9999999143905707,1.6972758910722203e-09,0.0,0.0,-1.4457844905124597,1
27,1,0.037037037037037035,0.01596741226445986,0.01596741226445986,0.021610459735451514,0.01333813264061664,0.0,0.5328208333333334,1.1325233179491112,0.0026706828309093706,0.10392302946259266,0.029999999329447746,-1.3992130736458046,1
27,2,0.07407407407407407,0.03375599768540555,0.017788585420945684,0.024736401183469717,0.014994658579521068,0.0,0.4433166666666667,1.278585496595582,0.00566342525739585,0.20798386053866982,0.060040686279535294,-1.34686346813643,1
27,3,0.1111111111111111,0.05348038949381454,0.019724391808408997,0.028223500163850935,0.01680457909825113,0.0,0.3548875,1.4389003241659977,0.009003601256020679,0.3122757523649093,0.09014885872602463,-1.2882186035925232,1
27,4,0.14814814814814814,0.07524400680024262,0.021763617306428083,0.03209755951118432,0.018774142200475574,0.0,0.28998333333333337,1.6141476051773735,0.012716284658270889,0.4168893187228607,0.12035117298364639,-1.2227462718038877,1
27,5,0.18518518518518517,0.09913942839883792,0.023895421598595295,0.036383633213738845,0.020908715287904358,0.0,0.23184166666666667,1.8049345928936524,0.01682586286739291,0.5219134640610102,0.150673970580101,-1.1499023575228646,1
27,6,0.2222222222222222,0.12524091668705975,0.026101488288221834,0.041105528904882324,0.02321261945197556,0.0,0.18235,2.0117864792089812,0.021355559074513926,0.6274333773373872,0.181142657995224,-1.0691356782384203,1
27,7,0.25925925925925924,0.15360217484159433,0.028361258154534566,0.04628508783487305,0.02568887278415572,0.0,0.13974166666666668,2.235108909257764,0.026326735464325693,0.7335286731432509,0.21178118884563446,-0.9798967773173963,1
27,8,0.2962962962962963,0.18425098896081984,0.03064881411922554,0.051941575800824785,0.028339024572024644,0.0,0.10775,2.4751875454714356,0.03175830362986308,0.840271620545475,0.24261151254177094,-0.88164511984189,1
27,9,0.3333333333333333,0.21718673603804628,0.032935747077226414,0.05809089182355651,0.031162948460677582,0.0,0.0807875,2.732131411241638,0.03766595600831788,0.947725549010793,0.27365583181381226,-0.7738600509391258,1
27,10,0.37037037037037035,0.2523740292932762,0.035187293255229894,0.064744757846083,0.034158615569307535,0.0,0.063775,3.005898547577893,0.04406137985153279,1.055943298117589,0.3049410283565521,-0.6560530629788035,1
27,11,0.4074074074074074,0.28974221976785275,0.03736819047457659,0.07191004595655538,0.037321992552229684,0.0,0.048587500000000006,3.296255085253372,0.05095159776559255,1.1649657712765649,0.3364775776863098,-0.5277790648609058,1
27,12,0.4444444444444444,0.3291810352776292,0.03943881550977647,0.07958795383887242,0.04064689263771611,0.0,0.04041666666666667,3.6027681646819816,0.05833816704150652,1.2748206192405582,0.36828356981277466,-0.38865191363673635,1
27,13,0.48148148148148145,0.3705403312102927,0.041359295932663444,0.08777334064844523,0.04412486336917977,0.0,0.0354625,3.9247857519591216,0.06621652488191872,1.385520885661139,0.40037626028060913,-0.23835960518764931,1
27,14,0.5185185185185185,0.413629342917336,0.043089011707043316,0.09645425541680468,0.04774521541686594,0.0,0.026104166666666668,4.261438259156592,0.0745755237690768,1.4970639112806359,0.4327620267868042,-0.076678316074962,1
27,15,0.5555555555555556,0.45821992534884637,0.04459058243151038,0.10561144846710822,0.051495034532618375,0.0,0.018070833333333335,4.611591706966514,0.08339694702915795,1.609430281800835,0.4654856324195862,0.09651018695033997,1
27,16,0.5925925925925926,0.5040479236682235,0.04582799831937715,0.11521816073610397,0.055359220770826625,0.0,0.017816666666666668,4.973906915918618,0.09265529277772488,1.7225828962617513,0.49851542711257935,0.2812034552761409,1
27,17,0.6296296296296297,0.5508202755284467,0.046772351860223216,0.1252401885560961,0.05932065090875446,0.0,0.015275,5.346854534817317,0.10231782103483825,1.8364661471617283,0.5318467617034912,0.4772657267523277,1
27,18,0.6666666666666666,0.5982197459229196,0.047399470394472884,0.135636290429445,0.06336092160096873,0.0,0.015266666666666668,5.728763565346217,0.1123449553404909,1.9510057199148751,0.5654698014259338,0.6844140759494142,1
27,19,0.7037037037037037,0.6459141476844835,0.04769440176156388,0.1463584800679762,0.06746001337901407,0.0,0.012266666666666667,6.117744725986981,0.12269053493147043,2.0661080982540683,0.5993694067001343,0.9022085846858934,1
27,20,0.7407407407407407,0.6935641913697126,0.04765004368522911,0.15735286564249037,0.07159687694422137,0.0,0.012266666666666667,6.511812842636093,0.13330262627316794,2.1816609031209446,0.6335247755050659,1.1300452052016867,1
27,21,0.7777777777777778,0.7408328303592655,0.04726863898955293,0.16856079619481673,0.0757498858541618,0.0,0.012179166666666668,6.909039070207901,0.1441246292525359,2.2975333317450235,0.6679094433784485,1.3671559812115381,1
27,22,0.8148148148148148,0.7873932976441874,0.04656046728492189,0.17992008080100205,0.07989731086191082,0.0,0.009816666666666668,7.307193727645039,0.15509645145676978,2.4135772231598986,0.7024914026260376,1.6126115061181912,1
27,23,0.8518518518518519,0.832942188966402,0.045548891322214576,0.19136628784208473,0.08401767632390898,0.0,0.0096875,7.704145763673057,0.1661557656517951,2.529628463279506,0.7372331619262695,1.8653271892842467,1
27,24,0.8888888888888888,0.8771998989233946,0.0442577099569926,0.20283425209725423,0.08809026674356328,0.0,0.0096875,8.097861472154593,0.17723947177621174,2.6455089550694484,0.7720919251441956,2.1240776718783154,1
27,25,0.9259259259259259,0.9199258846321196,0.042725985708724934,0.21425968217692062,0.09209554511664153,0.0,0.0096875,8.486357916222317,0.1882852568890563,2.761029083838418,0.8070200681686401,2.3875188109850027,1
27,26,0.9629629629629629,0.9609136816754793,0.040987797043359774,0.22558050954526276,0.0960155035126404,0.0,0.009370833333333333,8.867796972780965,0.19923290689642179,2.8759904709587145,0.8419656753540039,2.654210463047856,1
27,27,1.0,1.0,0.0390863183245207,0.23673825838375526,0.0998339802326912,0.0,0.009370833333333333,9.24046358938717,0.21002564185841993,2.990189001713853,0.8768731355667114,2.9226468770450102,1
28,0,0.0,0.0,0.0,0.009866618039391812,0.007655744959239822,0.0,0.8929666666666667,0.9999999078714586,1.0710448906239536e-09,0.0,0.0,-0.582365145407957,1
28,1,0.037037037037037035,0.013880067893337587,0.013880067893337587,0.011428586774309229,0.00875634548294341,0.0,0.837025,1.1452579230472082,0.0017057780343385984,0.10392301386931409,0.029999999329447746,-0.5521194990999776,1
28,2,0.07407407407407407,0.02947211011564283,0.015592042222305244,0.013193539968525743,0.009983407245377031,0.0,0.7685083333333333,1.307507284781344,0.003630709625880829,0.20798552523241393,0.06004064157605171,-0.5179814499209332,1
28,3,0.1111111111111111,0.04690452894874039,0.017432418833097565,0.015179428667054202,0.011345956724423966,0.0,0.6914166666666667,1.4878984418226127,0.0057938624811429895,0.3122751782191091,0.09014888852834702,-0.4795951149618132,1
28,4,0.14814814814814814,0.06630017323369451,0.019395644284954112,0.017404355394768097,0.01285281856722904,0.0,0.6251666666666666,1.6876177407435209,0.008214428873087876,0.41688196190504073,0.12035146355628967,-0.4365947365374758,1
28,5,0.18518518518518517,0.08777314093521962,0.021472967701525108,0.019886331607910496,0.014512437173656856,0.0,0.5607333333333333,1.9078185830177057,0.010911463094271798,0.5218971258127238,0.15067429840564728,-0.3886079370176354,1
28,6,0.2222222222222222,0.1114264231365093,0.023653282201289677,0.022642934846484167,0.01633269616471478,0.0,0.4995541666666667,2.149654417008638,0.013903518975502165,0.6274104358797475,0.1811429113149643,-0.33526031596131567,1
28,7,0.25925925925925924,0.13734685545672676,0.025920432320217453,0.02569090871173007,0.018320685181538975,0.0,0.4503375,2.414160309625744,0.017208218087232025,0.7335079728186844,0.21178090572357178,-0.276181427555346,1
28,8,0.2962962962962963,0.165600237754579,0.028253382297852233,0.02904570829896629,0.02048244793153877,0.0,0.40048333333333336,2.702221852575166,0.02084177122622819,0.8402702182603027,0.24261264503002167,-0.21101171660437767,1
28,9,0.3333333333333333,0.19622780012056015,0.03062756236598117,0.03272101541860302,0.0228227588100204,0.0,0.35205833333333336,3.0144987797112996,0.02481846061416889,0.9477702728832422,0.27365806698799133,-0.13941011036557693,1
28,10,0.37037037037037035,0.22924199572486034,0.03301419560430018,0.036728176252420745,0.02534481343311375,0.0,0.32513333333333333,3.3515237948076058,0.029150045682714298,1.0560722539019813,0.3049399256706238,-0.06106368272976148,1
28,11,0.4074074074074074,0.2646216205209397,0.03537962479607934,0.04107571047346082,0.028050025086911436,0.0,0.29502083333333334,3.713560062749938,0.03384524414955005,1.1652298311395861,0.33648109436035156,0.02430371419382027,1
28,12,0.4444444444444444,0.30230912066819,0.03768750014725032,0.04576871803628703,0.030937739945963685,0.0,0.24362083333333334,4.100649144811856,0.03890910617806108,1.27528484995752,0.3682900369167328,0.11692002619147335,1
28,13,0.48148148148148145,0.34220739509634546,0.039898274428155474,0.05080836565337429,0.03400503458557616,0.0,0.23848750000000002,4.512686594733581,0.04434247530352829,1.386266109965331,0.4003772437572479,0.21695425611296404,1
28,14,0.5185185185185185,0.3841784492168134,0.04197105412046793,0.05619148458253021,0.03724658219944133,0.0,0.20964166666666667,4.948914776330139,0.05014156829538535,1.4981882091116319,0.43277186155319214,0.32450675203002444,1
28,15,0.5555555555555556,0.428045414355678,0.04386696513886463,0.06191012027446155,0.040654498450434014,0.0,0.17297916666666668,5.408404797615919,0.05629750424985347,1.6110505176683103,0.4654897451400757,0.43959735735120375,1
28,16,0.5925925925925926,0.4735900234624458,0.04554460910676776,0.06795130401959903,0.04421827857634383,0.0,0.1696375,5.889819354138029,0.06279606920896395,1.7248362474685002,0.498511403799057,0.5621561462380411,1
28,17,0.6296296296296297,0.5205588376951403,0.046968814232694556,0.07429695488435091,0.047924896060009194,0.0,0.12675833333333333,6.391588546883474,0.06961762668475599,1.8395117198110225,0.5319004654884338,0.6920162038263467,1
28,18,0.6666666666666666,0.5686672852863102,0.04810844759116983,0.0809238868033316,0.05175873856494572,0.0,0.12662500000000002,6.911760781484891,0.07673712401122773,1.9550257106719824,0.5656518936157227,0.828907291611233,1
28,19,0.7037037037037037,0.6176067295585419,0.04893944427223169,0.08780405688496704,0.05570210096958125,0.0,0.09050833333333334,7.447955918582295,0.08412437479323902,2.071309149184983,0.5997219681739807,0.9724517159576243,1
28,20,0.7407407407407407,0.6670485077904676,0.049441778231925824,0.09490491027480648,0.05973548848129134,0.0,0.09050833333333334,7.997792404209598,0.0917444281271523,2.1882749439931497,0.6340967416763306,1.122161937576351,1
28,21,0.7777777777777778,0.7166575623895413,0.049609054599073554,0.10219003994330664,0.06383769066336734,0.0,0.09005,8.558546959489728,0.09955827425819395,2.3058182994145557,0.6687570810317993,1.2774472621658326,1
28,22,0.8148148148148148,0.766096479758045,0.04943891736850378,0.10961985093803356,0.06798638620565592,0.0,0.0599625,9.127232496069919,0.10752356041568112,2.423817149393337,0.7036784887313843,1.4376184932736162,1
28,23,0.8518518518518519,0.8150365971746113,0.04894011741656629,0.11715239340113388,0.07215856191066856,0.0,0.059275,9.700602010390945,0.11559546924773281,2.542133278324927,0.7388313412666321,1.6018970921114253,1
28,24,0.8888888888888888,0.8631680999592412,0.048131502784629826,0.12474440026311504,0.07633112544497357,0.0,0.059275,10.275562930121792,0.12372783166668573,2.660613351844919,0.7741808295249939,1.7694315008789046,1
28,25,0.9259259259259259,0.9102033871949773,0.047035287235736155,0.13235226435435773,0.0804813517032096,0.0,0.059275,10.848970501500212,0.13187416290394224,2.779090924249341,0.8096872568130493,1.939313226911322,1
28,26,0.9629629629629629,0.9558876737511742,0.04568428655619695,0.13993301359159924,0.08458744050455733,0.0,0.057320833333333335,11.417811339130237,0.13998869249971468,2.8973886142071965,0.845306396484375,2.1105966396936697,1
28,27,1.0,1.0,0.04411232624882579,0.1474453197264757,0.08862888769497496,0.0,0.057320833333333335,11.979231189151891,0.14802743820694678,3.0153204154998225,0.8809899687767029,2.2823206776257434,1
29,0,0.0,0.0,0.0,0.030159202320092667,0.017568776324068364,0.0,0.32466666666666666,0.9999999148565405,2.699560718610883e-09,0.0,0.0,-2.887836915737095,1
29,1,0.037037037037037035,0.02103618553125214,0.02103618553125214,0.03428797016020628,0.019789610661054956,0.0,0.3025125,1.1236210993237616,0.00412292429212054,0.10392303430188639,0.029999999329447746,-2.806480737237977,1
29,2,0.07407407407407407,0.04413212782600948,0.023095942294757348,0.03886425689278381,0.022223606242634596,0.0,0.28221666666666667,1.2588908148165785,0.008694841014212903,0.20798141833278788,0.060040730983018875,-2.7155927873274663,1
29,3,0.1111111111111111,0.06936473248342816,0.025232604657418667,0.04391698385208448,0.02488078288890644,0.0,0.2604916666666667,1.4063446131448631,0.013745054599799914,0.312268646334646,0.09014903753995895,-2.6143375230622468,1
29,4,0.14814814814814814,0.09678875718047601,0.027424024697047866,0.049473702817499514,0.0277700172836186,0.0,0.24109583333333334,1.5664801328123743,0.019301538248889846,0.41687192615676083,0.12035165727138519,-2.5018443611117798,1
29,5,0.18518518518518517,0.12643625519147575,0.029647498010999727,0.05555998702313279,0.03089880213421578,0.0,0.2218,1.7397155528864938,0.025390314495099788,0.5218734585814384,0.15067438781261444,-2.377210540801576,1
29,6,0.2222222222222222,0.15831012021480367,0.03187386502332794,0.06219876125475602,0.03427295709110801,0.0,0.19919583333333335,1.926379065508828,0.03203477919096735,0.6273487469293689,0.18114255368709564,-2.239505102554335,1
29,7,0.25925925925925924,0.19238130397060493,0.03407118375580124,0.0694094615792349,0.037896296613366194,0.0,0.17855000000000001,2.1267279059667707,0.03925485560425441,0.7333648590549342,0.21178080141544342,-2.087776280051984,1
29,8,0.2962962962962963,0.22858469824541156,0.036203394274806636,0.07720714558202747,0.04177028807396972,0.0,0.15601666666666666,2.340878847319415,0.04706609189277709,0.8399786988655981,0.24261197447776794,-1.9210608240694018,1
29,9,0.3333333333333333,0.26681601860158355,0.03823132035617198,0.08560162242163431,0.04589375000147795,0.0,0.13338333333333333,2.5688031393632134,0.055478783664430056,0.9472352659585074,0.27365586161613464,-1.7383940585347908,1
29,10,0.37037037037037035,0.3069283541984753,0.04011233559689179,0.09459647976628319,0.050262335854259745,0.0,0.12046666666666667,2.810328873246335,0.06449698017780967,1.0551659959586885,0.3049287497997284,-1.5388230493758535,1
29,11,0.4074074074074074,0.34873417112208105,0.04180581692360575,0.10418840750688488,0.05486874117779386,0.0,0.1075,3.0651222444959916,0.07411780178736468,1.1637872352794185,0.3364437520503998,-1.321419961311701,1
29,12,0.4444444444444444,0.39200241868665825,0.04326824756457719,0.11436634837272415,0.059702502515888295,0.0,0.09595000000000001,3.3326881716003594,0.08433057656717785,1.2730985364338558,0.36820995807647705,-1.0853017340933704,1
29,13,0.48148148148148145,0.4364645394236632,0.044462120737004944,0.12511087896860615,0.0647494163964843,0.0,0.08623333333333334,3.6123703425977136,0.09511619776664497,1.3830812940424737,0.4002319276332855,-0.8296459761444499,1
29,14,0.5185185185185185,0.481813912601294,0.045349373177630846,0.13639378490599172,0.06999175849197968,0.0,0.07654166666666667,3.903260370152892,0.10644668622777681,1.4936973087333183,0.432509183883667,-0.5537132413697101,1
29,15,0.5555555555555556,0.5277174290179962,0.045903516416702136,0.14817793039332702,0.07540838333918438,0.0,0.06506666666666668,4.204290028291918,0.11828504723437946,1.604887661095712,0.46503588557243347,-0.2568684765053284,1
29,16,0.5925925925925926,0.5738176056281988,0.04610017661020264,0.16041719216158998,0.08097486399806315,0.0,0.0619875,4.514202059830049,0.13058519287539014,1.7165716717918087,0.4978002607822418,0.06139070082150866,1
29,17,0.6296296296296297,0.6197470540341967,0.0459294484059979,0.1730571420654461,0.08666392127239625,0.0,0.048850000000000005,4.831620246112651,0.14329261672189653,1.828646248057514,0.5307843685150146,0.401415030733002,1
29,18,0.6666666666666666,0.6651346017711771,0.0453875477369804,0.18603555827265938,0.0924457951529143,0.0,0.04867083333333334,5.155015002978594,0.15634489954349054,1.940985702123135,0.563963770866394,0.7633713983818815,1
29,19,0.7037037037037037,0.709618926078416,0.04448432430723887,0.19928351537600272,0.0982887829088272,0.0,0.0347875,5.482689719655322,0.16967280008647165,2.053441765080083,0.5973072052001953,1.147215674731255,1
29,20,0.7407407407407407,0.7528584592514125,0.043239533172996475,0.21272655770581303,0.10415982404870654,0.0,0.0347875,5.812924796226033,0.18320143287967464,2.165844543718981,0.6307766437530518,1.5526587211712624,1
29,21,0.7777777777777778,0.7945407375135664,0.04168227826215382,0.22628672455594415,0.11002541570715871,0.0,0.03425,6.143930887266405,0.19685230108457294,2.2780037733033716,0.6643273234367371,1.979150355125773,1
29,22,0.8148148148148148,0.8343925289604951,0.03985179144692876,0.23988392301769568,0.11585214111648937,0.0,0.02656666666666667,6.473924545837553,0.21054468599681214,2.3897109977908593,0.6979078650474548,2.425837697522079,1
29,23,0.8518518518518519,0.8721859548450611,0.03779342588456603,0.2534379937440021,0.1216075268409299,0.0,0.025541666666666667,6.801084499953697,0.22419772976275937,2.50074239562859,0.7314609885215759,2.891541850911734,1
29,24,0.8888888888888888,0.9077429414210274,0.03555698657596629,0.26687056459281144,0.12726078255505774,0.0,0.025541666666666667,7.123693245488111,0.23773230595364328,2.610862117104295,0.7649239301681519,3.374728638245772,1
29,25,0.9259259259259259,0.9409380023453425,0.03319506092431515,0.2801070452069598,0.1327834827123062,0.0,0.025541666666666667,7.440158647976549,0.2510730384608026,2.7198262009364895,0.7982291579246521,3.873488094269005,1
29,26,0.9629629629629629,0.9716987951585978,0.030760792813255233,0.2930780164892109,0.13815003148220953,0.0,0.023820833333333333,7.749005547120524,0.2641497166715892,2.8273871662496983,0.8313058614730835,4.385501884374973,1
29,27,1.0,1.0,0.028301204841402236,0.30572075970924106,0.14333814795001923,0.0,0.023700000000000002,8.048948321878873,0.2768988394521093,2.9332986694736864,0.8640809059143066,4.9080269813885735,1
30,0,0.0,0.0,0.0,0.016887193230485046,0.01845993983755667,0.0,0.6377291666666667,0.9999998976672336,1.5043563002513515e-09,0.0,0.0,-1.4954095196044381,1
30,1,0.037037037037037035,0.017176262476274098,0.017176262476274098,0.019276875639410815,0.020744638870552785,0.0,0.6203541666666667,1.1384751851802604,0.0022781604503165002,0.10392302408559934,0.029999997466802597,-1.444603469703984,1
30,2,0.07407407407407407,0.036190394721551514,0.019014132245277416,0.021939929301376393,0.023250407484113764,0.0,0.6017833333333333,1.2925923968410025,0.004819902934629418,0.20798124842438243,0.06004071235656738,-1.3879243914229198,1
30,3,0.1111111111111111,0.05714456337882681,0.0209541686572753,0.02489650963622108,0.02598887572261425,0.0,0.5794833333333334,1.463476059844647,0.0076451439393464375,0.3122711346987576,0.0901486873626709,-1.3248911770404677,1
30,4,0.14814814814814814,0.08012786163440805,0.022983298255581236,0.02816623467496472,0.028970639530271736,0.0,0.5565583333333334,1.65223344710933,0.010773358274705243,0.41688233316096446,0.12035112082958221,-1.255016663431352,1
30,5,0.18518518518518517,0.10521534081371776,0.025087479179309723,0.03176799297052535,0.03220516361342847,0.0,0.531,1.8599520303566188,0.01422338607633978,0.521901704301854,0.1506740301847458,-1.1778088592795521,1
30,6,0.2222222222222222,0.13246349116169767,0.027248150347979908,0.03571950237385519,0.03570043524021673,0.0,0.5013625,2.0876571403931137,0.01801301071113881,0.6274116442908917,0.1811426430940628,-1.0927773847738047,1
30,7,0.25925925925925924,0.16190717522951178,0.029443684067814117,0.04003675968592899,0.0394626328176123,0.0,0.46897916666666667,2.3363132305899046,0.022158413359480135,0.7334883846085092,0.2117806077003479,-0.9994423233021399,1
30,8,0.2962962962962963,0.1935534946479528,0.031646319418440996,0.044733557403793686,0.043495809578517945,0.0,0.43264583333333334,2.6067369282227686,0.026673701179274617,0.8402003697814819,0.24261054396629333,-0.8973421909197388,1
30,9,0.3333333333333333,0.22738195152814183,0.03382845688018903,0.04982087854528092,0.04780152857006922,0.0,0.3922666666666667,2.8995727657298564,0.031570308280114034,0.9476067456013121,0.2736596465110779,-0.7860451663979351,1
30,10,0.37037037037037035,0.2633376696321355,0.0359557181039937,0.055306284354833514,0.0523785353253543,0.0,0.361275,3.2152962551363373,0.03685638316770266,1.055755839550377,0.3049432039260864,-0.6651615174359771,1
30,11,0.4074074074074074,0.30133074877012667,0.037993079137991145,0.06119334543718508,0.05722246176175563,0.0,0.32129583333333334,3.554160742414067,0.04253622599889705,1.1646839862959906,0.336477130651474,-0.5343563682689831,1
30,12,0.4444444444444444,0.3412338437899467,0.039903095019820006,0.06748112849763607,0.06232558995494556,0.0,0.29713333333333336,3.9161996988974566,0.04860976512912118,1.2744140788559828,0.36827611923217773,-0.39336322708436455,1
30,13,0.48148148148148145,0.3828821645770656,0.041648320787118935,0.07416360232109502,0.0676766255822557,0.0,0.2811916666666667,4.301151055449877,0.055071958404943715,1.3849544690716902,0.4003888964653015,-0.2420009861268122,1
30,14,0.5185185185185185,0.4260760584657895,0.043193893888723904,0.08122940641361935,0.07326067497988421,0.0,0.2503458333333333,4.708503238140958,0.061912543870010675,1.4962978906541393,0.4327993392944336,-0.08018572253252021,1
30,15,0.5555555555555556,0.4705781050266634,0.044502046560873885,0.0886614453264455,0.07905916767004981,0.0,0.222475,5.137282303211462,0.06911561965739432,1.6084204258918209,0.4655122458934784,0.09205138047745809,1
30,16,0.5925925925925926,0.5161237685126603,0.045545663485996875,0.09643681156607967,0.08504997388904112,0.0,0.21797083333333334,5.586225275098379,0.07665954677578347,1.7212807917091626,0.4985281229019165,0.27455074526763656,1
30,17,0.6296296296296297,0.5624215592598809,0.04629779074722068,0.10452692895903376,0.09120767166472787,0.0,0.20227083333333334,6.05379320281299,0.08451706523750262,1.834819626125719,0.531842827796936,0.46701359850039115,1
30,18,0.6666666666666666,0.6091632019316435,0.046741642671762625,0.11289779206513899,0.09750391262416513,0.0,0.20195833333333335,6.538146151099613,0.09265550240294672,1.94895923939094,0.5654473900794983,0.6689916441895489,1
30,19,0.7037037037037037,0.6560276705359794,0.046864468604335865,0.1215099830390077,0.10390492350828301,0.0,0.17719583333333333,7.037000944228689,0.10103690656700767,2.0636034169709068,0.599327802658081,0.8798795835579787,1
30,20,0.7407407407407407,0.7026924864746213,0.04666481593864191,0.13031788050763707,0.11036066197364902,5.833333333333333e-05,0.17719583333333333,7.547711219399655,0.10961789777531263,2.1786376764580075,0.6334647536277771,1.0989124139441424,1
30,21,0.7777777777777778,0.7488437253863933,0.04615123891177192,0.13927394226142079,0.1168340888600892,0.00017083333333333333,0.17644583333333333,8.067642278880463,0.11835203634011948,2.293929989273957,0.6678338050842285,1.3251746536836846,1
30,22,0.8148148148148148,0.794181181969605,0.04533745658321175,0.148327961321885,0.12328740844293157,0.0002708333333333333,0.1608375,8.594027335215879,0.12719002883442446,2.4093323687381876,0.7024052143096924,1.5576056963610094,1
30,23,0.8518518518518519,0.8384264400170439,0.044245258047438896,0.15743017841984316,0.12969553006427312,0.00035,0.15876666666666667,9.124014628141474,0.13608293621978698,2.5246820427728376,0.7371441721916199,1.7950118155368768,1
30,24,0.8888888888888888,0.8813278758376696,0.042901435820625715,0.16652984430117249,0.13602797247379786,0.0004416666666666667,0.15876666666666667,9.654661102646452,0.1449800279574249,2.6398031542980984,0.7720109820365906,2.036085183316941,1
30,25,0.9259259259259259,0.9226671142846076,0.041339238446937904,0.17557594429203086,0.14224871739439918,0.0005666666666666667,0.15876666666666667,10.182974585319274,0.15383080307265823,2.754509078942276,0.8069612979888916,2.279432315970852,1
30,26,0.9629629629629629,0.962269358399938,0.03960224411533048,0.1845207240878649,0.14833087783326382,0.0006958333333333334,0.14935833333333334,10.70630889453168,0.16258847651928535,2.868605564014107,0.8419468402862549,2.5236053071082294,1
30,27,1.0,1.0,0.037730641600061975,0.19332095309200073,0.15425783930884582,0.0008375,0.14935833333333334,11.222086322467048,0.17121043857277968,2.981894806897637,0.8769158124923706,2.7671281733144886,1
31,0,0.0,0.0,0.0,0.012642562677854177,0.014188304653182564,0.0,0.8493541666666667,0.9999999060628972,1.0455260053277016e-09,0.0,0.0,-0.7008086171569863,1
31,1,0.037037037037037035,0.015106074768425203,0.015106074768425203,0.014534250932648157,0.015970979738154114,0.0,0.8218625,1.1444149845129568,0.0016230535575059346,0.10392301494471205,0.029999997466802597,-0.6699959558039525,1
31,2,0.07407407407407407,0.03197465916692273,0.01686858439849753,0.016658006653223808,0.017924880531433582,0.0,0.7828916666666667,1.3056141545743227,0.0034460451545374883,0.207983497053219,0.06004069373011589,-0.6354613756060461,1
31,3,0.1111111111111111,0.05072435460896369,0.01874969544204096,0.019033003842096902,0.020058444379314797,0.0,0.7293041666666668,1.4848069608020902,0.005485635383590125,0.3122746963146639,0.09014852344989777,-0.5968927058778766,1
31,4,0.14814814814814814,0.07146792304963097,0.020743568440667277,0.021678331682033963,0.02237928203730078,0.0,0.6604958333333334,1.6832260368578382,0.007758436114835139,0.4168864239071811,0.12035014480352402,-0.5539750692244931,1
31,5,0.18518518518518517,0.09430664888786508,0.022838725838234115,0.024612771307082847,0.024894069338754127,0.0,0.5844375,1.9020188548656054,0.010280817391803592,0.5219079889627981,0.15067291259765625,-0.5063934086545165,1
31,6,0.2222222222222222,0.11932570767188043,0.02501905878401535,0.027854455842961992,0.027608366455535976,0.0,0.511125,2.142282019490964,0.01306861402984036,0.6274259464209503,0.18114155530929565,-0.45383683889726,1
31,7,0.25925925925925924,0.14659416609916529,0.02726845842728485,0.03142036892211599,0.030526315167239006,0.0,0.4345125,2.4049912295728713,0.01613669083875656,0.7335221174540776,0.21178001165390015,-0.3960057325733972,1
31,8,0.2962962962962963,0.17615833711555726,0.029564171016391964,0.0353259177552669,0.03365044588643383,0.0,0.3610416666666667,2.6910319745785904,0.01949857464378648,0.8402717084568324,0.24261166155338287,-0.3326176326967012,1
31,9,0.3333333333333333,0.20803493365368467,0.03187659653812743,0.03958433780067973,0.03698142223288487,0.0,0.30296666666666666,3.0010995508860456,0.023165933256097036,0.9477416523766764,0.2736585736274719,-0.26341606029103204,1
31,10,0.37037037037037035,0.24221308223930746,0.03417814858562277,0.04420615796751951,0.04051780469522413,0.0,0.26755833333333334,3.3358097863187726,0.027148112236416073,1.0559890713639895,0.3049429953098297,-0.18817878116015319,1
31,11,0.4074074074074074,0.27864405359897904,0.03643097135967157,0.04919857773359765,0.0442555753002277,0.0,0.20365,3.695358143823644,0.03145158395787649,1.165059877920696,0.33647921681404114,-0.10672719562527622,1
31,12,0.4444444444444444,0.3172438803482895,0.038599826749310444,0.054564981870554884,0.04818854312486585,0.0,0.1739125,4.079663773507181,0.03607953442881246,1.274987269410571,0.36828798055648804,-0.01893596136815745,1
31,13,0.48148148148148145,0.3578893297791839,0.04064544943089444,0.06030437803907072,0.05230817923411516,0.0,0.16777083333333334,4.488417731479579,0.041031376532835166,1.3857906879605568,0.4003833830356598,0.07525640986751014,1
31,14,0.5185185185185185,0.4004154875323536,0.042526157753169716,0.06641094362705376,0.056603018284462396,0.0,0.14294166666666666,4.921347303518831,0.04630232798841834,1.4974744843666576,0.4327883720397949,0.1758394689157008,1
31,15,0.5555555555555556,0.4446197848099176,0.044204297277563954,0.07287361858074168,0.06105893996281157,0.0,0.07385,5.37717836099408,0.051883063333975674,1.6100270386590696,0.4655061960220337,0.2827208404523027,1
31,16,0.5925925925925926,0.4902626024573246,0.04564281764740706,0.0796759112189293,0.0656592279204212,0.0,0.07369166666666667,5.854605458188591,0.057759535316458076,1.7234196489417406,0.4985276460647583,0.39571930153826784,1
31,17,0.6296296296296297,0.5370708954547669,0.04680829299744232,0.08679583837934533,0.07038478535493506,0.0,0.07025416666666667,6.351981669796783,0.0639129148706768,1.83760585055924,0.5319200754165649,0.5145595539765564,1
31,18,0.6666666666666666,0.5847454419000068,0.047674546445239774,0.09420605806109274,0.07521435718039718,0.0,0.0701625,6.867328702045971,0.07031970208642953,1.9525209848807161,0.5656430721282959,0.6388696030729957,1
31,19,0.7037037037037037,0.6329658770242281,0.04822043512422139,0.10187410675303787,0.08012488577018356,0.0,0.06749583333333334,7.398252635794329,0.07695192226432006,2.0680817508935547,0.5996737480163574,0.7681796994875798,1
31,20,0.7407407407407407,0.6814001571418389,0.048434280117610716,0.10976286117301855,0.08509184280482784,0.0,0.06749583333333334,7.942147229671048,0.08377752119294213,2.1841863142915563,0.6339960098266602,0.9019249734655199,1
31,21,0.7777777777777778,0.7297130167971013,0.04831285965526254,0.11783132814739432,0.09008977773017039,0.0,0.06729583333333333,8.49709851438992,0.09076104731402206,2.3007145703164635,0.6685883402824402,1.039454222527831,1
31,22,0.8148148148148148,0.7775752313533005,0.04786221455619915,0.12603536043525895,0.09509278939736883,0.0,0.0601625,9.059304874595583,0.09786427274639978,2.4175290581796243,0.7034237384796143,1.1800384933354984,1
31,23,0.8518518518518519,0.8246700605330338,0.047094829179733295,0.13432876666742788,0.10007509789604647,0.0,0.059800000000000006,9.62560595571229,0.10504715047821972,2.5344761470720414,0.7384698987007141,1.3228873090853588,1
31,24,0.8888888888888888,0.8707057327775243,0.04603567224449047,0.14266417603157314,0.10501148124117865,0.0,0.059800000000000006,10.192875005888878,0.11226857186990222,2.6513875990965086,0.7736891508102417,1.4671626778227562,1
31,25,0.9259259259259259,0.9154188683773997,0.04471313559987548,0.1509942909003766,0.1098774091044971,0.0,0.059800000000000006,10.757884484185789,0.11948747425041835,2.768082970294951,0.8090389370918274,1.6120025547573054,1
31,26,0.9629629629629629,0.9585805202917151,0.04316165191431541,0.15927297026023257,0.11465077705498948,0.0,0.05898333333333334,11.317672637355335,0.12666373017537666,2.884371732589247,0.8444719910621643,1.7565386174487072,1
31,27,1.0,1.0,0.04141947970828482,0.1674561746926899,0.11931105276064354,0.0,0.05898333333333334,11.869350147154048,0.1337590247201397,3.0000565262384296,0.8799371123313904,1.8999195882799071,1
32,0,0.0,0.0,0.0,0.10977739724058572,0.07049988090122845,0.0,0.014745833333333335,0.9999999522169079,6.839348417189387e-09,0.0,0.0,-11.630579820933118,0
32,1,0.037037037037037035,0.04847634531157888,0.04847634531157888,0.1217322449398623,0.07628604341808903,0.0,0.011695833333333334,1.0931802276521563,0.011653670863802028,0.10392304451817361,0.030000001192092896,-11.348354492076155,0
32,2,0.07407407407407407,0.09922879594048242,0.05075245062890354,0.13465130379647364,0.08234622239304133,0.0,0.009187500000000001,1.1919721469183853,0.024249908938088146,0.2079339325596851,0.06003909185528755,-11.034293951605346,0
32,3,0.1111111111111111,0.15199221357058748,0.05276341763010507,0.14855977947787632,0.0886643465550536,0.0,0.006795833333333333,1.2963125925016246,0.037813729558838535,0.31209289578130733,0.09014347195625305,-10.68477259304206,0
32,4,0.14814814814814814,0.20643093487912542,0.054438721308537934,0.16347270493388957,0.09521730039789965,0.0,0.004854166666666667,1.406070763462585,0.05236022773657719,0.4164358996124102,0.12033702433109283,-10.295703387454447,0
32,5,0.18518518518518517,0.2621406127749884,0.055709677895862994,0.17939336445393475,0.1019741317624951,0.0,0.0032583333333333336,1.5210436265619087,0.0678930074543951,0.520976820792917,0.15064117312431335,-9.862439028193553,0
32,6,0.2222222222222222,0.3186513967194406,0.056510783944452185,0.19631104793653698,0.10889463418946484,0.0,0.0021083333333333336,1.6409459624066554,0.08440196479980627,0.6257034448491019,0.18107423186302185,-9.379664549624074,0
32,7,0.25925925925925924,0.37543513029404313,0.05678373357460251,0.21419808666387102,0.11592748247443509,0.0,0.0013625,1.7654020400418569,0.10186035889771561,0.7305721614215034,0.21165063977241516,-8.84128022135888,0
32,8,0.2962962962962963,0.43191584067949057,0.056480710385447476,0.23300696665379886,0.1230082251358784,0.0,0.0008541666666666667,1.8939345312752216,0.12022195637523611,0.8355015322116885,0.24238012731075287,-8.240250006303974,0
32,9,0.3333333333333333,0.48748949012107995,0.055573649441589386,0.2526670452692356,0.13005705407649515,0.0,0.0005166666666666667,2.025965811279399,0.13941777788089693,0.9403654424967217,0.2732667624950409,-7.568425235083254,0
32,10,0.37037037037037035,0.5415444527304818,0.05405496260940181,0.27308128878542,0.13697611145111763,0.0,0.00034583333333333335,2.1608132574062346,0.1593528628624924,1.0449855714081713,0.304308146238327,-6.816336389837028,0
32,11,0.4074074074074074,0.5934937640536524,0.05194931132317062,0.29412354989400435,0.14364817272869954,0.0,0.0002291666666666667,2.2976682357415954,0.179903564326253,1.1491248247209709,0.33549416065216064,-5.972936602973686,0
32,12,0.4444444444444444,0.6428096582378543,0.04931589418420192,0.31563678624864194,0.1499357706808475,0.0,0.00014583333333333335,2.4356053956555885,0.2009156230364357,1.2524831603938833,0.3668059706687927,-5.025321289548,1
32,13,0.48148148148148145,0.689067478775509,0.0462578205376547,0.33743105495769765,0.1556763542175471,0.0,0.0001375,2.573541010080683,0.22219799973972454,1.3546991553192524,0.39821484684944153,-3.958450633328411,1
32,14,0.5185185185185185,0.7319644535554123,0.04289697477990333,0.3592928729990497,0.16070730668336689,3.7500000000000003e-05,0.00010833333333333334,2.710374684211755,0.2435405859385876,1.4553643515793344,0.42968085408210754,-2.7549581003222983,1
32,15,0.5555555555555556,0.7713467275887786,0.03938227403336628,0.38098478946562003,0.16484990294513957,0.0005208333333333333,0.0001,2.844575370604683,0.2647163961838465,1.5540425171306378,0.46115171909332275,-1.3962991971024614,1
32,16,0.5925925925925926,0.8071752164079218,0.035828488819143155,0.40227836574826525,0.16799648275651247,0.0011125,6.25e-05,2.9755444967000497,0.28550245898800075,1.6503124698254632,0.4925614595413208,0.1327685507896561,1
32,17,0.6296296296296297,0.839509425487199,0.032334209079277206,0.42295973892577277,0.1701025278997129,0.0014083333333333335,5e-05,3.1020167919520873,0.3056841458563124,1.7437879461045094,0.5238298773765564,1.8265725243948765,1
32,18,0.6666666666666666,0.8685064738287572,0.0289970483415583,0.44283499667835413,0.17116120902741913,0.00185,5e-05,3.222915344173552,0.3250548674156217,1.834163026820696,0.5548617839813232,3.6074665756729267,1
32,19,0.7037037037037037,0.8942729858690679,0.02576651204031062,0.461766516151316,0.17128815577426315,0.003425,2.9166666666666666e-05,3.3376776149995555,0.34348917582626454,1.92123045221432,0.5855469703674316,5.205681989763683,1
32,20,0.7407407407407407,0.9168867957729019,0.022613809903833937,0.47965734985061376,0.1706698597073104,0.00675,2.9166666666666666e-05,3.445448182973171,0.3609128023972476,2.0048450602949286,0.6157606840133667,6.062604510712461,1
32,21,0.7777777777777778,0.9364488089789604,0.019562013206058573,0.4964311505305029,0.169507624379442,0.009329166666666668,2.9166666666666666e-05,3.5451304065795086,0.3772552413207324,2.0848818673226455,0.645365297794342,5.744043785767179,1
32,22,0.8148148148148148,0.9531010937611133,0.016652284782152842,0.5120371865436355,0.1679965850958883,0.0103,2.9166666666666666e-05,3.6358756377675716,0.3924661121354283,2.16125707476762,0.6742127537727356,4.560316344508465,1
32,23,0.8518518518518519,0.9670636223018763,0.013962528540762987,0.52639913752679,0.1662768703365098,0.007933333333333334,2.9166666666666666e-05,3.718213119809135,0.40647005211230264,2.233783349831722,0.7021476030349731,3.0970619499678946,1
32,24,0.8888888888888888,0.9785162222091754,0.011452599907299231,0.5395014159058604,0.16454178442856643,0.0069375,2.0833333333333336e-05,3.792810791442989,0.4192500274567089,2.3023554797975088,0.729011058807373,1.6837793016039235,1
32,25,0.9259259259259259,0.9876724073826794,0.009156185173503861,0.5513288970463832,0.16293669235016767,0.0057125000000000006,2.0833333333333336e-05,3.859367332715006,0.4307879798151501,2.3668408234683658,0.7546457648277283,0.42354989030284784,1
32,26,0.9629629629629629,0.994759110443653,0.007086703060973597,0.5618913749809976,0.161585992859375,0.005975,2.0833333333333336e-05,3.9184622536991993,0.44108136941649334,2.4271275821346205,0.7789009213447571,-0.67047681779475,1
32,27,1.0,1.0,0.005240889556347074,0.5712170619770581,0.1605833807859148,0.006420833333333334,2.0833333333333336e-05,3.9703611490038573,0.4501522086675745,2.483116882767291,0.8016363382339478,-1.6130413111364952,1
33,0,0.0,0.0,0.0,0.07977736972205925,0.035853680807444104,0.0,0.06557083333333334,0.9999998789723566,7.182269150184261e-09,0.0,0.0,-9.868242046158109,0
33,1,0.037037037037037035,0.03942597928456072,0.03942597928456072,0.0891541081182881,0.03945907542664747,0.0,0.053045833333333334,1.10216661517517,0.00950728204706425,0.1039230407542783,0.030000001192092896,-9.57746139958685,0
33,2,0.07407407407407407,0.08139735880255687,0.04197137951799615,0.09936370956857453,0.04330846192036194,0.0,0.040875,1.2114608453443498,0.019855673968634156,0.20796136921781663,0.060039471834897995,-9.250589277882778,0
33,3,0.1111111111111111,0.12580867736309514,0.04441131856053826,0.11043894222416815,0.04740231142101139,0.0,0.030345833333333336,1.3279395433122805,0.031077896430640895,0.3121929055280147,0.0901452824473381,-8.882941082044578,0
33,4,0.14814814814814814,0.1724984320740296,0.04668975471093447,0.12240665472868804,0.051738415331868855,0.0,0.022787500000000002,1.4515900658720102,0.04320067222504101,0.4166812640714581,0.12034229189157486,-8.469050878582811,0
33,5,0.18518518518518517,0.22124799111318968,0.04874955903916009,0.13528665044696703,0.05631167471610806,0.0,0.016408333333333334,1.582326640957968,0.056243587167982736,0.5214770972507063,0.15065334737300873,-8.002465586578289,0
33,6,0.2222222222222222,0.27177941927083593,0.050531428157646247,0.1490904644699566,0.06111385621036402,0.0,0.011416666666666667,1.719986310625414,0.07021786484209976,0.6266160850814999,0.18109874427318573,-7.475470957777315,0
33,7,0.25925925925925924,0.32375384710650185,0.051974427835665915,0.1638196484488819,0.0661332633127548,0.0,0.007829166666666667,1.8643169051751722,0.08512464430498529,0.7321163964862469,0.21169553697109222,-6.878737831623678,0
33,8,0.2962962962962963,0.37677320063113134,0.053019353524629505,0.1794642435251252,0.07135448243432234,0.0,0.0058625000000000005,2.014970929277217,0.10095344697544092,0.8379758545278023,0.24245685338974,-6.2008313928359104,0
33,9,0.3333333333333333,0.43038331473492614,0.05361011410379479,0.196001417303301,0.07675819233172514,0.0,0.0034458333333333333,2.1715080102856525,0.11768081412775598,0.9441690257786755,0.27339112758636475,-5.427535533466026,1
33,10,0.37037037037037035,0.4840833723098671,0.05370005757494092,0.21339387770075574,0.0823209742914434,0.0,0.0025458333333333335,2.333386233281897,0.1352687174622047,1.050643979374796,0.30450132489204407,-4.540959841356157,1
33,11,0.4074074074074074,0.5373338607875463,0.0532504884776792,0.23158896538333384,0.08801539546006913,0.0,0.0022166666666666667,2.499964105682913,0.15366365359980977,1.1573192854042806,0.33578401803970337,-3.5183811469842823,1
33,12,0.4444444444444444,0.5895706566937148,0.05223679590616855,0.2505177000878894,0.09380996805964402,0.0,0.0017666666666666668,2.670502320806478,0.1727956989460599,1.2640806145050383,0.367228627204895,-2.3310687702991792,1
33,13,0.48148148148148145,0.6402241015712841,0.050653444877569204,0.27009408563787307,0.09966928908742788,0.0,0.0012041666666666668,2.8441643975523223,0.1925778169908121,1.3707777519259887,0.3988165259361267,-0.9441997655456156,1
33,14,0.5185185185185185,0.6887358540262929,0.0485117524550089,0.2902155506670456,0.10555451845103422,0.0,0.0007916666666666668,3.020024477510955,0.21290631076396288,1.477221911400949,0.4305199682712555,0.6776053437673824,1
33,15,0.5555555555555556,0.7345800659792193,0.04584421195292641,0.3107631833018887,0.11142377388485619,0.0,0.0007625,3.197080434175987,0.23366107259016847,1.583183549403127,0.4623011350631714,2.5411609158706554,1
33,16,0.5925925925925926,0.7772859426620008,0.042705876682781495,0.33160337979282983,0.11723285223159725,0.0,0.0006416666666666667,3.3742849293103663,0.2547072565740673,1.6883911771298332,0.4941115081310272,4.511301833538621,1
33,17,0.6296296296296297,0.816457238606698,0.03917129594469722,0.352589626195014,0.12293622362101292,0.0,0.000575,3.5505347819822246,0.2758970695485335,1.7925315193730613,0.5258909463882446,6.017368303924542,1
33,18,0.6666666666666666,0.8517903945981928,0.03533315599149476,0.3735654935141721,0.1284879243706184,0.0,0.000575,3.7247116197955563,0.2970727925816008,1.8952513404591849,0.5575671195983887,6.069148997795633,1
33,19,0.7037037037037037,0.8830879550656255,0.03129756046743276,0.3943679393076056,0.13384299870148314,0.0,0.0005333333333333334,3.895685503220341,0.3180701102402967,1.9961612863647185,0.5890555381774902,4.6432054726861764,1
33,20,0.7407407407407407,0.9102664504909931,0.02717849542536757,0.4148313400756149,0.13895865322188153,0.0,0.0005291666666666667,4.062361218003367,0.3387221652576571,2.0948421568353446,0.6202598214149475,2.726910392103047,1
33,21,0.7777777777777778,0.9333589548677376,0.023092504376744438,0.43479215489657325,0.14379581582252038,0.0,0.0005166666666666667,4.2236922461484845,0.35886425865769334,2.1908536743509464,0.6510722041130066,0.9106673297976684,1
33,22,0.8148148148148148,0.9525092789107134,0.01915032404297583,0.45409357200839345,0.14832040134017838,0.0,0.0004958333333333334,4.37870420296806,0.37833851724698264,2.2837454623617295,0.6813755035400391,-0.6613551281527528,1
33,23,0.8518518518518519,0.9679606406381874,0.015451361727474074,0.47259006638499756,0.15250459508583528,0.0,0.00048750000000000003,4.5265374618765115,0.3969984821803946,2.3730700489123935,0.711044192314148,-1.9931884318102036,1
33,24,0.8888888888888888,0.980035848156493,0.012075207518305566,0.4901514776798025,0.15632785590054224,0.0,0.0004375,4.666425220031028,0.4147132046873035,2.458396833509214,0.7399472594261169,-3.119358183314205,1
33,25,0.9259259259259259,0.9891185202539663,0.009082672097473222,0.5066666016152191,0.15977736862751754,0.0,0.0004375,4.797745927332131,0.4313708574407708,2.5393261143179524,0.7679515480995178,-4.074446413712419,1
33,26,0.9629629629629629,0.995629043819236,0.006510523565269747,0.5220452432232009,0.16284804229624622,0.0,0.0004375,4.920007405208818,0.44688079262500785,2.6155022319256274,0.7949255108833313,-4.887136539167031,1
33,27,1.0,1.0,0.00437095618076399,0.536219603863383,0.1655423919286858,0.0,0.0004375,5.032895582387188,0.4611749333292738,2.686624463303404,0.8207424283027649,-5.580232304134121,1
34,0,0.0,0.0,0.0,0.06728715726398156,0.03365322632472889,0.0,0.0648875,0.9999999107998225,5.941657582297922e-09,0.0,0.0,-4.534341240977201,1
34,1,0.037037037037037035,0.03383682997184799,0.03383682997184799,0.07541396818426538,0.037079799880329355,0.0,0.058520833333333334,1.104847106028315,0.008133347047714698,0.10392304290507554,0.029999999329447746,-4.36714363621534,1
34,2,0.07407407407407407,0.07010106736355903,0.03626423739171104,0.08429026659082459,0.04074618857928656,0.0,0.0535375,1.2173288897062262,0.017013665746167278,0.20796185533054626,0.06004003807902336,-4.1813876589367736,1
34,3,0.1111111111111111,0.10874991448060116,0.038648847117042126,0.09394976167874969,0.0446550135336564,0.0,0.04890416666666667,1.3375560125772743,0.02667431591067709,0.3122033916342799,0.09014709293842316,-3.975309425435084,1
34,4,0.14814814814814814,0.1496936906994324,0.040943776218831225,0.10442121630298583,0.0488064333885062,0.0,0.0451625,1.4655685144957136,0.03714372030907867,0.4167186904144519,0.12034659832715988,-3.7470110467033226,1
34,5,0.18518518518518517,0.1927969996773516,0.0431033089779192,0.11572778656095761,0.05319817280895814,0.0,0.04155416666666667,1.6013309414083376,0.04844470983496803,0.5215674289005146,0.15066254138946533,-3.494437165143842,1
34,6,0.2222222222222222,0.2378726015007814,0.04507560182342982,0.12788583890327898,0.057825298154194946,0.0,0.03859166666666667,1.7447249702576784,0.06059334698296088,0.6267965168809118,0.18111659586429596,-3.215359260814937,1
34,7,0.25925925925925924,0.28468141268526825,0.04680881118448687,0.14090356646118363,0.06267997304395669,0.0,0.03569166666666667,1.8955414481417596,0.07359755222467745,0.7324379776522117,0.21172742545604706,-2.907361249551302,1
34,8,0.2962962962962963,0.33292997722080553,0.048248564535537226,0.15477970773161304,0.06775120959399089,0.0,0.032370833333333335,2.053474256843234,0.08745583258160947,0.8385066529244753,0.24251024425029755,-2.5678208083138134,1
34,9,0.3333333333333333,0.3822726064565599,0.049342629235754394,0.16950219051453994,0.07302475515034497,0.0,0.029579166666666667,2.2181181664090204,0.10215593393471338,0.9449977426447705,0.2734760642051697,-2.1938904830016845,1
34,10,0.37037037037037035,0.4323158534053001,0.05004324694874019,0.18504687064565756,0.07848286764464216,0.0,0.027054166666666667,2.3889602782029677,0.11767358844935727,1.051884295838264,0.30463096499443054,-1.7824772592043896,1
34,11,0.4074074074074074,0.48262347338526274,0.05030761997996266,0.201376646280389,0.08410439360478529,0.0,0.023795833333333336,2.565380124086795,0.1339716382201496,1.1591147001570894,0.3359752893447876,-1.3302137096630755,1
34,12,0.4444444444444444,0.5327258589664471,0.050102385581184364,0.2184405138623625,0.08986472200977155,0.0,0.02185,2.7466493723025254,0.1509990960077842,1.2666100400886229,0.36750292778015137,-0.8334357163454342,1
34,13,0.48148148148148145,0.5821320038715865,0.04940614490513934,0.23617311290309403,0.09573592033415355,0.0,0.021033333333333334,2.9319322718167897,0.16869069554368488,1.3742617414029192,0.3992004990577698,-0.2881566624937655,1
34,14,0.5185185185185185,0.6303429745231769,0.0482109706515904,0.2544947658458379,0.10168702806151948,0.0,0.017941666666666668,3.1203081716027983,0.18696693336758183,1.4819292715828665,0.4310465157032013,0.3099562392900257,1
34,15,0.5555555555555556,0.6768689804875462,0.046526005964369385,0.27331175780776623,0.107684370867367,0.0,0.017750000000000002,3.310758288172521,0.20573434844610425,1.5894384933519126,0.46301063895225525,0.9655823943391493,1
34,16,0.5925925925925926,0.7212444995691719,0.044375519081625674,0.2925173006532199,0.11369204603353061,0.0,0.011300000000000001,3.5021913581453723,0.224886482710282,1.696580214238611,0.49505290389060974,1.6837156642937767,1
34,17,0.6296296296296297,0.7630474151888604,0.041802915619688547,0.3119932180674548,0.1196725993574447,0.0,0.0108375,3.6934651138117864,0.24430556134520967,1.8031100109007796,0.527122974395752,2.4695590567763936,1
34,18,0.6666666666666666,0.801913314704421,0.03886589951556049,0.33161185352598876,0.12558764702444364,0.0,0.010820833333333333,3.8834063793980014,0.26386438721585437,1.9087487960559457,0.5591596961021423,3.3282428950475467,1
34,19,0.7037037037037037,0.837550954941189,0.035637640236768034,0.35123879071645353,0.13139877350446083,0.0,0.010395833333333333,4.070827686768501,0.2834290549547043,2.013185016072163,0.5910912752151489,4.264223456438085,1
34,20,0.7407407407407407,0.869751988940784,0.03220103399959495,0.37073576449301193,0.13706825085940816,0.0,0.010370833333333334,4.254551964084745,0.30286182899778746,2.1160779376640546,0.6228350400924683,5.280016264923402,1
34,21,0.7777777777777778,0.8983981880720613,0.02864619913127732,0.3899642075050618,0.1425599923285068,0.0,0.010370833333333334,4.433437162748396,0.3220246177596913,2.2170630208442508,0.6542981266975403,6.37368243129457,1
34,22,0.8148148148148148,0.923462682191579,0.025064494119517743,0.40878887949511494,0.14784070490819387,0.0,0.010308333333333334,4.6064318564583475,0.34078274495739735,2.315758919400583,0.68537837266922,7.533954457545628,1
34,23,0.8518518518518519,0.9450084276806685,0.021545745489089562,0.4270811515179386,0.15287989973711627,0.0,0.010308333333333334,4.772518570203037,0.35900765559111864,2.4117756874819984,0.7159658074378967,8.731563707191738,1
34,24,0.8888888888888888,0.9631854353220388,0.0181770076413703,0.44472166476780767,0.1576490569608319,0.0,0.009320833333333334,4.930696709061822,0.3765786849759668,2.5047250843017648,0.745945155620575,9.906124274172532,1
34,25,0.9259259259259259,0.9782148062733784,0.015029370951339617,0.46160483334192187,0.16212476771127707,0.0,0.009320833333333334,5.080191947243436,0.3933882920519494,2.594234122202055,0.7751981019973755,10.953182037823451,1
34,26,0.9629629629629629,0.9903831148699483,0.012168308596569855,0.4776402817712794,0.16628648653300282,1.25e-05,0.009320833333333334,5.2203293975228755,0.40934192613981496,2.679960187144835,0.8036059737205505,11.731336424275364,1
34,27,1.0,1.0,0.009616885130051676,0.49275684983327056,0.1701241184843431,2.5e-05,0.009320833333333334,5.350773987262739,0.42436884786815116,2.7615953725839444,0.8310527801513672,12.113592928040356,1
35,0,0.0,0.0,0.0,0.06052259881321229,0.03134083134057761,0.0,0.16525833333333334,0.9999999211938491,5.392337657718195e-09,0.0,0.0,-2.7249139543172887,1
35,1,0.037037037037037035,0.03212012993227702,0.03212012993227702,0.06793528632618276,0.034753772168407145,0.0,0.152275,1.1076099873715461,0.0073928906112281974,0.10392304398047425,0.030000001192092896,-2.614848819718345,1
35,2,0.07407407407407407,0.06663377011174802,0.034513640179471006,0.07604392404833932,0.038432391763364125,0.0,0.13876666666666668,1.2234797063406486,0.015476949853759855,0.20796509308969605,0.06003998965024948,-2.4931370947190263,1
35,3,0.1111111111111111,0.10351516676191752,0.0368813966501695,0.08488135190648499,0.042382673402325086,0.0,0.12537500000000001,1.347785332930564,0.024284493019617447,0.3122144191955433,0.09014672785997391,-2.35885507890758,1
35,4,0.14814814814814814,0.1426955105648902,0.039180343802972674,0.09447607031205085,0.046608232491028835,0.0,0.11239583333333333,1.4806368634849858,0.03384350808757396,0.4167446074949031,0.12034536153078079,-2.211054914344203,1
35,5,0.18518518518518517,0.1840628372259404,0.041367326661050224,0.10485170069892542,0.051110267892066866,0.0,0.09786666666666667,1.622074676069689,0.044177118878914436,0.5216186763632055,0.1506592035293579,-2.0487623826818986,1
35,6,0.2222222222222222,0.22745616078311368,0.043393323557173256,0.11602577468849706,0.05588718831438529,0.0,0.08611666666666667,1.77205506256134,0.0553023895780446,0.6268877279181695,0.18110930919647217,-1.8709854042166967,1
35,7,0.25925925925925924,0.27266487699464365,0.045208716211529984,0.12800851668657734,0.06093432976668938,0.0,0.07338333333333334,1.9304391742489142,0.06722912224082005,0.7325888925561252,0.21171526610851288,-1.6767237436344367,1
35,8,0.2962962962962963,0.31942647632405113,0.046761599329407454,0.14080166705617345,0.06624366100014353,0.0,0.060562500000000005,2.096993631177058,0.07995869292399471,0.8387432010130899,0.24249088764190674,-1.4649803242664206,1
35,9,0.3333333333333333,0.3674269416818658,0.048000465357814666,0.1543971696114935,0.0718035135871301,0.0,0.0495,2.271367676981578,0.09348276193255702,0.9453533119493824,0.2734464704990387,-1.2347775894359216,1
35,10,0.37037037037037035,0.4163043778188391,0.0488774361369733,0.1687760494195485,0.07759836762803413,0.0,0.04354583333333333,2.4531048862404665,0.10778216198461273,1.0524011057075062,0.3045872449874878,-0.9851753629095858,1
35,11,0.4074074074074074,0.4656536847911769,0.04934930697233781,0.1839073576712026,0.08360799346992913,4.166666666666667e-06,0.0334875,2.6416000587041277,0.12282586097582697,1.1598454644137997,0.33591270446777344,-0.715291685050687,1
35,12,0.4444444444444444,0.5150340156178259,0.04938033082664899,0.19974750749490372,0.08980822974204965,8.333333333333334e-06,0.027887500000000003,2.8361220896290353,0.13857037157488716,1.2676198507953746,0.3674156665802002,-0.42432658430876913,1
35,13,0.48148148148148145,0.5639798136132573,0.04894579799543144,0.21623981169471426,0.0961723246188248,8.333333333333334e-06,0.026870833333333333,3.035862116951082,0.1549591782311385,1.3756301018679524,0.39908161759376526,-0.11159269001106509,1
35,14,0.5185185185185185,0.6120129435099861,0.048033129896728845,0.23331413656833522,0.10266728672841674,2.5e-05,0.022529166666666666,3.239823370092416,0.17192246045083157,1.4837524881737159,0.4308878183364868,0.22345741977272127,1
35,15,0.5555555555555556,0.6586575570554285,0.046644613545442366,0.25088775941028185,0.10926021144648812,2.9166666666666666e-05,0.012929166666666667,3.4469920898547053,0.189377984618457,1.5918319580595717,0.4628024101257324,0.5811919152376346,1
35,16,0.5925925925925926,0.7034552071973353,0.044797650141906786,0.26886561259215425,0.11591356336983795,3.7500000000000003e-05,0.012333333333333333,3.656200597199923,0.20723133016582515,1.6996809972091422,0.494783878326416,0.9617630317878927,1
35,17,0.6296296296296297,0.7459813046475374,0.04252609745020212,0.28714202741858763,0.1225886517287423,4.166666666666667e-05,0.011629166666666668,3.866271178262945,0.2253774957908311,1.8070794171831974,0.5267802476882935,1.3650665286372217,1
35,18,0.6666666666666666,0.7858608783976776,0.03987957375014014,0.3056025380530824,0.12924528247828537,5e-05,0.011625,4.075993328989084,0.2437028729498587,1.9137745900210048,0.5587286353111267,1.7907022726870157,1
35,19,0.7037037037037037,0.8227813531720275,0.03692047477434993,0.3241259253450673,0.1358425607110119,5.833333333333333e-05,0.010970833333333334,4.284132503521095,0.26208720505189914,2.0194831862688214,0.5905742049217224,2.2379241560782965,1
35,20,0.7407407407407407,0.8565035867602718,0.033722233588244346,0.342586756097699,0.14233851744534584,6.25e-05,0.010970833333333334,4.489393143238549,0.28040619675895756,2.1238939339902636,0.6222251653671265,2.705600807779092,1
35,21,0.7777777777777778,0.886870073440523,0.030366486680251204,0.3608588719926352,0.14869245275904439,7.500000000000001e-05,0.010954166666666668,4.690493210931681,0.29853480065698773,2.2266719479738057,0.6535869240760803,3.19218370004465,1
35,22,0.8148148148148148,0.9138086976668222,0.02693862422629913,0.3788183851706757,0.15486667391405096,8.333333333333334e-05,0.010954166666666668,4.886288462843482,0.31635041011400045,2.327464357997603,0.6845579147338867,3.695663122340127,1
35,23,0.8518518518518519,0.9373300741713735,0.023521376504551283,0.3963470442938586,0.16082674810636877,8.75e-05,0.0095375,5.075707932859993,0.333735761488663,2.4259074672651506,0.7150295972824097,4.21355550238866,1
35,24,0.8888888888888888,0.9575239682890468,0.02019389411767338,0.41333457375750593,0.16654025331602068,0.00010416666666666667,0.0094625,5.257687449698314,0.3505818019626242,2.5216347109783515,0.7448879480361938,4.742893877540668,1
35,25,0.9259259259259259,0.9745484574954552,0.017024489206408314,0.42968187406742014,0.17198040498452896,0.00011250000000000001,0.0094625,5.43137604071308,0.3667903528416937,2.614285414473708,0.7740161418914795,5.280223570876823,1
35,26,0.9629629629629629,0.9886204104644852,0.01407195296903009,0.44530204330938056,0.17712239697387566,0.0001375,0.0094625,5.595891147835296,0.38227524634071874,2.7035141195895998,0.8022971749305725,5.821649790360649,1
35,27,1.0,1.0,0.01137958953551473,0.46012279125875405,0.18194721479718715,0.00014583333333333335,0.0094625,5.750671221312946,0.3969646642673547,2.7889995838303077,0.8296166062355042,6.362887857296682,1
36,0,0.0,0.0,0.0,0.11473691903940468,0.06829667488410701,0.0,0.048975000000000005,0.9999999617734832,4.860910768103269e-09,0.0,0.0,-1.4153406323565179,1
36,1,0.037037037037037035,0.05314229526496023,0.05314229526496023,0.12101554079173199,0.0702582417288051,0.0,0.0476875,1.0465469067168178,0.006322583579037261,0.07348469140140633,0.030000003054738045,-1.2976815565225648,1
36,2,0.07407407407407407,0.10888561904391152,0.05574332377895129,0.127799434021659,0.07303598294251583,0.0,0.046733333333333335,1.096647231708181,0.013152760315327517,0.14703086989535477,0.06003452092409134,-1.17075168936615,1
36,3,0.1111111111111111,0.1669559371379107,0.0580703180939992,0.1351026098082888,0.07669987883668623,0.0,0.045975,1.1497168295034013,0.020504480124444106,0.2206884534382514,0.09013110399246216,-1.0344261732589315,1
36,4,0.14814814814814814,0.22699742062303085,0.06004148348512014,0.14293410469848059,0.08129193046227566,0.0,0.04545833333333334,1.2056187023052432,0.02838669134520525,0.2944891056017808,0.12031197547912598,-0.888738473708858,1
36,5,0.18518518518518517,0.2885755076849862,0.06157808706195535,0.1512975624218014,0.08682542006308545,0.0,0.04500833333333334,1.264220766581133,0.036802920434844504,0.36845083061979006,0.1505959928035736,-0.7339090010706553,1
36,6,0.2222222222222222,0.3511793093463377,0.06260380166135147,0.16019048338848776,0.09328754076840108,0.0,0.04469166666666667,1.325376229844892,0.045750519409872105,0.4425764021327922,0.1809980720281601,-0.5703833113580563,1
36,7,0.25925925925925924,0.4142229216813321,0.06304361233499445,0.16960301486434182,0.10064359982505537,0.0,0.044491666666666665,1.3889189305176384,0.055219454663094886,0.5168508894252646,0.21152834594249725,-0.39888096471862333,1
36,8,0.2962962962962963,0.4770580012081125,0.06283507952678033,0.17951709856871642,0.10884162295342822,0.0,0.044333333333333336,1.454652659431231,0.06519145387155845,0.5912387877265044,0.24219119548797607,-0.22043818615077093,1
36,9,0.3333333333333333,0.5389821849339366,0.06192418372582408,0.18990547490875553,0.11781610169433109,0.0,0.0442,1.522305413863857,0.07563900915414626,0.6656807933571949,0.2729841470718384,-0.036449746881455525,1
36,10,0.37037037037037035,0.599257352011691,0.06027516707775442,0.20073077651309523,0.1274904655610685,0.0,0.0441,1.5915691093487185,0.08652446979583668,0.7400903855607536,0.30389663577079773,0.1512990939544867,1
36,11,0.4074074074074074,0.6571341184168915,0.05787676640520057,0.2119447581843471,0.13777854766448605,0.0,0.044075,1.6620919950582118,0.09779927320713501,0.8143502228728817,0.33490869402885437,0.34061919603845237,1
36,12,0.4444444444444444,0.7118753474635543,0.054741229046662794,0.2234877606142217,0.14858507541549396,0.0,0.04405,1.7334777875142995,0.10940333119131328,0.8883085725967572,0.36598947644233704,0.5289335886931568,1
36,13,0.48148148148148145,0.7627889551751785,0.05091360771162417,0.23528855377181201,0.15980623393371385,0.0,0.04399166666666667,1.8052809920530404,0.12126494057204691,0.961775962189627,0.3970954716205597,0.7133332170644877,1
36,14,0.5185185185185185,0.8092598408458362,0.04647088567065769,0.24726423783396337,0.17132947794571202,0.0,0.043937500000000004,1.8769834328848896,0.13330084263725117,1.034522253921654,0.42816922068595886,0.8906771541408318,1
36,15,0.5555555555555556,0.8507833485185751,0.041523507672738866,0.25932125022104113,0.1830347653580836,0.0,0.043925,1.9480700195299403,0.14541717784017028,1.1062752653820391,0.45913782715797424,1.0577528575854416,1
36,16,0.5925925925925926,0.8869949011705394,0.03621155265196432,0.27135601842496815,0.19479450664202158,1.6666666666666667e-05,0.043916666666666666,2.0179518907644245,0.15750971215550802,1.1767206050826946,0.48991113901138306,1.2114777851377116,1
36,17,0.6296296296296297,0.9176981039807787,0.030703202810239298,0.283257740465969,0.2064773415709981,2.5e-05,0.0439125,2.0860805769779986,0.16946707360956936,1.2455042710433641,0.5203809142112732,1.3491432468748812,1
36,18,0.6666666666666666,0.9428806002595561,0.025182496278777416,0.29490642846737386,0.21793666349376375,0.0008583333333333333,0.043908333333333334,2.1515116876150353,0.18116564934341975,1.3122385636749667,0.5504204034805298,1.4686642088421813,1
36,19,0.7037037037037037,0.9627175706879199,0.019836970428363788,0.3061428482446204,0.22891284347425786,0.0024416666666666666,0.043908333333333334,2.212657955265202,0.19245172942232458,1.3765121270625957,0.5798860788345337,1.5688976656393354,1
36,20,0.7407407407407407,0.9775864957346456,0.014868925046725783,0.3168630664780056,0.2393249639753995,0.0028541666666666667,0.043908333333333334,2.269924094746356,0.20321769501895243,1.4379023930794714,0.6086171865463257,1.649626707290711,1
36,21,0.7777777777777778,0.9880593917184372,0.010472895983791522,0.32697535414565454,0.24910833965449566,0.00315,0.043908333333333334,2.3238478290371276,0.21336259410494435,1.4960053474934885,0.6364428997039795,1.711563750411372,1
36,22,0.8148148148148148,0.9948026450751921,0.006743253356754911,0.3363963237438138,0.25819017443769254,0.0043125,0.0439,2.373092074507945,0.22279851817262372,1.5504593399939426,0.6631820797920227,1.75625699089621,1
36,23,0.8518518518518519,0.9985487997389567,0.0037461546637646307,0.34503513659619767,0.2664541374258454,0.007541666666666667,0.0439,2.4163682694573683,0.23144769189247358,1.600950223495342,0.6886497139930725,1.7859010851599741,1
36,24,0.8888888888888888,1.0,0.001451200261043272,0.3528396487105661,0.2738516997339028,0.0101125,0.0439,2.4548312450563703,0.23926366330088544,1.6472474755419781,0.7126627564430237,1.8030420704653096,1
36,25,0.9259259259259259,0.9997493669656913,-0.0002506330343087318,0.3598015899674472,0.28040686016959754,0.012995833333333333,0.043895833333333335,2.488281416363127,0.24623383632460932,1.6892051720565784,0.7350484728813171,1.810263827721327,1
36,26,0.9629629629629629,0.998347156058649,-0.0014022109070422634,0.3659225828061396,0.286135277897128,0.0159125,0.043895833333333335,2.5163037122032934,0.2523606110781567,1.7267648346896132,0.7556496262550354,1.8100649158791349,1
36,27,1.0,0.9962406138366057,-0.0021065422220433723,0.3712154000795086,0.29106421927918197,0.018250000000000002,0.043895833333333335,2.5398603523795873,0.2576595540082011,1.7598948442071698,0.7743322253227234,1.8046458237905405,1
37,0,0.0,0.0,0.0,0.1217574197947701,0.08047851267513556,0.0,0.08048333333333334,0.9999999788629662,4.029505523956485e-09,0.0,0.0,-1.443190842420913,1
37,1,0.037037037037037035,0.050991946030545326,0.050991946030545326,0.12734465829190328,0.08179455725140006,0.0,0.073575,1.0380040202886394,0.005629879864984347,0.07348468912014121,0.030000001192092896,-1.3239743280080907,1
37,2,0.07407407407407407,0.10446249381865544,0.053470547788110105,0.13338238989353876,0.08378984974995522,0.0,0.0639,1.0788771753990765,0.011710712381220786,0.14702305115429015,0.06003190204501152,-1.1963768771204748,1
37,3,0.1111111111111111,0.16016575693841437,0.055703263119758935,0.13988429355726295,0.08654834674020724,0.0,0.058025,1.122211588290602,0.018255920335046378,0.22067145440102529,0.0901200920343399,-1.060527288061528,1
37,4,0.14814814814814814,0.21777808797621323,0.05761233103779886,0.14685944560251013,0.09013564342195914,0.0,0.051791666666666666,1.16795468166944,0.025274310403209852,0.29446327317928395,0.12028288841247559,-0.9167702164757188,1
37,5,0.18518518518518517,0.27690426136157587,0.05912617338536265,0.1543122888603469,0.09459432495544919,0.0,0.04840416666666667,1.2160516572082662,0.0327700430388834,0.3684181768794211,0.15054497122764587,-0.7656928369520983,1
37,6,0.2222222222222222,0.3370769977647878,0.060172736403211885,0.1622418820374996,0.09994185303686776,0.0,0.043395833333333335,1.2664111055844185,0.04074188287599245,0.4425412963864436,0.18091709911823273,-0.6081684292110872,1
37,7,0.25925925925925924,0.3977608878164584,0.06068389005167063,0.17064104085080403,0.10617101957549907,0.0,0.03933333333333334,1.3189044206736233,0.04918234654360373,0.5168211455978743,0.21140539646148682,-0.4454010551767773,1
37,8,0.2962962962962963,0.45836190415494554,0.060601016338487156,0.17949547103795796,0.11325224960959852,0.0,0.037395833333333336,1.3733715796817334,0.05807683722659972,0.5912270721818816,0.24201077222824097,-0.27896539327084113,1
37,9,0.3333333333333333,0.5182340598595523,0.059872155704606696,0.1887829224045309,0.12113680416451149,0.0,0.03656666666666667,1.4296164476312672,0.06740280544552564,0.6657064579939429,0.27272674441337585,-0.11083464625539108,1
37,10,0.37037037037037035,0.5766974813406327,0.058463421481080476,0.19847240072508432,0.1297599722579351,0.0,0.03302083333333333,1.487406579214836,0.07712896370380315,0.7401816385200823,0.303538054227829,0.056612050340939746,1
37,11,0.4074074074074074,0.6330558867267344,0.056358405386101734,0.2085236057239488,0.13904387355873288,0.0,0.030945833333333336,1.5464630332592115,0.08721472965306733,0.8145467933376446,0.3344193398952484,0.22061576840764907,1
37,12,0.4444444444444444,0.6866210793867155,0.05356519265998105,0.21888616716914958,0.14889843513055384,0.0,0.029587500000000003,1.60643838115679,0.09760943677158018,0.8886646846106627,0.3653334379196167,0.3781053301824109,1
37,13,0.48148148148148145,0.7367381548554187,0.050117075468703164,0.22949290901525993,0.15920178562706738,0.0,0.029483333333333334,1.666713538783065,0.1082449134508523,0.9623638771776808,0.39622998237609863,0.5258555896240278,1
37,14,0.5185185185185185,0.7828117778646809,0.04607362300926224,0.24025570192855697,0.1697885902580154,0.00012916666666666667,0.02927916666666667,1.7264415315726918,0.11903373368615931,1.0354350152788239,0.4270424544811249,0.6607260456589206,1
37,15,0.5555555555555556,0.8243500566620775,0.0415382787973966,0.25107902567010215,0.1805010659011255,0.00047083333333333336,0.02921666666666667,1.784825997093269,0.12988113998101844,1.1076305146066576,0.45768794417381287,0.7798707020976874,1
37,16,0.5925925925925926,0.8610855838143953,0.036735527152317725,0.26185036453428107,0.1911649779277052,0.0008500000000000001,0.029020833333333336,1.8410963268059282,0.14065519956120212,1.1786677709747253,0.48806479573249817,0.8812235377384781,1
37,17,0.6296296296296297,0.8929788843248235,0.03189330051042835,0.27246657243741584,0.20163511314630367,0.0011333333333333334,0.029020833333333336,1.8949606231583178,0.1512469409135649,1.248245262733333,0.5180607438087463,0.9634896672516771,1
37,18,0.6666666666666666,0.9200523115048095,0.02707342717998589,0.2828537211980527,0.21186349997368248,0.0013666666666666666,0.02901666666666667,1.946607109718448,0.16158848477678192,1.3160554111271725,0.547558069229126,1.0259538174160348,1
37,19,0.7037037037037037,0.9424226257364852,0.022370314231675664,0.29293528148665615,0.2217966777666239,0.0016333333333333334,0.0290125,1.9961490189620834,0.17160415488321776,1.3817724286235111,0.5764245390892029,1.0687751204386249,1
37,20,0.7407407407407407,0.9603389237617722,0.017916298025287065,0.3026299837209532,0.2313547136952679,0.0019291666666666667,0.029004166666666668,2.0427608475134553,0.18121077878286468,1.445064517094205,0.6045188903808594,1.0930559796093817,1
37,21,0.7777777777777778,0.974152319031217,0.013813395269444795,0.3118508251603596,0.24043514857715848,0.0025666666666666667,0.029004166666666668,2.0854311643812466,0.19032340781371654,1.505599981439176,0.6316874623298645,1.1007798412494338,1
37,22,0.8148148148148148,0.9843726572867574,0.01022033825554044,0.3205271245749019,0.24894346939278097,0.0031333333333333335,0.029004166666666668,2.1235793912110377,0.1988847262601226,1.563068752144257,0.6577738523483276,1.0943422654846735,1
37,23,0.8518518518518519,0.9915265492539166,0.007153891967159181,0.32859596863650126,0.256800217086471,0.0039375,0.029004166666666668,2.1568527208098685,0.2068461144074138,1.6172017965800376,0.682623028755188,1.0765067144226261,1
37,24,0.8888888888888888,0.9961479774949714,0.0046214282410547815,0.33600760683836667,0.2639545542157369,0.004916666666666667,0.02899166666666667,2.185513107597715,0.21416235137827722,1.6677614047878004,0.7060916423797607,1.050238676917516,1
37,25,0.9259259259259259,0.9987951802931304,0.0026472027981589907,0.34273111041108123,0.2703733155088662,0.005583333333333333,0.028979166666666667,2.21000016692176,0.22080706412487586,1.714569213629506,0.7280611395835876,1.0183624671261509,1
37,26,0.9629629629629629,0.99993127545736,0.0011360951642296602,0.348775147345676,0.27608802945431266,0.006404166666666667,0.028979166666666667,2.2312127394398553,0.22678790176193775,1.757507496992532,0.7484240531921387,0.9831397523679861,1
37,27,1.0,1.0,6.872454263995223e-05,0.35415234837288645,0.28112806311693805,0.0071875,0.028979166666666667,2.2491945746658195,0.23211161305508707,1.7965107650265841,0.767095148563385,0.9466363731476655,1
38,0,0.0,0.0,0.0,0.057675952798326185,0.039067273013724924,0.0,0.18823333333333334,0.9999999173013828,5.04072328719e-09,0.0,0.0,-0.06938525890421943,1
38,1,0.037037037037037035,0.02956953088760134,0.02956953088760134,0.06256476846828647,0.04188710115833986,0.0,0.169,1.0731812024292573,0.004905920852936106,0.08999999364217125,0.029999999329447746,0.03644507499030425,1
38,2,0.07407407407407407,0.06081477747425771,0.031245246586656374,0.06779371956244894,0.044917183970576285,0.0,0.1538625,1.1504896136793679,0.01015071144249717,0.18005316090166607,0.06003309786319733,0.14957273036436014,1
38,3,0.1111111111111111,0.09372624166315027,0.03291146418889256,0.07337465367255509,0.04816881018323424,0.0,0.13761666666666666,1.2319895811361259,0.015745998985038992,0.2702537489303314,0.09013176709413528,0.2701639699695253,1
38,4,0.14814814814814814,0.12826509299963726,0.03453885133648698,0.0793159785197376,0.05165116239124334,0.0,0.12416250000000001,1.317691918206853,0.021699968468033737,0.36066053167268636,0.1203208938241005,0.39826855941125316,1
38,5,0.18518518518518517,0.16436987321018492,0.036104780210547666,0.08562356535382308,0.05537172578281249,0.0,0.1123875,1.4075746385999623,0.028018269931781754,0.45132169960066815,0.15062303841114044,0.5338267027441361,1
38,6,0.2222222222222222,0.20195426135605726,0.03758438814587233,0.09230043436025306,0.059335941899062224,0.0,0.10030833333333333,1.5015703965470524,0.03470371116359214,0.5422768482936046,0.18105825781822205,0.6766472469910152,1
38,7,0.25925925925925924,0.24090651512173836,0.038952253765681115,0.09934643122962465,0.06354687146123993,0.0,0.0911,1.5995759652110961,0.041755937145824366,0.6335567044159501,0.21164365112781525,0.8263842085504596,1
38,8,0.2962962962962963,0.2810898898486157,0.04018337472687734,0.10675775730587121,0.06800477435641204,0.0,0.08149583333333334,1.7014381289398146,0.0491709674484698,0.7251824267065896,0.24239270389080048,0.9825085352390737,1
38,9,0.3333333333333333,0.32234124175603607,0.041251351907420374,0.11452667303392813,0.0727067603633737,0.0,0.0736125,1.806973108300305,0.0569409040141107,0.8171647802568895,0.2733147144317627,1.144283162561651,1
38,10,0.37037037037037035,0.36447396117708797,0.04213271942105189,0.12264111477076486,0.07764645860090048,0.0,0.06733333333333334,1.9159382341494116,0.06505355404131956,0.9095033083410804,0.30441418290138245,1.310737477089038,1
38,11,0.4074074074074074,0.4072789503038623,0.04280498912677431,0.13108449261208513,0.08281375392285217,0.0,0.05986666666666667,2.028047576512294,0.07349223309466421,1.0021855689499923,0.33569011092185974,1.480648899274314,1
38,12,0.4444444444444444,0.450527696101129,0.04324874579726676,0.13983559998559877,0.08819461043129966,0.0,0.05489166666666667,2.142967591147163,0.0822356790787728,1.0951863823479673,0.3671354353427887,1.6525329947604845,1
38,13,0.48148148148148145,0.4939770193547468,0.043449323253617764,0.14886840274815563,0.09377091724972032,0.0,0.05115833333333333,2.260313450553273,0.09125784554879712,1.1884672485698802,0.39873626828193665,1.8246414173152985,1
38,14,0.5185185185185185,0.5373735443642833,0.04339652500953651,0.15815234619275545,0.099520649323757,0.0,0.04749166666666667,2.379663616750145,0.10052821099498219,1.2819758671427406,0.43047136068344116,1.994983942722591,1
38,15,0.5555555555555556,0.5804592860587913,0.04308574169450796,0.16765242064711566,0.10541786348724258,0.0,0.042520833333333334,2.500559768468459,0.11001184463448008,1.3756458485461884,0.46231144666671753,2.1613642333403114,1
38,16,0.5925925925925926,0.6229790529252113,0.042519766866420027,0.1773296454078396,0.11143301398886937,0.0,0.039045833333333335,2.6225065864284973,0.11966988799808767,1.4693966587935887,0.49421870708465576,2.3214447241811786,1
38,17,0.6296296296296297,0.664684707184151,0.04170565425893963,0.1871414695964263,0.1175332099246154,0.0,0.0362625,2.7449773161743987,0.12945994342483594,1.5631338492298326,0.5261464715003967,2.4728364757015875,1
38,18,0.6666666666666666,0.7053443136919675,0.04065960650781658,0.19704260667570828,0.12368287648215455,0.0,0.03515,2.8674441873973353,0.1393369068944704,1.6567495901597644,0.5580388903617859,2.6132056843698432,1
38,19,0.7037037037037037,0.7447466096333888,0.03940229594142133,0.20698548555923563,0.12984402839817535,0.0,0.03319166666666667,2.989338003746082,0.14925339384559969,1.7501236517376835,0.5898311734199524,2.7404091975148894,1
38,20,0.7407407407407407,0.7827063122815001,0.0379597026481113,0.21692045221022616,0.1359742645714558,0.0,0.03157083333333333,3.110063711257793,0.15915984144737336,1.843124739457111,0.6214496493339539,2.852641583173426,1
38,21,0.7777777777777778,0.8190716616040414,0.03636534932254126,0.22679620373577103,0.1420277961138925,0.0,0.02715,3.2289969091304673,0.16900485928067743,1.9356124164928918,0.6528130769729614,2.948619550258778,1
38,22,0.8148148148148148,0.8537274931770841,0.03465583157304267,0.23656214014369326,0.1479600569084837,0.0,0.026912500000000002,3.34554043117748,0.1787377078222402,2.0274399249572572,0.6839024424552917,3.0276314550388683,1
38,23,0.8518518518518519,0.8865984507766022,0.03287095759951805,0.24616797627928702,0.15372484703248612,0.0,0.025954166666666667,3.4590808760510248,0.18830766663531476,2.118456807336295,0.7158369421958923,3.0896531208306914,1
38,24,0.8888888888888888,0.9176482181500529,0.03104976737345078,0.25556656125577987,0.15927806777198347,4.166666666666667e-06,0.024800000000000003,3.569027131668277,0.19766711265081346,2.208514142869647,0.7476708292961121,3.1352774988203542,1
38,25,0.9259259259259259,0.9468784015932219,0.029230183443169046,0.26471579910811754,0.1645829981899491,8.333333333333334e-06,0.023862500000000002,3.674914547077279,0.2067735362791851,2.297468378832929,0.7793668508529663,3.1655817947497837,1
38,26,0.9629629629629629,0.9743110003744765,0.0274325987812545,0.27358225058976304,0.169618063714329,2.5e-05,0.023183333333333334,3.776431373294139,0.2155933502034265,2.38518105600852,0.8108869791030884,3.1819170814802114,1
38,27,1.0,1.0,0.025688999625523564,0.28213305560826213,0.17435563825763403,2.9166666666666666e-05,0.022537500000000002,3.873186819456867,0.22409318864954855,2.471529479100595,0.8421930074691772,3.186243175383625,1
39,0,0.0,0.0,0.0,0.16226622618666042,0.0625296612745247,0.0,0.015141666666666668,0.9999999749824372,1.0049522906127904e-08,0.0,0.0,1.1157892109465637,1
39,1,0.037037037037037035,0.049639969183545955,0.049639969183545955,0.17150671572000709,0.06521909364967894,0.0,0.013454166666666668,1.0440565144345046,0.009471180975215975,0.08485281052868858,0.030000001192092896,1.339350647640118,1
39,2,0.07407407407407407,0.10004894981873635,0.05040898063519039,0.1811393499273953,0.06797806334945918,0.0,0.012008333333333334,1.08927857280307,0.019337039796124576,0.169718700234889,0.06001180037856102,1.5771931574666178,1
39,3,0.1111111111111111,0.15104581046636406,0.05099686064762772,0.19115955000873916,0.0708023413155313,0.0,0.010637500000000001,1.1356049426382062,0.029592543070831905,0.25463106764738175,0.0900479331612587,1.8299935550138473,1
39,4,0.14814814814814814,0.20242165501405887,0.05137584454769481,0.20155768616803366,0.07368655420932187,0.0,0.009329166666666668,1.1829541122775862,0.04022754554900263,0.3396000933540001,0.12012633681297302,2.098356724658907,1
39,5,0.18518518518518517,0.2539495442005042,0.051527889186445304,0.2123198444314697,0.07662444260989835,0.0,0.008316666666666667,1.231229051196655,0.05122757959695559,0.42462358251256593,0.15025337040424347,2.3828183963451783,1
39,6,0.2222222222222222,0.3053853511095681,0.05143580690906393,0.22342779901557666,0.0796088744149264,0.0,0.0072833333333333335,1.2803184278895638,0.06257382963112064,0.5096878346573422,0.1804310828447342,2.6838231943368003,1
39,7,0.25925925925925924,0.3564720386409589,0.051086687531390805,0.234858792904,0.0826318979189258,0.0,0.006429166666666667,1.3300950678184043,0.07424292452023494,0.5947671982284668,0.21065877377986908,3.0016911258944257,1
39,8,0.2962962962962963,0.406944325841849,0.05047228720089009,0.24658534695992496,0.0856847096636655,0.0,0.005741666666666667,1.380426930110399,0.08620674443475307,0.679823533317012,0.24093177914619446,3.336573471073586,1
39,9,0.3333333333333333,0.45653327646630526,0.04958895062445628,0.25857534882015204,0.08875776256621364,0.0,0.0051,1.4311675405471314,0.09843251964721648,0.7648055245871153,0.27124127745628357,3.688405865846705,1
39,10,0.37037037037037035,0.5049709653069132,0.04843768884060791,0.2707921375653366,0.09184082276000041,0.0,0.004554166666666667,1.4821617287361952,0.11088292067380648,0.849648281487836,0.3015739917755127,4.056847282051062,1
39,11,0.4074074074074074,0.5519970110590504,0.047026045752137216,0.28319466785742925,0.09492309068803918,0.0,0.004058333333333334,1.5332403888369508,0.1235162296624919,0.934272979948615,0.3319118916988373,4.441207122063937,1
39,12,0.4444444444444444,0.5973637481717702,0.045366737112719754,0.29573797946456376,0.09799327503783387,0.0,0.0036958333333333335,1.584232569378043,0.13628681405156257,1.0185867788513379,0.3622323274612427,4.8403643542436425,1
39,13,0.48148148148148145,0.6408427597120749,0.043479011540304736,0.3083736032035676,0.1010398072417299,0.0,0.00335,1.6349596694425934,0.14914554437687233,1.102482961187007,0.3925077021121979,5.252672096262219,1
39,14,0.5185185185185185,0.682231099140415,0.04138833942834016,0.32105032935338196,0.1040509716191253,0.0,0.002979166666666667,1.6852378765162488,0.16204056926554508,1.1858415703971315,0.42270559072494507,5.675859698631407,1
39,15,0.5555555555555556,0.7213549067176976,0.03912380757728262,0.33371491869991965,0.10701512426718368,0.0,0.0026375,1.734884706248054,0.1749180356600904,1.2685302552295636,0.45278871059417725,6.106929850317049,1
39,16,0.5925925925925926,0.7580745813561698,0.03671967463847207,0.3463131324863398,0.1099208916248644,0.0,0.0024833333333333335,1.7837230882766728,0.18772312767479388,1.3504055484675186,0.4827154874801636,6.542072703166874,1
39,17,0.6296296296296297,0.7922882025959425,0.034213621239772764,0.3587906104242096,0.1127573595141704,0.0,0.0023333333333333335,1.83158002951294,0.20040095385535128,1.4313145725949739,0.512440025806427,6.976601128190334,1
39,18,0.6666666666666666,0.8239311806301196,0.03164297803417715,0.37109391207967435,0.11551431465041055,0.0,0.0021750000000000003,1.8782926448909423,0.21289759493236973,1.5110972615654525,0.5419126749038696,7.404945293123633,1
39,19,0.7037037037037037,0.8529804171171621,0.029049236487042454,0.3831717416678657,0.11818243743882816,0.0,0.002029166666666667,1.9237139383212651,0.22516133758759566,1.5895886070183034,0.5710810422897339,7.820736791615876,1
39,20,0.7407407407407407,0.8794492888743921,0.026468871757230054,0.3949755849248467,0.12075339164282903,0.0,0.0019958333333333334,1.9677064958859216,0.23714331481633322,1.6666215069301826,0.5998899936676025,8.216991035859223,1
39,21,0.7777777777777778,0.9033865979533781,0.023937309078985905,0.4064607901725187,0.12322002067323629,0.0,0.0019541666666666666,2.010146671102785,0.24879859163668655,1.742029612139209,0.6282832622528076,8.586449658141625,1
39,22,0.8148148148148148,0.9248731302203613,0.02148653226698323,0.4175873595166036,0.1255764794695768,0.0,0.0016666666666666668,2.0509359478113534,0.26008695999899906,1.8156504610832247,0.6562039852142334,8.922056626875836,1
39,23,0.8518518518518519,0.9440172028981653,0.019144072677803957,0.42832042595024455,0.1278181793245406,0.0,0.00165,2.0899910599309206,0.27097341862932084,1.8873282810712992,0.6835957169532776,9.21752703575449,1
39,24,0.8888888888888888,0.9609493955000697,0.016932192601904518,0.438630775604992,0.12994194011773064,0.0,0.0015875000000000002,2.1272492486117236,0.28142868800037674,1.9569168519467417,0.710403323173523,9.46795487187197,1
39,25,0.9259259259259259,0.9758172807636856,0.01486788526361585,0.4484948502263571,0.13194582736667698,0.0,0.0015875000000000002,2.162665980780118,0.2914292166510662,2.0242820738199914,0.7365740537643433,9.670310170206402,1
39,26,0.9629629629629629,0.9887788917866809,0.012961611022995216,0.457894943264658,0.13382919053099196,0.0,0.0014416666666666668,2.196216053159591,0.3009573655402353,2.0893040451425104,0.7620582580566406,9.823752470803715,1
39,27,1.0,1.0,0.011221108213319172,0.4668189659540061,0.13559247877543446,0.0,0.0014291666666666667,2.227892113779422,0.3100011757210169,2.1518788598352017,0.7868106961250305,9.929650890269155,1
40,0,0.0,0.0,0.0,0.0277372905689879,0.01733426608866961,0.0,0.35075,0.9999999297110271,2.2527845835106243e-09,0.0,0.0,-2.3546868531089284,1
40,1,0.037037037037037035,0.019997451453030335,0.019997451453030335,0.03156944563907298,0.01955910873737959,0.0,0.328675,1.1257009770067894,0.003542795441529274,0.1039230359149846,0.029999999329447746,-2.2829407436830724,1
40,2,0.07407407407407407,0.0420114299696007,0.022013978516570366,0.03582166294838215,0.02200233588252945,0.0,0.3099541666666667,1.2635399848738484,0.007478579675387462,0.20798130004352464,0.06004072353243828,-2.202723686835302,1
40,3,0.1111111111111111,0.06612664194490296,0.024115211975302264,0.04052174429940929,0.024674910587457372,0.0,0.2907416666666667,1.4141064902983318,0.011833962463196238,0.31226956467182343,0.09014877676963806,-2.1132989523657173,1
40,4,0.14814814814814814,0.09240842530750046,0.026281783362597493,0.04569624997082341,0.027586719276180727,0.0,0.2722333333333333,1.577954384358509,0.016634470779926698,0.41687603809586266,0.1203511655330658,-2.013904226318523,1
40,5,0.18518518518518517,0.12090152366700972,0.028493098359509264,0.051370036223258815,0.030746331718406676,0.0,0.254575,1.7555766843800664,0.021904102164653726,0.5218844734406114,0.1506740152835846,-1.9037537780172817,1
40,6,0.2222222222222222,0.15162334412635006,0.030721820459340347,0.05756557982258436,0.03416070079508732,0.0,0.23756666666666668,1.9473741800238853,0.027664684809973958,0.6273725086106187,0.18114225566387177,-1.7820442702634738,1
40,7,0.25925925925925924,0.18456175074757072,0.03293840662122064,0.06430217849772213,0.037834810653034845,0.0,0.21935416666666668,2.153642964311235,0.03393511826071255,0.7334099278953272,0.21178019046783447,-1.6479633332195194,1
40,8,0.2962962962962963,0.21967028372780956,0.03510853298023883,0.0715951883300847,0.04177133647581874,0.0,0.2005125,2.37458082950492,0.04073064546392804,0.8400569480610349,0.24261219799518585,-1.5006982948575658,1
40,9,0.3333333333333333,0.25686546252419296,0.03719517879638342,0.07945512039287563,0.04597030617113182,0.0,0.1794375,2.610235394510297,0.04806198902840196,0.9473625031941887,0.2736583650112152,-1.3394488163788196,1
40,10,0.37037037037037035,0.29602237278549015,0.03915691026129716,0.08788680575615218,0.050428767597010225,0.0,0.1667375,2.860491478213692,0.05593454462486617,1.0553626445212032,0.30493712425231934,-1.163440475134795,1
40,11,0.4074074074074074,0.33697552444873574,0.04095315166324562,0.0968886570917702,0.05514056046892597,0.0,0.148675,3.125069364155296,0.06434767011476668,1.1640790100685947,0.3364619016647339,-0.9719387328580034,1
40,12,0.4444444444444444,0.37951823881307095,0.0425427143643352,0.10645188515183579,0.060096051716360864,0.0,0.12856666666666666,3.4034928091036556,0.07329392307883116,1.273517286616206,0.368243008852005,-0.7642676439196698,1
40,13,0.48148148148148145,0.4234028937102069,0.04388465489713597,0.11655985616592703,0.06528196520216167,0.0,0.12406666666666667,3.695119929003464,0.08275843315726962,1.3836657973815716,0.4002864360809326,-0.5398301105164975,1
40,14,0.5185185185185185,0.4683460720841616,0.04494317837395471,0.12718781160629702,0.0706814272605498,0.0,0.11144166666666667,3.99914357541967,0.09271861616031772,1.4944942538315105,0.4325934648513794,-0.2981252504024887,1
40,15,0.5555555555555556,0.5140321169629828,0.04568604487882113,0.1383024831335676,0.0762738931882066,0.0,0.07554583333333334,4.314459490112831,0.10314377837593137,1.6059525336607947,0.4651601314544678,-0.0387749756952811,1
40,16,0.5925925925925926,0.5601219575954391,0.04608984063245644,0.14986224619007046,0.08203539331090966,0.0,0.07538333333333334,4.6398146922470715,0.11399525386175956,1.717969803165399,0.49797695875167847,0.23845586977034827,1
40,17,0.6296296296296297,0.6062598516387715,0.04613789404333229,0.16181741159674376,0.08793880164961954,0.0,0.0717625,4.973774444941335,0.12522664687172186,1.8304537763077187,0.5310285091400146,0.5336345828197917,1
40,18,0.6666666666666666,0.652082456465847,0.045822604827075446,0.17411083123389817,0.0939541287092384,0.0,0.07170416666666667,5.314762903677472,0.13678438762941902,1.9432905149842532,0.5642931461334229,0.8466388445577273,1
40,19,0.7037037037037037,0.6972334781003628,0.04515102163451593,0.18667902719216634,0.10004945251909055,0.0,0.06920416666666666,5.66105315552983,0.1486088039255203,2.056344477102399,0.5977428555488586,1.177134167236332,1
40,20,0.7407407407407407,0.7413683907482719,0.044134912647909044,0.19945292525315433,0.10619109531475579,0.0,0.06920416666666666,6.01083894282678,0.16063479527270408,2.1694591629481237,0.6313430666923523,1.5245433815376028,1
40,21,0.7777777777777778,0.7841679211732828,0.042799530425010966,0.21235988421917643,0.11234460609911778,0.0,0.06897083333333334,6.362274941413539,0.17279374905930406,2.282458412444328,0.6650528311729431,1.8880446179556838,1
40,22,0.8148148148148148,0.8253464457852409,0.04117852461195798,0.22532495011929993,0.11847538033477081,0.0,0.06107083333333334,6.713451164713767,0.18501473174532035,2.395148120184445,0.6988248229026794,2.266545620331687,1
40,23,0.8518518518518519,0.8646581811943345,0.03931173540909358,0.23827269244078025,0.12454948503954945,0.0,0.0604625,7.062453688409641,0.19722623477534895,2.5073185966091165,0.7326058745384216,2.658676389895753,1
40,24,0.8888888888888888,0.9019044780323894,0.037246296838054915,0.2511290434909402,0.13053444549130178,0.0,0.0604625,7.407438821728934,0.20935792707240197,2.618747860171643,0.7663375735282898,3.062787103094701,1
40,25,0.9259259259259259,0.9369351080978027,0.03503063006541332,0.2638230019910551,0.13639992548113608,0.0,0.0604625,7.746689495785821,0.22134228528280833,2.729205263864053,0.7999569177627563,3.4769514951905016,1
40,26,0.9629629629629629,0.9696510838158747,0.03271597571807211,0.2762881490359459,0.14211831969674613,0.0,0.05970416666666667,8.078593394040425,0.23311604253858936,2.8384553480270323,0.833397388458252,3.8989762494842726,1
40,27,1.0,1.0,0.030348916184125226,0.28846404107470797,0.1476652670896199,0.0,0.05969166666666667,8.401723406562622,0.24462152855978025,2.9462622721068574,0.8665898442268372,4.326423488773983,1
41,0,0.0,0.0,0.0,0.014276688332086679,0.011493988843914206,0.0,0.7140208333333333,0.9999999069506518,1.3511272199038002e-09,0.0,0.0,-0.9553432250967475,1
41,1,0.037037037037037035,0.016720614773926026,0.016720614773926026,0.016400346980055047,0.013046963662262953,0.0,0.6844791666666667,1.1379118842414238,0.0021659061907835877,0.10392302193480286,0.029999999329447746,-0.9179067525567852,1
41,2,0.07407407407407407,0.03532368947510484,0.01860307470117882,0.018780869774080316,0.014763745804607908,0.0,0.64875,1.2911835310086355,0.004594856630384068,0.2079850466807265,0.06004051864147186,-0.8759028924592096,1
41,3,0.1111111111111111,0.055920817937902274,0.020597128462797425,0.021438675688258062,0.01665408738058302,0.0,0.5971583333333333,1.4607607273402565,0.007307920265730031,0.31227769878563655,0.09014865010976791,-0.8289400497495993,1
41,4,0.14814814814814814,0.07861112076631536,0.022690302828413087,0.024394038912015657,0.01872718253582452,0.0,0.5376625,1.6476607032788786,0.010326042440734779,0.4168914479796549,0.12035113573074341,-0.776618312543329,1
41,5,0.18518518518518517,0.10348041378528115,0.024869293018965795,0.027666724173060184,0.02099143738301059,0.0,0.4845125,1.8529307462474078,0.013669670562812826,0.5219151891213843,0.15067405998706818,-0.7185338599981961,1
41,6,0.2222222222222222,0.1305932251732407,0.02711281138795954,0.03127557447605853,0.02345422014404848,0.0,0.41503333333333337,2.0775152206200924,0.017358333483870635,0.6274340145877574,0.18114255368709564,-0.6542841763386633,1
41,7,0.25925925925925924,0.1599911323647565,0.029397907191515808,0.03523802146201269,0.026121605880801698,0.0,0.36288333333333334,2.3222130847935043,0.021410134219041276,0.7335272942499462,0.2117806226015091,-0.5834746853547106,1
41,8,0.2962962962962963,0.19168744013888858,0.031696307774132085,0.039569477132357034,0.028998045215442157,0.0,0.3072916666666667,2.5877693588768693,0.025841127822459547,0.8402667819965736,0.24261073768138885,-0.5057276175746477,1
41,9,0.3333333333333333,0.22566352180495294,0.03397608166606435,0.04428284499723886,0.032086129778105245,0.0,0.2594458333333333,2.874794351056489,0.03066481287739589,0.9477149618546201,0.2736540138721466,-0.42068937387446237,1
41,10,0.37037037037037035,0.26186333098115927,0.036199809176206334,0.0493877670584203,0.03538624898470334,0.0,0.23647916666666668,3.183647017140695,0.035891356840309974,1.0559233133108636,0.30493274331092834,-0.3280428041098613,1
41,11,0.4074074074074074,0.30019240373618156,0.038329072755022266,0.05489010349972012,0.03889636692216464,0.0,0.211075,3.5144673290530126,0.04152705654124665,1.164930861480704,0.3364635407924652,-0.22751649993561252,1
41,12,0.4444444444444444,0.3405155302528224,0.04032312651664087,0.06079129969303757,0.04261175988709603,0.0,0.17742916666666667,3.867166936799226,0.04757368211162005,1.2747626508061372,0.36825355887413025,-0.11889712960879883,1
41,13,0.48148148148148145,0.382653927562463,0.04213839730964063,0.06708770400381138,0.04652440173619237,0.0,0.16818750000000002,4.241449426470233,0.05402776273339405,1.3854283488061307,0.4003598093986511,-0.002042219688592972,1
41,14,0.5185185185185185,0.42638839943008977,0.04373447186762676,0.07377041518745646,0.050624176350476835,0.0,0.14688333333333334,4.636651675573671,0.06088043935049985,1.4969210055292332,0.43276527523994446,0.12310902653290157,1
41,15,0.5555555555555556,0.4714633277880123,0.045074928357922504,0.08082467117381059,0.05489754960399121,0.0,0.1230625,5.051816571682934,0.06811681236052924,1.6092158567906927,0.46548110246658325,0.25652342598170996,1
41,16,0.5925925925925926,0.5175856748774339,0.04612234708942159,0.08822968768836856,0.059327930767186274,0.0,0.11928333333333334,5.485677512213384,0.07571577310797487,1.7222693345142563,0.49850085377693176,0.39806268933434197,1
41,17,0.6296296296296297,0.5644352944522231,0.04684961957478924,0.09595874007966058,0.06389596311101847,0.0,0.091475,5.9366446744400525,0.08365007836818113,1.836018137632544,0.5318168997764587,0.5474765790115477,1
41,18,0.6666666666666666,0.6116737461950411,0.047238451742817954,0.1039793558766427,0.0685797345700729,0.0,0.09140000000000001,6.402921448382892,0.09188654248540018,1.9503788362321208,0.5654177665710449,0.7043966065787544,1
41,19,0.7037037037037037,0.6589482871510594,0.04727454095601823,0.11225366405651209,0.07335511632193145,0.0,0.06564583333333333,6.882268496280081,0.10038638797886087,2.065247440548433,0.5992861986160278,0.868331722565955,1
41,20,0.7407407407407407,0.7059055091264963,0.04695722197543705,0.12073895847301297,0.07819618135507785,0.0,0.06564583333333333,7.372394989860983,0.1091058212045522,2.1804997173287415,0.6333991289138794,1.0386677269074935,1
41,21,0.7777777777777778,0.7522001531047451,0.04629464397824868,0.12938874403423306,0.08307585052105536,0.0,0.06550416666666667,7.870698193725657,0.11799710286188703,2.295991607607064,0.6677274107933044,1.21467630970505,1
41,22,0.8148148148148148,0.7975059193793587,0.045305766274613635,0.1381535570098322,0.08796640570284973,0.0,0.04476666666666667,8.374513315603094,0.1270093879767946,2.41156051893438,0.7022360563278198,1.3955207744468705,1
41,23,0.8518518518518519,0.8415217873241045,0.04401586794474592,0.14698218664330653,0.09284012388609494,0.0,0.04430833333333334,8.880816034523427,0.13608998742107134,2.52702687295922,0.7368841767311096,1.5802715236652576,1
41,24,0.8888888888888888,0.8839819939772592,0.04246020665315455,0.1558227909268892,0.09766992491528195,0.0,0.04430833333333334,9.386808699269867,0.14518550929811513,2.6421962856458716,0.7716254591941833,1.7679221837770918,1
41,25,0.9259259259259259,0.9246620211921847,0.040680027214925564,0.164624293201298,0.10242998078179187,0.0,0.04430833333333334,9.88972808067424,0.15424330540178796,2.756862397854908,0.8064084053039551,1.9574144065159844,1
41,26,0.9629629629629629,0.9633792608762827,0.03871723968409798,0.17333740777855317,0.10709626157292038,0.0,0.042383333333333335,10.386835105804286,0.16321252913884238,2.870810046453706,0.8411771655082703,2.147659103689479,1
41,27,1.0,1.0,0.036620739123717314,0.18191591307119664,0.11164703905874301,0.0,0.042383333333333335,10.875626106277412,0.17204545170552446,2.9838188082072175,0.8758721351623535,2.3375660802352405,1
42,0,0.0,0.0,0.0,0.03029084538857403,0.028610345843558205,0.0,0.528775,0.9999999122637464,2.73335673328903e-09,0.0,0.0,-3.2915344695435387,1
42,1,0.037037037037037035,0.020639833456657868,0.020639833456657868,0.034291741866709295,0.03175157443204804,0.0,0.46842500000000004,1.1201670185145325,0.003985042266146694,0.10392303322648769,0.029999999329447746,-3.1828906894741475,1
42,2,0.07407407407407407,0.04324710739542263,0.022607273938764768,0.03871406794645973,0.035141775881289715,0.0,0.40140833333333337,1.251336279572557,0.008390478731001107,0.2079654208707414,0.06003881245851517,-3.062108067004006,1
42,3,0.1111111111111111,0.06789958989990465,0.02465248250448202,0.043585339879298586,0.038787967532152884,0.0,0.327525,1.3940096066626049,0.013243822326938002,0.312235817270388,0.09014575928449631,-2.9281032021110907,1
42,4,0.14814814814814814,0.09465376636811085,0.026754176468206197,0.04893131342005941,0.042694977993866255,0.0,0.26530000000000004,1.5486102697632094,0.018570838915155683,0.41682104436963624,0.12034718692302704,-2.779748899418605,1
42,5,0.18518518518518517,0.12354472447090094,0.02889095810279008,0.05477591877980854,0.04686567875102386,0.0,0.21248333333333336,1.7154897517574428,0.0243954784256432,0.5218018363326609,0.15066929161548615,-2.6158599405425047,1
42,6,0.2222222222222222,0.15458350819647992,0.031038783725578983,0.06114074577713273,0.05130077088059466,0.0,0.16484583333333333,1.8949291480779251,0.030739362320316852,0.6272522210545308,0.1811365932226181,-2.4351911894455647,1
42,7,0.25925925925925924,0.18775171089783943,0.03316820270135951,0.06804417093142681,0.05599849958668639,0.0,0.1282375,2.0871219951841726,0.03762090873057282,0.7332380569388628,0.21177221834659576,-2.2364441695048445,1
42,8,0.2962962962962963,0.22299905942033788,0.035247348522498445,0.07550067744226531,0.06095443220675451,0.0,0.10045000000000001,2.2921236239729215,0.04505465484291781,0.8398153982245882,0.242597296833992,-2.0182696664152697,1
42,9,0.3333333333333333,0.26023938764766735,0.03724032822732945,0.08351995878050823,0.0661612260979435,0.0,0.07716666666666668,2.509852763180448,0.05305035982166365,0.9470289641581968,0.2736314535140991,-1.7792770088287035,1
42,10,0.37037037037037035,0.29935029137722213,0.039110903729554815,0.09210613085441031,0.07160848014831311,0.0,0.06396666666666667,2.74011298262908,0.06161221766001287,1.054910649636982,0.3048897087574005,-1.5180432005749473,1
42,11,0.4074074074074074,0.34016967707378487,0.040819385696562745,0.1012569580123843,0.07728258072725142,0.0,0.053325000000000004,2.9825318589575773,0.07073808190910819,1.1634781223882102,0.33638426661491394,-1.2331262785092907,1
42,12,0.4444444444444444,0.38249748749268336,0.04232781041889847,0.1109632051379559,0.08316673123854415,0.0,0.0448375,3.236575936085237,0.08041881738153235,1.2727333862274892,0.368123322725296,-0.9230802899496648,1
42,13,0.48148148148148145,0.4260965069705972,0.043599019477913864,0.12120793262386709,0.08924088966061901,0.0,0.03845416666666667,3.5015541385827755,0.09063759474991563,1.3826614778474955,0.40011078119277954,-0.5864816224346097,1
42,14,0.5185185185185185,0.47069627283804727,0.044599765867450056,0.1319662892599025,0.09548200568851432,0.0,0.030366666666666667,3.7765965543735325,0.10136968127958115,1.4932293443766051,0.4323457181453705,-0.22195136402254967,1
42,15,0.5555555555555556,0.5159967567487971,0.04530048391074985,0.1432051242723897,0.10186379632885191,0.0,0.025962500000000003,4.060662018050624,0.1125819464994103,1.6043847978382404,0.46482205390930176,0.17180303601248426,1
42,16,0.5925925925925926,0.561674346840131,0.045677590091333785,0.15488302950304994,0.10835741199092974,0.0,0.0246875,4.3525355621497,0.12423298536933597,1.7160555464965417,0.4975282549858093,0.5959367184664384,1
42,17,0.6296296296296297,0.6073917988263922,0.04571745198626128,0.16695075654661554,0.11493114095302387,0.0,0.021400000000000002,4.6508284875378365,0.13627352264346815,1.828148758116616,0.5304469466209412,1.051408012416955,1
42,18,0.6666666666666666,0.6528060013031906,0.04541420247679842,0.17935170911688542,0.12155109504210368,0.0,0.021170833333333333,4.954027939568899,0.14864697550909026,1.940550586897705,0.5635546445846558,1.5388855568852016,1
42,19,0.7037037037037037,0.6975775241955375,0.044771522892346885,0.19202270762388968,0.12818097464701542,4.166666666666667e-06,0.017325,5.260478056046287,0.16129074265329013,2.0531269111952892,0.596821665763855,2.058624118972441,1
42,20,0.7407407407407407,0.741379246873631,0.04380172267809351,0.20489563725376614,0.13478619753595605,1.25e-05,0.017325,5.568491987390053,0.17413658461762438,2.165723586773922,0.6302120685577393,2.610286726153424,1
42,21,0.7777777777777778,0.7839079198280083,0.04252867295437728,0.21789889933313328,0.14133305904430818,5.416666666666667e-05,0.016766666666666666,5.8763973451335,0.18711284720232557,2.2781678746106993,0.6636835336685181,3.1927290472490686,1
42,22,0.8148148148148148,0.8248925051814712,0.04098458535346284,0.23095858483686174,0.14778802711573202,0.00015000000000000001,0.01626666666666667,6.1824724150231605,0.20014615509921116,2.390270357791075,0.697188138961792,3.803662464007706,1
42,23,0.8518518518518519,0.8640994686001009,0.03920696341862973,0.24400074190406948,0.15412111120629954,0.00020416666666666668,0.014266666666666667,6.485105870498922,0.2131626338972943,2.50182764605301,0.7306725382804871,4.439236154035498,1
42,24,0.8888888888888888,0.9013369783096071,0.037237509709506296,0.2569513874349137,0.1602985104555904,0.00026250000000000004,0.014266666666666667,6.7825337111940325,0.22608850575641265,2.6126251292060454,0.7640783786773682,5.093489300615337,1
42,25,0.9259259259259259,0.9364584713831859,0.03512149307357873,0.2697412375137304,0.16629741313980725,0.00034583333333333335,0.014266666666666667,7.073301193010894,0.23885409399599303,2.7224402788530333,0.7973433136940002,5.757720460091983,1
42,26,0.9629629629629629,0.9693636891154134,0.03290521773222746,0.2823029522385334,0.17208819827952923,0.00042500000000000003,0.012937500000000001,7.355480268631419,0.25139290429826877,2.831046919772846,0.8304020166397095,6.419796622455676,1
42,27,1.0,1.0,0.030636310884586643,0.2945740413695005,0.17764093791887225,0.0005458333333333334,0.012258333333333335,7.626959867453748,0.26364413295977285,2.9382189238843672,0.8631871342658997,7.063700092869885,1
43,0,0.0,0.0,0.0,0.0567969759642375,0.044484799163363294,0.0,0.18003333333333335,0.9999999246518123,4.794581198237009e-09,0.0,0.0,-5.949101889271633,0
43,1,0.037037037037037035,0.03407549937560671,0.03407549937560671,0.0636373391120748,0.04888051438994678,0.0,0.16055833333333333,1.1054827150527982,0.0066296058030508,0.10392304075427823,0.030000001192092896,-5.749377822608922,0
43,2,0.07407407407407407,0.07056231234988763,0.03648681297428093,0.07111271539736812,0.05357516104776395,0.0,0.145075,1.2189568209575898,0.0138719900028903,0.20794369920943656,0.06003600358963013,-5.527237980117912,1
43,3,0.1111111111111111,0.10941965717378771,0.03885734482390008,0.07925424261035471,0.058572333857275886,0.0,0.12927916666666667,1.3405564383873314,0.021757020209307344,0.3121639145800101,0.09013725072145462,-5.280344437402183,1
43,4,0.14814814814814814,0.15055806116150128,0.041138403987713575,0.08808840539808485,0.06387227168757673,0.0,0.11447916666666667,1.470384239821296,0.030310075717493765,0.4166560254348742,0.12032809853553772,-5.006147812129573,1
43,5,0.18518518518518517,0.19383985501470305,0.04328179385320177,0.09763702034957607,0.06947220280612637,0.0,0.100175,1.6084761712556959,0.03955203777136889,0.5214795281573107,0.15063044428825378,-4.701824220376057,1
43,6,0.2222222222222222,0.23907719552562423,0.04523734051092117,0.10791634618026168,0.07536616195834325,0.0,0.08566666666666667,1.754774630936832,0.04949843523162094,0.6266807942617437,0.18106524646282196,-4.364227854415407,1
43,7,0.25925925925925924,0.2860288524695512,0.04695165694392695,0.11893586999948497,0.08154431259070326,0.0,0.07204166666666667,1.9091275913833532,0.06015819898962962,0.7322912088545351,0.21165239810943604,-3.989841625707406,1
43,8,0.2962962962962963,0.3343992199563635,0.04837036748681236,0.13069701175993656,0.08799216826494004,0.0,0.05834166666666667,2.071266138557642,0.07153264526653608,0.838324803404568,0.24240200221538544,-3.574718661649296,1
43,9,0.3333333333333333,0.38384152953803546,0.049442309581671944,0.14319221578603872,0.09469257741024785,0.0,0.045283333333333335,2.2408359805281686,0.08361432746246444,0.94477587615495,0.27332183718681335,-3.1144090649143124,1
43,10,0.37037037037037035,0.43396056899190605,0.05011903945387059,0.15640376863473318,0.10162535163417809,0.0,0.03685,2.4173783931709942,0.09638611662838181,1.0516165505520505,0.3044140338897705,-2.6038801998461985,1
43,11,0.4074074074074074,0.48431626617135376,0.050355697179447725,0.17030234442581246,0.10876279357394274,0.0,0.032808333333333335,2.600262133919818,0.10981962038509535,1.158794027779038,0.3356742858886719,-2.03741388783979,1
43,12,0.4444444444444444,0.5344360471115708,0.050119780940217046,0.18484681044990722,0.11607526540054347,1.6666666666666667e-05,0.023391666666666668,2.7887577519632525,0.12387503974594163,1.2662277305181053,0.36709076166152954,-1.4085014659117796,1
43,13,0.48148148148148145,0.5838255257910578,0.04938947867948697,0.199982712133818,0.12352433670750425,6.666666666666667e-05,0.0222125,2.9819571326554777,0.13849987987680557,1.3738070220580663,0.3986433446407318,-0.7097445205783686,1
43,14,0.5185185185185185,0.6319822216290332,0.04815669583797535,0.21564120430718178,0.13105911860429736,0.0001875,0.01800416666666667,3.1787846816639704,0.1536278175841933,1.4813883925038156,0.4303024709224701,0.06721761816539207,1
43,15,0.5555555555555556,0.6784150235020276,0.04643280187299451,0.23174069578197548,0.13862739919224937,0.00030000000000000003,0.01675,3.378132314048418,0.16917965940459723,1.5887938385371265,0.4620282053947449,0.9316619010438565,1
43,16,0.5925925925925926,0.7226595137950446,0.044244490293016865,0.24819012756457687,0.14618905845653213,0.0004,0.0148625,3.5789927584481367,0.18506733481854187,1.695809799574557,0.493769109249115,1.8933588009502422,1
43,17,0.6296296296296297,0.7642931070811328,0.041633593286088295,0.264889359528799,0.15370877122677862,0.000475,0.009600000000000001,3.7801156240898175,0.20119438819673313,1.8021860985889526,0.5254617929458618,2.961223523563703,1
43,18,0.6666666666666666,0.8029469139029308,0.03865380682179797,0.2817279897880445,0.16114222356512986,0.00055,0.009591666666666667,3.9801203666737672,0.21745432846263868,1.9076356288297773,0.5570296049118042,4.139907436501961,1
43,19,0.7037037037037037,0.8383261934377223,0.03537927953479147,0.2985886291922821,0.16844386728668756,0.0006708333333333334,0.008337500000000001,4.177584205878981,0.23373362580719081,2.0118359199890317,0.5883824229240417,5.421640162562195,1
43,20,0.7407407407407407,0.8702275930549918,0.03190139961726946,0.3153476914417449,0.17556066637631615,0.0007875,0.0083125,4.370972039133614,0.24991199100397515,2.1144318102444943,0.6194164752960205,6.76817552869991,1
43,21,0.7777777777777778,0.8985434736534453,0.02831588059845363,0.33187520686013366,0.1824227502160951,0.0013666666666666666,0.008304166666666666,4.557876630652403,0.26586380206291865,2.2150435587383517,0.650016725063324,8.07738335328354,1
43,22,0.8148148148148148,0.9232806939817879,0.024737220328342514,0.3480327025994267,0.18892834749923496,0.0028958333333333336,0.0083,4.734748196557394,0.2814562309390471,2.3132744694226597,0.6800571084022522,9.147379731415327,1
43,23,0.8518518518518519,0.944562340773531,0.021281646791743054,0.3636890575974297,0.1949899371549421,0.004825,0.0063,4.899274583569162,0.2965639960464006,2.408729818235114,0.7094035744667053,9.709446797901943,1
43,24,0.8888888888888888,0.9626049898323685,0.01804264905883756,0.3787337373444002,0.2005615278727481,0.007020833333333334,0.003975,5.051146275124209,0.3110811789404931,2.501038113375007,0.737916886806488,9.611501835864289,1
43,25,0.9259259259259259,0.977659510705518,0.015054520873149605,0.39308371609689247,0.20565114270043508,0.009154166666666666,0.003975,5.191126115672529,0.3249251649748864,2.5898470103631133,0.7654567360877991,8.971166708790097,1
43,26,0.9629629629629629,0.9900108195216054,0.012351308816087288,0.406675664840198,0.21027604114802015,0.011329166666666668,0.003975,5.319429647876658,0.3380330898658185,2.6748554572287464,0.7918840646743774,8.052139404179034,1
43,27,1.0,1.0,0.009989180478394633,0.4194532124272237,0.21443604678958803,0.014291666666666668,0.003975,5.435423271856904,0.35034849391342854,2.755788813141245,0.8170656561851501,7.06893452597998,1
44,0,0.0,0.0,0.0,0.028127990349659075,0.022226668679806938,0.0,0.45615833333333333,0.9999999121990819,2.405733620334003e-09,0.0,0.0,-2.3529046048748734,1
44,1,0.037037037037037035,0.021824702097891877,0.021824702097891877,0.03196595778423572,0.0247648803037332,0.0,0.39708333333333334,1.1233435770789586,0.0036198300190030653,0.10392303215108917,0.029999997466802597,-2.267403241813433,1
44,2,0.07407407407407407,0.04575391453947442,0.023929212441582547,0.03622228068554177,0.02751509873301819,0.0,0.34013750000000004,1.2583446973525327,0.007633272987621604,0.20797950848132618,0.060040704905986786,-2.172175703526107,1
44,3,0.1111111111111111,0.071860724699215,0.026106810159740576,0.04092487869085321,0.030483917211809628,0.0,0.2833833333333333,1.405396886212954,0.012066522178236887,0.31226327616824634,0.09014865756034851,-2.0663926159421013,1
44,4,0.14814814814814814,0.10019385749342519,0.02833313279421018,0.046100454730522385,0.033676373976553466,0.0,0.22310000000000002,1.5649315554295382,0.016944623883458555,0.4168607735338902,0.12035088986158371,-1.9491949374044726,1
44,5,0.18518518518518517,0.13077821676821977,0.03058435927479459,0.05177400569610322,0.03709580814135954,0.0,0.17571250000000002,1.7373238564529987,0.022291019382055514,0.5218532108438166,0.15067246556282043,-1.8196956209316726,1
44,6,0.2222222222222222,0.1636086593379881,0.03283044256976833,0.05796814785562542,0.04074361095090825,0.0,0.13280416666666667,1.922874806503533,0.02812691154266488,0.6273148996978072,0.1811404824256897,-1.6769854265926343,1
44,7,0.25925925925925924,0.19864309228891655,0.03503443295092846,0.06470225705776153,0.04461850643525866,0.0,0.09984166666666668,2.1217306514567924,0.03447044863756423,0.7333113673044689,0.21177923679351807,-1.5201422241026963,1
44,8,0.2962962962962963,0.23580328506092713,0.03716019277201057,0.07199175948296563,0.0487174082281068,0.0,0.07035416666666668,2.333959244009447,0.041336081665233684,0.839897527934332,0.24261058866977692,-1.3482415192152075,1
44,9,0.3333333333333333,0.27496891418012814,0.03916562911920104,0.07984715386880759,0.05303447776653487,0.0,0.04942916666666667,2.5594868645551854,0.04873362947633788,0.9471158708078712,0.2736540734767914,-1.160370944341926,1
44,10,0.37037037037037035,0.31597485631901934,0.04100594213889119,0.08827309003559711,0.05756072382735977,0.0,0.036083333333333335,2.7980775817440273,0.05666741510312681,1.0549945915035561,0.30493319034576416,-0.9556466419947753,1
44,11,0.4074074074074074,0.3586130831543482,0.04263822683532887,0.09726759407644457,0.06228408691453382,0.0,0.03152916666666667,3.0493213724738117,0.06513553628029185,1.1635458798834568,0.33647122979164124,-0.7332317680861742,1
44,12,0.4444444444444444,0.4026302251212946,0.04401714196694637,0.10682121262677945,0.06718934272624508,0.0,0.020875,3.312593208115955,0.07412906472365981,1.2727640849804227,0.3682733178138733,-0.4923610747424796,1
44,13,0.48148148148148145,0.4477332559870403,0.045103030865745665,0.11691640678620027,0.07225813857707519,0.0,0.019241666666666667,3.587151391510241,0.08363147594317885,1.3826240882502563,0.40034693479537964,-0.23236609333061864,1
44,14,0.5185185185185185,0.4935926058315333,0.04585934984449307,0.12752706443300357,0.07746902995257834,0.0,0.014816666666666667,3.872001456567835,0.0936181896632505,1.4930797171616106,0.43269476294517517,0.04729393277259497,1
44,15,0.5555555555555556,0.5398506879078427,0.046258082076309444,0.1386182873919733,0.08279775556581837,0.0,0.0122625,4.166001219539777,0.10405637102501351,1.6040623154531648,0.46531417965888977,0.3469996162599216,1
44,16,0.5925925925925926,0.5861278539097076,0.04627716600186481,0.15014626361727007,0.08821741845435468,0.0,0.012191666666666667,4.467855373001433,0.11490480651720622,1.715479512564696,0.4981967508792877,0.6669290413853339,1
44,17,0.6296296296296297,0.6320352519355634,0.045907398025855875,0.16205877795629003,0.09369901223605732,0.0,0.006733333333333333,4.77608530716871,0.12611438760266627,1.8272143807231516,0.5313278436660767,1.007021566329037,1
44,18,0.6666666666666666,0.6771852482067539,0.04514999627119043,0.17429575417488755,0.09921184651644033,0.0,0.006729166666666667,5.089109297939909,0.13762861670191182,1.9391250059691807,0.5646862983703613,1.3669296577467804,1
44,19,0.7037037037037037,0.7212040143375773,0.04401876613082342,0.1867902962823289,0.1047241415693813,0.0,0.005791666666666667,5.405201676531866,0.1493845847955355,2.051044575722229,0.5982441306114197,1.745973006340611,1
44,20,0.7407407407407407,0.763740933951075,0.042536919613497724,0.1994697393736653,0.11020366308877078,0.0,0.005791666666666667,5.722604883845563,0.16131396137589474,2.162782108639137,0.6319663524627686,2.143082759419535,1
44,21,0.7777777777777778,0.8044832201539247,0.04074228620284968,0.2122575683470053,0.11561848290541125,0.0,0.005779166666666667,6.039558513095631,0.17334479689993057,2.274124028337357,0.6658109426498413,2.556762999611962,1
44,22,0.8148148148148148,0.8431618031304947,0.038678582976569946,0.22507500087562513,0.12093723346697788,0.0,0.0034458333333333333,6.354261266141434,0.18540303969616784,2.384836566422675,0.6997289657592773,2.9850430293640624,1
44,23,0.8518518518518519,0.8795593156152394,0.0363975124847447,0.23784291559792956,0.12613103375933224,0.0,0.0023708333333333333,6.664884813265646,0.19741426704904363,2.4946688199197675,0.733664870262146,3.425432848466592,1
44,24,0.8888888888888888,0.9135161158337436,0.03395680021850418,0.2504838475244629,0.13117309712827666,0.0,0.0023708333333333333,6.969774870253383,0.20930563232614854,2.6033569030297574,0.7675571441650391,3.874905657886483,1
44,25,0.9259259259259259,0.9449300168087427,0.03141390097499911,0.26292380053368375,0.13603941295068092,0.0,0.0023708333333333333,7.267434118319925,0.22100755674079153,2.710628617762639,0.8013390302658081,4.329889043406325,1
44,26,0.9629629629629629,0.9737555419516792,0.028825525142936573,0.2750939978677421,0.14070911087709376,4.166666666666667e-06,0.0023541666666666667,7.556382515049325,0.2324553682984752,2.8162088184951575,0.8349395394325256,4.786289598545846,1
44,27,1.0,1.0,0.02624445804832077,0.2869323330882122,0.14516536291218818,4.166666666666667e-06,0.00235,7.835415630652635,0.24359067897016068,2.919824972434889,0.8682847619056702,5.239547060233885,1
45,0,0.0,0.0,0.0,0.04750432190313439,0.03155091249075537,0.0,0.22897083333333335,0.999999914487929,4.5875210263248946e-09,0.0,0.0,0.5213280524433976,1
45,1,0.037037037037037035,0.027642688255032553,0.027642688255032553,0.051112189865944534,0.03356184410487118,0.0,0.20803333333333335,1.064890846335599,0.003864946253854497,0.08485280855305502,0.029999999329447746,0.6434660515457811,1
45,2,0.07407407407407407,0.056695669871954846,0.02905298161692229,0.054939481894099834,0.035668590671568925,0.0,0.19108333333333336,1.1329282026993293,0.007959343491585847,0.1697500519468414,0.060019295662641525,0.7708312344779404,1
45,3,0.1111111111111111,0.08716379844728593,0.030468128575331096,0.05899246780553163,0.03787210274514238,0.0,0.17284583333333334,1.2041466848626026,0.012289381749481092,0.2547809388634646,0.09009291231632233,0.903010652308442,1
45,4,0.14814814814814814,0.1190296010335572,0.03186580258627126,0.06327510935295187,0.040172090164269855,0.0,0.15604583333333333,1.2785366937439286,0.016858791955072148,0.340000488822767,0.12024461477994919,1.0393759177998874,1
45,5,0.18518518518518517,0.15226072032064153,0.03323111928708433,0.06778976882452394,0.042567456780271726,0.0,0.14266666666666666,1.3560693374362338,0.021669611987852517,0.4254543492411594,0.15049374103546143,1.1790853746130558,1
45,6,0.2222222222222222,0.186811856074361,0.03455113575371945,0.07253717046320886,0.04505635493465025,0.0,0.12837500000000002,1.4366873638551898,0.026722160134721264,0.5111811656162363,0.1808578073978424,1.3210624249173435,1
45,7,0.25925925925925924,0.2226199115399677,0.035808055465606725,0.07751615380066944,0.047636087165969544,0.0,0.11694166666666667,1.520305175839222,0.03201477864952564,0.5972127490364926,0.2113521695137024,1.463968756481007,1
45,8,0.2962962962962963,0.25960706738660605,0.03698715584663832,0.08272357816081903,0.05030310333890217,0.0,0.10531666666666667,1.6068110830596387,0.037543743655342326,0.6835737038215206,0.2419898957014084,1.6061883525237608,1
45,9,0.3333333333333333,0.29767948741490735,0.03807242002830132,0.0881540773507903,0.053052935436082665,0.0,0.09574583333333334,1.6960652816036876,0.04330301451625936,0.7702810104529235,0.2727815508842468,1.745816808107051,1
45,10,0.37037037037037035,0.3367261860511357,0.03904669863622836,0.09379990470301658,0.055880169578863756,0.0,0.08736666666666668,1.7878966872750728,0.04928408006736815,0.8573436533288488,0.3037351071834564,1.880668624435378,1
45,11,0.4074074074074074,0.3766214551454473,0.03989526909431161,0.09965091387280697,0.05877847500532182,0.0,0.07784583333333334,1.8820987773809437,0.05547594734758152,0.9447622063665781,0.33485570549964905,2.0083072994915323,1
45,12,0.4444444444444444,0.41722615826429565,0.04060470311884832,0.10569448364466055,0.061740613844377415,0.0,0.07185416666666666,1.9784362894103034,0.06186506841734065,1.03252846589137,0.366145521402359,2.126099817615513,1
45,13,0.48148148148148145,0.4583874071173301,0.041161248853034474,0.11191547805036095,0.06475844979178233,0.0,0.06636666666666667,2.0766449449195266,0.06843530816411819,1.120625246630488,0.3976036012172699,2.2312991063618224,1
45,14,0.5185185185185185,0.4999416355018582,0.04155422838452812,0.11829636605677953,0.06782304677819374,0.0,0.061908333333333336,2.176432766219493,0.0751680746568658,1.209026119447739,0.42922574281692505,2.3211612087712563,1
45,15,0.5555555555555556,0.5417179968204089,0.041776361318550684,0.1248173075357539,0.0709247317175355,0.0,0.055308333333333334,2.277481916511733,0.08204241474085397,1.2976954646735603,0.46100443601608276,2.3930853589737193,1
45,16,0.5925925925925926,0.5835393348000363,0.04182133797962735,0.13145643392262435,0.07405323497915837,0.0,0.05146666666666667,2.379460571942742,0.08903531238814208,1.3865883776523364,0.49292880296707153,2.4447721147181234,1
45,17,0.6296296296296297,0.625226875302288,0.041687540502251784,0.1381900859643797,0.07719781225180708,0.0,0.04789583333333334,2.4820220908542074,0.09612193883513424,1.4756509739349135,0.52498459815979,2.4743815142478525,1
45,18,0.6666666666666666,0.6666026531214653,0.04137577781917716,0.14499317032103354,0.08034739936493973,0.0,0.04636666666666667,2.5848027037112633,0.10327602783396854,1.5648206613897255,0.5571542382240295,2.4806718519717545,1
45,19,0.7037037037037037,0.7074935566483878,0.04089090352692253,0.15183955714956743,0.08349079061140104,0.0,0.04323333333333333,2.687439131658363,0.11047029062013673,1.6540266552905545,0.5894168615341187,2.4631016768469003,1
45,20,0.7407407407407407,0.7477328648426258,0.04023930819423802,0.15870240879865252,0.08661676177422044,0.0,0.041133333333333334,2.7895594244827104,0.11767675463810577,1.7431905440073594,0.6217483878135681,2.4218786860499506,1
45,21,0.7777777777777778,0.7871658288684964,0.03943296402587064,0.16555482682903494,0.08971433627344462,0.0,0.034945833333333336,2.890804334933208,0.12486743945115984,1.8322271386844562,0.6541218757629395,2.3579442487438413,1
45,22,0.8148148148148148,0.8256503192412664,0.038484490372769964,0.17237020720644336,0.09277291711635083,0.0,0.034091666666666666,2.990826891981825,0.1320147208713907,1.9210453744351463,0.6865075826644897,2.272901314867502,1
45,23,0.8518518518518519,0.8630580392262817,0.03740771998501533,0.17912262862011966,0.09578241164202352,0.0,0.033575,3.089293541153373,0.13909173127815141,2.009549401520301,0.7188733816146851,2.1688920808090515,1
45,24,0.8888888888888888,0.8992800255816894,0.03622198635540768,0.18578744540577233,0.09873346626621156,0.0,0.03149166666666667,3.18589259541108,0.14607296969622388,2.097639781124218,0.7511851787567139,2.0484469480156555,1
45,25,0.9259259259259259,0.9342234937206999,0.034943468139010565,0.1923415258932537,0.10161751266992715,0.0,0.030891666666666668,3.2803399316289537,0.15293454880057122,2.185214636810506,0.7834070324897766,1.9143198575454647,1
45,26,0.9629629629629629,0.9678151543358755,0.033591660615175566,0.19876374225480717,0.1044269548275429,0.0,0.029745833333333336,3.3723782970124123,0.15965469304849716,2.2721710197435723,0.815501868724823,1.7693348570184604,1
45,27,1.0,1.0,0.03218484566412449,0.20503505446573272,0.10715517026663995,0.0,0.028583333333333336,3.461788104680618,0.16621382117230873,2.3584062512726636,0.8474317193031311,1.616256064651509,1
46,0,0.0,0.0,0.0,0.02775074252466944,0.031736468336167764,0.0,0.41715,0.9999999197086368,2.147268322813842e-09,0.0,0.0,-2.111101492871536,1
46,1,0.037037037037037035,0.01966642694269623,0.01966642694269623,0.03154473128250589,0.034437589732124775,0.0,0.3675583333333334,1.1239141053409392,0.0033807233529262403,0.10392302784949513,0.029999999329447746,-2.0487051185351897,1
46,2,0.07407407407407407,0.04130941750631983,0.021642990563623597,0.035755361169296125,0.03732125172516451,0.0,0.31346250000000003,1.259538705986743,0.007137627249241471,0.20798180870539362,0.06004071980714798,-1.979157964099013,1
46,3,0.1111111111111111,0.06501179427961401,0.023702376773294186,0.040409409913359215,0.040361493879605304,0.0,0.26010833333333333,1.4072865919182989,0.01129555164019823,0.31226953245632555,0.09014903753995895,-1.9018655517171696,1
46,4,0.14814814814814814,0.09084748785559806,0.02583569357598404,0.04552767164225628,0.04343134160392543,6.666666666666667e-05,0.21842083333333334,1.5674714837502608,0.01587246278597805,0.4168740661165582,0.1203516349196434,-1.8162094358589913,1
46,5,0.18518518518518517,0.11887886923285006,0.028031381377252,0.051124261992228526,0.046329360109058935,0.00019166666666666667,0.183125,1.7402386947586757,0.020882011878024142,0.5218801512480289,0.15067455172538757,-1.7215422337832935,1
46,6,0.2222222222222222,0.1491308359993971,0.030251966766547067,0.057219847921913126,0.04905188459588916,0.0007875,0.1571375,1.9261553903378976,0.026345652072824306,0.6273671895237315,0.18114258348941803,-1.6171910445060043,1
46,7,0.25925925925925924,0.1815966556441911,0.03246581964479399,0.06384040733903895,0.051748768397432574,0.0011625000000000001,0.13555,2.1255303089539814,0.03228672036506792,0.7334067786877442,0.21178069710731506,-1.502491130640081,1
46,8,0.2962962962962963,0.21625841714727373,0.03466176150308263,0.0710039404121358,0.05447682164954217,0.0013541666666666667,0.11535416666666667,2.3385107772686395,0.0387215898072858,0.8400627712596134,0.2426115721464157,-1.376788404447236,1
46,9,0.3333333333333333,0.25303596551861895,0.03677754837134524,0.0787273860749097,0.057349348385021336,0.0014166666666666668,0.098,2.5652920037551694,0.04566753134610481,0.9473878377032094,0.27365434169769287,-1.2394555112752936,1
46,10,0.37037037037037035,0.29181675349806346,0.0387807879794445,0.08702137047547127,0.06044488473964478,0.0014583333333333334,0.08900416666666668,2.805722747420015,0.05313622339155667,1.0554222376784026,0.3049258887767792,-1.089911873808643,1
46,11,0.4074074074074074,0.3324423765332103,0.04062562303514682,0.09588829928753152,0.0637967379418118,0.0014833333333333335,0.07297916666666666,3.05944336258605,0.06113117962846882,1.1641922316130842,0.3364398181438446,-0.9276372392920589,1
46,12,0.4444444444444444,0.3747150512334564,0.04227267470024606,0.10532146649364518,0.06739859345226691,0.0015,0.0606625,3.325911338557449,0.0696474312869929,1.2737083951174772,0.3682277500629425,-0.7521817290720367,1
46,13,0.48148148148148145,0.4183945666857442,0.04367951545228787,0.11530605438862977,0.07123595924366496,0.0015125000000000002,0.05979166666666667,3.6044405150937116,0.07867277924380098,1.3839642191075967,0.4003453254699707,-0.563186190791261,1
46,14,0.5185185185185185,0.4632020953098724,0.044807528624128165,0.1258188949080343,0.07528808758424092,0.0015375,0.054754166666666666,3.894134328598932,0.08818710297874835,1.4949347890640339,0.4327647387981415,-0.36039644999185416,1
46,15,0.5555555555555556,0.5088298470252812,0.04562775171540888,0.13682905551669786,0.07953825650089726,0.0015500000000000002,0.03065,4.193963154706996,0.09816301950608419,1.6065754835149937,0.4654909074306488,-0.1436860559685993,1
46,16,0.5925925925925926,0.5549434827927497,0.04611363576746847,0.14829681626891805,0.08396345085676772,0.0015625,0.0306125,4.50271394303359,0.1085650868534932,1.7188212153098357,0.498524010181427,0.0869225656460264,1
46,17,0.6296296296296297,0.6011889741539536,0.04624549136120385,0.1601737345431006,0.08853227569034117,0.0015791666666666667,0.028729166666666667,4.818962431742093,0.11934989520600002,1.8315857611837036,0.5318594574928284,0.3312442240830764,1
46,18,0.6666666666666666,0.6472053060824998,0.046016331928546206,0.17240402214264447,0.09321485813445889,0.0015916666666666668,0.028716666666666668,5.141244186698413,0.13046694093117842,1.9447610477516128,0.5654873847961426,0.5889114117654213,1
46,19,0.7037037037037037,0.6926341311507125,0.04542882506821272,0.1849255053194462,0.09798250415693954,0.0016083333333333334,0.027754166666666667,5.467950557994644,0.14185984254826003,2.0582175477671627,0.5993927717208862,0.8593617858264437,1
46,20,0.7407407407407407,0.7371284074683364,0.044494276317623864,0.1976691536623684,0.10279732083473558,0.0016291666666666668,0.027754166666666667,5.797334042435453,0.15346568295019097,2.1718045197300757,0.6335549354553223,1.141822223308706,1
46,21,0.7777777777777778,0.7803633231344259,0.04323491566608956,0.21056288676568977,0.10762914866273521,0.0016541666666666668,0.027695833333333336,6.1277848462679945,0.16521820894842904,2.2853510686878837,0.66794753074646,1.4353133208578637,1
46,22,0.8148148148148148,0.8220475382605109,0.04168421512608501,0.22353159709084752,0.11244541271890801,0.0016625000000000001,0.024091666666666667,6.457484827202934,0.1770487665054589,2.398667825408991,0.7025385499000549,1.7386439264500293,1
46,23,0.8518518518518519,0.8619285201680308,0.03988098190751981,0.23649924724309918,0.11721423592918198,0.001675,0.02389166666666667,6.784657412541223,0.188887523703887,2.5115497886963145,0.7372905015945435,2.050420718723897,1
46,24,0.8888888888888888,0.8997985772425756,0.03787005707454484,0.24939103725417644,0.12190733066721843,0.0016833333333333333,0.02389166666666667,7.10760986639146,0.20066547209437252,2.623778713960967,0.7721605896949768,2.369063975688352,1
46,25,0.9259259259259259,0.9354995589887692,0.03570098174619361,0.26213453815450605,0.12649662777362275,0.0016916666666666668,0.02389166666666667,7.424728282663552,0.2123158131532675,2.735126647266196,0.8071011900901794,2.6928317692184383,1
46,26,0.9629629629629629,0.9689199978887861,0.03342043890001694,0.27466187852196633,0.13095862187504761,0.0017000000000000001,0.02375,7.734592172890848,0.2237756068489094,2.8453598466537513,0.8420602679252625,3.0198488211790373,1
46,27,1.0,1.0,0.031080002111213843,0.28691077222699274,0.13527204412008695,0.0017125,0.023745833333333334,8.035872799805354,0.2349870844443943,2.954243216105582,0.8769821524620056,3.3481486734765884,1
47,0,0.0,0.0,0.0,0.061312689450581,0.03090841115642388,0.0,0.09996666666666668,0.9999999286333875,4.392794411008557e-09,0.0,0.0,-2.3492063579284626,1
47,1,0.037037037037037035,0.03222120294743789,0.03222120294743789,0.06729783424898524,0.03411626130794452,0.0,0.08932916666666667,1.080150949363022,0.005930129975107007,0.08999999612569833,0.030000001192092896,-2.234999308428149,1
47,2,0.07407407407407407,0.06683665254700535,0.034615449599567465,0.07384170287111837,0.037845415246712026,0.0,0.08130833333333334,1.1665126668977148,0.012413897979741321,0.18010395053805806,0.06003943830728531,-2.109139454091305,1
47,3,0.1111111111111111,0.10381839604357947,0.03698174349657411,0.08097004093692539,0.04209216641298867,0.0,0.075225,1.258921673884428,0.019476852608912548,0.2703878164946067,0.09014671295881271,-1.9708301035062474,1
47,4,0.14814814814814814,0.14309450168064386,0.03927610563706441,0.08870512161064545,0.046849662463284925,0.0,0.0711,1.3573530146724877,0.027141112429219842,0.360915255129571,0.1203480064868927,-1.8192929615005298,1
47,5,0.18518518518518517,0.18455042527942817,0.04145592359878429,0.09706519319301558,0.05210907178046627,0.0,0.06770000000000001,1.4617298361947124,0.03542481535183227,0.45174097707031613,0.1506684422492981,-1.6537802031272966,1
47,6,0.2222222222222222,0.2280216804053423,0.04347125512591412,0.10606354945689081,0.05785978412467187,0.0,0.06542916666666666,1.5719531085334706,0.04434119585159093,0.5429094218278091,0.1811315417289734,-1.4735971719635925,1
47,7,0.25925925925925924,0.27329383836797655,0.04527215796263425,0.11570751066174854,0.06408905498288511,0.0,0.063075,1.6878545914742906,0.05389757507930368,0.6344529402959843,0.21175861358642578,-1.278131552498702,1
47,8,0.2962962962962963,0.320101037407495,0.046807199039518486,0.12599752153193466,0.07078139805999495,0.0,0.06100833333333334,1.8091958475298073,0.06409446450201342,0.7263898658482637,0.24256819486618042,-1.066886694195249,1
47,9,0.3333333333333333,0.368125609991234,0.048024572583739,0.13692608527727426,0.07791783242776108,0.0,0.059175000000000005,1.9356739984056106,0.07492450827135148,0.8187225141819447,0.27357545495033264,-0.8395257644464209,1
47,10,0.37037037037037035,0.4170023067855872,0.0488766967943532,0.14847683897563604,0.08547509262509388,0.0,0.057912500000000006,2.066906506767278,0.08637156341720127,0.9114350851781134,0.3047916293144226,-0.5959231280340385,1
47,11,0.4074074074074074,0.4663232660346942,0.049320959249107,0.1606238745145995,0.0934250826952507,0.0,0.055945833333333334,2.2024338018825813,0.09841002701366282,1.004491633467689,0.33622339367866516,-0.3362213117483943,1
47,12,0.4444444444444444,0.5156468963248463,0.04932363029015208,0.1733310518593809,0.10173427329495446,0.0,0.055150000000000005,2.3417185317200153,0.11100414793407093,1.0978339347257247,0.3678722679615021,-0.06090082152465648,1
47,13,0.48148148148148145,0.5645058897076216,0.048858993382775336,0.18655165295411905,0.11036345138749118,0.0,0.05488333333333333,2.4841516643600343,0.12410768494943947,1.1913795400482,0.3997340202331543,0.22914568456000062,1
47,14,0.5185185185185185,0.6124237448840246,0.047917855176403006,0.2002282814210657,0.11926757599138127,0.0,0.053700000000000005,2.6290635724235742,0.13766380234893166,1.2850200442041477,0.43179816007614136,0.5325332913839667,1
47,15,0.5555555555555556,0.6589268179478056,0.04650307306378098,0.21429319434857955,0.12839599414926728,0.0,0.05121666666666667,2.775711698969051,0.15160539694112377,1.3786195560205363,0.46404722332954407,0.8473080314391428,1
47,16,0.5925925925925926,0.7035610319213009,0.044634213973495325,0.2286689532920573,0.13769287485825282,0.0,0.05093333333333334,2.9233076035851617,0.16585573949849608,1.4720138771020608,0.4964563548564911,1.1708781219918567,1
47,17,0.6296296296296297,0.7459098907531789,0.042348858831877965,0.24326950204166148,0.14709787011358966,0.0,0.050820833333333336,3.0710278900278105,0.18032954269426735,1.5650100110498735,0.5289928317070007,1.4999675183968115,1
47,18,0.6666666666666666,0.7856055983032554,0.039695707550076426,0.25800171482736844,0.1565471692168619,0.0,0.05081666666666667,3.218028326128194,0.19493449405583413,1.6573868036213188,0.5616157054901123,1.8306096082576229,1
47,19,0.7037037037037037,0.822348563153846,0.03674296485059066,0.27276722101005074,0.16597469845357857,0.0,0.05072916666666667,3.363454298405331,0.20957306492240232,1.7488965431332553,0.5942755937576294,2.1581962540421564,1
47,20,0.7407407407407407,0.8559118089333527,0.03356324577950668,0.2874646786707758,0.17531357565611505,0.0,0.05072916666666667,3.5064650520983847,0.22414476350950038,1.839267805143731,0.6269147992134094,2.4776061101110987,1
47,21,0.7777777777777778,0.886153646231919,0.030241837298566235,0.30199217077642815,0.1844976260407882,0.0,0.05072083333333333,3.646258282706974,0.23854851453211742,1.928209284526982,0.6594675183296204,2.783420319291025,1
47,22,0.8148148148148148,0.913015312146553,0.026861665914634025,0.31624995500891157,0.1934631714672289,0.0,0.05072083333333333,3.7820698899125205,0.2526853851993316,2.015415315315771,0.6918604969978333,3.0702331852768197,1
47,23,0.8518518518518519,0.9365238897911072,0.023508577644554256,0.3301429422071004,0.20215056041002036,0.0,0.05050416666666667,3.913193563275425,0.2664610436793268,2.1005723796867244,0.7240138053894043,3.3330264549364745,1
47,24,0.8888888888888888,0.9567807544908276,0.020256864699720323,0.3435830267382854,0.21050554813269226,0.0,0.0505,4.039007850797231,0.2797880758003907,2.1833662835328203,0.7558419704437256,3.567569046367556,1
47,25,0.9259259259259259,0.9739566665208982,0.017175912030070704,0.3564913555470784,0.21848073242641403,0.0,0.0505,4.158980485017315,0.29258823591092564,2.263490506236202,0.7872556447982788,3.770785129327498,1
47,26,0.9629629629629629,0.9882748752189011,0.014318208698002906,0.3687998941140679,0.22603632508394247,0.0,0.0505,4.272677547064413,0.3047940015930948,2.3406538074563135,0.8181631565093994,3.9410095639316918,1
47,27,1.0,1.0,0.01172512478109887,0.38045248815746163,0.2331407606131778,0.0,0.05048333333333334,4.3797657630880575,0.3163496298409436,2.414588230678552,0.8484724760055542,4.078089052940657,1
48,0,0.0,0.0,0.0,0.05063822273384047,0.021631240524851,0.0,0.045970833333333336,0.999999912006574,4.197038813597626e-09,0.0,0.0,-5.689725512043072,0
48,1,0.037037037037037035,0.03780615969706795,0.03780615969706795,0.057040658013662066,0.023921414896106007,0.0,0.032495833333333335,1.1085495524156477,0.005868533575201097,0.10392304021657897,0.030000001192092896,-5.532403652969675,1
48,2,0.07407407407407407,0.07830411566566041,0.040497955968592465,0.06407226579834012,0.026379796047474178,0.0,0.022395833333333334,1.2254690668464157,0.012316827509963576,0.20796760828653788,0.060039859265089035,-5.35709327771146,1
48,3,0.1111111111111111,0.12141532192596659,0.043111206260306165,0.07176576346803307,0.029008331378358655,0.0,0.0151375,1.3508656742184808,0.019375733031702435,0.3122167132189991,0.09014669805765152,-5.162081359978767,1
48,4,0.14814814814814814,0.16700248265961795,0.04558716073365138,0.0801503138622839,0.031807174010296486,0.0,0.010016666666666667,1.4847770364908348,0.027072943478902906,0.4167399094956443,0.12034577876329422,-4.945536223747432,1
48,5,0.18518518518518517,0.2148684346855854,0.047865952025967426,0.08925063979985402,0.03477460008931397,0.0,0.006579166666666667,1.627200225272942,0.03543217336978091,0.5215944338430133,0.15066038072109222,-4.705499050421112,1
48,6,0.2222222222222222,0.2647502405470632,0.04988180586147778,0.09908579723047539,0.03790666056590733,0.0,0.004179166666666667,1.778030858317951,0.04447201035154932,0.6268229115169183,0.18111106753349304,-4.4398847505242465,1
48,7,0.25925925925925924,0.3163179113410656,0.05156767079400247,0.10966776209137626,0.0411969696676321,0.0,0.002616666666666667,1.9370653189588776,0.05420459885104405,0.7324505030259048,0.21171481907367706,-4.14648866035925,1
48,8,0.2962962962962963,0.36917360848692504,0.05285569714585941,0.12100002622026838,0.04463642643972817,0.0,0.0016041666666666667,2.1039820667688396,0.064634325348873,0.838481652295945,0.24248413741588593,-3.8229984097830325,1
48,9,0.3333333333333333,0.42285547523750183,0.05368186675057676,0.13307615176914533,0.04821301303615085,0.0,0.0010291666666666667,2.2783328946411032,0.07575645369551817,0.9448965418710743,0.27342602610588074,-3.4670157662067425,1
48,10,0.37037037037037035,0.47684114889779394,0.05398567366029215,0.14587808903079433,0.05191122925333719,0.0,0.0007625,2.4595273063792322,0.08755553331933658,1.051647240435016,0.3045407831668854,-3.076101001967084,1
48,11,0.4074074074074074,0.5305598939437697,0.05371874504597574,0.15937502387213076,0.055712266100903796,0.0,0.0005958333333333334,2.6468256095335856,0.10000430062868271,1.1586534755778175,0.3358209729194641,-2.647827898465147,1
48,12,0.4444444444444444,0.5834071298357064,0.0528472358919367,0.17352201579110885,0.059594744581010446,0.0,0.00042916666666666667,2.839371024690634,0.11306238475449953,1.2657979469771317,0.36724987626075745,-2.179886497727555,1
48,13,0.48148148148148145,0.6347605552945339,0.051353425458827456,0.1882588097400956,0.06353314220056866,0.0,0.00035,3.0361308417019055,0.1266751491972116,1.3729216011505052,0.3988000154495239,-1.6702333880773672,1
48,14,0.5185185185185185,0.6840029777227956,0.04924242242826174,0.20350935895287045,0.06749849227099863,0.0,0.0002375,3.2359357585843584,0.14077320206218866,1.4798187809685517,0.43043163418769836,-1.117310386864144,1
48,15,0.5555555555555556,0.7305480162590178,0.04654503853622223,0.21918129367093034,0.07145835323469127,0.0,0.000175,3.437474016949004,0.15527185678034763,1.586232547489526,0.46209093928337097,-0.5203819814371364,1
48,16,0.5925925925925926,0.773864527661675,0.04331651140265719,0.23516627784855143,0.07537592606324156,0.0,0.00017083333333333333,3.639270461076849,0.1700714635498796,1.6918507925409836,0.4937084913253784,0.1199724518132399,1
48,17,0.6296296296296297,0.8135072583988722,0.039642730737197124,0.2513413284461801,0.07921423663052371,0.0,0.00010833333333333334,3.8398086975169305,0.1850585069721332,1.796303779621042,0.5251973867416382,0.8011738377381938,1
48,18,0.6666666666666666,0.8491387161915034,0.03563145779263127,0.26757034969156257,0.08293421479114349,0.0,0.00010833333333333334,4.037505798903309,0.2001070863912891,1.899163561065523,0.5564517974853516,1.5176980006053498,1
48,19,0.7037037037037037,0.8805497643860075,0.03141104819450411,0.28370667066748356,0.08649522611645587,0.0,7.083333333333334e-05,4.230696661625214,0.21508122416010075,1.9999470524452982,0.5873465538024902,2.2598823917547826,1
48,20,0.7407407407407407,0.9076756664075607,0.027125902021553207,0.2995964721180661,0.08985636358043349,0.0,7.083333333333334e-05,4.417664717105253,0.22983801974376614,2.098123055923532,0.6177372932434082,3.012604325174223,1
48,21,0.7777777777777778,0.9306020724963429,0.022926406088782183,0.3150837632336357,0.09297932124002965,4.166666666666667e-06,7.083333333333334e-05,4.59677180137485,0.244232319348841,2.1931249707877507,0.6474608182907104,3.7542362834390843,1
48,22,0.8148148148148148,0.9495559198684131,0.01895384737207023,0.33001509253921074,0.09582875583571668,4.166666666666667e-06,7.083333333333334e-05,4.766459314686936,0.2581210699308638,2.284367828338268,0.6763384938240051,4.456626651457544,1
48,23,0.8518518518518519,0.9648929004811261,0.015336980612712922,0.34424503551959656,0.09837388022215626,4.166666666666667e-06,3.3333333333333335e-05,4.925292592883217,0.2713684857755046,2.3712716978153567,0.7042701244354248,5.087271466057064,1
48,24,0.8888888888888888,0.977069203637956,0.01217630315682998,0.3576418618829414,0.10059121538993959,4.166666666666667e-06,2.9166666666666666e-05,5.072039582000973,0.28385127928910725,2.453287492126383,0.7332355976104736,5.6144994720193,1
48,25,0.9259259259259259,0.986610145490463,0.009540941852506934,0.3700919828282019,0.10246488025135475,4.166666666666667e-06,2.9166666666666666e-05,5.2057139365222564,0.29546286839060226,2.529924654566964,0.761639416217804,6.015010405062188,1
48,26,0.9629629629629629,0.9940702574631851,0.007460111972722195,0.3815038535062999,0.10398705618684809,4.166666666666667e-06,2.9166666666666666e-05,5.325599846542949,0.3061170759501531,2.6007764436230487,0.7894299030303955,6.280776266344617,1
48,27,1.0,1.0,0.005929742536814836,0.39180979419291456,0.10515809125265485,4.166666666666667e-06,2.9166666666666666e-05,5.431240371183398,0.3157498556387068,2.66553995275741,0.8165619373321533,6.421366785551587,1
49,0,0.0,0.0,0.0,0.026735298308412727,0.015926741815571813,0.0,0.3785541666666667,0.999999924182965,2.2746131031049622e-09,0.0,0.0,-1.461325322429814,1
49,1,0.037037037037037035,0.01892469190823631,0.01892469190823631,0.030489542114639154,0.017907135070729732,0.0,0.33363750000000003,1.1253921317794164,0.00350703294762255,0.1039230326887886,0.029999999329447746,-1.4114077528134579,1
49,2,0.07407407407407407,0.039816310282304104,0.02089161837406779,0.03466429720269467,0.02007338758911377,0.0,0.2913541666666667,1.262678894817422,0.007410349623369985,0.2079826044937748,0.06004072353243828,-1.3556338194541375,1
49,3,0.1111111111111111,0.06276743671376625,0.022951126431462153,0.039288561000003545,0.022433763162227564,0.0,0.24885000000000002,1.4124061405736856,0.011737736795229527,0.312272266055945,0.09014883637428284,-1.2935194854275807,1
49,4,0.14814814814814814,0.08785451154534529,0.02508707483157904,0.04439028360027435,0.024995465106414868,0.0,0.21418333333333334,1.575062103731392,0.016516054890850663,0.4168809977782488,0.12035121023654938,-1.224572160673219,1
49,5,0.18518518518518517,0.11513460562115532,0.027280094075810026,0.04999590010744743,0.027764461623622953,0.0,0.18081666666666668,1.7510547250170092,0.021770792344054726,0.5218939667233911,0.15067405998706818,-1.148293917427174,1
49,6,0.2222222222222222,0.14464138497449192,0.029506779353336607,0.056129629925574985,0.03074527186058164,0.0,0.1552625,1.9407125165205452,0.027525395552159496,0.6273908320055911,0.18114270269870758,-1.064187890244014,1
49,7,0.25925925925925924,0.17638026845318008,0.03173888347868816,0.06281268336792514,0.03394063195588609,0.0,0.13124583333333334,2.14424902729381,0.03380051594079317,0.7334439148634198,0.2117808312177658,-0.9717663305034461,1
49,8,0.2962962962962963,0.21032450770199865,0.033944239248818564,0.07006246963290114,0.037351315441415955,0.0,0.1091875,2.3617635556021597,0.04061325053850758,0.8401165061741088,0.2426115721464157,-0.8705589500238968,1
49,9,0.3333333333333333,0.24641288126998884,0.036088373567990197,0.07789171659037447,0.04097581731690724,0.0,0.09204583333333334,2.593208131872595,0.04797629891398829,0.9474612201170423,0.2736544907093048,-0.7601235523772916,1
49,10,0.37037037037037035,0.2845445063518985,0.038131625081909634,0.08630755109499495,0.04481013434362116,0.0,0.08140416666666667,2.8384001086048563,0.0558970786908926,1.0555183467734879,0.3049312233924866,-0.6400581872774884,1
49,11,0.4074074074074074,0.3245780317257399,0.04003352537384141,0.09531069356834976,0.04884757140429397,0.0,0.06480416666666668,3.096963121510588,0.06437694915815309,1.1643144079748318,0.33645978569984436,-0.5100132743769858,1
49,12,0.4444444444444444,0.3663323295205974,0.04175429779485752,0.1048947938343186,0.05307867524403709,0.0,0.05621666666666667,3.3683538544942238,0.07341056188652033,1.2738606196408468,0.368275910615921,-0.36970347243704715,1
49,13,0.48148148148148145,0.4095845352078396,0.0432522056872422,0.11504550007131448,0.05749102087394021,0.0,0.054108333333333335,3.651838335055899,0.08298496285557695,1.384151557233141,0.4003736078739166,-0.2189257470939472,1
49,14,0.5185185185185185,0.4540748899757714,0.04449035476793179,0.12574033911548033,0.06206934935203497,0.0,0.046441666666666666,3.946573941693203,0.09307945954767315,1.4951638481594716,0.43275901675224304,-0.05756804139150695,1
49,15,0.5555555555555556,0.4995098536847675,0.045434963708996114,0.13694809684687256,0.0667955574243947,0.0,0.02665,4.2514124575289785,0.10366501038265674,1.6068550881818702,0.46543365716934204,0.11437192009339814,1
49,16,0.5925925925925926,0.5455675237150975,0.046057670030329984,0.14862899586590206,0.07164892248971515,0.0,0.026616666666666667,4.5650865121224715,0.11470438098833742,1.7191628530497571,0.49839407205581665,0.2967770408848507,1
49,17,0.6296296296296297,0.5919070891269608,0.04633956541186328,0.16073491474426585,0.07660637785697023,0.0,0.02527916666666667,4.886180264228483,0.12615232999958875,1.8320040366327204,0.5316315293312073,0.48939916930739447,1
49,18,0.6666666666666666,0.6381764401063685,0.04626935097940774,0.17320994416160684,0.0816428967535513,0.0,0.0252625,5.213144322502374,0.13795612666640794,1.945274540846958,0.5651318430900574,0.6918505650427731,1
49,19,0.7037037037037037,0.6840216797724961,0.04584523966612749,0.18599131365060523,0.08673191282410914,0.0,0.0241625,5.544311533762307,0.1500564192148624,2.058849299556376,0.5988749861717224,0.903599406870268,1
49,20,0.7407407407407407,0.7290980771679672,0.045076397395471146,0.1990103259527595,0.09184583497807328,0.0,0.0241625,5.877938428321551,0.162388116287572,2.1725827035301233,0.6328350305557251,1.123964639722689,1
49,21,0.7777777777777778,0.7730787720037648,0.04398069483579767,0.21219407743511512,0.09695666582306926,0.0,0.0241,6.212360413555994,0.1748820196592637,2.286309804907967,0.6669801473617554,1.3521239874776088,1
49,22,0.8148148148148148,0.8156657276495154,0.042586955645750546,0.2254669735513876,0.10203662066159237,0.0,0.022120833333333336,6.545707878186982,0.18746626357387286,2.399847792241631,0.7012724876403809,1.5871203792655857,1
49,23,0.8518518518518519,0.8565945735081407,0.04092884585862537,0.23875233263582427,0.10705866285659647,0.0,0.021208333333333336,6.876204197204872,0.20006785011242612,2.5129982173777385,0.7356684803962708,1.827872583962523,1
49,24,0.8888888888888888,0.8956448085910182,0.039050235082877534,0.25197434430171367,0.11199711814712582,0.0,0.021208333333333336,7.202159669847607,0.21261451399666517,2.625549890551939,0.7701194882392883,2.0731960612606732,1
49,25,0.9259259259259259,0.9326404932857881,0.03699568469476985,0.26505986225045114,0.11682827022613537,0.0,0.021208333333333336,7.5219967414435525,0.2250364484829285,2.7372820761578707,0.8045719861984253,2.3218268301282627,1
49,26,0.9629629629629629,0.967452382307093,0.034811889021304776,0.27793979805004965,0.12153063987919532,0.0,0.021050000000000003,7.8342603264818065,0.23726762785717795,2.8479682392276997,0.8389684557914734,2.572444711227834,1
49,27,1.0,1.0,0.032547617692907094,0.2905508142635653,0.12608554685898188,0.0,0.02099166666666667,8.137678092237495,0.24924746252456423,2.957380059612981,0.8732480406761169,2.8237037553221613,1
50,0,0.0,0.0,0.0,0.0068761285607761395,0.009420682761318456,0.0,0.9237416666666667,0.9999999017783006,7.348012230876419e-10,0.0,0.0,-1.0113818061853301,1
50,1,0.037037037037037035,0.012526092222903388,0.012526092222903388,0.007953582632578041,0.010693780691450654,0.0,0.9021250000000001,1.1527631657117845,0.0011611587383182876,0.1039230041907258,0.029999997466802597,-0.9675208099189643,1
50,2,0.07407407407407407,0.02664424068294604,0.01411814846004265,0.009170716088780884,0.012104616004558501,0.0,0.875375,1.3248986854717655,0.002473540990791258,0.20797657804584518,0.06004064530134201,-0.9181487988991304,1
50,3,0.1111111111111111,0.04248905603933004,0.015844815356384,0.010540276357628777,0.013662620662437773,0.0,0.8422958333333334,1.5180673606564268,0.003951029547088547,0.3122652543572494,0.09014619141817093,-0.8627596918014024,1
50,4,0.14814814814814814,0.06019058587806419,0.01770152983873415,0.01207497233383432,0.015376760734929338,0.0,0.8098708333333333,1.733990173684844,0.005607477708524999,0.41687611477036274,0.12034722417593002,-0.8008409962686951,1
50,5,0.18518518518518517,0.07987248948268667,0.019681903604622485,0.013787529784176748,0.017255630653959297,0.0,0.7736375000000001,1.9743730270708717,0.007456765900543866,0.5218984599256847,0.1506696343421936,-0.7318694990768702,1
50,6,0.2222222222222222,0.10165477567818106,0.021782286195494376,0.015690457722003632,0.01930727989587864,0.0,0.7339583333333334,2.2408910579205092,0.009512550441705389,0.6274213289325158,0.18113796412944794,-0.6553178045720536,1
50,7,0.25925925925925924,0.12564353591629132,0.023988760238110286,0.0177958052283708,0.021539001940283294,0.0,0.6922833333333334,2.5352063850025446,0.011787996651265228,0.733531138435442,0.21177621185779572,-0.5706620197228229,1
50,8,0.2962962962962963,0.1519304879682027,0.026286952051911346,0.020114836638574426,0.02395708854842361,0.0,0.65215,2.8587914028018875,0.01429542738368101,0.8403095446765361,0.24260784685611725,-0.4773924760371333,1
50,9,0.3333333333333333,0.1805895536196464,0.028659065651443723,0.022657699224085358,0.026566593009579798,0.0,0.6026625,3.212983349600113,0.017045959491067336,0.9478317469453328,0.27365610003471375,-0.3750254534351338,1
50,10,0.37037037037037035,0.21166864513915207,0.031079091519505653,0.025433068163979177,0.029371055827773773,0.0,0.5607958333333334,3.598916024448723,0.020049118141531815,1.0561648539167365,0.3049381971359253,-0.2631170619175158,1
50,11,0.4074074074074074,0.2451905778926861,0.033521932753534045,0.028447768904413907,0.03237227947801135,0.0,0.5158791666666667,4.017480871987685,0.02331242403118134,1.1653665989410562,0.3364700376987457,-0.14127866272742828,1
50,12,0.4444444444444444,0.2811446286582443,0.035954050765558195,0.03170639568431787,0.035570053525257606,0.0,0.48179583333333337,4.469298496714973,0.026840977403140603,1.2754840558049192,0.3682643473148346,-0.009194896837490418,1
50,13,0.48148148148148145,0.31948699193317104,0.03834236327492676,0.035210951468819,0.038961963797827584,0.0,0.46140416666666667,4.954704174186379,0.03063706366994302,1.386552518419025,0.400371789932251,0.13335766971066398,1
50,14,0.5185185185185185,0.3601341634780291,0.04064717154485809,0.038960473901395995,0.04254294976312608,0.0,0.41855416666666667,5.473486236573546,0.03469974480783761,1.4985944368257162,0.43279945850372314,0.286490126753014,1
50,15,0.5555555555555556,0.402964765545877,0.04283060206784788,0.04295081589192623,0.04630565315477373,0.0,0.38027500000000003,6.024997112745575,0.03902461963704878,1.6116185169990507,0.4655398428440094,0.45017964435509406,1
50,16,0.5925925925925926,0.4478193187286092,0.04485455318273215,0.047174444520439576,0.05024035878872805,0.0,0.37235,6.608143253497899,0.04360360161706792,1.7256189671788036,0.4986133277416229,0.6242474788433245,1
50,17,0.6296296296296297,0.49449910118865775,0.046679782460048586,0.05162028438581837,0.05433448234510214,0.0,0.34269166666666667,7.2214456747465885,0.048424744841530795,1.8405747013437148,0.5320134162902832,0.8083412959925198,1
50,18,0.6666666666666666,0.5427709398858456,0.04827183869718785,0.056273680780437464,0.05857289218489396,0.0,0.34225,7.862920651573079,0.05347220405405582,1.9564489900069013,0.5657474994659424,1.0019145583880729,1
50,19,0.7037037037037037,0.5923706328822812,0.04959969299643555,0.06111656555530392,0.06293811005621855,0.0,0.3020875,8.530011510301167,0.0587264095460705,2.07318881827942,0.5998006463050842,1.204213917937249,1
50,20,0.7407407407407407,0.6430070561082325,0.05063642322595129,0.06612755338122012,0.0674104476160509,0.0,0.3020875,9.219880976540194,0.06416417249038803,2.1907248714177103,0.6341565847396851,1.4142639469490899,1
50,21,0.7777777777777778,0.6943701487402153,0.0513630926319829,0.07128246037663445,0.07196849019976874,0.0,0.3006875,9.929313992043932,0.06975924704992924,2.3089715028316546,0.6687974333763123,1.630870939666183,1
50,22,0.8148148148148148,0.7461391267327415,0.051768977992526145,0.07655464652607488,0.07658940322442374,0.0,0.2745625,10.654578998637,0.07548270095896377,2.427827233723226,0.7037003636360168,1.852623151239241,1
50,23,0.8518518518518519,0.7979888711207889,0.051849744388047396,0.08191554919402998,0.08124934827644979,0.0,0.27042083333333333,11.391734048442286,0.08130349720661827,2.5471750969777394,0.7388375997543335,2.0779042434239283,1
50,24,0.8888888888888888,0.8495988260125288,0.051609954891739945,0.08733537642851634,0.08592405000867423,0.0,0.27042083333333333,12.136710353172342,0.08718924564031251,2.666883788335856,0.7741765379905701,2.304922104275752,1
50,25,0.9259259259259259,0.9006591587381368,0.05106033272560803,0.09278374388020412,0.09058928975611084,0.0,0.27042083333333333,12.885320887128152,0.09310689809640237,2.786808883775648,0.8096800446510315,2.5317451911426705,1
50,26,0.9629629629629629,0.9508812549181374,0.05022209618000046,0.09823031770441581,0.09522133917620103,0.0,0.2546791666666667,13.63342731105824,0.09902344898050845,2.906794468382945,0.8453065752983093,2.756349023245688,1
50,27,1.0,1.0,0.049118745081862675,0.10364556179841174,0.09979756061704521,0.0,0.2546791666666667,14.376989351432197,0.10490674799961336,3.0266750217455036,0.8810107707977295,2.9766794334833335,1
51,0,0.0,0.0,0.0,0.03404303921274381,0.026052754547538665,0.0,0.3707666666666667,0.9999999156778964,2.8788597167780005e-09,0.0,0.0,-2.4515365277262458,1
51,1,0.037037037037037035,0.023255988612829428,0.023255988612829428,0.03852769267746993,0.02913073554342501,0.0,0.3450625,1.1223350935905654,0.004155157923246346,0.10392303645268361,0.029999999329447746,-2.358179157853895,1
51,2,0.07407407407407407,0.04863863795217088,0.02538264933934145,0.04347768576838859,0.032479068578792375,0.0,0.32465,1.2561612685058043,0.008745143377577189,0.20797675549800806,0.060040656477212906,-2.2542715585649233,1
51,3,0.1111111111111111,0.07620372161317922,0.027565083661008336,0.04892104178630424,0.03610781118895686,0.0,0.30622916666666666,1.4020169979493369,0.013796578484114596,0.31225532283952484,0.09014901518821716,-2.1389174247218365,1
51,4,0.14814814814814814,0.105983374051341,0.029779652438161795,0.05488396301013294,0.04002524700332849,0.0,0.2879291666666667,1.5603893319076048,0.01933443408997846,0.416843177192591,0.12035155296325684,-2.0111875911622716,1
51,5,0.18518518518518517,0.137980796400153,0.031997422348812005,0.06139034396563371,0.044237616428968764,0.0,0.2692291666666667,1.73170388145436,0.025381564022645277,0.5218184116744916,0.15067432820796967,-1.8701208043976916,1
51,6,0.2222222222222222,0.1721675478197018,0.03418675141954881,0.0684610477772375,0.0487488327181195,0.0,0.25111666666666665,1.9163052037271158,0.03195802027430295,0.6272513188606353,0.18114233016967773,-1.7147288734455248,1
51,7,0.25925925925925924,0.20847935939901427,0.03631181157931245,0.07611302400727073,0.05356002925735825,0.0,0.23010833333333333,2.114422793641146,0.03908022128207312,0.7332026348016231,0.21178042888641357,-1.544006352487843,1
51,8,0.2962962962962963,0.2468123174199652,0.03833295802095093,0.08435847228827725,0.058669235653921376,0.0,0.20467083333333333,2.3261768841401436,0.04676015826997981,0.8397217112816303,0.2426120638847351,-1.3569401042693459,1
51,9,0.3333333333333333,0.28702150903156726,0.04020919161160204,0.09320394780179177,0.06407107900930782,0.0,0.1778375,2.551546457001515,0.05500454345602452,0.9468447691311271,0.2736561894416809,-1.1525221430341688,1
51,10,0.37037037037037035,0.3289183135985505,0.04189680456698329,0.10264939821561711,0.06975638214900709,0.0,0.16336250000000002,2.790357113065525,0.0638138976218832,1.054593078016975,0.3049296438694,-0.929767646980606,1
51,11,0.4074074074074074,0.3722712645449964,0.043352950946445895,0.11268746641404281,0.07571205024609116,0.0,0.13725416666666668,3.0422614562735015,0.07318187787682141,1.162971344401729,0.33644574880599976,-0.6877307425346704,1
51,12,0.4444444444444444,0.41680900424679607,0.04453773970179964,0.12330275135246203,0.08192087723463651,0.0,0.114025,3.3067303642174966,0.08309457312909589,1.271965929372493,0.36821386218070984,-0.4255271616779126,1
51,13,0.48148148148148145,0.4622215152368414,0.045412510990045334,0.13447109981478442,0.08836142806054297,0.0,0.11189166666666667,3.5830664028606174,0.09352982055826643,1.3815432790698579,0.40023890137672424,-0.14236359694790401,1
51,14,0.5185185185185185,0.5081686155208435,0.045947100284002104,0.14615950707835254,0.09500824625974164,0.0,0.09982500000000001,3.8704690226824705,0.10445709846934835,1.4916485115457876,0.4325208365917206,0.16243907275568858,1
51,15,0.5555555555555556,0.5542854990006923,0.046116883479848804,0.15832578232846958,0.10183192679875362,0.0,0.0561875,4.167743630044612,0.11583719635341226,1.6022040907648614,0.46505433320999146,0.4894061145296096,1
51,16,0.5925925925925926,0.6001934469596188,0.045907947958926505,0.17091889647637767,0.10879954094004717,0.0,0.05608333333333334,4.473586696293973,0.12762253084398303,1.7131088893001005,0.49782827496528625,0.8388747977205657,1
51,17,0.6296296296296297,0.6455091852216471,0.04531573826202829,0.1838794139294715,0.1158750635917491,0.0,0.05300416666666667,4.786540227250033,0.13975753766166163,1.824237431180186,0.5308254361152649,1.2109492438538076,1
51,18,0.6666666666666666,0.6898568884022072,0.044347703180560055,0.19714037831355358,0.12302001658661028,0.0,0.052970833333333335,5.105019027827399,0.15217949730269936,1.9354399255051722,0.5640222430229187,1.6054535161558317,1
51,19,0.7037037037037037,0.732880553520305,0.04302366511809782,0.21062848354266162,0.1301941040736225,0.0,0.05072083333333333,5.427280793578988,0.1648196267885499,2.046542650442569,0.5973883867263794,2.021881246771235,1
51,20,0.7407407407407407,0.7742525568746004,0.041372003354295424,0.2242654238767241,0.13735624383817355,0.0,0.05072083333333333,5.75152830567436,0.17760435912551475,2.1573489219221136,0.630886971950531,2.4593282464251764,1
51,21,0.7777777777777778,0.8136862123363559,0.03943365546175551,0.23796984628143808,0.1444653237862609,0.0,0.05062083333333334,6.0759844306729205,0.19045717528446177,2.267641222595742,0.6644744873046875,2.9164411024887418,1
51,22,0.8148148148148148,0.8509419889356514,0.03725577659929553,0.2516591229103004,0.15148116551297047,0.0,0.047733333333333336,6.398784803232636,0.2033002735929803,2.377183719353066,0.6981010437011719,3.3913501351219892,1
51,23,0.8518518518518519,0.8858339131283779,0.03489192419272646,0.2652512427635821,0.15836534790789072,0.0,0.043979166666666666,6.718061818444268,0.21605635472432932,2.485725838724273,0.7317106127738953,3.881600077264684,1
51,24,0.8888888888888888,0.9182318465258406,0.032397933397462705,0.27866688179228777,0.1650821110168517,0.0,0.043895833333333335,7.032072883061742,0.22865058784700426,2.59300647317036,0.7652421593666077,4.3840938967236855,1
51,25,0.9259259259259259,0.9480633942628054,0.02983154773696483,0.2918313477466732,0.17159916578031714,0.0,0.043895833333333335,7.33920201088808,0.24101244604128427,2.6987588190288307,0.7986299395561218,4.8950477418256675,1
51,26,0.9629629629629629,0.9753088570562155,0.027245462793410048,0.30467594856398417,0.17788817146016045,0.0,0.04381666666666667,7.637962302435348,0.2530770097479257,2.802715486444688,0.8318047523498535,5.409954770928069,1
51,27,1.0,1.0,0.024691142943784525,0.3171396894948351,0.18392525370434964,0.0,0.04354583333333333,7.927068836308222,0.2647865734034975,2.9046141629259217,0.8646950721740723,5.923608355214702,1
52,0,0.0,0.0,0.0,0.053794949801229806,0.03785456756518325,0.0,0.24824166666666667,0.9999999082236759,4.595821438771155e-09,0.0,0.0,-3.7855061403859045,1
52,1,0.037037037037037035,0.03058546102928178,0.03058546102928178,0.060360621883027384,0.04193793294690025,0.0,0.2158625,1.1124369387441027,0.006438754233000671,0.10392303967887949,0.029999999329447746,-3.660622338834724,1
52,2,0.07407407407407407,0.06347099429728745,0.03288553326800567,0.06754269248343582,0.04633469145612155,0.0,0.18655000000000002,1.234171280398247,0.013479243261270717,0.20795763427383038,0.0600389763712883,-3.522473314880865,1
52,3,0.1111111111111111,0.09864350517128871,0.035172510874001264,0.07537129082094915,0.05105174238620655,0.0,0.16034583333333335,1.3655107930328272,0.021150589824412924,0.31220002899217114,0.0901457890868187,-3.3699556514588593,1
52,4,0.14814814814814814,0.13605028775455422,0.0374067825832655,0.08387247209088627,0.05609299741591435,0.0,0.14156666666666667,1.5066894062632927,0.029477916996043255,0.416725719592824,0.1203465610742569,-3.2019303800711914,1
52,5,0.18518518518518517,0.17559815191083428,0.039547864156280074,0.0930680714811833,0.061459467143180596,0.0,0.12332916666666667,1.6578636999638967,0.038482209102506104,0.5215996400832746,0.15066629648208618,-3.0172114046602996,1
52,6,0.2222222222222222,0.21715014960617893,0.04155199769534464,0.10297469297148026,0.06714885049739339,0.0,0.10899583333333333,1.8191124664047615,0.048179327538595926,0.626875398899308,0.1811283677816391,-2.814570623863748,1
52,7,0.25925925925925924,0.2605235015920891,0.04337335198591018,0.11360268841645842,0.07315522581979221,0.0,0.09701666666666667,1.990400864205639,0.05857902074939145,0.7325934416905232,0.2117539346218109,-2.5927437897052936,1
52,8,0.2962962962962963,0.30548796057642574,0.04496445898433664,0.12495503908992137,0.07946864055100478,0.0,0.08402916666666667,2.1715896201225324,0.06968383687253098,0.8387790584160674,0.24256141483783722,-2.3504406160973366,1
52,9,0.3333333333333333,0.3517655929795309,0.04627763240310517,0.1370262824145907,0.08607487210736689,0.0,0.0738,2.3624163102914566,0.0814880855706695,0.9454402791283544,0.2735658586025238,-2.0863564762850153,1
52,10,0.37037037037037035,0.3990336161046523,0.0472680231251214,0.1498014566863415,0.09295511125208718,0.0,0.06635416666666667,2.5625028383274233,0.09397681270525986,1.052565751367196,0.30477839708328247,-1.7991890047747408,1
52,11,0.4074074074074074,0.4469281082838829,0.047894492179230606,0.16325532081209373,0.10008594953853113,0.0,0.05479166666666667,2.7713234035560492,0.10712505067867008,1.1601225991568667,0.3362056612968445,-1.4876542350352757,1
52,12,0.4444444444444444,0.49505192021876765,0.048123811934884755,0.17735160369776434,0.10743924282237913,0.0,0.04822083333333334,2.9881902415446437,0.12089708871343367,1.268054333280627,0.367849200963974,-1.1505112276047882,1
52,13,0.48148148148148145,0.5429816587844253,0.04792973856565758,0.19204254804135848,0.11498227498831108,0.0,0.046483333333333335,3.212286781846407,0.13524604041997226,1.3762788720679457,0.3997049331665039,-0.7865900028208852,1
52,14,0.5185185185185185,0.5902794176380338,0.047297758853608554,0.20726880847353424,0.12267787909643854,0.0,0.0402625,3.4426855416487445,0.15011372094778022,1.4846867470661391,0.4317625164985657,-0.394824669465649,1
52,15,0.5555555555555556,0.6365054353638017,0.046226017725767836,0.22295953860586834,0.13048418994582903,0.0,0.03079166666666667,3.678229645411651,0.1654308479021685,1.593139681463225,0.46400487422943115,0.025705441338745416,1
52,16,0.5925925925925926,0.6812334271054533,0.044727991741651624,0.23903335364594572,0.13835711386191202,8.333333333333334e-06,0.023329166666666668,3.9177065152837796,0.18111782185293204,1.701469549419435,0.49640750885009766,0.47572795670190793,1
52,17,0.6296296296296297,0.724061605882109,0.04282817877665576,0.25539933651611024,0.1462500184364651,8.333333333333334e-06,0.022204166666666667,4.159814440738885,0.19708574554153085,1.8094781387399697,0.528938353061676,0.9557157111245669,1
52,18,0.6666666666666666,0.7646307422692562,0.04056913638714718,0.271958482664511,0.15411357820147736,1.25e-05,0.0220875,4.403182751218991,0.21323800401003296,1.916937591420304,0.5615572333335876,1.4658223751534543,1
52,19,0.7037037037037037,0.8026331669587498,0.038002424689493525,0.2886056331092873,0.16189770889010519,2.5e-05,0.021329166666666666,4.646296513590297,0.22947206129235825,2.023592112931066,0.5942157506942749,2.0057918202940073,1
52,20,0.7407407407407407,0.8378247741721464,0.03519160721339668,0.3052318248177109,0.16955340642715283,2.5e-05,0.021245833333333335,4.887670747690549,0.245681559166547,2.1291601419257495,0.6268574595451355,2.5748495307606944,1
52,21,0.7777777777777778,0.8700329875622813,0.03220821339013494,0.321727314978139,0.17703390657574647,3.3333333333333335e-05,0.021095833333333334,5.125922433046729,0.26175955587793853,2.2333389797341643,0.659417986869812,3.171590635225236,1
52,22,0.8148148148148148,0.8991596519446621,0.029126664382380735,0.3379837403681112,0.18429420225631854,4.166666666666667e-05,0.020995833333333335,5.359642772660381,0.2776005451984982,2.335809476534794,0.6918256878852844,3.7938280548710317,1
52,23,0.8518518518518519,0.9251799966390443,0.026020344694382185,0.35389687238806594,0.19129287678315143,5e-05,0.01906666666666667,5.587454349211642,0.2931029730236643,2.4362423377776783,0.7240023016929626,4.438414064269921,1
52,24,0.8888888888888888,0.94813930725028,0.02295931061123563,0.36936960637799576,0.19799374003147574,5.833333333333333e-05,0.018787500000000002,5.808141644099477,0.3081722938911647,2.5343055685439504,0.7558645009994507,5.101056661817031,1
52,25,0.9259259259259259,0.9681473877298926,0.020008080479612746,0.38431375625295566,0.2043656258566791,7.083333333333334e-05,0.018625,6.020609992709885,0.3227228658733547,2.6296720601080708,0.7873249650001526,5.776103819924574,1
52,26,0.9629629629629629,0.9853662568774102,0.017218869147517586,0.39865232195342165,0.21038362105330605,7.916666666666668e-05,0.018625,6.223919591160763,0.33667974687718155,2.7220278586650823,0.818294107913971,6.456370032670389,1
52,27,1.0,1.0,0.01463374312258977,0.41232060551576666,0.2160292712565918,8.333333333333334e-05,0.018437500000000002,6.41735484506429,0.3499800884889924,2.8110797780527434,0.8486819863319397,7.132994019671411,1
53,0,0.0,0.0,0.0,0.13638736088805944,0.0774257924462198,0.0,0.0562,0.9999999693776808,7.4179972418480455e-09,0.0,0.0,0.8408667055728882,1
53,1,0.037037037037037035,0.0451276979296346,0.0451276979296346,0.14424581768165665,0.0808351424560786,0.0,0.050083333333333334,1.046925304530777,0.007454701580197758,0.08485280789451062,0.030000001192092896,1.016157751936201,1
53,2,0.07407407407407407,0.0911780273474725,0.0460503294178379,0.15245106775084435,0.0843399464851771,0.0,0.045408333333333335,1.0953188989186213,0.015242817552768005,0.16970792627667045,0.06000622734427452,1.2014699580067658,1
53,3,0.1111111111111111,0.13801557993296917,0.046837552585496676,0.1610024961821807,0.08793586700968765,0.0,0.04003333333333334,1.1451415691111821,0.023364136101975522,0.254620868133067,0.09004486352205276,1.3971214431882109,1
53,4,0.14814814814814814,0.1854745268661701,0.04745894693320094,0.16989437115439895,0.09161668627418947,0.0,0.03562083333333334,1.1963247257415843,0.031813575566816146,0.3396122993659451,0.12013797461986542,1.6033228736773752,1
53,5,0.18518518518518517,0.23336844984276403,0.04789392297659393,0.17911729620923028,0.09537495839878532,0.0,0.03250416666666667,1.2487846019533768,0.04058254370872294,0.424689604731597,0.15029489994049072,1.8201957912978868,1
53,6,0.2222222222222222,0.2814927524551337,0.04812430261236966,0.1886581590222141,0.09920198970256996,0.0,0.028620833333333335,1.302417153590685,0.049658883948921644,0.5098490662893936,0.18052373826503754,2.0477553166254063,1
53,7,0.25925925925925924,0.32962985393615757,0.04813710148102387,0.19849999596426152,0.10308795310861975,0.0,0.025683333333333336,1.3571005686329636,0.059026735020312485,0.5950758367609096,0.21082934737205505,2.285889501027671,1
53,8,0.2962962962962963,0.3775490036683598,0.047919149732202224,0.20862178010774887,0.10702181736178563,0.0,0.022716666666666666,1.4127011790030188,0.0686663206161388,0.6803434057818571,0.24121326208114624,2.5343312055975984,1
53,9,0.3333333333333333,0.42501268061823727,0.0474636769498775,0.21899846814782484,0.1109914898334131,0.0,0.0203125,1.469069910725523,0.0785539864449943,0.7656130254470623,0.2716735005378723,2.7926333296815633,1
53,10,0.37037037037037035,0.47177835549933533,0.04676567488109805,0.22960079212898873,0.1149837756000046,0.0,0.018437500000000002,1.526038685883778,0.08866199418534784,0.8508331872774316,0.3022042214870453,3.0601334483867833,1
53,11,0.4074074074074074,0.5176055394245499,0.045827183925214544,0.2403956421667515,0.11898466877912728,0.0,0.016220833333333334,1.5834332450524478,0.09895887646295079,0.9359391646130116,0.33279556035995483,3.335932183085119,1
53,12,0.4444444444444444,0.5622594937231288,0.04465395429857887,0.2513461773357506,0.12297931430667565,0.0,0.014879166666666667,1.6410651108929593,0.1094095451491652,1.0208527908132536,0.3634337782859802,3.6188598773145086,1
53,13,0.48148148148148145,0.6055167946661735,0.04325730094304476,0.2624121662177949,0.12695232702106352,0.0,0.0137625,1.6987319667796288,0.11997560278285657,1.1054824557357754,0.3941010534763336,3.907454644746031,1
53,14,0.5185185185185185,0.6471714546646914,0.041654659998517925,0.2735504352635792,0.1308879016739362,0.0,0.012641666666666667,1.756226109636213,0.13061577830563767,1.189723306265727,0.4247753322124481,4.199944494887059,1
53,15,0.5555555555555556,0.687039374049997,0.03986791938530558,0.28471568547572657,0.13477019490631562,0.0,0.0111,1.8133395493449773,0.14128670040303584,1.2734580291208302,0.45543020963668823,4.494249120356124,1
53,16,0.5925925925925926,0.7249611234364628,0.03792174938646583,0.29586103423963894,0.13858348034353143,0.0,0.010191666666666667,1.8698568883487876,0.15194341921041357,1.3565575798991218,0.48603537678718567,4.78798643476122,1
53,17,0.6296296296296297,0.7608092706100971,0.03584814717363418,0.30693895849068376,0.14231256336839213,0.0,0.009608333333333333,1.9255723944612415,0.16254031095617297,1.4388827085001032,0.5165562033653259,5.07851102829468,1
53,18,0.6666666666666666,0.7944874530742929,0.03367818246419586,0.3179020278313485,0.14594288099449243,0.0,0.009095833333333334,1.9802806557336416,0.17303178775832834,1.5202856687832969,0.5469547510147095,5.362964251432419,1
53,19,0.7037037037037037,0.8259339951214052,0.031446542047112266,0.3287039461081414,0.1494609815134345,0.0,0.008579166666666667,2.0337913563702834,0.18337329439517475,1.6006123052042596,0.5771898031234741,5.638365283357287,1
53,20,0.7407407407407407,0.8551207948876496,0.029186799766244432,0.33930038368266785,0.15285463750074796,0.0,0.008158333333333333,2.085920870530525,0.19352211625589213,1.6797044916231507,0.6072174906730652,5.9017155570091395,1
53,21,0.7777777777777778,0.8820517476808775,0.026930952793227877,0.34964966407050785,0.1561130533262627,0.0,0.0072833333333333335,2.136502686469523,0.20343804598145135,1.7574028535711899,0.6369917988777161,6.1501252596011335,1
53,22,0.8148148148148148,0.9067636734348259,0.024711925753948427,0.35971376810477984,0.15922711569333958,0.0,0.006658333333333334,2.1853900800294377,0.2130843495045349,1.833549695599216,0.6664650440216064,6.380962163165676,1
53,23,0.8518518518518519,0.9293191753113904,0.022555501876564556,0.3694586628030608,0.16218947049826116,0.0,0.006483333333333334,2.2324582653370513,0.22242809539570527,1.9079918078240794,0.695589005947113,6.59198157756479,1
53,24,0.8888888888888888,0.9498051557738247,0.020485980462434255,0.37885485982129113,0.1649943194801448,0.0,0.006412500000000001,2.2775984548618684,0.23144068043104427,1.9805833401795738,0.7243154644966125,6.78145226127883,1
53,25,0.9259259259259259,0.9683305906965395,0.018525434922714773,0.3878776420494543,0.16763739727861665,0.0,0.006020833333333334,2.3207207013104223,0.2400980454466487,2.051188984011825,0.7525970935821533,6.948248068727607,1
53,26,0.9629629629629629,0.985017718549725,0.016687127853185477,0.3965073896924503,0.17011641303983235,0.0,0.005879166666666667,2.3617613224280474,0.24838103306902728,2.119686460218282,0.7803881764411926,7.091888797144516,1
53,27,1.0,1.0,0.01498228145027505,0.4047294945825825,0.1724306347166795,0.0,0.005716666666666667,2.4006787674352283,0.25627529352519196,2.1859688171080704,0.8076453804969788,7.212537743149929,1
54,0,0.0,0.0,0.0,0.3028190613392293,0.1464003933284701,0.0009916666666666667,0.0008208333333333334,1.000000019557973,4.701395907128851e-09,0.0,0.0,2.884022575052965,1
54,1,0.037037037037037035,0.1588950555731657,0.1588950555731657,0.32917377674487885,0.15571021103988514,0.001525,0.0006000000000000001,1.0659801448386723,0.0266082282552321,0.10392304505587294,0.030000001192092896,3.550118628652454,1
54,2,0.07407407407407407,0.30562092941346164,0.14672587384029592,0.3568618862560257,0.16500786638420828,0.0024416666666666666,0.00030000000000000003,1.1318058848417447,0.05452610233376747,0.20745545553419698,0.060011301189661026,4.1450671040723766,1
54,3,0.1111111111111111,0.43770441536019167,0.13208348594673008,0.38562668052031,0.17397184636864188,0.004704166666666667,0.00022083333333333335,1.1957786509000896,0.08345344634706271,0.3101726635704225,0.09003303945064545,4.590401789617083,1
54,4,0.14814814814814814,0.5532478667409049,0.11554345138071313,0.4150632159864263,0.18217909368022045,0.011304166666666667,0.00010833333333333334,1.255878036201161,0.11297730300145341,0.41140648914538125,0.12004882097244263,4.8130534973642,1
54,5,0.18518518518518517,0.650937153771031,0.09768928703012618,0.4444573298935469,0.18885845534337958,0.0161375,2.9166666666666666e-05,1.3104195712724633,0.1424820166116406,0.5100790160719738,0.15002301335334778,4.783321020491341,1
54,6,0.2222222222222222,0.7302491353667245,0.07931198159569348,0.47321111432047025,0.194052350109297,0.018933333333333333,2.0833333333333336e-05,1.3596364261038543,0.17132607668828959,0.6049101407242047,0.17989420890808105,4.5317724397563985,1
54,7,0.25925925925925924,0.7916126999171117,0.06136356455038722,0.500612349190871,0.19783165993819957,0.021325,1.6666666666666667e-05,1.4028075918301584,0.198787032179993,0.6944640461636765,0.20956596732139587,4.130602759348104,1
54,8,0.2962962962962963,0.8369911233275651,0.04537842341045341,0.5259517143383128,0.2002063751787666,0.023991666666666668,4.166666666666667e-06,1.4387148738445843,0.22416842365596354,0.7776687987395069,0.23889507353305817,3.658263094110435,1
54,9,0.3333333333333333,0.8686592175620274,0.03166809423446223,0.5487265190049218,0.20143514488499176,0.027333333333333334,4.166666666666667e-06,1.4674084674082029,0.246969439015251,0.8539328008468835,0.26767638325691223,3.169640984246147,1
54,10,0.37037037037037035,0.8890042411394935,0.020345023577466096,0.5685952856581163,0.20187989889070782,0.0300375,0.0,1.4891808069467634,0.2668490169877426,0.9229079078474725,0.29562658071517944,2.698657300172089,1
54,11,0.4074074074074074,0.9009277091874823,0.011923468047988836,0.5852940340779835,0.2018282303664858,0.0359875,0.0,1.5035823510909103,0.2835232848416632,0.9842792399969755,0.3223772346973419,2.268925167031684,1
54,12,0.4444444444444444,0.9070659545592308,0.006138245371748466,0.5986943801404142,0.20144001581600102,0.0398875,0.0,1.5118820156162756,0.29691003942754857,1.0379604473528463,0.3476739525794983,1.8940196874717987,1
54,13,0.48148148148148145,0.908921110262751,0.0018551557035202686,0.6089306489839917,0.20113212563743832,0.04194166666666667,0.0,1.5156363329151463,0.30713028871719533,1.0839547073534552,0.37104353308677673,1.5773926804296856,1
54,14,0.5185185185185185,0.9083974670129088,-0.0005236432498421847,0.6161402558491195,0.2010127952575825,0.04284166666666667,0.0,1.5153594097753698,0.3143195189448727,1.122434180039173,0.3919248580932617,1.3226473167835096,1
54,15,0.5555555555555556,0.9071947021950911,-0.001202764817817653,0.6204990197910922,0.201047929303113,0.042091666666666666,0.0,1.511901750197201,0.318654812756184,1.1536368569022468,0.41132470965385437,1.1305800414902567,1
54,16,0.5925925925925926,0.9068029354615489,-0.0003917667335423013,0.6222390927064751,0.20109556628545547,0.0404375,0.0,1.505710756652778,0.32036383637459237,1.1779791987498411,0.4301452338695526,1.0002210731938952,1
54,17,0.6296296296296297,0.9082811962706526,0.0014782608091037596,0.621650909937294,0.2009668138019099,0.037125000000000005,0.0,1.4970453132630468,0.31974007919555236,1.1960510555080128,0.44702431559562683,0.9292485220971329,1
54,18,0.6666666666666666,0.9123607928258557,0.00407959655520307,0.6190440017081925,0.2004607713715169,0.03474583333333334,0.0,1.4857782217054265,0.3170910045502119,1.2085375435534877,0.46194228529930115,0.9146534068307233,1
54,19,0.7037037037037037,0.9189582883154394,0.006597495489583648,0.6148317082076087,0.1994790585172082,0.03187916666666667,0.0,1.473041254127776,0.31283735455051387,1.216378373160426,0.4749669134616852,0.9496032377947898,1
54,20,0.7407407407407407,0.9276449102347378,0.008686621919298525,0.6094279748621627,0.19800118205637965,0.029266666666666667,0.0,1.4593011285500483,0.3073941414851314,1.2204909465428266,0.486183762550354,1.0269948053134215,1
54,21,0.7777777777777778,0.9379762416768883,0.010331331442150439,0.6031974726184471,0.19601085614936734,0.02627916666666667,0.0,1.444606981449163,0.3011248913245515,1.2218251316524849,0.49573221802711487,1.1407967465547788,1
54,22,0.8148148148148148,0.9492648560208969,0.011288614344008584,0.5964803535992007,0.19356914619580645,0.0239125,0.0,1.4292209290193838,0.294366061809952,1.2213112719585546,0.5037732720375061,1.2839006796254697,1
54,23,0.8518518518518519,0.9608469284476032,0.011582072426706362,0.5895726834385304,0.19075953986053368,0.021858333333333334,0.0,1.41361144125724,0.2874158708504951,1.2198328752316003,0.5104822516441345,1.4495943522929462,1
54,24,0.8888888888888888,0.972225198736056,0.011378270288452647,0.5827094478661423,0.1876595103584861,0.019987500000000002,0.0,1.3973548952553096,0.28050994341353075,1.2181636173375132,0.5160313248634338,1.6325224910543188,1
54,25,0.9259259259259259,0.9827584781650885,0.010533279429032627,0.5761458481215423,0.18444481549346534,0.018787500000000002,0.0,1.3808207898657132,0.27390388825026973,1.2170878637082887,0.520635724067688,1.8243888963436703,1
54,26,0.9629629629629629,0.9920710306848919,0.009312552519803303,0.5700874872391999,0.18127661642051135,0.017854166666666667,0.0,1.3650709308587783,0.2678005637692527,1.2172882475645166,0.5250778794288635,2.0177763197320484,1
54,27,1.0,1.0,0.00792896931510816,0.5646785296382185,0.1782760680312678,0.01692916666666667,0.0,1.350296945420646,0.26234528511899535,1.2193065958606957,0.5376650094985962,2.206317553544384,1
55,0,0.0,0.0,0.0,0.04666960725159844,0.03366123625700768,0.0,0.2566875,0.9999999152310141,4.2969522635555935e-09,0.0,0.0,0.36465939400090264,1
55,1,0.037037037037037035,0.0274225675816081,0.0274225675816081,0.050186229638898246,0.035765533626202245,0.0,0.23463333333333333,1.0646856363697568,0.0036514017214836917,0.08485280328469907,0.029999997466802597,0.44344279781865126,1
55,2,0.07407407407407407,0.05625249158744224,0.028829924005834145,0.0539157048710258,0.03796836676102122,0.0,0.21708750000000002,1.1325196254984482,0.007520650802101915,0.16974659191808258,0.06001795828342438,0.5264393778590808,1
55,3,0.1111111111111111,0.0864974746493548,0.030244983061912558,0.05786429060383676,0.04027074845686062,0.0,0.1976291666666667,1.2035421687234773,0.011613942729603473,0.25477400015915913,0.09008949995040894,0.6136766668797016,1
55,4,0.14814814814814814,0.1181417691644476,0.03164429451509279,0.062035864623195304,0.042672325634543366,0.0,0.18027500000000002,1.277750252016324,0.01593500943151238,0.3399907149560558,0.120236836373806,0.7051093386078424,1
55,5,0.18518518518518517,0.15115713214926194,0.03301536298481435,0.06643278516992032,0.045171943218296554,0.0,0.16602916666666667,1.3551165289279135,0.020486016207524032,0.42544277691763127,0.15047989785671234,0.8006355628001725,1
55,6,0.2222222222222222,0.18549888833905412,0.03434175618979216,0.07105581165406555,0.04776765269886065,0.0,0.1504625,1.435594733921058,0.02526748677993439,0.5111692519655217,0.18083664774894714,0.9000921697979845,1
55,7,0.25925925925925924,0.22110798422295594,0.03560909588390183,0.07590390466969126,0.05045665399635944,0.0,0.1376,1.519106309816761,0.030278101726336173,0.5972023499489825,0.21132123470306396,1.0032472861375332,1
55,8,0.2962962962962963,0.25790944751760436,0.03680146329464844,0.08097408782945996,0.053235261254135996,0.0,0.12527916666666666,1.6055384091493337,0.03551456070840812,0.6835671838225585,0.24194616079330444,1.10979433235015,1
55,9,0.3333333333333333,0.29581221599754476,0.037902768479940376,0.08626123542610332,0.056098854967988956,0.0,0.11428333333333333,1.6947517120668572,0.04097136967207447,0.7702813154826929,0.27272140979766846,1.2193453598247608,1
55,10,0.37037037037037035,0.3347084528168439,0.038896236819299164,0.09175796551061384,0.059041866128360335,0.0,0.10527500000000001,1.7865742522566286,0.04664073625066667,0.8573543516469478,0.3036542236804962,1.3314271285716917,1
55,11,0.4074074074074074,0.37447594288344427,0.03976749006660038,0.09745452729621333,0.062057766367311605,0.0,0.09471666666666667,1.880814770051838,0.05251245880011508,0.944787576662137,0.3347489833831787,1.4454786493029985,1
55,12,0.4444444444444444,0.41497809285916387,0.04050214997571959,0.10333877597853416,0.06513910178628457,0.0,0.08765416666666667,1.9772323692258864,0.05857390487678802,1.032573569336604,0.3660070598125458,1.5608523672616723,1
55,13,0.48148148148148145,0.4560639311596963,0.04108583830053239,0.10939611139604277,0.06827749906993527,0.0,0.08150833333333334,2.0755729730732653,0.06480995265502522,1.12069595632744,0.3974266052246094,1.6768168557365755,1
55,14,0.5185185185185185,0.49757341421210893,0.04150948305241264,0.11560964638688999,0.07146377730874676,0.0,0.07570416666666667,2.17554620574781,0.07120316832252299,1.2091292447754194,0.4290025532245636,1.7925666060314605,1
55,15,0.5555555555555556,0.5393372552852465,0.04176384107313752,0.1219602322671391,0.07468799738017541,0.0,0.06794166666666666,2.2768423151482837,0.07773383356995506,1.2978387908683986,0.46072643995285034,1.907232808825988,1
55,16,0.5925925925925926,0.5811794920336814,0.04184223674843495,0.1284267282306235,0.07793959328891134,0.0,0.06329583333333334,2.3791335542507444,0.08438022447141962,1.386780715901828,0.4925863742828369,2.01990118895095,1
55,17,0.6296296296296297,0.6229226215856158,0.04174312955193448,0.1349862207146158,0.0812075101662849,0.0,0.058987500000000005,2.4820632562066938,0.09111883842726173,1.4759021476313035,0.5245670080184937,2.1296328178600703,1
55,18,0.6666666666666666,0.6643894834084454,0.04146686182282954,0.1416144438407384,0.08448038756736756,0.0,0.05740416666666667,2.585268141157751,0.09792482409088601,1.5651415460443732,0.5566496849060059,2.2354906881382455,1
55,19,0.7037037037037037,0.7054061691919032,0.041016685783457796,0.1482860284772427,0.08774667554839692,0.0,0.0542875,2.6883797869785964,0.10477223641827328,1.6544291541640659,0.5888124704360962,2.3365650569503096,1
55,20,0.7407407407407407,0.7458064732575748,0.04040030406567161,0.15497494448868693,0.09099482196842612,0.0,0.0516625,2.791035357020051,0.11163448750898695,1.7436876692860666,0.6210302710533142,2.432003426999863,1
55,21,0.7777777777777778,0.7854331763308736,0.039626703073298755,0.16165503476545823,0.0942135157500243,0.0,0.04396666666666667,2.8928771918135006,0.11848489070154351,1.8328328827831062,0.6532750129699707,2.521040477681902,1
55,22,0.8148148148148148,0.8241425815353536,0.03870940520448005,0.1683004324308199,0.09739182102001276,0.0,0.043475,2.993535952209252,0.12529708618410385,1.9217746445494965,0.6855159401893616,2.603022994389775,1
55,23,0.8518518518518519,0.8618050279015002,0.03766244636614649,0.17488589733011342,0.10051933537330367,0.0,0.042475,3.092676221923336,0.13204537897375349,2.0104179547694,0.7177200317382812,2.677431341200702,1
55,24,0.8888888888888888,0.8983083137586635,0.03650328585716342,0.18138739364908918,0.10358638485210545,0.0,0.03945,3.1899926561252587,0.13870532758459903,2.098664033373376,0.749852180480957,2.743896355402992,1
55,25,0.9259259259259259,0.9335564129630843,0.03524809920442083,0.18778230547800911,0.10658409047086446,0.0,0.03905416666666667,3.285193477340374,0.14525395974016478,2.1864115995628706,0.7818757891654968,2.802206651824415,1
55,26,0.9629629629629629,0.9674735829682143,0.033917170005129955,0.19404997055045067,0.10950459404394279,0.0,0.03774583333333333,3.37801709387356,0.15167031330259764,2.2735582373591736,0.8137531280517578,2.85231205126966,1
55,27,1.0,1.0,0.03252641703178568,0.200171756622946,0.11234102652922003,0.0,0.0365125,3.4682345243053843,0.157935511071612,2.3600015067174036,0.8454458117485046,2.89431452546866,1
56,0,0.0,0.0,0.0,0.055670386145046595,0.03891402425805599,0.0,0.20973333333333335,0.9999999226260816,4.763000955184301e-09,0.0,0.0,0.3997590838772389,1
56,1,0.037037037037037035,0.029952503006783905,0.029952503006783905,0.05966987855556036,0.04120500637471671,0.0,0.19139166666666668,1.0613702138705425,0.004074264817302012,0.08485280723596615,0.030000001192092896,0.5148825954536882,1
56,2,0.07407407407407407,0.06126829596266617,0.031315792955882264,0.06389955685872523,0.04359595989191106,0.0,0.17639583333333334,1.12556267964181,0.008380171935415516,0.16973757640394718,0.06001468002796173,0.6351736641817691,1
56,3,0.1111111111111111,0.09393611348637801,0.03266781752371184,0.06836526737419851,0.046087355215999104,0.0,0.16039583333333335,1.1925991607136976,0.012923437433099996,0.25474359104634975,0.09008083492517471,0.7604458761027768,1
56,4,0.14814814814814814,0.12791947720047767,0.03398336371409964,0.07307007499146898,0.04867813582395047,0.0,0.14630416666666668,1.2624617573963506,0.017706954827149297,0.33992178890057445,0.12022016942501068,0.8903592830724474,1
56,5,0.18518518518518517,0.16316581532571078,0.03524633812523313,0.0780152661906481,0.051366373181235984,0.0,0.13467083333333335,1.3351094402658867,0.0227318194372269,0.4253126859199599,0.1504509150981903,1.0244387816171248,1
56,6,0.2222222222222222,0.1996078932056161,0.03644207787990531,0.0832003222112631,0.05414928445527542,0.0,0.12159583333333333,1.4104833140280721,0.027997308504571106,0.5109491691364882,0.18078885972499847,1.162060372861518,1
56,7,0.25925925925925924,0.23716148870404127,0.03755359549842517,0.08862264949740865,0.05702316722456627,0.0,0.11118750000000001,1.4884936982816894,0.033500609894914345,0.5968567483377244,0.21124744415283203,1.302433817339132,1
56,8,0.2962962962962963,0.2757270015453242,0.038565512841282935,0.09427747371069367,0.05998337784368477,0.0,0.10045416666666668,1.569025683325893,0.03923672085320577,0.6830532836378524,0.24183763563632965,1.44458965519663,1
56,9,0.3333333333333333,0.31518873805199027,0.03946173650666607,0.10015767567704172,0.06302432316078621,0.0,0.09152083333333334,1.6519400105807986,0.0451982847012476,0.7695484997029676,0.2725677192211151,1.5873700052043525,1
56,10,0.37037037037037035,0.3554158052226308,0.040227067170640486,0.10625363256107183,0.06613941976273252,0.0,0.08425833333333334,1.737063633074877,0.05137543502188185,0.8563436553104707,0.30344316363334656,1.7294243425702067,1
56,11,0.4074074074074074,0.39626336244093274,0.04084755721830199,0.11255317869546734,0.06932113231781,0.0,0.07559166666666667,1.8241947736379716,0.05775575973812698,0.943431133941355,0.33446642756462097,1.869216420995091,1
56,12,0.4444444444444444,0.4375747672625874,0.04131140482165471,0.11904158574699214,0.07256100207378757,0.0,0.06985000000000001,1.9131059601600753,0.06432428370605534,1.030794107795188,0.36563679575920105,2.0050425151307945,1
56,13,0.48148148148148145,0.47918193304644163,0.04160716578385417,0.1257015361059981,0.07584969772421497,0.0,0.06537916666666667,2.0035516613812843,0.07106344428417377,1.1184063123065644,0.39695021510124207,2.1350629986541136,1
56,14,0.5185185185185185,0.5209105146061926,0.041728581559751045,0.13251333996954845,0.07917712406800125,0.0,0.06042916666666667,2.095249528427843,0.07795331402097104,1.2062319731158313,0.42839932441711426,2.257351464648405,1
56,15,0.5555555555555556,0.5625804446571158,0.0416699300509231,0.13945501325720835,0.08253249750264487,0.0,0.054045833333333335,2.187903052809633,0.0849716795129805,1.2942257535810073,0.4599732458591461,2.3699573186642855,1
56,16,0.5925925925925926,0.6040107618366076,0.04143031717949185,0.14650259287021694,0.08590451127882258,0.0,0.05044166666666667,2.281206063899831,0.09209436124876763,1.3823329231622223,0.4916576147079468,2.470985195883758,1
56,17,0.6296296296296297,0.6450212200443677,0.041010458207760093,0.15363045998991967,0.08928149166430047,0.0,0.047150000000000004,2.37483127927607,0.09929553868417731,1.470489609609135,0.523434579372406,2.5586822745738793,1
56,18,0.6666666666666666,0.6854387258031234,0.04041750575875561,0.16081177656468415,0.09265160421323307,0.0,0.04574583333333333,2.4684494608873084,0.10654818982849312,1.5586233553313493,0.5552828311920166,2.631530836093095,1
56,19,0.7037037037037037,0.7250973382586295,0.03965861245550621,0.16801878716337543,0.09600295665665094,0.0,0.04351666666666667,2.561725825901862,0.11382439534493412,1.6466536216225087,0.5871778130531311,2.6883306403391796,1
56,20,0.7407407407407407,0.7638429183846374,0.03874558012600776,0.17522331291113982,0.0993238280695907,0.0,0.041258333333333334,2.654332156546519,0.12109583253896693,1.7344926495489026,0.6190918684005737,2.7282731937429787,1
56,21,0.7777777777777778,0.8015360794398924,0.03769316105525509,0.1823974343667265,0.10260291436328957,0.0,0.0351375,2.7459437445473007,0.12833446332745047,1.822046574367042,0.650994598865509,2.750988556160234,1
56,22,0.8148148148148148,0.8380533492693775,0.03651726982948504,0.18951375561223974,0.10582943881092903,0.0,0.03486666666666667,2.8362579249863917,0.13551279462421728,1.909216325849824,0.6828529238700867,2.7565651148545562,1
56,23,0.8518518518518519,0.8732901207613109,0.03523677149193345,0.19654593573084372,0.10899335191950066,0.0,0.034,2.9249830678361186,0.14260441109276273,1.9958990804084449,0.7146317362785339,2.745538324307514,1
56,24,0.8888888888888888,0.9071596683614807,0.0338695476001698,0.203469189846201,0.11208543569063907,0.0,0.032787500000000004,3.0118450339015523,0.14958447922119458,2.08198947752476,0.7462942004203796,2.7188448184496146,1
56,25,0.9259259259259259,0.9395963667536068,0.03243669839212611,0.2102605346239506,0.11509748263457587,0.0,0.031054166666666667,3.0965977331512646,0.1564299874067617,2.167381070098233,0.7778021097183228,2.6777617201786335,1
56,26,0.9629629629629629,0.970552293363403,0.03095592660979616,0.21689932524135833,0.11802237605397903,0.0,0.030383333333333335,3.179022699869124,0.16312028430666153,2.251967878430014,0.809116542339325,2.62381996418331,1
56,27,1.0,1.0,0.02944770663659704,0.22336720428989085,0.12085406167761809,0.0,0.029291666666666667,3.2589403493072098,0.16963702600361366,2.3356456955384775,0.8401983976364136,2.5587172597233554,1
57,0,0.0,0.0,0.0,0.14586466004091028,0.05572522251741909,0.0,0.014275000000000001,0.9999999557530339,1.0473369750090772e-08,0.0,0.0,0.6692061572269434,1
57,1,0.037037037037037035,0.060326376462191536,0.060326376462191536,0.1576560312971099,0.05958723875207319,0.0,0.012058333333333334,1.0675113585702685,0.012119296145971426,0.09486832473947855,0.030000001192092896,1.0642172073327032,1
57,2,0.07407407407407407,0.1222385770467395,0.061912200584547966,0.17018833690173488,0.0638303023498173,0.0,0.010175,1.138269375675254,0.024990181102266716,0.18977186269359075,0.06002460792660713,1.4938500403452402,1
57,3,0.1111111111111111,0.18536379422483498,0.06312521717809548,0.18346893950461063,0.06847119965211282,0.0,0.008629166666666667,1.2122137945229432,0.03861927280847643,0.28475691255327107,0.09010051935911179,1.9586714717420808,1
57,4,0.14814814814814814,0.24925591363651733,0.06389211941168237,0.1974955775643422,0.07352032578232046,0.0,0.007329166666666667,1.2892324680753895,0.053003371858342634,0.37983791507104503,0.12024416774511337,2.4575487812622594,1
57,5,0.18518518518518517,0.3134064396280094,0.06415052599149207,0.21225641985212848,0.07898097459914068,0.0,0.006320833333333334,1.3691547089613878,0.06812954417466535,0.47500796133040457,0.15046599507331848,2.9866078194067214,1
57,6,0.2222222222222222,0.3772507686247679,0.06384432899675849,0.2277288964867155,0.08484819730555895,0.0,0.005383333333333334,1.451777369489584,0.08397394445330979,0.5702373563646544,0.18076986074447632,3.5376470375228557,1
57,7,0.25925925925925924,0.44017918515615617,0.06292841653138825,0.24387818569511227,0.09110775840106733,0.0,0.0045875,1.5368398376427004,0.10050030987845773,0.6654702869063779,0.21115164458751678,4.095978066951952,1
57,8,0.2962962962962963,0.5015487037281687,0.06136951857201253,0.2606557224244678,0.09773486844198807,0.0,0.003929166666666667,1.6240252728494189,0.11765845244840861,0.7606208378706166,0.24159757792949677,4.637947862356381,1
57,9,0.3333333333333333,0.5607015365058944,0.059152832777725706,0.2779976761076393,0.1046929819216906,0.0,0.0033666666666666667,1.712948020653907,0.13538273779546467,0.8555684570836485,0.27208220958709717,5.1291055862816535,1
57,10,0.37037037037037035,0.6169889885209785,0.05628745201508408,0.29582368373567236,0.11193256844539409,0.0,0.0029416666666666666,1.8031537400428177,0.15359080979049453,0.9501531385238806,0.3025660812854767,5.5251390012512225,1
57,11,0.4074074074074074,0.6697965159201555,0.05280752739917707,0.31403567073802696,0.11939014661981917,0.0,0.002554166666666667,1.8941306794015798,0.17218240590748934,1.0441705796374294,0.3329930305480957,5.778413774069019,1
57,12,0.4444444444444444,0.7185750575868333,0.04877854166667768,0.33251719572277216,0.12698743039802884,0.0,0.0022583333333333335,1.985303683808051,0.19103870108234633,1.1373677403706894,0.36328721046447754,5.851056518089109,1
57,13,0.48148148148148145,0.7628738469967663,0.04429878940993305,0.35113319756181016,0.13463096432970373,0.0,0.002075,2.076025377929028,0.2100220212875083,1.2294395564183138,0.3933499753475189,5.729665160086711,1
57,14,0.5185185185185185,0.8023717085959714,0.039497861599205084,0.3697308041846363,0.14221271143990902,0.0,0.0018458333333333334,2.165587045151333,0.22897651511902029,1.3200279766971674,0.423064261674881,5.431959198600715,1
57,15,0.5555555555555556,0.8369148037700364,0.03454309517406504,0.3881408807352993,0.14961013055646183,0.0,0.0016291666666666668,2.2532132755959124,0.24772874500014136,1.4087251160285195,0.45322829484939575,5.000167162880771,1
57,16,0.5925925925925926,0.8665544120570987,0.02963960828706236,0.40618106288376554,0.15668706157352114,0.0,0.001425,2.338039413229112,0.2660880513838538,1.4950849035723839,0.4832482933998108,4.486395455371852,1
57,17,0.6296296296296297,0.8915624031184585,0.025007991061359737,0.423663677780032,0.16330179890183488,4.166666666666667e-06,0.0013333333333333335,2.4191700114741255,0.2838546315225404,1.5786480996438659,0.513079822063446,3.939235590401738,1
57,18,0.6666666666666666,0.9123976671440246,0.020835264025566038,0.44040694750616244,0.16932087195017748,1.25e-05,0.0012416666666666667,2.49569053099581,0.3008338574359756,1.6589730189139953,0.5426750183105469,3.39658638818746,1
57,19,0.7037037037037037,0.9296147103972224,0.017217043253197867,0.4562537820867387,0.17464015012373393,0.00012083333333333333,0.0011458333333333333,2.56689865517004,0.31686305580722207,1.7356785865567474,0.5719833374023438,2.883461365095556,1
57,20,0.7407407407407407,0.9438109306864351,0.014196220289212719,0.47107101855571604,0.17917964709149087,0.00038750000000000004,0.0011,2.632119991533164,0.3318081765115203,1.8084519019722942,0.6009525060653687,2.415022683314808,1
57,21,0.7777777777777778,0.9555766418426123,0.01176571115617719,0.48476069867173716,0.18289505158530353,0.0009125,0.0010541666666666668,2.690835988555236,0.3455757535041976,1.877067215677377,0.6295290589332581,1.9985862348717802,1
57,22,0.8148148148148148,0.9654828970316919,0.009906255189079552,0.4972614751234791,0.18577517471908894,0.0016625000000000001,0.0009375000000000001,2.7428760490360635,0.3581121552148155,1.941386791616897,0.6576594710350037,1.6359826218610216,1
57,23,0.8518518518518519,0.9739790882748349,0.008496191243143058,0.508560594483632,0.18785924477728222,0.0027875,0.0009291666666666667,2.788462541364101,0.3694177046815496,2.0013959444712164,0.6852909922599792,1.3249876612860287,1
57,24,0.8888888888888888,0.9814426047777974,0.0074635165029624684,0.5186590365559627,0.18919468644067056,0.004029166666666667,0.0008500000000000001,2.827919418736048,0.3795053532520458,2.0571089851903794,0.712372362613678,1.06241671911849,1
57,25,0.9259259259259259,0.9881438007241199,0.006701195946322553,0.5275959728569088,0.18986357338428542,0.005354166666666667,0.0008500000000000001,2.8617176731096734,0.38842417203961394,2.1086386478431582,0.7388548851013184,0.8434951652470417,1
57,26,0.9629629629629629,0.9942839174627814,0.006140116738661552,0.5354286625550053,0.18995591916569654,0.0067083333333333335,0.0007958333333333334,2.8903883544378046,0.3962382958549534,2.156168305460032,0.764693021774292,0.6634100703310573,1
57,27,1.0,1.0,0.005716082537218504,0.5422114202908888,0.1895581595501746,0.0077625,0.0007958333333333334,2.9145161978464023,0.40300838824046403,2.1998454301770933,0.7898450493812561,0.517764454765441,1
58,0,0.0,0.0,0.0,0.05485119738433051,0.03659862845884136,0.0,0.23517500000000002,0.9999998800654891,4.728918429464102e-09,0.0,0.0,-3.556663385622003,1
58,1,0.037037037037037035,0.030853755331424943,0.030853755331424943,0.06157744228659707,0.04058039606750831,0.0,0.224825,1.111338077960894,0.006761393865452717,0.10392303860348111,0.030000001192092896,-3.4409105206308013,1
58,2,0.07407407407407407,0.0640500452694018,0.03319628993797687,0.06893790099438465,0.04487655452425645,0.0,0.2142541666666667,1.2318930048464807,0.01416101728570777,0.20797160784753785,0.06004072725772858,-3.3127896616060966,1
58,3,0.1111111111111111,0.09957138821238917,0.03552134294298736,0.07696261175964736,0.04949493359529795,0.0,0.20344583333333335,1.361982946402206,0.022229214196451682,0.31223149710258724,0.09014911949634552,-3.1712990380176596,1
58,4,0.14814814814814814,0.13736046569715119,0.037789077484762006,0.08567791449814116,0.054440716258677434,0.0,0.193775,1.5018804049018062,0.030992627980814886,0.41677805875962876,0.12035159021615982,-3.015401083457304,1
58,5,0.18518518518518517,0.17731779151855204,0.03995732582140086,0.09510575779410425,0.05971612371626901,0.0,0.18261666666666668,1.6517828904710354,0.04047349983301247,0.5216774621018007,0.1506739854812622,-2.844022656385155,1
58,6,0.2222222222222222,0.21929916895115,0.041981377432597965,0.10526261317582042,0.06532000113085919,0.0,0.17020416666666668,1.8118055444181533,0.05068857483342937,0.6269849507613382,0.181142657995224,-2.6560621101942345,1
58,7,0.25925925925925924,0.2631116646833878,0.043812495732237805,0.11615833037614363,0.071247298912679,0.0,0.15785833333333335,1.9819886199383923,0.06164794814380326,0.7327427394553515,0.21178101003170013,-2.4503990712096613,1
58,8,0.2962962962962963,0.3085132909702919,0.045401626286904126,0.12779499411902315,0.07748864551956933,0.0,0.14617916666666667,2.1622610877324067,0.07335391414331713,0.8389778585312864,0.24261078238487244,-2.2259059231174563,1
58,9,0.3333333333333333,0.3552118401933698,0.046698549223077895,0.1401657935197547,0.08402996022778185,0.0,0.133075,2.3524393683561406,0.0857998229153105,0.9456998884750787,0.2736510932445526,-1.9814624185611063,1
58,10,0.37037037037037035,0.40287050016292325,0.04765865996955341,0.15325392190567091,0.09085210447068187,0.0,0.12150000000000001,2.5522218248151862,0.09896897159840318,1.052898628420117,0.30491799116134644,-1.7159740992035442,1
58,11,0.4074074074074074,0.45110970822730256,0.048239208064379334,0.16703161495965052,0.09793059421771129,0.0,0.1139,2.761164902560133,0.11283363280069317,1.1605418647660648,0.3364238739013672,-1.4283944847433876,1
58,12,0.4444444444444444,0.49951594504822777,0.0484062368209252,0.18145955656165394,0.10523559812089266,0.0,0.1038375,2.978700648394212,0.12735444785021893,1.2685730465126421,0.36817705631256104,-1.1177472123453427,1
58,13,0.48148148148148145,0.5476503164779086,0.04813437142968087,0.19648619029885012,0.11273182319923847,0.0,0.09460833333333334,3.2041086973339845,0.14247973292487182,1.3769091455462688,0.4001813232898712,-0.783160272002478,1
58,14,0.5185185185185185,0.5950623269420775,0.04741201046416883,0.2120477415620255,0.12037881440678634,0.0,0.08310000000000001,3.4365258757389183,0.15814549252379093,1.4854387213869156,0.43243545293807983,-0.42389663812508793,1
58,15,0.5555555555555556,0.6413016927646671,0.04623936582258961,0.22806836377367923,0.12813130539738288,0.0,0.07847083333333334,3.674943102755357,0.1742755626271647,1.5940203706667941,0.46493276953697205,-0.03939561741796993,1
58,16,0.5925925925925926,0.6859351351002005,0.04463344233553349,0.24446090014036495,0.1359398986449658,0.0,0.07577083333333334,3.918218776416652,0.1907823713596147,1.7024816494257826,0.4976607859134674,0.3706848009735033,1
58,17,0.6296296296296297,0.7285603652150245,0.04262523011482393,0.2611279967229907,0.1437516803035436,0.0,0.07205,4.165085806990071,0.2075680472085524,1.810618803254322,0.530600905418396,0.8064195686099644,1
58,18,0.6666666666666666,0.768821341157745,0.040260975942720524,0.2779639938110332,0.1515117883640107,0.0,0.07178333333333334,4.414226371373045,0.2245263363510849,1.9181971925711887,0.563727855682373,1.2675642231146647,1
58,19,0.7037037037037037,0.806420557854857,0.037599216697112026,0.29485676619027346,0.1591641805493044,0.0,0.06689166666666667,4.664237973877881,0.24154443471453077,2.024953500233685,0.5970098972320557,1.7534959109756159,1
58,20,0.7407407407407407,0.8411312312572731,0.03471067340241603,0.31169035034994813,0.16665304579087703,0.0,0.06676666666666667,4.913654266737429,0.2585056165476705,2.1305984941837193,0.6304086446762085,2.2631550418118316,1
58,21,0.7777777777777778,0.8728023309225852,0.03167109966531209,0.3283477845623438,0.1739243771516235,0.0,0.06560833333333334,5.161031299006947,0.275292088721906,2.234821539333739,0.6638790369033813,2.7949851918404747,1
58,22,0.8148148148148148,0.9013609903570956,0.028558659434510452,0.34471419134422343,0.180927442002231,0.0,0.06394166666666667,5.4049080069423185,0.29178805356225024,2.3372966186777018,0.6973696947097778,3.34687687484376,1
58,23,0.8518518518518519,0.9268145200487218,0.025453529691626137,0.36067960554035516,0.18761623260842739,8.333333333333334e-06,0.0610375,5.643877277656483,0.3078826544459974,2.4376896388402707,0.7308234572410583,3.916103762984095,1
58,24,0.8888888888888888,0.9492398125569708,0.022425292508249064,0.3761418010111798,0.19395011855119287,2.9166666666666666e-05,0.06035833333333333,5.876583131509667,0.32347294876468496,2.53566639071731,0.7641777992248535,4.499278035521614,1
58,25,0.9259259259259259,0.9687784423670533,0.01953862981008253,0.39100881402236143,0.1998953783011569,5.416666666666667e-05,0.06035,6.101843211912644,0.3384663927914019,2.6309014276982867,0.7973660230636597,5.092307019009173,1
58,26,0.9629629629629629,0.9856218859903981,0.016843443623344802,0.40520115321951033,0.20542650430156884,7.083333333333334e-05,0.0551,6.318579005261111,0.35278270844581877,2.723086838363789,0.8303181529045105,5.690373548452435,1
58,27,1.0,1.0,0.01437811400960185,0.4186529775017425,0.2105256689564011,8.75e-05,0.0546875,6.525953737992833,0.3663553630042058,2.811940397628016,0.8629621863365173,6.287941865280516,1
59,0,0.0,0.0,0.0,0.06684370101584185,0.041416617370374706,0.0,0.0865625,0.9999999062754769,6.025543876199259e-09,0.0,0.0,-7.130058496588924,0
59,1,0.037037037037037035,0.032837066575312955,0.032837066575312955,0.0748348089363677,0.045568658666399024,0.0,0.0568,1.104429774576876,0.00790882971066296,0.1039230412919775,0.029999999329447746,-6.949444721302887,0
59,2,0.07407407407407407,0.0680333492814144,0.03519628270610145,0.08355567104779296,0.049998888078382334,0.0,0.03571666666666667,1.2163455699036272,0.016539053126330774,0.2079435197829336,0.060035910457372665,-6.749122183422724,0
59,3,0.1111111111111111,0.10555856940860439,0.03752522012718999,0.09304034379359646,0.05470895352490489,0.0,0.021754166666666668,1.3358496365005674,0.025924330086870923,0.31216531406182835,0.0901385173201561,-6.527214766037835,0
59,4,0.14814814814814814,0.14533703018263303,0.03977846077402863,0.10331721825265675,0.05969701770198896,0.0,0.013516666666666668,1.4629584726632578,0.036092737295922904,0.41666195926647553,0.12033312767744064,-6.281733500015218,0
59,5,0.18518518518518517,0.18724684038752867,0.04190981020489564,0.11440916231130174,0.06495819886951422,0.0,0.008341666666666667,1.5976105043088669,0.04706690636884563,0.5214946291126313,0.15064314007759094,-6.010539739528898,0
59,6,0.2222222222222222,0.23111952617701206,0.04387268578948339,0.12633253590568527,0.07048443188780326,0.0,0.0050416666666666665,1.739662899996041,0.05886305004191624,0.6267119635213069,0.18108966946601868,-5.71133309316483,0
59,7,0.25925925925925924,0.2767360521414909,0.0456165259644788,0.13909596443445782,0.07626426318138109,0.0,0.0030958333333333337,1.888886124204877,0.07148975100449946,0.7323482910672002,0.2116909772157669,-5.381646263525292,1
59,8,0.2962962962962963,0.32382691835520616,0.047090866213715284,0.1526989864027376,0.0822826095324659,0.0,0.0019041666666666669,2.04495462060886,0.08494662367704571,0.8384215118962142,0.24246181547641754,-5.018848033834528,1
59,9,0.3333333333333333,0.37207264561196474,0.0482457272567586,0.16713085589002744,0.08852067438412735,0.0,0.0010583333333333334,2.207444593890863,0.09922312850648887,0.9449308283590978,0.2734127640724182,-4.620151730179348,1
59,10,0.37037037037037035,0.4211070265045462,0.04903438089258143,0.18236931812534096,0.09495582101800097,0.0,0.0007375,2.3758307775809335,0.11429736050656002,1.051854364715293,0.30454957485198975,-4.182642575841177,1
59,11,0.4074074074074074,0.4705226085884784,0.049415582083932194,0.19837966857680095,0.10156170106830512,0.0,0.00042916666666666667,2.549488167008789,0.13013511458029905,1.1591469140776014,0.33587244153022766,-3.703326380514463,1
59,12,0.4444444444444444,0.5198789919130613,0.04935638332458291,0.2151139906517569,0.10830824710076303,0.0,0.00030833333333333337,2.7276887716180274,0.14668912381818455,1.2667374955195259,0.3673752546310425,-3.1792209917993777,1
59,13,0.48148148148148145,0.5687127763538805,0.04883378444081919,0.23251061850040455,0.11516205823355738,0.0,0.0002666666666666667,2.90961326024459,0.1638985335751844,1.3745271452229493,0.39904481172561646,-2.607530547011887,1
59,14,0.5185185185185185,0.6165503718361417,0.047837595482261235,0.25049422687088563,0.12208681185426828,0.0,0.000175,3.094364018804819,0.1816889827704982,1.4823869547934945,0.43086010217666626,-1.98593093956762,1
59,15,0.5555555555555556,0.6629232832602406,0.04637291142409894,0.2689760821993551,0.1290435303082393,0.0,0.00010833333333333334,3.2809629620598177,0.1999728409557597,1.590156455637246,0.4627915620803833,-1.313057804771887,1
59,16,0.5925925925925926,0.7073829587151734,0.04445967545493276,0.2878549552981256,0.13599128435050112,0.0,8.75e-05,3.468372681387572,0.21865010659970902,1.6976425171665437,0.4948004186153412,-0.5893287269647018,1
59,17,0.6296296296296297,0.749516414069119,0.0421334553539455,0.30701856055460924,0.1428879279498394,0.0,7.500000000000001e-05,3.655512423267361,0.23760982794640523,1.80461897399127,0.5268380045890808,0.18171555925018623,1
59,18,0.6666666666666666,0.7889628522932726,0.039446438224153675,0.32634561390208283,0.14969089156270105,0.0,7.500000000000001e-05,3.8412815839627643,0.25673213270545564,1.9108273949332997,0.5588454008102417,0.9912963019383962,1
59,19,0.7037037037037037,0.8254250665015571,0.03646221420828453,0.3457080626710277,0.15635809757854507,0.0,5e-05,4.024576515467359,0.27589042783382595,2.015978899865877,0.5907531976699829,1.8222699305047634,1
59,20,0.7407407407407407,0.8586813039642789,0.033256237462721765,0.36497426143708944,0.1628488481884477,0.0,4.5833333333333334e-05,4.204317967579534,0.29495454147854344,2.1197573033816344,0.6224819421768188,2.6451358174814956,1
59,21,0.7777777777777778,0.8885915256490756,0.029910221684796692,0.3840118268591944,0.16912482909717388,0.0,4.5833333333333334e-05,4.379468491137596,0.31379354311425384,2.221823829513881,0.6539424657821655,3.4143973183620595,1
59,22,0.8148148148148148,0.9151000507556576,0.02650852510658203,0.40269137441073705,0.17515098458067072,0.0,4.5833333333333334e-05,4.549054654546858,0.33227944074222343,2.3218232673308257,0.6850367784500122,4.068826331595034,1
59,23,0.8518518518518519,0.9382332518460793,0.02313320109042174,0.4208896451813832,0.18089645605905347,0.0,2.9166666666666666e-05,4.712198697275202,0.3502902735574268,2.419391332434479,0.7156593799591064,4.541115659429909,1
59,24,0.8888888888888888,0.958094920843495,0.019861668997415635,0.4384925352304266,0.1863350754974156,0.0,2.5e-05,4.8681258238504315,0.3677131121586071,2.514163238527969,0.7456995844841003,4.779223483503074,1
59,25,0.9259259259259259,0.9748541017461693,0.01675918090267433,0.4553980098658706,0.19144599109987812,0.0,2.5e-05,5.016182941744032,0.38444694591184186,2.6057827159079703,0.7750433087348938,4.769693080564533,1
59,26,0.9629629629629629,0.9887345124885121,0.013880410742342737,0.4715180995567952,0.1962139315945296,0.0,2.5e-05,5.15585021996096,0.4004046603971362,2.6939112022950207,0.8035761713981628,4.544316228852274,1
59,27,1.0,1.0,0.011265487511487956,0.4867803241881481,0.2006291507559677,0.0,2.5e-05,5.286735493270928,0.415514447952589,2.778236712461492,0.8311861157417297,4.163891127612793,1
60,0,0.0,0.0,0.0,0.03342986480815161,0.029862511938864935,0.0,0.44653333333333334,0.999999943178803,2.520749371291863e-09,0.0,0.0,-0.2835865035523266,1
60,1,0.037037037037037035,0.02554842655554164,0.02554842655554164,0.03706909748153635,0.03331669394169789,0.0,0.426175,1.0916999488389212,0.0036315215331702753,0.08999999053776307,0.029999999329447746,-0.18795731261841642,1
60,2,0.07407407407407407,0.05323796268199235,0.027689536126450708,0.04107144584201362,0.03713424705700186,0.0,0.40539583333333334,1.192211696212202,0.007622020606561435,0.18010714802105432,0.06004030257463455,-0.08237611714343984,1
60,3,0.1111111111111111,0.08310003751066823,0.029862074828675877,0.04545736173499883,0.04132384116246098,0.0,0.38267083333333335,1.3018723443218678,0.011991328249281247,0.27040466382933187,0.09014824032783508,0.03387673611108255,1
60,4,0.14814814814814814,0.1151368510807614,0.03203681357009317,0.05024552764224632,0.04589243949583008,0.0,0.3619625,1.4210576964448907,0.016757488548372123,0.3609634480234221,0.1203501746058464,0.1615164659989583,1
60,5,0.18518518518518517,0.14931807428055183,0.03418122319979043,0.055452570577791196,0.0508450387110475,0.0,0.34122083333333336,1.5500897795374968,0.0219364781693342,0.4518480445323196,0.15067249536514282,0.30124937350211045,1
60,6,0.2222222222222222,0.1855810059930639,0.036262931712512075,0.0610925288829509,0.056184203573137394,0.0,0.32177083333333334,1.6892446386548845,0.02754168484917674,0.5431156360393926,0.1811409592628479,0.4537610392760829,1
60,7,0.25925925925925924,0.2238244444154598,0.038243438422395894,0.06717615711467749,0.06190951414607328,0.0,0.29946666666666666,1.8386927259863264,0.03358322819648246,0.6348145634443398,0.2117801010608673,0.6196986863563998,1
60,8,0.2962962962962963,0.26390585843722103,0.040081414021761214,0.07371029853032764,0.06801700411114348,0.0,0.2801166666666667,1.9985244171170782,0.0400673454048209,0.7269827843974517,0.24261268973350525,0.7996517070967277,1
60,9,0.3333333333333333,0.30564390197065366,0.04173804353343266,0.08069718093825454,0.07449866883855272,0.0,0.2602,2.1687263622595205,0.046995709897608165,0.8196463050331136,0.27365919947624207,0.9941274448483997,1
60,10,0.37037037037037035,0.34881385672684767,0.043169954756194014,0.08813376032331696,0.08134196042363448,0.0,0.24703750000000002,2.3491949630147078,0.054364789645859536,0.9128176602626948,0.3049373924732208,1.2035225705382322,1
60,11,0.4074074074074074,0.39315156085709124,0.04433770413024358,0.09601113645311656,0.08852937746002858,0.0,0.22742500000000002,2.5396771823098216,0.0621652858502639,1.0064944924842676,0.3364618122577667,1.4280906907667754,1
60,12,0.4444444444444444,0.438357494739942,0.04520593388285074,0.10431408338283994,0.09603829402934484,0.0,0.2175125,2.73979548691188,0.0703816790972623,1.10065795686493,0.36824336647987366,1.6679070712642003,1
60,13,0.48148148148148145,0.48410039533132826,0.04574290059138625,0.11302059931772697,0.10384066416579367,0.0,0.21345,2.9490294013046454,0.07899180348969724,1.1952714804198923,0.40028899908065796,1.9228248663457181,1
60,14,0.5185185185185185,0.530025899175661,0.04592550384433277,0.12210182969442145,0.11190318864416356,0.0,0.20049583333333335,3.1667980202997144,0.0879667773180014,1.2902794974304999,0.4326011538505554,2.192434507394414,1
60,15,0.5555555555555556,0.5757647139799762,0.04573881480431516,0.1315218842690453,0.12018734719876607,0.0,0.17717916666666667,3.3922042006964936,0.09727084008065091,1.385606440742607,0.46517738699913025,2.476011836794462,1
60,16,0.5925925925925926,0.6209422044989859,0.045177490519009676,0.14123827665153343,0.1286499916932619,0.0,0.1769791666666667,3.6242746837004427,0.10686179540350763,1.4811560598052655,0.4980103075504303,2.772477739644951,1
60,17,0.6296296296296297,0.6651919070615444,0.04424970256255851,0.15120223606587818,0.13724372717916072,0.0,0.17563333333333334,3.8619297356899276,0.11669132676077942,1.5768111027486784,0.5310869216918945,3.0803483345086535,1
60,18,0.6666666666666666,0.7081643297274167,0.04297242266587235,0.16135962621995395,0.14591796075515204,0.0,0.175625,4.103991886554338,0.12670591113491747,1.6724334142791666,0.564388632774353,3.3977055159547627,1
60,19,0.7037037037037037,0.7495382667745524,0.041373937047135684,0.17165180768465507,0.15461968106978574,0.0,0.17400416666666668,4.34916845481085,0.13684767451260382,1.7678646811896823,0.597891092300415,3.7221690264747513,1
60,20,0.7407407407407407,0.7890325846233289,0.039494317848776536,0.18201685452236258,0.16329467504331466,0.0,0.17400416666666668,4.59610533909917,0.1470555931205855,1.8629277099320078,0.6315640211105347,4.050894672413805,1
60,21,0.7777777777777778,0.8264135291095829,0.03738094448625392,0.19239102101499733,0.1718887873777754,0.0,0.17393333333333333,4.843489311160076,0.1572669385476135,1.957428557868008,0.6653711795806885,4.380601919853569,1
60,22,0.8148148148148148,0.861498339834711,0.0350848107251282,0.20271034390046158,0.1803492760811921,0.0,0.17365416666666667,5.08989515042957,0.1674188513312379,2.051159557634849,0.6992709040641785,4.707637183312097,1
60,23,0.8518518518518519,0.8941623217202169,0.03266398188550587,0.21291189238473449,0.18862576403240922,0.0,0.17120833333333335,5.333936870961843,0.17744956401966241,2.143902805359416,0.7332161068916321,5.0280652564486745,1
60,24,0.8888888888888888,0.9243353092304373,0.03017298751022036,0.2229355652857639,0.19667180743004764,0.0,0.17120833333333335,5.574301405586403,0.18730017027108764,2.235434063371512,0.76715487241745,5.337825632257467,1
60,25,0.9259259259259259,0.9520030021106233,0.027667692880186022,0.23272545756626536,0.20444577871848674,0.0,0.17120833333333335,5.8097720665977715,0.19691595532110726,2.3255275259777357,0.8010309338569641,5.632911785174131,1
60,26,0.9629629629629629,0.9771986366671418,0.025195634556518458,0.24223080531756716,0.21191146474363767,0.0,0.17116666666666666,6.039210535948537,0.2062473145901219,2.4139606497198716,0.834784746170044,5.909571438213461,1
60,27,1.0,1.0,0.02280136333285823,0.2514071854721047,0.2190387983710988,0.0,0.17093750000000002,6.261633065201367,0.21525092142637134,2.500518965524859,0.868354320526123,6.164527443455735,1
61,0,0.0,0.0,0.0,0.1525213675203193,0.089789555841834,0.0,0.06723333333333334,0.9999999768267558,8.040497131231758e-09,0.0,0.0,0.43894829320530526,1
61,1,0.037037037037037035,0.06260217425272113,0.06260217425272113,0.16441047499860065,0.09584561507504373,0.0,0.059987500000000006,1.0671706109641046,0.012213610069995695,0.09486832356143828,0.029999999329447746,0.8687756708927559,1
61,2,0.07407407407407407,0.12619130107293242,0.06358912682021128,0.17701396773197664,0.10234633950924621,0.0,0.053345833333333335,1.1376922023134215,0.02515302407100357,0.18975168489712538,0.060027506202459335,1.336948938983884,1
61,3,0.1111111111111111,0.19029070034953782,0.0640993992766054,0.19033254506241293,0.10929389605125049,0.0,0.047150000000000004,1.2115100616990018,0.03881820234482875,0.2846836656841105,0.09011159837245941,1.8442027313060017,1
61,4,0.14814814814814814,0.2543492525959451,0.06405855224640726,0.20435499161165666,0.11668019867418097,0.0,0.04186666666666667,1.2885122408497767,0.05319695143257139,0.37965812183376185,0.12027207016944885,2.389264769405864,1
61,5,0.18518518518518517,0.3177591413859626,0.06340988879001752,0.2190576900998513,0.12448531664187194,0.0,0.0372375,1.3685392633961688,0.06826445048704304,0.47463981898034213,0.1505240947008133,2.967562577928657,1
61,6,0.2222222222222222,0.3798702838683289,0.06211114248236629,0.23440259260010038,0.1326750348773401,0.0,0.03289583333333333,1.4513669616713738,0.08398120513376651,0.5695608246195354,0.1808778941631317,3.5692583955620822,1
61,7,0.25925925925925924,0.44001122741343557,0.060140943545106657,0.25033427260275853,0.14119765168574092,0.0,0.0296375,1.5367114894271272,0.10029006324936507,0.6643142245779609,0.2113378494977951,4.17661329057251,1
61,8,0.2962962962962963,0.4975173009449503,0.05750607353151477,0.26677705428665827,0.14998041937990275,0.0,0.026075,1.6242155224163055,0.11711331505539906,0.7587465664891778,0.24190135300159454,4.761204497540907,1
61,9,0.3333333333333333,0.5517652324036336,0.05424793145868333,0.28363146160184616,0.15892536925619546,4.166666666666667e-06,0.023279166666666667,1.7134301477404177,0.13434907255649128,0.8526497335468171,0.27255746722221375,5.282531034709452,1
61,10,0.37037037037037035,0.6022199887781065,0.050454756374472796,0.30077161511916045,0.16790741248585186,4.166666666666667e-06,0.021170833333333333,1.8038371970340046,0.15186858617796228,0.9457534730110911,0.3032855689525604,5.691062547984091,1
61,11,0.4074074074074074,0.6484858743202331,0.046265885542126635,0.3180424218058256,0.17677004478043853,4.166666666666667e-06,0.018745833333333333,1.8947928923195902,0.16951325399698045,1.037720850724503,0.3340536952018738,5.938905009451469,1
61,12,0.4444444444444444,0.6903751346305893,0.04188926031035621,0.33525942217658394,0.1853254186019031,4.166666666666667e-06,0.016904166666666668,1.9855589164080651,0.1870921419377995,1.128152007710815,0.36481669545173645,5.996925442120032,1
61,13,0.48148148148148145,0.7279880736134454,0.037612938982856114,0.35221261094060324,0.19335734783396064,4.166666666666667e-06,0.015762500000000002,2.075238902155164,0.20438132521129707,1.2166053838473134,0.3955145478248596,5.868977207131051,1
61,14,0.5185185185185185,0.7616997269360261,0.03371165332258063,0.36868924739681475,0.20065688285324051,2.5e-05,0.0144375,2.1629479510680367,0.2211517277487903,1.3026567062911347,0.42607051134109497,5.590457439101511,1
61,15,0.5555555555555556,0.7919862227225326,0.03028649578650661,0.384502202826227,0.20706859102573164,0.00010833333333333334,0.013158333333333334,2.2479079612857342,0.2372114539163433,1.3859534871391432,0.4563893675804138,5.2115144895615355,1
61,16,0.5925925925925926,0.8192782684612707,0.027292045738738058,0.3995012740903391,0.21250740897426237,0.0005791666666666667,0.011791666666666667,2.3295369858987387,0.25241985888572593,1.4662303278835398,0.48635628819465637,4.7798270475819695,1
61,17,0.6296296296296297,0.843946089647955,0.024667821186684293,0.4135830034457298,0.21696218170408824,0.0012958333333333333,0.011279166666666667,2.407263698941386,0.2666874037281545,1.5433346831793038,0.5158355832099915,4.331791047284989,1
61,18,0.6666666666666666,0.8663143728594983,0.022368283211543338,0.4266638329716894,0.22046089247108241,0.0020708333333333334,0.010570833333333333,2.4807602388837027,0.27993990812935327,1.6171433898072431,0.5446733236312866,3.892236119588061,1
61,19,0.7037037037037037,0.8866679827611339,0.020353609901635542,0.4387022372108848,0.22308675353108914,0.0028125000000000003,0.010133333333333334,2.5498587915343647,0.29213626502433976,1.687626238246827,0.5727034211158752,3.4760517564360622,1
61,20,0.7407407407407407,0.9052810202736506,0.018613037512516795,0.4496713191419333,0.22492825753003687,0.0032208333333333334,0.0097125,2.6141739046938035,0.30324369314959043,1.7547929094281074,0.5997613072395325,3.0919573572242847,1
61,21,0.7777777777777778,0.9223694305557313,0.01708841028208068,0.45957754034926257,0.22609710799725707,0.0034208333333333335,0.009420833333333333,2.673515001197148,0.3132650531243158,1.8187253306411837,0.6257343888282776,2.742805384745701,1
61,22,0.8148148148148148,0.9381150932891366,0.015745662733405195,0.4684308843390152,0.22668660557489037,0.003829166666666667,0.008408333333333334,2.7276698677622537,0.3222098109751565,1.8795142650759031,0.6532053351402283,2.4291844592328307,1
61,23,0.8518518518518519,0.9526523384274233,0.014537245138286714,0.47626234390977434,0.2267900784855883,0.0040625,0.008408333333333334,2.7763690113818726,0.33011044929172817,1.9372938901254178,0.6801039576530457,2.1494671441576685,1
61,24,0.8888888888888888,0.9660613223532101,0.013408983925786782,0.48311897039664475,0.22650482636961686,0.004704166666666667,0.008241666666666666,2.8197131259458716,0.33701846973064437,1.992215953527606,0.7063760757446289,1.900282203711896,1
61,25,0.9259259259259259,0.9784283521602264,0.012367029807016313,0.489048428070945,0.22591280932547725,0.005766666666666667,0.007912500000000001,2.8577507415674535,0.3429814788328316,2.0444097362693308,0.7319703698158264,1.6787559593536265,1
61,26,0.9629629629629629,0.9897359614060226,0.011307609245796255,0.49414866655527684,0.22513839555762913,0.006900000000000001,0.007383333333333334,2.8910231752715245,0.34809909282426427,2.094104137861258,0.7568391561508179,1.4794424674917206,1
61,27,1.0,1.0,0.010264038593977405,0.49850307849912756,0.2242714259324566,0.008691666666666667,0.007379166666666667,2.9196960761951485,0.35245460051050176,2.1414701772874993,0.7809393405914307,1.298720839043039,1
62,0,0.0,0.0,0.0,0.031229231080064052,0.030392817360423163,0.0,0.45198750000000004,0.9999999160111037,2.539903572243121e-09,0.0,0.0,-3.687604906300791,1
62,1,0.037037037037037035,0.02292280313256432,0.02292280313256432,0.03526448584550371,0.033706008591890456,0.0,0.41278333333333334,1.1181903852934545,0.0037380957763221687,0.10392303215108924,0.029999999329447746,-3.577192374997191,1
62,2,0.07407407407407407,0.04788361220356093,0.02496080907099661,0.039712400904181225,0.0372860842779921,0.0,0.37612500000000004,1.2469829718084138,0.007862490810867167,0.2079401827703629,0.060034189373254776,-3.454788796483532,1
62,3,0.1111111111111111,0.0749435433963364,0.027059931192775475,0.04459938791162769,0.04114266348279201,0.0,0.33969166666666667,1.3868656936331776,0.012398570485577997,0.31218191566959796,0.09013814479112625,-3.3193488119578607,1
62,4,0.14814814814814814,0.10413435454288376,0.02919081114654736,0.049949095383381346,0.045282564090087574,0.0,0.31120000000000003,1.5382472088744301,0.01736924274158082,0.41673351165562866,0.12033771723508835,-3.1698200931265355,1
62,5,0.18518518518518517,0.13546013887488212,0.031325784331998355,0.055783040932298446,0.04970952084117828,0.0,0.2828375,1.7014478056134037,0.022795506927867085,0.5216716305687383,0.15065835416316986,-3.005113014684044,1
62,6,0.2222222222222222,0.16889760731553657,0.033437468440654455,0.062120173324008536,0.05442618056518273,0.0,0.25737916666666666,1.876732257009448,0.028696054521161002,0.627065164735239,0.1811247617006302,-2.8241043706768316,1
62,7,0.25925925925925924,0.20438832545397997,0.0354907181384434,0.06897583729560587,0.05942934694985064,0.0,0.23437083333333333,2.064229625650293,0.035086275546459045,0.7329737436905919,0.2117602676153183,-2.6256474711376647,1
62,8,0.2962962962962963,0.2418395604207927,0.03745123496681271,0.07636150091313075,0.06471739248885287,0.0,0.21055000000000001,2.263997747479872,0.04197801298950217,0.839445989481861,0.2425861805677414,-2.4085860108234254,1
62,9,0.3333333333333333,0.28111948192672365,0.03927992150593099,0.0842833265777948,0.07028067765113162,0.0,0.18647083333333334,2.4759416668621315,0.04937821478450399,0.9465178979697815,0.27362126111984253,-2.171769889091049,1
62,10,0.37037037037037035,0.3220565976790106,0.04093711575228694,0.0927419744156527,0.07610982337751994,0.0,0.17037083333333333,2.699843040599414,0.057288744667378745,1.0542110001377072,0.30488121509552,-1.9140801660405327,1
62,11,0.4074074074074074,0.3644411648405796,0.04238456716156896,0.10173186341558721,0.08219401716296475,0.0,0.15433333333333335,2.935372378205554,0.06570540453278292,1.162530946552186,0.33637818694114685,-1.6344562791709336,1
62,12,0.4444444444444444,0.40802547232188496,0.0435843074813054,0.1112402116214032,0.08851682826745157,0.0,0.14150833333333335,3.1819621684165726,0.07461724998851553,1.2714658315185206,0.36812031269073486,-1.3319333627886287,1
62,13,0.48148148148148145,0.4525269459911489,0.044501473669263915,0.12124657293312202,0.09505787757836713,0.0,0.13384583333333333,3.4389470606370836,0.08400608250175849,1.3809847562583564,0.40011125802993774,-1.005690872238084,1
62,14,0.5185185185185185,0.4976326653438001,0.045105719352651175,0.13172209762061177,0.10178909482269727,0.0,0.12304166666666667,3.705449569068408,0.09384581992870339,1.4910363474228228,0.4323497712612152,-0.6551049788083425,1
62,15,0.5555555555555556,0.543007973403592,0.04537530805979195,0.14263005740252388,0.10868090948498542,0.0,0.109375,3.9803797852078575,0.1041027677648177,1.6015474679734143,0.4648292362689972,-0.2798265984585253,1
62,16,0.5925925925925926,0.5883021225594018,0.04529414915580978,0.15392538313960039,0.11569842842624956,0.0,0.10747083333333333,4.262497162161673,0.11473531659141947,1.7124225003619036,0.49753737449645996,0.12013077157731544,1
62,17,0.6296296296296297,0.6331609776980271,0.044858855138625406,0.16555565884644774,0.12280527206462528,0.0,0.09956666666666668,4.550436154513513,0.12569466644401286,1.8235424270863048,0.5304558277130127,0.5442817242406335,1
62,18,0.6666666666666666,0.677235202667545,0.044074224969517774,0.17746137817059185,0.12996145596728964,0.0,0.09945416666666668,4.842722587844705,0.13692524046417676,1.9347650697183318,0.5635600686073303,0.9915303658585195,1
62,19,0.7037037037037037,0.7201986092469068,0.0429634065793618,0.1895752681560258,0.1371187893266772,0.0,0.0866875,5.137498262808323,0.14836361453864247,2.0459254094660366,0.5968189835548401,1.4600143575452424,1
62,20,0.7407407407407407,0.7617720813793739,0.04157347213246714,0.20182053816398085,0.14421228689741158,0.0,0.0866875,5.432486852523655,0.15993626565953858,2.156839441844085,0.6301950812339783,1.9469712115269964,1
62,21,0.7777777777777778,0.8017405126829137,0.039968431303539734,0.2141155867931449,0.15117310562303857,4.166666666666667e-06,0.08613333333333334,5.725789255458896,0.1715640232812193,2.267312118223707,0.6636443734169006,2.4486665801847103,1
62,22,0.8148148148148148,0.8399227423692458,0.03818222968633213,0.22638270776191094,0.15795065477942866,8.333333333333334e-06,0.07939583333333333,6.016007392638383,0.18317197584716746,2.377141518785774,0.697117030620575,2.960268440556117,1
62,23,0.8518518518518519,0.8761626630508846,0.03623992068163882,0.23855245236623374,0.16451790330076133,1.25e-05,0.07667083333333334,6.301689943757203,0.19469400581775376,2.4861234683788553,0.7305577397346497,3.475716505433672,1
62,24,0.8888888888888888,0.9103434764790558,0.034180813428171156,0.25056002912741826,0.17085573086147243,2.5e-05,0.0766125,6.581482398026785,0.20606867700815137,2.594043139831542,0.7639064192771912,3.987485640529485,1
62,25,0.9259259259259259,0.9423871289600164,0.03204365248096065,0.26234439104495505,0.17694207631941666,4.166666666666667e-05,0.0766125,6.854303655857158,0.21723856691320673,2.7006874111025123,0.7970987558364868,4.486597738714874,1
62,26,0.9629629629629629,0.9722699785521717,0.029882849592155335,0.2738485419701026,0.182761105030379,6.25e-05,0.07434166666666667,7.118899087106491,0.2281484533515649,2.805835623374637,0.8300673365592957,4.962858267220927,1
62,27,1.0,1.0,0.027730021447828268,0.285025303686908,0.18830138175453912,9.166666666666667e-05,0.07337083333333334,7.374541638893188,0.2387532489576267,2.9092937154371485,0.862743079662323,5.405409274386848,1
63,0,0.0,0.0,0.0,0.06704282582835779,0.0451399893185262,0.0,0.15421666666666667,0.9999999299534302,5.201113850085272e-09,0.0,0.0,0.6282272707029737,1
63,1,0.037037037037037035,0.03256737331292328,0.03256737331292328,0.0716546939686615,0.04761116091643864,0.0,0.13924583333333335,1.0584377956555135,0.004572680112152335,0.08485280921159953,0.029999999329447746,0.7178451264515759,1
63,2,0.07407407407407407,0.06644416718538886,0.03387679387246557,0.07651942996296399,0.050180091446642754,0.0,0.12737916666666668,1.1193930235530651,0.009393918267773957,0.16972845432850858,0.0600137859582901,0.8122823450492849,1
63,3,0.1111111111111111,0.10159995963166445,0.03515579244627559,0.08164247130932001,0.052846553794744365,0.0,0.11397083333333334,1.1828735728089292,0.014468958379050795,0.254712394588471,0.09007537364959717,0.9116367307238047,1
63,4,0.14814814814814814,0.13797572835607785,0.03637576872441343,0.08702596739670311,0.05560866804721093,0.0,0.10272500000000001,1.2488535486850005,0.019799795710266337,0.33985049442813303,0.12020476162433624,1.0159368995331794,1
63,5,0.18518518518518517,0.17549605598082577,0.037520327624747905,0.09266994023474145,0.05846359309933835,0.0,0.0935875,1.3172694459764127,0.025386330936654447,0.42517737613122264,0.15041829645633698,1.1251628063804109,1
63,6,0.2222222222222222,0.21406967654871134,0.03857362056788557,0.0985723356227938,0.061407630001149974,0.0,0.0838875,1.3880402472397027,0.03122642226332165,0.5107194026906264,0.1807297170162201,1.239244244471216,1
63,7,0.25925925925925924,0.2535878360149312,0.039518159466219845,0.10472873116620741,0.0644361516081912,0.0,0.075975,1.461068566874405,0.03731560146449742,0.5964949132908478,0.2111501395702362,1.3580526035579794,1
63,8,0.2962962962962963,0.29392556742013,0.04033773140519881,0.11113221817236668,0.0675435842396619,0.0,0.06809583333333334,1.5362316022744038,0.04364695762504707,0.6825139766946895,0.24168796837329865,1.4813953864403828,1
63,9,0.3333333333333333,0.33494351256619287,0.04101794514606288,0.11777321844792502,0.07072340407512241,0.0,0.0613375,1.6133781056482903,0.05021096006099122,0.7687779285972202,0.27234867215156555,1.6090097814136115,1
63,10,0.37037037037037035,0.3764875576810869,0.041544045114894006,0.12463942003178322,0.07396815515859413,0.0,0.056100000000000004,1.6923316210679114,0.05699539708003803,0.8552789561558273,0.30313459038734436,1.7405583820694002,1
63,11,0.4074074074074074,0.4183913837649703,0.04190382608388343,0.1317156216642746,0.07726943497416307,0.0,0.05019166666666667,1.7728807370621178,0.06398522291176423,0.9419997719767532,0.33404478430747986,1.8756235694631833,1
63,12,0.4444444444444444,0.4604793812714605,0.04208799750649018,0.13898396144323918,0.08061805319840483,0.0,0.046225,1.8548035628377482,0.07116278568101828,1.0289132878728502,0.36507490277290344,2.0137098588735434,1
63,13,0.48148148148148145,0.5025681074482676,0.04208872617680712,0.1464237172944013,0.0840039528931895,0.0,0.04324583333333334,1.9378608529742578,0.07850763176175857,1.1159823512820197,0.3962169587612152,2.154239054947892,1
63,14,0.5185185185185185,0.544469565353621,0.04190145790535338,0.1540116792843306,0.08741645275953083,0.0,0.039733333333333336,2.021791058960071,0.08599687407593334,1.203159766052282,0.4274592995643616,2.2965577341962664,1
63,15,0.5555555555555556,0.5859953937105915,0.04152582835697049,0.1617222911486451,0.09084429777050558,0.0,0.03547083333333333,2.1063255183185423,0.09360532957755431,1.2903883864198882,0.45878657698631287,2.439942084963805,1
63,16,0.5925925925925926,0.6269608745938346,0.04096548088324315,0.16952803350775267,0.094275833786446,0.0,0.032966666666666665,2.1911662181217166,0.10130590008779934,1.3776012526582815,0.4901796579360962,2.583608786464927,1
63,17,0.6296296296296297,0.6671867551053831,0.04022588051154842,0.1773997700370822,0.0976991750151039,0.0,0.030966666666666667,2.2760028686485785,0.10906991027317516,1.4647221378535418,0.5216158628463745,2.726728065376806,1
63,18,0.6666666666666666,0.7065054410723404,0.039318685966957354,0.18530730894718456,0.10110242302796274,0.0,0.029775000000000003,2.360533686957834,0.1168676605326557,1.5516661773772529,0.5530688762664795,2.8684423277971174,1
63,19,0.7037037037037037,0.7447604505441436,0.038255009471803283,0.19321972214569152,0.104473754559305,0.0,0.02825,2.4444587595553187,0.12466874258072413,1.638340626365172,0.5845091938972473,3.0078821455134346,1
63,20,0.7407407407407407,0.7818137004957326,0.037053249951588964,0.20110610842845636,0.1078017484682878,0.0,0.026554166666666667,2.5274869449868236,0.13244278406232998,1.72464589907121,0.6159040927886963,3.1441924145836744,1
63,21,0.7777777777777778,0.8175438673193367,0.03573016682360403,0.20893590568780837,0.11107544132004994,0.0,0.02221666666666667,2.609328692709992,0.1401597603055461,1.810476948179861,0.6472182273864746,3.2765504853801914,1
63,22,0.8148148148148148,0.8518513053491141,0.034307438029777475,0.21667966697682314,0.11428457634604047,0.0,0.0221625,2.6897176093888935,0.1477907522400757,1.8957243789317533,0.6784139275550842,3.404192804770629,1
63,23,0.8518518518518519,0.8846556786826224,0.03280437333350821,0.2243093738317087,0.11741971369954396,0.0,0.0214125,2.768402731710181,0.1553082536329121,1.980276238702614,0.7094516754150391,3.526432500396881,1
63,24,0.8888888888888888,0.91590015103514,0.031244472352517583,0.2317990470696089,0.12047252162098883,0.0,0.02121666666666667,2.8451562523126492,0.16268677597324455,2.0640193010832535,0.7402907013893127,3.642679080131739,1
63,25,0.9259259259259259,0.9455471958853444,0.029647044850204512,0.23912490707954379,0.12343563206581305,0.0,0.019254166666666666,2.9197875005708345,0.16990299634268288,2.146840879006568,0.7708895802497864,3.752449750009001,1
63,26,0.9629629629629629,0.9735797805645774,0.02803258467923295,0.24626594680687375,0.1263028459656389,0.0,0.019116666666666667,2.9921230484296975,0.1769363251110041,2.2286304465257425,0.8012067675590515,3.855382135597944,1
63,27,1.0,1.0,0.026420219435422596,0.2532039278102867,0.12906913256695482,0.0,0.018116666666666666,3.0620253483508373,0.18376889462526047,2.309281197707701,0.8312010169029236,3.951235658465988,1
64,0,0.0,0.0,0.0,0.019926975262860334,0.046118757573673216,0.0,0.8427333333333333,0.999999920433137,1.3392276337577239e-09,0.0,0.0,-1.037881336515925,1
64,1,0.037037037037037035,0.018140102804749602,0.018140102804749602,0.022483079209379357,0.05031410265844791,0.0,0.7874208333333333,1.13631474115977,0.0023375793008069095,0.10392302354790113,0.029999999329447746,-0.9968097213077902,1
64,2,0.07407407407407407,0.03798933651779466,0.019849233713045054,0.025312079818287987,0.054771184733642966,0.0,0.7193333333333334,1.2876604606016282,0.004921300290456404,0.2079678593621895,0.06004063040018082,-0.9517891327952945,1
64,3,0.1111111111111111,0.05962613199270418,0.021636795474909522,0.02843319740662637,0.05949178278295728,0.0,0.6388458333333333,1.4550575047559917,0.0077682901337885095,0.31222672660831424,0.09014837443828583,-0.9025740073908182,1
64,4,0.14814814814814814,0.0831156860928668,0.023489554100162624,0.031864876386424774,0.06447455333081034,0.0,0.5649375,1.6394926740246258,0.010894950153899845,0.41678035957486076,0.12035069614648819,-0.8489313965662735,1
64,5,0.18518518518518517,0.1085074316639563,0.025391745571089492,0.035624579257724436,0.06971534605960895,0.0,0.491375,1.8418794904567815,0.014316782476104952,0.5217052934096899,0.150673508644104,-0.7906420279875368,1
64,6,0.2222222222222222,0.1358328967414024,0.027325465077446088,0.03972839722567784,0.07520691600765578,0.0,0.43042083333333336,2.063071929237098,0.01804803530716001,0.6270720466582488,0.18114222586154938,-0.7275047593994781,1
64,7,0.25925925925925924,0.16510395299286687,0.029271056251464495,0.044190462854917345,0.08093863487087113,0.0,0.37024583333333333,2.3037980391391724,0.022101179686989377,0.7329430172015492,0.21178089082241058,-0.6593435185896359,1
64,8,0.2962962962962963,0.19630872875068797,0.031204775757821095,0.04902237044078211,0.08689607422019245,0.0,0.3114791666666667,2.5646574847091443,0.026486381327830412,0.8393704124716852,0.24261170625686646,-0.586014214781132,1
64,9,0.3333333333333333,0.2294092736018484,0.03310054485116043,0.054232551155349855,0.09306079226757617,0.0,0.2682833333333334,2.84604989847938,0.031210942021937162,0.9463941284588681,0.2736550271511078,-0.5074120205657318,1
64,10,0.37037037037037035,0.2643388337429383,0.0349295601410899,0.05982542743955019,0.099408782176698,4.166666666666667e-06,0.24377500000000002,3.1482365574608275,0.036278499681434026,1.0540397343070327,0.30493712425231934,-0.4234799029259637,1
64,11,0.4074074074074074,0.3010063281827163,0.03666749443977795,0.06579714941996596,0.10587830735175807,0.0003541666666666667,0.19474583333333334,3.4706016604769747,0.041684400293369415,1.1623161701218965,0.33648282289505005,-0.3342135208074417,1
64,12,0.4444444444444444,0.3393689410705987,0.03836261288788241,0.07212182393655692,0.11226366624627224,0.0013333333333333335,0.17284583333333334,3.8111925959817365,0.04740229050472974,1.2712199721932937,0.3682997226715088,-0.23964274377700878,1
64,13,0.48148148148148145,0.3794044860112831,0.04003554494068448,0.07876966905083209,0.1183851464673411,0.0023,0.1695,4.169340826689964,0.05340363213139871,1.3807603369580188,0.40039876103401184,-0.13978478351355683,1
64,14,0.5185185185185185,0.42100748031833196,0.041602994307048814,0.0857278073267455,0.1242490812774,0.0033125000000000003,0.15002083333333335,4.5457142815754406,0.0596776949203819,1.4909398122076993,0.4327870011329651,-0.03468862372578396,1
64,15,0.5555555555555556,0.46402398154714686,0.04301650122881491,0.09298498523994474,0.12989835056217486,0.0041333333333333335,0.10846666666666667,4.9396955384667764,0.06621416686220069,1.601757063095099,0.4655095934867859,0.0755404968226987,1
64,16,0.5925925925925926,0.5082146101694651,0.04419062862231827,0.10052816499264251,0.13539275362635106,0.00495,0.09040833333333334,5.350165649389215,0.07300139814653926,1.7131808543199398,0.49855419993400574,0.1906991308359398,1
64,17,0.6296296296296297,0.5533333696619338,0.04511875949246869,0.10833033570444521,0.14072084672786653,0.005966666666666667,0.08634583333333334,5.774774586814915,0.0800158124841892,1.82516648320067,0.5319092869758606,0.3105066865879609,1
64,18,0.6666666666666666,0.5990935884431456,0.04576021878121178,0.11635648409267166,0.14585310917888264,0.006891666666666667,0.08632916666666667,6.211282322775125,0.0872281274436391,1.9376399812441454,0.5655646324157715,0.4345926736289467,1
64,19,0.7037037037037037,0.6452200773643496,0.046126488921204044,0.12457748609867929,0.1508208879012109,0.007725,0.08363333333333334,6.6581647636936765,0.09461246291160351,2.050513451955296,0.5995067954063416,0.5625095685425849,1
64,20,0.7407407407407407,0.691416433969006,0.04619635660465634,0.13295535089174992,0.15562196482265614,0.0088625,0.08359583333333334,7.113680073445919,0.10213215472637546,2.1636830418190525,0.6337167620658875,0.693730904813771,1
64,21,0.7777777777777778,0.737468384386694,0.04605195041768809,0.14144002077229706,0.1602010991805949,0.010466666666666668,0.08350833333333334,7.576119494655269,0.10973717628950641,2.277035553563291,0.6681702136993408,0.8276863944078192,1
64,22,0.8148148148148148,0.7832073898601167,0.04573900547342265,0.14997546389991492,0.1644784260599659,0.0127875,0.07735,8.042010773062234,0.11737532723891006,2.390477143810804,0.7028371691703796,0.9638104908870595,1
64,23,0.8518518518518519,0.8285016943399781,0.04529430447986137,0.15849861176840563,0.16834817143189007,0.015716666666666667,0.0739125,8.508214334105636,0.12499332894063427,2.503911788940344,0.7376821637153625,1.1015314623863324,1
64,24,0.8888888888888888,0.8731646596412344,0.04466296530125622,0.16696498474376748,0.17179314713581287,0.017345833333333335,0.07384583333333333,8.974955966083844,0.13255977560862667,2.617276021199004,0.7726680040359497,1.2403119835710372,1
64,25,0.9259259259259259,0.9168179493387286,0.04365328969749434,0.17537039886951097,0.17498991937063027,0.018583333333333334,0.07384583333333333,9.441195090062642,0.14007044080993963,2.7304873388981252,0.8077570796012878,1.3795610447390123,1
64,26,0.9629629629629629,0.9591604901558575,0.042342540817128835,0.18369080796979617,0.1780205151288399,0.019933333333333334,0.07357083333333334,9.902854311993808,0.14750279600398175,2.843391405769184,0.8428954482078552,1.5185730393445107,1
64,27,1.0,1.0,0.040839509844142516,0.191891156798154,0.1809041021128755,0.0210375,0.07357083333333334,10.357739685459753,0.1548251623090913,2.9558159418723338,0.8780308365821838,1.6566300703854857,1
65,0,0.0,0.0,0.0,0.07202765406144311,0.06741672753983308,0.0,0.30946250000000003,0.9999999368049486,6.193868790028824e-09,0.0,0.0,-3.444545613195624,1
65,1,0.037037037037037035,0.039366537374461434,0.039366537374461434,0.08012058933492526,0.07395430780085645,0.0,0.2677333333333333,1.0985624421837874,0.008125324189875716,0.10392303914118053,0.030000001192092896,-3.2911689026086988,1
65,2,0.07407407407407407,0.08094729334550074,0.04158075597103931,0.08890193022466487,0.08091792652968678,0.0,0.22799583333333334,1.2039665691801342,0.016939935044867325,0.20795050262643108,0.06004002317786217,-3.122714823787395,1
65,3,0.1111111111111111,0.12459785965082779,0.043650566305327036,0.09839636492884035,0.08830591986775298,0.0,0.19216666666666668,1.3163049355375767,0.026468297592307986,0.3121638226275798,0.09014781564474106,-2.938073538178825,1
65,4,0.14814814814814814,0.17011939530966438,0.0455215356588366,0.1086227482296431,0.09611079388394408,0.0,0.1673875,1.435605724575458,0.03672901540072182,0.4166238451696793,0.12034960091114044,-2.736126446742708,1
65,5,0.18518518518518517,0.21726036648132616,0.04714097117166178,0.1195933980386153,0.1043187155480207,0.0,0.14770416666666666,1.5618318116264267,0.04773412616203811,0.52137773038153,0.15067175030708313,-2.515751100022581,1
65,6,0.2222222222222222,0.2657155522603186,0.04845518577899247,0.13131271740332792,0.11290855850506865,0.0,0.13139166666666668,1.6948710919618306,0.059487725969947905,0.6264569044636761,0.18114006519317627,-2.275841942574896,1
65,7,0.25925925925925924,0.3151298972203398,0.04941434496002116,0.14377580025844697,0.1218511154965943,0.0,0.11615416666666667,1.8345246110022384,0.07198457777604216,0.7318741204112166,0.21177919209003448,-2.0153355886969244,1
65,8,0.2962962962962963,0.3651011212021528,0.04997122398181301,0.15696675733513324,0.13110808420969056,0.0,0.10235833333333334,1.980500477131403,0.08520844337398562,0.8376200916248481,0.24261198937892914,-1.7332489498112196,1
65,9,0.3333333333333333,0.415189164260173,0.050088043058020185,0.17085731676064334,0.14063131993529465,0.0,0.0892125,2.132406380847378,0.09913068795697311,0.9436600349185117,0.2736590504646301,-1.4287210210969663,1
65,10,0.37037037037037035,0.46492588016028075,0.04973671590010776,0.18540516743088414,0.15036186644304922,0.0,0.08065416666666667,2.2897471296530796,0.11370863056369708,1.0499298568852633,0.3049381971359253,-1.1010727192656695,1
65,11,0.4074074074074074,0.5138315650363487,0.04890568487606801,0.2005527520074525,0.16022960197675004,0.0,0.06834166666666668,2.4519043691616655,0.12888434422811454,1.156332621607858,0.3364640176296234,-0.7498720185585146,1
65,12,0.4444444444444444,0.5614324181138666,0.04760085307751778,0.2162261101883389,0.17015265410844985,0.0,0.0617375,2.6181439700431857,0.1445835069836486,1.262734949630451,0.3682474195957184,-0.3750174519614209,1
65,13,0.48148148148148145,0.6072807986348573,0.04584838052099071,0.23233432739673626,0.18003792761255455,0.0,0.05834166666666667,2.7876137754982473,0.16071485885469206,1.3689642074660944,0.4002951979637146,0.023172036036990917,1
65,14,0.5185185185185185,0.6509782789840867,0.043697480349229385,0.24876937747603148,0.18978145067078794,0.0,0.04932916666666667,2.9593635738654696,0.1771700526793856,1.4748069524378014,0.4326096475124359,0.4438518400208089,1
65,15,0.5555555555555556,0.6921968336810772,0.04121855469699058,0.2654072866185777,0.1992706821075693,0.0,0.0325625,3.13229871406986,0.1938248268966518,1.5800092327858994,0.4651881158351898,0.8855572089357722,1
65,16,0.5925925925925926,0.7306990341672186,0.03850220048614134,0.28210982923659195,0.20838711621569178,0.0,0.03200833333333333,3.3052375762352786,0.21054070998704022,1.6842797905421667,0.4980226457118988,1.3461004301062953,1
65,17,0.6296296296296297,0.7663512841585504,0.03565224999133178,0.29872817150397313,0.2170110223722007,0.0,0.030220833333333336,3.4769443379485856,0.22716867231747925,1.7872969023717755,0.531099796295166,1.8225033216154003,1
65,18,0.6666666666666666,0.7991296605995727,0.032778376441022335,0.31510742278459014,0.22502691239166187,0.0,0.0302,3.6461501154150326,0.24355368537899277,1.8887193331675038,0.5644002556800842,2.3109450805835436,1
65,19,0.7037037037037037,0.8291135756069838,0.029983915007411176,0.331092689843465,0.23233072328500068,0.0,0.028125,3.81160153825462,0.2595407478278354,1.9882010659154181,0.5978986024856567,2.8067530918130554,1
65,20,0.7407407407407407,0.856475523731609,0.027361948124625075,0.3465347894240118,0.23883409185804533,0.000275,0.028125,3.971937494766507,0.274979841375481,2.0854088553207593,0.6315634846687317,3.304433456320801,1
65,21,0.7777777777777778,0.8814907754562127,0.02501525172460375,0.3612857913802749,0.24444031177667697,0.0017583333333333333,0.028004166666666667,4.124318872179617,0.2897209753032832,2.1800435522230153,0.6653574109077454,3.7978332049885495,1
65,22,0.8148148148148148,0.9045326547222061,0.023041879265993433,0.37520155673300704,0.2490395221098663,0.0034125,0.026141666666666667,4.26532863305809,0.3036203228840042,2.271866733445001,0.699237048625946,4.280469803465939,1
65,23,0.8518518518518519,0.9259294976990992,0.021396842976893062,0.38819369893285055,0.2526275462468489,0.00575,0.025120833333333335,4.395724681994931,0.31658553817831564,2.360731857813484,0.7331534624099731,4.745642404878847,1
65,24,0.8888888888888888,0.94598043578735,0.02005093808825085,0.400192282706591,0.25521093049298643,0.008833333333333334,0.025070833333333334,4.515468108173848,0.3285470421393771,2.4465598148216237,0.7670525908470154,5.186400587912793,1
65,25,0.9259259259259259,0.9649226179254399,0.01894218213808984,0.411157639464837,0.2568327813240789,0.012245833333333334,0.025070833333333334,4.625195834483047,0.3394668802470855,2.5293282338220138,0.8008761405944824,5.5956881137997385,1
65,26,0.9629629629629629,0.9829092138063744,0.017986595880934517,0.4210926931018905,0.2575877618417577,0.015783333333333333,0.024775000000000002,4.72557454334985,0.34935250335348733,2.6091026657157594,0.8345623016357422,5.966589498367192,1
65,27,1.0,1.0,0.01709078619362563,0.4300237832008445,0.2575954261840018,0.019295833333333335,0.024666666666666667,4.817548616637168,0.3582369948567674,2.6859694709256576,0.868046760559082,6.29221469013158,1
66,0,0.0,0.0,0.0,0.042123426587306584,0.046192296737157024,0.00015416666666666668,0.32448750000000004,0.9999999240268456,3.641136249320375e-09,0.0,0.0,-3.212456438072456,1
66,1,0.037037037037037035,0.02599381849372943,0.02599381849372943,0.04739178810323912,0.050228617335567986,0.00019583333333333334,0.2589125,1.1118191977461878,0.005219917605407277,0.10392303752808255,0.029999999329447746,-3.0946403367864477,1
66,2,0.07407407407407407,0.05411604094939605,0.028122222455666625,0.05318045954714765,0.05454099780545832,0.00021250000000000002,0.20524166666666668,1.23296523804867,0.010952420974236965,0.20796618156647403,0.060040462762117386,-2.964323160112981,1
66,3,0.1111111111111111,0.08438961850414307,0.030273577554747026,0.05951790899819633,0.059124237408159176,0.00022500000000000002,0.16191250000000001,1.3637140694519543,0.017225099369018185,0.3122256431938644,0.09014870226383209,-2.820468106171754,1
66,4,0.14814814814814814,0.11681192490844666,0.032422306404303575,0.06643088895353352,0.0639854855604818,0.00023333333333333333,0.13504166666666667,1.5044064626082787,0.024064212194751276,0.41678113493072005,0.12035126239061356,-2.662003777737681,1
66,5,0.18518518518518517,0.15135110261373488,0.034539177705288214,0.07394281862411661,0.06912324666266648,0.00030833333333333337,0.11479166666666667,1.655239038895869,0.03149136760260056,0.5217052960969901,0.15067408978939056,-2.4878204341194676,1
66,6,0.2222222222222222,0.18793715636095903,0.03658605374722417,0.08206717240521273,0.07445368292790962,0.0005875,0.09894583333333334,1.8155433501228466,0.03952040490996895,0.6270618410108607,0.1811419427394867,-2.296763207034779,1
66,7,0.25925925925925924,0.22646560709297472,0.03852845073201567,0.09081387633185721,0.07992335045640363,0.0007541666666666667,0.083775,1.9855365528383342,0.048162670586634586,0.7329039387965707,0.21177780628204346,-2.087634269123841,1
66,8,0.2962962962962963,0.2667921252707321,0.040326518177757356,0.10019468454225647,0.08557128939704374,0.00095,0.07091666666666667,2.1650487960565803,0.05742934634855612,0.839272761678592,0.2426023632287979,-1.8592175284316799,1
66,9,0.3333333333333333,0.3087317315799426,0.04193960630921051,0.11021324921048781,0.09140724762471841,0.0011333333333333334,0.0609625,2.3540962257396623,0.06732382889311735,0.9461949387384008,0.2736462652683258,-1.6102947670796404,1
66,10,0.37037037037037035,0.35205982459393614,0.04332809301399357,0.12086652686800957,0.09744198813172607,0.0012041666666666668,0.0541,2.5525037276822418,0.07784297968977416,1.0536811596754563,0.30493465065956116,-1.3396726621504822,1
66,11,0.4074074074074074,0.396509897078423,0.04445007248448686,0.13214339161736083,0.10367994251863888,0.0013333333333333335,0.0442375,2.7600246433774664,0.08897404718047604,1.161724112529579,0.33647891879081726,-1.046199768233567,1
66,12,0.4444444444444444,0.4417801587076843,0.04527026162926126,0.1440199960729198,0.11008654168408355,0.0014125000000000001,0.03983333333333334,2.976022343455049,0.10069401230183302,1.2702965263077826,0.36829304695129395,-0.7287932817278993,1
66,13,0.48148148148148145,0.4875392453026673,0.045759086594983,0.15646504037005712,0.11664300009829467,0.0014833333333333335,0.0381875,3.1999166649277937,0.11297116122482112,1.3793493691824226,0.4003872573375702,-0.3864781829682844,1
66,14,0.5185185185185185,0.5334290734500332,0.04588982814736594,0.16943647373184215,0.12331824565642888,0.0015375,0.031295833333333335,3.4310107579298537,0.12576476119550126,1.4888105352340706,0.4327676296234131,-0.018426296074800064,1
66,15,0.5555555555555556,0.5790785997659669,0.045649526315933706,0.18288202148375265,0.13007763588972202,0.001575,0.0198125,3.668251944613468,0.13902296260285268,1.5985830386123645,0.46543583273887634,0.3759766305846277,1
66,16,0.5925925925925926,0.6241114141828435,0.04503281441687669,0.19673803024175987,0.13687265820401148,0.0016708333333333334,0.019483333333333335,3.910281527085273,0.15268287930331687,1.70854407549671,0.49838870763778687,0.7970758596699383,1
66,17,0.6296296296296297,0.6681575580720862,0.044046143889242606,0.21093082710026823,0.14364890673080272,0.0017791666666666667,0.01819166666666667,4.155604411604914,0.16667197399975914,1.8185444448383896,0.5316179990768433,1.2448687426817884,1
66,18,0.6666666666666666,0.7108720221755942,0.04271446410350803,0.22538097486322584,0.15036401592280257,0.0018416666666666668,0.018170833333333334,4.403183391014861,0.18091203938900985,1.9284086709828412,0.5651099681854248,1.7189132113765346,1
66,19,0.7037037037037037,0.7519409125828868,0.04106889040729248,0.2400022616996903,0.1569735640857886,0.0018791666666666668,0.017400000000000002,4.651727443536694,0.19531786389446482,2.0379371149203593,0.598845362663269,2.218204747887018,1
66,20,0.7407407407407407,0.7910920128215786,0.039151100238691824,0.25470391969552936,0.16343434038625052,0.0019541666666666666,0.017400000000000002,4.899983386056946,0.20979991773677759,2.1469074845216705,0.6327993273735046,2.741042949914945,1
66,21,0.7777777777777778,0.8281044895621426,0.037012476740564,0.26939033387169875,0.16969455578587786,0.002125,0.017375,5.146238012810564,0.22426362560693977,2.2550779825988574,0.666941225528717,3.284888389186774,1
66,22,0.8148148148148148,0.8628136312855286,0.034709141723386044,0.28396543326579826,0.1757050853904166,0.002275,0.015175000000000001,5.388836769763202,0.23861443285317446,2.3621929142208193,0.701234757900238,3.8462189595815364,1
66,23,0.8518518518518519,0.8951099918974493,0.032296360611920705,0.29833725525575006,0.18142991560781152,0.0024625000000000003,0.015029166666666668,5.626811839919339,0.2527620628202166,2.4679868901915607,0.7356382608413696,4.420340002264426,1
66,24,0.8888888888888888,0.9249429875483801,0.02983299565093079,0.31241856188539446,0.1868391707596405,0.0027,0.015004166666666667,5.85919522028016,0.26662010116999735,2.57219089277532,0.7701049447059631,5.001211726759653,1
66,25,0.9259259259259259,0.9523227806821306,0.02737979313375055,0.32612634870581364,0.19190093584255147,0.0031333333333333335,0.015004166666666667,6.084624825025466,0.2801059063178836,2.6745382102638233,0.804583728313446,5.581350257405036,1
66,26,0.9629629629629629,0.9773093753910828,0.024986594708952176,0.3393867564153541,0.19658790574758084,0.0038625,0.014829166666666668,6.3019566867540195,0.2931466463451623,2.7747820172861157,0.8390195965766907,6.151967165138512,1
66,27,1.0,1.0,0.02269062460891719,0.35213613913975533,0.2008826843877972,0.005216666666666667,0.014812500000000001,6.510023927064843,0.3056802971383389,2.872689904664867,0.8733542561531067,6.703003598911394,1
67,0,0.0,0.0,0.0,0.08441215083509933,0.03985995158831781,0.0,0.056391666666666666,0.9999998981294761,7.475596956080861e-09,0.0,0.0,-5.599021510502689,1
67,1,0.037037037037037035,0.04097863185906136,0.04097863185906136,0.09416321934145143,0.04381424700935491,0.0,0.04649583333333333,1.1031911009704443,0.009709848191490811,0.10392304129197762,0.030000001192092896,-5.426644762453333,1
67,2,0.07407407407407407,0.08447339249593591,0.043494760636874547,0.10476174811048608,0.048030854558917216,0.0,0.03805416666666667,1.2137601826449858,0.020261057521759843,0.207957375559057,0.0600406751036644,-5.235930410687888,1
67,3,0.1111111111111111,0.13035542246262427,0.04588202996668838,0.11623901420472266,0.05250948586685378,0.0,0.030870833333333333,1.3318024556322106,0.03168448029510781,0.3121795373793394,0.09014904499053955,-5.025249052589378,1
67,4,0.14814814814814814,0.1784384779927629,0.048083055530138634,0.1286198573972091,0.05724663169569955,0.0,0.025416666666666667,1.4573388311199935,0.04400457195224137,0.4166505722330858,0.12035162001848221,-4.792866246543187,1
67,5,0.18518518518518517,0.2284775014990313,0.05003902350626839,0.14192162455212487,0.062235351752385315,0.0,0.020620833333333335,1.5903063345957325,0.05723833694605467,0.5214179351793741,0.1506740003824234,-4.536932466484015,1
67,6,0.2222222222222222,0.280166579426591,0.05168907792755972,0.15615289287378528,0.06746498131353536,0.0,0.01695,1.7305640276036065,0.07139406430529327,0.6265134189974441,0.18114031851291656,-4.255476116912455,1
67,7,0.25925925925925924,0.3331390443604138,0.05297246493382277,0.17131163742206768,0.0729206719044391,0.0,0.013537500000000001,1.8778815347443008,0.08646950939983233,0.7319504004854291,0.211772620677948,-3.9464078923724335,1
67,8,0.2962962962962963,0.3869696192791705,0.05383057491875671,0.18738391865611062,0.07858306523255151,0.0,0.010525000000000001,2.031922350952083,0.10245058979829257,0.8377209321003372,0.2425903081893921,-3.6075169153583637,1
67,9,0.3333333333333333,0.44117977818995385,0.05421015891078335,0.20434214226956232,0.08442799486529438,0.0,0.008462500000000001,2.1922464851810637,0.11930965801144744,0.9437925500734036,0.27360957860946655,-3.236480482540218,1
67,10,0.37037037037037035,0.49524724210978704,0.054067463919833185,0.2221438501943926,0.0904266772041063,0.0,0.006870833333333334,2.3583315552761106,0.13700431463373308,1.0501049671400486,0.3048427999019623,-2.8308744870349223,1
67,11,0.4074074074074074,0.5486163429594209,0.0533691008496338,0.2407303645485708,0.09654503829273374,0.0,0.004858333333333333,2.5295281229000754,0.15547604661872094,1.1565666792725589,0.33629801869392395,-2.388192137121596,1
67,12,0.4444444444444444,0.6007142586284936,0.05209791566907275,0.26002616209645174,0.10274410669013738,0.0,0.004179166666666667,2.7050827142254024,0.17464961068252,1.2630515143881635,0.3679782748222351,-1.9058695818138247,1
67,13,0.48148148148148145,0.6509698517775565,0.050255593149062874,0.279938060923605,0.108980033462667,0.0,0.003966666666666667,2.8841323258940887,0.19443222844930264,1.369395425288337,0.3998810648918152,-1.3813424197004842,1
67,14,0.5185185185185185,0.6988332233913951,0.047863371613838614,0.30035568221139963,0.11520455172321187,0.0,0.003129166666666667,3.065725338357038,0.2147140387121019,1.475393743620849,0.43199774622917175,-0.8121095825803746,1
67,15,0.5555555555555556,0.7437987635083368,0.04496554011694174,0.3211518668992821,0.12136568006891214,0.0,0.0019,3.248811671242919,0.23536852052839372,1.5807991746071537,0.46431300044059753,-0.19585031676128573,1
67,16,0.5925925925925926,0.7854270532421176,0.0416282897337808,0.342184323298492,0.12740849411345836,0.0,0.00125,3.4322684607675837,0.25625412294896216,1.6853207880569896,0.49680429697036743,0.4694123920781106,1
67,17,0.6296296296296297,0.8233647757108518,0.03793772246873413,0.3632977486165993,0.133276183297869,0.0,0.0012208333333333333,3.6149068531339883,0.27721637220389417,1.7886248655913362,0.5294414162635803,1.1850594526420064,1
67,18,0.6666666666666666,0.8573624061316165,0.03399763042076477,0.3843269579408693,0.13891184627635486,0.0,0.0011958333333333335,3.79553389855292,0.2980909990728988,1.8903376544993966,0.562186062335968,1.951485388268413,1
67,19,0.7037037037037037,0.8872871539242826,0.02992474779266612,0.4051007713603818,0.1442597594684858,0.0,0.0011083333333333333,3.9729202442914833,0.3187077868823221,1.990050647625064,0.59499192237854,2.767535567825057,1
67,20,0.7407407407407407,0.9131262301460118,0.025839076221729176,0.4254462016521291,0.1492674097992599,0.0,0.0010791666666666666,4.145871694899625,0.3388947513639358,2.0873286318870004,0.6278043389320374,3.6296354427965856,1
67,21,0.7777777777777778,0.9349874346083931,0.021861204462381243,0.4451937535924617,0.1538874441248469,0.0,0.0010791666666666666,4.313239292761792,0.35848341010919155,2.1817207449922873,0.6605607867240906,4.530572933682889,1
67,22,0.8148148148148148,0.953087707093285,0.018100272484891978,0.46418235436543537,0.1580792197989653,8.333333333333334e-06,0.001075,4.473925247504997,0.3773137047988932,2.272773939196189,0.693191409111023,5.457825890536062,1
67,23,0.8518518518518519,0.9677381431024247,0.014650436009139678,0.48226454819799874,0.16181075385059268,1.25e-05,0.001025,4.62693569729519,0.39523923501921304,2.3600482125129933,0.7256198525428772,6.391516636811401,1
67,24,0.8888888888888888,0.9793195136255273,0.011581370523102607,0.49931072522421127,0.16506103363801708,1.6666666666666667e-05,0.0010083333333333333,4.771493547061649,0.4121312078982023,2.443132867542454,0.7577640414237976,7.302417045303434,1
67,25,0.9259259259259259,0.9882596483671232,0.0089401347415959,0.5152129033824518,0.16781929097254167,2.0833333333333336e-05,0.0010083333333333333,4.9069115409223905,0.4278824807402005,2.521661789936269,0.7895378470420837,8.151406125037544,1
67,26,0.9629629629629629,0.9950057646606563,0.006746116293533093,0.5298862798594721,0.17008535493524132,3.7500000000000003e-05,0.0009916666666666667,5.0326514695790605,0.44240906880856495,2.5953269209937027,0.8208527565002441,8.892268602867494,1
67,27,1.0,1.0,0.004994235339343686,0.5432709011725421,0.17186974476699618,4.5833333333333334e-05,0.0009791666666666668,5.14838704537176,0.45565162451663055,2.663888442820145,0.8516196608543396,9.479934045599792,1
68,0,0.0,0.0,0.0,0.09434224216136558,0.07454496479480328,0.0,0.20584583333333334,0.9999999609567033,5.382703643085228e-09,0.0,0.0,-3.706277115880444,1
68,1,0.037037037037037035,0.052570314014954975,0.052570314014954975,0.10219914716864824,0.08048064496716512,0.0,0.18910000000000002,1.0734914191386111,0.007952654670354161,0.08999999674657991,0.030000001192092896,-3.5275902626691913,1
68,2,0.07407407407407407,0.1074796613939418,0.054909347378986825,0.1106808542786274,0.08707688028860013,0.0,0.17175833333333335,1.152659473441525,0.0165315782022656,0.18006205846159024,0.06003351882100105,-3.3331460553525423,1
68,3,0.1111111111111111,0.16444311066215772,0.05696344926821592,0.11980529300105273,0.09432725127008565,0.0,0.15370416666666667,1.2373048907666646,0.02575416216739492,0.2702498680820718,0.09012949466705322,-3.122151034640911,1
68,4,0.14814814814814814,0.2230953135077806,0.058652202845622885,0.129583723509677,0.10221800347771236,0.0,0.13941666666666666,1.3273669075431436,0.03563107204276797,0.36059879177913007,0.12031079828739166,-2.8939528379208195,1
68,5,0.18518518518518517,0.28299617051366804,0.059900857005887424,0.14002059813804887,0.11072884364299715,0.0,0.12607083333333333,1.4228049048016815,0.04616612078507056,0.45112591795893864,0.15059711039066315,-2.6480738552476026,1
68,6,0.2222222222222222,0.3436379590133658,0.0606417884996978,0.15111246868432857,0.11983276374285019,4.166666666666667e-06,0.11490833333333333,1.5235064515969723,0.05735515345952719,0.541828607831575,0.18100453913211823,-2.3842798065039865,1
68,7,0.25925925925925924,0.4044440537323373,0.060806094718971485,0.16284638337443444,0.12949467548428784,4.166666666666667e-06,0.10499583333333334,1.6292441470129886,0.06918453241637326,0.6326813509739787,0.21154509484767914,-2.1026758447585934,1
68,8,0.2962962962962963,0.46478391356213505,0.06033985982979777,0.17519908486091193,0.13967327629837825,4.166666666666667e-06,0.09467083333333334,1.739753499313772,0.08163031310688433,0.7236321201130967,0.24222560226917267,-1.8038167641530336,1
68,9,0.3333333333333333,0.5239828595167204,0.05919894595458532,0.18813527432873373,0.1503184604046257,4.166666666666667e-06,0.08657083333333333,1.8546922054406774,0.09465642364510374,0.8145981160713988,0.27304700016975403,-1.488848560442264,1
68,10,0.37037037037037035,0.5813412651140247,0.057358405597304284,0.2016062455137058,0.1613700266398801,4.166666666666667e-06,0.08032500000000001,1.9735849957486027,0.10821337468020761,0.9054612009884452,0.3040032386779785,-1.1596649735224283,1
68,11,0.4074074074074074,0.6361576762165925,0.05481641110256784,0.21554883719262466,0.17275755795790781,4.166666666666667e-06,0.07411666666666666,2.0958373001998445,0.12223729507195595,0.9960628873701006,0.3350801467895508,-0.8190755901611375,1
68,12,0.4444444444444444,0.6877573224556158,0.05159964623902333,0.22988437383228194,0.18439906658553099,8.333333333333334e-06,0.07196666666666666,2.2207161796759145,0.1366486726767998,1.0861994777224904,0.3662544786930084,-0.4709620620614121,1
68,13,0.48148148148148145,0.7355209028032761,0.04776358034766026,0.24451829362944213,0.19620200071024102,1.6666666666666667e-05,0.070175,2.347386245736668,0.15135214022295485,1.1756174100386947,0.39749252796173096,-0.12039297168075969,1
68,14,0.5185185185185185,0.7789208645321724,0.0433999617288962,0.25934045828355573,0.2080639002326773,2.0833333333333336e-05,0.06543750000000001,2.474945873881706,0.16623706023189072,1.2640100254441964,0.42874881625175476,0.2263522851513251,1
68,15,0.5555555555555556,0.8175530216535127,0.03863215712134042,0.27422548679760034,0.21987187080375248,4.166666666666667e-05,0.0653,2.602323023912805,0.18117721847805854,1.3510159158755188,0.4599647521972656,0.5619352267167912,1
68,16,0.5925925925925926,0.8512024418938092,0.033649420240296476,0.28903164281505817,0.2314967688769955,6.666666666666667e-05,0.06019166666666667,2.728192596346741,0.19602493202136767,1.4362215464372114,0.4910675287246704,0.8783499152551855,1
68,17,0.6296296296296297,0.8798420759533371,0.02863963405952783,0.30361000089740975,0.24280764747363684,0.0001875,0.06005416666666667,2.8513022666892254,0.21062587482748077,1.5191845684966685,0.5219691395759583,1.1676718869719043,1
68,18,0.6666666666666666,0.9035937370636267,0.02375166111028968,0.31780644409200537,0.2536751808790437,0.0002708333333333333,0.059987500000000006,2.9702532088400395,0.22482611226179677,1.5994264510273666,0.55256587266922,1.4227288773270157,1
68,19,0.7037037037037037,0.9227554244354966,0.019161687371869934,0.331473803799292,0.2639875520796957,0.0005416666666666666,0.059862500000000006,3.0839753416291633,0.23847863650811357,1.676472720511818,0.5827383399009705,1.638094035643924,1
68,20,0.7407407407407407,0.9378449128400285,0.015089488404531781,0.344462340720862,0.2736219423979951,0.0014208333333333334,0.0597125,3.19059217874668,0.2514285811935545,1.7498565799202221,0.6123523712158203,1.810784208056555,1
68,21,0.7777777777777778,0.9504030985338365,0.01255818569380814,0.35659241938431113,0.28236301427344257,0.0024458333333333333,0.0597125,3.288645481366476,0.26339882087257316,1.8192377897601402,0.6413970589637756,1.9418225737768218,1
68,22,0.8148148148148148,0.9608167133967688,0.010413614862932243,0.36780637193340154,0.2901984202837413,0.005325,0.05969166666666667,3.3793670407806036,0.2743654789187939,1.8844858875175847,0.6700322031974792,2.0343568152609635,1
68,23,0.8518518518518519,0.9694013935141262,0.008584680117357408,0.37800287158551227,0.29702820247254536,0.023070833333333336,0.059533333333333334,3.4536803994128973,0.28431037137819803,1.945401703092953,0.698211669921875,2.0928192882852237,1
68,24,0.8888888888888888,0.9776259341375139,0.008224540623387665,0.38688521291297856,0.3022975903420023,0.0321875,0.059500000000000004,3.5087680181733174,0.29303019041771833,2.0020288336726857,0.7260019779205322,2.125153849821931,1
68,25,0.9259259259259259,0.9856014567144495,0.007975522576935611,0.3945726303114487,0.30626385953906893,0.0354625,0.05949166666666667,3.5664852962730467,0.30060628287441343,2.054652921599658,0.7536622881889343,2.1373370273114087,1
68,26,0.9629629629629629,0.9930462281670572,0.007444771452607708,0.401292500389891,0.30939768005507423,0.03694166666666667,0.05949166666666667,3.622783205764711,0.3072210661687882,2.1034070464301355,0.7811144590377808,2.1329756850577724,1
68,27,1.0,1.0,0.006953771832942794,0.40714524915812,0.31187847512085504,0.03790416666666667,0.05949166666666667,3.67433881951074,0.31297531829071684,2.1484806341652978,0.8082541823387146,2.1156143829886176,1
69,0,0.0,0.0,0.0,0.0486571744821993,0.032122456971315716,0.0,0.21945,0.9999999143823575,4.672185362627109e-09,0.0,0.0,0.3335519489697951,1
69,1,0.037037037037037035,0.027781364431382263,0.027781364431382263,0.05233806400824215,0.03415881393672005,0.0,0.199525,1.0646520240563462,0.003924878825403802,0.08485280723596599,0.029999999329447746,0.41068842499263347,1
69,2,0.07407407407407407,0.056971349241414754,0.02918998481003249,0.0562416673954914,0.03629136781282971,0.0,0.1831375,1.1324145482952213,0.008081748535475022,0.1697503851749052,0.0600195974111557,0.49229834432722797,1
69,3,0.1111111111111111,0.08757251759694137,0.03060116835552662,0.060374219909390806,0.038520988120905396,0.0,0.16585,1.2033200020965338,0.012476748220240957,0.2547810522070003,0.09009421616792679,0.5784748839499869,1
69,4,0.14814814814814814,0.11956676713212709,0.03199424953518571,0.06473962057103527,0.04084730077097785,0.0,0.15017083333333334,1.2773665182460536,0.01711353962615055,0.33999948026394894,0.1202465146780014,0.66925379795933,1
69,5,0.18518518518518517,0.1529207766780012,0.03335400954587412,0.06934012710842428,0.04326911613488039,0.0,0.137275,1.3545179257283193,0.021994056176012643,0.4254509995633732,0.15049614012241364,0.7646256276587078,1
69,6,0.2222222222222222,0.18758648685624063,0.03466571017823942,0.07417634446684333,0.04578448925769766,0.0,0.12357083333333334,1.4347068786415251,0.02711850250797062,0.5111739293238973,0.18086059391498566,0.8645334183926341,1
69,7,0.25925925925925924,0.22350093988124206,0.03591445302500145,0.07924695817191005,0.04839061416521904,0.0,0.11239583333333333,1.5178523569430216,0.032485079650447654,0.5971997097573065,0.21135520935058594,0.9688644717974846,1
69,8,0.2962962962962963,0.26058387659120597,0.0370829367099639,0.084548593296585,0.051083816441994036,0.0,0.10176666666666667,1.6038485327109144,0.038089846680676824,0.6835525771888893,0.24199306964874268,1.0774448409555095,1
69,9,0.3333333333333333,0.29874045981290803,0.038156583221702074,0.09007568350230456,0.05385952902688829,0.0,0.09224583333333333,1.692546865705354,0.043926590930868405,0.7702491443835592,0.2727847695350647,1.1900339952535806,1
69,10,0.37037037037037035,0.3378588713927832,0.03911841157987517,0.09582021817321318,0.05671222356715274,0.0,0.08422916666666667,1.7837738296549355,0.04998657155445803,0.8572979124993904,0.30373820662498474,1.3063173200260092,1
69,11,0.4074074074074074,0.3778122345720585,0.03995336317927526,0.10177176339260241,0.0596354569471002,0.0,0.07522916666666667,1.8773284306045719,0.056258550469651045,0.9446990251991975,0.3348584771156311,1.425904157411484,1
69,12,0.4444444444444444,0.41845957517431936,0.040647340602260905,0.10791735820083853,0.06262186962711486,0.0,0.06930416666666667,1.9729782781753353,0.0627286895880592,1.0324438279491153,0.3661476969718933,1.5483246799964352,1
69,13,0.48148148148148145,0.45964726338685974,0.04118768821254036,0.11424149616858152,0.06566320923056847,0.0,0.06403333333333333,2.0704631575686774,0.06938053852041486,1.120514590322132,0.39760488271713257,1.6730295237403254,1
69,14,0.5185185185185185,0.501211897323381,0.04156463393652125,0.12072629141862666,0.06875045085360541,0.0,0.059845833333333334,2.1694984854217574,0.07619521742834735,1.2088844545100574,0.4292258620262146,1.7993940038156886,1
69,15,0.5555555555555556,0.5429812642115587,0.04176936688817768,0.12735153036606708,0.07187382663301448,0.0,0.053220833333333335,2.2697719413115016,0.08315147145012937,1.2975172463357778,0.4610031247138977,1.926722269693773,1
69,16,0.5925925925925926,0.584777704549525,0.04179644033796637,0.13409492441936213,0.07502297589542813,0.0,0.04961666666666667,2.370944276741936,0.09022593997773948,1.3863676233718556,0.49292582273483276,2.0542577245582496,1
69,17,0.6296296296296297,0.6264233986374845,0.04164569408795955,0.14093240701527085,0.0781870834090372,0.0,0.04637083333333333,2.472663916267102,0.09739346903917613,1.4753811057048474,0.5249796509742737,2.1811962474758904,1
69,18,0.6666666666666666,0.6677400461818586,0.04131664754437402,0.1478385218470099,0.08135503772376873,0.0,0.044991666666666666,2.5745740895948193,0.10462751646322431,1.5644947280881458,0.5571470260620117,2.3067024121114716,1
69,19,0.7037037037037037,0.708555834905142,0.04081578872328339,0.15478670464937824,0.0845155731895528,0.0,0.042154166666666666,2.6763056784128003,0.11190044411167425,1.653637153868352,0.5894070863723755,2.4299276863834702,1
69,20,0.7407407407407407,0.7487041589624813,0.04014832405733933,0.16174980306335876,0.08765746157632479,0.0,0.040058333333333335,2.777501266398925,0.11918405642289177,1.742729620301949,0.6217358112335205,2.5500329065054235,1
69,21,0.7777777777777778,0.7880310681453149,0.039326909182833575,0.16870052308112768,0.09076969584893263,0.0,0.033987500000000004,2.8778036191762824,0.12645006247422685,1.8316865035321255,0.6541061997413635,2.6662110518330007,1
69,22,0.8148148148148148,0.8263957484751561,0.038364680329841125,0.17561197685289634,0.09384168804239029,0.0,0.03327083333333333,2.9768716355867113,0.13367064093429104,1.920416430565493,0.6864885687828064,2.7777108345819137,1
69,23,0.8518518518518519,0.8636726848756175,0.0372769364004615,0.18245796538361683,0.09686338230806883,0.0,0.032608333333333336,3.0743764683080146,0.14081872963382888,2.008823307155867,0.7188507914543152,2.8838560956294454,1
69,24,0.8888888888888888,0.8997527825579059,0.03608009768228842,0.18921357604320171,0.09982543018498044,0.0,0.030595833333333336,3.170009834890548,0.14786863775575249,2.096807449195564,0.7511586546897888,2.984066195091625,1
69,25,0.9259259259259259,0.9345456898907738,0.034792907332867905,0.19585553735704234,0.10271934697890023,0.0,0.029979166666666668,3.2634950429098297,0.15479641094840157,2.1842669247599145,0.7833762764930725,3.0778714592625924,1
69,26,0.9629629629629629,0.9679789974108811,0.033433307520107244,0.20236247666917007,0.10553755992325946,0.0,0.029008333333333334,3.3545808405004567,0.1615800911251779,2.2710987303216807,0.815466582775116,3.1649215740008216,1
69,27,1.0,1.0,0.032021002589118906,0.20871528615988888,0.10827353226279983,0.0,0.028012500000000003,3.4430485377080826,0.1682000892637414,2.3572002151415408,0.847391664981842,3.244992576274438,1
70,0,0.0,0.0,0.0,0.050051776586480565,0.03436690274662729,0.0,0.18817916666666668,0.9999999159921408,4.0936341974884275e-09,0.0,0.0,-2.918502230593078,1
70,1,0.037037037037037035,0.03125956175815175,0.03125956175815175,0.056304127909536664,0.03794250897995187,0.0,0.1501875,1.1108514393254327,0.00586537642682217,0.10392303914118033,0.029999999329447746,-2.8182765809082353,1
70,2,0.07407407407407407,0.06492178753142396,0.033662225773272214,0.06316321567506293,0.0417789222342055,0.0,0.1195625,1.2306094653037953,0.012299793376198635,0.20796548345079258,0.06004003807902336,-2.7074314137283633,1
70,3,0.1111111111111111,0.10097191802713651,0.03605013049571255,0.07066065920267825,0.04587983548497784,0.0,0.09794583333333334,1.359487667665885,0.019332968820346286,0.31221997063368156,0.09014800935983658,-2.5851406741228526,1
70,4,0.14814814814814814,0.13935215635126472,0.03838023832412821,0.07882460967606182,0.05024630954404701,0.0,0.07515833333333334,1.4976275648009805,0.026991386805313718,0.41676321586005033,0.12035033851861954,-2.4505660134146554,1
70,5,0.18518518518518517,0.17996228814678725,0.040610131795522524,0.0876792424491978,0.05487663309562333,0.0,0.05872916666666667,1.6451186431598703,0.03529781333622458,0.5216621301534882,0.15067271888256073,-2.3028575575345185,1
70,6,0.2222222222222222,0.22265223993351124,0.042689951786724,0.09724374444545843,0.05976601534601832,0.0,0.047087500000000004,1.8019632226708995,0.044270348591279214,0.6269724636286453,0.1811394840478897,-2.141163249249635,1
70,7,0.25925925925925924,0.2672214589697245,0.04456921903621323,0.10753111958494187,0.0649062123981599,0.0,0.03715,1.9680499465578123,0.05392129873215777,0.7327366702284273,0.21177291870117188,-1.9646428339951987,1
70,8,0.2962962962962963,0.31341767297549944,0.04619621400577498,0.11854711474850153,0.07028527308715385,0.0,0.028354166666666666,2.1431707262150725,0.06425616345592296,0.8389816511446931,0.24259260296821594,-1.7724819312342417,1
70,9,0.3333333333333333,0.3609349056899802,0.04751723271448074,0.1302888838234951,0.07588715334666124,0.0,0.021370833333333335,2.3269911123674265,0.0752723781232664,0.9457163755469339,0.2736147940158844,-1.5639140320579852,1
70,10,0.37037037037037035,0.40941756978447835,0.04848266409449817,0.14274394427864687,0.0816916284342222,0.0,0.017729166666666667,2.5190617166704716,0.08695832570079753,1.0529293946354465,0.304851770401001,-1.3382416568570763,1
70,11,0.4074074074074074,0.4584648078309086,0.049047238046430255,0.15588909622492594,0.08767410546926185,0.0,0.014020833333333335,2.718790334218003,0.0992923140070136,1.160586378758802,0.3363111615180969,-1.0948641060761561,1
70,12,0.4444444444444444,0.5076375618789547,0.04917275404804609,0.1696895647309369,0.0938054228508314,0.0,0.010091666666666667,2.925445566999001,0.11224171920547509,1.268627554662974,0.3679952621459961,-0.8333079082949224,1
70,13,0.48148148148148145,0.5564696119186622,0.04883205003970746,0.18409821703219723,0.10005173656066813,0.0,0.009858333333333334,3.138153953632635,0.1257622686290124,1.376965189894257,0.3999003767967224,-0.5532641852086506,1
70,14,0.5185185185185185,0.6044806607995791,0.048011048880916944,0.1990554375053612,0.10637486843508594,8.333333333333334e-06,0.008816666666666667,3.35589723894864,0.1397980182115034,1.4854813231426303,0.4320160746574402,-0.2546236760566378,1
70,15,0.5555555555555556,0.6511901633159145,0.04670950251633538,0.21448907307677828,0.11273326085278092,2.0833333333333336e-05,0.0044875,3.5775387323719556,0.15428122474961437,1.5940257732960676,0.4643245339393616,0.062477265478158905,1
70,16,0.5925925925925926,0.6961333877897488,0.044943224473834316,0.23031513950001184,0.1190832458527082,2.0833333333333336e-05,0.004454166666666667,3.8018887885412562,0.16913295910565843,1.702414599374046,0.49679988622665405,0.3976134871115429,1
70,17,0.6296296296296297,0.7388765474467229,0.04274315965697419,0.24643834773932297,0.12537666472521347,3.3333333333333335e-05,0.0040416666666666665,4.027619330299143,0.18426268072352267,1.8104293134174525,0.5294073224067688,0.7500287015544584,1
70,18,0.6666666666666666,0.7790244901315524,0.04014794268482944,0.26275272747434114,0.13155879494457387,0.00011666666666666667,0.0040416666666666665,4.25323737689521,0.19956841766160022,1.9178155315311851,0.5621032118797302,1.118591431384874,1
70,19,0.7037037037037037,0.8162490386305261,0.037224548498973734,0.2791416557292528,0.1375599077894381,0.0004416666666666667,0.003679166666666667,4.476931395146032,0.21493940978688125,2.024283406690201,0.5948343276977539,1.5017654780799061,1
70,20,0.7407407407407407,0.8503248966818505,0.03407585805132438,0.2954797484745789,0.14329672260360418,0.0010875000000000001,0.003679166666666667,4.696507982014916,0.2302582491173558,2.129511888136795,0.6275376081466675,1.8975957344193288,1
70,21,0.7777777777777778,0.881127664532936,0.030802767851085433,0.3116402836985193,0.14869380806572338,0.0017208333333333333,0.0036750000000000003,4.910640473613545,0.245408735611791,2.233160011836175,0.6601402759552002,2.3037333631240164,1
70,22,0.8148148148148148,0.9086314824146748,0.027503817881738873,0.32750967769083,0.1537339642072387,0.002404166666666667,0.0036750000000000003,5.1187487727166365,0.2602860906093944,2.334874753472884,0.6925609111785889,2.717442561536102,1
70,23,0.8518518518518519,0.9328779616102115,0.024246479195536692,0.3429844599757306,0.15841985904663633,0.0027791666666666668,0.0029458333333333333,5.320095766027131,0.27479259982788357,2.4343002911654996,0.7247097492218018,3.1356281864154925,1
70,24,0.8888888888888888,0.9539600608578969,0.021082099247685365,0.35796900239033846,0.16275362598173004,0.003054166666666667,0.0029333333333333334,5.513940684685237,0.2888373090545382,2.531082741983628,0.7564908266067505,3.554876271371529,1
70,25,0.9259259259259259,0.972026613361228,0.018066552503331074,0.3723760822592405,0.1667357326536288,0.003225,0.0029333333333333334,5.699372241987063,0.302337646268768,2.624872316798993,0.787803053855896,3.971483018841055,1
70,26,0.9629629629629629,0.9872866057434485,0.015259992382220535,0.3861277929282381,0.17036344030703954,0.0035375000000000003,0.0029333333333333334,5.875515108532558,0.31521985425668086,2.715330477379612,0.8185424208641052,4.38154217501813,1
70,27,1.0,1.0,0.012713394256551483,0.39915655724746757,0.17362772599198117,0.0037625000000000002,0.0029083333333333335,6.0415262001868895,0.32742162810469294,2.8021452840433785,0.8486042022705078,4.781105094263455,1
71,0,0.0,0.0,0.0,0.06539097304687562,0.05188727607946662,0.0,0.3207625,0.9999998957889777,6.025760538048215e-09,0.0,0.0,-6.221814170813347,0
71,1,0.037037037037037035,0.03927523026156043,0.03927523026156043,0.07297577414414262,0.05733037292327224,0.0,0.3000541666666667,1.1040240472430622,0.0076947942522043985,0.10392304182967689,0.030000001192092896,-6.0173099935660606,0
71,2,0.07407407407407407,0.08102283917756288,0.04174760891600245,0.0812269090154808,0.06317661343505737,0.0,0.27750833333333336,1.2158819028629868,0.016063177542326352,0.20794855374570181,0.06003716215491295,-5.790347783656699,0
71,3,0.1111111111111111,0.12513948803726788,0.044116648859704996,0.0901713788430168,0.06943316301992399,0.0,0.2541583333333333,1.335772229651161,0.025132208199033307,0.3121634503936138,0.09013966470956802,-5.538689981613635,1
71,4,0.14814814814814814,0.171465493928128,0.04632600589086011,0.09983101508457723,0.07610308638139351,0.0,0.235375,1.463826199854141,0.03492370742569781,0.41663237310890777,0.12033189833164215,-5.259900668454451,1
71,5,0.18518518518518517,0.2197863060030841,0.048320812074956115,0.11022208833853465,0.08318530680356061,0.0,0.2189875,1.600106412284907,0.04545386405436115,0.5214061785556837,0.15063594281673431,-4.951300135702789,1
71,6,0.2222222222222222,0.26983004503507163,0.05004373903198754,0.1213543395985258,0.0906741606132059,0.0,0.2024166666666667,1.744596736024056,0.05673226219558468,0.6265208232541182,0.18107108771800995,-4.609928013256448,1
71,7,0.25925925925925924,0.3212673803947459,0.05143733535967423,0.13322964093109257,0.09855882984570559,0.0,0.18639583333333334,1.897188690880904,0.0687605310767682,0.7319951520788432,0.21165326237678528,-4.232509461607693,1
71,8,0.2962962962962963,0.3737125142286794,0.052445133833933524,0.1458408462639005,0.10682284155090305,0.0,0.17197500000000002,2.0576775838734758,0.08153119233914961,0.8378282956895217,0.24239426851272583,-3.815410491050711,1
71,9,0.3333333333333333,0.4267266260830535,0.0530141118543741,0.15917065316880855,0.1154436868751669,0.0,0.15439583333333334,2.2257482058899463,0.09502651229072363,0.9439969065501159,0.2733033299446106,-3.3545862723810522,1
71,10,0.37037037037037035,0.47982691504084785,0.053100288957794346,0.17319035168185692,0.12439236660213682,0.0,0.13865,2.400966921842892,0.10921724856953241,1.0504523440360143,0.30438241362571716,-2.8455301349578708,1
71,11,0.4074074074074074,0.5324939195471845,0.05266700450633668,0.1878590266819871,0.1336332790252243,0.0,0.12869166666666668,2.5827763470010248,0.12406184648012536,1.157117619609324,0.3356260061264038,-2.283207194996546,1
71,12,0.4444444444444444,0.5841864646157029,0.05169254506851833,0.20312277542540283,0.14312401643021325,0.0,0.12063750000000001,2.770472601798295,0.1395056521333961,1.2638845030980346,0.367022305727005,-1.6619910747957949,1
71,13,0.48148148148148145,0.6343570396128957,0.05017057499719278,0.21891444144348304,0.15281574014020982,0.0,0.10437083333333334,2.9632462141542515,0.1554806668330191,1.3706106341131503,0.39855122566223145,-0.9756440565648088,1
71,14,0.5185185185185185,0.6824701900881753,0.04811315047527964,0.23515345366040244,0.16265319368118555,0.0,0.08521250000000001,3.160149494789182,0.17190536726437924,1.477117130425693,0.43018409609794617,-0.21731085502291236,1
71,15,0.5555555555555556,0.7280207865816652,0.045550596493489956,0.25174634044535765,0.1725753961586832,0.0,0.08342916666666667,3.3600981673942996,0.18868523674356855,1.5831864672440215,0.4618823230266571,0.6203331268930778,1
71,16,0.5925925925925926,0.7705558610779575,0.042535074496292215,0.26858772116074575,0.18251650604610298,0.0,0.07425833333333334,3.5618936626628317,0.2057137710019739,1.6885614566803575,0.49359631538391113,1.544643752663351,1
71,17,0.6296296296296297,0.8096939215032387,0.039138060425281236,0.2855618856346703,0.19240689158267524,0.0,0.0717,3.7642430139295193,0.22287406897484843,1.79294518441716,0.5252652168273926,2.5619177656024075,1
71,18,0.6666666666666666,0.8451403910207641,0.0354464695175254,0.3025449686562637,0.20217453994620407,0.0,0.07105,3.965806697144648,0.24004103015021733,1.8960026641516603,0.5568166375160217,3.674905880954997,1
71,19,0.7037037037037037,0.8767013865256225,0.03156099550485835,0.3194074849695046,0.21174663325361093,0.0,0.06737916666666667,4.165178323161447,0.2570839145783128,1.9973643077191268,0.5881658792495728,4.877405696763562,1
71,20,0.7407407407407407,0.9042919611371404,0.027590574611517954,0.33601767802363114,0.22105142532169025,0.0,0.0662875,4.360933531148787,0.27386971923773074,2.096631676419996,0.619217038154602,6.143267782203571,1
71,21,0.7777777777777778,0.9279380725552775,0.02364611141813712,0.3522448644957848,0.23002007759163295,0.0,0.06602083333333333,4.551686583366436,0.29026655106078836,2.1933852844104913,0.6498634219169617,7.406633055842528,1
71,22,0.8148148148148148,0.9477709240359905,0.019832851480713013,0.3679633957569879,0.23858887052310077,0.0,0.06597083333333334,4.7361110992752575,0.3061476298532345,2.2871947948396927,0.6799885034561157,8.536774221563975,1
71,23,0.8518518518518519,0.964017799231769,0.016246875195778415,0.38305602141665096,0.24670080948691475,0.0,0.06470416666666667,4.912955553717321,0.32139467181217757,2.3776312076039248,0.7094686627388,9.33746064043959,1
71,24,0.8888888888888888,0.9769836088504316,0.012965809618662626,0.3974173015255487,0.25430726830819816,0.0,0.06405000000000001,5.081101812640189,0.33590133527933314,2.4642798774813888,0.738175094127655,9.630065988438767,1
71,25,0.9259259259259259,0.9870328371363157,0.010049228285884206,0.4109563154174036,0.26136929605199855,0.0,0.06348333333333334,5.239604758429029,0.34957595115252255,2.5467540157978377,0.7659775018692017,9.394149231939645,1
71,26,0.9629629629629629,0.9945665674604792,0.007533730324163386,0.42359870185117543,0.26785819443330205,0.0,0.06337916666666667,5.387690907235098,0.36234357998650524,2.6247075152208197,0.7927471995353699,8.786139987276245,1
71,27,1.0,1.0,0.005433432539520829,0.43528746521655254,0.2737555349328288,0.0,0.06337916666666667,5.524753231459447,0.37414683158097584,2.6978457868108277,0.8183606266975403,8.007178032126015,1
72,0,0.0,0.0,0.0,0.03958649147673895,0.04260314661173882,0.0,0.47875,0.999999918729689,3.020262293931511e-09,0.0,0.0,-4.305325314561054,1
72,1,0.037037037037037035,0.030396049874074352,0.030396049874074352,0.04442831374124872,0.04714998386602105,0.0,0.45814583333333336,1.1155810118093143,0.004361945777962036,0.1039230359149845,0.029999999329447746,-4.155344648350951,1
72,2,0.07407407407407407,0.06310274507791004,0.032706695203835685,0.0497312900982144,0.05205016524706762,0.0,0.4259375,1.241461218688604,0.009142082391054525,0.20794464836209253,0.06003803759813309,-3.9891888527976143,1
72,3,0.1111111111111111,0.09811465654095654,0.0350119114630465,0.0555200221435044,0.05731390933999315,0.0,0.41328333333333334,1.3780953536734364,0.014363000598007866,0.3121750462179789,0.09014318883419037,-3.805404625120852,1
72,4,0.14814814814814814,0.13538489683573204,0.0372702402947755,0.061815992918470376,0.06294793999967559,0.0,0.3798916666666667,1.5258877562008057,0.020044502032295956,0.4166918063209238,0.12034100294113159,-3.602477958176186,1
72,5,0.18518518518518517,0.17482462662595522,0.03943972979022318,0.06863776497662478,0.06895596484530923,0.0,0.36112500000000003,1.6851782473409427,0.026203759207407067,0.5215610731676017,0.1506553292274475,-3.3788065931414923,1
72,6,0.2222222222222222,0.21630009335533587,0.041475466729380656,0.07600019452433437,0.0753382061921809,0.0,0.3347625,1.8562254606669393,0.03285459585201849,0.6268377428654877,0.1811078041791916,-3.13270301546512,1
72,7,0.25925925925925924,0.25963147962654903,0.04333138627121317,0.08391367047523746,0.08209102667673797,0.0,0.3123375,2.039189081260018,0.04000678864129328,0.7325636832089295,0.21171727776527405,-2.862397617473418,1
72,8,0.2962962962962963,0.3045879676825527,0.04495648805600366,0.09238322015275906,0.08920645099361232,0.0,0.2826541666666667,2.2341118722874764,0.047665246389885174,0.8387657732134731,0.24249905347824097,-2.566049918135329,1
72,9,0.3333333333333333,0.35089070071779715,0.04630273303524446,0.1014076327289646,0.0966717677434083,0.0,0.26269166666666666,2.440902219037369,0.05582920765714953,0.9454537051957033,0.27346423268318176,-2.241765183619,1
72,10,0.37037037037037035,0.39821245384364623,0.04732175312584906,0.11097855723951422,0.1044691204412211,0.0,0.24794166666666667,2.6593085134304135,0.0644914106005143,1.0526177085883206,0.3046189844608307,-1.8876228262448915,1
72,11,0.4074074074074074,0.44618158250332307,0.04796912865967682,0.12107981339604494,0.1125753213486237,0.0,0.23571666666666669,2.88892181254556,0.07363745565587888,1.1602263909565702,0.33596375584602356,-1.501712572106781,1
72,12,0.4444444444444444,0.4943900838190912,0.04820850131576815,0.13168673718987667,0.12096168075534275,0.0,0.15277916666666666,3.1291473391258706,0.08324520485545639,1.2682243002359708,0.3674924075603485,-1.0821926754729887,1
72,13,0.48148148148148145,0.5424008353529887,0.048010751533897514,0.14276561342110672,0.12959392045438137,0.0,0.15261666666666668,3.379221904022197,0.09328425409019434,1.3765297466460742,0.3991914987564087,-0.6273792960888862,1
72,14,0.5185185185185185,0.5897589467997973,0.04735811144680864,0.15427356669133147,0.1384324072618926,0.0,0.152025,3.6381759074702122,0.10371582590688874,1.4850326112675603,0.4310392439365387,-0.13586677856605256,1
72,15,0.5555555555555556,0.6360057439566424,0.046246797156845106,0.16615848030284208,0.14743236345495123,0.0,0.13725416666666668,3.9048443198290332,0.11449269160491338,1.5935925509438629,0.46300479769706726,0.3932844541216802,1
72,16,0.5925925925925926,0.6806925881753034,0.04468684421866092,0.17835936755694376,0.1565442691935806,0.0,0.13201666666666667,4.177871689851239,0.12555949087991095,1.7020375564005876,0.49504730105400085,0.9602858826786349,1
72,17,0.6296296296296297,0.7233968345392862,0.042704246363982824,0.1908071493218391,0.16571503287988654,0.0,0.13155416666666667,4.455758159440475,0.13685346207349278,1.8101630868098721,0.5271492004394531,1.5642332969614614,1
72,18,0.6666666666666666,0.7637389416619224,0.0403421071226362,0.20342555546622698,0.17488779064063664,0.0,0.13155416666666667,4.7368200975807,0.14830519893322167,1.9177320729765288,0.5592853426933289,2.2025796073912876,1
72,19,0.7037037037037037,0.8013999105190462,0.03766096885712389,0.2161313312206945,0.18399923054386436,0.0,0.13121666666666668,5.019113575014943,0.15983861389292223,2.024476067977847,0.5913528203964233,2.8704346218248826,1
72,20,0.7407407407407407,0.836218596425681,0.03481868590663463,0.22882115391642166,0.19293074625646275,0.0,0.13121666666666668,5.299347983533053,0.17135586132601344,2.1301070062038727,0.6232896447181702,3.560406244065616,1
72,21,0.7777777777777778,0.8681602039751161,0.03194160754943518,0.24138475236882206,0.20154879736953976,0.0,0.13121666666666668,5.575525734107203,0.18275089963156757,2.2343441130913475,0.6550490260124207,4.262585029610195,1
72,22,0.8148148148148148,0.8971517697494986,0.028991565774382468,0.25375069081271995,0.20984231239840076,2.0833333333333336e-05,0.13121666666666668,5.847016744921139,0.1939604588340929,2.3369259372038282,0.686623752117157,4.961623137463183,1
72,23,0.8518518518518519,0.9231612128773934,0.026009443127894837,0.26583384771476326,0.21775858453317382,2.9166666666666666e-05,0.1208,6.109799790654793,0.20491305114837596,2.4375687534211643,0.7180010080337524,5.637013579318962,1
72,24,0.8888888888888888,0.9462925082857077,0.023131295408314226,0.27752835616264315,0.22518741787473184,0.00010416666666666667,0.1208,6.362706788649801,0.2155200001486849,2.535991028936868,0.749152660369873,6.265592198493726,1
72,25,0.9259259259259259,0.9666999731919077,0.020407464906200056,0.288784008192347,0.23213112097294325,0.0003166666666666667,0.1208,6.605268907418863,0.22573786028457626,2.631923408549749,0.7800601124763489,6.819846776073243,1
72,26,0.9629629629629629,0.984535703830053,0.01783573063814529,0.2995648197016959,0.23861141112706108,0.000625,0.1208,6.837179309708046,0.23553233313377975,2.7251313080955573,0.8107112050056458,7.271960388293456,1
72,27,1.0,1.0,0.015464296169947017,0.3098311004057487,0.24462989380634753,0.0012625000000000002,0.1207875,7.0577753680573245,0.24486483167604053,2.815390051433587,0.8410975337028503,7.601151734135355,1
73,0,0.0,0.0,0.0,0.0739653475036446,0.04396372495813954,0.0,0.042120833333333337,0.9999999151854281,6.282266824402743e-09,0.0,0.0,-9.277435731532417,0
73,1,0.037037037037037035,0.03556032606885498,0.03556032606885498,0.0826902948793847,0.04817427893732103,0.0,0.027375,1.100948104148367,0.008443859823814516,0.10392304398047428,0.030000001192092896,-9.03615902022116,0
73,2,0.07407407407407407,0.07356291836676578,0.038002592297910795,0.09219781574994414,0.05264873091678273,0.0,0.017316666666666668,1.208764093837927,0.017647458494103437,0.20794757277588327,0.06003623455762863,-8.767127800959255,0
73,3,0.1111111111111111,0.11395062196735507,0.0403877036005893,0.10252195762612919,0.05738671234728064,0.0,0.009779166666666667,1.3234955389061962,0.027644300206358056,0.31216907258007665,0.09013816714286804,-8.467262290362621,0
73,4,0.14814814814814814,0.15661506388522084,0.04266444191786575,0.11369069825632484,0.06238465214211034,0.0,0.005958333333333334,1.4451105669143751,0.038462066988419974,0.41665747580975254,0.12033047527074814,-8.133150577199359,0
73,5,0.18518518518518517,0.2013975586997697,0.044782494814548865,0.12572589487127822,0.0676361333506749,0.0,0.0036958333333333335,1.5735048259920035,0.05012255151865862,0.521469817903393,0.15063555538654327,-7.760962559933311,0
73,6,0.2222222222222222,0.24808780043190207,0.04669024173213237,0.1386420927198003,0.07313172894730324,0.0,0.0021541666666666666,1.7084969659126308,0.06264049201009653,0.6266495465094699,0.18107308447360992,-7.346386086324202,0
73,7,0.25925925925925924,0.2964197369243264,0.04833193649242431,0.15244510680698228,0.0788588179082602,0.0,0.0011583333333333335,1.849822828035559,0.07602217930615428,0.7322245482076346,0.21165940165519714,-6.884564295488156,0
73,8,0.2962962962962963,0.34607272702756847,0.049652990103242124,0.1671306854296426,0.08480143727303417,0.0,0.0007125,1.9971296640517011,0.09026415006698485,0.8382048080025093,0.24240677058696747,-6.370034163460419,0
73,9,0.3333333333333333,0.3966741065341665,0.05060137950659802,0.18268317470555678,0.09094018380055184,0.0,0.00043333333333333337,2.149974946457326,0.10535186445044625,0.9445798854005951,0.27332261204719543,-5.796688445969023,0
73,10,0.37037037037037035,0.44780130130094875,0.05112719476678224,0.1990742262948333,0.09725218129322596,0.0,0.0002708333333333333,2.307821549388376,0.1212584341920298,1.051316323025445,0.3044087290763855,-5.157801167076297,1
73,11,0.4074074074074074,0.49899158786146086,0.051190286560512124,0.2162618034857066,0.10371116784480992,0.0,0.00015833333333333335,2.4700402510232258,0.13794363143562094,1.1583549398675714,0.3356604278087616,-4.446196390686545,1
73,12,0.4444444444444444,0.549750797477254,0.05075920961579311,0.2341893761236972,0.11028757598027121,0.0,0.00013333333333333334,2.6359133089044158,0.1553530838380057,1.265608180512413,0.36706775426864624,-3.6547517083332686,1
73,13,0.48148148148148145,0.5995654414347658,0.04981464395751175,0.252785305291925,0.11694878216730814,0.0,0.00010833333333333334,2.8046363343990675,0.17341764888960107,1.3729575061482013,0.39861738681793213,-2.7776252599745366,1
73,14,0.5185185185185185,0.647919716648415,0.04835427521364924,0.27196316970032314,0.12365950110556238,0.0,5e-05,2.975329093197467,0.19205371132209548,1.4802510444632242,0.43027573823928833,-1.8129852648525215,1
73,15,0.5555555555555556,0.6943110018906407,0.046391285242225695,0.29162180078837896,0.13038213461908862,0.0,4.5833333333333334e-05,3.1470452878910464,0.2111631951578175,1.5873016921289476,0.4620043635368347,-0.7688845885144637,1
73,16,0.5925925925925926,0.7382684230804876,0.04395742118984683,0.311646647101308,0.13707736280082353,0.0,2.5e-05,3.31878733947955,0.2306348725252067,1.693885707893222,0.49375396966934204,0.3250844043700951,1
73,17,0.6296296296296297,0.7793704877921405,0.04110206471165289,0.33191127347531657,0.14370479750673681,0.0,2.0833333333333336e-05,3.489521830905568,0.2503458099171319,1.7997422871688977,0.5254637002944946,1.3976654925099865,1
73,18,0.6666666666666666,0.8172626191385888,0.03789213134644831,0.3522797352256236,0.15022372260453826,0.0,2.0833333333333336e-05,3.658198852174875,0.2701636756260162,1.904574297240195,0.5570605993270874,2.3128070197172406,1
73,19,0.7037037037037037,0.8516703124734287,0.03440769333484002,0.37260898821493016,0.15659347113844246,2.5e-05,1.6666666666666667e-05,3.8237598044646215,0.289949068413779,2.0080503647218277,0.5884596705436707,2.8768526655965125,1
73,20,0.7407407407407407,0.8824122166240135,0.030741904150584715,0.3927498080601952,0.1627646157618336,0.0003166666666666667,1.6666666666666667e-05,3.9850451904849207,0.30955634042771807,2.1098088799644295,0.6195639371871948,2.930094423911491,1
73,21,0.7777777777777778,0.9094070770075089,0.026994860383495467,0.4125492598895637,0.16867753138186495,0.0005833333333333334,1.6666666666666667e-05,4.140855394208322,0.3288357817114855,2.2094644712666214,0.6502668261528015,2.4766161660177133,1
73,22,0.8148148148148148,0.9326695093863382,0.02326243237882929,0.4318651664399189,0.1743025417601632,0.0008083333333333333,1.6666666666666667e-05,4.290286527300263,0.34764892566835365,2.3066148783266676,0.6804526448249817,1.6799037017734761,1
73,23,0.8518518518518519,0.9523026039402083,0.01963309455387008,0.4505631243405362,0.17961395992251022,0.0014625,1.6666666666666667e-05,4.432337137467328,0.3658611564232871,2.4008502454884875,0.7099985480308533,0.7327168186270185,1
73,24,0.8888888888888888,0.968508440565065,0.0162058366248567,0.4685037366184253,0.1845425314650243,0.0036208333333333335,1.6666666666666667e-05,4.565182621931131,0.38332898927589737,2.49176306287912,0.7387758493423462,-0.2293700713948752,1
73,25,0.9259259259259259,0.9816025159638841,0.013094075398819127,0.4855510691261834,0.18899636474954334,0.0063375,1.6666666666666667e-05,4.687390968030389,0.3999171758758325,2.5789688495704213,0.7666673064231873,-1.1351982251276773,1
73,26,0.9629629629629629,0.9919717956538308,0.0103692796899466,0.5015999716521014,0.19292436663824056,0.009595833333333333,1.6666666666666667e-05,4.798697504824289,0.4155237672702519,2.662137499898375,0.7935971617698669,-1.955933403284078,1
73,27,1.0,1.0,0.008028204346169276,0.5165849626962183,0.1963341063639638,0.013875,1.6666666666666667e-05,4.8987116194715385,0.43008409949315574,2.740991210963486,0.8194966316223145,-2.685032625599277,1
74,0,0.0,0.0,0.0,0.03208521652264546,0.02857319753013288,0.0,0.4997125,0.9999999169315268,2.4874610567672386e-09,0.0,0.0,-3.195808893642459,1
74,1,0.037037037037037035,0.02259834674449812,0.02259834674449812,0.036287389549089596,0.031712040497859945,0.0,0.39888333333333337,1.1187833786033328,0.0036955585780223676,0.10392303322648755,0.029999997466802597,-3.090225770652836,1
74,2,0.07407407407407407,0.047256945894094037,0.024658599149595915,0.040925169913055864,0.03509781402752317,0.0,0.29847083333333335,1.2481722091231926,0.007774994924000284,0.20795429179324143,0.060037605464458466,-2.9730449674684714,1
74,3,0.1111111111111111,0.07404172552575088,0.026784779631656836,0.046026321537834036,0.038737378335587394,0.0,0.21247916666666666,1.3886738306255912,0.012263037894084765,0.31221118946143134,0.09014397859573364,-2.843269122368696,1
74,4,0.14814814814814814,0.10299055341921191,0.028948827893461045,0.051616211279792094,0.04263512716013198,0.0,0.15769166666666667,1.5406451615402794,0.01718237031073012,0.4167794035037509,0.12034524977207184,-2.6998836237050927,1
74,5,0.18518518518518517,0.13411596135770157,0.031125407938489648,0.05771810882631838,0.046793397397849254,0.0,0.1170125,1.7044094651627635,0.022553877806702965,0.5217371219265682,0.15066713094711304,-2.541838312421895,1
74,6,0.2222222222222222,0.1674007862468038,0.033284824889102234,0.06435255682598041,0.051212279028199886,0.0,0.08775833333333334,1.8801815667191606,0.028396101391354914,0.6271550610139044,0.181134432554245,-2.368051947840403,1
74,7,0.25925925925925924,0.20279503716865607,0.03539425092185228,0.07153660507727724,0.055889344128179544,0.0,0.07022500000000001,2.0681450274210884,0.03472455159781514,0.7330948598033392,0.21177040040493011,-2.177421558474915,1
74,8,0.2962962962962963,0.2402107192106175,0.03741568204196145,0.07928297253975161,0.060819386006607495,0.0,0.055745833333333335,2.2683537097910293,0.04155096725717821,0.8396073840067467,0.2425961196422577,-1.968835252326043,1
74,9,0.3333333333333333,0.2795227869705143,0.039312067759896756,0.08759921033878451,0.06599421425943683,0.0,0.04642916666666667,2.480658710787801,0.048882563554245285,0.9467310329770958,0.2736300230026245,-1.7411882134813297,1
74,10,0.37037037037037035,0.32056315109509737,0.04104036412458309,0.09648684099049121,0.07140241517790168,0.0,0.04066666666666667,2.70478981296096,0.056721263021145975,1.0544901615085085,0.3048872649669647,-1.4934038319962806,1
74,11,0.4074074074074074,0.3631239474408839,0.042560796345786495,0.10594047184555233,0.07702791107476423,0.0,0.03127083333333334,2.9402748139196797,0.06506293572203786,1.1628933391736622,0.3363793194293976,-1.2244590785178957,1
74,12,0.4444444444444444,0.40695712842905174,0.04383318098816789,0.11594744736705831,0.08285308567561507,8.333333333333334e-06,0.0264625,3.1865980298373153,0.07389698815891946,1.2719318855862467,0.36811336874961853,-0.9334147532450547,1
74,13,0.48148148148148145,0.451777459776211,0.0448203313471592,0.1264868596572116,0.08885584115432855,8.333333333333334e-06,0.025291666666666667,3.4431364352349365,0.08320545105172335,1.3815782987588467,0.40009182691574097,-0.6194596397084844,1
74,14,0.5185185185185185,0.49726865017098054,0.04549119039476956,0.13752971783707016,0.09501304826673977,8.333333333333334e-06,0.02146666666666667,3.709051142709123,0.09296325312318708,1.4917850066570526,0.4323118329048157,-0.2819554505213002,1
74,15,0.5555555555555556,0.5430877101551101,0.045819059984129586,0.14903836381325922,0.10129768375358111,1.25e-05,0.011329166666666668,3.9832263971741333,0.1031374919397944,1.6024831442287224,0.46476486325263977,0.07949777259270085,1
74,16,0.5925925925925926,0.5888758493262839,0.04578813917117374,0.16096663354989613,0.10767958850654546,1.25e-05,0.011266666666666668,4.264487711501675,0.11368781210912406,1.7135815883455774,0.4974362254142761,0.46498601247522586,1
74,17,0.6296296296296297,0.6342651508748377,0.04538930154855381,0.1732604833829116,0.11412659692449892,2.0833333333333336e-05,0.010745833333333335,4.551431448155242,0.12456677561803631,1.8249662233420014,0.5303044319152832,0.8741928798043208,1
74,18,0.6666666666666666,0.6788917844421589,0.04462663356732125,0.18585851658048602,0.12060398531924225,2.0833333333333336e-05,0.010733333333333334,4.842589246370042,0.13572028892333943,1.9365000914651995,0.5633413195610046,1.306286054125156,1
74,19,0.7037037037037037,0.7224045876678944,0.04351280322573549,0.19869291924530416,0.12707534927853548,3.3333333333333335e-05,0.010145833333333333,5.136354982133704,0.14708849061921875,2.048023222206379,0.59651118516922,1.7597814628579318,1
74,20,0.7407407407407407,0.7644765763604119,0.04207198869251751,0.21169130983427537,0.13350625902138558,6.666666666666667e-05,0.010145833333333333,5.431132110692905,0.15860713925758804,2.1593538265408974,0.6297709345817566,2.232389217047734,1
74,21,0.7777777777777778,0.8048156373770514,0.04033906101663955,0.2247778268257773,0.13986174821253516,8.75e-05,0.010108333333333334,5.725271600969517,0.17020893262334802,2.2702899459361823,0.6630706787109375,2.720844241903336,1
74,22,0.8148148148148148,0.8431743361066487,0.03835869872959729,0.2378753949125763,0.1461094539587063,0.00011250000000000001,0.009408333333333335,6.017171535081763,0.18182552476251926,2.3806120439008946,0.6963539719581604,3.220726035753872,1
74,23,0.8518518518518519,0.8793488267492547,0.03617449064260601,0.25090670558197736,0.15221688927075552,0.00014583333333333335,0.009066666666666667,6.305174138476839,0.19338812017117743,2.490085957080752,0.7295582890510559,3.7262817180255823,1
74,24,0.8888888888888888,0.9131898857339746,0.033841058984719875,0.263797334935462,0.15815752234608121,0.00019166666666666667,0.009054166666666667,6.587875773261388,0.20483025902472243,2.5984663732420303,0.7626153230667114,4.230322175127682,1
74,25,0.9259259259259259,0.9446005960633719,0.03141071032939724,0.2764762319365707,0.16390551195839148,0.00022500000000000002,0.009054166666666667,6.863927510152607,0.2160886705966026,2.705501333068936,0.7954524755477905,4.7242033091039985,1
74,26,0.9629629629629629,0.9735358024533282,0.028935206389956267,0.2888779359639341,0.16943951856117098,0.0002541666666666667,0.008925,7.1320877417218,0.2271048702826911,2.8109373646485514,0.8280368447303772,5.198010913514185,1
74,27,1.0,1.0,0.02646419754667187,0.3009438390950414,0.17474218845219575,0.00029583333333333333,0.008891666666666668,7.3914557501477125,0.23782646699212298,2.914523740581579,0.8603166937828064,5.640978903980496,1
75,0,0.0,0.0,0.0,0.056846426235908895,0.028852956447460113,0.0,0.11216666666666668,0.9999999083103882,4.985722868392865e-09,0.0,0.0,-3.3419036197559144,1
75,1,0.037037037037037035,0.029984062304836998,0.029984062304836998,0.06393292029072942,0.031886184781533856,0.0,0.0857,1.1082123991193409,0.006815546332629553,0.10392304129197755,0.029999999329447746,-3.228294466321522,1
75,2,0.07407407407407407,0.062330929816636724,0.03234686751179972,0.07170121685673371,0.0351420387689869,0.0,0.06462916666666667,1.2246827791152597,0.014290553988721998,0.20797161092739336,0.06004050374031067,-3.1022734217903754,1
75,3,0.1111111111111111,0.09703648789840098,0.03470555808176426,0.08018533313492647,0.038623907539356225,0.0,0.04917916666666667,1.349560899596913,0.02245839997327033,0.3122332310903297,0.09014836698770523,-2.962799912385421,1
75,4,0.14814814814814814,0.13405928910914797,0.03702280121074699,0.08941559547250023,0.04233319036497888,0.0,0.037762500000000004,1.482932603818166,0.03134894728416241,0.4167842744095526,0.12034965306520462,-2.808789548554264,1
75,5,0.18518518518518517,0.17331653892391405,0.03925724981476607,0.09941781671635731,0.04626919621069473,0.0,0.029916666666666668,1.6248095943887613,0.04098773844949772,0.5216916907583249,0.15066881477832794,-2.639114246483171,1
75,6,0.2222222222222222,0.21468038252475533,0.04136384360084127,0.11021217720719315,0.0504289046446246,0.0,0.024583333333333336,1.775116992714422,0.05139490188765728,0.6270114282009843,0.18112832307815552,-2.4526075201411386,1
75,7,0.25925925925925924,0.2579746933767491,0.0432943108519938,0.1218120210606945,0.054806766498468926,0.0,0.020095833333333334,1.9336881699892092,0.0625839810234792,0.7327864890096837,0.21174804866313934,-2.248071867497652,1
75,8,0.2962962962962963,0.30297296573099486,0.04499827235424576,0.1342226504166946,0.059394509987315394,0.0,0.016045833333333336,2.100252261271125,0.07456075056104068,0.8390447223927276,0.24254456162452698,-2.024288098919576,1
75,9,0.3333333333333333,0.34939851533861405,0.04642554960761918,0.14743998876065326,0.06418092470174017,0.0,0.0126625,2.274432371549405,0.08732190986436973,0.9457967281909818,0.273530513048172,-1.7800298104907215,1
75,10,0.37037037037037035,0.3969256837347496,0.04752716839613557,0.161449537142919,0.06915181624142132,0.0,0.0104875,2.455737547251722,0.10085405584615009,1.053033576715673,0.3047139048576355,-1.5140767252079037,1
75,11,0.4074074074074074,0.4451828991270647,0.04825721539231508,0.17622522194668913,0.07428990589679706,0.0,0.009141666666666668,2.6435582665679838,0.11513254665492181,1.1607245895195697,0.33609744906425476,-1.2252359465267197,1
75,12,0.4444444444444444,0.4937610562052389,0.048578157078174186,0.19172874890552485,0.07957493072710128,0.0,0.006791666666666667,2.8371720520778134,0.13012085675063104,1.2688150387200672,0.3676777184009552,-0.9123611192754195,1
75,13,0.48148148148148145,0.5422200393459654,0.048458983140726504,0.20790879294799744,0.08498364369532836,0.0,0.006579166666666667,3.0357504182553012,0.14576977220098877,1.377224017914217,0.39944449067115784,-0.5743844901181916,1
75,14,0.5185185185185185,0.5901009661669456,0.047880926820980274,0.22470100961920914,0.0904901200331637,0.0,0.0056375,3.238359030562874,0.16201738522110584,1.4858424700475863,0.43137991428375244,-0.21034430773841706,1
75,15,0.5555555555555556,0.6369395350078836,0.046838568840937865,0.24202817995478323,0.09606596919695591,0.0,0.004004166666666667,3.4439544038164396,0.17878920864719355,1.5945314616880573,0.46345773339271545,0.18057751218108642,1
75,16,0.5925925925925926,0.6822795731254793,0.045340038117595724,0.259800759930519,0.10168075865785234,0.0,0.003970833333333333,3.651419278374039,0.1959987024512543,1.703120925370201,0.49564263224601746,0.5990089544898645,1
75,17,0.6296296296296297,0.7256899970264221,0.043410423900942824,0.2779182389073265,0.10730269387761676,0.0,0.0031000000000000003,3.8595911121200355,0.21354858479578334,1.8114089032948484,0.5278896689414978,1.04534027888303,1
75,18,0.6666666666666666,0.7667785613763842,0.04108856434996212,0.29627078839727317,0.1128989237277966,0.0,0.0030916666666666666,4.067254035380036,0.2313324109927221,1.9191618220755329,0.5601437091827393,1.5196696265916962,1
75,19,0.7037037037037037,0.8052063104080144,0.038427749031630216,0.3147412221413914,0.11843624561487155,0.0,0.0028833333333333337,4.2731696619543245,0.24923647664781118,2.0261156710518384,0.5923391580581665,2.021731865124499,1
75,20,0.7407407407407407,0.8406997712964328,0.03549346088841837,0.33320759854503634,0.12388179862272027,0.0,0.0028833333333333337,4.476111892198454,0.26714234806845455,2.131978092758731,0.6244000196456909,2.550824911096502,1
75,21,0.7777777777777778,0.8730588321837272,0.03235906088729437,0.3515462334592944,0.1292038384732409,0.0,0.0028791666666666666,4.674889163567,0.284929787862134,2.2364320667275526,0.6562403440475464,3.1057299929550375,1
75,22,0.8148148148148148,0.9021636919012002,0.029104859717472967,0.3696347248858541,0.13437235991986674,0.0,0.0028791666666666666,4.8683751417331615,0.30247970610207026,2.33914099050787,0.6877651810646057,3.6846189143978307,1
75,23,0.8518518518518519,0.9279740320241194,0.02581034012291926,0.38735506382369933,0.1393598583654125,0.0,0.0019708333333333336,5.055520971725729,0.31967719256761873,2.4397545937550347,0.7188716530799866,4.284955904491557,1
75,24,0.8888888888888888,0.9505266584822188,0.022552626458099398,0.4045963548365609,0.14414176725227532,0.0,0.0019583333333333336,5.23537617804588,0.3364141757416216,2.537916443302014,0.7494508624076843,4.903387257595282,1
75,25,0.9259259259259259,0.9699288027299513,0.01940214424773246,0.4212579243481067,0.1486971054005154,0.0,0.0019583333333333336,5.407132218442616,0.35259245424729957,2.6332719300747875,0.7793899178504944,5.535659572102947,1
75,26,0.9629629629629629,0.9863480609572433,0.016419258227291945,0.43725104620474153,0.1530086920127111,0.0,0.0019583333333333336,5.570118595940834,0.36812540023840007,2.7254767772922452,0.8085744976997375,6.1765242348664735,1
75,27,1.0,1.0,0.013651939042756798,0.4525007947496525,0.15706337450358893,0.0,0.0019583333333333336,5.723799815797604,0.38293976625857956,2.8142055770242633,0.8368916511535645,6.819704259924736,1
76,0,0.0,0.0,0.0,0.11051306609215389,0.05247870693444075,0.0,0.04605,0.9999999270082888,9.240927950789532e-09,0.0,0.0,-0.99833511037248,1
76,1,0.037037037037037035,0.042346729617316586,0.042346729617316586,0.11863360598395667,0.05567522654270281,0.0,0.04052083333333333,1.0622261992502946,0.008336146481693464,0.08999999550481641,0.029999999329447746,-0.7620864366687048,1
76,2,0.07407407407407407,0.08620500620515616,0.04385827658783958,0.1272308469236169,0.05910122551406292,0.0,0.0358,1.1273306792972946,0.01715580340903899,0.18004072669677224,0.0600263886153698,-0.5092696536533694,1
76,3,0.1111111111111111,0.13144144636537147,0.045236440160215295,0.1363121923275693,0.0627689788097479,0.0,0.031400000000000004,1.19529207460248,0.02646604226673048,0.27018620918975716,0.09010966867208481,-0.2395949409998579,1
76,4,0.14814814814814814,0.17788451957411233,0.04644307320874087,0.14587955272030692,0.06668813951117308,0.0,0.027683333333333334,1.2660463278740943,0.036268324738519736,0.3604717674820806,0.12026999145746231,0.04683949958931599,1
76,5,0.18518518518518517,0.22532790249805137,0.047443382923939036,0.15593020179676179,0.0708657247011985,0.0,0.0246,1.3395158426784528,0.04655939078350267,0.4509194525730844,0.150522843003273,0.3494540342823136,1
76,6,0.2222222222222222,0.27353567489598823,0.048207772397936874,0.16645638484925154,0.07530554319360618,0.0,0.021579166666666667,1.415573460330062,0.057330865705040444,0.5415389207381136,0.18087880313396454,0.6670225026339676,1
76,7,0.25925925925925924,0.3222414645970667,0.048705789701078465,0.17744471971330208,0.0800075702085006,0.0,0.019020833333333334,1.494051383845402,0.06856866514619259,0.632326528432693,0.21134264767169952,0.9974610099688377,1
76,8,0.2962962962962963,0.37115272260968957,0.04891125801262288,0.18887576484823798,0.08496733862776754,0.0,0.016645833333333335,1.5747567621454763,0.08025256142962543,0.7232641282468191,0.24191220104694366,1.3375854650252794,1
76,9,0.3333333333333333,0.41995506400134014,0.04880234139165055,0.2007235521720146,0.0901753788257513,0.0,0.014716666666666668,1.6574518221830372,0.09235572187472782,0.8143176524989202,0.27257704734802246,1.6828441807575967,1
76,10,0.37037037037037035,0.4683183845928758,0.04836332059153564,0.21295524027725618,0.09561662756877148,0.0,0.013133333333333334,1.7418597772590874,0.10484436008485888,0.9054357296871254,0.30331704020500183,2.0270688911970662,1
76,11,0.4074074074074074,0.5159037669036984,0.04758538231082265,0.22553094337124677,0.10127010683448764,0.0,0.0116875,1.8276739460053795,0.11767757658327853,0.9965483064142319,0.33410078287124634,2.362305713569093,1
76,12,0.4444444444444444,0.5623726880786484,0.046468921174949884,0.23840367937192505,0.10710851845100128,0.0,0.010558333333333334,1.914549441001068,0.13080730809882515,1.0875654627084603,0.3648837208747864,2.6788338802822764,1
76,13,0.48148148148148145,0.6073968197530553,0.045024131674406914,0.25151959984852956,0.11309822905343983,0.0,0.009625,2.002108369379985,0.14417857371037437,1.17837630223515,0.39560630917549133,2.9654987268342925,1
76,14,0.5185185185185185,0.6506674332923514,0.04327061353929624,0.2648182327297505,0.11919900157088592,0.0,0.008891666666666668,2.0899363714334394,0.15772971412604286,1.2688483775729813,0.42619210481643677,3.2104866384646957,1
76,15,0.5555555555555556,0.6919067781588764,0.04123934486652485,0.2782331340417614,0.12536439924182952,0.0,0.0081,2.1775879269571794,0.1713930561257177,1.3588274165908576,0.45654594898223877,3.4025777731483977,1
76,16,0.5925925925925926,0.7308771582969571,0.038970380138080754,0.2916925931834487,0.13154136285046997,4.166666666666667e-06,0.007395833333333334,2.264588474949973,0.18509557140840657,1.4481377905188597,0.48660585284233093,3.532743085893289,1
76,17,0.6296296296296297,0.7673906333416007,0.036513475044643647,0.3051200319923648,0.13766868074044883,8.333333333333334e-06,0.006987500000000001,2.350428473315169,0.19875916893377307,1.5365838245178967,0.5171991586685181,3.595799028069651,1
76,18,0.6666666666666666,0.8013179963472155,0.033927363005614664,0.3184368317475076,0.14368408858122966,2.9166666666666666e-05,0.006404166666666667,2.4346263077229437,0.2123034225311402,1.6239523618741094,0.5476751923561096,3.5914229142611482,1
76,19,0.7037037037037037,0.8325942656582934,0.031276269311078034,0.3315588717542277,0.14950827194951657,9.166666666666667e-05,0.006125,2.516609791341324,0.22564080609590878,1.7100170912165171,0.5779929161071777,3.524889919794166,1
76,20,0.7407407407407407,0.8612325625706585,0.02863829691236507,0.3444042693962731,0.15506619150795084,0.00024583333333333336,0.0056791666666666666,2.5958155352453804,0.23868443901549846,1.794545948497458,0.608130693435669,3.4058561843862485,1
76,21,0.7777777777777778,0.8873225328297123,0.02608997025905384,0.3568951972740327,0.1602882753326245,0.00036666666666666667,0.005608333333333333,2.6716987902256326,0.2513493541056769,1.8773133118373053,0.638050377368927,3.246780002946469,1
76,22,0.8148148148148148,0.9110087408876876,0.02368620805797521,0.36896426906554075,0.16512121878926447,0.0005333333333333334,0.0051125,2.74382247225157,0.2635627709985879,1.9581086646425157,0.6676889061927795,3.0605170089223233,1
76,23,0.8518518518518519,0.9324827445094283,0.02147400362174073,0.38055234723041614,0.16951468839212774,0.0008625000000000001,0.004858333333333333,2.8117764641084175,0.27526288838182295,2.036751717901064,0.6970001459121704,2.859038415799983,1
76,24,0.8888888888888888,0.9519382390142361,0.019455494504807887,0.3916160415440588,0.17344181424533037,0.001275,0.004858333333333333,2.875319615298394,0.28640920882053905,2.113104023008807,0.7259381413459778,2.6517701182705373,1
76,25,0.9259259259259259,0.9695673741051128,0.017629135090876647,0.4021258483476353,0.1768972803873472,0.0019166666666666668,0.004516666666666667,2.934400847853251,0.2969762061561833,2.187053715201782,0.7544578909873962,2.445822341870308,1
76,26,0.9629629629629629,0.9855391481260126,0.01597177402089976,0.4120656108144487,0.17989118350692543,0.0027833333333333334,0.004375,2.9890088810299282,0.30695502529188395,2.258527249038951,0.7825158834457397,2.2459798951499756,1
76,27,1.0,1.0,0.014460851873987416,0.4214360393262118,0.18245989260545686,0.004108333333333334,0.004266666666666667,3.0394071670862886,0.316352139807975,2.32748568277071,0.8100707530975342,2.0549003988953682,1
77,0,0.0,0.0,0.0,0.0756837651292406,0.0421420997605118,0.0,0.09500416666666667,0.9999999354127619,6.258531033785807e-09,0.0,0.0,-5.383330442363171,1
77,1,0.037037037037037035,0.03753614941272342,0.03753614941272342,0.08459611723064618,0.04620484955809342,0.0,0.07151666666666667,1.1028615455703346,0.009025003852403542,0.10392304559357231,0.030000001192092896,-5.221363204839143,1
77,2,0.07407407407407407,0.07756397063164695,0.04002782121892353,0.09430485745792563,0.050531619339981404,0.0,0.050237500000000004,1.2130575332580196,0.018853245291236092,0.2079583967504625,0.06003949046134949,-5.042011452980148,1
77,3,0.1111111111111111,0.11999827829587485,0.0424343076642279,0.10484269076082905,0.05512301557307999,0.0,0.032475000000000004,1.3306807831722727,0.02951737003694612,0.31218804790027677,0.09014496952295303,-4.843717279883387,1
77,4,0.14814814814814814,0.16470249587608368,0.044704217580208844,0.11623671367226938,0.059976833343348385,0.0,0.021433333333333335,1.4557507870116386,0.04104434149534144,0.4166775925901116,0.12034091353416443,-4.624821882789452,1
77,5,0.18518518518518517,0.21148605612125557,0.046783560245171864,0.12850758208094748,0.06508803572023494,0.0,0.014658333333333334,1.5882160422473512,0.0534546060579913,0.5214798173419486,0.15064963698387146,-4.3835521594249105,1
77,6,0.2222222222222222,0.2601020014710472,0.04861594534979164,0.14166822738637688,0.0704484979753003,0.0,0.010220833333333334,1.7279374676094574,0.0667608030699588,0.6266330912557195,0.18109066784381866,-4.118014464088672,1
77,7,0.25925925925925924,0.3102456842791566,0.05014368280810943,0.1557223471050466,0.07604675198918788,0.0,0.007229166666666667,1.8746904890260014,0.08096624942699046,0.732158997943316,0.21168313920497894,-3.8261920520351937,1
77,8,0.2962962962962963,0.3615548168047321,0.05130913252557548,0.17066307404681222,0.08186772936889568,0.0,0.00545,2.028152623148095,0.0960636076212324,0.8380597116162652,0.24243882298469543,-3.505939417343223,1
77,9,0.3333333333333333,0.4136125206883197,0.0520577038835876,0.18647137752359225,0.08789256052181713,0.0,0.0037958333333333334,2.1878797666840506,0.11203327751660319,0.9443152334605902,0.27336516976356506,-3.154983575301886,1
77,10,0.37037037037037035,0.4659541257834841,0.0523416050951644,0.20311507449658206,0.0940989317579507,0.0,0.0029000000000000002,2.353363100347411,0.12884242775324126,1.0508805118150017,0.3044643700122833,-2.77092191858541,1
77,11,0.4074074074074074,0.518074618876746,0.05212049309326192,0.22054732346128447,0.1004597304553365,8.333333333333334e-06,0.002554166666666667,2.52393287413561,0.14644339488790073,1.157682405169173,0.33573204278945923,-2.351226903685369,1
77,12,0.4444444444444444,0.5694408415913725,0.05136622271462649,0.2387057887997281,0.10694188428488244,2.0833333333333336e-05,0.0019916666666666668,2.6986994829146114,0.16477301427767316,1.264616586124548,0.367156445980072,-1.893248222400782,1
77,13,0.48148148148148145,0.6195077875867032,0.0500669459953307,0.2575126519093519,0.11351223185197597,2.5e-05,0.0015666666666666667,2.8768001313531832,0.18375261327379913,1.3715446891870997,0.39871737360954285,-1.3942319589247152,1
77,14,0.5185185185185185,0.6677353996715665,0.04822761208486322,0.2768746361658712,0.12013480958094917,3.3333333333333335e-05,0.0011250000000000001,3.057314381552119,0.20328769452882117,1.478291773465194,0.4303852319717407,-0.8513341259640459,1
77,15,0.5555555555555556,0.7136131655774955,0.04587776590592907,0.29668159863707383,0.126762430439618,0.00010416666666666667,0.0010875000000000001,3.2389967813339715,0.2232653023541782,1.5846443303847686,0.4621201157569885,-0.2616601912508223,1
77,16,0.5925925925925926,0.7566845387620138,0.04307137318451824,0.31680737595970265,0.13333403059267912,0.0003916666666666667,0.0009625,3.420436529343901,0.24355700730068625,1.6903512349342413,0.49387094378471375,0.37771891156031323,1
77,17,0.6296296296296297,0.7965565367591579,0.03987199799714419,0.337111022180297,0.13977522842591103,0.0007583333333333334,0.0009416666666666667,3.6004987454727866,0.2640235175514781,1.795125079733718,0.5255745649337769,1.069708258951394,1
77,18,0.6666666666666666,0.8329064900196901,0.036349953260532177,0.3574487038155646,0.14604865443616677,0.0010583333333333334,0.0008833333333333334,3.7783968650317816,0.2845201914258696,1.8986408400800507,0.5571553707122803,1.8170389406769356,1
77,19,0.7037037037037037,0.865516111056315,0.032609621036624854,0.3776713307356941,0.152120844367033,0.0013875,0.0008416666666666667,3.952762390365138,0.3048934896356924,2.0005400621421536,0.5885249972343445,2.622062518640263,1
77,20,0.7407407407407407,0.8942679450536425,0.02875183399732756,0.39762574107487153,0.15794895746787332,0.0023791666666666666,0.0008333333333333334,4.122351871644084,0.3249883419747135,2.100440395045012,0.6195829510688782,3.4864756318788466,1
77,21,0.7777777777777778,0.9191450949154388,0.02487714986179625,0.4171510307835445,0.16346063362658142,0.0030875,0.0008333333333333334,4.285412461709815,0.344649497208701,2.1979360875878866,0.6502171754837036,4.41067786776545,1
77,22,0.8148148148148148,0.9402810876950796,0.02113599277964082,0.4361048484360227,0.1686327816804341,0.003575,0.0008083333333333333,4.44153788516968,0.36371683805961386,2.292623659305053,0.6803056001663208,5.393147083645445,1
77,23,0.8518518518518519,0.9579394781006884,0.017658390405608796,0.4543569261559062,0.17344660783691304,0.004170833333333334,0.0008,4.5899077840733336,0.3820373673919155,2.3841129442661457,0.7097182273864746,6.429314395329381,1
77,24,0.8888888888888888,0.9724297254516812,0.014490247350992733,0.47179665553453143,0.17787866588971887,0.0065875000000000005,0.0007625,4.729057978928212,0.3994965119526599,2.4720725566331243,0.7383200526237488,7.510233569853398,1
77,25,0.9259259259259259,0.9840223832534379,0.011592657801756768,0.4883190489337063,0.18187021309420634,0.011633333333333334,0.0007125,4.856297344166861,0.41601635836528217,2.5562042236174602,0.7659745216369629,8.619204062950487,1
77,26,0.9629629629629629,0.9930784894615861,0.00905610620814813,0.5038137180386401,0.1853251063858631,0.018841666666666666,0.0007125,4.969517731041384,0.43151119164816015,2.63621435191343,0.7925475239753723,9.727973545319049,1
77,27,1.0,1.0,0.006921510538413974,0.5182035635855263,0.18819283190948977,0.025562500000000002,0.0007125,5.069507138141319,0.4459185599954987,2.7118784688881092,0.8179111480712891,10.79409796911629,1
78,0,0.0,0.0,0.0,0.3236965860024809,0.23195731059469993,0.0,0.011445833333333334,0.9999999964234887,4.806903113300602e-09,0.0,0.0,-9.00474622403413,0
78,1,0.037037037037037035,0.11347607670222562,0.11347607670222562,0.35034117447607954,0.2473515293146912,0.0,0.008175,1.071613262888307,0.026808331082807207,0.10392304021657901,0.029999999329447746,-8.033502635544858,0
78,2,0.07407407407407407,0.20285292065614255,0.08937684395391693,0.3757228430238692,0.2607914378406052,9.583333333333334e-05,0.00595,1.1386652142257223,0.052277415481214284,0.20029439990681194,0.05996578186750412,-7.01089022117019,0
78,3,0.1111111111111111,0.2758220293113715,0.07296910865522899,0.3965978305129554,0.2698607925804258,0.00013333333333333334,0.0048000000000000004,1.1930142779849755,0.07309196660204519,0.28380538821483603,0.08989983797073364,-6.0711060443268465,0
78,4,0.14814814814814814,0.33868786090395325,0.06286583159258174,0.412685701709506,0.27511682324848863,0.00018333333333333334,0.0035833333333333333,1.233940839167707,0.0890151005479242,0.3574201615022205,0.11981485784053802,-5.289622668008228,1
78,5,0.18518518518518517,0.3945986815827265,0.05591082067877319,0.42451574630936134,0.2774743952271158,0.0006125,0.0030666666666666668,1.2615897670323442,0.10064514922963702,0.4236877310214122,0.14972347021102905,-4.713036053904098,1
78,6,0.2222222222222222,0.44503872759488444,0.05044004601215797,0.4331313622427948,0.2779444039733893,0.0009000000000000001,0.002604166666666667,1.2783269848482908,0.10904463534889575,0.4850744160878898,0.17962710559368134,-4.337370061704561,1
78,7,0.25925925925925924,0.49009028269527793,0.04505155510039348,0.4397809798235882,0.27755346692848076,0.0008875,0.002316666666666667,1.287703959905579,0.1154661295121374,0.5437927136794876,0.20953117311000824,-4.1189273003400935,1
78,8,0.2962962962962963,0.5290431410910889,0.03895285839581093,0.4454268282551062,0.2770404976971516,0.0007958333333333334,0.0017583333333333333,1.292542755180032,0.120885207239336,0.6009694023718252,0.23943494260311127,-4.007789517584829,1
78,9,0.3333333333333333,0.5616687020337332,0.03262556094264436,0.45053812578681285,0.2767153039204578,0.0016291666666666668,0.0012958333333333333,1.294032396053938,0.1257973102361837,0.6568356530610877,0.2693265676498413,-3.96627228423511,1
78,10,0.37037037037037035,0.5894491159971509,0.027780413963417624,0.45525313209844476,0.2765189126853182,0.002541666666666667,0.0006291666666666667,1.2923626899969503,0.13035386493003656,0.7111870588510821,0.29918375611305237,-3.9591408307576685,1
78,11,0.4074074074074074,0.6149531170316944,0.025504001034543533,0.4596108035238727,0.276235122088311,0.003879166666666667,0.000575,1.288846697984952,0.1345884040816422,0.7638722029779921,0.328977108001709,-3.9508655710195058,1
78,12,0.4444444444444444,0.6392133714751735,0.024260254443479196,0.46369353378770817,0.27580670931081397,0.0049625,0.0004791666666666667,1.284905926136197,0.13858275523765673,0.814915810315488,0.35867154598236084,-3.9213170728121156,1
78,13,0.48148148148148145,0.6635715529729047,0.0243581814977312,0.46739971031285027,0.2750661225747436,0.005591666666666667,0.00024166666666666667,1.280682393889524,0.142230371968908,0.8642222473308251,0.38823381066322327,-3.862276261620398,1
78,14,0.5185185185185185,0.6887603936688439,0.025188840695939105,0.47066413347362773,0.2739294629296926,0.005775000000000001,0.00019583333333333334,1.275935317864468,0.14546060184244933,0.9119075599493877,0.41763556003570557,-3.77219362174095,1
78,15,0.5555555555555556,0.7150974525408368,0.026337058871992967,0.4734554516784343,0.2723709406047743,0.0057708333333333335,0.0001,1.270771022414173,0.14823744779453135,0.958201397326049,0.4468534588813782,-3.652551186743054,1
78,16,0.5925925925925926,0.7424695763898811,0.027372123849044246,0.4757898063254155,0.2704287350780993,0.005412500000000001,4.5833333333333334e-05,1.2653217636279694,0.15057277024024515,1.0034044867366572,0.47586938738822937,-3.5068847302671777,1
78,17,0.6296296296296297,0.7704838055350165,0.028014229145135402,0.4776975147085843,0.26817159265941937,0.0049375,4.166666666666667e-06,1.2599108837048822,0.152493690826707,1.0478147780657077,0.5046702027320862,-3.341366685386383,1
78,18,0.6666666666666666,0.7987123478819494,0.028228542346932922,0.4792144248439162,0.26566853855538075,0.004016666666666667,0.0,1.254834316045205,0.1540342579370203,1.091671013377153,0.5332464575767517,-3.162757796581822,1
78,19,0.7037037037037037,0.8267853958328336,0.028073047950884212,0.48044244883295495,0.26301157960716887,0.0030208333333333333,0.0,1.24958849112515,0.15529585208566277,1.1351286122118538,0.5615907311439514,-2.973160341781579,1
78,20,0.7407407407407407,0.8546845945830382,0.027899198750204666,0.4817152012003176,0.2603589035996768,0.002075,0.0,1.2449797694144007,0.1566140905529306,1.1783235285997617,0.5896892547607422,-2.753475663171532,1
78,21,0.7777777777777778,0.8817166331030988,0.027032038520060447,0.48243260732025156,0.2575281529183375,0.0010833333333333333,0.0,1.2387090975105173,0.15737732304848356,1.2213411229440765,0.6175182461738586,-2.5656754907742325,1
78,22,0.8148148148148148,0.9069832731413935,0.025266640038294798,0.4826576331654255,0.2546501780145092,0.00030000000000000003,0.0,1.231567295861795,0.15764685750256435,1.2643893318051376,0.6450533270835876,-2.42739916855475,1
78,23,0.8518518518518519,0.9299901864368423,0.02300691329544874,0.48247360899242697,0.2518213870194184,3.7500000000000003e-05,0.0,1.2236745626920484,0.1575042365353186,1.307621888922388,0.6722699403762817,-2.3477365150358374,1
78,24,0.8888888888888888,0.9505503834172683,0.020560196980426063,0.48198680430067004,0.24911371709778257,2.0833333333333336e-05,0.0,1.2153429183318827,0.1570540460231035,1.3511314976081803,0.6991440057754517,-2.3262192284302188,1
78,25,0.9259259259259259,0.9688020465607163,0.01825166314344801,0.48131585470126775,0.24656841677088157,1.6666666666666667e-05,0.0,1.2067827488680816,0.15641401129245383,1.394933801350597,0.7256525158882141,-2.352918759846151,1
78,26,0.9629629629629629,0.9850867212374476,0.01628467467673122,0.48096694520454125,0.2443871660057236,1.6666666666666667e-05,0.0,1.1989567452686747,0.15609469560687367,1.438972338101056,0.75177401304245,-2.3748169995215243,1
78,27,1.0,1.0,0.014913278762552443,0.48078277476559456,0.24243675638319506,1.25e-05,0.0,1.191543453831912,0.15593492720309685,1.4831334990676248,0.7774878144264221,-2.3993694222846713,1
79,0,0.0,0.0,0.0,0.06261497702784354,0.04069522584298558,0.0,0.156725,0.9999999182278111,5.419659040247401e-09,0.0,0.0,0.4090225907964733,1
79,1,0.037037037037037035,0.029647597216626614,0.029647597216626614,0.06709862834812093,0.043055409599170896,0.0,0.14090833333333333,1.060479820216521,0.0044820994527978155,0.08485281052868854,0.029999999329447746,0.5031726954555769,1
79,2,0.07407407407407407,0.060666802425192776,0.031019205208566162,0.07183688016246806,0.04551406092912798,0.0,0.12808333333333333,1.1236188928818605,0.009217162698731731,0.16974293443803165,0.060017310082912445,0.6027139697717594,1
79,3,0.1111111111111111,0.09304698300560593,0.032380180580413156,0.07683565529110035,0.048071193721142734,0.0,0.114525,1.1894233722371907,0.014210989126332183,0.2547565598362575,0.09008695185184479,0.7077729023013664,1
79,4,0.14814814814814814,0.12675315917872101,0.03370617617311508,0.08209794791103538,0.05072535003556921,0.0,0.10249583333333334,1.2578640478988388,0.019466461426409662,0.3399447798179904,0.12023065239191055,0.8184070268513413,1
79,5,0.18518518518518517,0.1617360202426595,0.03498286106393849,0.08762474302508358,0.05347418018266491,0.0,0.09294166666666667,1.3288889356686318,0.024984462215147992,0.42534869616083987,0.1504668891429901,0.9346213412291036,1
79,6,0.2222222222222222,0.1979296131336589,0.03619359289099939,0.09341504352720403,0.056314510812774735,0.0,0.08281666666666668,1.4024218359882368,0.0307639048280576,0.5110019983396695,0.1808117926120758,1.0563649754914852,1
79,7,0.25925925925925924,0.2352538079611666,0.0373241948275077,0.09946556894980584,0.05924226781442601,0.0,0.07499583333333333,1.4783637186937382,0.03680143411024668,0.5969310600536701,0.21127916872501373,1.1835208972237172,1
79,8,0.2962962962962963,0.2736102915133123,0.03835648355214572,0.10577068153036832,0.06225249705018017,0.0,0.0673,1.5565870460171363,0.04309135473248122,0.6831547197156675,0.24188043177127838,1.3158996357111228,1
79,9,0.3333333333333333,0.3128867278473791,0.03927643633406675,0.11232209558677264,0.06533928445508061,0.0,0.060795833333333334,1.636941189170808,0.04962534374762003,0.7696837764669497,0.27262431383132935,1.4532281721804026,1
79,10,0.37037037037037035,0.3529547550425393,0.040068027195160276,0.11910886530031116,0.06849582628721232,0.0,0.05538333333333333,1.7192517369177736,0.05639243991062136,0.8565206443605168,0.30351680517196655,1.5951449663086699,1
79,11,0.4074074074074074,0.3936719884471189,0.04071723340457959,0.1261172147480726,0.0717143811643554,0.0,0.049,1.8033188753874971,0.06337887599312687,0.9436590115466318,0.33456093072891235,1.7411912672763261,1
79,12,0.4444444444444444,0.43488356163803066,0.0412115731909117,0.13333064424473517,0.07498638183999008,0.0,0.04518333333333333,1.8889204632544971,0.07056818620597413,1.0310834204064574,0.3657566010951996,1.8908095657509723,1
79,13,0.48148148148148145,0.47642459195586817,0.04154103031783752,0.14072982582628193,0.07830243058746116,0.0,0.04192916666666667,1.9758122093066532,0.07794110252002139,1.118769158077542,0.39710041880607605,2.0433383017151385,1
79,14,0.5185185185185185,0.5181217214643399,0.041697129508471695,0.1482928637645493,0.08165243586832054,0.0,0.0385625,2.0637248994274433,0.08547581615876083,1.2066820466886,0.4285856783390045,2.19801634505615,1
79,15,0.5555555555555556,0.5597968152529096,0.041675093788569734,0.15599542407040123,0.0850256995398948,0.0,0.03410833333333334,2.1523752508160725,0.09314810540806179,1.2947785594420085,0.46020224690437317,2.353986738058701,1
79,16,0.5925925925925926,0.6012696581158057,0.04147284286289614,0.1638110584881497,0.08841106621464831,0.0,0.031704166666666665,2.2414733872804717,0.10093165851601386,1.3830058412876163,0.49193650484085083,2.5103078172687514,1
79,17,0.6296296296296297,0.6423611905668319,0.04109153245102619,0.1717115167711705,0.09179705946345437,0.0,0.029541666666666667,2.33070773574829,0.10879838558776603,1.471302013544081,0.5237714052200317,2.6659667310144233,1
79,18,0.6666666666666666,0.6828975923818664,0.04053640181503448,0.17966727521520753,0.09517208743191831,0.0,0.028591666666666668,2.4197686463555104,0.11671894191393513,1.5595966887056385,0.5556865930557251,2.8199017910885313,1
79,19,0.7037037037037037,0.7227132874697577,0.03981569508789132,0.18764792462558993,0.09852458859708216,0.0,0.0268375,2.508345521953497,0.12466311427633886,1.647811588425158,0.5876584053039551,2.9710245206807766,1
79,20,0.7407407407407407,0.7616525618797301,0.03893927440997241,0.195622595762606,0.10184318029834666,0.0,0.02542916666666667,2.596130734041048,0.1326002423441833,1.735861193835282,0.6196601390838623,3.11824650996922,1
79,21,0.7777777777777778,0.799574109631713,0.037921547751982886,0.2035606662466737,0.10511691017124168,0.0,0.021295833333333333,2.682833553838393,0.1404999210183166,1.823653857495721,0.6516622304916382,3.260513197863265,1
79,22,0.8148148148148148,0.8363530359636047,0.03677892633189169,0.21143226448340702,0.10833540427090167,0.0,0.021120833333333335,2.7681677341249538,0.1483324997152894,1.9110927258789314,0.6836325526237488,3.3968345664375335,1
79,23,0.8518518518518519,0.8718815507630177,0.03552851479941292,0.21920859741725512,0.11148896360178241,0.0,0.020479166666666666,2.8518704900795133,0.15606940734052915,1.998077040478673,0.7155368328094482,3.526312645685463,1
79,24,0.8888888888888888,0.9060707406706271,0.03418918990760947,0.22686263730282885,0.11456878459172318,0.0,0.0196625,2.933699317251784,0.1636838326504008,2.084503480287438,0.7473390698432922,3.648172912386139,1
79,25,0.9259259259259259,0.9388508002240863,0.03278005955345924,0.2343693712547615,0.1175670080584634,0.0,0.018766666666666668,3.0134354345840695,0.1711509713752577,2.1702675257733475,0.7790018320083618,3.7617839965465123,1
79,26,0.9629629629629629,0.9701711859539699,0.03132038572988353,0.24170621877088386,0.12047682529775014,0.0,0.01815416666666667,3.0908909410713385,0.17844844020673062,2.2552647173978597,0.8104868531227112,3.8666749897070964,1
79,27,1.0,1.0,0.029828814046030154,0.2488532746109899,0.12329252779217795,0.0,0.017508333333333334,3.1659034153688173,0.18555651535037582,2.3393921892873335,0.8417555093765259,3.9625439523325596,1
80,0,0.0,0.0,0.0,0.0572490933630798,0.03969723511944789,0.0,0.19528333333333334,0.9999999173583897,4.983795548064841e-09,0.0,0.0,-0.918769286199014,1
80,1,0.037037037037037035,0.029493402263417977,0.029493402263417977,0.06269829066554108,0.0429083397341883,0.0,0.17425000000000002,1.0842183596736121,0.00545506656047914,0.09486832473947848,0.030000001192092896,-0.7984150556099952,1
80,2,0.07407407407407407,0.060843737051931766,0.03135033478851379,0.06857000590719493,0.0463811237254214,0.0,0.15655416666666666,1.1739112117035704,0.011330799266676574,0.18980238780894548,0.060032885521650314,-0.6692215552220784,1
80,3,0.1111111111111111,0.09404372867234029,0.03319999162040852,0.0748812830405958,0.050128327380466756,0.0,0.13897500000000002,1.2691988339815496,0.01764397218395154,0.28490329227257005,0.09013164788484573,-0.5310533588886273,1
80,4,0.14814814814814814,0.1290533608120376,0.03500963213969732,0.08164519475069643,0.054160020265408566,0.0,0.12440833333333334,1.3701399360334556,0.024407388278905356,0.38023583433625163,0.12032132595777512,-0.3839533682944438,1
80,5,0.18518518518518517,0.1658040161575584,0.036750655345520786,0.08887168576550372,0.058484022415860024,0.0,0.1119625,1.4767406814991646,0.031630726908914386,0.47585369799950245,0.15062470734119415,-0.22815138821234804,1
80,6,0.2222222222222222,0.20419810006561923,0.03839408390806083,0.09656718995605097,0.06310560097328621,0.0,0.09929166666666667,1.5889580270981105,0.039320166393929525,0.5718010627715353,0.18106220662593842,-0.06410454894326989,1
80,7,0.25925925925925924,0.2441071589183252,0.03990905885270597,0.10473399654365852,0.06802704030038523,0.0,0.08927500000000001,1.70668558035381,0.047477758100650844,0.6681119311719133,0.21165132522583008,0.10745223373731783,1
80,8,0.2962962962962963,0.28537075113629395,0.04126359221796873,0.11336973611623234,0.07324726767340284,0.0,0.07903750000000001,1.829768606919248,0.056100919337178735,0.7648091298036133,0.24240611493587494,0.28545469749213126,1
80,9,0.3333333333333333,0.32779795249449023,0.042427201358196304,0.12246682315219641,0.07876147572327781,0.0,0.07077083333333334,1.9579761325478948,0.06518188254566372,0.8619031572039595,0.27333658933639526,0.4684567793335397,1
80,10,0.37037037037037035,0.3711671052362537,0.04336915274176344,0.13201198866483532,0.08456078579981785,0.0,0.06484166666666667,2.091020577005346,0.07470723667105583,0.9593910079115032,0.30444809794425964,0.6545831105731903,1
80,11,0.4074074074074074,0.41522970680587157,0.04406260156961791,0.14198590108208756,0.09063201893640456,0.0,0.05731666666666667,2.2285452208632512,0.08465755391942674,1.0572552178871026,0.33574074506759644,0.8414943279607634,1
80,12,0.4444444444444444,0.45971404769517954,0.04448434088930798,0.15236294787754154,0.09695749773284847,0.0,0.052520833333333336,2.3701133663261094,0.09500717876969655,1.1554627169971112,0.36721184849739075,1.0263756613336845,1
80,13,0.48148148148148145,0.504328786568669,0.044614738873489365,0.1631109962324886,0.10351492622091577,0.0,0.048825,2.5152321974605374,0.10572398988991692,1.2539640070645837,0.39885133504867554,1.2059587738769544,1
80,14,0.5185185185185185,0.5487722957659605,0.044443509197291585,0.17419161774900865,0.11027754394012611,0.0,0.04515,2.663336421367546,0.11676963351578064,1.35269246822316,0.4306386709213257,1.3765912724490175,1
80,15,0.5555555555555556,0.5927371772493087,0.04396488148334826,0.18556038906413228,0.11721442564596771,0.0,0.03932916666666667,2.813805847034867,0.12809983068429479,1.4515638650674034,0.4625481963157654,1.534354439132434,1
80,16,0.5925925925925926,0.6359202353210067,0.04318305807169794,0.19716725592460246,0.12429050455936218,0.0,0.0370375,2.965968328286711,0.13966472407978986,1.5504761663620936,0.49454641342163086,1.6752629971619601,1
80,17,0.6296296296296297,0.678029752316587,0.04210951699558027,0.20895697172903854,0.13146643211304687,0.0,0.03428333333333333,3.1190997452145854,0.15140928814657575,1.6493096597851733,0.5265915989875793,1.7955158268898437,1
80,18,0.6666666666666666,0.7187948968287887,0.04076514451220178,0.22087004975880659,0.1386992805893873,0.0,0.03325,3.2724334971440103,0.16327426169794182,1.7479277600414074,0.5586337447166443,1.8917851001395753,1
80,19,0.7037037037037037,0.757974191109128,0.039179294280339234,0.23284283993623445,0.14594118280505883,0.0,0.03135,3.425150822039252,0.17519611223300843,1.846178142130342,0.5906146764755249,1.9615507441261553,1
80,20,0.7407407407407407,0.795363664862002,0.037389473752874054,0.24480885952005624,0.1531404134015668,0.0,0.030229166666666668,3.5764155262747144,0.18710836304109674,1.943894712131914,0.6224688291549683,2.0033225259985237,1
80,21,0.7777777777777778,0.8308057616967117,0.035442096834709676,0.2566984890778179,0.16023869481153305,0.0,0.0267625,3.7252596061357193,0.19894100013886606,2.0409006790178563,0.65412437915802,2.016893192608256,1
80,22,0.8148148148148148,0.8641944195684034,0.033388657871691645,0.268441476444759,0.16717776573235302,0.0,0.0266375,3.870695719400475,0.21062319619645392,2.1370133703201892,0.6855062246322632,2.0034565477711297,1
80,23,0.8518518518518519,0.895474569006124,0.03128014943772063,0.2799698849224513,0.17390303283391695,4.166666666666667e-06,0.025266666666666666,4.011852910337978,0.222086007973284,2.232048668799501,0.7168568968772888,1.9653821266762055,1
80,24,0.8888888888888888,0.9246429484922317,0.029168379486107752,0.29122026386730737,0.18036585367952124,4.166666666666667e-06,0.023625,4.1480040529864635,0.23326529071664362,2.3258255348190064,0.7488458752632141,1.9059642083104116,1
80,25,0.9259259259259259,0.9517374418085667,0.027094493316334973,0.30213805408545585,0.1865257659096839,2.9166666666666666e-05,0.023320833333333336,4.27844675639122,0.24410621908830815,2.418173956167621,0.7807124257087708,1.8289600261368033,1
80,26,0.9629629629629629,0.9768255372817183,0.025088095473151502,0.3126728617643663,0.19234523025972944,7.500000000000001e-05,0.022841666666666666,4.402728977643394,0.2545581831291538,2.508934732443753,0.8124192953109741,1.7384926810306744,1
80,27,1.0,1.0,0.02317446271828177,0.32278968251776774,0.19780545818550974,0.00020416666666666668,0.021991666666666666,4.5204793282231375,0.2645867195932208,2.597966363306606,0.8439289927482605,1.6382815757631182,1
81,0,0.0,0.0,0.0,0.047615706275881076,0.03206944827023812,0.0,0.23115833333333335,0.9999999144079471,4.59865033109155e-09,0.0,0.0,-0.12821292079520408,1
81,1,0.037037037037037035,0.027691725631591054,0.027691725631591054,0.05122452855536155,0.03410550314769841,0.0,0.2107541666666667,1.064855976650669,0.0038670962097052124,0.0848528065774215,0.029999999329447746,-0.06097546215110494,1
81,2,0.07407407407407407,0.05679257935929654,0.02910085372770549,0.055052411297254765,0.03623810285286433,0.0,0.19315833333333335,1.1328567696246499,0.007963296671887575,0.1697499992682958,0.06001937761902809,0.010161420346300964,1
81,3,0.1111111111111111,0.08730564106737117,0.03051306170807463,0.05910557208079472,0.03846815119702896,0.0,0.1751125,1.2040393984469666,0.01229473660614458,0.254780654427822,0.090093232691288,0.0852839733988171,1
81,4,0.14814814814814814,0.1192137282436571,0.03190808717628593,0.06338792416356243,0.040795294999443614,0.0,0.15820416666666667,1.2783969646767621,0.01686509484070573,0.3399996856964664,0.12024488300085068,0.16443037565861918,1
81,5,0.18518518518518517,0.15248458315306554,0.03327085490940845,0.06790180340997713,0.04321839184893808,0.0,0.14483333333333334,1.3558944874092038,0.02167638105490672,0.42545264334599037,0.15049374103546143,0.2476031112237589,1
81,6,0.2222222222222222,0.1870707107384055,0.034586127585339944,0.0726478721419882,0.04573550040399106,0.0,0.13100416666666667,1.4364758386266092,0.026728846934616902,0.5111780865107732,0.18085727095603943,0.3347654656444137,1
81,7,0.25925925925925924,0.22291051331458278,0.03583980257617729,0.07762495517964413,0.04834384978917936,0.0,0.11970416666666667,1.5200609892562091,0.03202081802083089,0.5972077191642993,0.21135075390338898,0.4258375502981737,1
81,8,0.2962962962962963,0.2599250485851741,0.037014535270591335,0.08282983555434495,0.05103978296122167,0.0,0.10779166666666667,1.606532849514831,0.037548488992135066,0.6835660415790373,0.2419871836900711,0.5206907833001493,1
81,9,0.3333333333333333,0.2980193264357975,0.038094277850623345,0.08825712379284675,0.053818733252368994,0.0,0.09774166666666667,1.6957503271663694,0.04330579284232226,0.7702699412692772,0.2727770507335663,0.6191441480541693,1
81,10,0.37037037037037035,0.33708344362831116,0.039064117192513674,0.0938990606091307,0.05667518193314967,0.0,0.08950000000000001,1.7875403497511797,0.04928420366381308,0.8573283156565409,0.30372825264930725,0.7209593059898278,1
81,11,0.4074074074074074,0.3769917733049573,0.0399083296766462,0.09974545134435606,0.059602675238208606,0.0,0.0799125,1.8816992568227209,0.055472675784401106,0.9447415787003257,0.33484578132629395,0.825838358706684,1
81,12,0.4444444444444444,0.41760377548421856,0.04061200217926126,0.10578366925635636,0.0625938588144754,0.0,0.07395,1.9779966951048071,0.061857652984573124,1.0325014678835818,0.3661317229270935,0.9334235994402951,1
81,13,0.48148148148148145,0.4587669148459012,0.041163139361682644,0.11199854804136641,0.06564046066682802,0.0,0.06849583333333334,2.076172673296681,0.06842296566322977,1.1205906559391239,0.3975850045681,1.0432951912883448,1
81,14,0.5185185185185185,0.500318119623677,0.04155120477777582,0.11837255470758577,0.06873342852736893,0.0,0.0637625,2.1759327164813036,0.07515001800893613,1.2089826678737179,0.42920130491256714,1.1549757855051181,1
81,15,0.5555555555555556,0.5420862130926528,0.04176809346897576,0.12488588057893937,0.07186297544529686,0.0,0.05695833333333333,2.2769613477441824,0.08201788645007246,1.2976417556823137,0.46097302436828613,1.2679338854621376,1
81,16,0.5925925925925926,0.5838943450569397,0.04180813196428696,0.13151662063107825,0.0750186975426543,0.0,0.05301666666666667,2.378933802668222,0.08900351330726214,1.3865229406667456,0.4928891658782959,1.3815904301954687,1
81,17,0.6296296296296297,0.6255638822297649,0.04166953717282511,0.13824117957347384,0.0781897479045495,0.0,0.049341666666666666,2.4814983237720285,0.09608213456435867,1.475572276468106,0.5249353647232056,1.4953297864514203,1
81,18,0.6666666666666666,0.6669178123160681,0.04135393008630322,0.1450344867421086,0.08136496334045135,0.0,0.04804166666666667,2.5842896167566325,0.10322750332154036,1.564727037980776,0.5570938587188721,1.6085099841801318,1
81,19,0.7037037037037037,0.7077822029050441,0.04086439058897599,0.15187044413835046,0.08453304539832378,0.0,0.045025,2.6869372184480023,0.11041236037683687,1.6539164249812968,0.5893436670303345,1.7204765430322881,1
81,20,0.7407407407407407,0.7479922801890659,0.0402100772840219,0.15872229592777676,0.08768270922433645,0.0,0.04274583333333334,2.78907067391263,0.11760881575860614,1.7430619599288957,0.621660590171814,1.8305767881942456,1
81,21,0.7777777777777778,0.7873929152611993,0.03940063507213332,0.16556317392828127,0.09080290437032609,0.0,0.03650416666666667,2.890334732896929,0.12478891646884085,1.8320784956992051,0.6540175676345825,1.9381770521430672,1
81,22,0.8148148148148148,0.8258422713465562,0.038449356085356885,0.17236654832089593,0.09388298634180224,0.0,0.03573333333333333,2.99037199153351,0.1319251114423626,1.920874905020749,0.6863846778869629,2.0426778778442563,1
81,23,0.8518518518518519,0.863213748992351,0.037371477645794834,0.17910660309178505,0.09691285471522797,0.0,0.03507916666666667,3.0888516979078813,0.1389906390854604,2.0093554473545407,0.7187297940254211,2.1435282524944617,1
81,24,0.8888888888888888,0.8993978502083704,0.03618410121601935,0.18575873144680422,0.09988312164072934,0.0,0.032675,3.1854652092463014,0.14596003614139758,2.097420624628559,0.7510185241699219,2.240239719082628,1
81,25,0.9259259259259259,0.9343027458140726,0.034904895605702195,0.19229991550583206,0.10278524074666748,0.0,0.03233333333333333,3.279925723038458,0.15280952865159877,2.1849686292942,0.7832148671150208,2.3323970926550652,1
81,26,0.9629629629629629,0.9678551669840298,0.033552421169957256,0.19870908619822786,0.10561162957080807,0.0,0.0312125,3.371981715517933,0.15951740007174214,2.2718966452578795,0.8152816295623779,2.419667178350969,1
81,27,1.0,1.0,0.032144833015970174,0.2049672702903498,0.10835568910153633,0.0,0.03009166666666667,3.461413672601641,0.16606413462010225,2.358102064104842,0.8471809029579163,2.5018016497542552,1
82,0,0.0,0.0,0.0,0.0565023504990086,0.037594376279186874,0.0,0.188175,0.9999999166233215,4.959489322370954e-09,0.0,0.0,-0.9358361861515938,1
82,1,0.037037037037037035,0.02930999415267249,0.02930999415267249,0.061304257996185614,0.040463233814790875,0.0,0.16934166666666667,1.072979453009526,0.004813520743728926,0.08999999364217129,0.030000001192092896,-0.8266516794349918,1
82,2,0.07407407407407407,0.06027213747735521,0.03096214332468272,0.0664393142839068,0.043546040636693185,0.0,0.15296666666666667,1.1500765558990578,0.009958692102786154,0.18005416622098944,0.06003117561340332,-0.7103781816195802,1
82,3,0.1111111111111111,0.09287879749434172,0.032606660016986505,0.07191903821374414,0.04685275360076949,0.0,0.13662916666666666,1.2313534382078368,0.015446846035898975,0.2702566670364689,0.0901276245713234,-0.5869636173584905,1
82,4,0.14814814814814814,0.12709251851618375,0.03421372102184204,0.07775158896808053,0.05039110787750719,0.0,0.12254583333333334,1.3168226010835566,0.02128595707639017,0.3606664005765892,0.12031415849924088,-0.456499721303258,1
82,5,0.18518518518518517,0.16285478486513197,0.03576226634894821,0.08394261614216318,0.05416701985412151,0.0,0.1107,1.4064653870590844,0.02748149475011354,0.45133178155596737,0.15061306953430176,-0.3192187477466035,1
82,6,0.2222222222222222,0.2000819219488491,0.03722713708371714,0.09049506673160616,0.05818437667525203,0.0,0.098225,1.5002244982613595,0.03403623560189994,0.5422926910673113,0.18104413151741028,-0.1755162861547479,1
82,7,0.25925925925925924,0.2386676404203122,0.038585718471463075,0.09740872822277385,0.06244462675578532,0.0,0.08885416666666666,1.5979997177373813,0.04094980974274998,0.6335801849785961,0.21162407100200653,-0.025981289496298743,1
82,8,0.2962962962962963,0.27848035067569354,0.039812710255381356,0.10467987512385882,0.06694650533976901,0.0,0.07887083333333333,1.6996478822723986,0.04821835186186557,0.7252157749712878,0.2423660010099411,0.128575695652426,1
82,9,0.3333333333333333,0.3193642935920951,0.04088394291640159,0.11230095637425905,0.0716856815402291,0.0,0.07135833333333334,1.8049854580854197,0.055834193021090085,0.8172106821635784,0.2732788324356079,0.28709679150444245,1
82,10,0.37037037037037035,0.3611393991853317,0.041775105593236606,0.12026019888930035,0.07665446784968015,0.0,0.0651375,1.9137735878866207,0.06378546847993923,0.9095648746490915,0.3043665885925293,0.4482532408237443,1
82,11,0.4074074074074074,0.4036049615075674,0.04246556232223566,0.12854149019877822,0.08184164683825364,0.0,0.0578125,2.0257341756117295,0.07205600373557666,1.0022665575233642,0.33562788367271423,0.6104349562436475,1
82,12,0.4444444444444444,0.44654147609613365,0.04293651458856623,0.13712419845272739,0.08723228539532493,0.0,0.0532125,2.140538706153449,0.08062513822452683,1.0952912064995943,0.36705514788627625,0.7717512023966719,1
82,13,0.48148148148148145,0.4897151629244666,0.043173686828332954,0.14598300098741826,0.09280762950743132,0.0,0.049275,2.257812278688354,0.08946755703798392,1.1886011147842954,0.39863404631614685,0.9300472039893997,1
82,14,0.5185185185185185,0.5328810759308763,0.04316591300640973,0.15508824339610747,0.09854530098234193,0.0,0.0456625,2.3771306193749067,0.09855365100679919,1.2821449122274193,0.4303428530693054,1.0829530691236933,1
82,15,0.5555555555555556,0.5757905941560364,0.04290951822516013,0.16440594972893532,0.10441930048256018,0.0,0.04125,2.498047099374076,0.10784952874807642,1.3758572866616656,0.4621518850326538,1.2279503871755484,1
82,16,0.5925925925925926,0.618195874022813,0.04240527986677648,0.1738983165529933,0.11040043002101142,0.0,0.0376875,2.6200627753920642,0.11731750810902773,1.4696589182469062,0.494022935628891,1.362473375477519,1
82,17,0.6296296296296297,0.6598564217493446,0.041660547726531647,0.18352402291996217,0.1164563579122808,0.0,0.035229166666666666,2.742664747094042,0.12691641005367663,1.563456697898552,0.5259089469909668,1.4840419929467306,1
82,18,0.6666666666666666,0.7005455244199068,0.04068910267056225,0.19323859668036453,0.12255043206273211,0.0,0.034195833333333335,2.865297997151494,0.13660186338171157,1.657144319843244,0.5577538013458252,1.5904075772911739,1
82,19,0.7037037037037037,0.7400584478334853,0.03951292341357849,0.20299445835836766,0.1286403234865495,0.0,0.032120833333333335,2.9873535716335824,0.14632629022303348,1.7506031516180884,0.5894924402236938,1.6797262711987777,1
82,20,0.7407407407407407,0.7782182315346641,0.038159783701178805,0.2127418876377184,0.13467992194179693,0.0,0.030883333333333336,3.108180948746446,0.15603984102684385,1.8437045631426967,0.6210523247718811,1.7507244112031728,1
82,21,0.7777777777777778,0.814882755924465,0.03666452438980092,0.2224291730510025,0.14061719525163474,0.0,0.026500000000000003,3.2270874858692915,0.1656904437166018,1.9363118226018143,0.6523545384407043,1.8027940035517531,1
82,22,0.8148148148148148,0.8499513146734281,0.03506855874896308,0.23200476284800509,0.14640023210662306,0.0,0.0262,3.3434317780451726,0.17522603850934862,2.028284398877678,0.6833178400993347,1.8360880988461687,1
82,23,0.8518518518518519,0.8833538727131359,0.03340255803970783,0.24142165325265266,0.15198759836074177,4.166666666666667e-06,0.025275000000000002,3.456625914675022,0.18459940418434434,2.119480123448491,0.7144423127174377,1.851395169574447,1
82,24,0.8888888888888888,0.9150560132138011,0.03170214050066523,0.25063582833363895,0.15734244173190498,1.25e-05,0.0242125,3.5661782059994707,0.19376611595454937,2.209761839921931,0.7460790872573853,1.8501555495357866,1
82,25,0.9259259259259259,0.9450544853044377,0.029998472090636545,0.2596062315907197,0.16242883333484287,3.3333333333333335e-05,0.023404166666666667,3.6716433625693616,0.2026855646398229,2.298992899296616,0.7775617837905884,1.8342192978207397,1
82,26,0.9629629629629629,0.9733584055580282,0.02830392025359055,0.26830249629168723,0.16723131667413701,0.00010416666666666667,0.022820833333333335,3.7727594552880412,0.21132858607486513,2.3870507599123836,0.8088524341583252,1.8055721762647057,1
82,27,1.0,1.0,0.02664159444197174,0.27669391802924653,0.17172612164820678,0.00019166666666666667,0.0222375,3.869210221588535,0.2196651438241928,2.4738234899036864,0.8399130702018738,1.7666140245400435,1
83,0,0.0,0.0,0.0,0.031168146667447685,0.029964613167781137,0.0,0.44915000000000005,0.999999915892103,2.4020296728445424e-09,0.0,0.0,-3.7517082112217146,1
83,1,0.037037037037037035,0.026556562463054833,0.026556562463054833,0.03519506546654552,0.033224131596708464,0.0,0.4061041666666667,1.1181053050071177,0.0035185124559910038,0.10392303215108907,0.029999999329447746,-3.6462011380946358,1
83,2,0.07407407407407407,0.05535389636689096,0.02879733390383613,0.03963291861819997,0.03674453295729178,0.0,0.36807083333333335,1.2467884284024109,0.007396239240339492,0.20792954941472866,0.060032401233911514,-3.52946400294098,1
83,3,0.1111111111111111,0.08643365503286447,0.031079758665973508,0.044508067867909375,0.04053510646020536,0.0,0.3378333333333334,1.3865220458309981,0.011656414154830338,0.31215588117436616,0.09013468027114868,-3.4005650862170214,1
83,4,0.14814814814814814,0.11979495222009544,0.03336129718723097,0.04984378595204651,0.04460213163478823,0.0,0.3030041666666667,1.53770286131648,0.016319614862853715,0.41668536907288695,0.12033270299434662,-3.258591083891888,1
83,5,0.18518518518518517,0.1554023382933872,0.035607386073291766,0.055661047942965225,0.048948902942670965,0.0,0.27642083333333334,1.7006385169788367,0.021404441159669982,0.5215907131533368,0.15065158903598785,-3.1026181149710297,1
83,6,0.2222222222222222,0.1931801282815949,0.03777778998820768,0.061978077020125213,0.053577289859509346,0.0,0.252475,1.8755667643853915,0.026927144709184198,0.6269350970028117,0.18111541867256165,-2.9317197828770283,1
83,7,0.25925925925925924,0.2330090341622817,0.039828905880686806,0.06880923599209486,0.058483325842652555,0.0,0.22886250000000002,2.0626017587210845,0.03290061846797277,0.7327705881770032,0.21174661815166473,-2.7449847168541535,1
83,8,0.2962962962962963,0.2747245696281351,0.0417155354658534,0.07616459915121807,0.06366268527845878,0.0,0.20397500000000002,2.261746855162666,0.03933410148404978,0.8391359733734038,0.24256522953510284,-2.5415366769638847,1
83,9,0.3333333333333333,0.31811456861250303,0.043389998984367954,0.08404899353768477,0.06910820172689593,0.0,0.17848750000000002,2.472894179894446,0.04623227288250734,0.946054773994417,0.2735883295536041,-2.3205609615034444,1
83,10,0.37037037037037035,0.3629179445521621,0.04480337593965905,0.09246092754621878,0.07480785432673463,0.0,0.16307916666666666,2.6957753547463694,0.05359433907468726,1.0535329068165313,0.3048294186592102,-2.081339297032713,1
83,11,0.4074074074074074,0.40882734910995716,0.04590940455779505,0.10139199904575495,0.08074681141158847,0.0,0.14893333333333333,2.929935619007956,0.061413371844171914,1.1615565195347661,0.3362978398799896,-1.8232890546138574,1
83,12,0.4444444444444444,0.45549484411643293,0.04666749500647576,0.1108264870720461,0.08690924397524498,0.0,0.12112916666666668,3.1748083261552678,0.0696759868435109,1.2700898727678522,0.3679982125759125,-1.5460117948390444,1
83,13,0.48148148148148145,0.5025343830442977,0.04703953892786478,0.12073984557129219,0.09327014705400982,0.0,0.11919583333333333,3.4295895261092824,0.07836121291455736,1.379072907651923,0.3999297618865967,-1.2493543322529828,1
83,14,0.5185185185185185,0.5495324458989823,0.04699806285468468,0.13109905551458487,0.09980236556980947,0.0,0.11370000000000001,3.6933241033861064,0.0874404797083349,1.4884192585982472,0.43208587169647217,-0.9334742185908134,1
83,15,0.5555555555555556,0.5960599148464313,0.04652746894744893,0.14186192806827028,0.10647241772162416,0.0,0.08289166666666667,3.9648314755790848,0.09687723327125553,1.5980140835074232,0.46445342898368835,-0.5989209244546991,1
83,16,0.5925925925925926,0.6416823546073094,0.04562243976087803,0.15297717945817313,0.11324114844492579,0.0,0.08264166666666667,4.242717534239666,0.10662690823553778,1.7077125575571714,0.49701231718063354,-0.24672087991132408,1
83,17,0.6296296296296297,0.6859763192891922,0.04429396468188295,0.16438546569154672,0.12006864664090842,0.0,0.07715416666666668,4.525477526529845,0.1166379024691841,1.81733848107911,0.5297348499298096,0.12153211144999077,1
83,18,0.6666666666666666,0.7285449502260535,0.04256863093686119,0.17601997109647788,0.12691256922239758,0.0,0.0771125,4.811460925770447,0.12685173499542418,1.9266840109072332,0.562585711479187,0.5035813145367314,1
83,19,0.7037037037037037,0.76903623254039,0.040491282314336526,0.18780679311567036,0.13372629356408305,0.0,0.07335833333333333,5.098781002363843,0.1372036956177365,2.0355104623830016,0.5955215692520142,0.8964220348175562,1
83,20,0.7407407407407407,0.8071649739170447,0.03812874137665468,0.1996637724235023,0.1404498071217704,0.0,0.07335833333333333,5.385301972815488,0.14762083379005006,2.1435514738807457,0.6284909248352051,1.2962759006650906,1
83,21,0.7777777777777778,0.842755166917266,0.035590193000221385,0.2115011647904983,0.14700901513748726,0.0,0.0731875,5.668641394937542,0.15802192116006822,2.2505220560662766,0.661434531211853,1.6986647001777513,1
83,22,0.8148148148148148,0.8756910684821371,0.03293590156487097,0.22323570413827487,0.15335432334961074,0.0,0.0731875,5.9472190064828485,0.16833239220976443,2.35613399814341,0.69428551197052,2.098538414491287,1
83,23,0.8518518518518519,0.9059058560493118,0.03021478756717484,0.23478941040601906,0.15944906391932662,0.0,0.06047916666666667,6.219583515127733,0.17848319382625763,2.4600910695173224,0.7269708514213562,2.490368817749866,1
83,24,0.8888888888888888,0.9333786143340246,0.02747275828471268,0.24609599950313926,0.16527888132711027,2.0833333333333336e-05,0.06037083333333334,6.48435364730688,0.1884165431770147,2.562107911691709,0.7594119906425476,2.8683753732505863,1
83,25,0.9259259259259259,0.9581497559203993,0.02477114158637472,0.2570902431386003,0.17082082764257023,2.9166666666666666e-05,0.06037083333333334,6.740084100136992,0.19807572461378684,2.6618836814790083,0.7915263175964355,3.2266636902375048,1
83,26,0.9629629629629629,0.980314906199379,0.022165150278979768,0.2677176123589369,0.17606263676544823,6.25e-05,0.06037083333333334,6.985787012943041,0.20741278229794183,2.759148233013074,0.823228120803833,3.559740450992173,1
83,27,1.0,1.0,0.01968509380062097,0.27793039427143135,0.18099526015007195,9.583333333333334e-05,0.0599,7.220733004149248,0.2163862469273684,2.8536320925560474,0.8544309735298157,3.8627011230087547,1
84,0,0.0,0.0,0.0,0.07949979117190739,0.0383811255789857,0.0,0.0601,0.9999999143434786,7.281632214370701e-09,0.0,0.0,-1.1005565200601168,1
84,1,0.037037037037037035,0.03468880363467185,0.03468880363467185,0.08592407231299033,0.041069073365447135,0.0,0.05209166666666667,1.0680588386362455,0.0066428699114942,0.0899999955048165,0.030000001192092896,-0.9598633301252004,1
84,2,0.07407407407407407,0.0710417431534106,0.03635293951873875,0.09276764517960337,0.04397406858978202,0.0,0.044825000000000004,1.1395629399289287,0.0137122867847754,0.18005582788265306,0.06003249064087868,-0.8092295894022978,1
84,3,0.1111111111111111,0.10900058935294571,0.037958846199535115,0.10004139161010708,0.04710906714884664,0.0,0.03869583333333333,1.214525415281766,0.021218813579142768,0.270244224015577,0.09012790769338608,-0.6483646914089132,1
84,4,0.14814814814814814,0.14847339483751454,0.03947280548456884,0.10775203346792163,0.05048487421746025,0.0,0.033287500000000005,1.2929147487933992,0.029168734271644563,0.36061442414170397,0.12030955404043198,-0.47711123141214706,1
84,5,0.18518518518518517,0.18934158603720938,0.04086819119969484,0.11590275728211626,0.054110143778454085,0.0,0.028945833333333334,1.3746566908338351,0.037564716772389754,0.4512046421190005,0.1505976915359497,-0.2954518727890125,1
84,6,0.2222222222222222,0.23145697709498922,0.042115391057779825,0.12449293948940225,0.05799094042761842,0.0,0.024958333333333336,1.459649550771702,0.04640554189817178,0.5420430991477595,0.18100924789905548,-0.10354079332856436,1
84,7,0.25925925925925924,0.27464400945142087,0.043187032356431655,0.13351751414156035,0.062130234162655465,0.0,0.0218,1.5477522566502189,0.05568546950799129,0.6331475095626092,0.21155719459056854,0.09825149003648548,1
84,8,0.2962962962962963,0.318699005316432,0.044054995865011146,0.14296669295533188,0.06652741290887983,0.0,0.01881666666666667,1.6387764369043956,0.06539396464674242,0.7245240922848285,0.24224978685379028,0.3092967698764557,1
84,9,0.3333333333333333,0.3633930915716121,0.044694086255180086,0.15282542408503705,0.07117784101904769,0.0,0.016487500000000002,1.7324997198403662,0.07551515878483059,0.8161666173970534,0.27308979630470276,0.5286577005702675,1
84,10,0.37037037037037035,0.40847431493357905,0.045081223361966946,0.16307307066982527,0.07607244471891322,0.0,0.014512500000000001,1.828662771080391,0.08602753484433957,0.9080553021420629,0.30407360196113586,0.7550399288900742,1
84,11,0.4074074074074074,0.453671747859338,0.04519743292575898,0.17368323300285776,0.08119743859743708,0.0,0.012704166666666667,1.9269656905179833,0.0969037575823423,1.0001559123648895,0.3351902961730957,0.9867498665589451,1
84,12,0.4444444444444444,0.49870214508981775,0.04503039723047974,0.18462368741307456,0.08653410548591654,0.0,0.011470833333333335,2.027071819395746,0.10811062387350766,1.0924188221922366,0.3664206564426422,1.2216634268541924,1
84,13,0.48148148148148145,0.5432752937689744,0.04457314867915668,0.19585624261581586,0.09205867022588166,0.0,0.010400000000000001,2.1286083554549924,0.119608924569879,1.184778262667585,0.39773622155189514,1.457208897185243,1
84,14,0.5185185185185185,0.5871004833552662,0.04382518958629177,0.20733717598107293,0.09774241042548215,0.0,0.009258333333333334,2.2311596458568212,0.1313538991263615,1.2771518159664301,0.4290982782840729,1.690389382431258,1
84,15,0.5555555555555556,0.6298961482781777,0.042795664922911474,0.21901760834742237,0.10355197787549551,0.0,0.0082625,2.334286634938784,0.14329562326482007,1.3694401278648236,0.46045684814453125,1.9178388105157378,1
84,16,0.5925925925925926,0.671396462271069,0.041500313992891245,0.23084401996340415,0.10944970373811623,0.0,0.0073875,2.4375317377544183,0.15537953559535478,1.461526971833724,0.49174994230270386,2.1359285222633986,1
84,17,0.6296296296296297,0.7113595501818931,0.039963087910824216,0.24275930100670856,0.11539431927127657,0.0,0.006966666666666667,2.5404200033030966,0.16754750912651653,1.5532798457735113,0.5229029655456543,2.340935260264409,1
84,18,0.6666666666666666,0.7495741445167329,0.03821459433483976,0.254703239221533,0.12134101151215784,0.0,0.006475000000000001,2.6424723610166883,0.17973830488595932,1.644550977250715,0.5538284182548523,2.5292679771455653,1
84,19,0.7037037037037037,0.7858646867161551,0.03629054219942214,0.26661368741597546,0.12724235239009676,0.0,0.0058625000000000005,2.7431904990753577,0.19188867619338368,1.7351788056617672,0.5844258069992065,2.697742209683444,1
84,20,0.7407407407407407,0.8200981703308088,0.03423348361465369,0.2784285447921213,0.13305153987829813,0.0,0.0056166666666666665,2.8421050051210317,0.20393554183698598,1.8249900579654663,0.6148028373718262,2.8437543935662006,1
84,21,0.7777777777777778,0.8521840788107382,0.03208590847992945,0.29008601550857843,0.13872043904993964,0.0,0.004954166666666667,2.938744762908593,0.21581581528081897,1.913803085310655,0.6459040641784668,2.965625582983808,1
84,22,0.8148148148148148,0.8820737633985101,0.029889684587771925,0.3015234048927296,0.14419510463650045,0.0,0.004854166666666667,3.0325560632911346,0.2274645707014806,2.001430118916017,0.676861584186554,3.062971514866815,1
84,23,0.8518518518518519,0.9097671307780937,0.027693367379583517,0.31268180325629047,0.14942578101668003,8.333333333333334e-06,0.0047125000000000005,3.123103862364416,0.23882047574969864,2.0876826493957714,0.7076351046562195,3.136492196716297,1
84,24,0.8888888888888888,0.9353082572214088,0.025541126443315163,0.3235064052733107,0.15436637435370903,1.25e-05,0.004595833333333334,3.209941718898331,0.24982518881570367,2.17237599351365,0.7381832003593445,3.18803920668352,1
84,25,0.9259259259259259,0.9587820292112148,0.023473771989806033,0.3339499056584865,0.15897952589629682,2.0833333333333336e-05,0.004179166666666667,3.292724794552631,0.26042730051869556,2.2553356749034403,0.7684640884399414,3.220236444550638,1
84,26,0.9629629629629629,0.9803003326685396,0.02151830345732473,0.34397267867006204,0.16323343338672777,5.416666666666667e-05,0.004179166666666667,3.3711314658520086,0.2705854810548597,2.3364034480252887,0.7984362244606018,3.2361711932212476,1
84,27,1.0,1.0,0.01969966733146044,0.3535443760001575,0.16710934736870348,0.00011250000000000001,0.003966666666666667,3.4450191543917272,0.2802680517787179,2.4154408838075825,0.8280587196350098,3.238981448438805,1
85,0,0.0,0.0,0.0,0.09718635709328749,0.05907520922235075,0.0,0.09285416666666667,0.9999999434442765,6.3335147893263234e-09,0.0,0.0,0.7322528228569603,1
85,1,0.037037037037037035,0.0391005668697811,0.0391005668697811,0.10332154668733141,0.061979725321425955,0.0,0.08296666666666667,1.0522520396281783,0.005827407726910638,0.08485281184577764,0.030000001192092896,0.8716988082674337,1
85,2,0.07407407407407407,0.07934929971467548,0.040248732844894386,0.10975952487514244,0.06498230870915854,0.0,0.07604583333333334,1.106411728298839,0.011942933983703713,0.16971589970456735,0.060008179396390915,1.0187623601835316,1
85,3,0.1111111111111111,0.12066102130946171,0.04131172159478623,0.11650348382372509,0.06808123156417738,0.0,0.06782083333333333,1.1624531719465347,0.01834975959987302,0.25465973876819814,0.0900491401553154,1.1736148000097462,1
85,4,0.14814814814814814,0.1629221620205112,0.0422611407110495,0.12355231667354392,0.07127276038109281,0.0,0.0611,1.2203140931743965,0.025046987451381415,0.3397171582623025,0.12013541907072067,1.3363208081551416,1
85,5,0.18518518518518517,0.20599785790789005,0.04307569588737883,0.13090208010225482,0.07455210375116628,0.0,0.05578333333333334,1.2799197223707182,0.03203102884749597,0.42490851976963206,0.150279238820076,1.5068626539142205,1
85,6,0.2222222222222222,0.24973655489969518,0.043738696991805145,0.13854592129121102,0.07791343047844203,0.0,0.04970416666666667,1.341170196847821,0.039295530865647986,0.5102443809537003,0.1804991513490677,1.6851282671100272,1
85,7,0.25925925925925924,0.2939692414296652,0.04423268652997001,0.1464738697881516,0.08134988350562533,0.0,0.044983333333333334,1.403945118285214,0.04683117525682707,0.5957256436571334,0.2107926607131958,1.8708958957511879,1
85,8,0.2962962962962963,0.3385125178867377,0.0445432764570725,0.15467274877667836,0.08485359404650257,0.0,0.04022916666666667,1.468110557146346,0.05462559001977271,0.6813431671576873,0.2411605268716812,2.0638188602129848,1
85,9,0.3333333333333333,0.38316917213684143,0.04465665425010374,0.1631259418029071,0.08841565549034608,0.0,0.03654583333333333,1.5335064545812818,0.06266312511767805,0.7670772733381476,0.2715998589992523,2.263405871134511,1
85,10,0.37037037037037035,0.42773316737842726,0.04456399524158582,0.17181340823960986,0.09202620218831757,0.0,0.03354166666666667,1.59995095507213,0.0709248597327374,0.8528972464223424,0.3021038770675659,2.469006953227602,1
85,11,0.4074074074074074,0.4719907931860522,0.044257625807624934,0.1807117057710187,0.09567446759119798,0.0,0.029829166666666667,1.6672509718050597,0.07938862279121273,0.9387609169451628,0.3326617181301117,2.6797993063126437,1
85,12,0.4444444444444444,0.5157264207282998,0.043735627542247614,0.18979406338086016,0.09934881624683747,0.0,0.027695833333333336,1.7351951058060513,0.0880290565275238,1.0246144248918696,0.36325833201408386,2.8947756565833966,1
85,13,0.48148148148148145,0.5587259558985325,0.04299953517023263,0.19903062407328026,0.10303691429169408,0.0,0.025479166666666667,1.8035591649446114,0.09681784209246463,1.1103920197742723,0.39387431740760803,3.1127409910067634,1
85,14,0.5185185185185185,0.6007810598080328,0.042055103909500346,0.2083887427835261,0.10672604116080275,0.0,0.023520833333333335,1.872102229906328,0.10572399013383547,1.1960161559981937,0.42448583245277405,3.3323095075982536,1
85,15,0.5555555555555556,0.6416925059964574,0.04091144618842468,0.217833398076463,0.11040301563532677,0.0,0.02074166666666667,1.9405816069024286,0.11471421789172649,1.2813978099277064,0.455064594745636,3.5519208856946385,1
85,16,0.5925925925925926,0.6812778540557308,0.03958534805927337,0.2273277388367279,0.11405446587771448,0.0,0.019254166666666666,2.008748197809842,0.12375347224653621,1.3664369668034753,0.4855780303478241,3.769861356471708,1
85,17,0.6296296296296297,0.7193725047533304,0.038094650697599555,0.23683360756548394,0.11766703663310987,0.0,0.018175,2.0763543518267245,0.1328054275945825,1.4510235511008331,0.5159894824028015,3.984296336962011,1
85,18,0.6666666666666666,0.7558344960472204,0.03646199129389001,0.24631235613396307,0.12122778046401346,0.0,0.01724166666666667,2.143150994215528,0.14183326774054958,1.5350384744283492,0.5462583899497986,4.1933182586394775,1
85,19,0.7037037037037037,0.7905464214918254,0.034711925444604975,0.25572534975507205,0.12472414857046585,0.0,0.016558333333333335,2.2089009593798576,0.1508001583494414,1.6183550961298319,0.5763408541679382,4.395004545601585,1
85,20,0.7407407407407407,0.8234178282454969,0.03287140675367149,0.26503480649147887,0.1281443124840991,0.0,0.015533333333333335,2.273373574623577,0.15967005315739274,1.700840887417013,0.6061900854110718,4.587486543882841,1
85,21,0.7777777777777778,0.8543856007517082,0.03096777250621132,0.27420441497107945,0.13147732603811527,4.166666666666667e-06,0.014466666666666668,2.3363577323149523,0.1684082834426482,1.7823594227231792,0.6357570886611938,4.769020070202238,1
85,22,0.8148148148148148,0.8834147281014437,0.029029127349735576,0.283200013096443,0.13471313973487353,4.166666666666667e-06,0.013141666666666668,2.3976657767537493,0.1769822235270675,1.8627723954965252,0.6649912595748901,4.93806318706995,1
85,23,0.8518518518518519,0.9104969611490178,0.027082233047573973,0.2919902612477391,0.13784326039701886,8.333333333333334e-06,0.012675,2.457126471443522,0.18536188888605296,1.9419418233069783,0.6938408017158508,5.093335319884858,1
85,24,0.8888888888888888,0.9356484145046071,0.0251514533555894,0.3005469314730371,0.14086020708417088,1.25e-05,0.012675,2.514591874349889,0.19352026411685705,2.0197324907936967,0.7222545742988586,5.233875496046217,1
85,25,0.9259259259259259,0.958907168526785,0.023258754022177926,0.30884530354739614,0.14375785518532191,1.25e-05,0.0118,2.56993165769374,0.20143367557374167,2.0960139855553392,0.750182032585144,5.3590725179785395,1
85,26,0.9629629629629629,0.9803321182789366,0.02142494975215154,0.3168645520205062,0.14653165493713674,1.25e-05,0.011591666666666667,2.6230482622535747,0.20908209387367824,2.1706630583920323,0.7775747776031494,5.468684741278333,1
85,27,1.0,1.0,0.019667881721063388,0.32458764034014337,0.14917789673534873,1.25e-05,0.0114125,2.673864787519474,0.2164491230802158,2.2435658092792723,0.8043877482414246,5.562824343973931,1
86,0,0.0,0.0,0.0,0.02138941578407623,0.021613349321566815,0.0,0.6324500000000001,0.9999999055471441,1.9536890451692874e-09,0.0,0.0,-1.6944906273889666,1
86,1,0.037037037037037035,0.019127505546014355,0.019127505546014355,0.024343780932528775,0.02427130991279018,0.0,0.6081083333333334,1.1331815218542491,0.002869199204753386,0.10392302892489329,0.029999999329447746,-1.6472034070907622,1
86,2,0.07407407407407407,0.04019025836279376,0.0210627528167794,0.02762529442686699,0.02717638617954555,0.0,0.5764958333333333,1.2805913996316312,0.006055164387344202,0.2079788126864399,0.0600406713783741,-1.5946358152292448,1
86,3,0.1111111111111111,0.06327624429903565,0.023085985936241893,0.03125667031346237,0.03033968115000816,0.0,0.536725,1.4430471255500854,0.009579774904435423,0.3122646632254317,0.09014871716499329,-1.536385015266057,1
86,4,0.14814814814814814,0.08845800018318124,0.02518175588414559,0.03525976194737132,0.03377086299391884,0.0,0.4956666666666667,1.621396765332431,0.013464063064689981,0.41686890675358823,0.12035098671913147,-1.4720490158186843,1
86,5,0.18518518518518517,0.11578805268410175,0.027330052500920504,0.039655263146542136,0.0374780251724462,0.0,0.45119583333333335,1.816443813607861,0.017727928307381485,0.5218756096265864,0.1506737321615219,-1.401229217149437,1
86,6,0.2222222222222222,0.1452965641746784,0.02950851149057665,0.04446224579929908,0.04146739211970191,0.0,0.41111250000000005,2.028932695832239,0.022389687430380664,0.6273631952080705,0.1811424195766449,-1.3235359408465355,1
86,7,0.25925925925925924,0.17698780152717244,0.031691237352494045,0.04969750949229661,0.04574295838592612,0.0,0.37051666666666666,2.259512803075188,0.027465448451474854,0.7334027129947901,0.21178103983402252,-1.2385967954268846,1
86,8,0.2962962962962963,0.21083366223807012,0.0338458607108977,0.05537493338326005,0.05030610935080948,0.0,0.32707083333333337,2.508741419474204,0.03296848475198171,0.8400562128613948,0.24261152744293213,-1.1460657337895261,1
86,9,0.3333333333333333,0.24677352729455654,0.0359398650564864,0.06150487879056359,0.05515537919823623,0.0,0.28229583333333336,2.776912517416232,0.03890866036466646,0.9473752406982116,0.27365899085998535,-1.0456315868143484,1
86,10,0.37037037037037035,0.28471043570283294,0.03793690840827641,0.06809339487685771,0.06028602848266077,0.0,0.25135,3.064207184543339,0.04529166265136058,1.0553992167030275,0.30494317412376404,-0.9370309236228964,1
86,11,0.4074074074074074,0.3245077004170132,0.03979726471418025,0.07514165756826588,0.0656898924193041,0.0,0.22962083333333336,3.3706226163324664,0.05211846500347278,1.164154107274089,0.336480051279068,-0.8200578257185063,1
86,12,0.4444444444444444,0.36599155674259615,0.04148385632558295,0.08264534170604833,0.071355134768543,0.0,0.18871666666666667,3.6958567975239958,0.05938472219529471,1.2736510291359948,0.3682812750339508,-0.6945765034346758,1
86,13,0.48148148148148145,0.40894807253241444,0.04295651578981829,0.09059402902191778,0.07726611432412335,0.0,0.1836625,4.039641845158526,0.06708020165254065,1.3838849145994738,0.400355726480484,-0.5605343877505646,1
86,14,0.5185185185185185,0.45312932779473697,0.04418125526232253,0.09897094788559414,0.08340343325177278,0.0,0.1635625,4.40106897322313,0.07518853628641421,1.4948334101339846,0.4327082335948944,-0.4179719564294597,1
86,15,0.5555555555555556,0.49825503316205766,0.04512570536732069,0.1077526522443189,0.08974398593404166,0.0,0.1395125,4.779066528266619,0.08368691880112941,1.60645581868607,0.4653390645980835,-0.2670347561666979,1
86,16,0.5925925925925926,0.5440184152321454,0.04576338207008779,0.11690895347286351,0.09626115017220685,0.0,0.139125,5.172289123473216,0.09254603924616564,1.71869219695783,0.4982435703277588,-0.10798327805633967,1
86,17,0.6296296296296297,0.5900940146449355,0.046075599412790096,0.12640317766228032,0.10292513277657106,0.0,0.10676250000000001,5.579150044999111,0.101730336031709,1.8314628317465158,0.5314120054244995,0.05880120047290749,1
86,18,0.6666666666666666,0.6361451898923681,0.04605117524743261,0.13619261288352708,0.10970351608479222,0.0,0.10673333333333333,5.997868496580013,0.11119843509426768,1.9446678873867806,0.5648292303085327,0.23281345091303507,1
86,19,0.7037037037037037,0.6818342695316998,0.04568907963933159,0.14622905512947576,0.11656154106568313,0.0,0.098375,6.426333070527367,0.12090366949933491,2.0581875516117143,0.5984745621681213,0.413422877901656,1
86,20,0.7407407407407407,0.7268297617282893,0.04499549219658952,0.15645964419281647,0.12346322134227772,0.0,0.098375,6.86236714287081,0.13079491362519782,2.171882470627696,0.6323215961456299,0.5998735731804592,1
86,21,0.7777777777777778,0.7708179778041719,0.043988216075882644,0.16682806236289258,0.13037120733640534,4.166666666666667e-06,0.09826666666666667,7.303685998873278,0.14081770149413303,2.2855948877756886,0.6663381457328796,0.7912989092508802,1
86,22,0.8148148148148148,0.8135105360478978,0.04269255824372595,0.17727581175734092,0.1372488267793621,4.166666666666667e-06,0.071825,7.747875463926944,0.15091554079463304,2.399150017855729,0.7004863619804382,0.986731614064519,1
86,23,0.8518518518518519,0.8546517183908448,0.04114118234294691,0.18774350327883882,0.14406069837421645,4.166666666666667e-06,0.06036666666666667,8.192382934157092,0.16103105800178535,2.5123583998742562,0.7347229719161987,1.1851202187923278,1
86,24,0.8888888888888888,0.8940241350479784,0.03937241665713364,0.19817215135895797,0.15077243324063969,4.166666666666667e-06,0.06036666666666667,8.634761137800698,0.1711073076130803,2.6250182669692754,0.7689999938011169,1.3853524401061446,1
86,25,0.9259259259259259,0.931453064956877,0.0374289299088986,0.20850458218453574,0.15735193292031183,4.166666666666667e-06,0.06036666666666667,9.072659287302795,0.18108911883038173,2.7369187598680216,0.8032646775245667,1.5862795628188513,1
86,26,0.9629629629629629,0.96680689717831,0.03535383222143301,0.2186867298290378,0.16377002867327037,4.166666666666667e-06,0.0601,9.50381098244859,0.19092434387589716,2.8478434953559346,0.8374607563018799,1.786744388672009,1
86,27,1.0,1.0,0.03319310282168998,0.22866874118586827,0.17000091192231911,8.333333333333334e-06,0.059975,9.92615782524269,0.20056492298723316,2.9575741250150993,0.8715289831161499,1.9856094368404884,1
87,0,0.0,0.0,0.0,0.015215548063707974,0.007184113739353881,0.0,0.7759208333333334,0.9999999110368833,1.3939150246895022e-09,0.0,0.0,-1.012132360134101,1
87,1,0.037037037037037035,0.015549020782557868,0.015549020782557868,0.017556914029148593,0.008145277102825218,0.0,0.6462666666666667,1.1339574590981558,0.0022239338753596207,0.10392302516099813,0.029999997466802597,-0.9797722452532476,1
87,2,0.07407407407407407,0.032927198730224275,0.017378177947666405,0.02019219965532447,0.009205896636726604,0.0,0.5140166666666667,1.281807955315389,0.004726379109593755,0.20798551662685938,0.06004057452082634,-0.9432975757803765,1
87,3,0.1111111111111111,0.05225524340490719,0.019328044674682916,0.02314601423718246,0.010371521608084593,0.0,0.381525,1.4442458388099584,0.007530640719215929,0.3122785655678969,0.09014888852834702,-0.9023361424898573,1
87,4,0.14814814814814814,0.07364408911564843,0.021388845710741233,0.02644295703587892,0.011647312344289229,0.0,0.2915125,1.6219369519544553,0.010660025191561243,0.41689333427230585,0.12035147845745087,-0.8565057312769078,1
87,5,0.18518518518518517,0.09719296949002876,0.023548880374380337,0.030107228202089168,0.013037912594529287,0.0,0.2187125,1.8155011175333153,0.014137471829360584,0.521919929410231,0.15067419409751892,-0.8054176913671025,1
87,6,0.2222222222222222,0.1229833449685996,0.025790375478570833,0.034162155601320666,0.014547324953334925,0.0,0.16913333333333333,2.0254723296091828,0.01798510498152593,0.6274451591218326,0.18114213645458221,-0.748681577770312,1
87,7,0.25925925925925924,0.15107594060704468,0.028092595638445093,0.038629583507943155,0.016178728271527186,0.0,0.131175,2.2522730678189817,0.02222365928479121,0.7335505405338493,0.21178092062473297,-0.6859117168969648,1
87,8,0.2962962962962963,0.1815057103398552,0.030429769732810495,0.043529246492545554,0.017934340045674547,0.0,0.09711666666666667,2.4961853399316047,0.026871883066749435,0.8403104745028914,0.24261197447776794,-0.6167342170780596,1
87,9,0.3333333333333333,0.21427754179346417,0.032771831453608985,0.04887804962128476,0.019815239124295416,0.0,0.0706375,2.7573126129668952,0.03194586022587868,0.9477904941195983,0.2736549973487854,-0.5407955217290468,1
87,10,0.37037037037037035,0.24936077622024594,0.03508323442678176,0.05468932539890457,0.021821199641908328,0.0,0.057245833333333336,3.0355958975118287,0.03745830196738825,1.0560456880825912,0.3049268424510956,-0.45777190040739857,1
87,11,0.4074074074074074,0.2866884679490564,0.037327691728810494,0.060972087385022015,0.02395058194632633,0.0,0.045225,3.330776686856776,0.043417842129251226,1.1651191634457174,0.33646130561828613,-0.36737951506487754,1
87,12,0.4444444444444444,0.3261516080994487,0.03946314015039227,0.06773032403249667,0.026200173846824357,0.0,0.0314875,3.6423951826816023,0.04982836283984038,1.275040573514306,0.36827296018600464,-0.2693850905875772,1
87,13,0.48148148148148145,0.3675985321421052,0.041446924042656534,0.07496220172357547,0.028565119613173342,0.0,0.030025000000000003,3.969758144158205,0.056688236809113814,1.3858247624248963,0.40036582946777344,-0.16361881304925863,1
87,14,0.5185185185185185,0.41083699343732477,0.04323846129521952,0.08265962943555924,0.03103885893761242,0.0,0.025633333333333334,4.311971566675096,0.06398991066097967,1.4974705049203079,0.43275657296180725,-0.049983587150031816,1
87,15,0.5555555555555556,0.4556325340262112,0.044795540588886414,0.09080771249967441,0.03361312991701465,0.0,0.016825,4.66783850619845,0.07171938287583245,1.609959409750088,0.465481698513031,0.07153278982102673,1
87,16,0.5925925925925926,0.5017136684768905,0.046081134450679295,0.0993843972506343,0.03627796835409996,0.0,0.016683333333333335,5.0359890398164655,0.07985586328138662,1.7232547631543997,0.4985130727291107,0.20084649250455122,1
87,17,0.6296296296296297,0.5487772158406196,0.047063547363729086,0.10836056782356328,0.039021871009486696,0.0,0.014475,5.414834667791704,0.08837185518874645,1.8373008537473894,0.5318456292152405,0.33777171107105985,1
87,18,0.6666666666666666,0.5964934834980031,0.047716267657383606,0.11770013399759792,0.041831927394157274,0.0,0.014466666666666668,5.80260104571966,0.09723323915232969,1.9520222196798833,0.5654689073562622,0.4820133315671722,1
87,19,0.7037037037037037,0.6445170791811033,0.048023595683100224,0.1273603884900555,0.04469385620132848,0.0,0.012408333333333334,6.197343670473762,0.10639959668534252,2.0673233765373356,0.5993669033050537,0.6331627131649817,1
87,20,0.7407407407407407,0.6924931315888999,0.04797605240779659,0.13729268588265964,0.04759254039344377,0.0,0.012408333333333334,6.597027873743301,0.11582486303825928,2.183088973585806,0.6335178017616272,0.7906970696956623,1
87,21,0.7777777777777778,0.7400700278379947,0.04757689624909477,0.14744353096108398,0.0505124507416507,0.0,0.0123625,6.999564153846422,0.1254583527963667,2.299184052455769,0.6678940057754517,0.9539847522122002,1
87,22,0.8148148148148148,0.7869072632868829,0.046837235448888126,0.15775553426487646,0.05343754906286942,0.0,0.009345833333333334,7.402769202147838,0.13524565901711338,2.41545516229524,0.7024619579315186,1.122291580949586,1
87,23,0.8518518518518519,0.8326861054481706,0.04577884216128767,0.16816874236576607,0.05635183093211441,0.0,0.009266666666666668,7.80444076371667,0.1451299120375324,2.5317316972563164,0.7371825575828552,1.2947920682739422,1
87,24,0.8888888888888888,0.877116110823819,0.04443000537564853,0.17862206046462709,0.059239674847374545,0.0,0.009266666666666668,8.202473076624702,0.15505313750617788,2.647827935381727,0.7720110416412354,1.4705851789637379,1
87,25,0.9259259259259259,0.9199457888173626,0.042829677993543445,0.18905479119680788,0.06208618706467572,0.0,0.009266666666666668,8.594826054071397,0.16495771188107386,2.763545472545049,0.806897759437561,1.648714420811821,1
87,26,0.9629629629629629,0.9609629720086375,0.04101718319127497,0.19940795838853642,0.06487751166411658,0.0,0.009095833333333334,8.979623233929923,0.17478761908300805,2.8786761854391383,0.8417885303497314,1.828187578861776,1
87,27,1.0,1.0,0.03903702799136253,0.20962563866817527,0.06760107511025783,0.0,0.009095833333333334,9.355145965536268,0.18448972758709312,2.993005641492216,0.8766254186630249,2.008000156829368,1
88,0,0.0,0.0,0.0,0.03646797037535906,0.01870943223533901,0.0,0.21600833333333333,0.9999999030396316,3.401230141106579e-09,0.0,0.0,-3.124652661313881,1
88,1,0.037037037037037035,0.02353004372519213,0.02353004372519213,0.041349491771058615,0.020948159315359684,0.0,0.1855291666666667,1.117988203305407,0.005075616523666153,0.10392303699038284,0.029999999329447746,-3.014613779713242,1
88,2,0.07407407407407407,0.04922034809974046,0.025690304374548337,0.04674563573723597,0.02338541745080756,0.0,0.16350416666666667,1.2463374641710039,0.010682802217537797,0.207977820143753,0.06004071980714798,-2.8917158048739804,1
88,3,0.1111111111111111,0.0771272463348974,0.027906898235156935,0.05268796019930492,0.026028638849436833,0.0,0.14435833333333334,1.3853983597880548,0.016853717852385146,0.31225774449485555,0.09014910459518433,-2.754772282655358,1
88,4,0.14814814814814814,0.10728080333211458,0.030153556997217175,0.0592060824109604,0.028883935717810755,0.0,0.13012083333333335,1.5354582329683937,0.023618473293054075,0.4168473229978547,0.12035167962312698,-2.602527084391868,1
88,5,0.18518518518518517,0.13968214780782875,0.03240134447571417,0.06632700273785654,0.03195592834827582,0.0,0.1168125,1.6967566138917274,0.03100443212845389,0.521824499182722,0.1506744623184204,-2.4336514648822787,1
88,6,0.2222222222222222,0.17429864959595928,0.034616501788130534,0.07407446005698975,0.03524755024169646,0.0,0.10115416666666667,1.8694459993287857,0.03903555289175905,0.6272591502253722,0.18114188313484192,-2.246739343626002,1
88,7,0.25925925925925924,0.2110614569938644,0.0367628073979051,0.08246772246117108,0.03875969265118809,0.0,0.08872083333333333,2.0535771107554615,0.047731150675856045,0.7332113107037249,0.21177640557289124,-2.040314912549162,1
88,8,0.2962962962962963,0.24985995579074244,0.038798498796878064,0.09152080061276842,0.04249103052819199,0.0,0.07545833333333334,2.2490744332928667,0.05710509373711345,0.8397293692732708,0.24259793758392334,-1.8128304254964114,1
88,9,0.3333333333333333,0.29054064055119533,0.0406806847604529,0.10124133560690259,0.04643771955843924,0.0,0.06337916666666667,2.4557433994512374,0.0671646704290489,0.946848251234833,0.2736232280731201,-1.5626726915339777,1
88,10,0.37037037037037035,0.3329051650141104,0.04236452446291503,0.1116295941214857,0.050593211012181595,0.0,0.05671666666666667,2.673248101740139,0.07790956438858605,1.0545875654137356,0.3048652410507202,-1.2881689002016667,1
88,11,0.4074074074074074,0.3767112655879267,0.04380610057381635,0.12267759487646569,0.05494809107288208,0.0,0.0501375,2.9011052239889934,0.08933097259696289,1.1629499797988851,0.33633267879486084,-0.9875926568901559,1
88,12,0.4444444444444444,0.42167419789882765,0.04496293231090094,0.1343683099901732,0.05948998885067827,0.0,0.04552916666666667,3.138678566509292,0.10141079715159335,1.2719193181650439,0.36802929639816284,-0.6591731054012051,1
88,13,0.48148148148148145,0.4674711490459024,0.04579695114707475,0.14667494572852588,0.06420351291241168,0.0,0.04015833333333334,3.3852086762047815,0.11412092091664802,1.3814590182717716,0.39995333552360535,-0.30110946047138576,1
88,14,0.5185185185185185,0.5137465733515744,0.04627542430567201,0.15956063091661496,0.06907031889422924,0.0,0.03480833333333334,3.6397304914628332,0.12742290487264724,1.4915106240174,0.432096928358078,0.08841564251983769,1
88,15,0.5555555555555556,0.5601220942830692,0.04637552093149479,0.1729783109468171,0.07406927616710393,0.0,0.028295833333333336,3.9011652063522333,0.1412678931836052,1.6019923971927508,0.4644455313682556,0.511216167836686,1
88,16,0.5925925925925926,0.6062036871933755,0.046081592910306314,0.18687084301602977,0.0791766579581566,0.0,0.0269375,4.1682778180510915,0.1555967289948642,1.712798262686691,0.4969773590564728,0.9690712795672809,1
88,17,0.6296296296296297,0.65159430042322,0.045390613229844404,0.20117171381116078,0.08436651492714473,0.0,0.020529166666666668,4.439743779588692,0.17034069813100958,1.8237971463308178,0.5296629071235657,1.4636913047691387,1
88,18,0.6666666666666666,0.69590724598243,0.044312945559210115,0.21580605103559694,0.08961116969803586,0.0,0.02051666666666667,4.714154501125232,0.1854225875924458,1.9348328686711236,0.5624646544456482,1.9966664873687598,1
88,19,0.7037037037037037,0.7387748701443805,0.042867624161950495,0.23069176608105452,0.09488159847673756,0.0,0.013829166666666667,4.989981921963904,0.20075785970481036,2.045724410078794,0.5953366756439209,2.569381643828624,1
88,20,0.7407407407407407,0.7798625084855747,0.0410876383411942,0.24574123044880097,0.10014809687037106,0.0,0.013829166666666667,5.265695658183845,0.2162563800753418,2.1562671356322465,0.6282247304916382,3.1828997249166466,1
88,21,0.7777777777777778,0.8188778234488941,0.03901531496331941,0.26086340031011773,0.1053809147839474,0.0,0.013758333333333334,5.539757916506648,0.2318246008583668,2.266234631694229,0.6610663533210754,3.8377931258757165,1
88,22,0.8148148148148148,0.8555802958227257,0.0367024723738315,0.27596594136922736,0.1105508974401507,0.0,0.013758333333333334,5.810675942890066,0.2473677375620451,2.375381586387188,0.6937913298606873,4.533880533779678,1
88,23,0.8518518518518519,0.8897852778590752,0.03420498203634965,0.2909572055141781,0.11563007685454067,0.0,0.009958333333333335,6.076949961084113,0.2627917933370517,2.4834472512651837,0.7263224720954895,5.269813218078477,1
88,24,0.8888888888888888,0.921366712454075,0.03158143459499974,0.30574871650823565,0.12059246308884035,0.0,0.009958333333333335,6.337233076261475,0.278006104975402,2.590159828806744,0.7585766315460205,6.042483875729388,1
88,25,0.9259259259259259,0.9502599549390746,0.02889324248499955,0.3202573151150152,0.1254143972589732,0.0,0.009958333333333335,6.5903008148117905,0.29292553090217344,2.695241480966459,0.7904661297798157,6.846165336192939,1
88,26,0.9629629629629629,0.9764566425513834,0.026196687612308887,0.3344066595597633,0.13007498678447332,0.0,0.009958333333333335,6.835059172704348,0.3074719745453046,2.7984138060321424,0.8219003081321716,7.671276925629773,1
88,27,1.0,1.0,0.02354335744861653,0.34812905733410093,0.13455651984550973,0.0,0.009395833333333334,7.070568145942969,0.3215762635267456,2.8994033766782543,0.8527873754501343,8.502854148240836,1
89,0,0.0,0.0,0.0,0.057529889191893245,0.04796042802639053,0.0,0.26888333333333336,0.9999999294666394,4.32269427821868e-09,0.0,0.0,-3.4667383973367443,1
89,1,0.037037037037037035,0.03453837183005568,0.03453837183005568,0.06435923609634427,0.05278474721146608,0.0,0.25042083333333337,1.1065784553298448,0.006239919117267062,0.10392304182967692,0.029999999329447746,-3.3293238939398577,1
89,2,0.07407407407407407,0.07147086429154086,0.036932492461485174,0.07181195975613283,0.057947663842914644,0.0,0.22566666666666668,1.2214757590664533,0.01305590379346589,0.20794986419366684,0.0600401908159256,-3.177577791525092,1
89,3,0.1111111111111111,0.11074483738170492,0.03927397309016406,0.07991712635621602,0.0634543007509899,0.0,0.21062083333333334,1.3448991450942622,0.020475569853401977,0.31217629900956384,0.0901481881737709,-3.010308404759275,1
89,4,0.14814814814814814,0.15225887580410935,0.04151403842240444,0.088699270818136,0.06930570611422972,0.0,0.18780000000000002,1.4770085833747406,0.02852243446563694,0.4166739029122821,0.12035032361745834,-2.8262893434775815,1
89,5,0.18518518518518517,0.195862655702798,0.043603779898688654,0.09817826054645254,0.07549932750188167,0.0,0.16552083333333334,1.6178894124655514,0.037215760376105834,0.5215019142722527,0.15067200362682343,-2.624247057765448,1
89,6,0.2222222222222222,0.24135414607987235,0.04549149037707433,0.10836834160523438,0.082028668867615,0.0,0.1524,1.767551373058069,0.046569656217686134,0.6267064651378828,0.1811370849609375,-2.4028654945686307,1
89,7,0.25925925925925924,0.2884784094030237,0.04712426332315138,0.11927696027085172,0.08888287065480234,0.0,0.13624166666666668,1.9259134849478323,0.056591965158209336,0.732318551315554,0.21176724135875702,-2.1607976923894716,1
89,8,0.2962962962962963,0.33692613568140617,0.04844772627838246,0.13090354905808554,0.09604627694413481,0.0,0.11142083333333334,2.092787925768216,0.06728312509350493,0.8383515979835395,0.24258142709732056,-1.8966811040604954,1
89,9,0.3333333333333333,0.3863367075797206,0.04941057189831444,0.14323842504848266,0.10349813982214147,0.0,0.10347083333333335,2.2678618963357065,0.07863511900004427,0.9447988627055179,0.2735952138900757,-1.6091557758756743,1
89,10,0.37037037037037035,0.43630166532978826,0.049964957750067665,0.15626159019766747,0.11121226377370906,0.0,0.0948875,2.4507047138859215,0.0906303390507153,1.051630704735984,0.30482017993927,-1.296892316512368,1
89,11,0.4074074074074074,0.4863717698195274,0.05007010448973913,0.16994173421341355,0.11915687376110976,0.0,0.08447500000000001,2.6407492370553234,0.1032406361103556,1.1587918713367178,0.3362632989883423,-0.958625206630547,1
89,12,0.4444444444444444,0.5360676638593331,0.049695894039805705,0.18423552063540818,0.1272945419116315,0.0,0.0325625,2.8372971324446703,0.11642662465556641,1.2661984714171965,0.36792635917663574,-0.5931937808115659,1
89,13,0.48148148148148145,0.5848911331446911,0.04882346928535799,0.1990868107134388,0.13558223311702328,0.0,0.032445833333333333,3.039507614427366,0.130136941481804,1.3737352706825485,0.3998051881790161,-0.19960186018130344,1
89,14,0.5185185185185185,0.6323422309153004,0.04745109777060926,0.21442670963854232,0.14397162892816998,0.0,0.03220833333333333,3.2463944851830244,0.14430825757770088,1.4812530986808168,0.431889146566391,0.22292014418769313,1
89,15,0.5555555555555556,0.6779346035254942,0.04559237261019385,0.23017355519262317,0.15240958302140242,0.0,0.030304166666666667,3.456836743161208,0.1588652517112677,1.5885665736641312,0.4641602635383606,0.6748258311891853,1
89,16,0.5925925925925926,0.7212152137870431,0.04328061026154885,0.24623359593708577,0.16083864356217456,0.0,0.029845833333333335,3.6695840979372325,0.173721207576626,1.695452567917212,0.49659276008605957,1.1561499064735372,1
89,17,0.6296296296296297,0.7617817987928515,0.04056658500580839,0.26250200356696257,0.16919748824632655,0.0,0.029650000000000003,3.8832081132420426,0.18877891240141473,1.8016496826261257,0.5291526913642883,1.6663851783474062,1
89,18,0.6666666666666666,0.7993055251080153,0.037523726315163826,0.2788634965990767,0.17741925239872006,0.0,0.029650000000000003,4.095963584265219,0.20393099224315764,1.9068593986434592,0.5617972612380981,2.204349834803949,1
89,19,0.7037037037037037,0.8335529109988155,0.03424738589080011,0.2951899888694637,0.1854252174519868,0.0,0.029475,4.306198902878284,0.21905682763321546,2.0107506080222497,0.594474732875824,2.7680693075246676,1
89,20,0.7407407407407407,0.8644315366123213,0.030878625613505906,0.31134287534424593,0.1931186842884273,0.0,0.029475,4.511572507935004,0.23402441080569408,2.112968950294491,0.627124547958374,3.3547651281907953,1
89,21,0.7777777777777778,0.8921601578080649,0.02772862119574365,0.3271601631096121,0.2003207931452283,0.0,0.029475,4.709634130332345,0.2486742943555615,2.2131806999693957,0.6596775650978088,3.9614542391601173,1
89,22,0.8148148148148148,0.9168010763614537,0.024640918553388756,0.342546368091329,0.20702212199440748,0.0,0.029475,4.900179768474794,0.2629179483521814,2.311127372950853,0.6920574903488159,4.584494432573155,1
89,23,0.8518518518518519,0.9384711664051769,0.021670090043723188,0.3574043900867127,0.21319816295281674,1.25e-05,0.027633333333333336,5.081241472122218,0.2766697647396145,2.4065203330737526,0.7241817116737366,5.219107083402218,1
89,24,0.8888888888888888,0.9573572666325417,0.01888610022736483,0.37164232987407325,0.21880951174724395,0.0001,0.026750000000000003,5.251180444762206,0.28985336742981455,2.499075986299578,0.7559622526168823,5.859585569576783,1
89,25,0.9259259259259259,0.9737482973624427,0.016391030729900946,0.38517660856743086,0.22381192072236922,0.00021250000000000002,0.026745833333333333,5.407684866782787,0.30240053655899246,2.5885736643548287,0.7873070240020752,6.499853467643014,1
89,26,0.9629629629629629,0.9878837372909376,0.014135439928494887,0.3979664562793666,0.22824599248808664,0.0008291666666666667,0.026745833333333333,5.554204556053405,0.3142715107339208,2.6748048264242597,0.8181222081184387,7.132361067731345,1
89,27,1.0,1.0,0.012116262709062436,0.409992388850407,0.23216665596432004,0.0014125000000000001,0.026745833333333333,5.690085409181614,0.3254441195894531,2.7575997604259177,0.8483137488365173,7.748622098182455,1
90,0,0.0,0.0,0.0,0.05757355094700033,0.039650854763474554,0.0,0.19224583333333334,0.9999999174434738,5.036587309506204e-09,0.0,0.0,-0.8998964139650827,1
90,1,0.037037037037037035,0.0302091106483012,0.0302091106483012,0.06251297490747347,0.04282137783737538,0.0,0.17309583333333334,1.0732556922984349,0.004948000988824707,0.08999999364217129,0.029999999329447746,-0.789438600422999,1
90,2,0.07407407407407407,0.06209851826227027,0.03188940761396907,0.06779628827034384,0.046235120898393434,0.0,0.15737500000000001,1.150629414129357,0.010237786336827816,0.1800513971185818,0.06003059074282646,-0.6714391290701442,1
90,3,0.1111111111111111,0.09565245007546416,0.03355393181319389,0.07343517488287452,0.04990242167699454,0.0,0.1406375,1.2321835894650315,0.015880844267628466,0.2702491517850786,0.09012541174888611,-0.545768667438626,1
90,4,0.14814814814814814,0.1308235877885537,0.035171137713089544,0.07943775433838032,0.05383094818462611,0.0,0.12608333333333335,1.3179262406790873,0.02188510854211636,0.36065148365031324,0.1203087791800499,-0.4124313257420251,1
90,5,0.18518518518518517,0.16754003032207776,0.03671644253352405,0.0858094582672792,0.05802615725774179,0.0,0.11445000000000001,1.4078258761364313,0.028255838188823934,0.4513056568480542,0.15060219168663025,-0.2715600468441828,1
90,6,0.2222222222222222,0.20570500962245325,0.0381649793003755,0.09255283421285773,0.06249102365929115,0.0,0.10210833333333334,1.5018210856991505,0.034995428295355915,0.5422500564949948,0.18102431297302246,-0.1234387969007198,1
90,7,0.25925925925925924,0.2451961801770003,0.039491170554547025,0.09966705989398807,0.06722565062758255,0.0,0.09267083333333334,1.5998005484188043,0.04210292909270049,0.6335138998099774,0.21159043908119202,0.03146749745217292,1
90,8,0.2962962962962963,0.2858649085289671,0.04066872835196687,0.10714761659160243,0.07222691901594658,0.0,0.08286666666666667,1.70160999651193,0.04957372400608018,0.7251164879269438,0.24231185019016266,0.19248515991667325,1
90,9,0.3333333333333333,0.3275372679564953,0.04167235942752815,0.11498589135162371,0.07748814713886415,0.0,0.07445416666666667,1.8070534814320547,0.05739913729885076,0.817066341492652,0.27319520711898804,0.3587028317150729,1
90,10,0.37037037037037035,0.37001517524857913,0.04247790729208385,0.12316883853522156,0.08299878621892266,0.0,0.06819583333333333,1.9158952118652168,0.06556610022498191,0.9093603243513456,0.30424174666404724,0.5289458210667224,1
90,11,0.4074074074074074,0.41307909054797076,0.04306391529939162,0.13167874809807217,0.08874418751659532,0.0,0.0608625,2.0278373517310455,0.07405692306831997,1.0019828881267112,0.33544668555259705,0.7017588039304528,1
90,12,0.4444444444444444,0.45649171187304943,0.043412621325078636,0.1404932011224034,0.09470552699655475,0.0,0.05582083333333333,2.1425340212314445,0.08284925314316836,1.0949052292460761,0.36679840087890625,0.8754011934874644,1
90,13,0.48148148148148145,0.500002522221661,0.04351081034861153,0.14958486719730632,0.10085967248339135,0.0,0.05206666666666667,2.259604128431458,0.09191587503639878,1.188084672914542,0.3982776701450348,1.0478533211931182,1
90,14,0.5185185185185185,0.5433520524809673,0.043349530259306414,0.1589217455081706,0.10717934519089944,0.0,0.048204166666666666,2.378615341956257,0.10122495220850429,1.2814642106006244,0.42985695600509644,1.2168502538566077,1
90,15,0.5555555555555556,0.5862796257136733,0.04292757323270593,0.16846737343899398,0.1136332952243935,0.0,0.04309583333333333,2.499106346484924,0.11074023158327263,1.374972103504452,0.4614996910095215,1.3799383435778534,1
90,16,0.5925925925925926,0.6285293962803128,0.04224977056663948,0.17818107986262166,0.12018583894474824,0.0,0.03961666666666667,2.6205649624989045,0.1204212725046246,1.4685219802020384,0.4931597113609314,1.5345653081693147,1
90,17,0.6296296296296297,0.6698570283980134,0.041327632117700644,0.1880185620305823,0.1267983529808091,0.0,0.03682083333333334,2.7424624904365436,0.13022402524911386,1.562013004578426,0.524780809879303,1.678191587944431,1
90,18,0.6666666666666666,0.7100377246207129,0.04018069622269953,0.19793234528440237,0.13342761704381792,0.0,0.035783333333333334,2.8642250374779565,0.14010123418309312,1.6553306599602724,0.5563398599624634,1.8084330612989437,1
90,19,0.7037037037037037,0.7488727623009284,0.0388350376802154,0.20787104920938024,0.14002242207281,0.0,0.0336375,2.9851891340986323,0.1500015317822962,1.748348102964464,0.5884411334991455,1.9232516161078888,1
90,20,0.7407407407407407,0.7861990851369172,0.03732632283598888,0.2177815214226159,0.14652927537474147,0.0,0.0320625,3.1046843598446277,0.15987167421501233,1.840928063086841,0.6205893754959106,2.0211020083078584,1
90,21,0.7777777777777778,0.8218976868953817,0.035698601758464524,0.22760734536745575,0.15288550136789947,0.0,0.027754166666666667,3.2219634677982127,0.16965470470790753,1.9329271680857243,0.6527561545372009,2.101108206621616,1
90,22,0.8148148148148148,0.8558963112543733,0.03399862435899158,0.23729410471475373,0.1590318944540689,0.0,0.02725,3.3362761377115535,0.17929568239115698,2.0241978210526215,0.6849105358123779,2.163030513108316,1
90,23,0.8518518518518519,0.8881570183162316,0.0322607070618583,0.24679324134552155,0.16492506605714857,4.166666666666667e-06,0.0262625,3.44718325998632,0.18874562414123472,2.1145985657447492,0.7170194387435913,2.207303902269297,1
90,24,0.8888888888888888,0.9186712822612577,0.03051426394502608,0.25606033136499523,0.17053001284841157,8.333333333333334e-06,0.024566666666666667,3.5542036924150158,0.19795982230695275,2.203989515554582,0.7490479350090027,2.2349923609232203,1
90,25,0.9259259259259259,0.9474553021468796,0.028784019885621865,0.2650580083635685,0.17581920677474516,3.7500000000000003e-05,0.024,3.657007893506013,0.20690187076922611,2.2922418129465894,0.7809599041938782,2.2475715407813013,1
90,26,0.9629629629629629,0.9745500019076522,0.027094699760772605,0.2737506697915382,0.18076303767858173,0.0001,0.023358333333333335,3.755197406182788,0.21553750715069991,2.3792285703066853,0.8127182126045227,2.246913862333189,1
90,27,1.0,1.0,0.025449998092347843,0.28211686876378966,0.18535654629739928,0.00025833333333333334,0.022741666666666667,3.848671910044249,0.22384721663549234,2.464847308172599,0.8442853689193726,2.234724645919366,1
91,0,0.0,0.0,0.0,0.07816381295565093,0.039238792494372045,0.0,0.1341,0.999999914877815,6.897006339083116e-09,0.0,0.0,-8.609821497497776,0
91,1,0.037037037037037035,0.03909547043507973,0.03909547043507973,0.08731061454615009,0.043293753575302706,0.0,0.11162916666666667,1.1033526514640766,0.009230456646072627,0.10392304451817375,0.030000001192092896,-8.37098484732214,0
91,2,0.07407407407407407,0.08069394660665027,0.04159847617157054,0.09726590836248734,0.04763683004858099,0.0,0.09177916666666668,1.2141603160171024,0.01927391006014853,0.20796078864768988,0.06003965809941292,-8.104234487467334,0
91,3,0.1111111111111111,0.12468753858484095,0.043993591978190694,0.10806111031315363,0.05226982468560854,0.0,0.0733125,1.3325214734118451,0.0301616400892911,0.3121914274629521,0.09014631062746048,-7.806425198598495,0
91,4,0.14814814814814814,0.17091502102247222,0.046227482437631244,0.11972181614609782,0.057191348484421,0.0,0.058958333333333335,1.4584702130001075,0.04191905725345456,0.4166785541151698,0.12034543603658676,-7.474007902700102,0
91,5,0.18518518518518517,0.2191582774605682,0.048243256438096,0.1322667736492861,0.06239640664457257,0.0,0.046691666666666666,1.5919634634365425,0.05456467292238053,0.5214728177622655,0.15066085755825043,-7.102944083070913,0
91,6,0.2222222222222222,0.26914199555454377,0.04998371809397556,0.14570651363494608,0.06787603350310298,0.0,0.0357625,1.7328821448464669,0.06810872606009685,0.6266098795992794,0.18111419677734375,-6.6886038219827935,0
91,7,0.25925925925925924,0.3205299081971749,0.05138791264263113,0.16004175711422475,0.07361664909098888,0.0,0.027775,1.8809989988540272,0.08255158624193347,0.7321078468385115,0.21172422170639038,-6.225633039304494,0
91,8,0.2962962962962963,0.3729301778559652,0.05240026965879035,0.17526210305655263,0.07960020190477077,0.0,0.020825,2.0360268687598624,0.09788245928779685,0.8379644487803586,0.2425062209367752,-5.707800971766906,0
91,9,0.3333333333333333,0.4258968696465765,0.052966691790611295,0.1913444423251301,0.0858033738219293,0.0,0.015225,2.197559203427665,0.11407778949960679,0.9441540562652231,0.2734713554382324,-5.127771120118963,1
91,10,0.37037037037037035,0.47893807863451376,0.05304120898793722,0.20825146927740723,0.09219731808112817,0.0,0.012025000000000001,2.365082532377424,0.13109977294011688,1.0506245288756755,0.3046260178089142,-4.4768241821029395,1
91,11,0.4074074074074074,0.531528323970195,0.05259024533568124,0.22593073531933192,0.09874767119759137,0.0,0.009341666666666667,2.537974019466026,0.1488954208609506,1.1572940278667418,0.3359709680080414,-3.744480057130138,1
91,12,0.4444444444444444,0.5831193175636844,0.051590993593489363,0.24431374926380278,0.1054146263924759,0.0,0.0072833333333333335,2.71550427071426,0.1673956651384593,1.2640479012396166,0.36750054359436035,-2.918021325659609,1
91,13,0.48148148148148145,0.6331591648349232,0.05003984727123877,0.2633154100856827,0.11215293918457757,0.0,0.0066375,2.8968418396910125,0.18651479853204997,1.3707355990987118,0.3992021679878235,-1.981930433327669,1
91,14,0.5185185185185185,0.6811117686465031,0.04795260381158004,0.2828341502621397,0.1189125008297701,0.0,0.005366666666666667,3.0810580444222686,0.2061506248114799,1.4771681514270039,0.4310555160045624,-0.9173219255772231,1
91,15,0.5555555555555556,0.7264747093673742,0.04536294072087109,0.30275247208796174,0.1256388840462782,0.0,0.004520833333333333,3.2671257946169603,0.22618500454855903,1.583116333882303,0.46303173899650574,0.2981792030311965,1
91,16,0.5925925925925926,0.7688033220040864,0.042328612636712164,0.3229382631007536,0.13227440258231787,0.0,0.0037375000000000004,3.45395093771065,0.24648518477980075,1.6883098229704354,0.49509304761886597,1.6886877339498412,1
91,17,0.6296296296296297,0.8077296429728436,0.03892632096875709,0.3432469432665415,0.1387594295721325,0.0,0.002775,3.6403755133109437,0.26690594968725023,1.7924378775067635,0.5271919965744019,3.27171572468977,1
91,18,0.6666666666666666,0.8429773948119852,0.0352477518391417,0.36352439656405455,0.1450340677106823,0.0,0.002766666666666667,3.825246430732567,0.28729256875307635,1.8951520601340779,0.5592709183692932,5.028578601157488,1
91,19,0.7037037037037037,0.8743761835621183,0.03139878875013313,0.3836104235623705,0.1510401593506032,0.0,0.0021833333333333336,4.00739511022256,0.30748425293891407,1.9960711699514648,0.5912619233131409,6.816020698318457,1
91,20,0.7407407407407407,0.901865613212595,0.02748942965047663,0.4033428180803027,0.1567230811433199,4.166666666666667e-06,0.002179166666666667,4.185620200435954,0.32731825595303154,2.094788583476194,0.6230869889259338,8.194300138917747,1
91,21,0.7777777777777778,0.9254981810527377,0.023632567840142782,0.42256266128236675,0.16203500241124258,4.166666666666667e-06,0.002179166666666667,4.358803859012961,0.34663518677916405,2.190882418974238,0.6546586751937866,8.487433764517814,1
91,22,0.8148148148148148,0.9454265025695036,0.019928321516765803,0.44111860281387666,0.1669362211837153,4.166666666666667e-06,0.0021625,4.525859339417225,0.3652832500757404,2.2839275985649836,0.6858807802200317,7.58125574654564,1
91,23,0.8518518518518519,0.9618944222112653,0.01646791964176175,0.4588719682381569,0.1713972962553132,4.166666666666667e-06,0.0015208333333333335,4.685837840138425,0.3831234230898696,2.373509036969013,0.7166498303413391,6.1053863522625065,1
91,24,0.8888888888888888,0.9752144347278179,0.013320012516552552,0.4757003663664082,0.1753999733991452,4.166666666666667e-06,0.0014083333333333335,4.83790592817547,0.4000330408001901,2.4592355018126213,0.7468569874763489,4.586544862559123,1
91,25,0.9259259259259259,0.9857470621423519,0.010532627414534026,0.49150099682534687,0.17893746823574064,4.166666666666667e-06,0.0014083333333333335,4.981342966611147,0.41590910690505084,2.540752284231642,0.7763903141021729,3.2213903053113597,1
91,26,0.9629629629629629,0.9938788846390861,0.008131822496734253,0.5061927568436576,0.18201432681400143,4.166666666666667e-06,0.0014083333333333335,5.115592801847611,0.4306704099584332,2.617752131358643,0.8051374554634094,2.0463827568114255,1
91,27,1.0,1.0,0.006121115360913848,0.5197169360280774,0.18464524333443513,4.166666666666667e-06,0.0013791666666666668,5.240250454268256,0.44425819724069315,2.689983287856387,0.8329882025718689,1.0479590475534657,1
92,0,0.0,0.0,0.0,0.05421751539587217,0.03239299972777411,0.0,0.166575,0.9999999178121473,4.920534815432297e-09,0.0,0.0,-5.108265996811976,1
92,1,0.037037037037037035,0.0292214783137072,0.0292214783137072,0.06098132487620774,0.03580995760491493,0.0,0.13689166666666666,1.1113680820048164,0.0068188114825991865,0.10392303752808231,0.029999999329447746,-4.935626970326801,1
92,2,0.07407407407407407,0.06074650447780824,0.031525026164101036,0.06839839320503237,0.03947879711044089,0.0,0.109575,1.2316868973487132,0.014295296275858224,0.2079755307957122,0.06004072353243828,-4.743080223363723,1
92,3,0.1111111111111111,0.09457312790349716,0.033826623425688915,0.07650146256431888,0.043402810453209664,0.0,0.0857,1.3611906599348391,0.022462293206397834,0.31224253852223843,0.09014909714460373,-4.528617580984976,1
92,4,0.14814814814814814,0.13066292199129662,0.036089794087799464,0.08531987695857385,0.047582883001042214,0.0,0.06922083333333334,1.5000508289609158,0.03134921511651159,0.41680120045008945,0.12035173922777176,-4.29003851859353,1
92,5,0.18518518518518517,0.16893893601281165,0.038276014021515044,0.09487869468425228,0.052017186126558264,0.0,0.055675,1.6483620370601784,0.04098115081790667,0.5217204002988318,0.1506744921207428,-4.024923034366145,1
92,6,0.2222222222222222,0.20928150134479687,0.040342565331985214,0.10519759212241843,0.05670079111263854,0.0,0.04340416666666667,1.8061403373203333,0.0513777672410367,0.6270588475430057,0.18114177882671356,-3.730603243705451,1
92,7,0.25925925925925924,0.2515247204093057,0.04224321906450883,0.1162896649755432,0.06162538598099357,0.0,0.032883333333333334,1.9733002205434786,0.06255210387797237,0.7328630296216145,0.21177607774734497,-3.4041292866150847,1
92,8,0.2962962962962963,0.29545549137928745,0.04393077096998173,0.1281602703212199,0.06677889359722415,0.0,0.025870833333333336,2.1496502248665186,0.07450941136342203,0.8391650324061806,0.24260808527469635,-3.042227364275865,1
92,9,0.3333333333333333,0.34081282547250513,0.04535733409321771,0.14080573969818616,0.0721452907812587,0.0,0.016875,2.3348955863829697,0.08724586312749566,0.9459803838910464,0.27365541458129883,-2.6412502834518747,1
92,10,0.37037037037037035,0.38728960248146105,0.04647677700895591,0.15421227870881157,0.07770429061589999,0.0,0.013187500000000001,2.5286257666194683,0.1007474490020366,1.053305859982145,0.30493512749671936,-2.1971153486936306,1
92,11,0.4074074074074074,0.43453588677436666,0.04724628429290558,0.1683549628871883,0.08343133491527528,0.0,0.011583333333333334,2.7303035644807623,0.11498897332445034,1.1611172137213417,0.33646160364151,-1.7052255965339516,1
92,12,0.4444444444444444,0.48216731482700825,0.04763142805264161,0.1831969951765444,0.0892975998345932,0.0,0.0087125,2.939268325709309,0.12993331125332497,1.2693670350582191,0.36824530363082886,-1.1603716477114823,1
92,13,0.48148148148148145,0.5297700692242023,0.04760275439719406,0.1986888757965603,0.09527002611853129,0.0,0.005316666666666667,3.1547307665933744,0.14553057967738392,1.377982653210126,0.40029245615005493,-0.5566258716201151,1
92,14,0.5185185185185185,0.5769148253697579,0.04714475614555557,0.21476853291728942,0.10131171081362775,0.0,0.0031541666666666667,3.375797121285209,0.16171827242406953,1.4868642786114408,0.4326045513153076,0.11280512555818412,1
92,15,0.5555555555555556,0.6231670896071483,0.046252264237390366,0.2313612263831844,0.10738227221963959,0.0,0.0026708333333333337,3.6014532102342196,0.17842116862373467,1.5958834864282225,0.4651779234409332,0.8557151493956088,1
92,16,0.5925925925925926,0.6681029989888392,0.0449359093816909,0.24838031954453466,0.11343855305353963,0.0,0.002575,3.830579850156842,0.19555211134763476,1.7048821028927519,0.4980033338069916,1.6810261431182205,1
92,17,0.6296296296296297,0.711321171103285,0.04321817211444583,0.265728346185925,0.1194352909042055,0.0,0.002404166666666667,4.061968601363149,0.2130130755893414,1.813671810232879,0.5310655832290649,2.598810501705378,1
92,18,0.6666666666666666,0.7524603569036227,0.04113918580033768,0.2832987636335896,0.12532629566525313,0.0,0.0023625,4.294394793286227,0.2306969500582607,1.922034645836886,0.5643433928489685,3.619939389843635,1
92,19,0.7037037037037037,0.7912098275930634,0.038749470689440735,0.3009778814240051,0.13106523797110295,0.0,0.002179166666666667,4.526578071885119,0.24848946076726167,2.029724448200292,0.5978091359138489,4.754865905094912,1
92,20,0.7407407407407407,0.8273194933043235,0.03610966571126014,0.3186473456195724,0.1366070937306877,0.0,0.002179166666666667,4.757224792800738,0.2662716682071015,2.1364695448265847,0.6314287781715393,6.010141052681794,1
92,21,0.7777777777777778,0.8606100217790554,0.03329052847473196,0.3361871147679683,0.14190909447704286,0.0,0.0021083333333333336,4.985100248905374,0.28392295861371936,2.2419767866812776,0.6651618480682373,7.379428606661973,1
92,22,0.8148148148148148,0.8909742525447321,0.03036423076567657,0.353478498180849,0.14693223126935545,0.0,0.0020916666666666666,5.2089402249577885,0.30132409082708506,2.3459367955787616,0.6989613175392151,8.822292411076232,1
92,23,0.8518518518518519,0.9183791962681725,0.027404943723440447,0.37040712875467385,0.15164230040727492,0.0,0.0019416666666666668,5.427575792632662,0.3183601807702275,2.4480304268286956,0.7327743768692017,10.221692545303886,1
92,24,0.8888888888888888,0.9428603536656452,0.024481157397472725,0.38686572526200996,0.15601050462906432,0.0,0.0019375,5.639947078016579,0.3349234744729209,2.547936230104844,0.7665432691574097,11.333228266261278,1
92,25,0.9259259259259259,0.9645168390308528,0.021656485365207645,0.40275702189387147,0.16001462019156296,0.0,0.0019375,5.845088378831796,0.350916286161205,2.645338461997618,0.8002058863639832,11.831634340794798,1
92,26,0.9629629629629629,0.9834992622019754,0.018982423171122448,0.4179953665091638,0.1636389482066298,0.0,0.0016708333333333334,6.042163662911875,0.3662525997194921,2.739935080363601,0.8336963653564453,11.569335545178332,1
92,27,1.0,1.0,0.016500737798024672,0.4325087214189774,0.16687470221717582,0.0,0.0015875000000000002,6.230500654386358,0.38086007742194083,2.8314457614984794,0.8669464588165283,10.745025281631003,1
93,0,0.0,0.0,0.0,0.04358013253217589,0.03566800305598002,0.0,0.30531250000000004,0.9999999151606391,3.892860452954968e-09,0.0,0.0,-4.4218041362041465,1
93,1,0.037037037037037035,0.028658583239374213,0.028658583239374213,0.04904029566076212,0.03944895722746155,0.0,0.26960833333333334,1.111097778647305,0.005507946282693107,0.10392304021657918,0.030000001192092896,-4.282831775199398,1
93,2,0.07407407407407407,0.059592364549622606,0.030933781310248397,0.05503576813102364,0.043514536291446464,0.0,0.23581666666666667,1.2313325655202847,0.011554312717609962,0.2079626217763826,0.060039594769477844,-4.128647068657985,1
93,3,0.1111111111111111,0.09281035247553009,0.03321798792590748,0.061595974393176406,0.04787060501301687,0.0,0.199275,1.3609458326221027,0.01816857651781045,0.31221619949064444,0.09014707058668137,-3.9578745973278373,1
93,4,0.14814814814814814,0.1282843202434373,0.03547396776790721,0.06874742201944378,0.05252037051737589,0.0,0.16732916666666667,1.500152582187103,0.02537728054493006,0.4167626025128197,0.12034867703914642,-3.7690608375739796,1
93,5,0.18518518518518517,0.16594916610303204,0.037664845859594745,0.07651336665377916,0.057464367870597576,0.0,0.1412041666666667,1.6491108580663476,0.03320369687720474,0.5216712578870061,0.15066969394683838,-3.5606586321147287,1
93,6,0.2222222222222222,0.2056978685422697,0.039748702439237664,0.08491302045123106,0.06270021285470553,0.0,0.1126125,1.8079003946988645,0.04166703445558087,0.6270012892053407,0.18113386631011963,-3.3310211849590523,1
93,7,0.25925925925925924,0.2473794443505554,0.04168157580828567,0.09396049376715694,0.06822222764702435,0.0,0.09177500000000001,1.9764885103980088,0.05078137665637834,0.7327997332668282,0.21176283061504364,-3.0784022431827474,1
93,8,0.2962962962962963,0.2907960658844127,0.043416621533857294,0.10366384391109795,0.0740211564306381,0.0,0.0711375,2.154739604226885,0.06055472830971251,0.8390995315238581,0.2425755113363266,-2.8009535305563826,1
93,9,0.3333333333333333,0.33570234038390095,0.04490627449948825,0.1140240268219702,0.08008390268103575,0.0,0.0560125,2.342403515072635,0.0709879643182225,0.9459175449428571,0.27358755469322205,-2.4967255529078667,1
93,10,0.37037037037037035,0.3818071116815722,0.046104771297671265,0.1250338728974602,0.08639326933059974,0.0,0.04877083333333333,2.5391058445263615,0.08207379536279542,1.0532525086574631,0.3048107922077179,-2.1636706258835705,1
93,11,0.4074074074074074,0.42877526191142823,0.04696815022985602,0.13667711354817155,0.09292742123379094,0.0,0.0412625,2.7443212622853363,0.09379575594984992,1.161082808097576,0.33625251054763794,-1.7996455523257548,1
93,12,0.4444444444444444,0.4762340775472351,0.047458815635806874,0.1489277139203129,0.09965947353345915,0.0,0.035187500000000003,2.957369336524294,0.10612752894000216,1.2693645331777956,0.3679150640964508,-1.4024185239406375,1
93,13,0.48148148148148145,0.5237785344154637,0.047544456868228654,0.16174913551684544,0.10655865600637823,4.166666666666667e-06,0.029308333333333336,3.177443489858208,0.11903215918137965,1.3780292985491,0.3997950553894043,-0.969686786396295,1
93,14,0.5185185185185185,0.5709857113669458,0.04720717695148202,0.17509381820229306,0.11358679468777784,4.166666666666667e-06,0.023775,3.4034491684121777,0.13246230717010138,1.4869824918644006,0.4318827986717224,-0.4990860645002506,1
93,15,0.5555555555555556,0.6174219370557361,0.04643622568879033,0.18890372694744803,0.1207047797763833,3.7500000000000003e-05,0.018370833333333333,3.63429509056371,0.14635948683655264,1.5961016111487922,0.4641617238521576,0.01177261892457615,1
93,16,0.5925925925925926,0.6626603866299262,0.04523844957419011,0.20311154164918535,0.12787654120249045,7.083333333333334e-05,0.01745,3.868858368363678,0.16065587678769566,1.7052353018303366,0.4966079294681549,0.5652562436914312,1
93,17,0.6296296296296297,0.7062921322132469,0.04363174558332069,0.21763932201941572,0.13505586223417398,0.0001,0.011629166666666668,4.10575390112074,0.17527324517256024,1.814202550753037,0.5291895270347595,1.163632439669744,1
93,18,0.6666666666666666,0.7479388749816976,0.041646742768450734,0.23240127153661821,0.14219728925473926,0.00014166666666666668,0.011608333333333333,4.3435632078807584,0.19012513132184913,1.922792990775637,0.561866283416748,1.8089609648313587,1
93,19,0.7037037037037037,0.7872681395757504,0.039329264594052754,0.2473051782785258,0.14925647601691422,0.00022083333333333335,0.007191666666666667,4.580827148193956,0.2051190831207832,2.0307672057903194,0.5945895314216614,2.502879155247175,1
93,20,0.7407407407407407,0.8240055257212572,0.036737386145506735,0.2622532388756217,0.15618471073368198,0.0002916666666666667,0.0071875,4.815893631941229,0.22015732334093258,2.137859404872632,0.6273016333580017,3.246300631604676,1
93,21,0.7777777777777778,0.8579435966603043,0.033938070939047105,0.2771462160648373,0.1629396566201686,0.00038750000000000004,0.00715,5.0473305291138155,0.23513957174236744,2.2437807811428607,0.6599372625350952,4.038927665914274,1
93,22,0.8148148148148148,0.8889456026830569,0.0310020060227527,0.2918854650021507,0.16948226318168305,0.0005250000000000001,0.00715,5.273868201771181,0.2499663486471872,2.348223858394776,0.6924231648445129,4.878451203072592,1
93,23,0.8518518518518519,0.916945421070794,0.027999818387737137,0.30637344955754525,0.1757716187998351,0.0006833333333333333,0.0042833333333333334,5.49396737993241,0.26454037880432446,2.4508678260721366,0.7246794104576111,5.75931979633093,1
93,24,0.8888888888888888,0.9419512195707873,0.025005798499993213,0.3205187359605619,0.18177461013050417,0.0008458333333333334,0.004266666666666667,5.706314145360938,0.27876949944138696,2.5513858621579533,0.7566208839416504,6.6709499933231715,1
93,25,0.9259259259259259,0.9640356671109681,0.022084447540180813,0.334237865197471,0.18746530741053608,0.0010958333333333334,0.004266666666666667,5.91004293704386,0.29256991618712913,2.6494528172732696,0.7881583571434021,7.595160401522511,1
93,26,0.9629629629629629,0.9833277059956911,0.019292038884722938,0.3474557110863294,0.19282003598661276,0.0012833333333333334,0.004266666666666667,6.104137862782017,0.305865994782524,2.744752547355631,0.8192003965377808,8.503348349364723,1
93,27,1.0,1.0,0.016672294004308967,0.3601076407470241,0.19782098385485966,0.0017250000000000002,0.004083333333333334,6.287889231432872,0.31858999635687474,2.836984632118507,0.8496551513671875,9.354619596520772,1
94,0,0.0,0.0,0.0,0.013320577294304097,0.014895263910847426,0.0,0.7970375000000001,0.9999999064459787,1.2259904502166642e-09,0.0,0.0,-1.330164928947104,1
94,1,0.037037037037037035,0.0158535763983986,0.0158535763983986,0.015287306944605335,0.01679249437248511,0.0,0.7607,1.1431744796116956,0.0018936691401345242,0.10392301978400552,0.029999999329447746,-1.2780841297302281,1
94,2,0.07407407407407407,0.03348835314717735,0.017634776748778752,0.017490971840542928,0.018876387103410386,0.0,0.7147083333333334,1.3028702301370576,0.00401346521452328,0.20797969991641077,0.06004071980714798,-1.219843738530619,1
94,3,0.1111111111111111,0.05301724084026206,0.01952888769308471,0.019950625535628198,0.021156956896362038,0.0,0.6560708333333334,1.4802991703673922,0.006377374730261768,0.3122668526540767,0.09014824032783508,-1.1549184447349932,1
94,4,0.14814814814814814,0.07454153743138046,0.021524296591118403,0.02268504028727387,0.023643282841876456,0.0,0.6019916666666667,1.6766665147019593,0.009003095562882825,0.41687337357877513,0.120350681245327,-1.082774137482314,1
94,5,0.18518518518518517,0.0981523574820866,0.023610820050706145,0.025712576221307865,0.02634347767077437,0.0,0.5442166666666667,1.893106474034392,0.011907912275280494,0.5218870721350081,0.150673508644104,-1.0028675906435502,1
94,6,0.2222222222222222,0.1239247365136603,0.025772379031573697,0.029050778889886043,0.02926442938316183,0.0,0.49595,2.130706567893825,0.015108317643075457,0.6273926654767414,0.1811416745185852,-0.9146529816201276,1
94,7,0.25925925925925924,0.151913343263034,0.027988606749373677,0.0327159258631068,0.03241151340926532,0.0,0.44185,2.3904287284615537,0.018619581114296388,0.733469770378972,0.21178023517131805,-0.8175900376000431,1
94,8,0.2962962962962963,0.18215051446675917,0.030237171203725193,0.0367225525747,0.03578832000284979,0.0,0.39958750000000004,2.673123694883446,0.022455301528674965,0.8401910553221678,0.24261125922203064,-0.711152902149589,1
94,9,0.3333333333333333,0.21464089518091511,0.032490380714155935,0.041082909523853656,0.03939636093492733,0.0,0.3580416666666667,2.9794621282625857,0.026626894230398143,0.9476206561210906,0.27365607023239136,-0.5948413702993012,1
94,10,0.37037037037037035,0.24935715103703557,0.03471625585612046,0.04580636757682388,0.04323480265810278,0.0,0.32835000000000003,3.309968521563313,0.03114302954578824,1.055812558437978,0.304942786693573,-0.46819414095731915,1
94,11,0.4074074074074074,0.2862385389940845,0.036881387957048956,0.05089889664242739,0.04730019962465614,0.0,0.2828791666666667,3.6648962305560016,0.03600914100338446,1.1648093127729942,0.3364826738834381,-0.3308021987484029,1
94,12,0.4444444444444444,0.3251880488424074,0.03894950984832284,0.056362532068843146,0.051586334275942045,0.0,0.25873333333333337,4.044227673323319,0.041226924390803714,1.2746405745745941,0.3682961165904999,-0.18232365030914544,1
94,13,0.48148148148148145,0.36606918739567607,0.0408811385532687,0.06219480622817191,0.05608398563666482,0.0,0.2512416666666667,4.447637572047443,0.04679380193464717,1.3853219294986732,0.4003913700580597,-0.022502322776279726,1
94,14,0.5185185185185185,0.4087099089229562,0.04264072152728015,0.06838839288760387,0.06078090680589379,0.0,0.216725,4.874761324712308,0.05270258946783272,1.4968539051691574,0.4327918291091919,0.14881689841366885,1
94,15,0.5555555555555556,0.4528999353086613,0.04419002638570509,0.07493079421688578,0.06566181056686973,0.0,0.1424,5.324412429964989,0.0589412065954284,1.6092207949302755,0.4654950201511383,0.33167057786403475,1
94,16,0.5925925925925926,0.49839611573264414,0.04549618042398285,0.08180407654608189,0.07070839464399797,0.0,0.14212916666666667,5.795238010733691,0.06549242795643966,1.7223899473295763,0.49850329756736755,0.5259572193785065,1
94,17,0.6296296296296297,0.5449254638222487,0.04652934808960456,0.08898497003611984,0.0758996147050354,0.0,0.13702916666666667,6.285608074012262,0.07233398486773432,1.8363110907886326,0.5319244265556335,0.731424663497986,1
94,18,0.6666666666666666,0.5921914106124166,0.04726594679016799,0.0964449436692454,0.08121188904999159,0.0,0.13695416666666668,6.793561151395717,0.07943864071096242,1.9509157881877308,0.565671980381012,0.9476534812131145,1
94,19,0.7037037037037037,0.6398813080978156,0.04768989748539889,0.10415054297280694,0.08661933819625124,0.0,0.13213750000000002,7.316727826542439,0.08677450413600697,2.0661174325342233,0.5997371673583984,1.174048938158359,1
94,20,0.7407407407407407,0.6876741114409697,0.047792803343154056,0.11206395880979102,0.0920947631267577,0.0,0.13213750000000002,7.8525716752787,0.09430560005009433,2.1818112687983082,0.6341060400009155,1.409825665200481,1
94,21,0.7777777777777778,0.7352462746203604,0.047572163179390815,0.12014377197583655,0.09760967808085626,0.0,0.13188750000000002,8.398618711012373,0.10199255226349924,2.2978749970847994,0.6687595248222351,1.6540144250821243,1
94,22,0.8148148148148148,0.7822853282866585,0.0470390536662981,0.12834575660865008,0.10313504029902669,0.0,0.11992083333333334,8.951640082114018,0.10979335299171766,2.414169675506429,0.7036733627319336,1.9054618484077324,1
94,23,0.8518518518518519,0.8284934528827843,0.04620812459612577,0.13662382633673176,0.10864187410452203,0.0,0.11951666666666667,9.508616963765652,0.1176642630862305,2.5305411175718024,0.7388182282447815,2.1628399522955366,1
94,24,0.8888888888888888,0.8735955181640451,0.045102065281260824,0.14493113658525686,0.11410182888688877,0.0,0.11951666666666667,10.06649115692437,0.12556085425872202,2.6468215086073577,0.7741596698760986,2.424664457046614,1
94,25,0.9259259259259259,0.9173481946542908,0.04375267649024565,0.15322122006929192,0.11948793853173839,0.0,0.11951666666666667,10.622173074942994,0.13343908678206565,2.7628318211733696,0.809658408164978,2.689323274577829,1
94,26,0.9629629629629629,0.9595413828939379,0.04219318823964702,0.16144886464301422,0.1247749558977058,0.0,0.11864166666666667,11.172725124528517,0.14125613795771627,2.8783842454875326,0.8452706336975098,2.955102572290178,1
94,27,1.0,1.0,0.040458617106062175,0.16957127804457808,0.12993994198164305,0.0,0.11864166666666667,11.71533088400614,0.1489715047184404,2.9932851110173515,0.880948543548584,3.2202320446439394,1
95,0,0.0,0.0,0.0,0.0502108563231647,0.027830113555035653,0.0,0.17319583333333335,0.9999999191190332,4.086510226544407e-09,0.0,0.0,-3.7492215177890396,1
95,1,0.037037037037037035,0.030459854801920604,0.030459854801920604,0.05649796814291353,0.03087637192616616,0.0,0.15089583333333334,1.10982727899838,0.005717421552009829,0.1039230386034809,0.030000001192092896,-3.617407049869371,1
95,2,0.07407407407407407,0.06331491268146983,0.032855057879549225,0.06339415888508894,0.03416419597899723,0.0,0.1304875,1.228471734788376,0.011992234877216268,0.20796384448782593,0.0600397065281868,-3.4709166643815523,1
95,3,0.1111111111111111,0.09856036052446654,0.035245447842996706,0.07093096715194334,0.03769988938739914,0.0,0.11422500000000001,1.3561249553921169,0.018853745052434454,0.31221705963204044,0.09014632552862167,-3.3084347656517528,1
95,4,0.14814814814814814,0.1361509056923344,0.03759054516786785,0.07913642848678815,0.04148771304252414,0.0,0.09775833333333334,1.4929579911196607,0.0263281065119314,0.41675990682242914,0.12034519016742706,-3.1285767750324815,1
95,5,0.18518518518518517,0.17599781410568266,0.03984690841334827,0.08803449786016158,0.04552973152369351,0.0,0.08395833333333334,1.6390714166309734,0.0344377814630344,0.5216596026435755,0.1506633758544922,-2.9298817718972003,1
95,6,0.2222222222222222,0.2179659483278871,0.04196813422220445,0.09764424262964229,0.049825624411232235,0.0,0.0724625,1.7944849289649938,0.04320078989019902,0.6269721660764709,0.18112334609031677,-2.710809033454133,1
95,7,0.25925925925925924,0.26187092906185494,0.04390498073396783,0.10797859817114298,0.05437231020341517,0.0,0.06322916666666667,1.9591237616000896,0.052629566103477396,0.7327404701560571,0.21174517273902893,-2.4697443955826675,1
95,8,0.2962962962962963,0.30747481568858015,0.045603886626725224,0.1190432684150728,0.05916365710027111,0.0,0.0528625,2.1328079545755028,0.06272993353962149,0.8389920025414193,0.2425462305545807,-2.2050054527167333,1
95,9,0.3333333333333333,0.35448845111764216,0.04701363542906198,0.13083554695736707,0.06418985961697021,0.0,0.044775,2.315231161381521,0.07350000811621625,0.9457366746785313,0.2735401391983032,-1.9148501421493087,1
95,10,0.37037037037037035,0.40257183202675795,0.04808338090911582,0.1433432042484599,0.06943776467583732,0.0,0.04120833333333333,2.5059669195532726,0.08492916947542044,1.0529643955918873,0.30473604798316956,-1.5974914368538613,1
95,11,0.4074074074074074,0.4513385517364112,0.048766719709653204,0.15654357144069375,0.07489062887307599,0.0,0.032245833333333335,2.7044523607891673,0.09699720367252077,1.1606427975563534,0.3361380398273468,-1.2511134551023861,1
95,12,0.4444444444444444,0.5003624645217949,0.04902391278538373,0.17040259923217546,0.08052694101333596,0.0,0.02654166666666667,2.9099925928231976,0.10967339592456896,1.2687147123791545,0.3677442669868469,-0.8738965679019692,1
95,13,0.48148148148148145,0.5491873118411742,0.04882484731937925,0.18487431679902103,0.08632158228785428,0.0,0.025970833333333335,3.121762505507339,0.12291614616149908,1.3770959107238148,0.39954641461372375,-0.4640538433578989,1
95,14,0.5185185185185185,0.5973378912290497,0.04815057938787554,0.19990068379703013,0.09224637581866049,0.0,0.023458333333333335,3.338783059580013,0.13667267554146625,1.4856729005152225,0.43152886629104614,-0.01987609455686723,1
95,15,0.5555555555555556,0.6443349275848459,0.04699703635579626,0.21541174791321854,0.09827110056695441,8.333333333333334e-06,0.012229166666666668,3.5600057970011854,0.15087902316783117,1.5943009980348273,0.4636678695678711,0.46020296701275676,1
95,16,0.5925925925925926,0.6897095125154544,0.04537458493060847,0.2313258988145261,0.10436053508576872,1.25e-05,0.011550000000000001,3.784201904540983,0.1654605882439025,1.7028028523570597,0.495930939912796,0.9775168284016829,1
95,17,0.6296296296296297,0.7330169266118564,0.043307414096401986,0.2475506899370135,0.11047592809824809,3.3333333333333335e-05,0.010920833333333334,4.010001556489191,0.1803323821485961,1.8109675419667584,0.5282763242721558,1.5330407516795646,1
95,18,0.6666666666666666,0.7738550897201507,0.04083816310829433,0.26398413665224585,0.11657382245567546,5.833333333333333e-05,0.010916666666666667,4.235889196599856,0.19540060579595545,1.9185494202560043,0.5606525540351868,2.1272286929195747,1
95,19,0.7037037037037037,0.8118833197455417,0.038028230025391026,0.2805166267567517,0.12260857696029062,7.916666666666668e-05,0.010404166666666667,4.46019856325247,0.21056468667786232,2.025270768956014,0.5929979085922241,2.759774616635589,1
95,20,0.7407407407407407,0.8468325142400303,0.03494919449448849,0.2970345476166991,0.12854015002905356,0.00012083333333333333,0.010404166666666667,4.681565668391531,0.22571994487230226,2.130823372347536,0.6252405643463135,3.4292782639756343,1
95,21,0.7777777777777778,0.8785137893253026,0.03168127508527234,0.3134225879843789,0.1343305022148792,0.00016250000000000002,0.010366666666666666,4.8985600465412755,0.2407605562528893,2.234871831344675,0.6572992205619812,4.132802768999687,1
95,22,0.8148148148148148,0.9068277356815406,0.02831394635623808,0.3295664459630328,0.13994267579051115,0.000275,0.010366666666666666,5.109815621645716,0.25558182512539207,2.337062235103904,0.6890835165977478,4.865287571364814,1
95,23,0.8518518518518519,0.9317594203134646,0.02493168463192388,0.3453559259536644,0.14534374101018072,0.0003958333333333334,0.0089875,5.3141107032930925,0.2700822755258621,2.4370262285233877,0.720495343208313,5.61880420062251,1
95,24,0.8888888888888888,0.9533749926877688,0.02161557237430429,0.3606896089427895,0.15051167613975877,0.0005125,0.008937500000000001,5.510479509878631,0.2841678409060761,2.534390516595857,0.7514304518699646,6.381708712653509,1
95,25,0.9259259259259259,0.9718140331157066,0.018439040427937686,0.3754740671856716,0.15542090338630887,0.000675,0.008937500000000001,5.697859708918232,0.29775252392148055,2.6287868210790015,0.7817806005477905,7.1378354298267155,1
95,26,0.9629629629629629,0.9872741261050725,0.01546009298936598,0.38962877857411876,0.16005496248864126,0.0009083333333333334,0.008937500000000001,5.875586825656879,0.3107619916025226,2.719859888753797,0.8114360570907593,7.866047050765008,1
95,27,1.0,1.0,0.012725873894927495,0.4030856370104208,0.16440075143165944,0.0010291666666666667,0.008891666666666668,6.043133307244969,0.32313296639783595,2.8072760872741616,0.8402875065803528,8.540856684513884,1
96,0,0.0,0.0,0.0,0.06993891168098898,0.044794833046113106,0.0,0.21763333333333335,0.9999999049710454,6.186042446643114e-09,0.0,0.0,-4.808495740688699,1
96,1,0.037037037037037035,0.037298043332089616,0.037298043332089616,0.07815904992366035,0.04943784003661323,0.0,0.1987375,1.1064455820888683,0.00799982514514769,0.10392304129197762,0.030000001192092896,-4.6509282700160295,1
96,2,0.07407407407407407,0.07707051823458225,0.039772474902492624,0.08711321483608957,0.0544153673988036,0.0,0.17928750000000002,1.2210474687234347,0.016715227933857952,0.20795806871482173,0.06003841385245323,-4.476533867784122,1
96,3,0.1111111111111111,0.11923505511601266,0.042164536881430424,0.09683188571604193,0.059731455558587436,0.0,0.15631250000000002,1.3439844415993523,0.02617604853507623,0.3121881209470841,0.09014254808425903,-4.2838315099283255,1
96,4,0.14814814814814814,0.16365868114469212,0.04442362602867944,0.10734038680919457,0.0653868274548492,0.0,0.12956666666666666,1.4753723660261597,0.03640712037281935,0.4166793115982375,0.12033946067094803,-4.071252135295664,1
96,5,0.18518518518518517,0.21015559103107725,0.046496909886385135,0.11865820011553828,0.07137868386444876,0.0,0.10411666666666668,1.6152517793691032,0.04742758735415086,0.5214851463264286,0.1506521850824356,-3.837126795140291,1
96,6,0.2222222222222222,0.2584843605057315,0.04832876947465421,0.13079779569040303,0.07770035336688151,0.0,0.0827625,1.7635860562579466,0.05924976188077773,0.6266449811590795,0.18110208213329315,-3.5796827092666206,1
96,7,0.25925925925925924,0.3083475004757986,0.04986313997006718,0.14376327972266997,0.08434087294997568,0.0,0.06475416666666667,1.9202327117826294,0.07187780418165106,0.7321817129105624,0.21170765161514282,-3.2970430078442092,1
96,8,0.2962962962962963,0.3593915684858847,0.0510440680100861,0.15754902680278296,0.09128463064781667,0.0,0.048108333333333336,2.0849493295324177,0.08530637974549576,0.8380992156143797,0.24248388409614563,-2.9872282094207314,1
96,9,0.3333333333333333,0.4112092864748072,0.05181771798892246,0.17213847570777263,0.09851109435031138,0.0,0.03707916666666667,2.2573701609555563,0.09951948422571101,0.9443796899696321,0.2734416127204895,-2.6481568748757223,1
96,10,0.37037037037037035,0.4633476774199481,0.0521383909451409,0.1875027818098704,0.10599458779096661,0.0,0.03025416666666667,2.4370177275701645,0.11448912168365465,1.050980775530426,0.30458682775497437,-2.2776541599643405,1
96,11,0.4074074074074074,0.5153130253464832,0.05196534792653502,0.20359994053289654,0.11370419696447065,0.0,0.023141666666666668,2.62328621195166,0.13017444492823627,1.1578327830775843,0.33591994643211365,-1.8734576845264108,1
96,12,0.4444444444444444,0.5665860340072723,0.05127300866078915,0.22037393818196058,0.12160379859530741,0.0,0.018675,2.8154286761365124,0.14652092047015905,1.2648356560256666,0.36743512749671936,-1.4332332488512893,1
96,13,0.48148148148148145,0.6166333073536595,0.05004727334638726,0.23775423510188498,0.12965218568975306,0.0,0.0177625,3.012575470182591,0.16345981820532923,1.3718562239426464,0.39911940693855286,-0.954598515972906,1
96,14,0.5185185185185185,0.6649270781115071,0.04829377075784761,0.2556558279355373,0.1378034570179971,0.0,0.01455,3.213745104395121,0.18090827039063057,1.4787257270107461,0.4309519827365875,-0.43515299796720086,1
96,15,0.5555555555555556,0.7109611466872572,0.04603406857575007,0.273979701106531,0.14600751134340592,0.0,0.009158333333333334,3.417806383300176,0.1987697047230361,1.5852378024938591,0.46290352940559387,0.12747349477803738,1
96,16,0.5925925925925926,0.7542709441266107,0.04330979743935344,0.29261370662593644,0.15421071447811324,0.0,0.0074375000000000005,3.623537326466075,0.21693470362959716,1.6911471536099734,0.4949353337287903,0.7355453284308044,1
96,17,0.6296296296296297,0.7944527591165945,0.04018181498998385,0.31143428986213184,0.1623568690880097,0.0,0.006879166666666667,3.82963145997885,0.23528268271660718,1.796169338514381,0.5269988775253296,1.391117026066084,1
96,18,0.6666666666666666,0.8311807357699983,0.03672797665340375,0.3303088678872718,0.17038838127469952,0.0,0.006841666666666667,4.034751978554358,0.25368421553270765,1.8999820602105773,0.5590352416038513,2.0958793134619587,1
96,19,0.7037037037037037,0.8642198588180744,0.033039123048076144,0.34909832383188905,0.17824738624760003,0.0,0.006454166666666667,4.23748275067965,0.2720034700440954,2.002228137223851,0.5909751653671265,2.850907237460369,1
96,20,0.7407407407407407,0.8934364309334041,0.02921657211532969,0.36766045759081944,0.18587724919918597,0.0,0.006445833333333334,4.4364306996031475,0.29010158036339695,2.1025205018058366,0.6227390170097351,3.656299574482917,1
96,21,0.7777777777777778,0.9188006363301727,0.02536420539676869,0.38585374172541337,0.19322408057280455,0.0,0.0064333333333333334,4.630248420783211,0.3078403167939111,2.2004493654688404,0.6542375087738037,4.510632090023698,1
96,22,0.8148148148148148,0.9403860949206441,0.021585458590471264,0.4035411517996619,0.20023819810193416,0.0,0.006429166666666667,4.817687867569704,0.3250858321321184,2.2955916848065443,0.685372531414032,5.410136253066305,1
96,23,0.8518518518518519,0.9583611962316191,0.017975101310975024,0.42059407841331825,0.20687556623952938,0.0,0.005629166666666667,4.997536620982134,0.34171248716191366,2.3875222525480755,0.7160387635231018,6.3475157157772095,1
96,24,0.8888888888888888,0.9729753339855652,0.014614137753946203,0.43689569431709463,0.21309891247314783,0.0,0.005525,5.168697256074054,0.3576061440417427,2.475826277028429,0.7461254596710205,7.31030870965515,1
96,25,0.9259259259259259,0.9845433294424197,0.011567995456854469,0.4523441504077619,0.218878685556735,0.0,0.005525,5.330280952240751,0.3726672932249895,2.560112368645,0.7755187153816223,8.278904080095181,1
96,26,0.9629629629629629,0.9934238358537889,0.008880506411369234,0.46685456296465555,0.22419345125414197,0.0,0.005525,5.481564482567867,0.3868129912693144,2.6400251222038156,0.8041045069694519,9.224629710557096,1
96,27,1.0,1.0,0.0065761641462110405,0.4803605410282744,0.22903010056356332,0.0,0.005525,5.621999496135566,0.39997834502873403,2.7152558961304747,0.8317704796791077,10.109186653809342,1
97,0,0.0,0.0,0.0,0.05979639547176933,0.04249797404789095,0.0,0.19676666666666667,0.9999999253204561,4.909123526886105e-09,0.0,0.0,0.38047696389957153,1
97,1,0.037037037037037035,0.030798122336255663,0.030798122336255663,0.06401141654429175,0.04492391613633185,0.0,0.17923750000000002,1.0603020777949883,0.004238592515535937,0.08485280723596603,0.029999999329447746,0.4810087248159043,1
97,2,0.07407407407407407,0.06294028845981567,0.03214216612356001,0.06846405417780181,0.04745132514600552,0.0,0.16563333333333335,1.1233127019877207,0.008713874356967993,0.16973462745889847,0.06001470983028412,0.5867033678212401,1
97,3,0.1111111111111111,0.0964079511426398,0.033467662682824126,0.07315996105858982,0.050080314773015056,0.0,0.14999166666666666,1.1890497862775884,0.013431358837731468,0.2547335840151993,0.09008079767227173,0.6975908004233133,1
97,4,0.14814814814814814,0.1311589739637434,0.034751022821103615,0.07810181953564237,0.05280937506397433,0.0,0.13655416666666667,1.257493346994521,0.018393583524166996,0.3398990122492222,0.12021992355585098,0.8136065007837399,1
97,5,0.18518518518518517,0.16713267327410164,0.03597369931035824,0.08329047144597247,0.05563610297432529,0.0,0.1252625,1.328598970407779,0.02360124771460671,0.4252695680830336,0.15045025944709778,0.9346140353586634,1
97,6,0.2222222222222222,0.20425359967032752,0.03712092639622587,0.08872479210686561,0.058557164630320006,0.0,0.11297083333333334,1.4022926256766033,0.029053091408086606,0.5108760908733534,0.18078754842281342,1.060396261351471,1
97,7,0.25925925925925924,0.24243099778414645,0.038177398113818935,0.0944015321577955,0.06156829912874026,0.0,0.10290416666666667,1.4784855687643523,0.034745739057972486,0.5967418619397313,0.21124520897865295,1.1906466085911394,1
97,8,0.2962962962962963,0.2815566454402945,0.03912564765614808,0.10031515849907024,0.06466427504539121,0.0,0.09255416666666667,1.5570611335182067,0.04067354281203395,0.6828823060506286,0.2418341487646103,1.324959599296136,1
97,9,0.3333333333333333,0.3215077347793209,0.03995108933902631,0.10645767547519455,0.06783887389977132,0.0,0.0845,1.63787467086651,0.04682840810300356,0.7693045717798902,0.27256259322166443,1.4628216492387125,1
97,10,0.37037037037037035,0.36214597190671177,0.04063823712739092,0.11281851243750377,0.07108488950602507,0.0,0.07791666666666668,1.7207525461491349,0.05319968200940833,0.8560071171802109,0.30343592166900635,1.6036048082156658,1
97,11,0.4074074074074074,0.403320097875343,0.04117412596863124,0.11938446836427276,0.07439414326074234,0.0,0.06985833333333334,1.8055003051883756,0.05977410177735599,0.9429793850533336,0.33445653319358826,1.7465626406144583,1
97,12,0.4444444444444444,0.4448680495275814,0.041547951652238395,0.12613972756060857,0.0777575802937357,0.0,0.06445833333333334,1.8918913668491268,0.06653580939378784,1.0302014304916827,0.3656236231327057,1.8908317114926962,1
97,13,0.48148148148148145,0.48661713956546004,0.04174909003787866,0.13306584635067434,0.08116525408025092,0.0,0.06049166666666667,1.9796783867607575,0.07346634414318315,1.1176437065136549,0.39693310856819153,2.0354337447135684,1
97,14,0.5185185185185185,0.5283890985155825,0.04177195895012245,0.14014190302242588,0.08460647084104503,0.0,0.05574166666666667,2.0685897064334746,0.08054479052534315,1.2052669912616383,0.4283774793148041,2.1792876260858893,1
97,15,0.5555555555555556,0.5700020555010493,0.041612956985466805,0.1473447587359868,0.08806994675397033,0.0,0.049820833333333335,2.158340341165308,0.08774803882363551,1.293022441802445,0.4599457383155823,2.321228271979809,1
97,16,0.5925925925925926,0.6112735994344356,0.04127154393338628,0.15464928272312542,0.09154390501348093,0.0,0.04672916666666667,2.2486270059324744,0.09505101234869605,1.380851699719279,0.4916234314441681,2.4600286461953136,1
97,17,0.6296296296296297,0.6520252807721697,0.04075168133773413,0.1620286796543988,0.0950162477969341,0.0,0.043825,2.339131354128877,0.10242699315984824,1.4686872490268017,0.5233925580978394,2.5944312210780858,1
97,18,0.6666666666666666,0.6920854926373357,0.04006021186516597,0.16945502357868553,0.09847480728837717,0.0,0.042404166666666666,2.429535753635137,0.10984815129478553,1.5564529842789274,0.5552317500114441,2.723187074338158,1
97,19,0.7037037037037037,0.7312917216968625,0.03920622905952679,0.17689958015165752,0.10190747385184198,0.0,0.040258333333333333,2.5195207528088446,0.1172858683591314,1.6440649359246462,0.5871164202690125,2.8450945218844943,1
97,20,0.7407407407407407,0.7694955000913406,0.03820377839447811,0.18433327930238322,0.1053023541608602,0.0,0.03812083333333333,2.6087597967483815,0.1247112055525824,1.7314319204271575,0.6190187335014343,2.9590410328910384,1
97,21,0.7777777777777778,0.8065637559613357,0.0370682558699951,0.1917273690143805,0.10864807259854152,0.0,0.032170833333333336,2.69694892870445,0.1320955540766131,1.8184569507648964,0.6509081721305847,3.0640488494885503,1
97,22,0.8148148148148148,0.8423808842544028,0.03581712829306709,0.19905383614568722,0.11193388729004958,0.0,0.03191666666666667,2.7837923554814035,0.13941105365792691,1.905038095975148,0.6827515959739685,3.159310078088046,1
97,23,0.8518518518518519,0.876849647075962,0.03446876282155919,0.2062858483321053,0.11514987213438777,0.0,0.031054166666666667,2.869017566128637,0.14663102853031404,1.9910700578517655,0.7145137786865234,3.244217997940572,1
97,24,0.8888888888888888,0.9098933345314002,0.03304368745543826,0.2133982648784456,0.11828703419986539,0.0,0.030058333333333336,2.9523646828933816,0.15373049641808484,2.0764453875971345,0.746157705783844,3.3183865386188973,1
97,25,0.9259259259259259,0.9414550444453708,0.03156170991397057,0.22036790405302406,0.12133740987036443,0.0,0.028300000000000002,3.03360819341892,0.16068643454944703,2.161056126665422,0.7776452302932739,3.3816579420392454,1
97,26,0.9629629629629629,0.9714968720460051,0.030041827600634244,0.22717404005104996,0.12429422941557097,0.0,0.027741666666666668,3.1125499658244697,0.16747826913531236,2.2447952759079435,0.8089373707771301,3.434101732704409,1
97,27,1.0,1.0,0.028503127953994952,0.23379837817207252,0.12715184492520118,0.0,0.026708333333333334,3.189022495860556,0.1740878505464042,2.327558055837113,0.8399949073791504,3.4759969804210424,1
98,0,0.0,0.0,0.0,0.09582005843908016,0.05034170916717357,0.0,0.15401666666666666,0.9999999062901481,9.021508998961913e-09,0.0,0.0,-8.789708885465064,0
98,1,0.037037037037037035,0.048625969989580485,0.048625969989580485,0.10650091808193128,0.055473391414096164,0.0,0.14560833333333334,1.101150573572858,0.010788477483169927,0.10392304290507558,0.030000001192092896,-8.526925497241917,0
98,2,0.07407407407407407,0.09985781623581687,0.05123184624623639,0.11806451930491353,0.060964502284979655,0.0,0.13504583333333334,1.2094294307447209,0.022470464747342826,0.2079447771840586,0.060035813599824905,-8.233790588959126,0
98,3,0.1111111111111111,0.15348007253838838,0.05362225630257152,0.13053816166522553,0.06681751884784895,0.0,0.12091666666666667,1.3249256938418688,0.035073756112019246,0.3121375124907852,0.09013417363166809,-7.9068059016232155,0
98,4,0.14814814814814814,0.2092040073522856,0.055723934813897195,0.14394142175571994,0.07303091836730137,0.0,0.10440416666666667,1.447655930678129,0.048618346313786205,0.4165527975886745,0.12031753361225128,-7.54199799679664,0
98,5,0.18518518518518517,0.2666714978495824,0.05746749049729679,0.1582851837631659,0.07959884595338276,0.0,0.0840125,1.5775618948411694,0.06311544047799544,0.5212254166436515,0.150605246424675,-7.134801926876374,0
98,6,0.2222222222222222,0.32545229528759695,0.058780797438014586,0.17357024305841812,0.08651071438976843,0.0,0.06439583333333333,1.7145076036314542,0.0785660366404239,0.6261712501793618,0.18101298809051514,-6.6799197237012145,0
98,7,0.25925925925925924,0.38504641781175103,0.05959412252415406,0.189785419565902,0.09375058528030601,0.0,0.050133333333333335,1.8582586063557844,0.0949590198715793,0.731384217313485,0.21155187487602234,-6.17114692459665,0
98,8,0.2962962962962963,0.4448920694936037,0.059845651681852706,0.20690602805060296,0.1012967395199435,0.0,0.0391625,2.0084731289184306,0.11226961247157888,0.836832767747881,0.24222783744335175,-5.601126436125096,1
98,9,0.3333333333333333,0.5043715653665031,0.05947949587289932,0.2248921957960285,0.1091212387997354,0.0,0.030083333333333333,2.164707599469878,0.1304576674582495,0.9424561051232211,0.27304041385650635,-4.961014972113567,1
98,10,0.37037037037037035,0.5628263149292041,0.05845474956270103,0.24368731019548318,0.11718955813419302,0.0,0.024379166666666667,2.3264041112708713,0.14946610352453427,1.0481599927930354,0.3039817810058594,-4.24002197299629,1
98,11,0.4074074074074074,0.6195761924547292,0.05674987752552508,0.2632169225541316,0.12546067438037936,0.0,0.021933333333333336,2.4928945769515174,0.16921980200292505,1.1538127706027526,0.3350355625152588,-3.4247446760736633,1
98,12,0.4444444444444444,0.6739393630712012,0.05436317061647204,0.2833877955661811,0.1338866836679609,0.0,0.0172375,2.663381137377694,0.18962463122422665,1.2592408654758955,0.36617523431777954,-2.4981920958955417,1
98,13,0.48148148148148145,0.7252566095909122,0.05131724651971097,0.304087380708237,0.14241307871340558,0.0,0.014929166666666667,2.836953882088023,0.21056692665528262,1.3642249959967505,0.3973632752895355,-1.4383596941972385,1
98,14,0.5185185185185185,0.7729220971185128,0.04766548752760055,0.3251841505012928,0.1509791800809906,0.0,0.013166666666666667,3.0125861266274954,0.23191383007378383,1.4684966443153762,0.42854955792427063,-0.21609511053300068,1
98,15,0.5555555555555556,0.8164090387102519,0.04348694159173918,0.34652838568843713,0.15951878874493,0.0,0.011575,3.189152813291506,0.25351408257814084,1.5717357921032025,0.45966988801956177,1.207966401887731,1
98,16,0.5925925925925926,0.8552984090082875,0.03888937029803556,0.3679541765413398,0.16796136818626908,0.0,0.010091666666666667,3.36544791488835,0.275200055120291,1.6735700821382853,0.4906451404094696,2.8872395771452553,1
98,17,0.6296296296296297,0.8893014194961133,0.03400301048782585,0.38928207265464276,0.1762333817023005,0.0,0.009720833333333333,3.540192924952597,0.29679041863728073,1.7735764880352158,0.5213802456855774,4.890492564366106,1
98,18,0.6666666666666666,0.9182796864083728,0.028978266912259396,0.41032297229709536,0.18426021266178033,0.0,0.008504166666666667,3.7120644540504952,0.318094074032565,1.8712859938155568,0.5517634153366089,7.279945507535768,1
98,19,0.7037037037037037,0.9422527224826674,0.023973036074294705,0.4308832309002776,0.1919685015335869,0.0,0.007808333333333334,3.8797210217272307,0.33891530793738206,1.966191782331517,0.5816662907600403,9.955027046567647,1
98,20,0.7407407407407407,0.9613986775890141,0.019145955106346698,0.45077003888101147,0.1992885117235792,0.0,0.007287500000000001,4.041845105775417,0.359059215387149,2.0577616115250255,0.6109452843666077,12.012918413495075,1
98,21,0.7777777777777778,0.9760426026015351,0.01464392501252091,0.46979788852349097,0.20615689161810116,0.0,0.007287500000000001,4.197179462918114,0.3783382204924044,2.145453934605998,0.6394429206848145,11.68422583130748,1
98,22,0.8148148148148148,0.9866342162718912,0.010591613670356197,0.4877951651958778,0.21251918746198062,0.0,0.006329166666666667,4.344566289597848,0.39657872918333614,2.22873690776944,0.6669908761978149,9.593159058825659,1
98,23,0.8518518518518519,0.9937175679073179,0.007083351635426631,0.5046100160348,0.2183319463089865,0.0,0.006329166666666667,4.482967057415782,0.41362704787732996,2.30710946051508,0.6934148669242859,7.402340675312978,1
98,24,0.8888888888888888,0.9978945756127697,0.004177007705451893,0.5201152345402906,0.22356407563454003,0.0,0.006229166666666667,4.6114982419553385,0.42935431706908017,2.3801217569630437,0.7185395359992981,5.58131807278318,1
98,25,0.9259259259259259,0.9997869123596642,0.001892336746894498,0.5342117116125664,0.22819742202826782,0.0,0.005079166666666667,4.729460248313055,0.4436600009594378,2.4473936353856125,0.7421941161155701,4.127416940045752,1
98,26,0.9629629629629629,1.0,0.00021308764033575126,0.5468305564884576,0.23222665676760076,0.0,0.005079166666666667,4.836342443077567,0.45647404187158747,2.508629049256539,0.7642186880111694,2.969265482340539,1
98,27,1.0,0.9990940250174376,-0.0009059749825624492,0.5579325125385762,0.23565798946763425,0.0,0.005079166666666667,4.931827475835818,0.46775628881279135,2.5636251960064613,0.7844697833061218,2.043670300638471,1
99,0,0.0,0.0,0.0,0.03155280635460019,0.01591315368362655,0.0,0.19767916666666668,0.9999998873064231,3.0905933171096776e-09,0.0,0.0,-2.707986916074719,1
99,1,0.037037037037037035,0.02385415643591203,0.02385415643591203,0.03587593006091664,0.017812934851740767,0.0,0.169825,1.1224445026643628,0.004628238195378153,0.1039230359149843,0.029999997466802597,-2.630966320897377,1
99,2,0.07407407407407407,0.04989162515057474,0.026037468714662712,0.04066911244110552,0.019881145664958664,0.0,0.1416,1.2561442086686572,0.009747547799463307,0.20797983862106145,0.060040708631277084,-2.5452377620425723,1
99,3,0.1111111111111111,0.07816592600300742,0.028274300852432682,0.045962871432927134,0.022124049109828,0.0,0.133475,1.4015576586978271,0.015388496423999701,0.31226153626985664,0.09014888852834702,-2.4500875595144853,1
99,4,0.14814814814814814,0.10870410543160099,0.030538179428593562,0.05178621322799623,0.024546792696347863,0.0,0.115275,1.5590939312187346,0.02157994290961845,0.416852287208982,0.12035121768712997,-2.3447832104324657,1
99,5,0.18518518518518517,0.14150318374399035,0.032799078312389346,0.05816596301560079,0.027153206850186882,0.0,0.10938333333333333,1.7290678324970332,0.02834835645733466,0.5218297828895309,0.15067404508590698,-2.2285785714911004,1
99,6,0.2222222222222222,0.17652706082113676,0.035023877077146416,0.06512601898603079,0.029945628093971156,0.0,0.09373333333333334,1.9117285516287348,0.03571705493259619,0.6272634867523411,0.1811426430940628,-2.1007203898282967,1
99,7,0.25925925925925924,0.21369918148996767,0.03717212066883092,0.07268634037200884,0.03292458542978147,0.0,0.08162083333333334,2.107202800445927,0.043705180628795,0.7332128639015627,0.2117806226015091,-1.960460258795072,1
99,8,0.2962962962962963,0.25290322314469166,0.03920404165472402,0.08086210676717771,0.03608863730975031,0.0,0.06788333333333334,2.315498881259305,0.052326848370406596,0.8397254301651275,0.24260936677455902,-1.807064617082741,1
99,9,0.3333333333333333,0.2939772509656209,0.0410740278209292,0.08966261158844172,0.03943409956848178,0.0,0.06195833333333334,2.53643037015382,0.06159003335104078,0.9468349142238022,0.2736474573612213,-1.6398312137446238,1
99,10,0.37037037037037035,0.3367134887120658,0.04273623774644491,0.09909032198956137,0.04295487799762185,0.0,0.037137500000000004,2.7697017279746565,0.0714956280288086,1.0545592898411196,0.3049100935459137,-1.4581052051372208,1
99,11,0.4074074074074074,0.380860496189833,0.044147007477767196,0.10913997241958741,0.04664233246804926,0.0,0.028416666666666666,3.014847934180993,0.082036548616893,1.1628990546384124,0.3364085853099823,-1.261297721928707,1
99,12,0.4444444444444444,0.4261235130618826,0.0452630168720496,0.1197976958211319,0.05048514216523359,0.0,0.021579166666666667,3.2711951311097622,0.09319687391742094,1.2718351788526614,0.3681497871875763,-1.048908382941402,1
99,13,0.48148148148148145,0.4721684699726659,0.046044956910783315,0.13104031514102196,0.054469311189746426,0.0,0.020691666666666667,3.5379294086796516,0.1049511552212042,1.3813275025567946,0.4001355767250061,-0.8205496667775538,1
99,14,0.5185185185185185,0.5186302400039057,0.04646177003123978,0.14283499915853937,0.058578210128087164,0.0,0.01881666666666667,3.8140680665054334,0.11726410695135452,1.4913129488091614,0.43236225843429565,-0.5759704580462692,1
99,15,0.5555555555555556,0.5651200879055089,0.04648984790160322,0.15513896568204946,0.06279270192135183,0.0,0.008870833333333333,4.098410626673917,0.13009033977644996,1.6017041502619243,0.46482011675834656,-0.3150852887645943,1
99,16,0.5925925925925926,0.6112354686993058,0.04611538079379692,0.16789962005421247,0.06709135840043261,0.0,0.008829166666666667,4.389598080473834,0.1433745350321037,1.7123881786676094,0.4974929094314575,-0.03800229510988551,1
99,17,0.6296296296296297,0.6565730924840354,0.0453376237847296,0.18105513473547052,0.07145080497855084,0.0,0.008754166666666667,4.686127225112906,0.15705207327926182,1.8232257047033753,0.5303574204444885,0.2549511936170603,1
99,18,0.6666666666666666,0.7007402128852671,0.04416712040123162,0.1945352574945348,0.07584613369849083,0.0,0.008741666666666667,4.986408175861923,0.17104990120756816,1.934050860879038,0.563383162021637,0.563201822912891,1
99,19,0.7037037037037037,0.7433677491621621,0.04262753627689502,0.20826245139700175,0.08025132492315265,0.0,0.008595833333333334,5.288709736809847,0.18528770819032217,2.044671414032952,0.5965321063995361,0.8859045456076728,1
99,20,0.7407407407407407,0.7841214027520668,0.04075365358990471,0.22215354723362277,0.08463986393884501,0.0,0.008595833333333334,5.591251352694406,0.19967963890312304,2.154870035160859,0.6297585368156433,1.2219262439436704,1
99,21,0.7777777777777778,0.8227132322293152,0.0385918294772485,0.23612159998489718,0.08898529783827547,0.0,0.0085625,5.892401130360499,0.21413620777870077,2.26440629033164,0.6630092263221741,1.5698341339041963,1
99,22,0.8148148148148148,0.858909045234366,0.036195813005050696,0.2500780162541237,0.0932619243944844,0.0,0.0085625,6.190317202395469,0.22856646436849262,2.3730195184978085,0.6962236166000366,1.927894547894276,1
99,23,0.8518518518518519,0.8925347016691892,0.0336256564348233,0.26393458248514706,0.09744521067881652,0.0,0.008008333333333334,6.483271423037024,0.24288007483560037,2.4804329294488654,0.7293345928192139,2.2940772807757295,1
99,24,0.8888888888888888,0.9234781765612127,0.030943474892023398,0.2776058528637982,0.10151257242222304,0.0,0.00795,6.7696624815223805,0.25698974062712515,2.5863581129448283,0.7622691988945007,2.6660830201967265,1
99,25,0.9259259259259259,0.9516892162526632,0.028211039691450564,0.29101106827219825,0.10544367906619402,0.0,0.00795,7.0480116054441675,0.27081314830116787,2.6905009797947845,0.7949497699737549,3.04137459881815,1
99,26,0.9629629629629629,0.9771761868028738,0.02548697055021051,0.30407621542252566,0.10922102562628427,0.0,0.00795,7.317013594008385,0.28427504959850536,2.792567567483468,0.8272952437400818,3.417234432596798,1
99,27,1.0,1.0,0.022823813197126248,0.3167352506257421,0.1128299764346674,0.0,0.007854166666666667,7.5755532965845065,0.297308486607123,2.892270366694058,0.8592225909233093,3.7908210693099864,1
