[autodl] run_id=20260920-041332-ttie-t062a-zr
[autodl] started_at=2026-09-20T04:13:37+08:00
...                                                                      [100%]
=============================== warnings summary ===============================
research_log/T062A/test_core.py::test_unchanged_action_and_selection
  <frozen importlib._bootstrap>:488: DeprecationWarning: Type google._upb._message.MessageMapContainer uses PyType_Spec with a metaclass that has custom tp_new. This is deprecated and will no longer be allowed in Python 3.14.

research_log/T062A/test_core.py::test_unchanged_action_and_selection
  <frozen importlib._bootstrap>:488: DeprecationWarning: Type google._upb._message.ScalarMapContainer uses PyType_Spec with a metaclass that has custom tp_new. This is deprecated and will no longer be allowed in Python 3.14.

-- Docs: https://docs.pytest.org/en/stable/how-to/capture-warnings.html
3 passed, 2 warnings in 2.31s
/home/wenchang/asdasdsad/wjq/TTIE/.venv/lib/python3.12/site-packages/timm/models/layers/__init__.py:49: FutureWarning: Importing from timm.models.layers is deprecated, please import via timm.layers
  warnings.warn(f"Importing from {__name__} is deprecated, please import via timm.layers", FutureWarning)
/home/wenchang/asdasdsad/wjq/TTIE/.venv/lib/python3.12/site-packages/open_clip/factory.py:129: FutureWarning: You are using `torch.load` with `weights_only=False` (the current default value), which uses the default pickle module implicitly. It is possible to construct malicious pickle data which will execute arbitrary code during unpickling (See https://github.com/pytorch/pytorch/blob/main/SECURITY.md#untrusted-models for more details). In a future release, the default value for `weights_only` will be flipped to `True`. This limits the functions that could be executed during unpickling. Arbitrary objects will no longer be allowed to be loaded via this mode unless they are explicitly allowlisted by the user via `torch.serialization.add_safe_globals`. We recommend you start setting `weights_only=True` for any use case where you don't have full control of the loaded file. Please open an issue on GitHub for any issues related to this experimental feature.
  checkpoint = torch.load(checkpoint_path, map_location=map_location)
{"completed": 1, "seconds": 1.1260225110017927}
{"completed": 2, "seconds": 1.0358882389991777}
{"completed": 3, "seconds": 1.108394301001681}
{"completed": 4, "seconds": 1.1200380259979283}
{"completed": 5, "seconds": 1.091391513000417}
{"completed": 6, "seconds": 1.134567508001055}
{"completed": 7, "seconds": 1.110102423997887}
{"completed": 8, "seconds": 1.0539359620015603}
{"completed": 9, "seconds": 1.2516025119984988}
{"completed": 10, "seconds": 1.222107273999427}
{"completed": 11, "seconds": 1.1436565130061354}
{"completed": 12, "seconds": 1.3031044419985847}
{"completed": 13, "seconds": 1.1892190099970321}
{"completed": 14, "seconds": 1.2993920810040436}
{"completed": 15, "seconds": 1.3705353690020274}
{"completed": 16, "seconds": 1.3864781580050476}
{"completed": 17, "seconds": 1.3888346240055398}
{"completed": 18, "seconds": 1.3844621359967277}
{"completed": 19, "seconds": 1.3659379500022624}
{"completed": 20, "seconds": 1.2953770849999273}
{"completed": 21, "seconds": 1.3112315830003354}
{"completed": 22, "seconds": 1.2335583149979357}
{"completed": 23, "seconds": 1.1793168430012884}
{"completed": 24, "seconds": 1.1811960089980857}
{"completed": 25, "seconds": 1.2007728479948128}
{"completed": 26, "seconds": 1.3650576060026651}
{"completed": 27, "seconds": 1.409741078998195}
{"completed": 28, "seconds": 1.3328096170007484}
{"completed": 29, "seconds": 1.310841715996503}
{"completed": 30, "seconds": 1.269159944000421}
{"completed": 31, "seconds": 1.2808906690042932}
{"completed": 32, "seconds": 1.2084262600037619}
{"completed": 33, "seconds": 1.1773443929996574}
{"completed": 34, "seconds": 1.2790312869983609}
{"completed": 35, "seconds": 1.2592464929984999}
{"completed": 36, "seconds": 1.3768363889976172}
{"completed": 37, "seconds": 1.354295582001214}
{"completed": 38, "seconds": 1.3794517509959405}
{"completed": 39, "seconds": 1.3819167499968898}
{"completed": 40, "seconds": 1.2868874099949608}
{"completed": 41, "seconds": 1.339671488996828}
{"completed": 42, "seconds": 1.3842518000019481}
{"completed": 43, "seconds": 1.2982746189954923}
{"completed": 44, "seconds": 1.185551567003131}
{"completed": 45, "seconds": 1.1874351819933509}
{"completed": 46, "seconds": 1.1632991649967153}
{"completed": 47, "seconds": 1.1353320139969583}
{"completed": 48, "seconds": 1.202051609994669}
{"completed": 49, "seconds": 1.408308442994894}
{"completed": 50, "seconds": 1.386959890005528}
{"completed": 51, "seconds": 1.3217711720062653}
{"completed": 52, "seconds": 1.3112459870026214}
{"completed": 53, "seconds": 1.316272955002205}
{"completed": 54, "seconds": 1.2735449699976016}
{"completed": 55, "seconds": 1.2999180699989665}
{"completed": 56, "seconds": 1.383156294003129}
{"completed": 57, "seconds": 1.2958199369968497}
{"completed": 58, "seconds": 1.3225791290024063}
{"completed": 59, "seconds": 1.3029248129969346}
{"completed": 60, "seconds": 1.3036228109995136}
{"completed": 61, "seconds": 1.3456659799994668}
{"completed": 62, "seconds": 1.3306044490018394}
{"completed": 63, "seconds": 1.2764868940066663}
{"completed": 64, "seconds": 1.2989445190032711}
{"completed": 65, "seconds": 1.3009620750017348}
{"completed": 66, "seconds": 1.2978040050002164}
{"completed": 67, "seconds": 1.3688936560065486}
{"completed": 68, "seconds": 1.374781995000376}
{"completed": 69, "seconds": 1.133064555004239}
{"completed": 70, "seconds": 1.2153473190046498}
{"completed": 71, "seconds": 1.1990858069984824}
{"completed": 72, "seconds": 1.2023497389964177}
{"completed": 73, "seconds": 1.210544903005939}
{"completed": 74, "seconds": 1.2027016120046028}
{"completed": 75, "seconds": 1.291704777002451}
{"completed": 76, "seconds": 1.2123929650042555}
{"completed": 77, "seconds": 1.1520593270033714}
{"completed": 78, "seconds": 1.2660908510006266}
{"completed": 79, "seconds": 1.380278945005557}
{"completed": 80, "seconds": 1.306035757996142}
{"completed": 81, "seconds": 1.3520806330052437}
{"completed": 82, "seconds": 1.3180392520007445}
{"completed": 83, "seconds": 1.37236273700546}
{"completed": 84, "seconds": 1.3814761270041345}
{"completed": 85, "seconds": 1.244375744005083}
{"completed": 86, "seconds": 1.3139565590026905}
{"completed": 87, "seconds": 1.2932991440029582}
{"completed": 88, "seconds": 1.3055079449986806}
{"completed": 89, "seconds": 1.3993526519989246}
{"completed": 90, "seconds": 1.316139229995315}
{"completed": 91, "seconds": 1.353041028000007}
{"completed": 92, "seconds": 1.364814701002615}
{"completed": 93, "seconds": 1.2196072160004405}
{"completed": 94, "seconds": 1.2772637999951257}
{"completed": 95, "seconds": 1.319155179997324}
{"completed": 96, "seconds": 1.3108336929944926}
{"completed": 97, "seconds": 1.334744599997066}
{"completed": 98, "seconds": 1.3439720420064987}
{"completed": 99, "seconds": 1.3793059669987997}
{"completed": 100, "seconds": 1.299448106001364}
ALL_100_FROZEN 301c041aedeb7d4925560a860417891e6bc64fa616da3c1c10565b10d3496d00
Traceback (most recent call last):
  File "/home/wenchang/anaconda3/envs/python3.12-tk2-2.3/lib/python3.12/shutil.py", line 674, in _rmtree_safe_fd
    topfd = os.open(name, os.O_RDONLY | os.O_NONBLOCK, dir_fd=dirfd)
            ^^^^^^^^^^^^^^^^^^^^^^^^^^^^^^^^^^^^^^^^^^^^^^^^^^^^^^^^
  File "/home/wenchang/asdasdsad/wjq/TTIE/releases/20260920-ttie-t062a-zr/research_log/T062A/infer.py", line 56, in guard
    raise PermissionError('T062-A low-only read guard: '+str(p))
PermissionError: [Errno None] None: '/tmp/tmpmwoa_3__'

During handling of the above exception, another exception occurred:

Traceback (most recent call last):
  File "/home/wenchang/anaconda3/envs/python3.12-tk2-2.3/lib/python3.12/tempfile.py", line 909, in onexc
    _os.unlink(path)
IsADirectoryError: [Errno 21] Is a directory: '/tmp/tmpmwoa_3__'

During handling of the above exception, another exception occurred:

Traceback (most recent call last):
  File "/home/wenchang/anaconda3/envs/python3.12-tk2-2.3/lib/python3.12/shutil.py", line 674, in _rmtree_safe_fd
    topfd = os.open(name, os.O_RDONLY | os.O_NONBLOCK, dir_fd=dirfd)
            ^^^^^^^^^^^^^^^^^^^^^^^^^^^^^^^^^^^^^^^^^^^^^^^^^^^^^^^^
  File "/home/wenchang/asdasdsad/wjq/TTIE/releases/20260920-ttie-t062a-zr/research_log/T062A/infer.py", line 56, in guard
    raise PermissionError('T062-A low-only read guard: '+str(p))
PermissionError: [Errno None] None: '/tmp/tmpmwoa_3__'

During handling of the above exception, another exception occurred:

Traceback (most recent call last):
  File "/home/wenchang/anaconda3/envs/python3.12-tk2-2.3/lib/python3.12/tempfile.py", line 909, in onexc
    _os.unlink(path)
IsADirectoryError: [Errno 21] Is a directory: '/tmp/tmpmwoa_3__'

During handling of the above exception, another exception occurred:

Traceback (most recent call last):
  File "/home/wenchang/anaconda3/envs/python3.12-tk2-2.3/lib/python3.12/shutil.py", line 674, in _rmtree_safe_fd
    topfd = os.open(name, os.O_RDONLY | os.O_NONBLOCK, dir_fd=dirfd)
            ^^^^^^^^^^^^^^^^^^^^^^^^^^^^^^^^^^^^^^^^^^^^^^^^^^^^^^^^
  File "/home/wenchang/asdasdsad/wjq/TTIE/releases/20260920-ttie-t062a-zr/research_log/T062A/infer.py", line 56, in guard
    raise PermissionError('T062-A low-only read guard: '+str(p))
PermissionError: [Errno None] None: '/tmp/tmpmwoa_3__'

During handling of the above exception, another exception occurred:

Traceback (most recent call last):
  File "/home/wenchang/anaconda3/envs/python3.12-tk2-2.3/lib/python3.12/tempfile.py", line 909, in onexc
    _os.unlink(path)
IsADirectoryError: [Errno 21] Is a directory: '/tmp/tmpmwoa_3__'

During handling of the above exception, another exception occurred:

Traceback (most recent call last):
  File "/home/wenchang/anaconda3/envs/python3.12-tk2-2.3/lib/python3.12/shutil.py", line 674, in _rmtree_safe_fd
    topfd = os.open(name, os.O_RDONLY | os.O_NONBLOCK, dir_fd=dirfd)
            ^^^^^^^^^^^^^^^^^^^^^^^^^^^^^^^^^^^^^^^^^^^^^^^^^^^^^^^^
  File "/home/wenchang/asdasdsad/wjq/TTIE/releases/20260920-ttie-t062a-zr/research_log/T062A/infer.py", line 56, in guard
    raise PermissionError('T062-A low-only read guard: '+str(p))
PermissionError: [Errno None] None: '/tmp/tmpmwoa_3__'

During handling of the above exception, another exception occurred:

Traceback (most recent call last):
  File "/home/wenchang/anaconda3/envs/python3.12-tk2-2.3/lib/python3.12/tempfile.py", line 909, in onexc
    _os.unlink(path)
IsADirectoryError: [Errno 21] Is a directory: '/tmp/tmpmwoa_3__'

During handling of the above exception, another exception occurred:

Traceback (most recent call last):
  File "/home/wenchang/anaconda3/envs/python3.12-tk2-2.3/lib/python3.12/shutil.py", line 674, in _rmtree_safe_fd
    topfd = os.open(name, os.O_RDONLY | os.O_NONBLOCK, dir_fd=dirfd)
            ^^^^^^^^^^^^^^^^^^^^^^^^^^^^^^^^^^^^^^^^^^^^^^^^^^^^^^^^
  File "/home/wenchang/asdasdsad/wjq/TTIE/releases/20260920-ttie-t062a-zr/research_log/T062A/infer.py", line 56, in guard
    raise PermissionError('T062-A low-only read guard: '+str(p))
PermissionError: [Errno None] None: '/tmp/tmpmwoa_3__'

During handling of the above exception, another exception occurred:

Traceback (most recent call last):
  File "/home/wenchang/anaconda3/envs/python3.12-tk2-2.3/lib/python3.12/tempfile.py", line 909, in onexc
    _os.unlink(path)
IsADirectoryError: [Errno 21] Is a directory: '/tmp/tmpmwoa_3__'

During handling of the above exception, another exception occurred:

Traceback (most recent call last):
  File "/home/wenchang/anaconda3/envs/python3.12-tk2-2.3/lib/python3.12/shutil.py", line 674, in _rmtree_safe_fd
    topfd = os.open(name, os.O_RDONLY | os.O_NONBLOCK, dir_fd=dirfd)
            ^^^^^^^^^^^^^^^^^^^^^^^^^^^^^^^^^^^^^^^^^^^^^^^^^^^^^^^^
  File "/home/wenchang/asdasdsad/wjq/TTIE/releases/20260920-ttie-t062a-zr/research_log/T062A/infer.py", line 56, in guard
    raise PermissionError('T062-A low-only read guard: '+str(p))
PermissionError: [Errno None] None: '/tmp/tmpmwoa_3__'

During handling of the above exception, another exception occurred:

Traceback (most recent call last):
  File "/home/wenchang/anaconda3/envs/python3.12-tk2-2.3/lib/python3.12/tempfile.py", line 909, in onexc
    _os.unlink(path)
IsADirectoryError: [Errno 21] Is a directory: '/tmp/tmpmwoa_3__'

During handling of the above exception, another exception occurred:

Traceback (most recent call last):
  File "/home/wenchang/anaconda3/envs/python3.12-tk2-2.3/lib/python3.12/shutil.py", line 674, in _rmtree_safe_fd
    topfd = os.open(name, os.O_RDONLY | os.O_NONBLOCK, dir_fd=dirfd)
            ^^^^^^^^^^^^^^^^^^^^^^^^^^^^^^^^^^^^^^^^^^^^^^^^^^^^^^^^
  File "/home/wenchang/asdasdsad/wjq/TTIE/releases/20260920-ttie-t062a-zr/research_log/T062A/infer.py", line 56, in guard
    raise PermissionError('T062-A low-only read guard: '+str(p))
PermissionError: [Errno None] None: '/tmp/tmpmwoa_3__'

During handling of the above exception, another exception occurred:

Traceback (most recent call last):
  File "/home/wenchang/anaconda3/envs/python3.12-tk2-2.3/lib/python3.12/tempfile.py", line 909, in onexc
    _os.unlink(path)
IsADirectoryError: [Errno 21] Is a directory: '/tmp/tmpmwoa_3__'

During handling of the above exception, another exception occurred:

Traceback (most recent call last):
  File "/home/wenchang/anaconda3/envs/python3.12-tk2-2.3/lib/python3.12/shutil.py", line 674, in _rmtree_safe_fd
    topfd = os.open(name, os.O_RDONLY | os.O_NONBLOCK, dir_fd=dirfd)
            ^^^^^^^^^^^^^^^^^^^^^^^^^^^^^^^^^^^^^^^^^^^^^^^^^^^^^^^^
  File "/home/wenchang/asdasdsad/wjq/TTIE/releases/20260920-ttie-t062a-zr/research_log/T062A/infer.py", line 56, in guard
    raise PermissionError('T062-A low-only read guard: '+str(p))
PermissionError: [Errno None] None: '/tmp/tmpmwoa_3__'

During handling of the above exception, another exception occurred:

Traceback (most recent call last):
  File "/home/wenchang/anaconda3/envs/python3.12-tk2-2.3/lib/python3.12/tempfile.py", line 909, in onexc
    _os.unlink(path)
IsADirectoryError: [Errno 21] Is a directory: '/tmp/tmpmwoa_3__'

During handling of the above exception, another exception occurred:

Traceback (most recent call last):
  File "/home/wenchang/anaconda3/envs/python3.12-tk2-2.3/lib/python3.12/shutil.py", line 674, in _rmtree_safe_fd
    topfd = os.open(name, os.O_RDONLY | os.O_NONBLOCK, dir_fd=dirfd)
            ^^^^^^^^^^^^^^^^^^^^^^^^^^^^^^^^^^^^^^^^^^^^^^^^^^^^^^^^
  File "/home/wenchang/asdasdsad/wjq/TTIE/releases/20260920-ttie-t062a-zr/research_log/T062A/infer.py", line 56, in guard
    raise PermissionError('T062-A low-only read guard: '+str(p))
PermissionError: [Errno None] None: '/tmp/tmpmwoa_3__'

During handling of the above exception, another exception occurred:

Traceback (most recent call last):
  File "/home/wenchang/anaconda3/envs/python3.12-tk2-2.3/lib/python3.12/tempfile.py", line 909, in onexc
    _os.unlink(path)
IsADirectoryError: [Errno 21] Is a directory: '/tmp/tmpmwoa_3__'

During handling of the above exception, another exception occurred:

Traceback (most recent call last):
  File "/home/wenchang/anaconda3/envs/python3.12-tk2-2.3/lib/python3.12/shutil.py", line 674, in _rmtree_safe_fd
    topfd = os.open(name, os.O_RDONLY | os.O_NONBLOCK, dir_fd=dirfd)
            ^^^^^^^^^^^^^^^^^^^^^^^^^^^^^^^^^^^^^^^^^^^^^^^^^^^^^^^^
  File "/home/wenchang/asdasdsad/wjq/TTIE/releases/20260920-ttie-t062a-zr/research_log/T062A/infer.py", line 56, in guard
    raise PermissionError('T062-A low-only read guard: '+str(p))
PermissionError: [Errno None] None: '/tmp/tmpmwoa_3__'

During handling of the above exception, another exception occurred:

Traceback (most recent call last):
  File "/home/wenchang/anaconda3/envs/python3.12-tk2-2.3/lib/python3.12/tempfile.py", line 909, in onexc
    _os.unlink(path)
IsADirectoryError: [Errno 21] Is a directory: '/tmp/tmpmwoa_3__'

During handling of the above exception, another exception occurred:

Traceback (most recent call last):
  File "/home/wenchang/anaconda3/envs/python3.12-tk2-2.3/lib/python3.12/shutil.py", line 674, in _rmtree_safe_fd
    topfd = os.open(name, os.O_RDONLY | os.O_NONBLOCK, dir_fd=dirfd)
            ^^^^^^^^^^^^^^^^^^^^^^^^^^^^^^^^^^^^^^^^^^^^^^^^^^^^^^^^
  File "/home/wenchang/asdasdsad/wjq/TTIE/releases/20260920-ttie-t062a-zr/research_log/T062A/infer.py", line 56, in guard
    raise PermissionError('T062-A low-only read guard: '+str(p))
PermissionError: [Errno None] None: '/tmp/tmpmwoa_3__'

During handling of the above exception, another exception occurred:

Traceback (most recent call last):
  File "/home/wenchang/anaconda3/envs/python3.12-tk2-2.3/lib/python3.12/tempfile.py", line 909, in onexc
    _os.unlink(path)
IsADirectoryError: [Errno 21] Is a directory: '/tmp/tmpmwoa_3__'

During handling of the above exception, another exception occurred:

Traceback (most recent call last):
  File "/home/wenchang/anaconda3/envs/python3.12-tk2-2.3/lib/python3.12/shutil.py", line 674, in _rmtree_safe_fd
    topfd = os.open(name, os.O_RDONLY | os.O_NONBLOCK, dir_fd=dirfd)
            ^^^^^^^^^^^^^^^^^^^^^^^^^^^^^^^^^^^^^^^^^^^^^^^^^^^^^^^^
  File "/home/wenchang/asdasdsad/wjq/TTIE/releases/20260920-ttie-t062a-zr/research_log/T062A/infer.py", line 56, in guard
    raise PermissionError('T062-A low-only read guard: '+str(p))
PermissionError: [Errno None] None: '/tmp/tmpmwoa_3__'

During handling of the above exception, another exception occurred:

Traceback (most recent call last):
  File "/home/wenchang/anaconda3/envs/python3.12-tk2-2.3/lib/python3.12/tempfile.py", line 909, in onexc
    _os.unlink(path)
IsADirectoryError: [Errno 21] Is a directory: '/tmp/tmpmwoa_3__'

During handling of the above exception, another exception occurred:

Traceback (most recent call last):
  File "/home/wenchang/anaconda3/envs/python3.12-tk2-2.3/lib/python3.12/shutil.py", line 674, in _rmtree_safe_fd
    topfd = os.open(name, os.O_RDONLY | os.O_NONBLOCK, dir_fd=dirfd)
            ^^^^^^^^^^^^^^^^^^^^^^^^^^^^^^^^^^^^^^^^^^^^^^^^^^^^^^^^
  File "/home/wenchang/asdasdsad/wjq/TTIE/releases/20260920-ttie-t062a-zr/research_log/T062A/infer.py", line 56, in guard
    raise PermissionError('T062-A low-only read guard: '+str(p))
PermissionError: [Errno None] None: '/tmp/tmpmwoa_3__'

During handling of the above exception, another exception occurred:

Traceback (most recent call last):
  File "/home/wenchang/anaconda3/envs/python3.12-tk2-2.3/lib/python3.12/tempfile.py", line 909, in onexc
    _os.unlink(path)
IsADirectoryError: [Errno 21] Is a directory: '/tmp/tmpmwoa_3__'

During handling of the above exception, another exception occurred:

Traceback (most recent call last):
  File "/home/wenchang/anaconda3/envs/python3.12-tk2-2.3/lib/python3.12/shutil.py", line 674, in _rmtree_safe_fd
    topfd = os.open(name, os.O_RDONLY | os.O_NONBLOCK, dir_fd=dirfd)
            ^^^^^^^^^^^^^^^^^^^^^^^^^^^^^^^^^^^^^^^^^^^^^^^^^^^^^^^^
  File "/home/wenchang/asdasdsad/wjq/TTIE/releases/20260920-ttie-t062a-zr/research_log/T062A/infer.py", line 56, in guard
    raise PermissionError('T062-A low-only read guard: '+str(p))
PermissionError: [Errno None] None: '/tmp/tmpmwoa_3__'

During handling of the above exception, another exception occurred:

Traceback (most recent call last):
  File "/home/wenchang/anaconda3/envs/python3.12-tk2-2.3/lib/python3.12/tempfile.py", line 909, in onexc
    _os.unlink(path)
IsADirectoryError: [Errno 21] Is a directory: '/tmp/tmpmwoa_3__'

During handling of the above exception, another exception occurred:

Traceback (most recent call last):
  File "/home/wenchang/anaconda3/envs/python3.12-tk2-2.3/lib/python3.12/shutil.py", line 674, in _rmtree_safe_fd
    topfd = os.open(name, os.O_RDONLY | os.O_NONBLOCK, dir_fd=dirfd)
            ^^^^^^^^^^^^^^^^^^^^^^^^^^^^^^^^^^^^^^^^^^^^^^^^^^^^^^^^
  File "/home/wenchang/asdasdsad/wjq/TTIE/releases/20260920-ttie-t062a-zr/research_log/T062A/infer.py", line 56, in guard
    raise PermissionError('T062-A low-only read guard: '+str(p))
PermissionError: [Errno None] None: '/tmp/tmpmwoa_3__'

During handling of the above exception, another exception occurred:

Traceback (most recent call last):
  File "/home/wenchang/anaconda3/envs/python3.12-tk2-2.3/lib/python3.12/tempfile.py", line 909, in onexc
    _os.unlink(path)
IsADirectoryError: [Errno 21] Is a directory: '/tmp/tmpmwoa_3__'

During handling of the above exception, another exception occurred:

Traceback (most recent call last):
  File "/home/wenchang/anaconda3/envs/python3.12-tk2-2.3/lib/python3.12/shutil.py", line 674, in _rmtree_safe_fd
    topfd = os.open(name, os.O_RDONLY | os.O_NONBLOCK, dir_fd=dirfd)
            ^^^^^^^^^^^^^^^^^^^^^^^^^^^^^^^^^^^^^^^^^^^^^^^^^^^^^^^^
  File "/home/wenchang/asdasdsad/wjq/TTIE/releases/20260920-ttie-t062a-zr/research_log/T062A/infer.py", line 56, in guard
    raise PermissionError('T062-A low-only read guard: '+str(p))
PermissionError: [Errno None] None: '/tmp/tmpmwoa_3__'

During handling of the above exception, another exception occurred:

Traceback (most recent call last):
  File "/home/wenchang/anaconda3/envs/python3.12-tk2-2.3/lib/python3.12/tempfile.py", line 909, in onexc
    _os.unlink(path)
IsADirectoryError: [Errno 21] Is a directory: '/tmp/tmpmwoa_3__'

During handling of the above exception, another exception occurred:

Traceback (most recent call last):
  File "/home/wenchang/anaconda3/envs/python3.12-tk2-2.3/lib/python3.12/shutil.py", line 674, in _rmtree_safe_fd
    topfd = os.open(name, os.O_RDONLY | os.O_NONBLOCK, dir_fd=dirfd)
            ^^^^^^^^^^^^^^^^^^^^^^^^^^^^^^^^^^^^^^^^^^^^^^^^^^^^^^^^
  File "/home/wenchang/asdasdsad/wjq/TTIE/releases/20260920-ttie-t062a-zr/research_log/T062A/infer.py", line 56, in guard
    raise PermissionError('T062-A low-only read guard: '+str(p))
PermissionError: [Errno None] None: '/tmp/tmpmwoa_3__'

During handling of the above exception, another exception occurred:

Traceback (most recent call last):
  File "/home/wenchang/anaconda3/envs/python3.12-tk2-2.3/lib/python3.12/tempfile.py", line 909, in onexc
    _os.unlink(path)
IsADirectoryError: [Errno 21] Is a directory: '/tmp/tmpmwoa_3__'

During handling of the above exception, another exception occurred:

Traceback (most recent call last):
  File "/home/wenchang/anaconda3/envs/python3.12-tk2-2.3/lib/python3.12/shutil.py", line 674, in _rmtree_safe_fd
    topfd = os.open(name, os.O_RDONLY | os.O_NONBLOCK, dir_fd=dirfd)
            ^^^^^^^^^^^^^^^^^^^^^^^^^^^^^^^^^^^^^^^^^^^^^^^^^^^^^^^^
  File "/home/wenchang/asdasdsad/wjq/TTIE/releases/20260920-ttie-t062a-zr/research_log/T062A/infer.py", line 56, in guard
    raise PermissionError('T062-A low-only read guard: '+str(p))
PermissionError: [Errno None] None: '/tmp/tmpmwoa_3__'

During handling of the above exception, another exception occurred:

Traceback (most recent call last):
  File "/home/wenchang/anaconda3/envs/python3.12-tk2-2.3/lib/python3.12/tempfile.py", line 909, in onexc
    _os.unlink(path)
IsADirectoryError: [Errno 21] Is a directory: '/tmp/tmpmwoa_3__'

During handling of the above exception, another exception occurred:

Traceback (most recent call last):
  File "/home/wenchang/anaconda3/envs/python3.12-tk2-2.3/lib/python3.12/shutil.py", line 674, in _rmtree_safe_fd
    topfd = os.open(name, os.O_RDONLY | os.O_NONBLOCK, dir_fd=dirfd)
            ^^^^^^^^^^^^^^^^^^^^^^^^^^^^^^^^^^^^^^^^^^^^^^^^^^^^^^^^
  File "/home/wenchang/asdasdsad/wjq/TTIE/releases/20260920-ttie-t062a-zr/research_log/T062A/infer.py", line 56, in guard
    raise PermissionError('T062-A low-only read guard: '+str(p))
PermissionError: [Errno None] None: '/tmp/tmpmwoa_3__'

During handling of the above exception, another exception occurred:

Traceback (most recent call last):
  File "/home/wenchang/anaconda3/envs/python3.12-tk2-2.3/lib/python3.12/tempfile.py", line 909, in onexc
    _os.unlink(path)
IsADirectoryError: [Errno 21] Is a directory: '/tmp/tmpmwoa_3__'

During handling of the above exception, another exception occurred:

Traceback (most recent call last):
  File "/home/wenchang/anaconda3/envs/python3.12-tk2-2.3/lib/python3.12/shutil.py", line 674, in _rmtree_safe_fd
    topfd = os.open(name, os.O_RDONLY | os.O_NONBLOCK, dir_fd=dirfd)
            ^^^^^^^^^^^^^^^^^^^^^^^^^^^^^^^^^^^^^^^^^^^^^^^^^^^^^^^^
  File "/home/wenchang/asdasdsad/wjq/TTIE/releases/20260920-ttie-t062a-zr/research_log/T062A/infer.py", line 56, in guard
    raise PermissionError('T062-A low-only read guard: '+str(p))
PermissionError: [Errno None] None: '/tmp/tmpmwoa_3__'

During handling of the above exception, another exception occurred:

Traceback (most recent call last):
  File "/home/wenchang/anaconda3/envs/python3.12-tk2-2.3/lib/python3.12/tempfile.py", line 909, in onexc
    _os.unlink(path)
IsADirectoryError: [Errno 21] Is a directory: '/tmp/tmpmwoa_3__'

During handling of the above exception, another exception occurred:

Traceback (most recent call last):
  File "/home/wenchang/anaconda3/envs/python3.12-tk2-2.3/lib/python3.12/shutil.py", line 674, in _rmtree_safe_fd
    topfd = os.open(name, os.O_RDONLY | os.O_NONBLOCK, dir_fd=dirfd)
            ^^^^^^^^^^^^^^^^^^^^^^^^^^^^^^^^^^^^^^^^^^^^^^^^^^^^^^^^
  File "/home/wenchang/asdasdsad/wjq/TTIE/releases/20260920-ttie-t062a-zr/research_log/T062A/infer.py", line 56, in guard
    raise PermissionError('T062-A low-only read guard: '+str(p))
PermissionError: [Errno None] None: '/tmp/tmpmwoa_3__'

During handling of the above exception, another exception occurred:

Traceback (most recent call last):
  File "/home/wenchang/anaconda3/envs/python3.12-tk2-2.3/lib/python3.12/tempfile.py", line 909, in onexc
    _os.unlink(path)
IsADirectoryError: [Errno 21] Is a directory: '/tmp/tmpmwoa_3__'

During handling of the above exception, another exception occurred:

Traceback (most recent call last):
  File "/home/wenchang/anaconda3/envs/python3.12-tk2-2.3/lib/python3.12/shutil.py", line 674, in _rmtree_safe_fd
    topfd = os.open(name, os.O_RDONLY | os.O_NONBLOCK, dir_fd=dirfd)
            ^^^^^^^^^^^^^^^^^^^^^^^^^^^^^^^^^^^^^^^^^^^^^^^^^^^^^^^^
  File "/home/wenchang/asdasdsad/wjq/TTIE/releases/20260920-ttie-t062a-zr/research_log/T062A/infer.py", line 56, in guard
    raise PermissionError('T062-A low-only read guard: '+str(p))
PermissionError: [Errno None] None: '/tmp/tmpmwoa_3__'

During handling of the above exception, another exception occurred:

Traceback (most recent call last):
  File "/home/wenchang/anaconda3/envs/python3.12-tk2-2.3/lib/python3.12/tempfile.py", line 909, in onexc
    _os.unlink(path)
IsADirectoryError: [Errno 21] Is a directory: '/tmp/tmpmwoa_3__'

During handling of the above exception, another exception occurred:

Traceback (most recent call last):
  File "/home/wenchang/anaconda3/envs/python3.12-tk2-2.3/lib/python3.12/shutil.py", line 674, in _rmtree_safe_fd
    topfd = os.open(name, os.O_RDONLY | os.O_NONBLOCK, dir_fd=dirfd)
            ^^^^^^^^^^^^^^^^^^^^^^^^^^^^^^^^^^^^^^^^^^^^^^^^^^^^^^^^
  File "/home/wenchang/asdasdsad/wjq/TTIE/releases/20260920-ttie-t062a-zr/research_log/T062A/infer.py", line 56, in guard
    raise PermissionError('T062-A low-only read guard: '+str(p))
PermissionError: [Errno None] None: '/tmp/tmpmwoa_3__'

During handling of the above exception, another exception occurred:

Traceback (most recent call last):
  File "/home/wenchang/anaconda3/envs/python3.12-tk2-2.3/lib/python3.12/tempfile.py", line 909, in onexc
    _os.unlink(path)
IsADirectoryError: [Errno 21] Is a directory: '/tmp/tmpmwoa_3__'

During handling of the above exception, another exception occurred:

Traceback (most recent call last):
  File "/home/wenchang/anaconda3/envs/python3.12-tk2-2.3/lib/python3.12/shutil.py", line 674, in _rmtree_safe_fd
    topfd = os.open(name, os.O_RDONLY | os.O_NONBLOCK, dir_fd=dirfd)
            ^^^^^^^^^^^^^^^^^^^^^^^^^^^^^^^^^^^^^^^^^^^^^^^^^^^^^^^^
  File "/home/wenchang/asdasdsad/wjq/TTIE/releases/20260920-ttie-t062a-zr/research_log/T062A/infer.py", line 56, in guard
    raise PermissionError('T062-A low-only read guard: '+str(p))
PermissionError: [Errno None] None: '/tmp/tmpmwoa_3__'

During handling of the above exception, another exception occurred:

Traceback (most recent call last):
  File "/home/wenchang/anaconda3/envs/python3.12-tk2-2.3/lib/python3.12/tempfile.py", line 909, in onexc
    _os.unlink(path)
IsADirectoryError: [Errno 21] Is a directory: '/tmp/tmpmwoa_3__'

During handling of the above exception, another exception occurred:

Traceback (most recent call last):
  File "/home/wenchang/anaconda3/envs/python3.12-tk2-2.3/lib/python3.12/shutil.py", line 674, in _rmtree_safe_fd
    topfd = os.open(name, os.O_RDONLY | os.O_NONBLOCK, dir_fd=dirfd)
            ^^^^^^^^^^^^^^^^^^^^^^^^^^^^^^^^^^^^^^^^^^^^^^^^^^^^^^^^
  File "/home/wenchang/asdasdsad/wjq/TTIE/releases/20260920-ttie-t062a-zr/research_log/T062A/infer.py", line 56, in guard
    raise PermissionError('T062-A low-only read guard: '+str(p))
PermissionError: [Errno None] None: '/tmp/tmpmwoa_3__'

During handling of the above exception, another exception occurred:

Traceback (most recent call last):
  File "/home/wenchang/anaconda3/envs/python3.12-tk2-2.3/lib/python3.12/tempfile.py", line 909, in onexc
    _os.unlink(path)
IsADirectoryError: [Errno 21] Is a directory: '/tmp/tmpmwoa_3__'

During handling of the above exception, another exception occurred:

Traceback (most recent call last):
  File "/home/wenchang/anaconda3/envs/python3.12-tk2-2.3/lib/python3.12/shutil.py", line 674, in _rmtree_safe_fd
    topfd = os.open(name, os.O_RDONLY | os.O_NONBLOCK, dir_fd=dirfd)
            ^^^^^^^^^^^^^^^^^^^^^^^^^^^^^^^^^^^^^^^^^^^^^^^^^^^^^^^^
  File "/home/wenchang/asdasdsad/wjq/TTIE/releases/20260920-ttie-t062a-zr/research_log/T062A/infer.py", line 56, in guard
    raise PermissionError('T062-A low-only read guard: '+str(p))
PermissionError: [Errno None] None: '/tmp/tmpmwoa_3__'

During handling of the above exception, another exception occurred:

Traceback (most recent call last):
  File "/home/wenchang/anaconda3/envs/python3.12-tk2-2.3/lib/python3.12/tempfile.py", line 909, in onexc
    _os.unlink(path)
IsADirectoryError: [Errno 21] Is a directory: '/tmp/tmpmwoa_3__'

During handling of the above exception, another exception occurred:

Traceback (most recent call last):
  File "/home/wenchang/anaconda3/envs/python3.12-tk2-2.3/lib/python3.12/shutil.py", line 674, in _rmtree_safe_fd
    topfd = os.open(name, os.O_RDONLY | os.O_NONBLOCK, dir_fd=dirfd)
            ^^^^^^^^^^^^^^^^^^^^^^^^^^^^^^^^^^^^^^^^^^^^^^^^^^^^^^^^
  File "/home/wenchang/asdasdsad/wjq/TTIE/releases/20260920-ttie-t062a-zr/research_log/T062A/infer.py", line 56, in guard
    raise PermissionError('T062-A low-only read guard: '+str(p))
PermissionError: [Errno None] None: '/tmp/tmpmwoa_3__'

During handling of the above exception, another exception occurred:

Traceback (most recent call last):
  File "/home/wenchang/anaconda3/envs/python3.12-tk2-2.3/lib/python3.12/tempfile.py", line 909, in onexc
    _os.unlink(path)
IsADirectoryError: [Errno 21] Is a directory: '/tmp/tmpmwoa_3__'

During handling of the above exception, another exception occurred:

Traceback (most recent call last):
  File "/home/wenchang/anaconda3/envs/python3.12-tk2-2.3/lib/python3.12/shutil.py", line 674, in _rmtree_safe_fd
    topfd = os.open(name, os.O_RDONLY | os.O_NONBLOCK, dir_fd=dirfd)
            ^^^^^^^^^^^^^^^^^^^^^^^^^^^^^^^^^^^^^^^^^^^^^^^^^^^^^^^^
  File "/home/wenchang/asdasdsad/wjq/TTIE/releases/20260920-ttie-t062a-zr/research_log/T062A/infer.py", line 56, in guard
    raise PermissionError('T062-A low-only read guard: '+str(p))
PermissionError: [Errno None] None: '/tmp/tmpmwoa_3__'

During handling of the above exception, another exception occurred:

Traceback (most recent call last):
  File "/home/wenchang/anaconda3/envs/python3.12-tk2-2.3/lib/python3.12/tempfile.py", line 909, in onexc
    _os.unlink(path)
IsADirectoryError: [Errno 21] Is a directory: '/tmp/tmpmwoa_3__'

During handling of the above exception, another exception occurred:

Traceback (most recent call last):
  File "/home/wenchang/anaconda3/envs/python3.12-tk2-2.3/lib/python3.12/shutil.py", line 674, in _rmtree_safe_fd
    topfd = os.open(name, os.O_RDONLY | os.O_NONBLOCK, dir_fd=dirfd)
            ^^^^^^^^^^^^^^^^^^^^^^^^^^^^^^^^^^^^^^^^^^^^^^^^^^^^^^^^
  File "/home/wenchang/asdasdsad/wjq/TTIE/releases/20260920-ttie-t062a-zr/research_log/T062A/infer.py", line 56, in guard
    raise PermissionError('T062-A low-only read guard: '+str(p))
PermissionError: [Errno None] None: '/tmp/tmpmwoa_3__'

During handling of the above exception, another exception occurred:

Traceback (most recent call last):
  File "/home/wenchang/anaconda3/envs/python3.12-tk2-2.3/lib/python3.12/tempfile.py", line 909, in onexc
    _os.unlink(path)
IsADirectoryError: [Errno 21] Is a directory: '/tmp/tmpmwoa_3__'

During handling of the above exception, another exception occurred:

Traceback (most recent call last):
  File "/home/wenchang/anaconda3/envs/python3.12-tk2-2.3/lib/python3.12/shutil.py", line 674, in _rmtree_safe_fd
    topfd = os.open(name, os.O_RDONLY | os.O_NONBLOCK, dir_fd=dirfd)
            ^^^^^^^^^^^^^^^^^^^^^^^^^^^^^^^^^^^^^^^^^^^^^^^^^^^^^^^^
  File "/home/wenchang/asdasdsad/wjq/TTIE/releases/20260920-ttie-t062a-zr/research_log/T062A/infer.py", line 56, in guard
    raise PermissionError('T062-A low-only read guard: '+str(p))
PermissionError: [Errno None] None: '/tmp/tmpmwoa_3__'

During handling of the above exception, another exception occurred:

Traceback (most recent call last):
  File "/home/wenchang/anaconda3/envs/python3.12-tk2-2.3/lib/python3.12/tempfile.py", line 909, in onexc
    _os.unlink(path)
IsADirectoryError: [Errno 21] Is a directory: '/tmp/tmpmwoa_3__'

During handling of the above exception, another exception occurred:

Traceback (most recent call last):
  File "/home/wenchang/anaconda3/envs/python3.12-tk2-2.3/lib/python3.12/shutil.py", line 674, in _rmtree_safe_fd
    topfd = os.open(name, os.O_RDONLY | os.O_NONBLOCK, dir_fd=dirfd)
            ^^^^^^^^^^^^^^^^^^^^^^^^^^^^^^^^^^^^^^^^^^^^^^^^^^^^^^^^
  File "/home/wenchang/asdasdsad/wjq/TTIE/releases/20260920-ttie-t062a-zr/research_log/T062A/infer.py", line 56, in guard
    raise PermissionError('T062-A low-only read guard: '+str(p))
PermissionError: [Errno None] None: '/tmp/tmpmwoa_3__'

During handling of the above exception, another exception occurred:

Traceback (most recent call last):
  File "/home/wenchang/anaconda3/envs/python3.12-tk2-2.3/lib/python3.12/tempfile.py", line 909, in onexc
    _os.unlink(path)
IsADirectoryError: [Errno 21] Is a directory: '/tmp/tmpmwoa_3__'

During handling of the above exception, another exception occurred:

Traceback (most recent call last):
  File "/home/wenchang/anaconda3/envs/python3.12-tk2-2.3/lib/python3.12/shutil.py", line 674, in _rmtree_safe_fd
    topfd = os.open(name, os.O_RDONLY | os.O_NONBLOCK, dir_fd=dirfd)
            ^^^^^^^^^^^^^^^^^^^^^^^^^^^^^^^^^^^^^^^^^^^^^^^^^^^^^^^^
  File "/home/wenchang/asdasdsad/wjq/TTIE/releases/20260920-ttie-t062a-zr/research_log/T062A/infer.py", line 56, in guard
    raise PermissionError('T062-A low-only read guard: '+str(p))
PermissionError: [Errno None] None: '/tmp/tmpmwoa_3__'

During handling of the above exception, another exception occurred:

Traceback (most recent call last):
  File "/home/wenchang/anaconda3/envs/python3.12-tk2-2.3/lib/python3.12/tempfile.py", line 909, in onexc
    _os.unlink(path)
IsADirectoryError: [Errno 21] Is a directory: '/tmp/tmpmwoa_3__'

During handling of the above exception, another exception occurred:

Traceback (most recent call last):
  File "/home/wenchang/anaconda3/envs/python3.12-tk2-2.3/lib/python3.12/shutil.py", line 674, in _rmtree_safe_fd
    topfd = os.open(name, os.O_RDONLY | os.O_NONBLOCK, dir_fd=dirfd)
            ^^^^^^^^^^^^^^^^^^^^^^^^^^^^^^^^^^^^^^^^^^^^^^^^^^^^^^^^
  File "/home/wenchang/asdasdsad/wjq/TTIE/releases/20260920-ttie-t062a-zr/research_log/T062A/infer.py", line 56, in guard
    raise PermissionError('T062-A low-only read guard: '+str(p))
PermissionError: [Errno None] None: '/tmp/tmpmwoa_3__'

During handling of the above exception, another exception occurred:

Traceback (most recent call last):
  File "/home/wenchang/anaconda3/envs/python3.12-tk2-2.3/lib/python3.12/tempfile.py", line 909, in onexc
    _os.unlink(path)
IsADirectoryError: [Errno 21] Is a directory: '/tmp/tmpmwoa_3__'

During handling of the above exception, another exception occurred:

Traceback (most recent call last):
  File "/home/wenchang/anaconda3/envs/python3.12-tk2-2.3/lib/python3.12/shutil.py", line 674, in _rmtree_safe_fd
    topfd = os.open(name, os.O_RDONLY | os.O_NONBLOCK, dir_fd=dirfd)
            ^^^^^^^^^^^^^^^^^^^^^^^^^^^^^^^^^^^^^^^^^^^^^^^^^^^^^^^^
  File "/home/wenchang/asdasdsad/wjq/TTIE/releases/20260920-ttie-t062a-zr/research_log/T062A/infer.py", line 56, in guard
    raise PermissionError('T062-A low-only read guard: '+str(p))
PermissionError: [Errno None] None: '/tmp/tmpmwoa_3__'

During handling of the above exception, another exception occurred:

Traceback (most recent call last):
  File "/home/wenchang/anaconda3/envs/python3.12-tk2-2.3/lib/python3.12/tempfile.py", line 909, in onexc
    _os.unlink(path)
IsADirectoryError: [Errno 21] Is a directory: '/tmp/tmpmwoa_3__'

During handling of the above exception, another exception occurred:

Traceback (most recent call last):
  File "/home/wenchang/anaconda3/envs/python3.12-tk2-2.3/lib/python3.12/shutil.py", line 674, in _rmtree_safe_fd
    topfd = os.open(name, os.O_RDONLY | os.O_NONBLOCK, dir_fd=dirfd)
            ^^^^^^^^^^^^^^^^^^^^^^^^^^^^^^^^^^^^^^^^^^^^^^^^^^^^^^^^
  File "/home/wenchang/asdasdsad/wjq/TTIE/releases/20260920-ttie-t062a-zr/research_log/T062A/infer.py", line 56, in guard
    raise PermissionError('T062-A low-only read guard: '+str(p))
PermissionError: [Errno None] None: '/tmp/tmpmwoa_3__'

During handling of the above exception, another exception occurred:

Traceback (most recent call last):
  File "/home/wenchang/anaconda3/envs/python3.12-tk2-2.3/lib/python3.12/tempfile.py", line 909, in onexc
    _os.unlink(path)
IsADirectoryError: [Errno 21] Is a directory: '/tmp/tmpmwoa_3__'

During handling of the above exception, another exception occurred:

Traceback (most recent call last):
  File "/home/wenchang/anaconda3/envs/python3.12-tk2-2.3/lib/python3.12/shutil.py", line 674, in _rmtree_safe_fd
    topfd = os.open(name, os.O_RDONLY | os.O_NONBLOCK, dir_fd=dirfd)
            ^^^^^^^^^^^^^^^^^^^^^^^^^^^^^^^^^^^^^^^^^^^^^^^^^^^^^^^^
  File "/home/wenchang/asdasdsad/wjq/TTIE/releases/20260920-ttie-t062a-zr/research_log/T062A/infer.py", line 56, in guard
    raise PermissionError('T062-A low-only read guard: '+str(p))
PermissionError: [Errno None] None: '/tmp/tmpmwoa_3__'

During handling of the above exception, another exception occurred:

Traceback (most recent call last):
  File "/home/wenchang/anaconda3/envs/python3.12-tk2-2.3/lib/python3.12/tempfile.py", line 909, in onexc
    _os.unlink(path)
IsADirectoryError: [Errno 21] Is a directory: '/tmp/tmpmwoa_3__'

During handling of the above exception, another exception occurred:

Traceback (most recent call last):
  File "/home/wenchang/anaconda3/envs/python3.12-tk2-2.3/lib/python3.12/shutil.py", line 674, in _rmtree_safe_fd
    topfd = os.open(name, os.O_RDONLY | os.O_NONBLOCK, dir_fd=dirfd)
            ^^^^^^^^^^^^^^^^^^^^^^^^^^^^^^^^^^^^^^^^^^^^^^^^^^^^^^^^
  File "/home/wenchang/asdasdsad/wjq/TTIE/releases/20260920-ttie-t062a-zr/research_log/T062A/infer.py", line 56, in guard
    raise PermissionError('T062-A low-only read guard: '+str(p))
PermissionError: [Errno None] None: '/tmp/tmpmwoa_3__'

During handling of the above exception, another exception occurred:

Traceback (most recent call last):
  File "/home/wenchang/anaconda3/envs/python3.12-tk2-2.3/lib/python3.12/tempfile.py", line 909, in onexc
    _os.unlink(path)
IsADirectoryError: [Errno 21] Is a directory: '/tmp/tmpmwoa_3__'

During handling of the above exception, another exception occurred:

Traceback (most recent call last):
  File "/home/wenchang/anaconda3/envs/python3.12-tk2-2.3/lib/python3.12/shutil.py", line 674, in _rmtree_safe_fd
    topfd = os.open(name, os.O_RDONLY | os.O_NONBLOCK, dir_fd=dirfd)
            ^^^^^^^^^^^^^^^^^^^^^^^^^^^^^^^^^^^^^^^^^^^^^^^^^^^^^^^^
  File "/home/wenchang/asdasdsad/wjq/TTIE/releases/20260920-ttie-t062a-zr/research_log/T062A/infer.py", line 56, in guard
    raise PermissionError('T062-A low-only read guard: '+str(p))
PermissionError: [Errno None] None: '/tmp/tmpmwoa_3__'

During handling of the above exception, another exception occurred:

Traceback (most recent call last):
  File "/home/wenchang/anaconda3/envs/python3.12-tk2-2.3/lib/python3.12/tempfile.py", line 909, in onexc
    _os.unlink(path)
IsADirectoryError: [Errno 21] Is a directory: '/tmp/tmpmwoa_3__'

During handling of the above exception, another exception occurred:

Traceback (most recent call last):
  File "/home/wenchang/anaconda3/envs/python3.12-tk2-2.3/lib/python3.12/shutil.py", line 674, in _rmtree_safe_fd
    topfd = os.open(name, os.O_RDONLY | os.O_NONBLOCK, dir_fd=dirfd)
            ^^^^^^^^^^^^^^^^^^^^^^^^^^^^^^^^^^^^^^^^^^^^^^^^^^^^^^^^
  File "/home/wenchang/asdasdsad/wjq/TTIE/releases/20260920-ttie-t062a-zr/research_log/T062A/infer.py", line 56, in guard
    raise PermissionError('T062-A low-only read guard: '+str(p))
PermissionError: [Errno None] None: '/tmp/tmpmwoa_3__'

During handling of the above exception, another exception occurred:

Traceback (most recent call last):
  File "/home/wenchang/anaconda3/envs/python3.12-tk2-2.3/lib/python3.12/tempfile.py", line 909, in onexc
    _os.unlink(path)
IsADirectoryError: [Errno 21] Is a directory: '/tmp/tmpmwoa_3__'

During handling of the above exception, another exception occurred:

Traceback (most recent call last):
  File "/home/wenchang/anaconda3/envs/python3.12-tk2-2.3/lib/python3.12/shutil.py", line 674, in _rmtree_safe_fd
    topfd = os.open(name, os.O_RDONLY | os.O_NONBLOCK, dir_fd=dirfd)
            ^^^^^^^^^^^^^^^^^^^^^^^^^^^^^^^^^^^^^^^^^^^^^^^^^^^^^^^^
  File "/home/wenchang/asdasdsad/wjq/TTIE/releases/20260920-ttie-t062a-zr/research_log/T062A/infer.py", line 56, in guard
    raise PermissionError('T062-A low-only read guard: '+str(p))
PermissionError: [Errno None] None: '/tmp/tmpmwoa_3__'

During handling of the above exception, another exception occurred:

Traceback (most recent call last):
  File "/home/wenchang/anaconda3/envs/python3.12-tk2-2.3/lib/python3.12/tempfile.py", line 909, in onexc
    _os.unlink(path)
IsADirectoryError: [Errno 21] Is a directory: '/tmp/tmpmwoa_3__'

During handling of the above exception, another exception occurred:

Traceback (most recent call last):
  File "/home/wenchang/anaconda3/envs/python3.12-tk2-2.3/lib/python3.12/shutil.py", line 674, in _rmtree_safe_fd
    topfd = os.open(name, os.O_RDONLY | os.O_NONBLOCK, dir_fd=dirfd)
            ^^^^^^^^^^^^^^^^^^^^^^^^^^^^^^^^^^^^^^^^^^^^^^^^^^^^^^^^
  File "/home/wenchang/asdasdsad/wjq/TTIE/releases/20260920-ttie-t062a-zr/research_log/T062A/infer.py", line 56, in guard
    raise PermissionError('T062-A low-only read guard: '+str(p))
PermissionError: [Errno None] None: '/tmp/tmpmwoa_3__'

During handling of the above exception, another exception occurred:

Traceback (most recent call last):
  File "/home/wenchang/anaconda3/envs/python3.12-tk2-2.3/lib/python3.12/tempfile.py", line 909, in onexc
    _os.unlink(path)
IsADirectoryError: [Errno 21] Is a directory: '/tmp/tmpmwoa_3__'

During handling of the above exception, another exception occurred:

Traceback (most recent call last):
  File "/home/wenchang/anaconda3/envs/python3.12-tk2-2.3/lib/python3.12/shutil.py", line 674, in _rmtree_safe_fd
    topfd = os.open(name, os.O_RDONLY | os.O_NONBLOCK, dir_fd=dirfd)
            ^^^^^^^^^^^^^^^^^^^^^^^^^^^^^^^^^^^^^^^^^^^^^^^^^^^^^^^^
  File "/home/wenchang/asdasdsad/wjq/TTIE/releases/20260920-ttie-t062a-zr/research_log/T062A/infer.py", line 56, in guard
    raise PermissionError('T062-A low-only read guard: '+str(p))
PermissionError: [Errno None] None: '/tmp/tmpmwoa_3__'

During handling of the above exception, another exception occurred:

Traceback (most recent call last):
  File "/home/wenchang/anaconda3/envs/python3.12-tk2-2.3/lib/python3.12/tempfile.py", line 909, in onexc
    _os.unlink(path)
IsADirectoryError: [Errno 21] Is a directory: '/tmp/tmpmwoa_3__'

During handling of the above exception, another exception occurred:

Traceback (most recent call last):
  File "/home/wenchang/anaconda3/envs/python3.12-tk2-2.3/lib/python3.12/shutil.py", line 674, in _rmtree_safe_fd
    topfd = os.open(name, os.O_RDONLY | os.O_NONBLOCK, dir_fd=dirfd)
            ^^^^^^^^^^^^^^^^^^^^^^^^^^^^^^^^^^^^^^^^^^^^^^^^^^^^^^^^
  File "/home/wenchang/asdasdsad/wjq/TTIE/releases/20260920-ttie-t062a-zr/research_log/T062A/infer.py", line 56, in guard
    raise PermissionError('T062-A low-only read guard: '+str(p))
PermissionError: [Errno None] None: '/tmp/tmpmwoa_3__'

During handling of the above exception, another exception occurred:

Traceback (most recent call last):
  File "/home/wenchang/anaconda3/envs/python3.12-tk2-2.3/lib/python3.12/tempfile.py", line 909, in onexc
    _os.unlink(path)
IsADirectoryError: [Errno 21] Is a directory: '/tmp/tmpmwoa_3__'

During handling of the above exception, another exception occurred:

Traceback (most recent call last):
  File "/home/wenchang/anaconda3/envs/python3.12-tk2-2.3/lib/python3.12/shutil.py", line 674, in _rmtree_safe_fd
    topfd = os.open(name, os.O_RDONLY | os.O_NONBLOCK, dir_fd=dirfd)
            ^^^^^^^^^^^^^^^^^^^^^^^^^^^^^^^^^^^^^^^^^^^^^^^^^^^^^^^^
  File "/home/wenchang/asdasdsad/wjq/TTIE/releases/20260920-ttie-t062a-zr/research_log/T062A/infer.py", line 56, in guard
    raise PermissionError('T062-A low-only read guard: '+str(p))
PermissionError: [Errno None] None: '/tmp/tmpmwoa_3__'

During handling of the above exception, another exception occurred:

Traceback (most recent call last):
  File "/home/wenchang/anaconda3/envs/python3.12-tk2-2.3/lib/python3.12/tempfile.py", line 909, in onexc
    _os.unlink(path)
IsADirectoryError: [Errno 21] Is a directory: '/tmp/tmpmwoa_3__'

During handling of the above exception, another exception occurred:

Traceback (most recent call last):
  File "/home/wenchang/anaconda3/envs/python3.12-tk2-2.3/lib/python3.12/shutil.py", line 674, in _rmtree_safe_fd
    topfd = os.open(name, os.O_RDONLY | os.O_NONBLOCK, dir_fd=dirfd)
            ^^^^^^^^^^^^^^^^^^^^^^^^^^^^^^^^^^^^^^^^^^^^^^^^^^^^^^^^
  File "/home/wenchang/asdasdsad/wjq/TTIE/releases/20260920-ttie-t062a-zr/research_log/T062A/infer.py", line 56, in guard
    raise PermissionError('T062-A low-only read guard: '+str(p))
PermissionError: [Errno None] None: '/tmp/tmpmwoa_3__'

During handling of the above exception, another exception occurred:

Traceback (most recent call last):
  File "/home/wenchang/anaconda3/envs/python3.12-tk2-2.3/lib/python3.12/tempfile.py", line 909, in onexc
    _os.unlink(path)
IsADirectoryError: [Errno 21] Is a directory: '/tmp/tmpmwoa_3__'

During handling of the above exception, another exception occurred:

Traceback (most recent call last):
  File "/home/wenchang/anaconda3/envs/python3.12-tk2-2.3/lib/python3.12/shutil.py", line 674, in _rmtree_safe_fd
    topfd = os.open(name, os.O_RDONLY | os.O_NONBLOCK, dir_fd=dirfd)
            ^^^^^^^^^^^^^^^^^^^^^^^^^^^^^^^^^^^^^^^^^^^^^^^^^^^^^^^^
  File "/home/wenchang/asdasdsad/wjq/TTIE/releases/20260920-ttie-t062a-zr/research_log/T062A/infer.py", line 56, in guard
    raise PermissionError('T062-A low-only read guard: '+str(p))
PermissionError: [Errno None] None: '/tmp/tmpmwoa_3__'

During handling of the above exception, another exception occurred:

Traceback (most recent call last):
  File "/home/wenchang/anaconda3/envs/python3.12-tk2-2.3/lib/python3.12/tempfile.py", line 909, in onexc
    _os.unlink(path)
IsADirectoryError: [Errno 21] Is a directory: '/tmp/tmpmwoa_3__'

During handling of the above exception, another exception occurred:

Traceback (most recent call last):
  File "/home/wenchang/anaconda3/envs/python3.12-tk2-2.3/lib/python3.12/shutil.py", line 674, in _rmtree_safe_fd
    topfd = os.open(name, os.O_RDONLY | os.O_NONBLOCK, dir_fd=dirfd)
            ^^^^^^^^^^^^^^^^^^^^^^^^^^^^^^^^^^^^^^^^^^^^^^^^^^^^^^^^
  File "/home/wenchang/asdasdsad/wjq/TTIE/releases/20260920-ttie-t062a-zr/research_log/T062A/infer.py", line 56, in guard
    raise PermissionError('T062-A low-only read guard: '+str(p))
PermissionError: [Errno None] None: '/tmp/tmpmwoa_3__'

During handling of the above exception, another exception occurred:

Traceback (most recent call last):
  File "/home/wenchang/anaconda3/envs/python3.12-tk2-2.3/lib/python3.12/tempfile.py", line 909, in onexc
    _os.unlink(path)
IsADirectoryError: [Errno 21] Is a directory: '/tmp/tmpmwoa_3__'

During handling of the above exception, another exception occurred:

Traceback (most recent call last):
  File "/home/wenchang/anaconda3/envs/python3.12-tk2-2.3/lib/python3.12/shutil.py", line 674, in _rmtree_safe_fd
    topfd = os.open(name, os.O_RDONLY | os.O_NONBLOCK, dir_fd=dirfd)
            ^^^^^^^^^^^^^^^^^^^^^^^^^^^^^^^^^^^^^^^^^^^^^^^^^^^^^^^^
  File "/home/wenchang/asdasdsad/wjq/TTIE/releases/20260920-ttie-t062a-zr/research_log/T062A/infer.py", line 56, in guard
    raise PermissionError('T062-A low-only read guard: '+str(p))
PermissionError: [Errno None] None: '/tmp/tmpmwoa_3__'

During handling of the above exception, another exception occurred:

Traceback (most recent call last):
  File "/home/wenchang/anaconda3/envs/python3.12-tk2-2.3/lib/python3.12/tempfile.py", line 909, in onexc
    _os.unlink(path)
IsADirectoryError: [Errno 21] Is a directory: '/tmp/tmpmwoa_3__'

During handling of the above exception, another exception occurred:

Traceback (most recent call last):
  File "/home/wenchang/anaconda3/envs/python3.12-tk2-2.3/lib/python3.12/shutil.py", line 674, in _rmtree_safe_fd
    topfd = os.open(name, os.O_RDONLY | os.O_NONBLOCK, dir_fd=dirfd)
            ^^^^^^^^^^^^^^^^^^^^^^^^^^^^^^^^^^^^^^^^^^^^^^^^^^^^^^^^
  File "/home/wenchang/asdasdsad/wjq/TTIE/releases/20260920-ttie-t062a-zr/research_log/T062A/infer.py", line 56, in guard
    raise PermissionError('T062-A low-only read guard: '+str(p))
PermissionError: [Errno None] None: '/tmp/tmpmwoa_3__'

During handling of the above exception, another exception occurred:

Traceback (most recent call last):
  File "/home/wenchang/anaconda3/envs/python3.12-tk2-2.3/lib/python3.12/tempfile.py", line 909, in onexc
    _os.unlink(path)
IsADirectoryError: [Errno 21] Is a directory: '/tmp/tmpmwoa_3__'

During handling of the above exception, another exception occurred:

Traceback (most recent call last):
  File "/home/wenchang/anaconda3/envs/python3.12-tk2-2.3/lib/python3.12/shutil.py", line 674, in _rmtree_safe_fd
    topfd = os.open(name, os.O_RDONLY | os.O_NONBLOCK, dir_fd=dirfd)
            ^^^^^^^^^^^^^^^^^^^^^^^^^^^^^^^^^^^^^^^^^^^^^^^^^^^^^^^^
  File "/home/wenchang/asdasdsad/wjq/TTIE/releases/20260920-ttie-t062a-zr/research_log/T062A/infer.py", line 56, in guard
    raise PermissionError('T062-A low-only read guard: '+str(p))
PermissionError: [Errno None] None: '/tmp/tmpmwoa_3__'

During handling of the above exception, another exception occurred:

Traceback (most recent call last):
  File "/home/wenchang/anaconda3/envs/python3.12-tk2-2.3/lib/python3.12/tempfile.py", line 909, in onexc
    _os.unlink(path)
IsADirectoryError: [Errno 21] Is a directory: '/tmp/tmpmwoa_3__'

During handling of the above exception, another exception occurred:

Traceback (most recent call last):
  File "/home/wenchang/anaconda3/envs/python3.12-tk2-2.3/lib/python3.12/shutil.py", line 674, in _rmtree_safe_fd
    topfd = os.open(name, os.O_RDONLY | os.O_NONBLOCK, dir_fd=dirfd)
            ^^^^^^^^^^^^^^^^^^^^^^^^^^^^^^^^^^^^^^^^^^^^^^^^^^^^^^^^
  File "/home/wenchang/asdasdsad/wjq/TTIE/releases/20260920-ttie-t062a-zr/research_log/T062A/infer.py", line 56, in guard
    raise PermissionError('T062-A low-only read guard: '+str(p))
PermissionError: [Errno None] None: '/tmp/tmpmwoa_3__'

During handling of the above exception, another exception occurred:

Traceback (most recent call last):
  File "/home/wenchang/anaconda3/envs/python3.12-tk2-2.3/lib/python3.12/tempfile.py", line 909, in onexc
    _os.unlink(path)
IsADirectoryError: [Errno 21] Is a directory: '/tmp/tmpmwoa_3__'

During handling of the above exception, another exception occurred:

Traceback (most recent call last):
  File "/home/wenchang/anaconda3/envs/python3.12-tk2-2.3/lib/python3.12/shutil.py", line 674, in _rmtree_safe_fd
    topfd = os.open(name, os.O_RDONLY | os.O_NONBLOCK, dir_fd=dirfd)
            ^^^^^^^^^^^^^^^^^^^^^^^^^^^^^^^^^^^^^^^^^^^^^^^^^^^^^^^^
  File "/home/wenchang/asdasdsad/wjq/TTIE/releases/20260920-ttie-t062a-zr/research_log/T062A/infer.py", line 56, in guard
    raise PermissionError('T062-A low-only read guard: '+str(p))
PermissionError: [Errno None] None: '/tmp/tmpmwoa_3__'

During handling of the above exception, another exception occurred:

Traceback (most recent call last):
  File "/home/wenchang/anaconda3/envs/python3.12-tk2-2.3/lib/python3.12/tempfile.py", line 909, in onexc
    _os.unlink(path)
IsADirectoryError: [Errno 21] Is a directory: '/tmp/tmpmwoa_3__'

During handling of the above exception, another exception occurred:

Traceback (most recent call last):
  File "/home/wenchang/anaconda3/envs/python3.12-tk2-2.3/lib/python3.12/shutil.py", line 674, in _rmtree_safe_fd
    topfd = os.open(name, os.O_RDONLY | os.O_NONBLOCK, dir_fd=dirfd)
            ^^^^^^^^^^^^^^^^^^^^^^^^^^^^^^^^^^^^^^^^^^^^^^^^^^^^^^^^
  File "/home/wenchang/asdasdsad/wjq/TTIE/releases/20260920-ttie-t062a-zr/research_log/T062A/infer.py", line 56, in guard
    raise PermissionError('T062-A low-only read guard: '+str(p))
PermissionError: [Errno None] None: '/tmp/tmpmwoa_3__'

During handling of the above exception, another exception occurred:

Traceback (most recent call last):
  File "/home/wenchang/anaconda3/envs/python3.12-tk2-2.3/lib/python3.12/tempfile.py", line 909, in onexc
    _os.unlink(path)
IsADirectoryError: [Errno 21] Is a directory: '/tmp/tmpmwoa_3__'

During handling of the above exception, another exception occurred:

Traceback (most recent call last):
  File "/home/wenchang/anaconda3/envs/python3.12-tk2-2.3/lib/python3.12/shutil.py", line 674, in _rmtree_safe_fd
    topfd = os.open(name, os.O_RDONLY | os.O_NONBLOCK, dir_fd=dirfd)
            ^^^^^^^^^^^^^^^^^^^^^^^^^^^^^^^^^^^^^^^^^^^^^^^^^^^^^^^^
  File "/home/wenchang/asdasdsad/wjq/TTIE/releases/20260920-ttie-t062a-zr/research_log/T062A/infer.py", line 56, in guard
    raise PermissionError('T062-A low-only read guard: '+str(p))
PermissionError: [Errno None] None: '/tmp/tmpmwoa_3__'

During handling of the above exception, another exception occurred:

Traceback (most recent call last):
  File "/home/wenchang/anaconda3/envs/python3.12-tk2-2.3/lib/python3.12/tempfile.py", line 909, in onexc
    _os.unlink(path)
IsADirectoryError: [Errno 21] Is a directory: '/tmp/tmpmwoa_3__'

During handling of the above exception, another exception occurred:

Traceback (most recent call last):
  File "/home/wenchang/anaconda3/envs/python3.12-tk2-2.3/lib/python3.12/shutil.py", line 674, in _rmtree_safe_fd
    topfd = os.open(name, os.O_RDONLY | os.O_NONBLOCK, dir_fd=dirfd)
            ^^^^^^^^^^^^^^^^^^^^^^^^^^^^^^^^^^^^^^^^^^^^^^^^^^^^^^^^
  File "/home/wenchang/asdasdsad/wjq/TTIE/releases/20260920-ttie-t062a-zr/research_log/T062A/infer.py", line 56, in guard
    raise PermissionError('T062-A low-only read guard: '+str(p))
PermissionError: [Errno None] None: '/tmp/tmpmwoa_3__'

During handling of the above exception, another exception occurred:

Traceback (most recent call last):
  File "/home/wenchang/anaconda3/envs/python3.12-tk2-2.3/lib/python3.12/tempfile.py", line 909, in onexc
    _os.unlink(path)
IsADirectoryError: [Errno 21] Is a directory: '/tmp/tmpmwoa_3__'

During handling of the above exception, another exception occurred:

Traceback (most recent call last):
  File "/home/wenchang/anaconda3/envs/python3.12-tk2-2.3/lib/python3.12/shutil.py", line 674, in _rmtree_safe_fd
    topfd = os.open(name, os.O_RDONLY | os.O_NONBLOCK, dir_fd=dirfd)
            ^^^^^^^^^^^^^^^^^^^^^^^^^^^^^^^^^^^^^^^^^^^^^^^^^^^^^^^^
  File "/home/wenchang/asdasdsad/wjq/TTIE/releases/20260920-ttie-t062a-zr/research_log/T062A/infer.py", line 56, in guard
    raise PermissionError('T062-A low-only read guard: '+str(p))
PermissionError: [Errno None] None: '/tmp/tmpmwoa_3__'

During handling of the above exception, another exception occurred:

Traceback (most recent call last):
  File "/home/wenchang/anaconda3/envs/python3.12-tk2-2.3/lib/python3.12/tempfile.py", line 909, in onexc
    _os.unlink(path)
IsADirectoryError: [Errno 21] Is a directory: '/tmp/tmpmwoa_3__'

During handling of the above exception, another exception occurred:

Traceback (most recent call last):
  File "/home/wenchang/anaconda3/envs/python3.12-tk2-2.3/lib/python3.12/shutil.py", line 674, in _rmtree_safe_fd
    topfd = os.open(name, os.O_RDONLY | os.O_NONBLOCK, dir_fd=dirfd)
            ^^^^^^^^^^^^^^^^^^^^^^^^^^^^^^^^^^^^^^^^^^^^^^^^^^^^^^^^
  File "/home/wenchang/asdasdsad/wjq/TTIE/releases/20260920-ttie-t062a-zr/research_log/T062A/infer.py", line 56, in guard
    raise PermissionError('T062-A low-only read guard: '+str(p))
PermissionError: [Errno None] None: '/tmp/tmpmwoa_3__'

During handling of the above exception, another exception occurred:

Traceback (most recent call last):
  File "/home/wenchang/anaconda3/envs/python3.12-tk2-2.3/lib/python3.12/tempfile.py", line 909, in onexc
    _os.unlink(path)
IsADirectoryError: [Errno 21] Is a directory: '/tmp/tmpmwoa_3__'

During handling of the above exception, another exception occurred:

Traceback (most recent call last):
  File "/home/wenchang/anaconda3/envs/python3.12-tk2-2.3/lib/python3.12/shutil.py", line 674, in _rmtree_safe_fd
    topfd = os.open(name, os.O_RDONLY | os.O_NONBLOCK, dir_fd=dirfd)
            ^^^^^^^^^^^^^^^^^^^^^^^^^^^^^^^^^^^^^^^^^^^^^^^^^^^^^^^^
  File "/home/wenchang/asdasdsad/wjq/TTIE/releases/20260920-ttie-t062a-zr/research_log/T062A/infer.py", line 56, in guard
    raise PermissionError('T062-A low-only read guard: '+str(p))
PermissionError: [Errno None] None: '/tmp/tmpmwoa_3__'

During handling of the above exception, another exception occurred:

Traceback (most recent call last):
  File "/home/wenchang/anaconda3/envs/python3.12-tk2-2.3/lib/python3.12/tempfile.py", line 909, in onexc
    _os.unlink(path)
IsADirectoryError: [Errno 21] Is a directory: '/tmp/tmpmwoa_3__'

During handling of the above exception, another exception occurred:

Traceback (most recent call last):
  File "/home/wenchang/anaconda3/envs/python3.12-tk2-2.3/lib/python3.12/shutil.py", line 674, in _rmtree_safe_fd
    topfd = os.open(name, os.O_RDONLY | os.O_NONBLOCK, dir_fd=dirfd)
            ^^^^^^^^^^^^^^^^^^^^^^^^^^^^^^^^^^^^^^^^^^^^^^^^^^^^^^^^
  File "/home/wenchang/asdasdsad/wjq/TTIE/releases/20260920-ttie-t062a-zr/research_log/T062A/infer.py", line 56, in guard
    raise PermissionError('T062-A low-only read guard: '+str(p))
PermissionError: [Errno None] None: '/tmp/tmpmwoa_3__'

During handling of the above exception, another exception occurred:

Traceback (most recent call last):
  File "/home/wenchang/anaconda3/envs/python3.12-tk2-2.3/lib/python3.12/tempfile.py", line 909, in onexc
    _os.unlink(path)
IsADirectoryError: [Errno 21] Is a directory: '/tmp/tmpmwoa_3__'

During handling of the above exception, another exception occurred:

Traceback (most recent call last):
  File "/home/wenchang/anaconda3/envs/python3.12-tk2-2.3/lib/python3.12/shutil.py", line 674, in _rmtree_safe_fd
    topfd = os.open(name, os.O_RDONLY | os.O_NONBLOCK, dir_fd=dirfd)
            ^^^^^^^^^^^^^^^^^^^^^^^^^^^^^^^^^^^^^^^^^^^^^^^^^^^^^^^^
  File "/home/wenchang/asdasdsad/wjq/TTIE/releases/20260920-ttie-t062a-zr/research_log/T062A/infer.py", line 56, in guard
    raise PermissionError('T062-A low-only read guard: '+str(p))
PermissionError: [Errno None] None: '/tmp/tmpmwoa_3__'

During handling of the above exception, another exception occurred:

Traceback (most recent call last):
  File "/home/wenchang/anaconda3/envs/python3.12-tk2-2.3/lib/python3.12/tempfile.py", line 909, in onexc
    _os.unlink(path)
IsADirectoryError: [Errno 21] Is a directory: '/tmp/tmpmwoa_3__'

During handling of the above exception, another exception occurred:

Traceback (most recent call last):
  File "/home/wenchang/anaconda3/envs/python3.12-tk2-2.3/lib/python3.12/shutil.py", line 674, in _rmtree_safe_fd
    topfd = os.open(name, os.O_RDONLY | os.O_NONBLOCK, dir_fd=dirfd)
            ^^^^^^^^^^^^^^^^^^^^^^^^^^^^^^^^^^^^^^^^^^^^^^^^^^^^^^^^
  File "/home/wenchang/asdasdsad/wjq/TTIE/releases/20260920-ttie-t062a-zr/research_log/T062A/infer.py", line 56, in guard
    raise PermissionError('T062-A low-only read guard: '+str(p))
PermissionError: [Errno None] None: '/tmp/tmpmwoa_3__'

During handling of the above exception, another exception occurred:

Traceback (most recent call last):
  File "/home/wenchang/anaconda3/envs/python3.12-tk2-2.3/lib/python3.12/tempfile.py", line 909, in onexc
    _os.unlink(path)
IsADirectoryError: [Errno 21] Is a directory: '/tmp/tmpmwoa_3__'

During handling of the above exception, another exception occurred:

Traceback (most recent call last):
  File "/home/wenchang/anaconda3/envs/python3.12-tk2-2.3/lib/python3.12/shutil.py", line 674, in _rmtree_safe_fd
    topfd = os.open(name, os.O_RDONLY | os.O_NONBLOCK, dir_fd=dirfd)
            ^^^^^^^^^^^^^^^^^^^^^^^^^^^^^^^^^^^^^^^^^^^^^^^^^^^^^^^^
  File "/home/wenchang/asdasdsad/wjq/TTIE/releases/20260920-ttie-t062a-zr/research_log/T062A/infer.py", line 56, in guard
    raise PermissionError('T062-A low-only read guard: '+str(p))
PermissionError: [Errno None] None: '/tmp/tmpmwoa_3__'

During handling of the above exception, another exception occurred:

Traceback (most recent call last):
  File "/home/wenchang/anaconda3/envs/python3.12-tk2-2.3/lib/python3.12/tempfile.py", line 909, in onexc
    _os.unlink(path)
IsADirectoryError: [Errno 21] Is a directory: '/tmp/tmpmwoa_3__'

During handling of the above exception, another exception occurred:

Traceback (most recent call last):
  File "/home/wenchang/anaconda3/envs/python3.12-tk2-2.3/lib/python3.12/shutil.py", line 674, in _rmtree_safe_fd
    topfd = os.open(name, os.O_RDONLY | os.O_NONBLOCK, dir_fd=dirfd)
            ^^^^^^^^^^^^^^^^^^^^^^^^^^^^^^^^^^^^^^^^^^^^^^^^^^^^^^^^
  File "/home/wenchang/asdasdsad/wjq/TTIE/releases/20260920-ttie-t062a-zr/research_log/T062A/infer.py", line 56, in guard
    raise PermissionError('T062-A low-only read guard: '+str(p))
PermissionError: [Errno None] None: '/tmp/tmpmwoa_3__'

During handling of the above exception, another exception occurred:

Traceback (most recent call last):
  File "/home/wenchang/anaconda3/envs/python3.12-tk2-2.3/lib/python3.12/tempfile.py", line 909, in onexc
    _os.unlink(path)
IsADirectoryError: [Errno 21] Is a directory: '/tmp/tmpmwoa_3__'

During handling of the above exception, another exception occurred:

Traceback (most recent call last):
  File "/home/wenchang/anaconda3/envs/python3.12-tk2-2.3/lib/python3.12/shutil.py", line 674, in _rmtree_safe_fd
    topfd = os.open(name, os.O_RDONLY | os.O_NONBLOCK, dir_fd=dirfd)
            ^^^^^^^^^^^^^^^^^^^^^^^^^^^^^^^^^^^^^^^^^^^^^^^^^^^^^^^^
  File "/home/wenchang/asdasdsad/wjq/TTIE/releases/20260920-ttie-t062a-zr/research_log/T062A/infer.py", line 56, in guard
    raise PermissionError('T062-A low-only read guard: '+str(p))
PermissionError: [Errno None] None: '/tmp/tmpmwoa_3__'

During handling of the above exception, another exception occurred:

Traceback (most recent call last):
  File "/home/wenchang/anaconda3/envs/python3.12-tk2-2.3/lib/python3.12/tempfile.py", line 909, in onexc
    _os.unlink(path)
IsADirectoryError: [Errno 21] Is a directory: '/tmp/tmpmwoa_3__'

During handling of the above exception, another exception occurred:

Traceback (most recent call last):
  File "/home/wenchang/anaconda3/envs/python3.12-tk2-2.3/lib/python3.12/shutil.py", line 674, in _rmtree_safe_fd
    topfd = os.open(name, os.O_RDONLY | os.O_NONBLOCK, dir_fd=dirfd)
            ^^^^^^^^^^^^^^^^^^^^^^^^^^^^^^^^^^^^^^^^^^^^^^^^^^^^^^^^
  File "/home/wenchang/asdasdsad/wjq/TTIE/releases/20260920-ttie-t062a-zr/research_log/T062A/infer.py", line 56, in guard
    raise PermissionError('T062-A low-only read guard: '+str(p))
PermissionError: [Errno None] None: '/tmp/tmpmwoa_3__'

During handling of the above exception, another exception occurred:

Traceback (most recent call last):
  File "/home/wenchang/anaconda3/envs/python3.12-tk2-2.3/lib/python3.12/tempfile.py", line 909, in onexc
    _os.unlink(path)
IsADirectoryError: [Errno 21] Is a directory: '/tmp/tmpmwoa_3__'

During handling of the above exception, another exception occurred:

Traceback (most recent call last):
  File "/home/wenchang/anaconda3/envs/python3.12-tk2-2.3/lib/python3.12/shutil.py", line 674, in _rmtree_safe_fd
    topfd = os.open(name, os.O_RDONLY | os.O_NONBLOCK, dir_fd=dirfd)
            ^^^^^^^^^^^^^^^^^^^^^^^^^^^^^^^^^^^^^^^^^^^^^^^^^^^^^^^^
  File "/home/wenchang/asdasdsad/wjq/TTIE/releases/20260920-ttie-t062a-zr/research_log/T062A/infer.py", line 56, in guard
    raise PermissionError('T062-A low-only read guard: '+str(p))
PermissionError: [Errno None] None: '/tmp/tmpmwoa_3__'

During handling of the above exception, another exception occurred:

Traceback (most recent call last):
  File "/home/wenchang/anaconda3/envs/python3.12-tk2-2.3/lib/python3.12/tempfile.py", line 909, in onexc
    _os.unlink(path)
IsADirectoryError: [Errno 21] Is a directory: '/tmp/tmpmwoa_3__'

During handling of the above exception, another exception occurred:

Traceback (most recent call last):
  File "/home/wenchang/anaconda3/envs/python3.12-tk2-2.3/lib/python3.12/shutil.py", line 674, in _rmtree_safe_fd
    topfd = os.open(name, os.O_RDONLY | os.O_NONBLOCK, dir_fd=dirfd)
            ^^^^^^^^^^^^^^^^^^^^^^^^^^^^^^^^^^^^^^^^^^^^^^^^^^^^^^^^
  File "/home/wenchang/asdasdsad/wjq/TTIE/releases/20260920-ttie-t062a-zr/research_log/T062A/infer.py", line 56, in guard
    raise PermissionError('T062-A low-only read guard: '+str(p))
PermissionError: [Errno None] None: '/tmp/tmpmwoa_3__'

During handling of the above exception, another exception occurred:

Traceback (most recent call last):
  File "/home/wenchang/anaconda3/envs/python3.12-tk2-2.3/lib/python3.12/tempfile.py", line 909, in onexc
    _os.unlink(path)
IsADirectoryError: [Errno 21] Is a directory: '/tmp/tmpmwoa_3__'

During handling of the above exception, another exception occurred:

Traceback (most recent call last):
  File "/home/wenchang/anaconda3/envs/python3.12-tk2-2.3/lib/python3.12/shutil.py", line 674, in _rmtree_safe_fd
    topfd = os.open(name, os.O_RDONLY | os.O_NONBLOCK, dir_fd=dirfd)
            ^^^^^^^^^^^^^^^^^^^^^^^^^^^^^^^^^^^^^^^^^^^^^^^^^^^^^^^^
  File "/home/wenchang/asdasdsad/wjq/TTIE/releases/20260920-ttie-t062a-zr/research_log/T062A/infer.py", line 56, in guard
    raise PermissionError('T062-A low-only read guard: '+str(p))
PermissionError: [Errno None] None: '/tmp/tmpmwoa_3__'

During handling of the above exception, another exception occurred:

Traceback (most recent call last):
  File "/home/wenchang/anaconda3/envs/python3.12-tk2-2.3/lib/python3.12/tempfile.py", line 909, in onexc
    _os.unlink(path)
IsADirectoryError: [Errno 21] Is a directory: '/tmp/tmpmwoa_3__'

During handling of the above exception, another exception occurred:

Traceback (most recent call last):
  File "/home/wenchang/anaconda3/envs/python3.12-tk2-2.3/lib/python3.12/shutil.py", line 674, in _rmtree_safe_fd
    topfd = os.open(name, os.O_RDONLY | os.O_NONBLOCK, dir_fd=dirfd)
            ^^^^^^^^^^^^^^^^^^^^^^^^^^^^^^^^^^^^^^^^^^^^^^^^^^^^^^^^
  File "/home/wenchang/asdasdsad/wjq/TTIE/releases/20260920-ttie-t062a-zr/research_log/T062A/infer.py", line 56, in guard
    raise PermissionError('T062-A low-only read guard: '+str(p))
PermissionError: [Errno None] None: '/tmp/tmpmwoa_3__'

During handling of the above exception, another exception occurred:

Traceback (most recent call last):
  File "/home/wenchang/anaconda3/envs/python3.12-tk2-2.3/lib/python3.12/tempfile.py", line 909, in onexc
    _os.unlink(path)
IsADirectoryError: [Errno 21] Is a directory: '/tmp/tmpmwoa_3__'

During handling of the above exception, another exception occurred:

Traceback (most recent call last):
  File "/home/wenchang/anaconda3/envs/python3.12-tk2-2.3/lib/python3.12/shutil.py", line 674, in _rmtree_safe_fd
    topfd = os.open(name, os.O_RDONLY | os.O_NONBLOCK, dir_fd=dirfd)
            ^^^^^^^^^^^^^^^^^^^^^^^^^^^^^^^^^^^^^^^^^^^^^^^^^^^^^^^^
  File "/home/wenchang/asdasdsad/wjq/TTIE/releases/20260920-ttie-t062a-zr/research_log/T062A/infer.py", line 56, in guard
    raise PermissionError('T062-A low-only read guard: '+str(p))
PermissionError: [Errno None] None: '/tmp/tmpmwoa_3__'

During handling of the above exception, another exception occurred:

Traceback (most recent call last):
  File "/home/wenchang/anaconda3/envs/python3.12-tk2-2.3/lib/python3.12/tempfile.py", line 909, in onexc
    _os.unlink(path)
IsADirectoryError: [Errno 21] Is a directory: '/tmp/tmpmwoa_3__'

During handling of the above exception, another exception occurred:

Traceback (most recent call last):
  File "/home/wenchang/anaconda3/envs/python3.12-tk2-2.3/lib/python3.12/shutil.py", line 674, in _rmtree_safe_fd
    topfd = os.open(name, os.O_RDONLY | os.O_NONBLOCK, dir_fd=dirfd)
            ^^^^^^^^^^^^^^^^^^^^^^^^^^^^^^^^^^^^^^^^^^^^^^^^^^^^^^^^
  File "/home/wenchang/asdasdsad/wjq/TTIE/releases/20260920-ttie-t062a-zr/research_log/T062A/infer.py", line 56, in guard
    raise PermissionError('T062-A low-only read guard: '+str(p))
PermissionError: [Errno None] None: '/tmp/tmpmwoa_3__'

During handling of the above exception, another exception occurred:

Traceback (most recent call last):
  File "/home/wenchang/anaconda3/envs/python3.12-tk2-2.3/lib/python3.12/tempfile.py", line 909, in onexc
    _os.unlink(path)
IsADirectoryError: [Errno 21] Is a directory: '/tmp/tmpmwoa_3__'

During handling of the above exception, another exception occurred:

Traceback (most recent call last):
  File "/home/wenchang/anaconda3/envs/python3.12-tk2-2.3/lib/python3.12/shutil.py", line 674, in _rmtree_safe_fd
    topfd = os.open(name, os.O_RDONLY | os.O_NONBLOCK, dir_fd=dirfd)
            ^^^^^^^^^^^^^^^^^^^^^^^^^^^^^^^^^^^^^^^^^^^^^^^^^^^^^^^^
  File "/home/wenchang/asdasdsad/wjq/TTIE/releases/20260920-ttie-t062a-zr/research_log/T062A/infer.py", line 56, in guard
    raise PermissionError('T062-A low-only read guard: '+str(p))
PermissionError: [Errno None] None: '/tmp/tmpmwoa_3__'

During handling of the above exception, another exception occurred:

Traceback (most recent call last):
  File "/home/wenchang/anaconda3/envs/python3.12-tk2-2.3/lib/python3.12/tempfile.py", line 909, in onexc
    _os.unlink(path)
IsADirectoryError: [Errno 21] Is a directory: '/tmp/tmpmwoa_3__'

During handling of the above exception, another exception occurred:

Traceback (most recent call last):
  File "/home/wenchang/anaconda3/envs/python3.12-tk2-2.3/lib/python3.12/shutil.py", line 674, in _rmtree_safe_fd
    topfd = os.open(name, os.O_RDONLY | os.O_NONBLOCK, dir_fd=dirfd)
            ^^^^^^^^^^^^^^^^^^^^^^^^^^^^^^^^^^^^^^^^^^^^^^^^^^^^^^^^
  File "/home/wenchang/asdasdsad/wjq/TTIE/releases/20260920-ttie-t062a-zr/research_log/T062A/infer.py", line 56, in guard
    raise PermissionError('T062-A low-only read guard: '+str(p))
PermissionError: [Errno None] None: '/tmp/tmpmwoa_3__'

During handling of the above exception, another exception occurred:

Traceback (most recent call last):
  File "/home/wenchang/anaconda3/envs/python3.12-tk2-2.3/lib/python3.12/tempfile.py", line 909, in onexc
    _os.unlink(path)
IsADirectoryError: [Errno 21] Is a directory: '/tmp/tmpmwoa_3__'

During handling of the above exception, another exception occurred:

Traceback (most recent call last):
  File "/home/wenchang/anaconda3/envs/python3.12-tk2-2.3/lib/python3.12/shutil.py", line 674, in _rmtree_safe_fd
    topfd = os.open(name, os.O_RDONLY | os.O_NONBLOCK, dir_fd=dirfd)
            ^^^^^^^^^^^^^^^^^^^^^^^^^^^^^^^^^^^^^^^^^^^^^^^^^^^^^^^^
  File "/home/wenchang/asdasdsad/wjq/TTIE/releases/20260920-ttie-t062a-zr/research_log/T062A/infer.py", line 56, in guard
    raise PermissionError('T062-A low-only read guard: '+str(p))
PermissionError: [Errno None] None: '/tmp/tmpmwoa_3__'

During handling of the above exception, another exception occurred:

Traceback (most recent call last):
  File "/home/wenchang/anaconda3/envs/python3.12-tk2-2.3/lib/python3.12/tempfile.py", line 909, in onexc
    _os.unlink(path)
IsADirectoryError: [Errno 21] Is a directory: '/tmp/tmpmwoa_3__'

During handling of the above exception, another exception occurred:

Traceback (most recent call last):
  File "/home/wenchang/anaconda3/envs/python3.12-tk2-2.3/lib/python3.12/shutil.py", line 674, in _rmtree_safe_fd
    topfd = os.open(name, os.O_RDONLY | os.O_NONBLOCK, dir_fd=dirfd)
            ^^^^^^^^^^^^^^^^^^^^^^^^^^^^^^^^^^^^^^^^^^^^^^^^^^^^^^^^
  File "/home/wenchang/asdasdsad/wjq/TTIE/releases/20260920-ttie-t062a-zr/research_log/T062A/infer.py", line 56, in guard
    raise PermissionError('T062-A low-only read guard: '+str(p))
PermissionError: [Errno None] None: '/tmp/tmpmwoa_3__'

During handling of the above exception, another exception occurred:

Traceback (most recent call last):
  File "/home/wenchang/anaconda3/envs/python3.12-tk2-2.3/lib/python3.12/tempfile.py", line 909, in onexc
    _os.unlink(path)
IsADirectoryError: [Errno 21] Is a directory: '/tmp/tmpmwoa_3__'

During handling of the above exception, another exception occurred:

Traceback (most recent call last):
  File "/home/wenchang/anaconda3/envs/python3.12-tk2-2.3/lib/python3.12/shutil.py", line 674, in _rmtree_safe_fd
    topfd = os.open(name, os.O_RDONLY | os.O_NONBLOCK, dir_fd=dirfd)
            ^^^^^^^^^^^^^^^^^^^^^^^^^^^^^^^^^^^^^^^^^^^^^^^^^^^^^^^^
  File "/home/wenchang/asdasdsad/wjq/TTIE/releases/20260920-ttie-t062a-zr/research_log/T062A/infer.py", line 56, in guard
    raise PermissionError('T062-A low-only read guard: '+str(p))
PermissionError: [Errno None] None: '/tmp/tmpmwoa_3__'

During handling of the above exception, another exception occurred:

Traceback (most recent call last):
  File "/home/wenchang/anaconda3/envs/python3.12-tk2-2.3/lib/python3.12/tempfile.py", line 909, in onexc
    _os.unlink(path)
IsADirectoryError: [Errno 21] Is a directory: '/tmp/tmpmwoa_3__'

During handling of the above exception, another exception occurred:

Traceback (most recent call last):
  File "/home/wenchang/anaconda3/envs/python3.12-tk2-2.3/lib/python3.12/shutil.py", line 674, in _rmtree_safe_fd
    topfd = os.open(name, os.O_RDONLY | os.O_NONBLOCK, dir_fd=dirfd)
            ^^^^^^^^^^^^^^^^^^^^^^^^^^^^^^^^^^^^^^^^^^^^^^^^^^^^^^^^
  File "/home/wenchang/asdasdsad/wjq/TTIE/releases/20260920-ttie-t062a-zr/research_log/T062A/infer.py", line 56, in guard
    raise PermissionError('T062-A low-only read guard: '+str(p))
PermissionError: [Errno None] None: '/tmp/tmpmwoa_3__'

During handling of the above exception, another exception occurred:

Traceback (most recent call last):
  File "/home/wenchang/anaconda3/envs/python3.12-tk2-2.3/lib/python3.12/tempfile.py", line 909, in onexc
    _os.unlink(path)
IsADirectoryError: [Errno 21] Is a directory: '/tmp/tmpmwoa_3__'

During handling of the above exception, another exception occurred:

Traceback (most recent call last):
  File "/home/wenchang/anaconda3/envs/python3.12-tk2-2.3/lib/python3.12/shutil.py", line 674, in _rmtree_safe_fd
    topfd = os.open(name, os.O_RDONLY | os.O_NONBLOCK, dir_fd=dirfd)
            ^^^^^^^^^^^^^^^^^^^^^^^^^^^^^^^^^^^^^^^^^^^^^^^^^^^^^^^^
  File "/home/wenchang/asdasdsad/wjq/TTIE/releases/20260920-ttie-t062a-zr/research_log/T062A/infer.py", line 56, in guard
    raise PermissionError('T062-A low-only read guard: '+str(p))
PermissionError: [Errno None] None: '/tmp/tmpmwoa_3__'

During handling of the above exception, another exception occurred:

Traceback (most recent call last):
  File "/home/wenchang/anaconda3/envs/python3.12-tk2-2.3/lib/python3.12/tempfile.py", line 909, in onexc
    _os.unlink(path)
IsADirectoryError: [Errno 21] Is a directory: '/tmp/tmpmwoa_3__'

During handling of the above exception, another exception occurred:

Traceback (most recent call last):
  File "/home/wenchang/anaconda3/envs/python3.12-tk2-2.3/lib/python3.12/shutil.py", line 674, in _rmtree_safe_fd
    topfd = os.open(name, os.O_RDONLY | os.O_NONBLOCK, dir_fd=dirfd)
            ^^^^^^^^^^^^^^^^^^^^^^^^^^^^^^^^^^^^^^^^^^^^^^^^^^^^^^^^
  File "/home/wenchang/asdasdsad/wjq/TTIE/releases/20260920-ttie-t062a-zr/research_log/T062A/infer.py", line 56, in guard
    raise PermissionError('T062-A low-only read guard: '+str(p))
PermissionError: [Errno None] None: '/tmp/tmpmwoa_3__'

During handling of the above exception, another exception occurred:

Traceback (most recent call last):
  File "/home/wenchang/anaconda3/envs/python3.12-tk2-2.3/lib/python3.12/tempfile.py", line 909, in onexc
    _os.unlink(path)
IsADirectoryError: [Errno 21] Is a directory: '/tmp/tmpmwoa_3__'

During handling of the above exception, another exception occurred:

Traceback (most recent call last):
  File "/home/wenchang/anaconda3/envs/python3.12-tk2-2.3/lib/python3.12/shutil.py", line 674, in _rmtree_safe_fd
    topfd = os.open(name, os.O_RDONLY | os.O_NONBLOCK, dir_fd=dirfd)
            ^^^^^^^^^^^^^^^^^^^^^^^^^^^^^^^^^^^^^^^^^^^^^^^^^^^^^^^^
  File "/home/wenchang/asdasdsad/wjq/TTIE/releases/20260920-ttie-t062a-zr/research_log/T062A/infer.py", line 56, in guard
    raise PermissionError('T062-A low-only read guard: '+str(p))
PermissionError: [Errno None] None: '/tmp/tmpmwoa_3__'

During handling of the above exception, another exception occurred:

Traceback (most recent call last):
  File "/home/wenchang/anaconda3/envs/python3.12-tk2-2.3/lib/python3.12/tempfile.py", line 909, in onexc
    _os.unlink(path)
IsADirectoryError: [Errno 21] Is a directory: '/tmp/tmpmwoa_3__'

During handling of the above exception, another exception occurred:

Traceback (most recent call last):
  File "/home/wenchang/anaconda3/envs/python3.12-tk2-2.3/lib/python3.12/shutil.py", line 674, in _rmtree_safe_fd
    topfd = os.open(name, os.O_RDONLY | os.O_NONBLOCK, dir_fd=dirfd)
            ^^^^^^^^^^^^^^^^^^^^^^^^^^^^^^^^^^^^^^^^^^^^^^^^^^^^^^^^
  File "/home/wenchang/asdasdsad/wjq/TTIE/releases/20260920-ttie-t062a-zr/research_log/T062A/infer.py", line 56, in guard
    raise PermissionError('T062-A low-only read guard: '+str(p))
PermissionError: [Errno None] None: '/tmp/tmpmwoa_3__'

During handling of the above exception, another exception occurred:

Traceback (most recent call last):
  File "/home/wenchang/anaconda3/envs/python3.12-tk2-2.3/lib/python3.12/tempfile.py", line 909, in onexc
    _os.unlink(path)
IsADirectoryError: [Errno 21] Is a directory: '/tmp/tmpmwoa_3__'

During handling of the above exception, another exception occurred:

Traceback (most recent call last):
  File "/home/wenchang/anaconda3/envs/python3.12-tk2-2.3/lib/python3.12/shutil.py", line 674, in _rmtree_safe_fd
    topfd = os.open(name, os.O_RDONLY | os.O_NONBLOCK, dir_fd=dirfd)
            ^^^^^^^^^^^^^^^^^^^^^^^^^^^^^^^^^^^^^^^^^^^^^^^^^^^^^^^^
  File "/home/wenchang/asdasdsad/wjq/TTIE/releases/20260920-ttie-t062a-zr/research_log/T062A/infer.py", line 56, in guard
    raise PermissionError('T062-A low-only read guard: '+str(p))
PermissionError: [Errno None] None: '/tmp/tmpmwoa_3__'

During handling of the above exception, another exception occurred:

Traceback (most recent call last):
  File "/home/wenchang/anaconda3/envs/python3.12-tk2-2.3/lib/python3.12/tempfile.py", line 909, in onexc
    _os.unlink(path)
IsADirectoryError: [Errno 21] Is a directory: '/tmp/tmpmwoa_3__'

During handling of the above exception, another exception occurred:

Traceback (most recent call last):
  File "/home/wenchang/anaconda3/envs/python3.12-tk2-2.3/lib/python3.12/shutil.py", line 674, in _rmtree_safe_fd
    topfd = os.open(name, os.O_RDONLY | os.O_NONBLOCK, dir_fd=dirfd)
            ^^^^^^^^^^^^^^^^^^^^^^^^^^^^^^^^^^^^^^^^^^^^^^^^^^^^^^^^
  File "/home/wenchang/asdasdsad/wjq/TTIE/releases/20260920-ttie-t062a-zr/research_log/T062A/infer.py", line 56, in guard
    raise PermissionError('T062-A low-only read guard: '+str(p))
PermissionError: [Errno None] None: '/tmp/tmpmwoa_3__'

During handling of the above exception, another exception occurred:

Traceback (most recent call last):
  File "/home/wenchang/anaconda3/envs/python3.12-tk2-2.3/lib/python3.12/tempfile.py", line 909, in onexc
    _os.unlink(path)
IsADirectoryError: [Errno 21] Is a directory: '/tmp/tmpmwoa_3__'

During handling of the above exception, another exception occurred:

Traceback (most recent call last):
  File "/home/wenchang/anaconda3/envs/python3.12-tk2-2.3/lib/python3.12/shutil.py", line 674, in _rmtree_safe_fd
    topfd = os.open(name, os.O_RDONLY | os.O_NONBLOCK, dir_fd=dirfd)
            ^^^^^^^^^^^^^^^^^^^^^^^^^^^^^^^^^^^^^^^^^^^^^^^^^^^^^^^^
  File "/home/wenchang/asdasdsad/wjq/TTIE/releases/20260920-ttie-t062a-zr/research_log/T062A/infer.py", line 56, in guard
    raise PermissionError('T062-A low-only read guard: '+str(p))
PermissionError: [Errno None] None: '/tmp/tmpmwoa_3__'

During handling of the above exception, another exception occurred:

Traceback (most recent call last):
  File "/home/wenchang/anaconda3/envs/python3.12-tk2-2.3/lib/python3.12/tempfile.py", line 909, in onexc
    _os.unlink(path)
IsADirectoryError: [Errno 21] Is a directory: '/tmp/tmpmwoa_3__'

During handling of the above exception, another exception occurred:

Traceback (most recent call last):
  File "/home/wenchang/anaconda3/envs/python3.12-tk2-2.3/lib/python3.12/shutil.py", line 674, in _rmtree_safe_fd
    topfd = os.open(name, os.O_RDONLY | os.O_NONBLOCK, dir_fd=dirfd)
            ^^^^^^^^^^^^^^^^^^^^^^^^^^^^^^^^^^^^^^^^^^^^^^^^^^^^^^^^
  File "/home/wenchang/asdasdsad/wjq/TTIE/releases/20260920-ttie-t062a-zr/research_log/T062A/infer.py", line 56, in guard
    raise PermissionError('T062-A low-only read guard: '+str(p))
PermissionError: [Errno None] None: '/tmp/tmpmwoa_3__'

During handling of the above exception, another exception occurred:

Traceback (most recent call last):
  File "/home/wenchang/anaconda3/envs/python3.12-tk2-2.3/lib/python3.12/tempfile.py", line 909, in onexc
    _os.unlink(path)
IsADirectoryError: [Errno 21] Is a directory: '/tmp/tmpmwoa_3__'

During handling of the above exception, another exception occurred:

Traceback (most recent call last):
  File "/home/wenchang/anaconda3/envs/python3.12-tk2-2.3/lib/python3.12/shutil.py", line 674, in _rmtree_safe_fd
    topfd = os.open(name, os.O_RDONLY | os.O_NONBLOCK, dir_fd=dirfd)
            ^^^^^^^^^^^^^^^^^^^^^^^^^^^^^^^^^^^^^^^^^^^^^^^^^^^^^^^^
  File "/home/wenchang/asdasdsad/wjq/TTIE/releases/20260920-ttie-t062a-zr/research_log/T062A/infer.py", line 56, in guard
    raise PermissionError('T062-A low-only read guard: '+str(p))
PermissionError: [Errno None] None: '/tmp/tmpmwoa_3__'

During handling of the above exception, another exception occurred:

Traceback (most recent call last):
  File "/home/wenchang/anaconda3/envs/python3.12-tk2-2.3/lib/python3.12/tempfile.py", line 909, in onexc
    _os.unlink(path)
IsADirectoryError: [Errno 21] Is a directory: '/tmp/tmpmwoa_3__'

During handling of the above exception, another exception occurred:

Traceback (most recent call last):
  File "/home/wenchang/anaconda3/envs/python3.12-tk2-2.3/lib/python3.12/shutil.py", line 674, in _rmtree_safe_fd
    topfd = os.open(name, os.O_RDONLY | os.O_NONBLOCK, dir_fd=dirfd)
            ^^^^^^^^^^^^^^^^^^^^^^^^^^^^^^^^^^^^^^^^^^^^^^^^^^^^^^^^
  File "/home/wenchang/asdasdsad/wjq/TTIE/releases/20260920-ttie-t062a-zr/research_log/T062A/infer.py", line 56, in guard
    raise PermissionError('T062-A low-only read guard: '+str(p))
PermissionError: [Errno None] None: '/tmp/tmpmwoa_3__'

During handling of the above exception, another exception occurred:

Traceback (most recent call last):
  File "/home/wenchang/anaconda3/envs/python3.12-tk2-2.3/lib/python3.12/tempfile.py", line 909, in onexc
    _os.unlink(path)
IsADirectoryError: [Errno 21] Is a directory: '/tmp/tmpmwoa_3__'

During handling of the above exception, another exception occurred:

Traceback (most recent call last):
  File "/home/wenchang/anaconda3/envs/python3.12-tk2-2.3/lib/python3.12/shutil.py", line 674, in _rmtree_safe_fd
    topfd = os.open(name, os.O_RDONLY | os.O_NONBLOCK, dir_fd=dirfd)
            ^^^^^^^^^^^^^^^^^^^^^^^^^^^^^^^^^^^^^^^^^^^^^^^^^^^^^^^^
  File "/home/wenchang/asdasdsad/wjq/TTIE/releases/20260920-ttie-t062a-zr/research_log/T062A/infer.py", line 56, in guard
    raise PermissionError('T062-A low-only read guard: '+str(p))
PermissionError: [Errno None] None: '/tmp/tmpmwoa_3__'

During handling of the above exception, another exception occurred:

Traceback (most recent call last):
  File "/home/wenchang/anaconda3/envs/python3.12-tk2-2.3/lib/python3.12/tempfile.py", line 909, in onexc
    _os.unlink(path)
IsADirectoryError: [Errno 21] Is a directory: '/tmp/tmpmwoa_3__'

During handling of the above exception, another exception occurred:

Traceback (most recent call last):
  File "/home/wenchang/anaconda3/envs/python3.12-tk2-2.3/lib/python3.12/shutil.py", line 674, in _rmtree_safe_fd
    topfd = os.open(name, os.O_RDONLY | os.O_NONBLOCK, dir_fd=dirfd)
            ^^^^^^^^^^^^^^^^^^^^^^^^^^^^^^^^^^^^^^^^^^^^^^^^^^^^^^^^
  File "/home/wenchang/asdasdsad/wjq/TTIE/releases/20260920-ttie-t062a-zr/research_log/T062A/infer.py", line 56, in guard
    raise PermissionError('T062-A low-only read guard: '+str(p))
PermissionError: [Errno None] None: '/tmp/tmpmwoa_3__'

During handling of the above exception, another exception occurred:

Traceback (most recent call last):
  File "/home/wenchang/anaconda3/envs/python3.12-tk2-2.3/lib/python3.12/tempfile.py", line 909, in onexc
    _os.unlink(path)
IsADirectoryError: [Errno 21] Is a directory: '/tmp/tmpmwoa_3__'

During handling of the above exception, another exception occurred:

Traceback (most recent call last):
  File "/home/wenchang/anaconda3/envs/python3.12-tk2-2.3/lib/python3.12/shutil.py", line 674, in _rmtree_safe_fd
    topfd = os.open(name, os.O_RDONLY | os.O_NONBLOCK, dir_fd=dirfd)
            ^^^^^^^^^^^^^^^^^^^^^^^^^^^^^^^^^^^^^^^^^^^^^^^^^^^^^^^^
  File "/home/wenchang/asdasdsad/wjq/TTIE/releases/20260920-ttie-t062a-zr/research_log/T062A/infer.py", line 56, in guard
    raise PermissionError('T062-A low-only read guard: '+str(p))
PermissionError: [Errno None] None: '/tmp/tmpmwoa_3__'

During handling of the above exception, another exception occurred:

Traceback (most recent call last):
  File "/home/wenchang/anaconda3/envs/python3.12-tk2-2.3/lib/python3.12/tempfile.py", line 909, in onexc
    _os.unlink(path)
IsADirectoryError: [Errno 21] Is a directory: '/tmp/tmpmwoa_3__'

During handling of the above exception, another exception occurred:

Traceback (most recent call last):
  File "/home/wenchang/anaconda3/envs/python3.12-tk2-2.3/lib/python3.12/shutil.py", line 674, in _rmtree_safe_fd
    topfd = os.open(name, os.O_RDONLY | os.O_NONBLOCK, dir_fd=dirfd)
            ^^^^^^^^^^^^^^^^^^^^^^^^^^^^^^^^^^^^^^^^^^^^^^^^^^^^^^^^
  File "/home/wenchang/asdasdsad/wjq/TTIE/releases/20260920-ttie-t062a-zr/research_log/T062A/infer.py", line 56, in guard
    raise PermissionError('T062-A low-only read guard: '+str(p))
PermissionError: [Errno None] None: '/tmp/tmpmwoa_3__'

During handling of the above exception, another exception occurred:

Traceback (most recent call last):
  File "/home/wenchang/anaconda3/envs/python3.12-tk2-2.3/lib/python3.12/tempfile.py", line 909, in onexc
    _os.unlink(path)
IsADirectoryError: [Errno 21] Is a directory: '/tmp/tmpmwoa_3__'

During handling of the above exception, another exception occurred:

Traceback (most recent call last):
  File "/home/wenchang/anaconda3/envs/python3.12-tk2-2.3/lib/python3.12/shutil.py", line 674, in _rmtree_safe_fd
    topfd = os.open(name, os.O_RDONLY | os.O_NONBLOCK, dir_fd=dirfd)
            ^^^^^^^^^^^^^^^^^^^^^^^^^^^^^^^^^^^^^^^^^^^^^^^^^^^^^^^^
  File "/home/wenchang/asdasdsad/wjq/TTIE/releases/20260920-ttie-t062a-zr/research_log/T062A/infer.py", line 56, in guard
    raise PermissionError('T062-A low-only read guard: '+str(p))
PermissionError: [Errno None] None: '/tmp/tmpmwoa_3__'

During handling of the above exception, another exception occurred:

Traceback (most recent call last):
  File "/home/wenchang/anaconda3/envs/python3.12-tk2-2.3/lib/python3.12/tempfile.py", line 909, in onexc
    _os.unlink(path)
IsADirectoryError: [Errno 21] Is a directory: '/tmp/tmpmwoa_3__'

During handling of the above exception, another exception occurred:

Traceback (most recent call last):
  File "/home/wenchang/anaconda3/envs/python3.12-tk2-2.3/lib/python3.12/shutil.py", line 674, in _rmtree_safe_fd
    topfd = os.open(name, os.O_RDONLY | os.O_NONBLOCK, dir_fd=dirfd)
            ^^^^^^^^^^^^^^^^^^^^^^^^^^^^^^^^^^^^^^^^^^^^^^^^^^^^^^^^
  File "/home/wenchang/asdasdsad/wjq/TTIE/releases/20260920-ttie-t062a-zr/research_log/T062A/infer.py", line 56, in guard
    raise PermissionError('T062-A low-only read guard: '+str(p))
PermissionError: [Errno None] None: '/tmp/tmpmwoa_3__'

During handling of the above exception, another exception occurred:

Traceback (most recent call last):
  File "/home/wenchang/anaconda3/envs/python3.12-tk2-2.3/lib/python3.12/tempfile.py", line 909, in onexc
    _os.unlink(path)
IsADirectoryError: [Errno 21] Is a directory: '/tmp/tmpmwoa_3__'

During handling of the above exception, another exception occurred:

Traceback (most recent call last):
  File "/home/wenchang/anaconda3/envs/python3.12-tk2-2.3/lib/python3.12/shutil.py", line 674, in _rmtree_safe_fd
    topfd = os.open(name, os.O_RDONLY | os.O_NONBLOCK, dir_fd=dirfd)
            ^^^^^^^^^^^^^^^^^^^^^^^^^^^^^^^^^^^^^^^^^^^^^^^^^^^^^^^^
  File "/home/wenchang/asdasdsad/wjq/TTIE/releases/20260920-ttie-t062a-zr/research_log/T062A/infer.py", line 56, in guard
    raise PermissionError('T062-A low-only read guard: '+str(p))
PermissionError: [Errno None] None: '/tmp/tmpmwoa_3__'

During handling of the above exception, another exception occurred:

Traceback (most recent call last):
  File "/home/wenchang/anaconda3/envs/python3.12-tk2-2.3/lib/python3.12/tempfile.py", line 909, in onexc
    _os.unlink(path)
IsADirectoryError: [Errno 21] Is a directory: '/tmp/tmpmwoa_3__'

During handling of the above exception, another exception occurred:

Traceback (most recent call last):
  File "/home/wenchang/anaconda3/envs/python3.12-tk2-2.3/lib/python3.12/shutil.py", line 674, in _rmtree_safe_fd
    topfd = os.open(name, os.O_RDONLY | os.O_NONBLOCK, dir_fd=dirfd)
            ^^^^^^^^^^^^^^^^^^^^^^^^^^^^^^^^^^^^^^^^^^^^^^^^^^^^^^^^
  File "/home/wenchang/asdasdsad/wjq/TTIE/releases/20260920-ttie-t062a-zr/research_log/T062A/infer.py", line 56, in guard
    raise PermissionError('T062-A low-only read guard: '+str(p))
PermissionError: [Errno None] None: '/tmp/tmpmwoa_3__'

During handling of the above exception, another exception occurred:

Traceback (most recent call last):
  File "/home/wenchang/anaconda3/envs/python3.12-tk2-2.3/lib/python3.12/tempfile.py", line 909, in onexc
    _os.unlink(path)
IsADirectoryError: [Errno 21] Is a directory: '/tmp/tmpmwoa_3__'

During handling of the above exception, another exception occurred:

Traceback (most recent call last):
  File "/home/wenchang/anaconda3/envs/python3.12-tk2-2.3/lib/python3.12/shutil.py", line 674, in _rmtree_safe_fd
    topfd = os.open(name, os.O_RDONLY | os.O_NONBLOCK, dir_fd=dirfd)
            ^^^^^^^^^^^^^^^^^^^^^^^^^^^^^^^^^^^^^^^^^^^^^^^^^^^^^^^^
  File "/home/wenchang/asdasdsad/wjq/TTIE/releases/20260920-ttie-t062a-zr/research_log/T062A/infer.py", line 56, in guard
    raise PermissionError('T062-A low-only read guard: '+str(p))
PermissionError: [Errno None] None: '/tmp/tmpmwoa_3__'

During handling of the above exception, another exception occurred:

Traceback (most recent call last):
  File "/home/wenchang/anaconda3/envs/python3.12-tk2-2.3/lib/python3.12/tempfile.py", line 909, in onexc
    _os.unlink(path)
IsADirectoryError: [Errno 21] Is a directory: '/tmp/tmpmwoa_3__'

During handling of the above exception, another exception occurred:

Traceback (most recent call last):
  File "/home/wenchang/anaconda3/envs/python3.12-tk2-2.3/lib/python3.12/shutil.py", line 674, in _rmtree_safe_fd
    topfd = os.open(name, os.O_RDONLY | os.O_NONBLOCK, dir_fd=dirfd)
            ^^^^^^^^^^^^^^^^^^^^^^^^^^^^^^^^^^^^^^^^^^^^^^^^^^^^^^^^
  File "/home/wenchang/asdasdsad/wjq/TTIE/releases/20260920-ttie-t062a-zr/research_log/T062A/infer.py", line 56, in guard
    raise PermissionError('T062-A low-only read guard: '+str(p))
PermissionError: [Errno None] None: '/tmp/tmpmwoa_3__'

During handling of the above exception, another exception occurred:

Traceback (most recent call last):
  File "/home/wenchang/anaconda3/envs/python3.12-tk2-2.3/lib/python3.12/tempfile.py", line 909, in onexc
    _os.unlink(path)
IsADirectoryError: [Errno 21] Is a directory: '/tmp/tmpmwoa_3__'

During handling of the above exception, another exception occurred:

Traceback (most recent call last):
  File "/home/wenchang/anaconda3/envs/python3.12-tk2-2.3/lib/python3.12/shutil.py", line 674, in _rmtree_safe_fd
    topfd = os.open(name, os.O_RDONLY | os.O_NONBLOCK, dir_fd=dirfd)
            ^^^^^^^^^^^^^^^^^^^^^^^^^^^^^^^^^^^^^^^^^^^^^^^^^^^^^^^^
  File "/home/wenchang/asdasdsad/wjq/TTIE/releases/20260920-ttie-t062a-zr/research_log/T062A/infer.py", line 56, in guard
    raise PermissionError('T062-A low-only read guard: '+str(p))
PermissionError: [Errno None] None: '/tmp/tmpmwoa_3__'

During handling of the above exception, another exception occurred:

Traceback (most recent call last):
  File "/home/wenchang/anaconda3/envs/python3.12-tk2-2.3/lib/python3.12/tempfile.py", line 909, in onexc
    _os.unlink(path)
IsADirectoryError: [Errno 21] Is a directory: '/tmp/tmpmwoa_3__'

During handling of the above exception, another exception occurred:

Traceback (most recent call last):
  File "/home/wenchang/anaconda3/envs/python3.12-tk2-2.3/lib/python3.12/shutil.py", line 674, in _rmtree_safe_fd
    topfd = os.open(name, os.O_RDONLY | os.O_NONBLOCK, dir_fd=dirfd)
            ^^^^^^^^^^^^^^^^^^^^^^^^^^^^^^^^^^^^^^^^^^^^^^^^^^^^^^^^
  File "/home/wenchang/asdasdsad/wjq/TTIE/releases/20260920-ttie-t062a-zr/research_log/T062A/infer.py", line 56, in guard
    raise PermissionError('T062-A low-only read guard: '+str(p))
PermissionError: [Errno None] None: '/tmp/tmpmwoa_3__'

During handling of the above exception, another exception occurred:

Traceback (most recent call last):
  File "/home/wenchang/anaconda3/envs/python3.12-tk2-2.3/lib/python3.12/tempfile.py", line 909, in onexc
    _os.unlink(path)
IsADirectoryError: [Errno 21] Is a directory: '/tmp/tmpmwoa_3__'

During handling of the above exception, another exception occurred:

Traceback (most recent call last):
  File "/home/wenchang/anaconda3/envs/python3.12-tk2-2.3/lib/python3.12/shutil.py", line 674, in _rmtree_safe_fd
    topfd = os.open(name, os.O_RDONLY | os.O_NONBLOCK, dir_fd=dirfd)
            ^^^^^^^^^^^^^^^^^^^^^^^^^^^^^^^^^^^^^^^^^^^^^^^^^^^^^^^^
  File "/home/wenchang/asdasdsad/wjq/TTIE/releases/20260920-ttie-t062a-zr/research_log/T062A/infer.py", line 56, in guard
    raise PermissionError('T062-A low-only read guard: '+str(p))
PermissionError: [Errno None] None: '/tmp/tmpmwoa_3__'

During handling of the above exception, another exception occurred:

Traceback (most recent call last):
  File "/home/wenchang/anaconda3/envs/python3.12-tk2-2.3/lib/python3.12/tempfile.py", line 909, in onexc
    _os.unlink(path)
IsADirectoryError: [Errno 21] Is a directory: '/tmp/tmpmwoa_3__'

During handling of the above exception, another exception occurred:

Traceback (most recent call last):
  File "/home/wenchang/anaconda3/envs/python3.12-tk2-2.3/lib/python3.12/shutil.py", line 674, in _rmtree_safe_fd
    topfd = os.open(name, os.O_RDONLY | os.O_NONBLOCK, dir_fd=dirfd)
            ^^^^^^^^^^^^^^^^^^^^^^^^^^^^^^^^^^^^^^^^^^^^^^^^^^^^^^^^
  File "/home/wenchang/asdasdsad/wjq/TTIE/releases/20260920-ttie-t062a-zr/research_log/T062A/infer.py", line 56, in guard
    raise PermissionError('T062-A low-only read guard: '+str(p))
PermissionError: [Errno None] None: '/tmp/tmpmwoa_3__'

During handling of the above exception, another exception occurred:

Traceback (most recent call last):
  File "/home/wenchang/anaconda3/envs/python3.12-tk2-2.3/lib/python3.12/tempfile.py", line 909, in onexc
    _os.unlink(path)
IsADirectoryError: [Errno 21] Is a directory: '/tmp/tmpmwoa_3__'

During handling of the above exception, another exception occurred:

Traceback (most recent call last):
  File "/home/wenchang/anaconda3/envs/python3.12-tk2-2.3/lib/python3.12/shutil.py", line 674, in _rmtree_safe_fd
    topfd = os.open(name, os.O_RDONLY | os.O_NONBLOCK, dir_fd=dirfd)
            ^^^^^^^^^^^^^^^^^^^^^^^^^^^^^^^^^^^^^^^^^^^^^^^^^^^^^^^^
  File "/home/wenchang/asdasdsad/wjq/TTIE/releases/20260920-ttie-t062a-zr/research_log/T062A/infer.py", line 56, in guard
    raise PermissionError('T062-A low-only read guard: '+str(p))
PermissionError: [Errno None] None: '/tmp/tmpmwoa_3__'

During handling of the above exception, another exception occurred:

Traceback (most recent call last):
  File "/home/wenchang/anaconda3/envs/python3.12-tk2-2.3/lib/python3.12/tempfile.py", line 909, in onexc
    _os.unlink(path)
IsADirectoryError: [Errno 21] Is a directory: '/tmp/tmpmwoa_3__'

During handling of the above exception, another exception occurred:

Traceback (most recent call last):
  File "/home/wenchang/anaconda3/envs/python3.12-tk2-2.3/lib/python3.12/shutil.py", line 674, in _rmtree_safe_fd
    topfd = os.open(name, os.O_RDONLY | os.O_NONBLOCK, dir_fd=dirfd)
            ^^^^^^^^^^^^^^^^^^^^^^^^^^^^^^^^^^^^^^^^^^^^^^^^^^^^^^^^
  File "/home/wenchang/asdasdsad/wjq/TTIE/releases/20260920-ttie-t062a-zr/research_log/T062A/infer.py", line 56, in guard
    raise PermissionError('T062-A low-only read guard: '+str(p))
PermissionError: [Errno None] None: '/tmp/tmpmwoa_3__'

During handling of the above exception, another exception occurred:

Traceback (most recent call last):
  File "/home/wenchang/anaconda3/envs/python3.12-tk2-2.3/lib/python3.12/tempfile.py", line 909, in onexc
    _os.unlink(path)
IsADirectoryError: [Errno 21] Is a directory: '/tmp/tmpmwoa_3__'

During handling of the above exception, another exception occurred:

Traceback (most recent call last):
  File "/home/wenchang/anaconda3/envs/python3.12-tk2-2.3/lib/python3.12/shutil.py", line 674, in _rmtree_safe_fd
    topfd = os.open(name, os.O_RDONLY | os.O_NONBLOCK, dir_fd=dirfd)
            ^^^^^^^^^^^^^^^^^^^^^^^^^^^^^^^^^^^^^^^^^^^^^^^^^^^^^^^^
  File "/home/wenchang/asdasdsad/wjq/TTIE/releases/20260920-ttie-t062a-zr/research_log/T062A/infer.py", line 56, in guard
    raise PermissionError('T062-A low-only read guard: '+str(p))
PermissionError: [Errno None] None: '/tmp/tmpmwoa_3__'

During handling of the above exception, another exception occurred:

Traceback (most recent call last):
  File "/home/wenchang/anaconda3/envs/python3.12-tk2-2.3/lib/python3.12/tempfile.py", line 909, in onexc
    _os.unlink(path)
IsADirectoryError: [Errno 21] Is a directory: '/tmp/tmpmwoa_3__'

During handling of the above exception, another exception occurred:

Traceback (most recent call last):
  File "/home/wenchang/anaconda3/envs/python3.12-tk2-2.3/lib/python3.12/shutil.py", line 674, in _rmtree_safe_fd
    topfd = os.open(name, os.O_RDONLY | os.O_NONBLOCK, dir_fd=dirfd)
            ^^^^^^^^^^^^^^^^^^^^^^^^^^^^^^^^^^^^^^^^^^^^^^^^^^^^^^^^
  File "/home/wenchang/asdasdsad/wjq/TTIE/releases/20260920-ttie-t062a-zr/research_log/T062A/infer.py", line 56, in guard
    raise PermissionError('T062-A low-only read guard: '+str(p))
PermissionError: [Errno None] None: '/tmp/tmpmwoa_3__'

During handling of the above exception, another exception occurred:

Traceback (most recent call last):
  File "/home/wenchang/anaconda3/envs/python3.12-tk2-2.3/lib/python3.12/tempfile.py", line 909, in onexc
    _os.unlink(path)
IsADirectoryError: [Errno 21] Is a directory: '/tmp/tmpmwoa_3__'

During handling of the above exception, another exception occurred:

Traceback (most recent call last):
  File "/home/wenchang/anaconda3/envs/python3.12-tk2-2.3/lib/python3.12/shutil.py", line 674, in _rmtree_safe_fd
    topfd = os.open(name, os.O_RDONLY | os.O_NONBLOCK, dir_fd=dirfd)
            ^^^^^^^^^^^^^^^^^^^^^^^^^^^^^^^^^^^^^^^^^^^^^^^^^^^^^^^^
  File "/home/wenchang/asdasdsad/wjq/TTIE/releases/20260920-ttie-t062a-zr/research_log/T062A/infer.py", line 56, in guard
    raise PermissionError('T062-A low-only read guard: '+str(p))
PermissionError: [Errno None] None: '/tmp/tmpmwoa_3__'

During handling of the above exception, another exception occurred:

Traceback (most recent call last):
  File "/home/wenchang/anaconda3/envs/python3.12-tk2-2.3/lib/python3.12/tempfile.py", line 909, in onexc
    _os.unlink(path)
IsADirectoryError: [Errno 21] Is a directory: '/tmp/tmpmwoa_3__'

During handling of the above exception, another exception occurred:

Traceback (most recent call last):
  File "/home/wenchang/anaconda3/envs/python3.12-tk2-2.3/lib/python3.12/shutil.py", line 674, in _rmtree_safe_fd
    topfd = os.open(name, os.O_RDONLY | os.O_NONBLOCK, dir_fd=dirfd)
            ^^^^^^^^^^^^^^^^^^^^^^^^^^^^^^^^^^^^^^^^^^^^^^^^^^^^^^^^
  File "/home/wenchang/asdasdsad/wjq/TTIE/releases/20260920-ttie-t062a-zr/research_log/T062A/infer.py", line 56, in guard
    raise PermissionError('T062-A low-only read guard: '+str(p))
PermissionError: [Errno None] None: '/tmp/tmpmwoa_3__'

During handling of the above exception, another exception occurred:

Traceback (most recent call last):
  File "/home/wenchang/anaconda3/envs/python3.12-tk2-2.3/lib/python3.12/tempfile.py", line 909, in onexc
    _os.unlink(path)
IsADirectoryError: [Errno 21] Is a directory: '/tmp/tmpmwoa_3__'

During handling of the above exception, another exception occurred:

Traceback (most recent call last):
  File "/home/wenchang/anaconda3/envs/python3.12-tk2-2.3/lib/python3.12/shutil.py", line 674, in _rmtree_safe_fd
    topfd = os.open(name, os.O_RDONLY | os.O_NONBLOCK, dir_fd=dirfd)
            ^^^^^^^^^^^^^^^^^^^^^^^^^^^^^^^^^^^^^^^^^^^^^^^^^^^^^^^^
  File "/home/wenchang/asdasdsad/wjq/TTIE/releases/20260920-ttie-t062a-zr/research_log/T062A/infer.py", line 56, in guard
    raise PermissionError('T062-A low-only read guard: '+str(p))
PermissionError: [Errno None] None: '/tmp/tmpmwoa_3__'

During handling of the above exception, another exception occurred:

Traceback (most recent call last):
  File "/home/wenchang/anaconda3/envs/python3.12-tk2-2.3/lib/python3.12/tempfile.py", line 909, in onexc
    _os.unlink(path)
IsADirectoryError: [Errno 21] Is a directory: '/tmp/tmpmwoa_3__'

During handling of the above exception, another exception occurred:

Traceback (most recent call last):
  File "/home/wenchang/anaconda3/envs/python3.12-tk2-2.3/lib/python3.12/shutil.py", line 674, in _rmtree_safe_fd
    topfd = os.open(name, os.O_RDONLY | os.O_NONBLOCK, dir_fd=dirfd)
            ^^^^^^^^^^^^^^^^^^^^^^^^^^^^^^^^^^^^^^^^^^^^^^^^^^^^^^^^
  File "/home/wenchang/asdasdsad/wjq/TTIE/releases/20260920-ttie-t062a-zr/research_log/T062A/infer.py", line 56, in guard
    raise PermissionError('T062-A low-only read guard: '+str(p))
PermissionError: [Errno None] None: '/tmp/tmpmwoa_3__'

During handling of the above exception, another exception occurred:

Traceback (most recent call last):
  File "/home/wenchang/anaconda3/envs/python3.12-tk2-2.3/lib/python3.12/tempfile.py", line 909, in onexc
    _os.unlink(path)
IsADirectoryError: [Errno 21] Is a directory: '/tmp/tmpmwoa_3__'

During handling of the above exception, another exception occurred:

Traceback (most recent call last):
  File "/home/wenchang/anaconda3/envs/python3.12-tk2-2.3/lib/python3.12/shutil.py", line 674, in _rmtree_safe_fd
    topfd = os.open(name, os.O_RDONLY | os.O_NONBLOCK, dir_fd=dirfd)
            ^^^^^^^^^^^^^^^^^^^^^^^^^^^^^^^^^^^^^^^^^^^^^^^^^^^^^^^^
  File "/home/wenchang/asdasdsad/wjq/TTIE/releases/20260920-ttie-t062a-zr/research_log/T062A/infer.py", line 56, in guard
    raise PermissionError('T062-A low-only read guard: '+str(p))
PermissionError: [Errno None] None: '/tmp/tmpmwoa_3__'

During handling of the above exception, another exception occurred:

Traceback (most recent call last):
  File "/home/wenchang/anaconda3/envs/python3.12-tk2-2.3/lib/python3.12/tempfile.py", line 909, in onexc
    _os.unlink(path)
IsADirectoryError: [Errno 21] Is a directory: '/tmp/tmpmwoa_3__'

During handling of the above exception, another exception occurred:

Traceback (most recent call last):
  File "/home/wenchang/anaconda3/envs/python3.12-tk2-2.3/lib/python3.12/shutil.py", line 674, in _rmtree_safe_fd
    topfd = os.open(name, os.O_RDONLY | os.O_NONBLOCK, dir_fd=dirfd)
            ^^^^^^^^^^^^^^^^^^^^^^^^^^^^^^^^^^^^^^^^^^^^^^^^^^^^^^^^
  File "/home/wenchang/asdasdsad/wjq/TTIE/releases/20260920-ttie-t062a-zr/research_log/T062A/infer.py", line 56, in guard
    raise PermissionError('T062-A low-only read guard: '+str(p))
PermissionError: [Errno None] None: '/tmp/tmpmwoa_3__'

During handling of the above exception, another exception occurred:

Traceback (most recent call last):
  File "/home/wenchang/anaconda3/envs/python3.12-tk2-2.3/lib/python3.12/tempfile.py", line 909, in onexc
    _os.unlink(path)
IsADirectoryError: [Errno 21] Is a directory: '/tmp/tmpmwoa_3__'

During handling of the above exception, another exception occurred:

Traceback (most recent call last):
  File "/home/wenchang/anaconda3/envs/python3.12-tk2-2.3/lib/python3.12/shutil.py", line 674, in _rmtree_safe_fd
    topfd = os.open(name, os.O_RDONLY | os.O_NONBLOCK, dir_fd=dirfd)
            ^^^^^^^^^^^^^^^^^^^^^^^^^^^^^^^^^^^^^^^^^^^^^^^^^^^^^^^^
  File "/home/wenchang/asdasdsad/wjq/TTIE/releases/20260920-ttie-t062a-zr/research_log/T062A/infer.py", line 56, in guard
    raise PermissionError('T062-A low-only read guard: '+str(p))
PermissionError: [Errno None] None: '/tmp/tmpmwoa_3__'

During handling of the above exception, another exception occurred:

Traceback (most recent call last):
  File "/home/wenchang/anaconda3/envs/python3.12-tk2-2.3/lib/python3.12/tempfile.py", line 909, in onexc
    _os.unlink(path)
IsADirectoryError: [Errno 21] Is a directory: '/tmp/tmpmwoa_3__'

During handling of the above exception, another exception occurred:

Traceback (most recent call last):
  File "/home/wenchang/anaconda3/envs/python3.12-tk2-2.3/lib/python3.12/shutil.py", line 674, in _rmtree_safe_fd
    topfd = os.open(name, os.O_RDONLY | os.O_NONBLOCK, dir_fd=dirfd)
            ^^^^^^^^^^^^^^^^^^^^^^^^^^^^^^^^^^^^^^^^^^^^^^^^^^^^^^^^
  File "/home/wenchang/asdasdsad/wjq/TTIE/releases/20260920-ttie-t062a-zr/research_log/T062A/infer.py", line 56, in guard
    raise PermissionError('T062-A low-only read guard: '+str(p))
PermissionError: [Errno None] None: '/tmp/tmpmwoa_3__'

During handling of the above exception, another exception occurred:

Traceback (most recent call last):
  File "/home/wenchang/anaconda3/envs/python3.12-tk2-2.3/lib/python3.12/tempfile.py", line 909, in onexc
    _os.unlink(path)
IsADirectoryError: [Errno 21] Is a directory: '/tmp/tmpmwoa_3__'

During handling of the above exception, another exception occurred:

Traceback (most recent call last):
  File "/home/wenchang/anaconda3/envs/python3.12-tk2-2.3/lib/python3.12/shutil.py", line 674, in _rmtree_safe_fd
    topfd = os.open(name, os.O_RDONLY | os.O_NONBLOCK, dir_fd=dirfd)
            ^^^^^^^^^^^^^^^^^^^^^^^^^^^^^^^^^^^^^^^^^^^^^^^^^^^^^^^^
  File "/home/wenchang/asdasdsad/wjq/TTIE/releases/20260920-ttie-t062a-zr/research_log/T062A/infer.py", line 56, in guard
    raise PermissionError('T062-A low-only read guard: '+str(p))
PermissionError: [Errno None] None: '/tmp/tmpmwoa_3__'

During handling of the above exception, another exception occurred:

Traceback (most recent call last):
  File "/home/wenchang/anaconda3/envs/python3.12-tk2-2.3/lib/python3.12/tempfile.py", line 909, in onexc
    _os.unlink(path)
IsADirectoryError: [Errno 21] Is a directory: '/tmp/tmpmwoa_3__'

During handling of the above exception, another exception occurred:

Traceback (most recent call last):
  File "/home/wenchang/anaconda3/envs/python3.12-tk2-2.3/lib/python3.12/shutil.py", line 674, in _rmtree_safe_fd
    topfd = os.open(name, os.O_RDONLY | os.O_NONBLOCK, dir_fd=dirfd)
            ^^^^^^^^^^^^^^^^^^^^^^^^^^^^^^^^^^^^^^^^^^^^^^^^^^^^^^^^
  File "/home/wenchang/asdasdsad/wjq/TTIE/releases/20260920-ttie-t062a-zr/research_log/T062A/infer.py", line 56, in guard
    raise PermissionError('T062-A low-only read guard: '+str(p))
PermissionError: [Errno None] None: '/tmp/tmpmwoa_3__'

During handling of the above exception, another exception occurred:

Traceback (most recent call last):
  File "/home/wenchang/anaconda3/envs/python3.12-tk2-2.3/lib/python3.12/tempfile.py", line 909, in onexc
    _os.unlink(path)
IsADirectoryError: [Errno 21] Is a directory: '/tmp/tmpmwoa_3__'

During handling of the above exception, another exception occurred:

Traceback (most recent call last):
  File "/home/wenchang/anaconda3/envs/python3.12-tk2-2.3/lib/python3.12/shutil.py", line 674, in _rmtree_safe_fd
    topfd = os.open(name, os.O_RDONLY | os.O_NONBLOCK, dir_fd=dirfd)
            ^^^^^^^^^^^^^^^^^^^^^^^^^^^^^^^^^^^^^^^^^^^^^^^^^^^^^^^^
  File "/home/wenchang/asdasdsad/wjq/TTIE/releases/20260920-ttie-t062a-zr/research_log/T062A/infer.py", line 56, in guard
    raise PermissionError('T062-A low-only read guard: '+str(p))
PermissionError: [Errno None] None: '/tmp/tmpmwoa_3__'

During handling of the above exception, another exception occurred:

Traceback (most recent call last):
  File "/home/wenchang/anaconda3/envs/python3.12-tk2-2.3/lib/python3.12/tempfile.py", line 909, in onexc
    _os.unlink(path)
IsADirectoryError: [Errno 21] Is a directory: '/tmp/tmpmwoa_3__'

During handling of the above exception, another exception occurred:

Traceback (most recent call last):
  File "/home/wenchang/anaconda3/envs/python3.12-tk2-2.3/lib/python3.12/shutil.py", line 674, in _rmtree_safe_fd
    topfd = os.open(name, os.O_RDONLY | os.O_NONBLOCK, dir_fd=dirfd)
            ^^^^^^^^^^^^^^^^^^^^^^^^^^^^^^^^^^^^^^^^^^^^^^^^^^^^^^^^
  File "/home/wenchang/asdasdsad/wjq/TTIE/releases/20260920-ttie-t062a-zr/research_log/T062A/infer.py", line 56, in guard
    raise PermissionError('T062-A low-only read guard: '+str(p))
PermissionError: [Errno None] None: '/tmp/tmpmwoa_3__'

During handling of the above exception, another exception occurred:

Traceback (most recent call last):
  File "/home/wenchang/anaconda3/envs/python3.12-tk2-2.3/lib/python3.12/tempfile.py", line 909, in onexc
    _os.unlink(path)
IsADirectoryError: [Errno 21] Is a directory: '/tmp/tmpmwoa_3__'

During handling of the above exception, another exception occurred:

Traceback (most recent call last):
  File "/home/wenchang/anaconda3/envs/python3.12-tk2-2.3/lib/python3.12/shutil.py", line 674, in _rmtree_safe_fd
    topfd = os.open(name, os.O_RDONLY | os.O_NONBLOCK, dir_fd=dirfd)
            ^^^^^^^^^^^^^^^^^^^^^^^^^^^^^^^^^^^^^^^^^^^^^^^^^^^^^^^^
  File "/home/wenchang/asdasdsad/wjq/TTIE/releases/20260920-ttie-t062a-zr/research_log/T062A/infer.py", line 56, in guard
    raise PermissionError('T062-A low-only read guard: '+str(p))
PermissionError: [Errno None] None: '/tmp/tmpmwoa_3__'

During handling of the above exception, another exception occurred:

Traceback (most recent call last):
  File "/home/wenchang/anaconda3/envs/python3.12-tk2-2.3/lib/python3.12/tempfile.py", line 909, in onexc
    _os.unlink(path)
IsADirectoryError: [Errno 21] Is a directory: '/tmp/tmpmwoa_3__'

During handling of the above exception, another exception occurred:

Traceback (most recent call last):
  File "/home/wenchang/anaconda3/envs/python3.12-tk2-2.3/lib/python3.12/shutil.py", line 674, in _rmtree_safe_fd
    topfd = os.open(name, os.O_RDONLY | os.O_NONBLOCK, dir_fd=dirfd)
            ^^^^^^^^^^^^^^^^^^^^^^^^^^^^^^^^^^^^^^^^^^^^^^^^^^^^^^^^
  File "/home/wenchang/asdasdsad/wjq/TTIE/releases/20260920-ttie-t062a-zr/research_log/T062A/infer.py", line 56, in guard
    raise PermissionError('T062-A low-only read guard: '+str(p))
PermissionError: [Errno None] None: '/tmp/tmpmwoa_3__'

During handling of the above exception, another exception occurred:

Traceback (most recent call last):
  File "/home/wenchang/anaconda3/envs/python3.12-tk2-2.3/lib/python3.12/tempfile.py", line 909, in onexc
    _os.unlink(path)
IsADirectoryError: [Errno 21] Is a directory: '/tmp/tmpmwoa_3__'

During handling of the above exception, another exception occurred:

Traceback (most recent call last):
  File "/home/wenchang/anaconda3/envs/python3.12-tk2-2.3/lib/python3.12/shutil.py", line 674, in _rmtree_safe_fd
    topfd = os.open(name, os.O_RDONLY | os.O_NONBLOCK, dir_fd=dirfd)
            ^^^^^^^^^^^^^^^^^^^^^^^^^^^^^^^^^^^^^^^^^^^^^^^^^^^^^^^^
  File "/home/wenchang/asdasdsad/wjq/TTIE/releases/20260920-ttie-t062a-zr/research_log/T062A/infer.py", line 56, in guard
    raise PermissionError('T062-A low-only read guard: '+str(p))
PermissionError: [Errno None] None: '/tmp/tmpmwoa_3__'

During handling of the above exception, another exception occurred:

Traceback (most recent call last):
  File "/home/wenchang/anaconda3/envs/python3.12-tk2-2.3/lib/python3.12/tempfile.py", line 909, in onexc
    _os.unlink(path)
IsADirectoryError: [Errno 21] Is a directory: '/tmp/tmpmwoa_3__'

During handling of the above exception, another exception occurred:

Traceback (most recent call last):
  File "/home/wenchang/anaconda3/envs/python3.12-tk2-2.3/lib/python3.12/shutil.py", line 674, in _rmtree_safe_fd
    topfd = os.open(name, os.O_RDONLY | os.O_NONBLOCK, dir_fd=dirfd)
            ^^^^^^^^^^^^^^^^^^^^^^^^^^^^^^^^^^^^^^^^^^^^^^^^^^^^^^^^
  File "/home/wenchang/asdasdsad/wjq/TTIE/releases/20260920-ttie-t062a-zr/research_log/T062A/infer.py", line 56, in guard
    raise PermissionError('T062-A low-only read guard: '+str(p))
PermissionError: [Errno None] None: '/tmp/tmpmwoa_3__'

During handling of the above exception, another exception occurred:

Traceback (most recent call last):
  File "/home/wenchang/anaconda3/envs/python3.12-tk2-2.3/lib/python3.12/tempfile.py", line 909, in onexc
    _os.unlink(path)
IsADirectoryError: [Errno 21] Is a directory: '/tmp/tmpmwoa_3__'

During handling of the above exception, another exception occurred:

Traceback (most recent call last):
  File "/home/wenchang/anaconda3/envs/python3.12-tk2-2.3/lib/python3.12/shutil.py", line 674, in _rmtree_safe_fd
    topfd = os.open(name, os.O_RDONLY | os.O_NONBLOCK, dir_fd=dirfd)
            ^^^^^^^^^^^^^^^^^^^^^^^^^^^^^^^^^^^^^^^^^^^^^^^^^^^^^^^^
  File "/home/wenchang/asdasdsad/wjq/TTIE/releases/20260920-ttie-t062a-zr/research_log/T062A/infer.py", line 56, in guard
    raise PermissionError('T062-A low-only read guard: '+str(p))
PermissionError: [Errno None] None: '/tmp/tmpmwoa_3__'

During handling of the above exception, another exception occurred:

Traceback (most recent call last):
  File "/home/wenchang/anaconda3/envs/python3.12-tk2-2.3/lib/python3.12/tempfile.py", line 909, in onexc
    _os.unlink(path)
IsADirectoryError: [Errno 21] Is a directory: '/tmp/tmpmwoa_3__'

During handling of the above exception, another exception occurred:

Traceback (most recent call last):
  File "/home/wenchang/anaconda3/envs/python3.12-tk2-2.3/lib/python3.12/shutil.py", line 674, in _rmtree_safe_fd
    topfd = os.open(name, os.O_RDONLY | os.O_NONBLOCK, dir_fd=dirfd)
            ^^^^^^^^^^^^^^^^^^^^^^^^^^^^^^^^^^^^^^^^^^^^^^^^^^^^^^^^
  File "/home/wenchang/asdasdsad/wjq/TTIE/releases/20260920-ttie-t062a-zr/research_log/T062A/infer.py", line 56, in guard
    raise PermissionError('T062-A low-only read guard: '+str(p))
PermissionError: [Errno None] None: '/tmp/tmpmwoa_3__'

During handling of the above exception, another exception occurred:

Traceback (most recent call last):
  File "/home/wenchang/anaconda3/envs/python3.12-tk2-2.3/lib/python3.12/tempfile.py", line 909, in onexc
    _os.unlink(path)
IsADirectoryError: [Errno 21] Is a directory: '/tmp/tmpmwoa_3__'

During handling of the above exception, another exception occurred:

Traceback (most recent call last):
  File "/home/wenchang/anaconda3/envs/python3.12-tk2-2.3/lib/python3.12/shutil.py", line 674, in _rmtree_safe_fd
    topfd = os.open(name, os.O_RDONLY | os.O_NONBLOCK, dir_fd=dirfd)
            ^^^^^^^^^^^^^^^^^^^^^^^^^^^^^^^^^^^^^^^^^^^^^^^^^^^^^^^^
  File "/home/wenchang/asdasdsad/wjq/TTIE/releases/20260920-ttie-t062a-zr/research_log/T062A/infer.py", line 56, in guard
    raise PermissionError('T062-A low-only read guard: '+str(p))
PermissionError: [Errno None] None: '/tmp/tmpmwoa_3__'

During handling of the above exception, another exception occurred:

Traceback (most recent call last):
  File "/home/wenchang/anaconda3/envs/python3.12-tk2-2.3/lib/python3.12/tempfile.py", line 909, in onexc
    _os.unlink(path)
IsADirectoryError: [Errno 21] Is a directory: '/tmp/tmpmwoa_3__'

During handling of the above exception, another exception occurred:

Traceback (most recent call last):
  File "/home/wenchang/anaconda3/envs/python3.12-tk2-2.3/lib/python3.12/shutil.py", line 674, in _rmtree_safe_fd
    topfd = os.open(name, os.O_RDONLY | os.O_NONBLOCK, dir_fd=dirfd)
            ^^^^^^^^^^^^^^^^^^^^^^^^^^^^^^^^^^^^^^^^^^^^^^^^^^^^^^^^
  File "/home/wenchang/asdasdsad/wjq/TTIE/releases/20260920-ttie-t062a-zr/research_log/T062A/infer.py", line 56, in guard
    raise PermissionError('T062-A low-only read guard: '+str(p))
PermissionError: [Errno None] None: '/tmp/tmpmwoa_3__'

During handling of the above exception, another exception occurred:

Traceback (most recent call last):
  File "/home/wenchang/anaconda3/envs/python3.12-tk2-2.3/lib/python3.12/tempfile.py", line 909, in onexc
    _os.unlink(path)
IsADirectoryError: [Errno 21] Is a directory: '/tmp/tmpmwoa_3__'

During handling of the above exception, another exception occurred:

Traceback (most recent call last):
  File "/home/wenchang/anaconda3/envs/python3.12-tk2-2.3/lib/python3.12/shutil.py", line 674, in _rmtree_safe_fd
    topfd = os.open(name, os.O_RDONLY | os.O_NONBLOCK, dir_fd=dirfd)
            ^^^^^^^^^^^^^^^^^^^^^^^^^^^^^^^^^^^^^^^^^^^^^^^^^^^^^^^^
  File "/home/wenchang/asdasdsad/wjq/TTIE/releases/20260920-ttie-t062a-zr/research_log/T062A/infer.py", line 56, in guard
    raise PermissionError('T062-A low-only read guard: '+str(p))
PermissionError: [Errno None] None: '/tmp/tmpmwoa_3__'

During handling of the above exception, another exception occurred:

Traceback (most recent call last):
  File "/home/wenchang/anaconda3/envs/python3.12-tk2-2.3/lib/python3.12/tempfile.py", line 909, in onexc
    _os.unlink(path)
IsADirectoryError: [Errno 21] Is a directory: '/tmp/tmpmwoa_3__'

During handling of the above exception, another exception occurred:

Traceback (most recent call last):
  File "/home/wenchang/anaconda3/envs/python3.12-tk2-2.3/lib/python3.12/shutil.py", line 674, in _rmtree_safe_fd
    topfd = os.open(name, os.O_RDONLY | os.O_NONBLOCK, dir_fd=dirfd)
            ^^^^^^^^^^^^^^^^^^^^^^^^^^^^^^^^^^^^^^^^^^^^^^^^^^^^^^^^
  File "/home/wenchang/asdasdsad/wjq/TTIE/releases/20260920-ttie-t062a-zr/research_log/T062A/infer.py", line 56, in guard
    raise PermissionError('T062-A low-only read guard: '+str(p))
PermissionError: [Errno None] None: '/tmp/tmpmwoa_3__'

During handling of the above exception, another exception occurred:

Traceback (most recent call last):
  File "/home/wenchang/anaconda3/envs/python3.12-tk2-2.3/lib/python3.12/tempfile.py", line 909, in onexc
    _os.unlink(path)
IsADirectoryError: [Errno 21] Is a directory: '/tmp/tmpmwoa_3__'

During handling of the above exception, another exception occurred:

Traceback (most recent call last):
  File "/home/wenchang/anaconda3/envs/python3.12-tk2-2.3/lib/python3.12/shutil.py", line 674, in _rmtree_safe_fd
    topfd = os.open(name, os.O_RDONLY | os.O_NONBLOCK, dir_fd=dirfd)
            ^^^^^^^^^^^^^^^^^^^^^^^^^^^^^^^^^^^^^^^^^^^^^^^^^^^^^^^^
  File "/home/wenchang/asdasdsad/wjq/TTIE/releases/20260920-ttie-t062a-zr/research_log/T062A/infer.py", line 56, in guard
    raise PermissionError('T062-A low-only read guard: '+str(p))
PermissionError: [Errno None] None: '/tmp/tmpmwoa_3__'

During handling of the above exception, another exception occurred:

Traceback (most recent call last):
  File "/home/wenchang/anaconda3/envs/python3.12-tk2-2.3/lib/python3.12/tempfile.py", line 909, in onexc
    _os.unlink(path)
IsADirectoryError: [Errno 21] Is a directory: '/tmp/tmpmwoa_3__'

During handling of the above exception, another exception occurred:

Traceback (most recent call last):
  File "/home/wenchang/anaconda3/envs/python3.12-tk2-2.3/lib/python3.12/shutil.py", line 674, in _rmtree_safe_fd
    topfd = os.open(name, os.O_RDONLY | os.O_NONBLOCK, dir_fd=dirfd)
            ^^^^^^^^^^^^^^^^^^^^^^^^^^^^^^^^^^^^^^^^^^^^^^^^^^^^^^^^
  File "/home/wenchang/asdasdsad/wjq/TTIE/releases/20260920-ttie-t062a-zr/research_log/T062A/infer.py", line 56, in guard
    raise PermissionError('T062-A low-only read guard: '+str(p))
PermissionError: [Errno None] None: '/tmp/tmpmwoa_3__'

During handling of the above exception, another exception occurred:

Traceback (most recent call last):
  File "/home/wenchang/anaconda3/envs/python3.12-tk2-2.3/lib/python3.12/tempfile.py", line 909, in onexc
    _os.unlink(path)
IsADirectoryError: [Errno 21] Is a directory: '/tmp/tmpmwoa_3__'

During handling of the above exception, another exception occurred:

Traceback (most recent call last):
  File "/home/wenchang/anaconda3/envs/python3.12-tk2-2.3/lib/python3.12/shutil.py", line 674, in _rmtree_safe_fd
    topfd = os.open(name, os.O_RDONLY | os.O_NONBLOCK, dir_fd=dirfd)
            ^^^^^^^^^^^^^^^^^^^^^^^^^^^^^^^^^^^^^^^^^^^^^^^^^^^^^^^^
  File "/home/wenchang/asdasdsad/wjq/TTIE/releases/20260920-ttie-t062a-zr/research_log/T062A/infer.py", line 56, in guard
    raise PermissionError('T062-A low-only read guard: '+str(p))
PermissionError: [Errno None] None: '/tmp/tmpmwoa_3__'

During handling of the above exception, another exception occurred:

Traceback (most recent call last):
  File "/home/wenchang/anaconda3/envs/python3.12-tk2-2.3/lib/python3.12/tempfile.py", line 909, in onexc
    _os.unlink(path)
IsADirectoryError: [Errno 21] Is a directory: '/tmp/tmpmwoa_3__'

During handling of the above exception, another exception occurred:

Traceback (most recent call last):
  File "/home/wenchang/anaconda3/envs/python3.12-tk2-2.3/lib/python3.12/shutil.py", line 674, in _rmtree_safe_fd
    topfd = os.open(name, os.O_RDONLY | os.O_NONBLOCK, dir_fd=dirfd)
            ^^^^^^^^^^^^^^^^^^^^^^^^^^^^^^^^^^^^^^^^^^^^^^^^^^^^^^^^
  File "/home/wenchang/asdasdsad/wjq/TTIE/releases/20260920-ttie-t062a-zr/research_log/T062A/infer.py", line 56, in guard
    raise PermissionError('T062-A low-only read guard: '+str(p))
PermissionError: [Errno None] None: '/tmp/tmpmwoa_3__'

During handling of the above exception, another exception occurred:

Traceback (most recent call last):
  File "/home/wenchang/anaconda3/envs/python3.12-tk2-2.3/lib/python3.12/tempfile.py", line 909, in onexc
    _os.unlink(path)
IsADirectoryError: [Errno 21] Is a directory: '/tmp/tmpmwoa_3__'

During handling of the above exception, another exception occurred:

Traceback (most recent call last):
  File "/home/wenchang/anaconda3/envs/python3.12-tk2-2.3/lib/python3.12/shutil.py", line 674, in _rmtree_safe_fd
    topfd = os.open(name, os.O_RDONLY | os.O_NONBLOCK, dir_fd=dirfd)
            ^^^^^^^^^^^^^^^^^^^^^^^^^^^^^^^^^^^^^^^^^^^^^^^^^^^^^^^^
  File "/home/wenchang/asdasdsad/wjq/TTIE/releases/20260920-ttie-t062a-zr/research_log/T062A/infer.py", line 56, in guard
    raise PermissionError('T062-A low-only read guard: '+str(p))
PermissionError: [Errno None] None: '/tmp/tmpmwoa_3__'

During handling of the above exception, another exception occurred:

Traceback (most recent call last):
  File "/home/wenchang/anaconda3/envs/python3.12-tk2-2.3/lib/python3.12/tempfile.py", line 909, in onexc
    _os.unlink(path)
IsADirectoryError: [Errno 21] Is a directory: '/tmp/tmpmwoa_3__'

During handling of the above exception, another exception occurred:

Traceback (most recent call last):
  File "/home/wenchang/anaconda3/envs/python3.12-tk2-2.3/lib/python3.12/shutil.py", line 674, in _rmtree_safe_fd
    topfd = os.open(name, os.O_RDONLY | os.O_NONBLOCK, dir_fd=dirfd)
            ^^^^^^^^^^^^^^^^^^^^^^^^^^^^^^^^^^^^^^^^^^^^^^^^^^^^^^^^
  File "/home/wenchang/asdasdsad/wjq/TTIE/releases/20260920-ttie-t062a-zr/research_log/T062A/infer.py", line 56, in guard
    raise PermissionError('T062-A low-only read guard: '+str(p))
PermissionError: [Errno None] None: '/tmp/tmpmwoa_3__'

During handling of the above exception, another exception occurred:

Traceback (most recent call last):
  File "/home/wenchang/anaconda3/envs/python3.12-tk2-2.3/lib/python3.12/tempfile.py", line 909, in onexc
    _os.unlink(path)
IsADirectoryError: [Errno 21] Is a directory: '/tmp/tmpmwoa_3__'

During handling of the above exception, another exception occurred:

Traceback (most recent call last):
  File "/home/wenchang/anaconda3/envs/python3.12-tk2-2.3/lib/python3.12/shutil.py", line 674, in _rmtree_safe_fd
    topfd = os.open(name, os.O_RDONLY | os.O_NONBLOCK, dir_fd=dirfd)
            ^^^^^^^^^^^^^^^^^^^^^^^^^^^^^^^^^^^^^^^^^^^^^^^^^^^^^^^^
  File "/home/wenchang/asdasdsad/wjq/TTIE/releases/20260920-ttie-t062a-zr/research_log/T062A/infer.py", line 56, in guard
    raise PermissionError('T062-A low-only read guard: '+str(p))
PermissionError: [Errno None] None: '/tmp/tmpmwoa_3__'

During handling of the above exception, another exception occurred:

Traceback (most recent call last):
  File "/home/wenchang/anaconda3/envs/python3.12-tk2-2.3/lib/python3.12/tempfile.py", line 909, in onexc
    _os.unlink(path)
IsADirectoryError: [Errno 21] Is a directory: '/tmp/tmpmwoa_3__'

During handling of the above exception, another exception occurred:

Traceback (most recent call last):
  File "/home/wenchang/anaconda3/envs/python3.12-tk2-2.3/lib/python3.12/shutil.py", line 674, in _rmtree_safe_fd
    topfd = os.open(name, os.O_RDONLY | os.O_NONBLOCK, dir_fd=dirfd)
            ^^^^^^^^^^^^^^^^^^^^^^^^^^^^^^^^^^^^^^^^^^^^^^^^^^^^^^^^
  File "/home/wenchang/asdasdsad/wjq/TTIE/releases/20260920-ttie-t062a-zr/research_log/T062A/infer.py", line 56, in guard
    raise PermissionError('T062-A low-only read guard: '+str(p))
PermissionError: [Errno None] None: '/tmp/tmpmwoa_3__'

During handling of the above exception, another exception occurred:

Traceback (most recent call last):
  File "/home/wenchang/anaconda3/envs/python3.12-tk2-2.3/lib/python3.12/tempfile.py", line 909, in onexc
    _os.unlink(path)
IsADirectoryError: [Errno 21] Is a directory: '/tmp/tmpmwoa_3__'

During handling of the above exception, another exception occurred:

Traceback (most recent call last):
  File "/home/wenchang/anaconda3/envs/python3.12-tk2-2.3/lib/python3.12/shutil.py", line 674, in _rmtree_safe_fd
    topfd = os.open(name, os.O_RDONLY | os.O_NONBLOCK, dir_fd=dirfd)
            ^^^^^^^^^^^^^^^^^^^^^^^^^^^^^^^^^^^^^^^^^^^^^^^^^^^^^^^^
  File "/home/wenchang/asdasdsad/wjq/TTIE/releases/20260920-ttie-t062a-zr/research_log/T062A/infer.py", line 56, in guard
    raise PermissionError('T062-A low-only read guard: '+str(p))
PermissionError: [Errno None] None: '/tmp/tmpmwoa_3__'

During handling of the above exception, another exception occurred:

Traceback (most recent call last):
  File "/home/wenchang/anaconda3/envs/python3.12-tk2-2.3/lib/python3.12/tempfile.py", line 909, in onexc
    _os.unlink(path)
IsADirectoryError: [Errno 21] Is a directory: '/tmp/tmpmwoa_3__'

During handling of the above exception, another exception occurred:

Traceback (most recent call last):
  File "/home/wenchang/anaconda3/envs/python3.12-tk2-2.3/lib/python3.12/shutil.py", line 674, in _rmtree_safe_fd
    topfd = os.open(name, os.O_RDONLY | os.O_NONBLOCK, dir_fd=dirfd)
            ^^^^^^^^^^^^^^^^^^^^^^^^^^^^^^^^^^^^^^^^^^^^^^^^^^^^^^^^
  File "/home/wenchang/asdasdsad/wjq/TTIE/releases/20260920-ttie-t062a-zr/research_log/T062A/infer.py", line 56, in guard
    raise PermissionError('T062-A low-only read guard: '+str(p))
PermissionError: [Errno None] None: '/tmp/tmpmwoa_3__'

During handling of the above exception, another exception occurred:

Traceback (most recent call last):
  File "/home/wenchang/anaconda3/envs/python3.12-tk2-2.3/lib/python3.12/tempfile.py", line 909, in onexc
    _os.unlink(path)
IsADirectoryError: [Errno 21] Is a directory: '/tmp/tmpmwoa_3__'

During handling of the above exception, another exception occurred:

Traceback (most recent call last):
  File "/home/wenchang/anaconda3/envs/python3.12-tk2-2.3/lib/python3.12/shutil.py", line 674, in _rmtree_safe_fd
    topfd = os.open(name, os.O_RDONLY | os.O_NONBLOCK, dir_fd=dirfd)
            ^^^^^^^^^^^^^^^^^^^^^^^^^^^^^^^^^^^^^^^^^^^^^^^^^^^^^^^^
  File "/home/wenchang/asdasdsad/wjq/TTIE/releases/20260920-ttie-t062a-zr/research_log/T062A/infer.py", line 56, in guard
    raise PermissionError('T062-A low-only read guard: '+str(p))
PermissionError: [Errno None] None: '/tmp/tmpmwoa_3__'

During handling of the above exception, another exception occurred:

Traceback (most recent call last):
  File "/home/wenchang/anaconda3/envs/python3.12-tk2-2.3/lib/python3.12/tempfile.py", line 909, in onexc
    _os.unlink(path)
IsADirectoryError: [Errno 21] Is a directory: '/tmp/tmpmwoa_3__'

During handling of the above exception, another exception occurred:

Traceback (most recent call last):
  File "/home/wenchang/anaconda3/envs/python3.12-tk2-2.3/lib/python3.12/shutil.py", line 674, in _rmtree_safe_fd
    topfd = os.open(name, os.O_RDONLY | os.O_NONBLOCK, dir_fd=dirfd)
            ^^^^^^^^^^^^^^^^^^^^^^^^^^^^^^^^^^^^^^^^^^^^^^^^^^^^^^^^
  File "/home/wenchang/asdasdsad/wjq/TTIE/releases/20260920-ttie-t062a-zr/research_log/T062A/infer.py", line 56, in guard
    raise PermissionError('T062-A low-only read guard: '+str(p))
PermissionError: [Errno None] None: '/tmp/tmpmwoa_3__'

During handling of the above exception, another exception occurred:

Traceback (most recent call last):
  File "/home/wenchang/anaconda3/envs/python3.12-tk2-2.3/lib/python3.12/tempfile.py", line 909, in onexc
    _os.unlink(path)
IsADirectoryError: [Errno 21] Is a directory: '/tmp/tmpmwoa_3__'

During handling of the above exception, another exception occurred:

Traceback (most recent call last):
  File "/home/wenchang/anaconda3/envs/python3.12-tk2-2.3/lib/python3.12/shutil.py", line 674, in _rmtree_safe_fd
    topfd = os.open(name, os.O_RDONLY | os.O_NONBLOCK, dir_fd=dirfd)
            ^^^^^^^^^^^^^^^^^^^^^^^^^^^^^^^^^^^^^^^^^^^^^^^^^^^^^^^^
  File "/home/wenchang/asdasdsad/wjq/TTIE/releases/20260920-ttie-t062a-zr/research_log/T062A/infer.py", line 56, in guard
    raise PermissionError('T062-A low-only read guard: '+str(p))
PermissionError: [Errno None] None: '/tmp/tmpmwoa_3__'

During handling of the above exception, another exception occurred:

Traceback (most recent call last):
  File "/home/wenchang/anaconda3/envs/python3.12-tk2-2.3/lib/python3.12/tempfile.py", line 909, in onexc
    _os.unlink(path)
IsADirectoryError: [Errno 21] Is a directory: '/tmp/tmpmwoa_3__'

During handling of the above exception, another exception occurred:

Traceback (most recent call last):
  File "/home/wenchang/anaconda3/envs/python3.12-tk2-2.3/lib/python3.12/shutil.py", line 674, in _rmtree_safe_fd
    topfd = os.open(name, os.O_RDONLY | os.O_NONBLOCK, dir_fd=dirfd)
            ^^^^^^^^^^^^^^^^^^^^^^^^^^^^^^^^^^^^^^^^^^^^^^^^^^^^^^^^
  File "/home/wenchang/asdasdsad/wjq/TTIE/releases/20260920-ttie-t062a-zr/research_log/T062A/infer.py", line 56, in guard
    raise PermissionError('T062-A low-only read guard: '+str(p))
PermissionError: [Errno None] None: '/tmp/tmpmwoa_3__'

During handling of the above exception, another exception occurred:

Traceback (most recent call last):
  File "/home/wenchang/anaconda3/envs/python3.12-tk2-2.3/lib/python3.12/tempfile.py", line 909, in onexc
    _os.unlink(path)
IsADirectoryError: [Errno 21] Is a directory: '/tmp/tmpmwoa_3__'

During handling of the above exception, another exception occurred:

Traceback (most recent call last):
  File "/home/wenchang/anaconda3/envs/python3.12-tk2-2.3/lib/python3.12/shutil.py", line 674, in _rmtree_safe_fd
    topfd = os.open(name, os.O_RDONLY | os.O_NONBLOCK, dir_fd=dirfd)
            ^^^^^^^^^^^^^^^^^^^^^^^^^^^^^^^^^^^^^^^^^^^^^^^^^^^^^^^^
  File "/home/wenchang/asdasdsad/wjq/TTIE/releases/20260920-ttie-t062a-zr/research_log/T062A/infer.py", line 56, in guard
    raise PermissionError('T062-A low-only read guard: '+str(p))
PermissionError: [Errno None] None: '/tmp/tmpmwoa_3__'

During handling of the above exception, another exception occurred:

Traceback (most recent call last):
  File "/home/wenchang/anaconda3/envs/python3.12-tk2-2.3/lib/python3.12/tempfile.py", line 909, in onexc
    _os.unlink(path)
IsADirectoryError: [Errno 21] Is a directory: '/tmp/tmpmwoa_3__'

During handling of the above exception, another exception occurred:

Traceback (most recent call last):
  File "/home/wenchang/anaconda3/envs/python3.12-tk2-2.3/lib/python3.12/shutil.py", line 674, in _rmtree_safe_fd
    topfd = os.open(name, os.O_RDONLY | os.O_NONBLOCK, dir_fd=dirfd)
            ^^^^^^^^^^^^^^^^^^^^^^^^^^^^^^^^^^^^^^^^^^^^^^^^^^^^^^^^
  File "/home/wenchang/asdasdsad/wjq/TTIE/releases/20260920-ttie-t062a-zr/research_log/T062A/infer.py", line 56, in guard
    raise PermissionError('T062-A low-only read guard: '+str(p))
PermissionError: [Errno None] None: '/tmp/tmpmwoa_3__'

During handling of the above exception, another exception occurred:

Traceback (most recent call last):
  File "/home/wenchang/anaconda3/envs/python3.12-tk2-2.3/lib/python3.12/tempfile.py", line 909, in onexc
    _os.unlink(path)
IsADirectoryError: [Errno 21] Is a directory: '/tmp/tmpmwoa_3__'

During handling of the above exception, another exception occurred:

Traceback (most recent call last):
  File "/home/wenchang/anaconda3/envs/python3.12-tk2-2.3/lib/python3.12/shutil.py", line 674, in _rmtree_safe_fd
    topfd = os.open(name, os.O_RDONLY | os.O_NONBLOCK, dir_fd=dirfd)
            ^^^^^^^^^^^^^^^^^^^^^^^^^^^^^^^^^^^^^^^^^^^^^^^^^^^^^^^^
  File "/home/wenchang/asdasdsad/wjq/TTIE/releases/20260920-ttie-t062a-zr/research_log/T062A/infer.py", line 56, in guard
    raise PermissionError('T062-A low-only read guard: '+str(p))
PermissionError: [Errno None] None: '/tmp/tmpmwoa_3__'

During handling of the above exception, another exception occurred:

Traceback (most recent call last):
  File "/home/wenchang/anaconda3/envs/python3.12-tk2-2.3/lib/python3.12/tempfile.py", line 909, in onexc
    _os.unlink(path)
IsADirectoryError: [Errno 21] Is a directory: '/tmp/tmpmwoa_3__'

During handling of the above exception, another exception occurred:

Traceback (most recent call last):
  File "/home/wenchang/anaconda3/envs/python3.12-tk2-2.3/lib/python3.12/shutil.py", line 674, in _rmtree_safe_fd
    topfd = os.open(name, os.O_RDONLY | os.O_NONBLOCK, dir_fd=dirfd)
            ^^^^^^^^^^^^^^^^^^^^^^^^^^^^^^^^^^^^^^^^^^^^^^^^^^^^^^^^
  File "/home/wenchang/asdasdsad/wjq/TTIE/releases/20260920-ttie-t062a-zr/research_log/T062A/infer.py", line 56, in guard
    raise PermissionError('T062-A low-only read guard: '+str(p))
PermissionError: [Errno None] None: '/tmp/tmpmwoa_3__'

During handling of the above exception, another exception occurred:

Traceback (most recent call last):
  File "/home/wenchang/anaconda3/envs/python3.12-tk2-2.3/lib/python3.12/tempfile.py", line 909, in onexc
    _os.unlink(path)
IsADirectoryError: [Errno 21] Is a directory: '/tmp/tmpmwoa_3__'

During handling of the above exception, another exception occurred:

Traceback (most recent call last):
  File "/home/wenchang/anaconda3/envs/python3.12-tk2-2.3/lib/python3.12/shutil.py", line 674, in _rmtree_safe_fd
    topfd = os.open(name, os.O_RDONLY | os.O_NONBLOCK, dir_fd=dirfd)
            ^^^^^^^^^^^^^^^^^^^^^^^^^^^^^^^^^^^^^^^^^^^^^^^^^^^^^^^^
  File "/home/wenchang/asdasdsad/wjq/TTIE/releases/20260920-ttie-t062a-zr/research_log/T062A/infer.py", line 56, in guard
    raise PermissionError('T062-A low-only read guard: '+str(p))
PermissionError: [Errno None] None: '/tmp/tmpmwoa_3__'

During handling of the above exception, another exception occurred:

Traceback (most recent call last):
  File "/home/wenchang/anaconda3/envs/python3.12-tk2-2.3/lib/python3.12/tempfile.py", line 909, in onexc
    _os.unlink(path)
IsADirectoryError: [Errno 21] Is a directory: '/tmp/tmpmwoa_3__'

During handling of the above exception, another exception occurred:

Traceback (most recent call last):
  File "/home/wenchang/anaconda3/envs/python3.12-tk2-2.3/lib/python3.12/shutil.py", line 674, in _rmtree_safe_fd
    topfd = os.open(name, os.O_RDONLY | os.O_NONBLOCK, dir_fd=dirfd)
            ^^^^^^^^^^^^^^^^^^^^^^^^^^^^^^^^^^^^^^^^^^^^^^^^^^^^^^^^
  File "/home/wenchang/asdasdsad/wjq/TTIE/releases/20260920-ttie-t062a-zr/research_log/T062A/infer.py", line 56, in guard
    raise PermissionError('T062-A low-only read guard: '+str(p))
PermissionError: [Errno None] None: '/tmp/tmpmwoa_3__'

During handling of the above exception, another exception occurred:

Traceback (most recent call last):
  File "/home/wenchang/anaconda3/envs/python3.12-tk2-2.3/lib/python3.12/tempfile.py", line 909, in onexc
    _os.unlink(path)
IsADirectoryError: [Errno 21] Is a directory: '/tmp/tmpmwoa_3__'

During handling of the above exception, another exception occurred:

Traceback (most recent call last):
  File "/home/wenchang/anaconda3/envs/python3.12-tk2-2.3/lib/python3.12/shutil.py", line 674, in _rmtree_safe_fd
    topfd = os.open(name, os.O_RDONLY | os.O_NONBLOCK, dir_fd=dirfd)
            ^^^^^^^^^^^^^^^^^^^^^^^^^^^^^^^^^^^^^^^^^^^^^^^^^^^^^^^^
  File "/home/wenchang/asdasdsad/wjq/TTIE/releases/20260920-ttie-t062a-zr/research_log/T062A/infer.py", line 56, in guard
    raise PermissionError('T062-A low-only read guard: '+str(p))
PermissionError: [Errno None] None: '/tmp/tmpmwoa_3__'

During handling of the above exception, another exception occurred:

Traceback (most recent call last):
  File "/home/wenchang/anaconda3/envs/python3.12-tk2-2.3/lib/python3.12/tempfile.py", line 909, in onexc
    _os.unlink(path)
IsADirectoryError: [Errno 21] Is a directory: '/tmp/tmpmwoa_3__'

During handling of the above exception, another exception occurred:

Traceback (most recent call last):
  File "/home/wenchang/anaconda3/envs/python3.12-tk2-2.3/lib/python3.12/shutil.py", line 674, in _rmtree_safe_fd
    topfd = os.open(name, os.O_RDONLY | os.O_NONBLOCK, dir_fd=dirfd)
            ^^^^^^^^^^^^^^^^^^^^^^^^^^^^^^^^^^^^^^^^^^^^^^^^^^^^^^^^
  File "/home/wenchang/asdasdsad/wjq/TTIE/releases/20260920-ttie-t062a-zr/research_log/T062A/infer.py", line 56, in guard
    raise PermissionError('T062-A low-only read guard: '+str(p))
PermissionError: [Errno None] None: '/tmp/tmpmwoa_3__'

During handling of the above exception, another exception occurred:

Traceback (most recent call last):
  File "/home/wenchang/anaconda3/envs/python3.12-tk2-2.3/lib/python3.12/tempfile.py", line 909, in onexc
    _os.unlink(path)
IsADirectoryError: [Errno 21] Is a directory: '/tmp/tmpmwoa_3__'

During handling of the above exception, another exception occurred:

Traceback (most recent call last):
  File "/home/wenchang/anaconda3/envs/python3.12-tk2-2.3/lib/python3.12/shutil.py", line 674, in _rmtree_safe_fd
    topfd = os.open(name, os.O_RDONLY | os.O_NONBLOCK, dir_fd=dirfd)
            ^^^^^^^^^^^^^^^^^^^^^^^^^^^^^^^^^^^^^^^^^^^^^^^^^^^^^^^^
  File "/home/wenchang/asdasdsad/wjq/TTIE/releases/20260920-ttie-t062a-zr/research_log/T062A/infer.py", line 56, in guard
    raise PermissionError('T062-A low-only read guard: '+str(p))
PermissionError: [Errno None] None: '/tmp/tmpmwoa_3__'

During handling of the above exception, another exception occurred:

Traceback (most recent call last):
  File "/home/wenchang/anaconda3/envs/python3.12-tk2-2.3/lib/python3.12/tempfile.py", line 909, in onexc
    _os.unlink(path)
IsADirectoryError: [Errno 21] Is a directory: '/tmp/tmpmwoa_3__'

During handling of the above exception, another exception occurred:

Traceback (most recent call last):
  File "/home/wenchang/anaconda3/envs/python3.12-tk2-2.3/lib/python3.12/shutil.py", line 674, in _rmtree_safe_fd
    topfd = os.open(name, os.O_RDONLY | os.O_NONBLOCK, dir_fd=dirfd)
            ^^^^^^^^^^^^^^^^^^^^^^^^^^^^^^^^^^^^^^^^^^^^^^^^^^^^^^^^
  File "/home/wenchang/asdasdsad/wjq/TTIE/releases/20260920-ttie-t062a-zr/research_log/T062A/infer.py", line 56, in guard
    raise PermissionError('T062-A low-only read guard: '+str(p))
PermissionError: [Errno None] None: '/tmp/tmpmwoa_3__'

During handling of the above exception, another exception occurred:

Traceback (most recent call last):
  File "/home/wenchang/anaconda3/envs/python3.12-tk2-2.3/lib/python3.12/tempfile.py", line 909, in onexc
    _os.unlink(path)
IsADirectoryError: [Errno 21] Is a directory: '/tmp/tmpmwoa_3__'

During handling of the above exception, another exception occurred:

Traceback (most recent call last):
  File "/home/wenchang/anaconda3/envs/python3.12-tk2-2.3/lib/python3.12/shutil.py", line 674, in _rmtree_safe_fd
    topfd = os.open(name, os.O_RDONLY | os.O_NONBLOCK, dir_fd=dirfd)
            ^^^^^^^^^^^^^^^^^^^^^^^^^^^^^^^^^^^^^^^^^^^^^^^^^^^^^^^^
  File "/home/wenchang/asdasdsad/wjq/TTIE/releases/20260920-ttie-t062a-zr/research_log/T062A/infer.py", line 56, in guard
    raise PermissionError('T062-A low-only read guard: '+str(p))
PermissionError: [Errno None] None: '/tmp/tmpmwoa_3__'

During handling of the above exception, another exception occurred:

Traceback (most recent call last):
  File "/home/wenchang/anaconda3/envs/python3.12-tk2-2.3/lib/python3.12/tempfile.py", line 909, in onexc
    _os.unlink(path)
IsADirectoryError: [Errno 21] Is a directory: '/tmp/tmpmwoa_3__'

During handling of the above exception, another exception occurred:

Traceback (most recent call last):
  File "/home/wenchang/anaconda3/envs/python3.12-tk2-2.3/lib/python3.12/shutil.py", line 674, in _rmtree_safe_fd
    topfd = os.open(name, os.O_RDONLY | os.O_NONBLOCK, dir_fd=dirfd)
            ^^^^^^^^^^^^^^^^^^^^^^^^^^^^^^^^^^^^^^^^^^^^^^^^^^^^^^^^
  File "/home/wenchang/asdasdsad/wjq/TTIE/releases/20260920-ttie-t062a-zr/research_log/T062A/infer.py", line 56, in guard
    raise PermissionError('T062-A low-only read guard: '+str(p))
PermissionError: [Errno None] None: '/tmp/tmpmwoa_3__'

During handling of the above exception, another exception occurred:

Traceback (most recent call last):
  File "/home/wenchang/anaconda3/envs/python3.12-tk2-2.3/lib/python3.12/tempfile.py", line 909, in onexc
    _os.unlink(path)
IsADirectoryError: [Errno 21] Is a directory: '/tmp/tmpmwoa_3__'

During handling of the above exception, another exception occurred:

Traceback (most recent call last):
  File "/home/wenchang/anaconda3/envs/python3.12-tk2-2.3/lib/python3.12/shutil.py", line 674, in _rmtree_safe_fd
    topfd = os.open(name, os.O_RDONLY | os.O_NONBLOCK, dir_fd=dirfd)
            ^^^^^^^^^^^^^^^^^^^^^^^^^^^^^^^^^^^^^^^^^^^^^^^^^^^^^^^^
  File "/home/wenchang/asdasdsad/wjq/TTIE/releases/20260920-ttie-t062a-zr/research_log/T062A/infer.py", line 56, in guard
    raise PermissionError('T062-A low-only read guard: '+str(p))
PermissionError: [Errno None] None: '/tmp/tmpmwoa_3__'

During handling of the above exception, another exception occurred:

Traceback (most recent call last):
  File "/home/wenchang/anaconda3/envs/python3.12-tk2-2.3/lib/python3.12/tempfile.py", line 909, in onexc
    _os.unlink(path)
IsADirectoryError: [Errno 21] Is a directory: '/tmp/tmpmwoa_3__'

During handling of the above exception, another exception occurred:

Traceback (most recent call last):
  File "/home/wenchang/anaconda3/envs/python3.12-tk2-2.3/lib/python3.12/shutil.py", line 674, in _rmtree_safe_fd
    topfd = os.open(name, os.O_RDONLY | os.O_NONBLOCK, dir_fd=dirfd)
            ^^^^^^^^^^^^^^^^^^^^^^^^^^^^^^^^^^^^^^^^^^^^^^^^^^^^^^^^
  File "/home/wenchang/asdasdsad/wjq/TTIE/releases/20260920-ttie-t062a-zr/research_log/T062A/infer.py", line 56, in guard
    raise PermissionError('T062-A low-only read guard: '+str(p))
PermissionError: [Errno None] None: '/tmp/tmpmwoa_3__'

During handling of the above exception, another exception occurred:

Traceback (most recent call last):
  File "/home/wenchang/anaconda3/envs/python3.12-tk2-2.3/lib/python3.12/tempfile.py", line 909, in onexc
    _os.unlink(path)
IsADirectoryError: [Errno 21] Is a directory: '/tmp/tmpmwoa_3__'

During handling of the above exception, another exception occurred:

Traceback (most recent call last):
  File "/home/wenchang/anaconda3/envs/python3.12-tk2-2.3/lib/python3.12/shutil.py", line 674, in _rmtree_safe_fd
    topfd = os.open(name, os.O_RDONLY | os.O_NONBLOCK, dir_fd=dirfd)
            ^^^^^^^^^^^^^^^^^^^^^^^^^^^^^^^^^^^^^^^^^^^^^^^^^^^^^^^^
  File "/home/wenchang/asdasdsad/wjq/TTIE/releases/20260920-ttie-t062a-zr/research_log/T062A/infer.py", line 56, in guard
    raise PermissionError('T062-A low-only read guard: '+str(p))
PermissionError: [Errno None] None: '/tmp/tmpmwoa_3__'

During handling of the above exception, another exception occurred:

Traceback (most recent call last):
  File "/home/wenchang/anaconda3/envs/python3.12-tk2-2.3/lib/python3.12/tempfile.py", line 909, in onexc
    _os.unlink(path)
IsADirectoryError: [Errno 21] Is a directory: '/tmp/tmpmwoa_3__'

During handling of the above exception, another exception occurred:

Traceback (most recent call last):
  File "/home/wenchang/anaconda3/envs/python3.12-tk2-2.3/lib/python3.12/shutil.py", line 674, in _rmtree_safe_fd
    topfd = os.open(name, os.O_RDONLY | os.O_NONBLOCK, dir_fd=dirfd)
            ^^^^^^^^^^^^^^^^^^^^^^^^^^^^^^^^^^^^^^^^^^^^^^^^^^^^^^^^
  File "/home/wenchang/asdasdsad/wjq/TTIE/releases/20260920-ttie-t062a-zr/research_log/T062A/infer.py", line 56, in guard
    raise PermissionError('T062-A low-only read guard: '+str(p))
PermissionError: [Errno None] None: '/tmp/tmpmwoa_3__'

During handling of the above exception, another exception occurred:

Traceback (most recent call last):
  File "/home/wenchang/anaconda3/envs/python3.12-tk2-2.3/lib/python3.12/tempfile.py", line 909, in onexc
    _os.unlink(path)
IsADirectoryError: [Errno 21] Is a directory: '/tmp/tmpmwoa_3__'

During handling of the above exception, another exception occurred:

Traceback (most recent call last):
  File "/home/wenchang/anaconda3/envs/python3.12-tk2-2.3/lib/python3.12/shutil.py", line 674, in _rmtree_safe_fd
    topfd = os.open(name, os.O_RDONLY | os.O_NONBLOCK, dir_fd=dirfd)
            ^^^^^^^^^^^^^^^^^^^^^^^^^^^^^^^^^^^^^^^^^^^^^^^^^^^^^^^^
  File "/home/wenchang/asdasdsad/wjq/TTIE/releases/20260920-ttie-t062a-zr/research_log/T062A/infer.py", line 56, in guard
    raise PermissionError('T062-A low-only read guard: '+str(p))
PermissionError: [Errno None] None: '/tmp/tmpmwoa_3__'

During handling of the above exception, another exception occurred:

Traceback (most recent call last):
  File "/home/wenchang/anaconda3/envs/python3.12-tk2-2.3/lib/python3.12/tempfile.py", line 909, in onexc
    _os.unlink(path)
IsADirectoryError: [Errno 21] Is a directory: '/tmp/tmpmwoa_3__'

During handling of the above exception, another exception occurred:

Traceback (most recent call last):
  File "/home/wenchang/anaconda3/envs/python3.12-tk2-2.3/lib/python3.12/shutil.py", line 674, in _rmtree_safe_fd
    topfd = os.open(name, os.O_RDONLY | os.O_NONBLOCK, dir_fd=dirfd)
            ^^^^^^^^^^^^^^^^^^^^^^^^^^^^^^^^^^^^^^^^^^^^^^^^^^^^^^^^
  File "/home/wenchang/asdasdsad/wjq/TTIE/releases/20260920-ttie-t062a-zr/research_log/T062A/infer.py", line 56, in guard
    raise PermissionError('T062-A low-only read guard: '+str(p))
PermissionError: [Errno None] None: '/tmp/tmpmwoa_3__'

During handling of the above exception, another exception occurred:

Traceback (most recent call last):
  File "/home/wenchang/anaconda3/envs/python3.12-tk2-2.3/lib/python3.12/tempfile.py", line 909, in onexc
    _os.unlink(path)
IsADirectoryError: [Errno 21] Is a directory: '/tmp/tmpmwoa_3__'

During handling of the above exception, another exception occurred:

Traceback (most recent call last):
  File "/home/wenchang/anaconda3/envs/python3.12-tk2-2.3/lib/python3.12/shutil.py", line 674, in _rmtree_safe_fd
    topfd = os.open(name, os.O_RDONLY | os.O_NONBLOCK, dir_fd=dirfd)
            ^^^^^^^^^^^^^^^^^^^^^^^^^^^^^^^^^^^^^^^^^^^^^^^^^^^^^^^^
  File "/home/wenchang/asdasdsad/wjq/TTIE/releases/20260920-ttie-t062a-zr/research_log/T062A/infer.py", line 56, in guard
    raise PermissionError('T062-A low-only read guard: '+str(p))
PermissionError: [Errno None] None: '/tmp/tmpmwoa_3__'

During handling of the above exception, another exception occurred:

Traceback (most recent call last):
  File "/home/wenchang/anaconda3/envs/python3.12-tk2-2.3/lib/python3.12/tempfile.py", line 909, in onexc
    _os.unlink(path)
IsADirectoryError: [Errno 21] Is a directory: '/tmp/tmpmwoa_3__'

During handling of the above exception, another exception occurred:

Traceback (most recent call last):
  File "/home/wenchang/anaconda3/envs/python3.12-tk2-2.3/lib/python3.12/shutil.py", line 674, in _rmtree_safe_fd
    topfd = os.open(name, os.O_RDONLY | os.O_NONBLOCK, dir_fd=dirfd)
            ^^^^^^^^^^^^^^^^^^^^^^^^^^^^^^^^^^^^^^^^^^^^^^^^^^^^^^^^
  File "/home/wenchang/asdasdsad/wjq/TTIE/releases/20260920-ttie-t062a-zr/research_log/T062A/infer.py", line 56, in guard
    raise PermissionError('T062-A low-only read guard: '+str(p))
PermissionError: [Errno None] None: '/tmp/tmpmwoa_3__'

During handling of the above exception, another exception occurred:

Traceback (most recent call last):
  File "/home/wenchang/anaconda3/envs/python3.12-tk2-2.3/lib/python3.12/tempfile.py", line 909, in onexc
    _os.unlink(path)
IsADirectoryError: [Errno 21] Is a directory: '/tmp/tmpmwoa_3__'

During handling of the above exception, another exception occurred:

Traceback (most recent call last):
  File "/home/wenchang/anaconda3/envs/python3.12-tk2-2.3/lib/python3.12/shutil.py", line 674, in _rmtree_safe_fd
    topfd = os.open(name, os.O_RDONLY | os.O_NONBLOCK, dir_fd=dirfd)
            ^^^^^^^^^^^^^^^^^^^^^^^^^^^^^^^^^^^^^^^^^^^^^^^^^^^^^^^^
  File "/home/wenchang/asdasdsad/wjq/TTIE/releases/20260920-ttie-t062a-zr/research_log/T062A/infer.py", line 56, in guard
    raise PermissionError('T062-A low-only read guard: '+str(p))
PermissionError: [Errno None] None: '/tmp/tmpmwoa_3__'

During handling of the above exception, another exception occurred:

Traceback (most recent call last):
  File "/home/wenchang/anaconda3/envs/python3.12-tk2-2.3/lib/python3.12/tempfile.py", line 909, in onexc
    _os.unlink(path)
IsADirectoryError: [Errno 21] Is a directory: '/tmp/tmpmwoa_3__'

During handling of the above exception, another exception occurred:

Traceback (most recent call last):
  File "/home/wenchang/anaconda3/envs/python3.12-tk2-2.3/lib/python3.12/shutil.py", line 674, in _rmtree_safe_fd
    topfd = os.open(name, os.O_RDONLY | os.O_NONBLOCK, dir_fd=dirfd)
            ^^^^^^^^^^^^^^^^^^^^^^^^^^^^^^^^^^^^^^^^^^^^^^^^^^^^^^^^
  File "/home/wenchang/asdasdsad/wjq/TTIE/releases/20260920-ttie-t062a-zr/research_log/T062A/infer.py", line 56, in guard
    raise PermissionError('T062-A low-only read guard: '+str(p))
PermissionError: [Errno None] None: '/tmp/tmpmwoa_3__'

During handling of the above exception, another exception occurred:

Traceback (most recent call last):
  File "/home/wenchang/anaconda3/envs/python3.12-tk2-2.3/lib/python3.12/tempfile.py", line 909, in onexc
    _os.unlink(path)
IsADirectoryError: [Errno 21] Is a directory: '/tmp/tmpmwoa_3__'

During handling of the above exception, another exception occurred:

Traceback (most recent call last):
  File "/home/wenchang/anaconda3/envs/python3.12-tk2-2.3/lib/python3.12/shutil.py", line 674, in _rmtree_safe_fd
    topfd = os.open(name, os.O_RDONLY | os.O_NONBLOCK, dir_fd=dirfd)
            ^^^^^^^^^^^^^^^^^^^^^^^^^^^^^^^^^^^^^^^^^^^^^^^^^^^^^^^^
  File "/home/wenchang/asdasdsad/wjq/TTIE/releases/20260920-ttie-t062a-zr/research_log/T062A/infer.py", line 56, in guard
    raise PermissionError('T062-A low-only read guard: '+str(p))
PermissionError: [Errno None] None: '/tmp/tmpmwoa_3__'

During handling of the above exception, another exception occurred:

Traceback (most recent call last):
  File "/home/wenchang/anaconda3/envs/python3.12-tk2-2.3/lib/python3.12/tempfile.py", line 909, in onexc
    _os.unlink(path)
IsADirectoryError: [Errno 21] Is a directory: '/tmp/tmpmwoa_3__'

During handling of the above exception, another exception occurred:

Traceback (most recent call last):
  File "/home/wenchang/anaconda3/envs/python3.12-tk2-2.3/lib/python3.12/shutil.py", line 674, in _rmtree_safe_fd
    topfd = os.open(name, os.O_RDONLY | os.O_NONBLOCK, dir_fd=dirfd)
            ^^^^^^^^^^^^^^^^^^^^^^^^^^^^^^^^^^^^^^^^^^^^^^^^^^^^^^^^
  File "/home/wenchang/asdasdsad/wjq/TTIE/releases/20260920-ttie-t062a-zr/research_log/T062A/infer.py", line 56, in guard
    raise PermissionError('T062-A low-only read guard: '+str(p))
PermissionError: [Errno None] None: '/tmp/tmpmwoa_3__'

During handling of the above exception, another exception occurred:

Traceback (most recent call last):
  File "/home/wenchang/anaconda3/envs/python3.12-tk2-2.3/lib/python3.12/tempfile.py", line 909, in onexc
    _os.unlink(path)
IsADirectoryError: [Errno 21] Is a directory: '/tmp/tmpmwoa_3__'

During handling of the above exception, another exception occurred:

Traceback (most recent call last):
  File "/home/wenchang/anaconda3/envs/python3.12-tk2-2.3/lib/python3.12/shutil.py", line 674, in _rmtree_safe_fd
    topfd = os.open(name, os.O_RDONLY | os.O_NONBLOCK, dir_fd=dirfd)
            ^^^^^^^^^^^^^^^^^^^^^^^^^^^^^^^^^^^^^^^^^^^^^^^^^^^^^^^^
  File "/home/wenchang/asdasdsad/wjq/TTIE/releases/20260920-ttie-t062a-zr/research_log/T062A/infer.py", line 56, in guard
    raise PermissionError('T062-A low-only read guard: '+str(p))
PermissionError: [Errno None] None: '/tmp/tmpmwoa_3__'

During handling of the above exception, another exception occurred:

Traceback (most recent call last):
  File "/home/wenchang/anaconda3/envs/python3.12-tk2-2.3/lib/python3.12/tempfile.py", line 909, in onexc
    _os.unlink(path)
IsADirectoryError: [Errno 21] Is a directory: '/tmp/tmpmwoa_3__'

During handling of the above exception, another exception occurred:

Traceback (most recent call last):
  File "/home/wenchang/anaconda3/envs/python3.12-tk2-2.3/lib/python3.12/shutil.py", line 674, in _rmtree_safe_fd
    topfd = os.open(name, os.O_RDONLY | os.O_NONBLOCK, dir_fd=dirfd)
            ^^^^^^^^^^^^^^^^^^^^^^^^^^^^^^^^^^^^^^^^^^^^^^^^^^^^^^^^
  File "/home/wenchang/asdasdsad/wjq/TTIE/releases/20260920-ttie-t062a-zr/research_log/T062A/infer.py", line 56, in guard
    raise PermissionError('T062-A low-only read guard: '+str(p))
PermissionError: [Errno None] None: '/tmp/tmpmwoa_3__'

During handling of the above exception, another exception occurred:

Traceback (most recent call last):
  File "/home/wenchang/anaconda3/envs/python3.12-tk2-2.3/lib/python3.12/tempfile.py", line 909, in onexc
    _os.unlink(path)
IsADirectoryError: [Errno 21] Is a directory: '/tmp/tmpmwoa_3__'

During handling of the above exception, another exception occurred:

Traceback (most recent call last):
  File "/home/wenchang/anaconda3/envs/python3.12-tk2-2.3/lib/python3.12/shutil.py", line 674, in _rmtree_safe_fd
    topfd = os.open(name, os.O_RDONLY | os.O_NONBLOCK, dir_fd=dirfd)
            ^^^^^^^^^^^^^^^^^^^^^^^^^^^^^^^^^^^^^^^^^^^^^^^^^^^^^^^^
  File "/home/wenchang/asdasdsad/wjq/TTIE/releases/20260920-ttie-t062a-zr/research_log/T062A/infer.py", line 56, in guard
    raise PermissionError('T062-A low-only read guard: '+str(p))
PermissionError: [Errno None] None: '/tmp/tmpmwoa_3__'

During handling of the above exception, another exception occurred:

Traceback (most recent call last):
  File "/home/wenchang/anaconda3/envs/python3.12-tk2-2.3/lib/python3.12/tempfile.py", line 909, in onexc
    _os.unlink(path)
IsADirectoryError: [Errno 21] Is a directory: '/tmp/tmpmwoa_3__'

During handling of the above exception, another exception occurred:

Traceback (most recent call last):
  File "/home/wenchang/anaconda3/envs/python3.12-tk2-2.3/lib/python3.12/shutil.py", line 674, in _rmtree_safe_fd
    topfd = os.open(name, os.O_RDONLY | os.O_NONBLOCK, dir_fd=dirfd)
            ^^^^^^^^^^^^^^^^^^^^^^^^^^^^^^^^^^^^^^^^^^^^^^^^^^^^^^^^
  File "/home/wenchang/asdasdsad/wjq/TTIE/releases/20260920-ttie-t062a-zr/research_log/T062A/infer.py", line 56, in guard
    raise PermissionError('T062-A low-only read guard: '+str(p))
PermissionError: [Errno None] None: '/tmp/tmpmwoa_3__'

During handling of the above exception, another exception occurred:

Traceback (most recent call last):
  File "/home/wenchang/anaconda3/envs/python3.12-tk2-2.3/lib/python3.12/tempfile.py", line 909, in onexc
    _os.unlink(path)
IsADirectoryError: [Errno 21] Is a directory: '/tmp/tmpmwoa_3__'

During handling of the above exception, another exception occurred:

Traceback (most recent call last):
  File "/home/wenchang/anaconda3/envs/python3.12-tk2-2.3/lib/python3.12/shutil.py", line 674, in _rmtree_safe_fd
    topfd = os.open(name, os.O_RDONLY | os.O_NONBLOCK, dir_fd=dirfd)
            ^^^^^^^^^^^^^^^^^^^^^^^^^^^^^^^^^^^^^^^^^^^^^^^^^^^^^^^^
  File "/home/wenchang/asdasdsad/wjq/TTIE/releases/20260920-ttie-t062a-zr/research_log/T062A/infer.py", line 56, in guard
    raise PermissionError('T062-A low-only read guard: '+str(p))
PermissionError: [Errno None] None: '/tmp/tmpmwoa_3__'

During handling of the above exception, another exception occurred:

Traceback (most recent call last):
  File "/home/wenchang/anaconda3/envs/python3.12-tk2-2.3/lib/python3.12/tempfile.py", line 909, in onexc
    _os.unlink(path)
IsADirectoryError: [Errno 21] Is a directory: '/tmp/tmpmwoa_3__'

During handling of the above exception, another exception occurred:

Traceback (most recent call last):
  File "/home/wenchang/anaconda3/envs/python3.12-tk2-2.3/lib/python3.12/shutil.py", line 674, in _rmtree_safe_fd
    topfd = os.open(name, os.O_RDONLY | os.O_NONBLOCK, dir_fd=dirfd)
            ^^^^^^^^^^^^^^^^^^^^^^^^^^^^^^^^^^^^^^^^^^^^^^^^^^^^^^^^
  File "/home/wenchang/asdasdsad/wjq/TTIE/releases/20260920-ttie-t062a-zr/research_log/T062A/infer.py", line 56, in guard
    raise PermissionError('T062-A low-only read guard: '+str(p))
PermissionError: [Errno None] None: '/tmp/tmpmwoa_3__'

During handling of the above exception, another exception occurred:

Traceback (most recent call last):
  File "/home/wenchang/anaconda3/envs/python3.12-tk2-2.3/lib/python3.12/tempfile.py", line 909, in onexc
    _os.unlink(path)
IsADirectoryError: [Errno 21] Is a directory: '/tmp/tmpmwoa_3__'

During handling of the above exception, another exception occurred:

Traceback (most recent call last):
  File "/home/wenchang/anaconda3/envs/python3.12-tk2-2.3/lib/python3.12/shutil.py", line 674, in _rmtree_safe_fd
    topfd = os.open(name, os.O_RDONLY | os.O_NONBLOCK, dir_fd=dirfd)
            ^^^^^^^^^^^^^^^^^^^^^^^^^^^^^^^^^^^^^^^^^^^^^^^^^^^^^^^^
  File "/home/wenchang/asdasdsad/wjq/TTIE/releases/20260920-ttie-t062a-zr/research_log/T062A/infer.py", line 56, in guard
    raise PermissionError('T062-A low-only read guard: '+str(p))
PermissionError: [Errno None] None: '/tmp/tmpmwoa_3__'

During handling of the above exception, another exception occurred:

Traceback (most recent call last):
  File "/home/wenchang/anaconda3/envs/python3.12-tk2-2.3/lib/python3.12/tempfile.py", line 909, in onexc
    _os.unlink(path)
IsADirectoryError: [Errno 21] Is a directory: '/tmp/tmpmwoa_3__'

During handling of the above exception, another exception occurred:

Traceback (most recent call last):
  File "/home/wenchang/anaconda3/envs/python3.12-tk2-2.3/lib/python3.12/shutil.py", line 674, in _rmtree_safe_fd
    topfd = os.open(name, os.O_RDONLY | os.O_NONBLOCK, dir_fd=dirfd)
            ^^^^^^^^^^^^^^^^^^^^^^^^^^^^^^^^^^^^^^^^^^^^^^^^^^^^^^^^
  File "/home/wenchang/asdasdsad/wjq/TTIE/releases/20260920-ttie-t062a-zr/research_log/T062A/infer.py", line 56, in guard
    raise PermissionError('T062-A low-only read guard: '+str(p))
PermissionError: [Errno None] None: '/tmp/tmpmwoa_3__'

During handling of the above exception, another exception occurred:

Traceback (most recent call last):
  File "/home/wenchang/anaconda3/envs/python3.12-tk2-2.3/lib/python3.12/tempfile.py", line 909, in onexc
    _os.unlink(path)
IsADirectoryError: [Errno 21] Is a directory: '/tmp/tmpmwoa_3__'

During handling of the above exception, another exception occurred:

Traceback (most recent call last):
  File "/home/wenchang/anaconda3/envs/python3.12-tk2-2.3/lib/python3.12/shutil.py", line 674, in _rmtree_safe_fd
    topfd = os.open(name, os.O_RDONLY | os.O_NONBLOCK, dir_fd=dirfd)
            ^^^^^^^^^^^^^^^^^^^^^^^^^^^^^^^^^^^^^^^^^^^^^^^^^^^^^^^^
  File "/home/wenchang/asdasdsad/wjq/TTIE/releases/20260920-ttie-t062a-zr/research_log/T062A/infer.py", line 56, in guard
    raise PermissionError('T062-A low-only read guard: '+str(p))
PermissionError: [Errno None] None: '/tmp/tmpmwoa_3__'

During handling of the above exception, another exception occurred:

Traceback (most recent call last):
  File "/home/wenchang/anaconda3/envs/python3.12-tk2-2.3/lib/python3.12/tempfile.py", line 909, in onexc
    _os.unlink(path)
IsADirectoryError: [Errno 21] Is a directory: '/tmp/tmpmwoa_3__'

During handling of the above exception, another exception occurred:

Traceback (most recent call last):
  File "/home/wenchang/anaconda3/envs/python3.12-tk2-2.3/lib/python3.12/shutil.py", line 674, in _rmtree_safe_fd
    topfd = os.open(name, os.O_RDONLY | os.O_NONBLOCK, dir_fd=dirfd)
            ^^^^^^^^^^^^^^^^^^^^^^^^^^^^^^^^^^^^^^^^^^^^^^^^^^^^^^^^
  File "/home/wenchang/asdasdsad/wjq/TTIE/releases/20260920-ttie-t062a-zr/research_log/T062A/infer.py", line 56, in guard
    raise PermissionError('T062-A low-only read guard: '+str(p))
PermissionError: [Errno None] None: '/tmp/tmpmwoa_3__'

During handling of the above exception, another exception occurred:

Traceback (most recent call last):
  File "/home/wenchang/anaconda3/envs/python3.12-tk2-2.3/lib/python3.12/tempfile.py", line 909, in onexc
    _os.unlink(path)
IsADirectoryError: [Errno 21] Is a directory: '/tmp/tmpmwoa_3__'

During handling of the above exception, another exception occurred:

Traceback (most recent call last):
  File "/home/wenchang/anaconda3/envs/python3.12-tk2-2.3/lib/python3.12/shutil.py", line 674, in _rmtree_safe_fd
    topfd = os.open(name, os.O_RDONLY | os.O_NONBLOCK, dir_fd=dirfd)
            ^^^^^^^^^^^^^^^^^^^^^^^^^^^^^^^^^^^^^^^^^^^^^^^^^^^^^^^^
  File "/home/wenchang/asdasdsad/wjq/TTIE/releases/20260920-ttie-t062a-zr/research_log/T062A/infer.py", line 56, in guard
    raise PermissionError('T062-A low-only read guard: '+str(p))
PermissionError: [Errno None] None: '/tmp/tmpmwoa_3__'

During handling of the above exception, another exception occurred:

Traceback (most recent call last):
  File "/home/wenchang/anaconda3/envs/python3.12-tk2-2.3/lib/python3.12/tempfile.py", line 909, in onexc
    _os.unlink(path)
IsADirectoryError: [Errno 21] Is a directory: '/tmp/tmpmwoa_3__'

During handling of the above exception, another exception occurred:

Traceback (most recent call last):
  File "/home/wenchang/anaconda3/envs/python3.12-tk2-2.3/lib/python3.12/shutil.py", line 674, in _rmtree_safe_fd
    topfd = os.open(name, os.O_RDONLY | os.O_NONBLOCK, dir_fd=dirfd)
            ^^^^^^^^^^^^^^^^^^^^^^^^^^^^^^^^^^^^^^^^^^^^^^^^^^^^^^^^
  File "/home/wenchang/asdasdsad/wjq/TTIE/releases/20260920-ttie-t062a-zr/research_log/T062A/infer.py", line 56, in guard
    raise PermissionError('T062-A low-only read guard: '+str(p))
PermissionError: [Errno None] None: '/tmp/tmpmwoa_3__'

During handling of the above exception, another exception occurred:

Traceback (most recent call last):
  File "/home/wenchang/anaconda3/envs/python3.12-tk2-2.3/lib/python3.12/tempfile.py", line 909, in onexc
    _os.unlink(path)
IsADirectoryError: [Errno 21] Is a directory: '/tmp/tmpmwoa_3__'

During handling of the above exception, another exception occurred:

Traceback (most recent call last):
  File "/home/wenchang/anaconda3/envs/python3.12-tk2-2.3/lib/python3.12/shutil.py", line 674, in _rmtree_safe_fd
    topfd = os.open(name, os.O_RDONLY | os.O_NONBLOCK, dir_fd=dirfd)
            ^^^^^^^^^^^^^^^^^^^^^^^^^^^^^^^^^^^^^^^^^^^^^^^^^^^^^^^^
  File "/home/wenchang/asdasdsad/wjq/TTIE/releases/20260920-ttie-t062a-zr/research_log/T062A/infer.py", line 56, in guard
    raise PermissionError('T062-A low-only read guard: '+str(p))
PermissionError: [Errno None] None: '/tmp/tmpmwoa_3__'

During handling of the above exception, another exception occurred:

Traceback (most recent call last):
  File "/home/wenchang/anaconda3/envs/python3.12-tk2-2.3/lib/python3.12/tempfile.py", line 909, in onexc
    _os.unlink(path)
IsADirectoryError: [Errno 21] Is a directory: '/tmp/tmpmwoa_3__'

During handling of the above exception, another exception occurred:

Traceback (most recent call last):
  File "/home/wenchang/anaconda3/envs/python3.12-tk2-2.3/lib/python3.12/shutil.py", line 674, in _rmtree_safe_fd
    topfd = os.open(name, os.O_RDONLY | os.O_NONBLOCK, dir_fd=dirfd)
            ^^^^^^^^^^^^^^^^^^^^^^^^^^^^^^^^^^^^^^^^^^^^^^^^^^^^^^^^
  File "/home/wenchang/asdasdsad/wjq/TTIE/releases/20260920-ttie-t062a-zr/research_log/T062A/infer.py", line 56, in guard
    raise PermissionError('T062-A low-only read guard: '+str(p))
PermissionError: [Errno None] None: '/tmp/tmpmwoa_3__'

During handling of the above exception, another exception occurred:

Traceback (most recent call last):
  File "/home/wenchang/anaconda3/envs/python3.12-tk2-2.3/lib/python3.12/tempfile.py", line 909, in onexc
    _os.unlink(path)
IsADirectoryError: [Errno 21] Is a directory: '/tmp/tmpmwoa_3__'

During handling of the above exception, another exception occurred:

Traceback (most recent call last):
  File "/home/wenchang/anaconda3/envs/python3.12-tk2-2.3/lib/python3.12/shutil.py", line 674, in _rmtree_safe_fd
    topfd = os.open(name, os.O_RDONLY | os.O_NONBLOCK, dir_fd=dirfd)
            ^^^^^^^^^^^^^^^^^^^^^^^^^^^^^^^^^^^^^^^^^^^^^^^^^^^^^^^^
  File "/home/wenchang/asdasdsad/wjq/TTIE/releases/20260920-ttie-t062a-zr/research_log/T062A/infer.py", line 56, in guard
    raise PermissionError('T062-A low-only read guard: '+str(p))
PermissionError: [Errno None] None: '/tmp/tmpmwoa_3__'

During handling of the above exception, another exception occurred:

Traceback (most recent call last):
  File "/home/wenchang/anaconda3/envs/python3.12-tk2-2.3/lib/python3.12/tempfile.py", line 909, in onexc
    _os.unlink(path)
IsADirectoryError: [Errno 21] Is a directory: '/tmp/tmpmwoa_3__'

During handling of the above exception, another exception occurred:

Traceback (most recent call last):
  File "/home/wenchang/anaconda3/envs/python3.12-tk2-2.3/lib/python3.12/shutil.py", line 674, in _rmtree_safe_fd
    topfd = os.open(name, os.O_RDONLY | os.O_NONBLOCK, dir_fd=dirfd)
            ^^^^^^^^^^^^^^^^^^^^^^^^^^^^^^^^^^^^^^^^^^^^^^^^^^^^^^^^
  File "/home/wenchang/asdasdsad/wjq/TTIE/releases/20260920-ttie-t062a-zr/research_log/T062A/infer.py", line 56, in guard
    raise PermissionError('T062-A low-only read guard: '+str(p))
PermissionError: [Errno None] None: '/tmp/tmpmwoa_3__'

During handling of the above exception, another exception occurred:

Traceback (most recent call last):
  File "/home/wenchang/anaconda3/envs/python3.12-tk2-2.3/lib/python3.12/tempfile.py", line 909, in onexc
    _os.unlink(path)
IsADirectoryError: [Errno 21] Is a directory: '/tmp/tmpmwoa_3__'

During handling of the above exception, another exception occurred:

Traceback (most recent call last):
  File "/home/wenchang/anaconda3/envs/python3.12-tk2-2.3/lib/python3.12/shutil.py", line 674, in _rmtree_safe_fd
    topfd = os.open(name, os.O_RDONLY | os.O_NONBLOCK, dir_fd=dirfd)
            ^^^^^^^^^^^^^^^^^^^^^^^^^^^^^^^^^^^^^^^^^^^^^^^^^^^^^^^^
  File "/home/wenchang/asdasdsad/wjq/TTIE/releases/20260920-ttie-t062a-zr/research_log/T062A/infer.py", line 56, in guard
    raise PermissionError('T062-A low-only read guard: '+str(p))
PermissionError: [Errno None] None: '/tmp/tmpmwoa_3__'

During handling of the above exception, another exception occurred:

Traceback (most recent call last):
  File "/home/wenchang/anaconda3/envs/python3.12-tk2-2.3/lib/python3.12/tempfile.py", line 909, in onexc
    _os.unlink(path)
IsADirectoryError: [Errno 21] Is a directory: '/tmp/tmpmwoa_3__'

During handling of the above exception, another exception occurred:

Traceback (most recent call last):
  File "/home/wenchang/anaconda3/envs/python3.12-tk2-2.3/lib/python3.12/shutil.py", line 674, in _rmtree_safe_fd
    topfd = os.open(name, os.O_RDONLY | os.O_NONBLOCK, dir_fd=dirfd)
            ^^^^^^^^^^^^^^^^^^^^^^^^^^^^^^^^^^^^^^^^^^^^^^^^^^^^^^^^
  File "/home/wenchang/asdasdsad/wjq/TTIE/releases/20260920-ttie-t062a-zr/research_log/T062A/infer.py", line 56, in guard
    raise PermissionError('T062-A low-only read guard: '+str(p))
PermissionError: [Errno None] None: '/tmp/tmpmwoa_3__'

During handling of the above exception, another exception occurred:

Traceback (most recent call last):
  File "/home/wenchang/anaconda3/envs/python3.12-tk2-2.3/lib/python3.12/tempfile.py", line 909, in onexc
    _os.unlink(path)
IsADirectoryError: [Errno 21] Is a directory: '/tmp/tmpmwoa_3__'

During handling of the above exception, another exception occurred:

Traceback (most recent call last):
  File "/home/wenchang/anaconda3/envs/python3.12-tk2-2.3/lib/python3.12/shutil.py", line 674, in _rmtree_safe_fd
    topfd = os.open(name, os.O_RDONLY | os.O_NONBLOCK, dir_fd=dirfd)
            ^^^^^^^^^^^^^^^^^^^^^^^^^^^^^^^^^^^^^^^^^^^^^^^^^^^^^^^^
  File "/home/wenchang/asdasdsad/wjq/TTIE/releases/20260920-ttie-t062a-zr/research_log/T062A/infer.py", line 56, in guard
    raise PermissionError('T062-A low-only read guard: '+str(p))
PermissionError: [Errno None] None: '/tmp/tmpmwoa_3__'

During handling of the above exception, another exception occurred:

Traceback (most recent call last):
  File "/home/wenchang/anaconda3/envs/python3.12-tk2-2.3/lib/python3.12/tempfile.py", line 909, in onexc
    _os.unlink(path)
IsADirectoryError: [Errno 21] Is a directory: '/tmp/tmpmwoa_3__'

During handling of the above exception, another exception occurred:

Traceback (most recent call last):
  File "/home/wenchang/anaconda3/envs/python3.12-tk2-2.3/lib/python3.12/shutil.py", line 674, in _rmtree_safe_fd
    topfd = os.open(name, os.O_RDONLY | os.O_NONBLOCK, dir_fd=dirfd)
            ^^^^^^^^^^^^^^^^^^^^^^^^^^^^^^^^^^^^^^^^^^^^^^^^^^^^^^^^
  File "/home/wenchang/asdasdsad/wjq/TTIE/releases/20260920-ttie-t062a-zr/research_log/T062A/infer.py", line 56, in guard
    raise PermissionError('T062-A low-only read guard: '+str(p))
PermissionError: [Errno None] None: '/tmp/tmpmwoa_3__'

During handling of the above exception, another exception occurred:

Traceback (most recent call last):
  File "/home/wenchang/anaconda3/envs/python3.12-tk2-2.3/lib/python3.12/tempfile.py", line 909, in onexc
    _os.unlink(path)
IsADirectoryError: [Errno 21] Is a directory: '/tmp/tmpmwoa_3__'

During handling of the above exception, another exception occurred:

Traceback (most recent call last):
  File "/home/wenchang/anaconda3/envs/python3.12-tk2-2.3/lib/python3.12/shutil.py", line 674, in _rmtree_safe_fd
    topfd = os.open(name, os.O_RDONLY | os.O_NONBLOCK, dir_fd=dirfd)
            ^^^^^^^^^^^^^^^^^^^^^^^^^^^^^^^^^^^^^^^^^^^^^^^^^^^^^^^^
  File "/home/wenchang/asdasdsad/wjq/TTIE/releases/20260920-ttie-t062a-zr/research_log/T062A/infer.py", line 56, in guard
    raise PermissionError('T062-A low-only read guard: '+str(p))
PermissionError: [Errno None] None: '/tmp/tmpmwoa_3__'

During handling of the above exception, another exception occurred:

Traceback (most recent call last):
  File "/home/wenchang/anaconda3/envs/python3.12-tk2-2.3/lib/python3.12/tempfile.py", line 909, in onexc
    _os.unlink(path)
IsADirectoryError: [Errno 21] Is a directory: '/tmp/tmpmwoa_3__'

During handling of the above exception, another exception occurred:

Traceback (most recent call last):
  File "/home/wenchang/anaconda3/envs/python3.12-tk2-2.3/lib/python3.12/shutil.py", line 674, in _rmtree_safe_fd
    topfd = os.open(name, os.O_RDONLY | os.O_NONBLOCK, dir_fd=dirfd)
            ^^^^^^^^^^^^^^^^^^^^^^^^^^^^^^^^^^^^^^^^^^^^^^^^^^^^^^^^
  File "/home/wenchang/asdasdsad/wjq/TTIE/releases/20260920-ttie-t062a-zr/research_log/T062A/infer.py", line 56, in guard
    raise PermissionError('T062-A low-only read guard: '+str(p))
PermissionError: [Errno None] None: '/tmp/tmpmwoa_3__'

During handling of the above exception, another exception occurred:

Traceback (most recent call last):
  File "/home/wenchang/anaconda3/envs/python3.12-tk2-2.3/lib/python3.12/tempfile.py", line 909, in onexc
    _os.unlink(path)
IsADirectoryError: [Errno 21] Is a directory: '/tmp/tmpmwoa_3__'

During handling of the above exception, another exception occurred:

Traceback (most recent call last):
  File "/home/wenchang/anaconda3/envs/python3.12-tk2-2.3/lib/python3.12/shutil.py", line 674, in _rmtree_safe_fd
    topfd = os.open(name, os.O_RDONLY | os.O_NONBLOCK, dir_fd=dirfd)
            ^^^^^^^^^^^^^^^^^^^^^^^^^^^^^^^^^^^^^^^^^^^^^^^^^^^^^^^^
  File "/home/wenchang/asdasdsad/wjq/TTIE/releases/20260920-ttie-t062a-zr/research_log/T062A/infer.py", line 56, in guard
    raise PermissionError('T062-A low-only read guard: '+str(p))
PermissionError: [Errno None] None: '/tmp/tmpmwoa_3__'

During handling of the above exception, another exception occurred:

Traceback (most recent call last):
  File "/home/wenchang/anaconda3/envs/python3.12-tk2-2.3/lib/python3.12/tempfile.py", line 909, in onexc
    _os.unlink(path)
IsADirectoryError: [Errno 21] Is a directory: '/tmp/tmpmwoa_3__'

During handling of the above exception, another exception occurred:

Traceback (most recent call last):
  File "/home/wenchang/anaconda3/envs/python3.12-tk2-2.3/lib/python3.12/shutil.py", line 674, in _rmtree_safe_fd
    topfd = os.open(name, os.O_RDONLY | os.O_NONBLOCK, dir_fd=dirfd)
            ^^^^^^^^^^^^^^^^^^^^^^^^^^^^^^^^^^^^^^^^^^^^^^^^^^^^^^^^
  File "/home/wenchang/asdasdsad/wjq/TTIE/releases/20260920-ttie-t062a-zr/research_log/T062A/infer.py", line 56, in guard
    raise PermissionError('T062-A low-only read guard: '+str(p))
PermissionError: [Errno None] None: '/tmp/tmpmwoa_3__'

During handling of the above exception, another exception occurred:

Traceback (most recent call last):
  File "/home/wenchang/anaconda3/envs/python3.12-tk2-2.3/lib/python3.12/tempfile.py", line 909, in onexc
    _os.unlink(path)
IsADirectoryError: [Errno 21] Is a directory: '/tmp/tmpmwoa_3__'

During handling of the above exception, another exception occurred:

Traceback (most recent call last):
  File "/home/wenchang/anaconda3/envs/python3.12-tk2-2.3/lib/python3.12/shutil.py", line 674, in _rmtree_safe_fd
    topfd = os.open(name, os.O_RDONLY | os.O_NONBLOCK, dir_fd=dirfd)
            ^^^^^^^^^^^^^^^^^^^^^^^^^^^^^^^^^^^^^^^^^^^^^^^^^^^^^^^^
  File "/home/wenchang/asdasdsad/wjq/TTIE/releases/20260920-ttie-t062a-zr/research_log/T062A/infer.py", line 56, in guard
    raise PermissionError('T062-A low-only read guard: '+str(p))
PermissionError: [Errno None] None: '/tmp/tmpmwoa_3__'

During handling of the above exception, another exception occurred:

Traceback (most recent call last):
  File "/home/wenchang/anaconda3/envs/python3.12-tk2-2.3/lib/python3.12/tempfile.py", line 909, in onexc
    _os.unlink(path)
IsADirectoryError: [Errno 21] Is a directory: '/tmp/tmpmwoa_3__'

During handling of the above exception, another exception occurred:

Traceback (most recent call last):
  File "/home/wenchang/anaconda3/envs/python3.12-tk2-2.3/lib/python3.12/shutil.py", line 674, in _rmtree_safe_fd
    topfd = os.open(name, os.O_RDONLY | os.O_NONBLOCK, dir_fd=dirfd)
            ^^^^^^^^^^^^^^^^^^^^^^^^^^^^^^^^^^^^^^^^^^^^^^^^^^^^^^^^
  File "/home/wenchang/asdasdsad/wjq/TTIE/releases/20260920-ttie-t062a-zr/research_log/T062A/infer.py", line 56, in guard
    raise PermissionError('T062-A low-only read guard: '+str(p))
PermissionError: [Errno None] None: '/tmp/tmpmwoa_3__'

During handling of the above exception, another exception occurred:

Traceback (most recent call last):
  File "/home/wenchang/anaconda3/envs/python3.12-tk2-2.3/lib/python3.12/tempfile.py", line 909, in onexc
    _os.unlink(path)
IsADirectoryError: [Errno 21] Is a directory: '/tmp/tmpmwoa_3__'

During handling of the above exception, another exception occurred:

Traceback (most recent call last):
  File "/home/wenchang/anaconda3/envs/python3.12-tk2-2.3/lib/python3.12/shutil.py", line 674, in _rmtree_safe_fd
    topfd = os.open(name, os.O_RDONLY | os.O_NONBLOCK, dir_fd=dirfd)
            ^^^^^^^^^^^^^^^^^^^^^^^^^^^^^^^^^^^^^^^^^^^^^^^^^^^^^^^^
  File "/home/wenchang/asdasdsad/wjq/TTIE/releases/20260920-ttie-t062a-zr/research_log/T062A/infer.py", line 56, in guard
    raise PermissionError('T062-A low-only read guard: '+str(p))
PermissionError: [Errno None] None: '/tmp/tmpmwoa_3__'

During handling of the above exception, another exception occurred:

Traceback (most recent call last):
  File "/home/wenchang/anaconda3/envs/python3.12-tk2-2.3/lib/python3.12/tempfile.py", line 909, in onexc
    _os.unlink(path)
IsADirectoryError: [Errno 21] Is a directory: '/tmp/tmpmwoa_3__'

During handling of the above exception, another exception occurred:

Traceback (most recent call last):
  File "/home/wenchang/anaconda3/envs/python3.12-tk2-2.3/lib/python3.12/shutil.py", line 674, in _rmtree_safe_fd
    topfd = os.open(name, os.O_RDONLY | os.O_NONBLOCK, dir_fd=dirfd)
            ^^^^^^^^^^^^^^^^^^^^^^^^^^^^^^^^^^^^^^^^^^^^^^^^^^^^^^^^
  File "/home/wenchang/asdasdsad/wjq/TTIE/releases/20260920-ttie-t062a-zr/research_log/T062A/infer.py", line 56, in guard
    raise PermissionError('T062-A low-only read guard: '+str(p))
PermissionError: [Errno None] None: '/tmp/tmpmwoa_3__'

During handling of the above exception, another exception occurred:

Traceback (most recent call last):
  File "/home/wenchang/anaconda3/envs/python3.12-tk2-2.3/lib/python3.12/tempfile.py", line 909, in onexc
    _os.unlink(path)
IsADirectoryError: [Errno 21] Is a directory: '/tmp/tmpmwoa_3__'

During handling of the above exception, another exception occurred:

Traceback (most recent call last):
  File "/home/wenchang/anaconda3/envs/python3.12-tk2-2.3/lib/python3.12/shutil.py", line 674, in _rmtree_safe_fd
    topfd = os.open(name, os.O_RDONLY | os.O_NONBLOCK, dir_fd=dirfd)
            ^^^^^^^^^^^^^^^^^^^^^^^^^^^^^^^^^^^^^^^^^^^^^^^^^^^^^^^^
  File "/home/wenchang/asdasdsad/wjq/TTIE/releases/20260920-ttie-t062a-zr/research_log/T062A/infer.py", line 56, in guard
    raise PermissionError('T062-A low-only read guard: '+str(p))
PermissionError: [Errno None] None: '/tmp/tmpmwoa_3__'

During handling of the above exception, another exception occurred:

Traceback (most recent call last):
  File "/home/wenchang/anaconda3/envs/python3.12-tk2-2.3/lib/python3.12/tempfile.py", line 909, in onexc
    _os.unlink(path)
IsADirectoryError: [Errno 21] Is a directory: '/tmp/tmpmwoa_3__'

During handling of the above exception, another exception occurred:

Traceback (most recent call last):
  File "/home/wenchang/anaconda3/envs/python3.12-tk2-2.3/lib/python3.12/shutil.py", line 674, in _rmtree_safe_fd
    topfd = os.open(name, os.O_RDONLY | os.O_NONBLOCK, dir_fd=dirfd)
            ^^^^^^^^^^^^^^^^^^^^^^^^^^^^^^^^^^^^^^^^^^^^^^^^^^^^^^^^
  File "/home/wenchang/asdasdsad/wjq/TTIE/releases/20260920-ttie-t062a-zr/research_log/T062A/infer.py", line 56, in guard
    raise PermissionError('T062-A low-only read guard: '+str(p))
PermissionError: [Errno None] None: '/tmp/tmpmwoa_3__'

During handling of the above exception, another exception occurred:

Traceback (most recent call last):
  File "/home/wenchang/anaconda3/envs/python3.12-tk2-2.3/lib/python3.12/tempfile.py", line 909, in onexc
    _os.unlink(path)
IsADirectoryError: [Errno 21] Is a directory: '/tmp/tmpmwoa_3__'

During handling of the above exception, another exception occurred:

Traceback (most recent call last):
  File "/home/wenchang/anaconda3/envs/python3.12-tk2-2.3/lib/python3.12/shutil.py", line 674, in _rmtree_safe_fd
    topfd = os.open(name, os.O_RDONLY | os.O_NONBLOCK, dir_fd=dirfd)
            ^^^^^^^^^^^^^^^^^^^^^^^^^^^^^^^^^^^^^^^^^^^^^^^^^^^^^^^^
  File "/home/wenchang/asdasdsad/wjq/TTIE/releases/20260920-ttie-t062a-zr/research_log/T062A/infer.py", line 56, in guard
    raise PermissionError('T062-A low-only read guard: '+str(p))
PermissionError: [Errno None] None: '/tmp/tmpmwoa_3__'

During handling of the above exception, another exception occurred:

Traceback (most recent call last):
  File "/home/wenchang/anaconda3/envs/python3.12-tk2-2.3/lib/python3.12/tempfile.py", line 909, in onexc
    _os.unlink(path)
IsADirectoryError: [Errno 21] Is a directory: '/tmp/tmpmwoa_3__'

During handling of the above exception, another exception occurred:

Traceback (most recent call last):
  File "/home/wenchang/anaconda3/envs/python3.12-tk2-2.3/lib/python3.12/shutil.py", line 674, in _rmtree_safe_fd
    topfd = os.open(name, os.O_RDONLY | os.O_NONBLOCK, dir_fd=dirfd)
            ^^^^^^^^^^^^^^^^^^^^^^^^^^^^^^^^^^^^^^^^^^^^^^^^^^^^^^^^
  File "/home/wenchang/asdasdsad/wjq/TTIE/releases/20260920-ttie-t062a-zr/research_log/T062A/infer.py", line 56, in guard
    raise PermissionError('T062-A low-only read guard: '+str(p))
PermissionError: [Errno None] None: '/tmp/tmpmwoa_3__'

During handling of the above exception, another exception occurred:

Traceback (most recent call last):
  File "/home/wenchang/anaconda3/envs/python3.12-tk2-2.3/lib/python3.12/tempfile.py", line 909, in onexc
    _os.unlink(path)
IsADirectoryError: [Errno 21] Is a directory: '/tmp/tmpmwoa_3__'

During handling of the above exception, another exception occurred:

Traceback (most recent call last):
  File "/home/wenchang/anaconda3/envs/python3.12-tk2-2.3/lib/python3.12/shutil.py", line 674, in _rmtree_safe_fd
    topfd = os.open(name, os.O_RDONLY | os.O_NONBLOCK, dir_fd=dirfd)
            ^^^^^^^^^^^^^^^^^^^^^^^^^^^^^^^^^^^^^^^^^^^^^^^^^^^^^^^^
  File "/home/wenchang/asdasdsad/wjq/TTIE/releases/20260920-ttie-t062a-zr/research_log/T062A/infer.py", line 56, in guard
    raise PermissionError('T062-A low-only read guard: '+str(p))
PermissionError: [Errno None] None: '/tmp/tmpmwoa_3__'

During handling of the above exception, another exception occurred:

Traceback (most recent call last):
  File "/home/wenchang/anaconda3/envs/python3.12-tk2-2.3/lib/python3.12/tempfile.py", line 909, in onexc
    _os.unlink(path)
IsADirectoryError: [Errno 21] Is a directory: '/tmp/tmpmwoa_3__'

During handling of the above exception, another exception occurred:

Traceback (most recent call last):
  File "/home/wenchang/anaconda3/envs/python3.12-tk2-2.3/lib/python3.12/shutil.py", line 674, in _rmtree_safe_fd
    topfd = os.open(name, os.O_RDONLY | os.O_NONBLOCK, dir_fd=dirfd)
            ^^^^^^^^^^^^^^^^^^^^^^^^^^^^^^^^^^^^^^^^^^^^^^^^^^^^^^^^
  File "/home/wenchang/asdasdsad/wjq/TTIE/releases/20260920-ttie-t062a-zr/research_log/T062A/infer.py", line 56, in guard
    raise PermissionError('T062-A low-only read guard: '+str(p))
PermissionError: [Errno None] None: '/tmp/tmpmwoa_3__'

During handling of the above exception, another exception occurred:

Traceback (most recent call last):
  File "/home/wenchang/anaconda3/envs/python3.12-tk2-2.3/lib/python3.12/tempfile.py", line 909, in onexc
    _os.unlink(path)
IsADirectoryError: [Errno 21] Is a directory: '/tmp/tmpmwoa_3__'

During handling of the above exception, another exception occurred:

Traceback (most recent call last):
  File "/home/wenchang/anaconda3/envs/python3.12-tk2-2.3/lib/python3.12/shutil.py", line 674, in _rmtree_safe_fd
    topfd = os.open(name, os.O_RDONLY | os.O_NONBLOCK, dir_fd=dirfd)
            ^^^^^^^^^^^^^^^^^^^^^^^^^^^^^^^^^^^^^^^^^^^^^^^^^^^^^^^^
  File "/home/wenchang/asdasdsad/wjq/TTIE/releases/20260920-ttie-t062a-zr/research_log/T062A/infer.py", line 56, in guard
    raise PermissionError('T062-A low-only read guard: '+str(p))
PermissionError: [Errno None] None: '/tmp/tmpmwoa_3__'

During handling of the above exception, another exception occurred:

Traceback (most recent call last):
  File "/home/wenchang/anaconda3/envs/python3.12-tk2-2.3/lib/python3.12/tempfile.py", line 909, in onexc
    _os.unlink(path)
IsADirectoryError: [Errno 21] Is a directory: '/tmp/tmpmwoa_3__'

During handling of the above exception, another exception occurred:

Traceback (most recent call last):
  File "/home/wenchang/anaconda3/envs/python3.12-tk2-2.3/lib/python3.12/shutil.py", line 674, in _rmtree_safe_fd
    topfd = os.open(name, os.O_RDONLY | os.O_NONBLOCK, dir_fd=dirfd)
            ^^^^^^^^^^^^^^^^^^^^^^^^^^^^^^^^^^^^^^^^^^^^^^^^^^^^^^^^
  File "/home/wenchang/asdasdsad/wjq/TTIE/releases/20260920-ttie-t062a-zr/research_log/T062A/infer.py", line 56, in guard
    raise PermissionError('T062-A low-only read guard: '+str(p))
PermissionError: [Errno None] None: '/tmp/tmpmwoa_3__'

During handling of the above exception, another exception occurred:

Traceback (most recent call last):
  File "/home/wenchang/anaconda3/envs/python3.12-tk2-2.3/lib/python3.12/tempfile.py", line 909, in onexc
    _os.unlink(path)
IsADirectoryError: [Errno 21] Is a directory: '/tmp/tmpmwoa_3__'

During handling of the above exception, another exception occurred:

Traceback (most recent call last):
  File "/home/wenchang/anaconda3/envs/python3.12-tk2-2.3/lib/python3.12/shutil.py", line 674, in _rmtree_safe_fd
    topfd = os.open(name, os.O_RDONLY | os.O_NONBLOCK, dir_fd=dirfd)
            ^^^^^^^^^^^^^^^^^^^^^^^^^^^^^^^^^^^^^^^^^^^^^^^^^^^^^^^^
  File "/home/wenchang/asdasdsad/wjq/TTIE/releases/20260920-ttie-t062a-zr/research_log/T062A/infer.py", line 56, in guard
    raise PermissionError('T062-A low-only read guard: '+str(p))
PermissionError: [Errno None] None: '/tmp/tmpmwoa_3__'

During handling of the above exception, another exception occurred:

Traceback (most recent call last):
  File "/home/wenchang/anaconda3/envs/python3.12-tk2-2.3/lib/python3.12/tempfile.py", line 909, in onexc
    _os.unlink(path)
IsADirectoryError: [Errno 21] Is a directory: '/tmp/tmpmwoa_3__'

During handling of the above exception, another exception occurred:

Traceback (most recent call last):
  File "/home/wenchang/anaconda3/envs/python3.12-tk2-2.3/lib/python3.12/shutil.py", line 674, in _rmtree_safe_fd
    topfd = os.open(name, os.O_RDONLY | os.O_NONBLOCK, dir_fd=dirfd)
            ^^^^^^^^^^^^^^^^^^^^^^^^^^^^^^^^^^^^^^^^^^^^^^^^^^^^^^^^
  File "/home/wenchang/asdasdsad/wjq/TTIE/releases/20260920-ttie-t062a-zr/research_log/T062A/infer.py", line 56, in guard
    raise PermissionError('T062-A low-only read guard: '+str(p))
PermissionError: [Errno None] None: '/tmp/tmpmwoa_3__'

During handling of the above exception, another exception occurred:

Traceback (most recent call last):
  File "/home/wenchang/anaconda3/envs/python3.12-tk2-2.3/lib/python3.12/tempfile.py", line 909, in onexc
    _os.unlink(path)
IsADirectoryError: [Errno 21] Is a directory: '/tmp/tmpmwoa_3__'

During handling of the above exception, another exception occurred:

Traceback (most recent call last):
  File "/home/wenchang/anaconda3/envs/python3.12-tk2-2.3/lib/python3.12/shutil.py", line 674, in _rmtree_safe_fd
    topfd = os.open(name, os.O_RDONLY | os.O_NONBLOCK, dir_fd=dirfd)
            ^^^^^^^^^^^^^^^^^^^^^^^^^^^^^^^^^^^^^^^^^^^^^^^^^^^^^^^^
  File "/home/wenchang/asdasdsad/wjq/TTIE/releases/20260920-ttie-t062a-zr/research_log/T062A/infer.py", line 56, in guard
    raise PermissionError('T062-A low-only read guard: '+str(p))
PermissionError: [Errno None] None: '/tmp/tmpmwoa_3__'

During handling of the above exception, another exception occurred:

Traceback (most recent call last):
  File "/home/wenchang/anaconda3/envs/python3.12-tk2-2.3/lib/python3.12/tempfile.py", line 909, in onexc
    _os.unlink(path)
IsADirectoryError: [Errno 21] Is a directory: '/tmp/tmpmwoa_3__'

During handling of the above exception, another exception occurred:

Traceback (most recent call last):
  File "/home/wenchang/anaconda3/envs/python3.12-tk2-2.3/lib/python3.12/shutil.py", line 674, in _rmtree_safe_fd
    topfd = os.open(name, os.O_RDONLY | os.O_NONBLOCK, dir_fd=dirfd)
            ^^^^^^^^^^^^^^^^^^^^^^^^^^^^^^^^^^^^^^^^^^^^^^^^^^^^^^^^
  File "/home/wenchang/asdasdsad/wjq/TTIE/releases/20260920-ttie-t062a-zr/research_log/T062A/infer.py", line 56, in guard
    raise PermissionError('T062-A low-only read guard: '+str(p))
PermissionError: [Errno None] None: '/tmp/tmpmwoa_3__'

During handling of the above exception, another exception occurred:

Traceback (most recent call last):
  File "/home/wenchang/anaconda3/envs/python3.12-tk2-2.3/lib/python3.12/tempfile.py", line 909, in onexc
    _os.unlink(path)
IsADirectoryError: [Errno 21] Is a directory: '/tmp/tmpmwoa_3__'

During handling of the above exception, another exception occurred:

Traceback (most recent call last):
  File "/home/wenchang/anaconda3/envs/python3.12-tk2-2.3/lib/python3.12/shutil.py", line 674, in _rmtree_safe_fd
    topfd = os.open(name, os.O_RDONLY | os.O_NONBLOCK, dir_fd=dirfd)
            ^^^^^^^^^^^^^^^^^^^^^^^^^^^^^^^^^^^^^^^^^^^^^^^^^^^^^^^^
  File "/home/wenchang/asdasdsad/wjq/TTIE/releases/20260920-ttie-t062a-zr/research_log/T062A/infer.py", line 56, in guard
    raise PermissionError('T062-A low-only read guard: '+str(p))
PermissionError: [Errno None] None: '/tmp/tmpmwoa_3__'

During handling of the above exception, another exception occurred:

Traceback (most recent call last):
  File "/home/wenchang/anaconda3/envs/python3.12-tk2-2.3/lib/python3.12/tempfile.py", line 909, in onexc
    _os.unlink(path)
IsADirectoryError: [Errno 21] Is a directory: '/tmp/tmpmwoa_3__'

During handling of the above exception, another exception occurred:

Traceback (most recent call last):
  File "/home/wenchang/anaconda3/envs/python3.12-tk2-2.3/lib/python3.12/shutil.py", line 674, in _rmtree_safe_fd
    topfd = os.open(name, os.O_RDONLY | os.O_NONBLOCK, dir_fd=dirfd)
            ^^^^^^^^^^^^^^^^^^^^^^^^^^^^^^^^^^^^^^^^^^^^^^^^^^^^^^^^
  File "/home/wenchang/asdasdsad/wjq/TTIE/releases/20260920-ttie-t062a-zr/research_log/T062A/infer.py", line 56, in guard
    raise PermissionError('T062-A low-only read guard: '+str(p))
PermissionError: [Errno None] None: '/tmp/tmpmwoa_3__'

During handling of the above exception, another exception occurred:

Traceback (most recent call last):
  File "/home/wenchang/anaconda3/envs/python3.12-tk2-2.3/lib/python3.12/tempfile.py", line 909, in onexc
    _os.unlink(path)
IsADirectoryError: [Errno 21] Is a directory: '/tmp/tmpmwoa_3__'

During handling of the above exception, another exception occurred:

Traceback (most recent call last):
  File "/home/wenchang/anaconda3/envs/python3.12-tk2-2.3/lib/python3.12/shutil.py", line 674, in _rmtree_safe_fd
    topfd = os.open(name, os.O_RDONLY | os.O_NONBLOCK, dir_fd=dirfd)
            ^^^^^^^^^^^^^^^^^^^^^^^^^^^^^^^^^^^^^^^^^^^^^^^^^^^^^^^^
  File "/home/wenchang/asdasdsad/wjq/TTIE/releases/20260920-ttie-t062a-zr/research_log/T062A/infer.py", line 56, in guard
    raise PermissionError('T062-A low-only read guard: '+str(p))
PermissionError: [Errno None] None: '/tmp/tmpmwoa_3__'

During handling of the above exception, another exception occurred:

Traceback (most recent call last):
  File "/home/wenchang/anaconda3/envs/python3.12-tk2-2.3/lib/python3.12/tempfile.py", line 909, in onexc
    _os.unlink(path)
IsADirectoryError: [Errno 21] Is a directory: '/tmp/tmpmwoa_3__'

During handling of the above exception, another exception occurred:

Traceback (most recent call last):
  File "/home/wenchang/anaconda3/envs/python3.12-tk2-2.3/lib/python3.12/shutil.py", line 674, in _rmtree_safe_fd
    topfd = os.open(name, os.O_RDONLY | os.O_NONBLOCK, dir_fd=dirfd)
            ^^^^^^^^^^^^^^^^^^^^^^^^^^^^^^^^^^^^^^^^^^^^^^^^^^^^^^^^
  File "/home/wenchang/asdasdsad/wjq/TTIE/releases/20260920-ttie-t062a-zr/research_log/T062A/infer.py", line 56, in guard
    raise PermissionError('T062-A low-only read guard: '+str(p))
PermissionError: [Errno None] None: '/tmp/tmpmwoa_3__'

During handling of the above exception, another exception occurred:

Traceback (most recent call last):
  File "/home/wenchang/anaconda3/envs/python3.12-tk2-2.3/lib/python3.12/tempfile.py", line 909, in onexc
    _os.unlink(path)
IsADirectoryError: [Errno 21] Is a directory: '/tmp/tmpmwoa_3__'

During handling of the above exception, another exception occurred:

Traceback (most recent call last):
  File "/home/wenchang/anaconda3/envs/python3.12-tk2-2.3/lib/python3.12/shutil.py", line 674, in _rmtree_safe_fd
    topfd = os.open(name, os.O_RDONLY | os.O_NONBLOCK, dir_fd=dirfd)
            ^^^^^^^^^^^^^^^^^^^^^^^^^^^^^^^^^^^^^^^^^^^^^^^^^^^^^^^^
  File "/home/wenchang/asdasdsad/wjq/TTIE/releases/20260920-ttie-t062a-zr/research_log/T062A/infer.py", line 56, in guard
    raise PermissionError('T062-A low-only read guard: '+str(p))
PermissionError: [Errno None] None: '/tmp/tmpmwoa_3__'

During handling of the above exception, another exception occurred:

Traceback (most recent call last):
  File "/home/wenchang/anaconda3/envs/python3.12-tk2-2.3/lib/python3.12/tempfile.py", line 909, in onexc
    _os.unlink(path)
IsADirectoryError: [Errno 21] Is a directory: '/tmp/tmpmwoa_3__'

During handling of the above exception, another exception occurred:

Traceback (most recent call last):
  File "/home/wenchang/anaconda3/envs/python3.12-tk2-2.3/lib/python3.12/shutil.py", line 674, in _rmtree_safe_fd
    topfd = os.open(name, os.O_RDONLY | os.O_NONBLOCK, dir_fd=dirfd)
            ^^^^^^^^^^^^^^^^^^^^^^^^^^^^^^^^^^^^^^^^^^^^^^^^^^^^^^^^
  File "/home/wenchang/asdasdsad/wjq/TTIE/releases/20260920-ttie-t062a-zr/research_log/T062A/infer.py", line 56, in guard
    raise PermissionError('T062-A low-only read guard: '+str(p))
PermissionError: [Errno None] None: '/tmp/tmpmwoa_3__'

During handling of the above exception, another exception occurred:

Traceback (most recent call last):
  File "/home/wenchang/anaconda3/envs/python3.12-tk2-2.3/lib/python3.12/tempfile.py", line 909, in onexc
    _os.unlink(path)
IsADirectoryError: [Errno 21] Is a directory: '/tmp/tmpmwoa_3__'

During handling of the above exception, another exception occurred:

Traceback (most recent call last):
  File "/home/wenchang/anaconda3/envs/python3.12-tk2-2.3/lib/python3.12/shutil.py", line 674, in _rmtree_safe_fd
    topfd = os.open(name, os.O_RDONLY | os.O_NONBLOCK, dir_fd=dirfd)
            ^^^^^^^^^^^^^^^^^^^^^^^^^^^^^^^^^^^^^^^^^^^^^^^^^^^^^^^^
  File "/home/wenchang/asdasdsad/wjq/TTIE/releases/20260920-ttie-t062a-zr/research_log/T062A/infer.py", line 56, in guard
    raise PermissionError('T062-A low-only read guard: '+str(p))
PermissionError: [Errno None] None: '/tmp/tmpmwoa_3__'

During handling of the above exception, another exception occurred:

Traceback (most recent call last):
  File "/home/wenchang/anaconda3/envs/python3.12-tk2-2.3/lib/python3.12/tempfile.py", line 909, in onexc
    _os.unlink(path)
IsADirectoryError: [Errno 21] Is a directory: '/tmp/tmpmwoa_3__'

During handling of the above exception, another exception occurred:

Traceback (most recent call last):
  File "/home/wenchang/anaconda3/envs/python3.12-tk2-2.3/lib/python3.12/shutil.py", line 674, in _rmtree_safe_fd
    topfd = os.open(name, os.O_RDONLY | os.O_NONBLOCK, dir_fd=dirfd)
            ^^^^^^^^^^^^^^^^^^^^^^^^^^^^^^^^^^^^^^^^^^^^^^^^^^^^^^^^
  File "/home/wenchang/asdasdsad/wjq/TTIE/releases/20260920-ttie-t062a-zr/research_log/T062A/infer.py", line 56, in guard
    raise PermissionError('T062-A low-only read guard: '+str(p))
PermissionError: [Errno None] None: '/tmp/tmpmwoa_3__'

During handling of the above exception, another exception occurred:

Traceback (most recent call last):
  File "/home/wenchang/anaconda3/envs/python3.12-tk2-2.3/lib/python3.12/tempfile.py", line 909, in onexc
    _os.unlink(path)
IsADirectoryError: [Errno 21] Is a directory: '/tmp/tmpmwoa_3__'

During handling of the above exception, another exception occurred:

Traceback (most recent call last):
  File "/home/wenchang/anaconda3/envs/python3.12-tk2-2.3/lib/python3.12/shutil.py", line 674, in _rmtree_safe_fd
    topfd = os.open(name, os.O_RDONLY | os.O_NONBLOCK, dir_fd=dirfd)
            ^^^^^^^^^^^^^^^^^^^^^^^^^^^^^^^^^^^^^^^^^^^^^^^^^^^^^^^^
  File "/home/wenchang/asdasdsad/wjq/TTIE/releases/20260920-ttie-t062a-zr/research_log/T062A/infer.py", line 56, in guard
    raise PermissionError('T062-A low-only read guard: '+str(p))
PermissionError: [Errno None] None: '/tmp/tmpmwoa_3__'

During handling of the above exception, another exception occurred:

Traceback (most recent call last):
  File "/home/wenchang/anaconda3/envs/python3.12-tk2-2.3/lib/python3.12/tempfile.py", line 909, in onexc
    _os.unlink(path)
IsADirectoryError: [Errno 21] Is a directory: '/tmp/tmpmwoa_3__'

During handling of the above exception, another exception occurred:

Traceback (most recent call last):
  File "/home/wenchang/anaconda3/envs/python3.12-tk2-2.3/lib/python3.12/shutil.py", line 674, in _rmtree_safe_fd
    topfd = os.open(name, os.O_RDONLY | os.O_NONBLOCK, dir_fd=dirfd)
            ^^^^^^^^^^^^^^^^^^^^^^^^^^^^^^^^^^^^^^^^^^^^^^^^^^^^^^^^
  File "/home/wenchang/asdasdsad/wjq/TTIE/releases/20260920-ttie-t062a-zr/research_log/T062A/infer.py", line 56, in guard
    raise PermissionError('T062-A low-only read guard: '+str(p))
PermissionError: [Errno None] None: '/tmp/tmpmwoa_3__'

During handling of the above exception, another exception occurred:

Traceback (most recent call last):
  File "/home/wenchang/anaconda3/envs/python3.12-tk2-2.3/lib/python3.12/tempfile.py", line 909, in onexc
    _os.unlink(path)
IsADirectoryError: [Errno 21] Is a directory: '/tmp/tmpmwoa_3__'

During handling of the above exception, another exception occurred:

Traceback (most recent call last):
  File "/home/wenchang/anaconda3/envs/python3.12-tk2-2.3/lib/python3.12/shutil.py", line 674, in _rmtree_safe_fd
    topfd = os.open(name, os.O_RDONLY | os.O_NONBLOCK, dir_fd=dirfd)
            ^^^^^^^^^^^^^^^^^^^^^^^^^^^^^^^^^^^^^^^^^^^^^^^^^^^^^^^^
  File "/home/wenchang/asdasdsad/wjq/TTIE/releases/20260920-ttie-t062a-zr/research_log/T062A/infer.py", line 56, in guard
    raise PermissionError('T062-A low-only read guard: '+str(p))
PermissionError: [Errno None] None: '/tmp/tmpmwoa_3__'

During handling of the above exception, another exception occurred:

Traceback (most recent call last):
  File "/home/wenchang/anaconda3/envs/python3.12-tk2-2.3/lib/python3.12/tempfile.py", line 909, in onexc
    _os.unlink(path)
IsADirectoryError: [Errno 21] Is a directory: '/tmp/tmpmwoa_3__'

During handling of the above exception, another exception occurred:

Traceback (most recent call last):
  File "/home/wenchang/anaconda3/envs/python3.12-tk2-2.3/lib/python3.12/shutil.py", line 674, in _rmtree_safe_fd
    topfd = os.open(name, os.O_RDONLY | os.O_NONBLOCK, dir_fd=dirfd)
            ^^^^^^^^^^^^^^^^^^^^^^^^^^^^^^^^^^^^^^^^^^^^^^^^^^^^^^^^
  File "/home/wenchang/asdasdsad/wjq/TTIE/releases/20260920-ttie-t062a-zr/research_log/T062A/infer.py", line 56, in guard
    raise PermissionError('T062-A low-only read guard: '+str(p))
PermissionError: [Errno None] None: '/tmp/tmpmwoa_3__'

During handling of the above exception, another exception occurred:

Traceback (most recent call last):
  File "/home/wenchang/anaconda3/envs/python3.12-tk2-2.3/lib/python3.12/tempfile.py", line 909, in onexc
    _os.unlink(path)
IsADirectoryError: [Errno 21] Is a directory: '/tmp/tmpmwoa_3__'

During handling of the above exception, another exception occurred:

Traceback (most recent call last):
  File "/home/wenchang/anaconda3/envs/python3.12-tk2-2.3/lib/python3.12/shutil.py", line 674, in _rmtree_safe_fd
    topfd = os.open(name, os.O_RDONLY | os.O_NONBLOCK, dir_fd=dirfd)
            ^^^^^^^^^^^^^^^^^^^^^^^^^^^^^^^^^^^^^^^^^^^^^^^^^^^^^^^^
  File "/home/wenchang/asdasdsad/wjq/TTIE/releases/20260920-ttie-t062a-zr/research_log/T062A/infer.py", line 56, in guard
    raise PermissionError('T062-A low-only read guard: '+str(p))
PermissionError: [Errno None] None: '/tmp/tmpmwoa_3__'

During handling of the above exception, another exception occurred:

Traceback (most recent call last):
  File "/home/wenchang/anaconda3/envs/python3.12-tk2-2.3/lib/python3.12/tempfile.py", line 909, in onexc
    _os.unlink(path)
IsADirectoryError: [Errno 21] Is a directory: '/tmp/tmpmwoa_3__'

During handling of the above exception, another exception occurred:

Traceback (most recent call last):
  File "/home/wenchang/anaconda3/envs/python3.12-tk2-2.3/lib/python3.12/shutil.py", line 674, in _rmtree_safe_fd
    topfd = os.open(name, os.O_RDONLY | os.O_NONBLOCK, dir_fd=dirfd)
            ^^^^^^^^^^^^^^^^^^^^^^^^^^^^^^^^^^^^^^^^^^^^^^^^^^^^^^^^
  File "/home/wenchang/asdasdsad/wjq/TTIE/releases/20260920-ttie-t062a-zr/research_log/T062A/infer.py", line 56, in guard
    raise PermissionError('T062-A low-only read guard: '+str(p))
PermissionError: [Errno None] None: '/tmp/tmpmwoa_3__'

During handling of the above exception, another exception occurred:

Traceback (most recent call last):
  File "/home/wenchang/anaconda3/envs/python3.12-tk2-2.3/lib/python3.12/tempfile.py", line 909, in onexc
    _os.unlink(path)
IsADirectoryError: [Errno 21] Is a directory: '/tmp/tmpmwoa_3__'

During handling of the above exception, another exception occurred:

Traceback (most recent call last):
  File "/home/wenchang/anaconda3/envs/python3.12-tk2-2.3/lib/python3.12/shutil.py", line 674, in _rmtree_safe_fd
    topfd = os.open(name, os.O_RDONLY | os.O_NONBLOCK, dir_fd=dirfd)
            ^^^^^^^^^^^^^^^^^^^^^^^^^^^^^^^^^^^^^^^^^^^^^^^^^^^^^^^^
  File "/home/wenchang/asdasdsad/wjq/TTIE/releases/20260920-ttie-t062a-zr/research_log/T062A/infer.py", line 56, in guard
    raise PermissionError('T062-A low-only read guard: '+str(p))
PermissionError: [Errno None] None: '/tmp/tmpmwoa_3__'

During handling of the above exception, another exception occurred:

Traceback (most recent call last):
  File "/home/wenchang/anaconda3/envs/python3.12-tk2-2.3/lib/python3.12/tempfile.py", line 909, in onexc
    _os.unlink(path)
IsADirectoryError: [Errno 21] Is a directory: '/tmp/tmpmwoa_3__'

During handling of the above exception, another exception occurred:

Traceback (most recent call last):
  File "/home/wenchang/anaconda3/envs/python3.12-tk2-2.3/lib/python3.12/shutil.py", line 674, in _rmtree_safe_fd
    topfd = os.open(name, os.O_RDONLY | os.O_NONBLOCK, dir_fd=dirfd)
            ^^^^^^^^^^^^^^^^^^^^^^^^^^^^^^^^^^^^^^^^^^^^^^^^^^^^^^^^
  File "/home/wenchang/asdasdsad/wjq/TTIE/releases/20260920-ttie-t062a-zr/research_log/T062A/infer.py", line 56, in guard
    raise PermissionError('T062-A low-only read guard: '+str(p))
PermissionError: [Errno None] None: '/tmp/tmpmwoa_3__'

During handling of the above exception, another exception occurred:

Traceback (most recent call last):
  File "/home/wenchang/anaconda3/envs/python3.12-tk2-2.3/lib/python3.12/tempfile.py", line 909, in onexc
    _os.unlink(path)
IsADirectoryError: [Errno 21] Is a directory: '/tmp/tmpmwoa_3__'

During handling of the above exception, another exception occurred:

Traceback (most recent call last):
  File "/home/wenchang/anaconda3/envs/python3.12-tk2-2.3/lib/python3.12/shutil.py", line 674, in _rmtree_safe_fd
    topfd = os.open(name, os.O_RDONLY | os.O_NONBLOCK, dir_fd=dirfd)
            ^^^^^^^^^^^^^^^^^^^^^^^^^^^^^^^^^^^^^^^^^^^^^^^^^^^^^^^^
  File "/home/wenchang/asdasdsad/wjq/TTIE/releases/20260920-ttie-t062a-zr/research_log/T062A/infer.py", line 56, in guard
    raise PermissionError('T062-A low-only read guard: '+str(p))
PermissionError: [Errno None] None: '/tmp/tmpmwoa_3__'

During handling of the above exception, another exception occurred:

Traceback (most recent call last):
  File "/home/wenchang/anaconda3/envs/python3.12-tk2-2.3/lib/python3.12/tempfile.py", line 909, in onexc
    _os.unlink(path)
IsADirectoryError: [Errno 21] Is a directory: '/tmp/tmpmwoa_3__'

During handling of the above exception, another exception occurred:

Traceback (most recent call last):
  File "/home/wenchang/anaconda3/envs/python3.12-tk2-2.3/lib/python3.12/shutil.py", line 674, in _rmtree_safe_fd
    topfd = os.open(name, os.O_RDONLY | os.O_NONBLOCK, dir_fd=dirfd)
            ^^^^^^^^^^^^^^^^^^^^^^^^^^^^^^^^^^^^^^^^^^^^^^^^^^^^^^^^
  File "/home/wenchang/asdasdsad/wjq/TTIE/releases/20260920-ttie-t062a-zr/research_log/T062A/infer.py", line 56, in guard
    raise PermissionError('T062-A low-only read guard: '+str(p))
PermissionError: [Errno None] None: '/tmp/tmpmwoa_3__'

During handling of the above exception, another exception occurred:

Traceback (most recent call last):
  File "/home/wenchang/anaconda3/envs/python3.12-tk2-2.3/lib/python3.12/tempfile.py", line 909, in onexc
    _os.unlink(path)
IsADirectoryError: [Errno 21] Is a directory: '/tmp/tmpmwoa_3__'

During handling of the above exception, another exception occurred:

Traceback (most recent call last):
  File "/home/wenchang/anaconda3/envs/python3.12-tk2-2.3/lib/python3.12/shutil.py", line 674, in _rmtree_safe_fd
    topfd = os.open(name, os.O_RDONLY | os.O_NONBLOCK, dir_fd=dirfd)
            ^^^^^^^^^^^^^^^^^^^^^^^^^^^^^^^^^^^^^^^^^^^^^^^^^^^^^^^^
  File "/home/wenchang/asdasdsad/wjq/TTIE/releases/20260920-ttie-t062a-zr/research_log/T062A/infer.py", line 56, in guard
    raise PermissionError('T062-A low-only read guard: '+str(p))
PermissionError: [Errno None] None: '/tmp/tmpmwoa_3__'

During handling of the above exception, another exception occurred:

Traceback (most recent call last):
  File "/home/wenchang/anaconda3/envs/python3.12-tk2-2.3/lib/python3.12/tempfile.py", line 909, in onexc
    _os.unlink(path)
IsADirectoryError: [Errno 21] Is a directory: '/tmp/tmpmwoa_3__'

During handling of the above exception, another exception occurred:

Traceback (most recent call last):
  File "/home/wenchang/anaconda3/envs/python3.12-tk2-2.3/lib/python3.12/shutil.py", line 674, in _rmtree_safe_fd
    topfd = os.open(name, os.O_RDONLY | os.O_NONBLOCK, dir_fd=dirfd)
            ^^^^^^^^^^^^^^^^^^^^^^^^^^^^^^^^^^^^^^^^^^^^^^^^^^^^^^^^
  File "/home/wenchang/asdasdsad/wjq/TTIE/releases/20260920-ttie-t062a-zr/research_log/T062A/infer.py", line 56, in guard
    raise PermissionError('T062-A low-only read guard: '+str(p))
PermissionError: [Errno None] None: '/tmp/tmpmwoa_3__'

During handling of the above exception, another exception occurred:

Traceback (most recent call last):
  File "/home/wenchang/anaconda3/envs/python3.12-tk2-2.3/lib/python3.12/tempfile.py", line 909, in onexc
    _os.unlink(path)
IsADirectoryError: [Errno 21] Is a directory: '/tmp/tmpmwoa_3__'

During handling of the above exception, another exception occurred:

Traceback (most recent call last):
  File "/home/wenchang/anaconda3/envs/python3.12-tk2-2.3/lib/python3.12/shutil.py", line 674, in _rmtree_safe_fd
    topfd = os.open(name, os.O_RDONLY | os.O_NONBLOCK, dir_fd=dirfd)
            ^^^^^^^^^^^^^^^^^^^^^^^^^^^^^^^^^^^^^^^^^^^^^^^^^^^^^^^^
  File "/home/wenchang/asdasdsad/wjq/TTIE/releases/20260920-ttie-t062a-zr/research_log/T062A/infer.py", line 56, in guard
    raise PermissionError('T062-A low-only read guard: '+str(p))
PermissionError: [Errno None] None: '/tmp/tmpmwoa_3__'

During handling of the above exception, another exception occurred:

Traceback (most recent call last):
  File "/home/wenchang/anaconda3/envs/python3.12-tk2-2.3/lib/python3.12/tempfile.py", line 909, in onexc
    _os.unlink(path)
IsADirectoryError: [Errno 21] Is a directory: '/tmp/tmpmwoa_3__'

During handling of the above exception, another exception occurred:

Traceback (most recent call last):
  File "/home/wenchang/anaconda3/envs/python3.12-tk2-2.3/lib/python3.12/shutil.py", line 674, in _rmtree_safe_fd
    topfd = os.open(name, os.O_RDONLY | os.O_NONBLOCK, dir_fd=dirfd)
            ^^^^^^^^^^^^^^^^^^^^^^^^^^^^^^^^^^^^^^^^^^^^^^^^^^^^^^^^
  File "/home/wenchang/asdasdsad/wjq/TTIE/releases/20260920-ttie-t062a-zr/research_log/T062A/infer.py", line 56, in guard
    raise PermissionError('T062-A low-only read guard: '+str(p))
PermissionError: [Errno None] None: '/tmp/tmpmwoa_3__'

During handling of the above exception, another exception occurred:

Traceback (most recent call last):
  File "/home/wenchang/anaconda3/envs/python3.12-tk2-2.3/lib/python3.12/tempfile.py", line 909, in onexc
    _os.unlink(path)
IsADirectoryError: [Errno 21] Is a directory: '/tmp/tmpmwoa_3__'

During handling of the above exception, another exception occurred:

Traceback (most recent call last):
  File "/home/wenchang/anaconda3/envs/python3.12-tk2-2.3/lib/python3.12/shutil.py", line 674, in _rmtree_safe_fd
    topfd = os.open(name, os.O_RDONLY | os.O_NONBLOCK, dir_fd=dirfd)
            ^^^^^^^^^^^^^^^^^^^^^^^^^^^^^^^^^^^^^^^^^^^^^^^^^^^^^^^^
  File "/home/wenchang/asdasdsad/wjq/TTIE/releases/20260920-ttie-t062a-zr/research_log/T062A/infer.py", line 56, in guard
    raise PermissionError('T062-A low-only read guard: '+str(p))
PermissionError: [Errno None] None: '/tmp/tmpmwoa_3__'

During handling of the above exception, another exception occurred:

Traceback (most recent call last):
  File "/home/wenchang/anaconda3/envs/python3.12-tk2-2.3/lib/python3.12/tempfile.py", line 909, in onexc
    _os.unlink(path)
IsADirectoryError: [Errno 21] Is a directory: '/tmp/tmpmwoa_3__'

During handling of the above exception, another exception occurred:

Traceback (most recent call last):
  File "/home/wenchang/anaconda3/envs/python3.12-tk2-2.3/lib/python3.12/shutil.py", line 674, in _rmtree_safe_fd
    topfd = os.open(name, os.O_RDONLY | os.O_NONBLOCK, dir_fd=dirfd)
            ^^^^^^^^^^^^^^^^^^^^^^^^^^^^^^^^^^^^^^^^^^^^^^^^^^^^^^^^
  File "/home/wenchang/asdasdsad/wjq/TTIE/releases/20260920-ttie-t062a-zr/research_log/T062A/infer.py", line 56, in guard
    raise PermissionError('T062-A low-only read guard: '+str(p))
PermissionError: [Errno None] None: '/tmp/tmpmwoa_3__'

During handling of the above exception, another exception occurred:

Traceback (most recent call last):
  File "/home/wenchang/anaconda3/envs/python3.12-tk2-2.3/lib/python3.12/tempfile.py", line 909, in onexc
    _os.unlink(path)
IsADirectoryError: [Errno 21] Is a directory: '/tmp/tmpmwoa_3__'

During handling of the above exception, another exception occurred:

Traceback (most recent call last):
  File "/home/wenchang/anaconda3/envs/python3.12-tk2-2.3/lib/python3.12/shutil.py", line 674, in _rmtree_safe_fd
    topfd = os.open(name, os.O_RDONLY | os.O_NONBLOCK, dir_fd=dirfd)
            ^^^^^^^^^^^^^^^^^^^^^^^^^^^^^^^^^^^^^^^^^^^^^^^^^^^^^^^^
  File "/home/wenchang/asdasdsad/wjq/TTIE/releases/20260920-ttie-t062a-zr/research_log/T062A/infer.py", line 56, in guard
    raise PermissionError('T062-A low-only read guard: '+str(p))
PermissionError: [Errno None] None: '/tmp/tmpmwoa_3__'

During handling of the above exception, another exception occurred:

Traceback (most recent call last):
  File "/home/wenchang/anaconda3/envs/python3.12-tk2-2.3/lib/python3.12/tempfile.py", line 909, in onexc
    _os.unlink(path)
IsADirectoryError: [Errno 21] Is a directory: '/tmp/tmpmwoa_3__'

During handling of the above exception, another exception occurred:

Traceback (most recent call last):
  File "/home/wenchang/anaconda3/envs/python3.12-tk2-2.3/lib/python3.12/shutil.py", line 674, in _rmtree_safe_fd
    topfd = os.open(name, os.O_RDONLY | os.O_NONBLOCK, dir_fd=dirfd)
            ^^^^^^^^^^^^^^^^^^^^^^^^^^^^^^^^^^^^^^^^^^^^^^^^^^^^^^^^
  File "/home/wenchang/asdasdsad/wjq/TTIE/releases/20260920-ttie-t062a-zr/research_log/T062A/infer.py", line 56, in guard
    raise PermissionError('T062-A low-only read guard: '+str(p))
PermissionError: [Errno None] None: '/tmp/tmpmwoa_3__'

During handling of the above exception, another exception occurred:

Traceback (most recent call last):
  File "/home/wenchang/anaconda3/envs/python3.12-tk2-2.3/lib/python3.12/tempfile.py", line 909, in onexc
    _os.unlink(path)
IsADirectoryError: [Errno 21] Is a directory: '/tmp/tmpmwoa_3__'

During handling of the above exception, another exception occurred:

Traceback (most recent call last):
  File "/home/wenchang/anaconda3/envs/python3.12-tk2-2.3/lib/python3.12/shutil.py", line 674, in _rmtree_safe_fd
    topfd = os.open(name, os.O_RDONLY | os.O_NONBLOCK, dir_fd=dirfd)
            ^^^^^^^^^^^^^^^^^^^^^^^^^^^^^^^^^^^^^^^^^^^^^^^^^^^^^^^^
  File "/home/wenchang/asdasdsad/wjq/TTIE/releases/20260920-ttie-t062a-zr/research_log/T062A/infer.py", line 56, in guard
    raise PermissionError('T062-A low-only read guard: '+str(p))
PermissionError: [Errno None] None: '/tmp/tmpmwoa_3__'

During handling of the above exception, another exception occurred:

Traceback (most recent call last):
  File "/home/wenchang/anaconda3/envs/python3.12-tk2-2.3/lib/python3.12/tempfile.py", line 909, in onexc
    _os.unlink(path)
IsADirectoryError: [Errno 21] Is a directory: '/tmp/tmpmwoa_3__'

During handling of the above exception, another exception occurred:

Traceback (most recent call last):
  File "/home/wenchang/anaconda3/envs/python3.12-tk2-2.3/lib/python3.12/shutil.py", line 674, in _rmtree_safe_fd
    topfd = os.open(name, os.O_RDONLY | os.O_NONBLOCK, dir_fd=dirfd)
            ^^^^^^^^^^^^^^^^^^^^^^^^^^^^^^^^^^^^^^^^^^^^^^^^^^^^^^^^
  File "/home/wenchang/asdasdsad/wjq/TTIE/releases/20260920-ttie-t062a-zr/research_log/T062A/infer.py", line 56, in guard
    raise PermissionError('T062-A low-only read guard: '+str(p))
PermissionError: [Errno None] None: '/tmp/tmpmwoa_3__'

During handling of the above exception, another exception occurred:

Traceback (most recent call last):
  File "/home/wenchang/anaconda3/envs/python3.12-tk2-2.3/lib/python3.12/tempfile.py", line 909, in onexc
    _os.unlink(path)
IsADirectoryError: [Errno 21] Is a directory: '/tmp/tmpmwoa_3__'

During handling of the above exception, another exception occurred:

Traceback (most recent call last):
  File "/home/wenchang/anaconda3/envs/python3.12-tk2-2.3/lib/python3.12/shutil.py", line 674, in _rmtree_safe_fd
    topfd = os.open(name, os.O_RDONLY | os.O_NONBLOCK, dir_fd=dirfd)
            ^^^^^^^^^^^^^^^^^^^^^^^^^^^^^^^^^^^^^^^^^^^^^^^^^^^^^^^^
  File "/home/wenchang/asdasdsad/wjq/TTIE/releases/20260920-ttie-t062a-zr/research_log/T062A/infer.py", line 56, in guard
    raise PermissionError('T062-A low-only read guard: '+str(p))
PermissionError: [Errno None] None: '/tmp/tmpmwoa_3__'

During handling of the above exception, another exception occurred:

Traceback (most recent call last):
  File "/home/wenchang/anaconda3/envs/python3.12-tk2-2.3/lib/python3.12/tempfile.py", line 909, in onexc
    _os.unlink(path)
IsADirectoryError: [Errno 21] Is a directory: '/tmp/tmpmwoa_3__'

During handling of the above exception, another exception occurred:

Traceback (most recent call last):
  File "/home/wenchang/anaconda3/envs/python3.12-tk2-2.3/lib/python3.12/shutil.py", line 674, in _rmtree_safe_fd
    topfd = os.open(name, os.O_RDONLY | os.O_NONBLOCK, dir_fd=dirfd)
            ^^^^^^^^^^^^^^^^^^^^^^^^^^^^^^^^^^^^^^^^^^^^^^^^^^^^^^^^
  File "/home/wenchang/asdasdsad/wjq/TTIE/releases/20260920-ttie-t062a-zr/research_log/T062A/infer.py", line 56, in guard
    raise PermissionError('T062-A low-only read guard: '+str(p))
PermissionError: [Errno None] None: '/tmp/tmpmwoa_3__'

During handling of the above exception, another exception occurred:

Traceback (most recent call last):
  File "/home/wenchang/anaconda3/envs/python3.12-tk2-2.3/lib/python3.12/tempfile.py", line 909, in onexc
    _os.unlink(path)
IsADirectoryError: [Errno 21] Is a directory: '/tmp/tmpmwoa_3__'

During handling of the above exception, another exception occurred:

Traceback (most recent call last):
  File "/home/wenchang/anaconda3/envs/python3.12-tk2-2.3/lib/python3.12/shutil.py", line 674, in _rmtree_safe_fd
    topfd = os.open(name, os.O_RDONLY | os.O_NONBLOCK, dir_fd=dirfd)
            ^^^^^^^^^^^^^^^^^^^^^^^^^^^^^^^^^^^^^^^^^^^^^^^^^^^^^^^^
  File "/home/wenchang/asdasdsad/wjq/TTIE/releases/20260920-ttie-t062a-zr/research_log/T062A/infer.py", line 56, in guard
    raise PermissionError('T062-A low-only read guard: '+str(p))
PermissionError: [Errno None] None: '/tmp/tmpmwoa_3__'

During handling of the above exception, another exception occurred:

Traceback (most recent call last):
  File "/home/wenchang/anaconda3/envs/python3.12-tk2-2.3/lib/python3.12/tempfile.py", line 909, in onexc
    _os.unlink(path)
IsADirectoryError: [Errno 21] Is a directory: '/tmp/tmpmwoa_3__'

During handling of the above exception, another exception occurred:

Traceback (most recent call last):
  File "/home/wenchang/anaconda3/envs/python3.12-tk2-2.3/lib/python3.12/shutil.py", line 674, in _rmtree_safe_fd
    topfd = os.open(name, os.O_RDONLY | os.O_NONBLOCK, dir_fd=dirfd)
            ^^^^^^^^^^^^^^^^^^^^^^^^^^^^^^^^^^^^^^^^^^^^^^^^^^^^^^^^
  File "/home/wenchang/asdasdsad/wjq/TTIE/releases/20260920-ttie-t062a-zr/research_log/T062A/infer.py", line 56, in guard
    raise PermissionError('T062-A low-only read guard: '+str(p))
PermissionError: [Errno None] None: '/tmp/tmpmwoa_3__'

During handling of the above exception, another exception occurred:

Traceback (most recent call last):
  File "/home/wenchang/anaconda3/envs/python3.12-tk2-2.3/lib/python3.12/tempfile.py", line 909, in onexc
    _os.unlink(path)
IsADirectoryError: [Errno 21] Is a directory: '/tmp/tmpmwoa_3__'

During handling of the above exception, another exception occurred:

Traceback (most recent call last):
  File "/home/wenchang/anaconda3/envs/python3.12-tk2-2.3/lib/python3.12/shutil.py", line 674, in _rmtree_safe_fd
    topfd = os.open(name, os.O_RDONLY | os.O_NONBLOCK, dir_fd=dirfd)
            ^^^^^^^^^^^^^^^^^^^^^^^^^^^^^^^^^^^^^^^^^^^^^^^^^^^^^^^^
  File "/home/wenchang/asdasdsad/wjq/TTIE/releases/20260920-ttie-t062a-zr/research_log/T062A/infer.py", line 56, in guard
    raise PermissionError('T062-A low-only read guard: '+str(p))
PermissionError: [Errno None] None: '/tmp/tmpmwoa_3__'

During handling of the above exception, another exception occurred:

Traceback (most recent call last):
  File "/home/wenchang/anaconda3/envs/python3.12-tk2-2.3/lib/python3.12/tempfile.py", line 909, in onexc
    _os.unlink(path)
IsADirectoryError: [Errno 21] Is a directory: '/tmp/tmpmwoa_3__'

During handling of the above exception, another exception occurred:

Traceback (most recent call last):
  File "/home/wenchang/anaconda3/envs/python3.12-tk2-2.3/lib/python3.12/shutil.py", line 674, in _rmtree_safe_fd
    topfd = os.open(name, os.O_RDONLY | os.O_NONBLOCK, dir_fd=dirfd)
            ^^^^^^^^^^^^^^^^^^^^^^^^^^^^^^^^^^^^^^^^^^^^^^^^^^^^^^^^
  File "/home/wenchang/asdasdsad/wjq/TTIE/releases/20260920-ttie-t062a-zr/research_log/T062A/infer.py", line 56, in guard
    raise PermissionError('T062-A low-only read guard: '+str(p))
PermissionError: [Errno None] None: '/tmp/tmpmwoa_3__'

During handling of the above exception, another exception occurred:

Traceback (most recent call last):
  File "/home/wenchang/anaconda3/envs/python3.12-tk2-2.3/lib/python3.12/tempfile.py", line 909, in onexc
    _os.unlink(path)
IsADirectoryError: [Errno 21] Is a directory: '/tmp/tmpmwoa_3__'

During handling of the above exception, another exception occurred:

Traceback (most recent call last):
  File "/home/wenchang/anaconda3/envs/python3.12-tk2-2.3/lib/python3.12/shutil.py", line 674, in _rmtree_safe_fd
    topfd = os.open(name, os.O_RDONLY | os.O_NONBLOCK, dir_fd=dirfd)
            ^^^^^^^^^^^^^^^^^^^^^^^^^^^^^^^^^^^^^^^^^^^^^^^^^^^^^^^^
  File "/home/wenchang/asdasdsad/wjq/TTIE/releases/20260920-ttie-t062a-zr/research_log/T062A/infer.py", line 56, in guard
    raise PermissionError('T062-A low-only read guard: '+str(p))
PermissionError: [Errno None] None: '/tmp/tmpmwoa_3__'

During handling of the above exception, another exception occurred:

Traceback (most recent call last):
  File "/home/wenchang/anaconda3/envs/python3.12-tk2-2.3/lib/python3.12/tempfile.py", line 909, in onexc
    _os.unlink(path)
IsADirectoryError: [Errno 21] Is a directory: '/tmp/tmpmwoa_3__'

During handling of the above exception, another exception occurred:

Traceback (most recent call last):
  File "/home/wenchang/anaconda3/envs/python3.12-tk2-2.3/lib/python3.12/shutil.py", line 674, in _rmtree_safe_fd
    topfd = os.open(name, os.O_RDONLY | os.O_NONBLOCK, dir_fd=dirfd)
            ^^^^^^^^^^^^^^^^^^^^^^^^^^^^^^^^^^^^^^^^^^^^^^^^^^^^^^^^
  File "/home/wenchang/asdasdsad/wjq/TTIE/releases/20260920-ttie-t062a-zr/research_log/T062A/infer.py", line 56, in guard
    raise PermissionError('T062-A low-only read guard: '+str(p))
PermissionError: [Errno None] None: '/tmp/tmpmwoa_3__'

During handling of the above exception, another exception occurred:

Traceback (most recent call last):
  File "/home/wenchang/anaconda3/envs/python3.12-tk2-2.3/lib/python3.12/tempfile.py", line 909, in onexc
    _os.unlink(path)
IsADirectoryError: [Errno 21] Is a directory: '/tmp/tmpmwoa_3__'

During handling of the above exception, another exception occurred:

Traceback (most recent call last):
  File "/home/wenchang/anaconda3/envs/python3.12-tk2-2.3/lib/python3.12/shutil.py", line 674, in _rmtree_safe_fd
    topfd = os.open(name, os.O_RDONLY | os.O_NONBLOCK, dir_fd=dirfd)
            ^^^^^^^^^^^^^^^^^^^^^^^^^^^^^^^^^^^^^^^^^^^^^^^^^^^^^^^^
  File "/home/wenchang/asdasdsad/wjq/TTIE/releases/20260920-ttie-t062a-zr/research_log/T062A/infer.py", line 56, in guard
    raise PermissionError('T062-A low-only read guard: '+str(p))
PermissionError: [Errno None] None: '/tmp/tmpmwoa_3__'

During handling of the above exception, another exception occurred:

Traceback (most recent call last):
  File "/home/wenchang/anaconda3/envs/python3.12-tk2-2.3/lib/python3.12/tempfile.py", line 909, in onexc
    _os.unlink(path)
IsADirectoryError: [Errno 21] Is a directory: '/tmp/tmpmwoa_3__'

During handling of the above exception, another exception occurred:

Traceback (most recent call last):
  File "/home/wenchang/anaconda3/envs/python3.12-tk2-2.3/lib/python3.12/shutil.py", line 674, in _rmtree_safe_fd
    topfd = os.open(name, os.O_RDONLY | os.O_NONBLOCK, dir_fd=dirfd)
            ^^^^^^^^^^^^^^^^^^^^^^^^^^^^^^^^^^^^^^^^^^^^^^^^^^^^^^^^
  File "/home/wenchang/asdasdsad/wjq/TTIE/releases/20260920-ttie-t062a-zr/research_log/T062A/infer.py", line 56, in guard
    raise PermissionError('T062-A low-only read guard: '+str(p))
PermissionError: [Errno None] None: '/tmp/tmpmwoa_3__'

During handling of the above exception, another exception occurred:

Traceback (most recent call last):
  File "/home/wenchang/anaconda3/envs/python3.12-tk2-2.3/lib/python3.12/tempfile.py", line 909, in onexc
    _os.unlink(path)
IsADirectoryError: [Errno 21] Is a directory: '/tmp/tmpmwoa_3__'

During handling of the above exception, another exception occurred:

Traceback (most recent call last):
  File "/home/wenchang/anaconda3/envs/python3.12-tk2-2.3/lib/python3.12/shutil.py", line 674, in _rmtree_safe_fd
    topfd = os.open(name, os.O_RDONLY | os.O_NONBLOCK, dir_fd=dirfd)
            ^^^^^^^^^^^^^^^^^^^^^^^^^^^^^^^^^^^^^^^^^^^^^^^^^^^^^^^^
  File "/home/wenchang/asdasdsad/wjq/TTIE/releases/20260920-ttie-t062a-zr/research_log/T062A/infer.py", line 56, in guard
    raise PermissionError('T062-A low-only read guard: '+str(p))
PermissionError: [Errno None] None: '/tmp/tmpmwoa_3__'

During handling of the above exception, another exception occurred:

Traceback (most recent call last):
  File "/home/wenchang/anaconda3/envs/python3.12-tk2-2.3/lib/python3.12/tempfile.py", line 909, in onexc
    _os.unlink(path)
IsADirectoryError: [Errno 21] Is a directory: '/tmp/tmpmwoa_3__'

During handling of the above exception, another exception occurred:

Traceback (most recent call last):
  File "/home/wenchang/anaconda3/envs/python3.12-tk2-2.3/lib/python3.12/shutil.py", line 674, in _rmtree_safe_fd
    topfd = os.open(name, os.O_RDONLY | os.O_NONBLOCK, dir_fd=dirfd)
            ^^^^^^^^^^^^^^^^^^^^^^^^^^^^^^^^^^^^^^^^^^^^^^^^^^^^^^^^
  File "/home/wenchang/asdasdsad/wjq/TTIE/releases/20260920-ttie-t062a-zr/research_log/T062A/infer.py", line 56, in guard
    raise PermissionError('T062-A low-only read guard: '+str(p))
PermissionError: [Errno None] None: '/tmp/tmpmwoa_3__'

During handling of the above exception, another exception occurred:

Traceback (most recent call last):
  File "/home/wenchang/anaconda3/envs/python3.12-tk2-2.3/lib/python3.12/tempfile.py", line 909, in onexc
    _os.unlink(path)
IsADirectoryError: [Errno 21] Is a directory: '/tmp/tmpmwoa_3__'

During handling of the above exception, another exception occurred:

Traceback (most recent call last):
  File "/home/wenchang/anaconda3/envs/python3.12-tk2-2.3/lib/python3.12/shutil.py", line 674, in _rmtree_safe_fd
    topfd = os.open(name, os.O_RDONLY | os.O_NONBLOCK, dir_fd=dirfd)
            ^^^^^^^^^^^^^^^^^^^^^^^^^^^^^^^^^^^^^^^^^^^^^^^^^^^^^^^^
  File "/home/wenchang/asdasdsad/wjq/TTIE/releases/20260920-ttie-t062a-zr/research_log/T062A/infer.py", line 56, in guard
    raise PermissionError('T062-A low-only read guard: '+str(p))
PermissionError: [Errno None] None: '/tmp/tmpmwoa_3__'

During handling of the above exception, another exception occurred:

Traceback (most recent call last):
  File "/home/wenchang/anaconda3/envs/python3.12-tk2-2.3/lib/python3.12/tempfile.py", line 909, in onexc
    _os.unlink(path)
IsADirectoryError: [Errno 21] Is a directory: '/tmp/tmpmwoa_3__'

During handling of the above exception, another exception occurred:

Traceback (most recent call last):
  File "/home/wenchang/anaconda3/envs/python3.12-tk2-2.3/lib/python3.12/shutil.py", line 674, in _rmtree_safe_fd
    topfd = os.open(name, os.O_RDONLY | os.O_NONBLOCK, dir_fd=dirfd)
            ^^^^^^^^^^^^^^^^^^^^^^^^^^^^^^^^^^^^^^^^^^^^^^^^^^^^^^^^
  File "/home/wenchang/asdasdsad/wjq/TTIE/releases/20260920-ttie-t062a-zr/research_log/T062A/infer.py", line 56, in guard
    raise PermissionError('T062-A low-only read guard: '+str(p))
PermissionError: [Errno None] None: '/tmp/tmpmwoa_3__'

During handling of the above exception, another exception occurred:

Traceback (most recent call last):
  File "/home/wenchang/anaconda3/envs/python3.12-tk2-2.3/lib/python3.12/tempfile.py", line 909, in onexc
    _os.unlink(path)
IsADirectoryError: [Errno 21] Is a directory: '/tmp/tmpmwoa_3__'

During handling of the above exception, another exception occurred:

Traceback (most recent call last):
  File "/home/wenchang/anaconda3/envs/python3.12-tk2-2.3/lib/python3.12/pathlib.py", line 441, in __str__
    return self._str
           ^^^^^^^^^
AttributeError: 'PosixPath' object has no attribute '_str'

During handling of the above exception, another exception occurred:

Traceback (most recent call last):
  File "/home/wenchang/anaconda3/envs/python3.12-tk2-2.3/lib/python3.12/pathlib.py", line 555, in drive
    return self._drv
           ^^^^^^^^^
AttributeError: 'PosixPath' object has no attribute '_drv'

During handling of the above exception, another exception occurred:

Traceback (most recent call last):
  File "/home/wenchang/anaconda3/envs/python3.12-tk2-2.3/lib/python3.12/weakref.py", line 666, in _exitfunc
    f()
  File "/home/wenchang/anaconda3/envs/python3.12-tk2-2.3/lib/python3.12/weakref.py", line 590, in __call__
    return info.func(*info.args, **(info.kwargs or {}))
           ^^^^^^^^^^^^^^^^^^^^^^^^^^^^^^^^^^^^^^^^^^^^
  File "/home/wenchang/anaconda3/envs/python3.12-tk2-2.3/lib/python3.12/tempfile.py", line 939, in _cleanup
    cls._rmtree(name, ignore_errors=ignore_errors)
  File "/home/wenchang/anaconda3/envs/python3.12-tk2-2.3/lib/python3.12/tempfile.py", line 934, in _rmtree
    _shutil.rmtree(name, onexc=onexc)
  File "/home/wenchang/anaconda3/envs/python3.12-tk2-2.3/lib/python3.12/shutil.py", line 759, in rmtree
    _rmtree_safe_fd(stack, onexc)
  File "/home/wenchang/anaconda3/envs/python3.12-tk2-2.3/lib/python3.12/shutil.py", line 703, in _rmtree_safe_fd
    onexc(func, path, err)
  File "/home/wenchang/anaconda3/envs/python3.12-tk2-2.3/lib/python3.12/tempfile.py", line 911, in onexc
    cls._rmtree(path, ignore_errors=ignore_errors)
  File "/home/wenchang/anaconda3/envs/python3.12-tk2-2.3/lib/python3.12/tempfile.py", line 934, in _rmtree
    _shutil.rmtree(name, onexc=onexc)
  File "/home/wenchang/anaconda3/envs/python3.12-tk2-2.3/lib/python3.12/shutil.py", line 759, in rmtree
    _rmtree_safe_fd(stack, onexc)
  File "/home/wenchang/anaconda3/envs/python3.12-tk2-2.3/lib/python3.12/shutil.py", line 703, in _rmtree_safe_fd
    onexc(func, path, err)
  File "/home/wenchang/anaconda3/envs/python3.12-tk2-2.3/lib/python3.12/tempfile.py", line 911, in onexc
    cls._rmtree(path, ignore_errors=ignore_errors)
  File "/home/wenchang/anaconda3/envs/python3.12-tk2-2.3/lib/python3.12/tempfile.py", line 934, in _rmtree
    _shutil.rmtree(name, onexc=onexc)
  File "/home/wenchang/anaconda3/envs/python3.12-tk2-2.3/lib/python3.12/shutil.py", line 759, in rmtree
    _rmtree_safe_fd(stack, onexc)
  File "/home/wenchang/anaconda3/envs/python3.12-tk2-2.3/lib/python3.12/shutil.py", line 703, in _rmtree_safe_fd
    onexc(func, path, err)
  File "/home/wenchang/anaconda3/envs/python3.12-tk2-2.3/lib/python3.12/tempfile.py", line 911, in onexc
    cls._rmtree(path, ignore_errors=ignore_errors)
  File "/home/wenchang/anaconda3/envs/python3.12-tk2-2.3/lib/python3.12/tempfile.py", line 934, in _rmtree
    _shutil.rmtree(name, onexc=onexc)
  File "/home/wenchang/anaconda3/envs/python3.12-tk2-2.3/lib/python3.12/shutil.py", line 759, in rmtree
    _rmtree_safe_fd(stack, onexc)
  File "/home/wenchang/anaconda3/envs/python3.12-tk2-2.3/lib/python3.12/shutil.py", line 703, in _rmtree_safe_fd
    onexc(func, path, err)
  File "/home/wenchang/anaconda3/envs/python3.12-tk2-2.3/lib/python3.12/tempfile.py", line 911, in onexc
    cls._rmtree(path, ignore_errors=ignore_errors)
  File "/home/wenchang/anaconda3/envs/python3.12-tk2-2.3/lib/python3.12/tempfile.py", line 934, in _rmtree
    _shutil.rmtree(name, onexc=onexc)
  File "/home/wenchang/anaconda3/envs/python3.12-tk2-2.3/lib/python3.12/shutil.py", line 759, in rmtree
    _rmtree_safe_fd(stack, onexc)
  File "/home/wenchang/anaconda3/envs/python3.12-tk2-2.3/lib/python3.12/shutil.py", line 703, in _rmtree_safe_fd
    onexc(func, path, err)
  File "/home/wenchang/anaconda3/envs/python3.12-tk2-2.3/lib/python3.12/tempfile.py", line 911, in onexc
    cls._rmtree(path, ignore_errors=ignore_errors)
  File "/home/wenchang/anaconda3/envs/python3.12-tk2-2.3/lib/python3.12/tempfile.py", line 934, in _rmtree
    _shutil.rmtree(name, onexc=onexc)
  File "/home/wenchang/anaconda3/envs/python3.12-tk2-2.3/lib/python3.12/shutil.py", line 759, in rmtree
    _rmtree_safe_fd(stack, onexc)
  File "/home/wenchang/anaconda3/envs/python3.12-tk2-2.3/lib/python3.12/shutil.py", line 703, in _rmtree_safe_fd
    onexc(func, path, err)
  File "/home/wenchang/anaconda3/envs/python3.12-tk2-2.3/lib/python3.12/tempfile.py", line 911, in onexc
    cls._rmtree(path, ignore_errors=ignore_errors)
  File "/home/wenchang/anaconda3/envs/python3.12-tk2-2.3/lib/python3.12/tempfile.py", line 934, in _rmtree
    _shutil.rmtree(name, onexc=onexc)
  File "/home/wenchang/anaconda3/envs/python3.12-tk2-2.3/lib/python3.12/shutil.py", line 759, in rmtree
    _rmtree_safe_fd(stack, onexc)
  File "/home/wenchang/anaconda3/envs/python3.12-tk2-2.3/lib/python3.12/shutil.py", line 703, in _rmtree_safe_fd
    onexc(func, path, err)
  File "/home/wenchang/anaconda3/envs/python3.12-tk2-2.3/lib/python3.12/tempfile.py", line 911, in onexc
    cls._rmtree(path, ignore_errors=ignore_errors)
  File "/home/wenchang/anaconda3/envs/python3.12-tk2-2.3/lib/python3.12/tempfile.py", line 934, in _rmtree
    _shutil.rmtree(name, onexc=onexc)
  File "/home/wenchang/anaconda3/envs/python3.12-tk2-2.3/lib/python3.12/shutil.py", line 759, in rmtree
    _rmtree_safe_fd(stack, onexc)
  File "/home/wenchang/anaconda3/envs/python3.12-tk2-2.3/lib/python3.12/shutil.py", line 703, in _rmtree_safe_fd
    onexc(func, path, err)
  File "/home/wenchang/anaconda3/envs/python3.12-tk2-2.3/lib/python3.12/tempfile.py", line 911, in onexc
    cls._rmtree(path, ignore_errors=ignore_errors)
  File "/home/wenchang/anaconda3/envs/python3.12-tk2-2.3/lib/python3.12/tempfile.py", line 934, in _rmtree
    _shutil.rmtree(name, onexc=onexc)
  File "/home/wenchang/anaconda3/envs/python3.12-tk2-2.3/lib/python3.12/shutil.py", line 759, in rmtree
    _rmtree_safe_fd(stack, onexc)
  File "/home/wenchang/anaconda3/envs/python3.12-tk2-2.3/lib/python3.12/shutil.py", line 703, in _rmtree_safe_fd
    onexc(func, path, err)
  File "/home/wenchang/anaconda3/envs/python3.12-tk2-2.3/lib/python3.12/tempfile.py", line 911, in onexc
    cls._rmtree(path, ignore_errors=ignore_errors)
  File "/home/wenchang/anaconda3/envs/python3.12-tk2-2.3/lib/python3.12/tempfile.py", line 934, in _rmtree
    _shutil.rmtree(name, onexc=onexc)
  File "/home/wenchang/anaconda3/envs/python3.12-tk2-2.3/lib/python3.12/shutil.py", line 759, in rmtree
    _rmtree_safe_fd(stack, onexc)
  File "/home/wenchang/anaconda3/envs/python3.12-tk2-2.3/lib/python3.12/shutil.py", line 703, in _rmtree_safe_fd
    onexc(func, path, err)
  File "/home/wenchang/anaconda3/envs/python3.12-tk2-2.3/lib/python3.12/tempfile.py", line 911, in onexc
    cls._rmtree(path, ignore_errors=ignore_errors)
  File "/home/wenchang/anaconda3/envs/python3.12-tk2-2.3/lib/python3.12/tempfile.py", line 934, in _rmtree
    _shutil.rmtree(name, onexc=onexc)
  File "/home/wenchang/anaconda3/envs/python3.12-tk2-2.3/lib/python3.12/shutil.py", line 759, in rmtree
    _rmtree_safe_fd(stack, onexc)
  File "/home/wenchang/anaconda3/envs/python3.12-tk2-2.3/lib/python3.12/shutil.py", line 703, in _rmtree_safe_fd
    onexc(func, path, err)
  File "/home/wenchang/anaconda3/envs/python3.12-tk2-2.3/lib/python3.12/tempfile.py", line 911, in onexc
    cls._rmtree(path, ignore_errors=ignore_errors)
  File "/home/wenchang/anaconda3/envs/python3.12-tk2-2.3/lib/python3.12/tempfile.py", line 934, in _rmtree
    _shutil.rmtree(name, onexc=onexc)
  File "/home/wenchang/anaconda3/envs/python3.12-tk2-2.3/lib/python3.12/shutil.py", line 759, in rmtree
    _rmtree_safe_fd(stack, onexc)
  File "/home/wenchang/anaconda3/envs/python3.12-tk2-2.3/lib/python3.12/shutil.py", line 703, in _rmtree_safe_fd
    onexc(func, path, err)
  File "/home/wenchang/anaconda3/envs/python3.12-tk2-2.3/lib/python3.12/tempfile.py", line 911, in onexc
    cls._rmtree(path, ignore_errors=ignore_errors)
  File "/home/wenchang/anaconda3/envs/python3.12-tk2-2.3/lib/python3.12/tempfile.py", line 934, in _rmtree
    _shutil.rmtree(name, onexc=onexc)
  File "/home/wenchang/anaconda3/envs/python3.12-tk2-2.3/lib/python3.12/shutil.py", line 759, in rmtree
    _rmtree_safe_fd(stack, onexc)
  File "/home/wenchang/anaconda3/envs/python3.12-tk2-2.3/lib/python3.12/shutil.py", line 703, in _rmtree_safe_fd
    onexc(func, path, err)
  File "/home/wenchang/anaconda3/envs/python3.12-tk2-2.3/lib/python3.12/tempfile.py", line 911, in onexc
    cls._rmtree(path, ignore_errors=ignore_errors)
  File "/home/wenchang/anaconda3/envs/python3.12-tk2-2.3/lib/python3.12/tempfile.py", line 934, in _rmtree
    _shutil.rmtree(name, onexc=onexc)
  File "/home/wenchang/anaconda3/envs/python3.12-tk2-2.3/lib/python3.12/shutil.py", line 759, in rmtree
    _rmtree_safe_fd(stack, onexc)
  File "/home/wenchang/anaconda3/envs/python3.12-tk2-2.3/lib/python3.12/shutil.py", line 703, in _rmtree_safe_fd
    onexc(func, path, err)
  File "/home/wenchang/anaconda3/envs/python3.12-tk2-2.3/lib/python3.12/tempfile.py", line 911, in onexc
    cls._rmtree(path, ignore_errors=ignore_errors)
  File "/home/wenchang/anaconda3/envs/python3.12-tk2-2.3/lib/python3.12/tempfile.py", line 934, in _rmtree
    _shutil.rmtree(name, onexc=onexc)
  File "/home/wenchang/anaconda3/envs/python3.12-tk2-2.3/lib/python3.12/shutil.py", line 759, in rmtree
    _rmtree_safe_fd(stack, onexc)
  File "/home/wenchang/anaconda3/envs/python3.12-tk2-2.3/lib/python3.12/shutil.py", line 703, in _rmtree_safe_fd
    onexc(func, path, err)
  File "/home/wenchang/anaconda3/envs/python3.12-tk2-2.3/lib/python3.12/tempfile.py", line 911, in onexc
    cls._rmtree(path, ignore_errors=ignore_errors)
  File "/home/wenchang/anaconda3/envs/python3.12-tk2-2.3/lib/python3.12/tempfile.py", line 934, in _rmtree
    _shutil.rmtree(name, onexc=onexc)
  File "/home/wenchang/anaconda3/envs/python3.12-tk2-2.3/lib/python3.12/shutil.py", line 759, in rmtree
    _rmtree_safe_fd(stack, onexc)
  File "/home/wenchang/anaconda3/envs/python3.12-tk2-2.3/lib/python3.12/shutil.py", line 703, in _rmtree_safe_fd
    onexc(func, path, err)
  File "/home/wenchang/anaconda3/envs/python3.12-tk2-2.3/lib/python3.12/tempfile.py", line 911, in onexc
    cls._rmtree(path, ignore_errors=ignore_errors)
  File "/home/wenchang/anaconda3/envs/python3.12-tk2-2.3/lib/python3.12/tempfile.py", line 934, in _rmtree
    _shutil.rmtree(name, onexc=onexc)
  File "/home/wenchang/anaconda3/envs/python3.12-tk2-2.3/lib/python3.12/shutil.py", line 759, in rmtree
    _rmtree_safe_fd(stack, onexc)
  File "/home/wenchang/anaconda3/envs/python3.12-tk2-2.3/lib/python3.12/shutil.py", line 703, in _rmtree_safe_fd
    onexc(func, path, err)
  File "/home/wenchang/anaconda3/envs/python3.12-tk2-2.3/lib/python3.12/tempfile.py", line 911, in onexc
    cls._rmtree(path, ignore_errors=ignore_errors)
  File "/home/wenchang/anaconda3/envs/python3.12-tk2-2.3/lib/python3.12/tempfile.py", line 934, in _rmtree
    _shutil.rmtree(name, onexc=onexc)
  File "/home/wenchang/anaconda3/envs/python3.12-tk2-2.3/lib/python3.12/shutil.py", line 759, in rmtree
    _rmtree_safe_fd(stack, onexc)
  File "/home/wenchang/anaconda3/envs/python3.12-tk2-2.3/lib/python3.12/shutil.py", line 703, in _rmtree_safe_fd
    onexc(func, path, err)
  File "/home/wenchang/anaconda3/envs/python3.12-tk2-2.3/lib/python3.12/tempfile.py", line 911, in onexc
    cls._rmtree(path, ignore_errors=ignore_errors)
  File "/home/wenchang/anaconda3/envs/python3.12-tk2-2.3/lib/python3.12/tempfile.py", line 934, in _rmtree
    _shutil.rmtree(name, onexc=onexc)
  File "/home/wenchang/anaconda3/envs/python3.12-tk2-2.3/lib/python3.12/shutil.py", line 759, in rmtree
    _rmtree_safe_fd(stack, onexc)
  File "/home/wenchang/anaconda3/envs/python3.12-tk2-2.3/lib/python3.12/shutil.py", line 703, in _rmtree_safe_fd
    onexc(func, path, err)
  File "/home/wenchang/anaconda3/envs/python3.12-tk2-2.3/lib/python3.12/tempfile.py", line 911, in onexc
    cls._rmtree(path, ignore_errors=ignore_errors)
  File "/home/wenchang/anaconda3/envs/python3.12-tk2-2.3/lib/python3.12/tempfile.py", line 934, in _rmtree
    _shutil.rmtree(name, onexc=onexc)
  File "/home/wenchang/anaconda3/envs/python3.12-tk2-2.3/lib/python3.12/shutil.py", line 759, in rmtree
    _rmtree_safe_fd(stack, onexc)
  File "/home/wenchang/anaconda3/envs/python3.12-tk2-2.3/lib/python3.12/shutil.py", line 703, in _rmtree_safe_fd
    onexc(func, path, err)
  File "/home/wenchang/anaconda3/envs/python3.12-tk2-2.3/lib/python3.12/tempfile.py", line 911, in onexc
    cls._rmtree(path, ignore_errors=ignore_errors)
  File "/home/wenchang/anaconda3/envs/python3.12-tk2-2.3/lib/python3.12/tempfile.py", line 934, in _rmtree
    _shutil.rmtree(name, onexc=onexc)
  File "/home/wenchang/anaconda3/envs/python3.12-tk2-2.3/lib/python3.12/shutil.py", line 759, in rmtree
    _rmtree_safe_fd(stack, onexc)
  File "/home/wenchang/anaconda3/envs/python3.12-tk2-2.3/lib/python3.12/shutil.py", line 703, in _rmtree_safe_fd
    onexc(func, path, err)
  File "/home/wenchang/anaconda3/envs/python3.12-tk2-2.3/lib/python3.12/tempfile.py", line 911, in onexc
    cls._rmtree(path, ignore_errors=ignore_errors)
  File "/home/wenchang/anaconda3/envs/python3.12-tk2-2.3/lib/python3.12/tempfile.py", line 934, in _rmtree
    _shutil.rmtree(name, onexc=onexc)
  File "/home/wenchang/anaconda3/envs/python3.12-tk2-2.3/lib/python3.12/shutil.py", line 759, in rmtree
    _rmtree_safe_fd(stack, onexc)
  File "/home/wenchang/anaconda3/envs/python3.12-tk2-2.3/lib/python3.12/shutil.py", line 703, in _rmtree_safe_fd
    onexc(func, path, err)
  File "/home/wenchang/anaconda3/envs/python3.12-tk2-2.3/lib/python3.12/tempfile.py", line 911, in onexc
    cls._rmtree(path, ignore_errors=ignore_errors)
  File "/home/wenchang/anaconda3/envs/python3.12-tk2-2.3/lib/python3.12/tempfile.py", line 934, in _rmtree
    _shutil.rmtree(name, onexc=onexc)
  File "/home/wenchang/anaconda3/envs/python3.12-tk2-2.3/lib/python3.12/shutil.py", line 759, in rmtree
    _rmtree_safe_fd(stack, onexc)
  File "/home/wenchang/anaconda3/envs/python3.12-tk2-2.3/lib/python3.12/shutil.py", line 703, in _rmtree_safe_fd
    onexc(func, path, err)
  File "/home/wenchang/anaconda3/envs/python3.12-tk2-2.3/lib/python3.12/tempfile.py", line 911, in onexc
    cls._rmtree(path, ignore_errors=ignore_errors)
  File "/home/wenchang/anaconda3/envs/python3.12-tk2-2.3/lib/python3.12/tempfile.py", line 934, in _rmtree
    _shutil.rmtree(name, onexc=onexc)
  File "/home/wenchang/anaconda3/envs/python3.12-tk2-2.3/lib/python3.12/shutil.py", line 759, in rmtree
    _rmtree_safe_fd(stack, onexc)
  File "/home/wenchang/anaconda3/envs/python3.12-tk2-2.3/lib/python3.12/shutil.py", line 703, in _rmtree_safe_fd
    onexc(func, path, err)
  File "/home/wenchang/anaconda3/envs/python3.12-tk2-2.3/lib/python3.12/tempfile.py", line 911, in onexc
    cls._rmtree(path, ignore_errors=ignore_errors)
  File "/home/wenchang/anaconda3/envs/python3.12-tk2-2.3/lib/python3.12/tempfile.py", line 934, in _rmtree
    _shutil.rmtree(name, onexc=onexc)
  File "/home/wenchang/anaconda3/envs/python3.12-tk2-2.3/lib/python3.12/shutil.py", line 759, in rmtree
    _rmtree_safe_fd(stack, onexc)
  File "/home/wenchang/anaconda3/envs/python3.12-tk2-2.3/lib/python3.12/shutil.py", line 703, in _rmtree_safe_fd
    onexc(func, path, err)
  File "/home/wenchang/anaconda3/envs/python3.12-tk2-2.3/lib/python3.12/tempfile.py", line 911, in onexc
    cls._rmtree(path, ignore_errors=ignore_errors)
  File "/home/wenchang/anaconda3/envs/python3.12-tk2-2.3/lib/python3.12/tempfile.py", line 934, in _rmtree
    _shutil.rmtree(name, onexc=onexc)
  File "/home/wenchang/anaconda3/envs/python3.12-tk2-2.3/lib/python3.12/shutil.py", line 759, in rmtree
    _rmtree_safe_fd(stack, onexc)
  File "/home/wenchang/anaconda3/envs/python3.12-tk2-2.3/lib/python3.12/shutil.py", line 703, in _rmtree_safe_fd
    onexc(func, path, err)
  File "/home/wenchang/anaconda3/envs/python3.12-tk2-2.3/lib/python3.12/tempfile.py", line 911, in onexc
    cls._rmtree(path, ignore_errors=ignore_errors)
  File "/home/wenchang/anaconda3/envs/python3.12-tk2-2.3/lib/python3.12/tempfile.py", line 934, in _rmtree
    _shutil.rmtree(name, onexc=onexc)
  File "/home/wenchang/anaconda3/envs/python3.12-tk2-2.3/lib/python3.12/shutil.py", line 759, in rmtree
    _rmtree_safe_fd(stack, onexc)
  File "/home/wenchang/anaconda3/envs/python3.12-tk2-2.3/lib/python3.12/shutil.py", line 703, in _rmtree_safe_fd
    onexc(func, path, err)
  File "/home/wenchang/anaconda3/envs/python3.12-tk2-2.3/lib/python3.12/tempfile.py", line 911, in onexc
    cls._rmtree(path, ignore_errors=ignore_errors)
  File "/home/wenchang/anaconda3/envs/python3.12-tk2-2.3/lib/python3.12/tempfile.py", line 934, in _rmtree
    _shutil.rmtree(name, onexc=onexc)
  File "/home/wenchang/anaconda3/envs/python3.12-tk2-2.3/lib/python3.12/shutil.py", line 759, in rmtree
    _rmtree_safe_fd(stack, onexc)
  File "/home/wenchang/anaconda3/envs/python3.12-tk2-2.3/lib/python3.12/shutil.py", line 703, in _rmtree_safe_fd
    onexc(func, path, err)
  File "/home/wenchang/anaconda3/envs/python3.12-tk2-2.3/lib/python3.12/tempfile.py", line 911, in onexc
    cls._rmtree(path, ignore_errors=ignore_errors)
  File "/home/wenchang/anaconda3/envs/python3.12-tk2-2.3/lib/python3.12/tempfile.py", line 934, in _rmtree
    _shutil.rmtree(name, onexc=onexc)
  File "/home/wenchang/anaconda3/envs/python3.12-tk2-2.3/lib/python3.12/shutil.py", line 759, in rmtree
    _rmtree_safe_fd(stack, onexc)
  File "/home/wenchang/anaconda3/envs/python3.12-tk2-2.3/lib/python3.12/shutil.py", line 703, in _rmtree_safe_fd
    onexc(func, path, err)
  File "/home/wenchang/anaconda3/envs/python3.12-tk2-2.3/lib/python3.12/tempfile.py", line 911, in onexc
    cls._rmtree(path, ignore_errors=ignore_errors)
  File "/home/wenchang/anaconda3/envs/python3.12-tk2-2.3/lib/python3.12/tempfile.py", line 934, in _rmtree
    _shutil.rmtree(name, onexc=onexc)
  File "/home/wenchang/anaconda3/envs/python3.12-tk2-2.3/lib/python3.12/shutil.py", line 759, in rmtree
    _rmtree_safe_fd(stack, onexc)
  File "/home/wenchang/anaconda3/envs/python3.12-tk2-2.3/lib/python3.12/shutil.py", line 703, in _rmtree_safe_fd
    onexc(func, path, err)
  File "/home/wenchang/anaconda3/envs/python3.12-tk2-2.3/lib/python3.12/tempfile.py", line 911, in onexc
    cls._rmtree(path, ignore_errors=ignore_errors)
  File "/home/wenchang/anaconda3/envs/python3.12-tk2-2.3/lib/python3.12/tempfile.py", line 934, in _rmtree
    _shutil.rmtree(name, onexc=onexc)
  File "/home/wenchang/anaconda3/envs/python3.12-tk2-2.3/lib/python3.12/shutil.py", line 759, in rmtree
    _rmtree_safe_fd(stack, onexc)
  File "/home/wenchang/anaconda3/envs/python3.12-tk2-2.3/lib/python3.12/shutil.py", line 703, in _rmtree_safe_fd
    onexc(func, path, err)
  File "/home/wenchang/anaconda3/envs/python3.12-tk2-2.3/lib/python3.12/tempfile.py", line 911, in onexc
    cls._rmtree(path, ignore_errors=ignore_errors)
  File "/home/wenchang/anaconda3/envs/python3.12-tk2-2.3/lib/python3.12/tempfile.py", line 934, in _rmtree
    _shutil.rmtree(name, onexc=onexc)
  File "/home/wenchang/anaconda3/envs/python3.12-tk2-2.3/lib/python3.12/shutil.py", line 759, in rmtree
    _rmtree_safe_fd(stack, onexc)
  File "/home/wenchang/anaconda3/envs/python3.12-tk2-2.3/lib/python3.12/shutil.py", line 703, in _rmtree_safe_fd
    onexc(func, path, err)
  File "/home/wenchang/anaconda3/envs/python3.12-tk2-2.3/lib/python3.12/tempfile.py", line 911, in onexc
    cls._rmtree(path, ignore_errors=ignore_errors)
  File "/home/wenchang/anaconda3/envs/python3.12-tk2-2.3/lib/python3.12/tempfile.py", line 934, in _rmtree
    _shutil.rmtree(name, onexc=onexc)
  File "/home/wenchang/anaconda3/envs/python3.12-tk2-2.3/lib/python3.12/shutil.py", line 759, in rmtree
    _rmtree_safe_fd(stack, onexc)
  File "/home/wenchang/anaconda3/envs/python3.12-tk2-2.3/lib/python3.12/shutil.py", line 703, in _rmtree_safe_fd
    onexc(func, path, err)
  File "/home/wenchang/anaconda3/envs/python3.12-tk2-2.3/lib/python3.12/tempfile.py", line 911, in onexc
    cls._rmtree(path, ignore_errors=ignore_errors)
  File "/home/wenchang/anaconda3/envs/python3.12-tk2-2.3/lib/python3.12/tempfile.py", line 934, in _rmtree
    _shutil.rmtree(name, onexc=onexc)
  File "/home/wenchang/anaconda3/envs/python3.12-tk2-2.3/lib/python3.12/shutil.py", line 759, in rmtree
    _rmtree_safe_fd(stack, onexc)
  File "/home/wenchang/anaconda3/envs/python3.12-tk2-2.3/lib/python3.12/shutil.py", line 703, in _rmtree_safe_fd
    onexc(func, path, err)
  File "/home/wenchang/anaconda3/envs/python3.12-tk2-2.3/lib/python3.12/tempfile.py", line 911, in onexc
    cls._rmtree(path, ignore_errors=ignore_errors)
  File "/home/wenchang/anaconda3/envs/python3.12-tk2-2.3/lib/python3.12/tempfile.py", line 934, in _rmtree
    _shutil.rmtree(name, onexc=onexc)
  File "/home/wenchang/anaconda3/envs/python3.12-tk2-2.3/lib/python3.12/shutil.py", line 759, in rmtree
    _rmtree_safe_fd(stack, onexc)
  File "/home/wenchang/anaconda3/envs/python3.12-tk2-2.3/lib/python3.12/shutil.py", line 703, in _rmtree_safe_fd
    onexc(func, path, err)
  File "/home/wenchang/anaconda3/envs/python3.12-tk2-2.3/lib/python3.12/tempfile.py", line 911, in onexc
    cls._rmtree(path, ignore_errors=ignore_errors)
  File "/home/wenchang/anaconda3/envs/python3.12-tk2-2.3/lib/python3.12/tempfile.py", line 934, in _rmtree
    _shutil.rmtree(name, onexc=onexc)
  File "/home/wenchang/anaconda3/envs/python3.12-tk2-2.3/lib/python3.12/shutil.py", line 759, in rmtree
    _rmtree_safe_fd(stack, onexc)
  File "/home/wenchang/anaconda3/envs/python3.12-tk2-2.3/lib/python3.12/shutil.py", line 703, in _rmtree_safe_fd
    onexc(func, path, err)
  File "/home/wenchang/anaconda3/envs/python3.12-tk2-2.3/lib/python3.12/tempfile.py", line 911, in onexc
    cls._rmtree(path, ignore_errors=ignore_errors)
  File "/home/wenchang/anaconda3/envs/python3.12-tk2-2.3/lib/python3.12/tempfile.py", line 934, in _rmtree
    _shutil.rmtree(name, onexc=onexc)
  File "/home/wenchang/anaconda3/envs/python3.12-tk2-2.3/lib/python3.12/shutil.py", line 759, in rmtree
    _rmtree_safe_fd(stack, onexc)
  File "/home/wenchang/anaconda3/envs/python3.12-tk2-2.3/lib/python3.12/shutil.py", line 703, in _rmtree_safe_fd
    onexc(func, path, err)
  File "/home/wenchang/anaconda3/envs/python3.12-tk2-2.3/lib/python3.12/tempfile.py", line 911, in onexc
    cls._rmtree(path, ignore_errors=ignore_errors)
  File "/home/wenchang/anaconda3/envs/python3.12-tk2-2.3/lib/python3.12/tempfile.py", line 934, in _rmtree
    _shutil.rmtree(name, onexc=onexc)
  File "/home/wenchang/anaconda3/envs/python3.12-tk2-2.3/lib/python3.12/shutil.py", line 759, in rmtree
    _rmtree_safe_fd(stack, onexc)
  File "/home/wenchang/anaconda3/envs/python3.12-tk2-2.3/lib/python3.12/shutil.py", line 703, in _rmtree_safe_fd
    onexc(func, path, err)
  File "/home/wenchang/anaconda3/envs/python3.12-tk2-2.3/lib/python3.12/tempfile.py", line 911, in onexc
    cls._rmtree(path, ignore_errors=ignore_errors)
  File "/home/wenchang/anaconda3/envs/python3.12-tk2-2.3/lib/python3.12/tempfile.py", line 934, in _rmtree
    _shutil.rmtree(name, onexc=onexc)
  File "/home/wenchang/anaconda3/envs/python3.12-tk2-2.3/lib/python3.12/shutil.py", line 759, in rmtree
    _rmtree_safe_fd(stack, onexc)
  File "/home/wenchang/anaconda3/envs/python3.12-tk2-2.3/lib/python3.12/shutil.py", line 703, in _rmtree_safe_fd
    onexc(func, path, err)
  File "/home/wenchang/anaconda3/envs/python3.12-tk2-2.3/lib/python3.12/tempfile.py", line 911, in onexc
    cls._rmtree(path, ignore_errors=ignore_errors)
  File "/home/wenchang/anaconda3/envs/python3.12-tk2-2.3/lib/python3.12/tempfile.py", line 934, in _rmtree
    _shutil.rmtree(name, onexc=onexc)
  File "/home/wenchang/anaconda3/envs/python3.12-tk2-2.3/lib/python3.12/shutil.py", line 759, in rmtree
    _rmtree_safe_fd(stack, onexc)
  File "/home/wenchang/anaconda3/envs/python3.12-tk2-2.3/lib/python3.12/shutil.py", line 703, in _rmtree_safe_fd
    onexc(func, path, err)
  File "/home/wenchang/anaconda3/envs/python3.12-tk2-2.3/lib/python3.12/tempfile.py", line 911, in onexc
    cls._rmtree(path, ignore_errors=ignore_errors)
  File "/home/wenchang/anaconda3/envs/python3.12-tk2-2.3/lib/python3.12/tempfile.py", line 934, in _rmtree
    _shutil.rmtree(name, onexc=onexc)
  File "/home/wenchang/anaconda3/envs/python3.12-tk2-2.3/lib/python3.12/shutil.py", line 759, in rmtree
    _rmtree_safe_fd(stack, onexc)
  File "/home/wenchang/anaconda3/envs/python3.12-tk2-2.3/lib/python3.12/shutil.py", line 703, in _rmtree_safe_fd
    onexc(func, path, err)
  File "/home/wenchang/anaconda3/envs/python3.12-tk2-2.3/lib/python3.12/tempfile.py", line 911, in onexc
    cls._rmtree(path, ignore_errors=ignore_errors)
  File "/home/wenchang/anaconda3/envs/python3.12-tk2-2.3/lib/python3.12/tempfile.py", line 934, in _rmtree
    _shutil.rmtree(name, onexc=onexc)
  File "/home/wenchang/anaconda3/envs/python3.12-tk2-2.3/lib/python3.12/shutil.py", line 759, in rmtree
    _rmtree_safe_fd(stack, onexc)
  File "/home/wenchang/anaconda3/envs/python3.12-tk2-2.3/lib/python3.12/shutil.py", line 703, in _rmtree_safe_fd
    onexc(func, path, err)
  File "/home/wenchang/anaconda3/envs/python3.12-tk2-2.3/lib/python3.12/tempfile.py", line 911, in onexc
    cls._rmtree(path, ignore_errors=ignore_errors)
  File "/home/wenchang/anaconda3/envs/python3.12-tk2-2.3/lib/python3.12/tempfile.py", line 934, in _rmtree
    _shutil.rmtree(name, onexc=onexc)
  File "/home/wenchang/anaconda3/envs/python3.12-tk2-2.3/lib/python3.12/shutil.py", line 759, in rmtree
    _rmtree_safe_fd(stack, onexc)
  File "/home/wenchang/anaconda3/envs/python3.12-tk2-2.3/lib/python3.12/shutil.py", line 703, in _rmtree_safe_fd
    onexc(func, path, err)
  File "/home/wenchang/anaconda3/envs/python3.12-tk2-2.3/lib/python3.12/tempfile.py", line 911, in onexc
    cls._rmtree(path, ignore_errors=ignore_errors)
  File "/home/wenchang/anaconda3/envs/python3.12-tk2-2.3/lib/python3.12/tempfile.py", line 934, in _rmtree
    _shutil.rmtree(name, onexc=onexc)
  File "/home/wenchang/anaconda3/envs/python3.12-tk2-2.3/lib/python3.12/shutil.py", line 759, in rmtree
    _rmtree_safe_fd(stack, onexc)
  File "/home/wenchang/anaconda3/envs/python3.12-tk2-2.3/lib/python3.12/shutil.py", line 703, in _rmtree_safe_fd
    onexc(func, path, err)
  File "/home/wenchang/anaconda3/envs/python3.12-tk2-2.3/lib/python3.12/tempfile.py", line 911, in onexc
    cls._rmtree(path, ignore_errors=ignore_errors)
  File "/home/wenchang/anaconda3/envs/python3.12-tk2-2.3/lib/python3.12/tempfile.py", line 934, in _rmtree
    _shutil.rmtree(name, onexc=onexc)
  File "/home/wenchang/anaconda3/envs/python3.12-tk2-2.3/lib/python3.12/shutil.py", line 759, in rmtree
    _rmtree_safe_fd(stack, onexc)
  File "/home/wenchang/anaconda3/envs/python3.12-tk2-2.3/lib/python3.12/shutil.py", line 703, in _rmtree_safe_fd
    onexc(func, path, err)
  File "/home/wenchang/anaconda3/envs/python3.12-tk2-2.3/lib/python3.12/tempfile.py", line 911, in onexc
    cls._rmtree(path, ignore_errors=ignore_errors)
  File "/home/wenchang/anaconda3/envs/python3.12-tk2-2.3/lib/python3.12/tempfile.py", line 934, in _rmtree
    _shutil.rmtree(name, onexc=onexc)
  File "/home/wenchang/anaconda3/envs/python3.12-tk2-2.3/lib/python3.12/shutil.py", line 759, in rmtree
    _rmtree_safe_fd(stack, onexc)
  File "/home/wenchang/anaconda3/envs/python3.12-tk2-2.3/lib/python3.12/shutil.py", line 703, in _rmtree_safe_fd
    onexc(func, path, err)
  File "/home/wenchang/anaconda3/envs/python3.12-tk2-2.3/lib/python3.12/tempfile.py", line 911, in onexc
    cls._rmtree(path, ignore_errors=ignore_errors)
  File "/home/wenchang/anaconda3/envs/python3.12-tk2-2.3/lib/python3.12/tempfile.py", line 934, in _rmtree
    _shutil.rmtree(name, onexc=onexc)
  File "/home/wenchang/anaconda3/envs/python3.12-tk2-2.3/lib/python3.12/shutil.py", line 759, in rmtree
    _rmtree_safe_fd(stack, onexc)
  File "/home/wenchang/anaconda3/envs/python3.12-tk2-2.3/lib/python3.12/shutil.py", line 703, in _rmtree_safe_fd
    onexc(func, path, err)
  File "/home/wenchang/anaconda3/envs/python3.12-tk2-2.3/lib/python3.12/tempfile.py", line 911, in onexc
    cls._rmtree(path, ignore_errors=ignore_errors)
  File "/home/wenchang/anaconda3/envs/python3.12-tk2-2.3/lib/python3.12/tempfile.py", line 934, in _rmtree
    _shutil.rmtree(name, onexc=onexc)
  File "/home/wenchang/anaconda3/envs/python3.12-tk2-2.3/lib/python3.12/shutil.py", line 759, in rmtree
    _rmtree_safe_fd(stack, onexc)
  File "/home/wenchang/anaconda3/envs/python3.12-tk2-2.3/lib/python3.12/shutil.py", line 703, in _rmtree_safe_fd
    onexc(func, path, err)
  File "/home/wenchang/anaconda3/envs/python3.12-tk2-2.3/lib/python3.12/tempfile.py", line 911, in onexc
    cls._rmtree(path, ignore_errors=ignore_errors)
  File "/home/wenchang/anaconda3/envs/python3.12-tk2-2.3/lib/python3.12/tempfile.py", line 934, in _rmtree
    _shutil.rmtree(name, onexc=onexc)
  File "/home/wenchang/anaconda3/envs/python3.12-tk2-2.3/lib/python3.12/shutil.py", line 759, in rmtree
    _rmtree_safe_fd(stack, onexc)
  File "/home/wenchang/anaconda3/envs/python3.12-tk2-2.3/lib/python3.12/shutil.py", line 703, in _rmtree_safe_fd
    onexc(func, path, err)
  File "/home/wenchang/anaconda3/envs/python3.12-tk2-2.3/lib/python3.12/tempfile.py", line 911, in onexc
    cls._rmtree(path, ignore_errors=ignore_errors)
  File "/home/wenchang/anaconda3/envs/python3.12-tk2-2.3/lib/python3.12/tempfile.py", line 934, in _rmtree
    _shutil.rmtree(name, onexc=onexc)
  File "/home/wenchang/anaconda3/envs/python3.12-tk2-2.3/lib/python3.12/shutil.py", line 759, in rmtree
    _rmtree_safe_fd(stack, onexc)
  File "/home/wenchang/anaconda3/envs/python3.12-tk2-2.3/lib/python3.12/shutil.py", line 703, in _rmtree_safe_fd
    onexc(func, path, err)
  File "/home/wenchang/anaconda3/envs/python3.12-tk2-2.3/lib/python3.12/tempfile.py", line 911, in onexc
    cls._rmtree(path, ignore_errors=ignore_errors)
  File "/home/wenchang/anaconda3/envs/python3.12-tk2-2.3/lib/python3.12/tempfile.py", line 934, in _rmtree
    _shutil.rmtree(name, onexc=onexc)
  File "/home/wenchang/anaconda3/envs/python3.12-tk2-2.3/lib/python3.12/shutil.py", line 759, in rmtree
    _rmtree_safe_fd(stack, onexc)
  File "/home/wenchang/anaconda3/envs/python3.12-tk2-2.3/lib/python3.12/shutil.py", line 703, in _rmtree_safe_fd
    onexc(func, path, err)
  File "/home/wenchang/anaconda3/envs/python3.12-tk2-2.3/lib/python3.12/tempfile.py", line 911, in onexc
    cls._rmtree(path, ignore_errors=ignore_errors)
  File "/home/wenchang/anaconda3/envs/python3.12-tk2-2.3/lib/python3.12/tempfile.py", line 934, in _rmtree
    _shutil.rmtree(name, onexc=onexc)
  File "/home/wenchang/anaconda3/envs/python3.12-tk2-2.3/lib/python3.12/shutil.py", line 759, in rmtree
    _rmtree_safe_fd(stack, onexc)
  File "/home/wenchang/anaconda3/envs/python3.12-tk2-2.3/lib/python3.12/shutil.py", line 703, in _rmtree_safe_fd
    onexc(func, path, err)
  File "/home/wenchang/anaconda3/envs/python3.12-tk2-2.3/lib/python3.12/tempfile.py", line 911, in onexc
    cls._rmtree(path, ignore_errors=ignore_errors)
  File "/home/wenchang/anaconda3/envs/python3.12-tk2-2.3/lib/python3.12/tempfile.py", line 934, in _rmtree
    _shutil.rmtree(name, onexc=onexc)
  File "/home/wenchang/anaconda3/envs/python3.12-tk2-2.3/lib/python3.12/shutil.py", line 759, in rmtree
    _rmtree_safe_fd(stack, onexc)
  File "/home/wenchang/anaconda3/envs/python3.12-tk2-2.3/lib/python3.12/shutil.py", line 703, in _rmtree_safe_fd
    onexc(func, path, err)
  File "/home/wenchang/anaconda3/envs/python3.12-tk2-2.3/lib/python3.12/tempfile.py", line 911, in onexc
    cls._rmtree(path, ignore_errors=ignore_errors)
  File "/home/wenchang/anaconda3/envs/python3.12-tk2-2.3/lib/python3.12/tempfile.py", line 934, in _rmtree
    _shutil.rmtree(name, onexc=onexc)
  File "/home/wenchang/anaconda3/envs/python3.12-tk2-2.3/lib/python3.12/shutil.py", line 759, in rmtree
    _rmtree_safe_fd(stack, onexc)
  File "/home/wenchang/anaconda3/envs/python3.12-tk2-2.3/lib/python3.12/shutil.py", line 703, in _rmtree_safe_fd
    onexc(func, path, err)
  File "/home/wenchang/anaconda3/envs/python3.12-tk2-2.3/lib/python3.12/tempfile.py", line 911, in onexc
    cls._rmtree(path, ignore_errors=ignore_errors)
  File "/home/wenchang/anaconda3/envs/python3.12-tk2-2.3/lib/python3.12/tempfile.py", line 934, in _rmtree
    _shutil.rmtree(name, onexc=onexc)
  File "/home/wenchang/anaconda3/envs/python3.12-tk2-2.3/lib/python3.12/shutil.py", line 759, in rmtree
    _rmtree_safe_fd(stack, onexc)
  File "/home/wenchang/anaconda3/envs/python3.12-tk2-2.3/lib/python3.12/shutil.py", line 703, in _rmtree_safe_fd
    onexc(func, path, err)
  File "/home/wenchang/anaconda3/envs/python3.12-tk2-2.3/lib/python3.12/tempfile.py", line 911, in onexc
    cls._rmtree(path, ignore_errors=ignore_errors)
  File "/home/wenchang/anaconda3/envs/python3.12-tk2-2.3/lib/python3.12/tempfile.py", line 934, in _rmtree
    _shutil.rmtree(name, onexc=onexc)
  File "/home/wenchang/anaconda3/envs/python3.12-tk2-2.3/lib/python3.12/shutil.py", line 759, in rmtree
    _rmtree_safe_fd(stack, onexc)
  File "/home/wenchang/anaconda3/envs/python3.12-tk2-2.3/lib/python3.12/shutil.py", line 703, in _rmtree_safe_fd
    onexc(func, path, err)
  File "/home/wenchang/anaconda3/envs/python3.12-tk2-2.3/lib/python3.12/tempfile.py", line 911, in onexc
    cls._rmtree(path, ignore_errors=ignore_errors)
  File "/home/wenchang/anaconda3/envs/python3.12-tk2-2.3/lib/python3.12/tempfile.py", line 934, in _rmtree
    _shutil.rmtree(name, onexc=onexc)
  File "/home/wenchang/anaconda3/envs/python3.12-tk2-2.3/lib/python3.12/shutil.py", line 759, in rmtree
    _rmtree_safe_fd(stack, onexc)
  File "/home/wenchang/anaconda3/envs/python3.12-tk2-2.3/lib/python3.12/shutil.py", line 703, in _rmtree_safe_fd
    onexc(func, path, err)
  File "/home/wenchang/anaconda3/envs/python3.12-tk2-2.3/lib/python3.12/tempfile.py", line 911, in onexc
    cls._rmtree(path, ignore_errors=ignore_errors)
  File "/home/wenchang/anaconda3/envs/python3.12-tk2-2.3/lib/python3.12/tempfile.py", line 934, in _rmtree
    _shutil.rmtree(name, onexc=onexc)
  File "/home/wenchang/anaconda3/envs/python3.12-tk2-2.3/lib/python3.12/shutil.py", line 759, in rmtree
    _rmtree_safe_fd(stack, onexc)
  File "/home/wenchang/anaconda3/envs/python3.12-tk2-2.3/lib/python3.12/shutil.py", line 703, in _rmtree_safe_fd
    onexc(func, path, err)
  File "/home/wenchang/anaconda3/envs/python3.12-tk2-2.3/lib/python3.12/tempfile.py", line 911, in onexc
    cls._rmtree(path, ignore_errors=ignore_errors)
  File "/home/wenchang/anaconda3/envs/python3.12-tk2-2.3/lib/python3.12/tempfile.py", line 934, in _rmtree
    _shutil.rmtree(name, onexc=onexc)
  File "/home/wenchang/anaconda3/envs/python3.12-tk2-2.3/lib/python3.12/shutil.py", line 759, in rmtree
    _rmtree_safe_fd(stack, onexc)
  File "/home/wenchang/anaconda3/envs/python3.12-tk2-2.3/lib/python3.12/shutil.py", line 703, in _rmtree_safe_fd
    onexc(func, path, err)
  File "/home/wenchang/anaconda3/envs/python3.12-tk2-2.3/lib/python3.12/tempfile.py", line 911, in onexc
    cls._rmtree(path, ignore_errors=ignore_errors)
  File "/home/wenchang/anaconda3/envs/python3.12-tk2-2.3/lib/python3.12/tempfile.py", line 934, in _rmtree
    _shutil.rmtree(name, onexc=onexc)
  File "/home/wenchang/anaconda3/envs/python3.12-tk2-2.3/lib/python3.12/shutil.py", line 759, in rmtree
    _rmtree_safe_fd(stack, onexc)
  File "/home/wenchang/anaconda3/envs/python3.12-tk2-2.3/lib/python3.12/shutil.py", line 703, in _rmtree_safe_fd
    onexc(func, path, err)
  File "/home/wenchang/anaconda3/envs/python3.12-tk2-2.3/lib/python3.12/tempfile.py", line 911, in onexc
    cls._rmtree(path, ignore_errors=ignore_errors)
  File "/home/wenchang/anaconda3/envs/python3.12-tk2-2.3/lib/python3.12/tempfile.py", line 934, in _rmtree
    _shutil.rmtree(name, onexc=onexc)
  File "/home/wenchang/anaconda3/envs/python3.12-tk2-2.3/lib/python3.12/shutil.py", line 759, in rmtree
    _rmtree_safe_fd(stack, onexc)
  File "/home/wenchang/anaconda3/envs/python3.12-tk2-2.3/lib/python3.12/shutil.py", line 703, in _rmtree_safe_fd
    onexc(func, path, err)
  File "/home/wenchang/anaconda3/envs/python3.12-tk2-2.3/lib/python3.12/tempfile.py", line 911, in onexc
    cls._rmtree(path, ignore_errors=ignore_errors)
  File "/home/wenchang/anaconda3/envs/python3.12-tk2-2.3/lib/python3.12/tempfile.py", line 934, in _rmtree
    _shutil.rmtree(name, onexc=onexc)
  File "/home/wenchang/anaconda3/envs/python3.12-tk2-2.3/lib/python3.12/shutil.py", line 759, in rmtree
    _rmtree_safe_fd(stack, onexc)
  File "/home/wenchang/anaconda3/envs/python3.12-tk2-2.3/lib/python3.12/shutil.py", line 703, in _rmtree_safe_fd
    onexc(func, path, err)
  File "/home/wenchang/anaconda3/envs/python3.12-tk2-2.3/lib/python3.12/tempfile.py", line 911, in onexc
    cls._rmtree(path, ignore_errors=ignore_errors)
  File "/home/wenchang/anaconda3/envs/python3.12-tk2-2.3/lib/python3.12/tempfile.py", line 934, in _rmtree
    _shutil.rmtree(name, onexc=onexc)
  File "/home/wenchang/anaconda3/envs/python3.12-tk2-2.3/lib/python3.12/shutil.py", line 759, in rmtree
    _rmtree_safe_fd(stack, onexc)
  File "/home/wenchang/anaconda3/envs/python3.12-tk2-2.3/lib/python3.12/shutil.py", line 703, in _rmtree_safe_fd
    onexc(func, path, err)
  File "/home/wenchang/anaconda3/envs/python3.12-tk2-2.3/lib/python3.12/tempfile.py", line 911, in onexc
    cls._rmtree(path, ignore_errors=ignore_errors)
  File "/home/wenchang/anaconda3/envs/python3.12-tk2-2.3/lib/python3.12/tempfile.py", line 934, in _rmtree
    _shutil.rmtree(name, onexc=onexc)
  File "/home/wenchang/anaconda3/envs/python3.12-tk2-2.3/lib/python3.12/shutil.py", line 759, in rmtree
    _rmtree_safe_fd(stack, onexc)
  File "/home/wenchang/anaconda3/envs/python3.12-tk2-2.3/lib/python3.12/shutil.py", line 703, in _rmtree_safe_fd
    onexc(func, path, err)
  File "/home/wenchang/anaconda3/envs/python3.12-tk2-2.3/lib/python3.12/tempfile.py", line 911, in onexc
    cls._rmtree(path, ignore_errors=ignore_errors)
  File "/home/wenchang/anaconda3/envs/python3.12-tk2-2.3/lib/python3.12/tempfile.py", line 934, in _rmtree
    _shutil.rmtree(name, onexc=onexc)
  File "/home/wenchang/anaconda3/envs/python3.12-tk2-2.3/lib/python3.12/shutil.py", line 759, in rmtree
    _rmtree_safe_fd(stack, onexc)
  File "/home/wenchang/anaconda3/envs/python3.12-tk2-2.3/lib/python3.12/shutil.py", line 703, in _rmtree_safe_fd
    onexc(func, path, err)
  File "/home/wenchang/anaconda3/envs/python3.12-tk2-2.3/lib/python3.12/tempfile.py", line 911, in onexc
    cls._rmtree(path, ignore_errors=ignore_errors)
  File "/home/wenchang/anaconda3/envs/python3.12-tk2-2.3/lib/python3.12/tempfile.py", line 934, in _rmtree
    _shutil.rmtree(name, onexc=onexc)
  File "/home/wenchang/anaconda3/envs/python3.12-tk2-2.3/lib/python3.12/shutil.py", line 759, in rmtree
    _rmtree_safe_fd(stack, onexc)
  File "/home/wenchang/anaconda3/envs/python3.12-tk2-2.3/lib/python3.12/shutil.py", line 703, in _rmtree_safe_fd
    onexc(func, path, err)
  File "/home/wenchang/anaconda3/envs/python3.12-tk2-2.3/lib/python3.12/tempfile.py", line 911, in onexc
    cls._rmtree(path, ignore_errors=ignore_errors)
  File "/home/wenchang/anaconda3/envs/python3.12-tk2-2.3/lib/python3.12/tempfile.py", line 934, in _rmtree
    _shutil.rmtree(name, onexc=onexc)
  File "/home/wenchang/anaconda3/envs/python3.12-tk2-2.3/lib/python3.12/shutil.py", line 759, in rmtree
    _rmtree_safe_fd(stack, onexc)
  File "/home/wenchang/anaconda3/envs/python3.12-tk2-2.3/lib/python3.12/shutil.py", line 703, in _rmtree_safe_fd
    onexc(func, path, err)
  File "/home/wenchang/anaconda3/envs/python3.12-tk2-2.3/lib/python3.12/tempfile.py", line 911, in onexc
    cls._rmtree(path, ignore_errors=ignore_errors)
  File "/home/wenchang/anaconda3/envs/python3.12-tk2-2.3/lib/python3.12/tempfile.py", line 934, in _rmtree
    _shutil.rmtree(name, onexc=onexc)
  File "/home/wenchang/anaconda3/envs/python3.12-tk2-2.3/lib/python3.12/shutil.py", line 759, in rmtree
    _rmtree_safe_fd(stack, onexc)
  File "/home/wenchang/anaconda3/envs/python3.12-tk2-2.3/lib/python3.12/shutil.py", line 703, in _rmtree_safe_fd
    onexc(func, path, err)
  File "/home/wenchang/anaconda3/envs/python3.12-tk2-2.3/lib/python3.12/tempfile.py", line 911, in onexc
    cls._rmtree(path, ignore_errors=ignore_errors)
  File "/home/wenchang/anaconda3/envs/python3.12-tk2-2.3/lib/python3.12/tempfile.py", line 934, in _rmtree
    _shutil.rmtree(name, onexc=onexc)
  File "/home/wenchang/anaconda3/envs/python3.12-tk2-2.3/lib/python3.12/shutil.py", line 759, in rmtree
    _rmtree_safe_fd(stack, onexc)
  File "/home/wenchang/anaconda3/envs/python3.12-tk2-2.3/lib/python3.12/shutil.py", line 703, in _rmtree_safe_fd
    onexc(func, path, err)
  File "/home/wenchang/anaconda3/envs/python3.12-tk2-2.3/lib/python3.12/tempfile.py", line 911, in onexc
    cls._rmtree(path, ignore_errors=ignore_errors)
  File "/home/wenchang/anaconda3/envs/python3.12-tk2-2.3/lib/python3.12/tempfile.py", line 934, in _rmtree
    _shutil.rmtree(name, onexc=onexc)
  File "/home/wenchang/anaconda3/envs/python3.12-tk2-2.3/lib/python3.12/shutil.py", line 759, in rmtree
    _rmtree_safe_fd(stack, onexc)
  File "/home/wenchang/anaconda3/envs/python3.12-tk2-2.3/lib/python3.12/shutil.py", line 703, in _rmtree_safe_fd
    onexc(func, path, err)
  File "/home/wenchang/anaconda3/envs/python3.12-tk2-2.3/lib/python3.12/tempfile.py", line 911, in onexc
    cls._rmtree(path, ignore_errors=ignore_errors)
  File "/home/wenchang/anaconda3/envs/python3.12-tk2-2.3/lib/python3.12/tempfile.py", line 934, in _rmtree
    _shutil.rmtree(name, onexc=onexc)
  File "/home/wenchang/anaconda3/envs/python3.12-tk2-2.3/lib/python3.12/shutil.py", line 759, in rmtree
    _rmtree_safe_fd(stack, onexc)
  File "/home/wenchang/anaconda3/envs/python3.12-tk2-2.3/lib/python3.12/shutil.py", line 703, in _rmtree_safe_fd
    onexc(func, path, err)
  File "/home/wenchang/anaconda3/envs/python3.12-tk2-2.3/lib/python3.12/tempfile.py", line 911, in onexc
    cls._rmtree(path, ignore_errors=ignore_errors)
  File "/home/wenchang/anaconda3/envs/python3.12-tk2-2.3/lib/python3.12/tempfile.py", line 934, in _rmtree
    _shutil.rmtree(name, onexc=onexc)
  File "/home/wenchang/anaconda3/envs/python3.12-tk2-2.3/lib/python3.12/shutil.py", line 759, in rmtree
    _rmtree_safe_fd(stack, onexc)
  File "/home/wenchang/anaconda3/envs/python3.12-tk2-2.3/lib/python3.12/shutil.py", line 703, in _rmtree_safe_fd
    onexc(func, path, err)
  File "/home/wenchang/anaconda3/envs/python3.12-tk2-2.3/lib/python3.12/tempfile.py", line 911, in onexc
    cls._rmtree(path, ignore_errors=ignore_errors)
  File "/home/wenchang/anaconda3/envs/python3.12-tk2-2.3/lib/python3.12/tempfile.py", line 934, in _rmtree
    _shutil.rmtree(name, onexc=onexc)
  File "/home/wenchang/anaconda3/envs/python3.12-tk2-2.3/lib/python3.12/shutil.py", line 759, in rmtree
    _rmtree_safe_fd(stack, onexc)
  File "/home/wenchang/anaconda3/envs/python3.12-tk2-2.3/lib/python3.12/shutil.py", line 703, in _rmtree_safe_fd
    onexc(func, path, err)
  File "/home/wenchang/anaconda3/envs/python3.12-tk2-2.3/lib/python3.12/tempfile.py", line 911, in onexc
    cls._rmtree(path, ignore_errors=ignore_errors)
  File "/home/wenchang/anaconda3/envs/python3.12-tk2-2.3/lib/python3.12/tempfile.py", line 934, in _rmtree
    _shutil.rmtree(name, onexc=onexc)
  File "/home/wenchang/anaconda3/envs/python3.12-tk2-2.3/lib/python3.12/shutil.py", line 759, in rmtree
    _rmtree_safe_fd(stack, onexc)
  File "/home/wenchang/anaconda3/envs/python3.12-tk2-2.3/lib/python3.12/shutil.py", line 703, in _rmtree_safe_fd
    onexc(func, path, err)
  File "/home/wenchang/anaconda3/envs/python3.12-tk2-2.3/lib/python3.12/tempfile.py", line 911, in onexc
    cls._rmtree(path, ignore_errors=ignore_errors)
  File "/home/wenchang/anaconda3/envs/python3.12-tk2-2.3/lib/python3.12/tempfile.py", line 934, in _rmtree
    _shutil.rmtree(name, onexc=onexc)
  File "/home/wenchang/anaconda3/envs/python3.12-tk2-2.3/lib/python3.12/shutil.py", line 759, in rmtree
    _rmtree_safe_fd(stack, onexc)
  File "/home/wenchang/anaconda3/envs/python3.12-tk2-2.3/lib/python3.12/shutil.py", line 703, in _rmtree_safe_fd
    onexc(func, path, err)
  File "/home/wenchang/anaconda3/envs/python3.12-tk2-2.3/lib/python3.12/tempfile.py", line 911, in onexc
    cls._rmtree(path, ignore_errors=ignore_errors)
  File "/home/wenchang/anaconda3/envs/python3.12-tk2-2.3/lib/python3.12/tempfile.py", line 934, in _rmtree
    _shutil.rmtree(name, onexc=onexc)
  File "/home/wenchang/anaconda3/envs/python3.12-tk2-2.3/lib/python3.12/shutil.py", line 759, in rmtree
    _rmtree_safe_fd(stack, onexc)
  File "/home/wenchang/anaconda3/envs/python3.12-tk2-2.3/lib/python3.12/shutil.py", line 703, in _rmtree_safe_fd
    onexc(func, path, err)
  File "/home/wenchang/anaconda3/envs/python3.12-tk2-2.3/lib/python3.12/tempfile.py", line 911, in onexc
    cls._rmtree(path, ignore_errors=ignore_errors)
  File "/home/wenchang/anaconda3/envs/python3.12-tk2-2.3/lib/python3.12/tempfile.py", line 934, in _rmtree
    _shutil.rmtree(name, onexc=onexc)
  File "/home/wenchang/anaconda3/envs/python3.12-tk2-2.3/lib/python3.12/shutil.py", line 759, in rmtree
    _rmtree_safe_fd(stack, onexc)
  File "/home/wenchang/anaconda3/envs/python3.12-tk2-2.3/lib/python3.12/shutil.py", line 703, in _rmtree_safe_fd
    onexc(func, path, err)
  File "/home/wenchang/anaconda3/envs/python3.12-tk2-2.3/lib/python3.12/tempfile.py", line 911, in onexc
    cls._rmtree(path, ignore_errors=ignore_errors)
  File "/home/wenchang/anaconda3/envs/python3.12-tk2-2.3/lib/python3.12/tempfile.py", line 934, in _rmtree
    _shutil.rmtree(name, onexc=onexc)
  File "/home/wenchang/anaconda3/envs/python3.12-tk2-2.3/lib/python3.12/shutil.py", line 759, in rmtree
    _rmtree_safe_fd(stack, onexc)
  File "/home/wenchang/anaconda3/envs/python3.12-tk2-2.3/lib/python3.12/shutil.py", line 703, in _rmtree_safe_fd
    onexc(func, path, err)
  File "/home/wenchang/anaconda3/envs/python3.12-tk2-2.3/lib/python3.12/tempfile.py", line 911, in onexc
    cls._rmtree(path, ignore_errors=ignore_errors)
  File "/home/wenchang/anaconda3/envs/python3.12-tk2-2.3/lib/python3.12/tempfile.py", line 934, in _rmtree
    _shutil.rmtree(name, onexc=onexc)
  File "/home/wenchang/anaconda3/envs/python3.12-tk2-2.3/lib/python3.12/shutil.py", line 759, in rmtree
    _rmtree_safe_fd(stack, onexc)
  File "/home/wenchang/anaconda3/envs/python3.12-tk2-2.3/lib/python3.12/shutil.py", line 703, in _rmtree_safe_fd
    onexc(func, path, err)
  File "/home/wenchang/anaconda3/envs/python3.12-tk2-2.3/lib/python3.12/tempfile.py", line 911, in onexc
    cls._rmtree(path, ignore_errors=ignore_errors)
  File "/home/wenchang/anaconda3/envs/python3.12-tk2-2.3/lib/python3.12/tempfile.py", line 934, in _rmtree
    _shutil.rmtree(name, onexc=onexc)
  File "/home/wenchang/anaconda3/envs/python3.12-tk2-2.3/lib/python3.12/shutil.py", line 759, in rmtree
    _rmtree_safe_fd(stack, onexc)
  File "/home/wenchang/anaconda3/envs/python3.12-tk2-2.3/lib/python3.12/shutil.py", line 703, in _rmtree_safe_fd
    onexc(func, path, err)
  File "/home/wenchang/anaconda3/envs/python3.12-tk2-2.3/lib/python3.12/tempfile.py", line 911, in onexc
    cls._rmtree(path, ignore_errors=ignore_errors)
  File "/home/wenchang/anaconda3/envs/python3.12-tk2-2.3/lib/python3.12/tempfile.py", line 934, in _rmtree
    _shutil.rmtree(name, onexc=onexc)
  File "/home/wenchang/anaconda3/envs/python3.12-tk2-2.3/lib/python3.12/shutil.py", line 759, in rmtree
    _rmtree_safe_fd(stack, onexc)
  File "/home/wenchang/anaconda3/envs/python3.12-tk2-2.3/lib/python3.12/shutil.py", line 703, in _rmtree_safe_fd
    onexc(func, path, err)
  File "/home/wenchang/anaconda3/envs/python3.12-tk2-2.3/lib/python3.12/tempfile.py", line 911, in onexc
    cls._rmtree(path, ignore_errors=ignore_errors)
  File "/home/wenchang/anaconda3/envs/python3.12-tk2-2.3/lib/python3.12/tempfile.py", line 934, in _rmtree
    _shutil.rmtree(name, onexc=onexc)
  File "/home/wenchang/anaconda3/envs/python3.12-tk2-2.3/lib/python3.12/shutil.py", line 759, in rmtree
    _rmtree_safe_fd(stack, onexc)
  File "/home/wenchang/anaconda3/envs/python3.12-tk2-2.3/lib/python3.12/shutil.py", line 703, in _rmtree_safe_fd
    onexc(func, path, err)
  File "/home/wenchang/anaconda3/envs/python3.12-tk2-2.3/lib/python3.12/tempfile.py", line 911, in onexc
    cls._rmtree(path, ignore_errors=ignore_errors)
  File "/home/wenchang/anaconda3/envs/python3.12-tk2-2.3/lib/python3.12/tempfile.py", line 934, in _rmtree
    _shutil.rmtree(name, onexc=onexc)
  File "/home/wenchang/anaconda3/envs/python3.12-tk2-2.3/lib/python3.12/shutil.py", line 759, in rmtree
    _rmtree_safe_fd(stack, onexc)
  File "/home/wenchang/anaconda3/envs/python3.12-tk2-2.3/lib/python3.12/shutil.py", line 703, in _rmtree_safe_fd
    onexc(func, path, err)
  File "/home/wenchang/anaconda3/envs/python3.12-tk2-2.3/lib/python3.12/tempfile.py", line 911, in onexc
    cls._rmtree(path, ignore_errors=ignore_errors)
  File "/home/wenchang/anaconda3/envs/python3.12-tk2-2.3/lib/python3.12/tempfile.py", line 934, in _rmtree
    _shutil.rmtree(name, onexc=onexc)
  File "/home/wenchang/anaconda3/envs/python3.12-tk2-2.3/lib/python3.12/shutil.py", line 759, in rmtree
    _rmtree_safe_fd(stack, onexc)
  File "/home/wenchang/anaconda3/envs/python3.12-tk2-2.3/lib/python3.12/shutil.py", line 703, in _rmtree_safe_fd
    onexc(func, path, err)
  File "/home/wenchang/anaconda3/envs/python3.12-tk2-2.3/lib/python3.12/tempfile.py", line 911, in onexc
    cls._rmtree(path, ignore_errors=ignore_errors)
  File "/home/wenchang/anaconda3/envs/python3.12-tk2-2.3/lib/python3.12/tempfile.py", line 934, in _rmtree
    _shutil.rmtree(name, onexc=onexc)
  File "/home/wenchang/anaconda3/envs/python3.12-tk2-2.3/lib/python3.12/shutil.py", line 759, in rmtree
    _rmtree_safe_fd(stack, onexc)
  File "/home/wenchang/anaconda3/envs/python3.12-tk2-2.3/lib/python3.12/shutil.py", line 703, in _rmtree_safe_fd
    onexc(func, path, err)
  File "/home/wenchang/anaconda3/envs/python3.12-tk2-2.3/lib/python3.12/tempfile.py", line 911, in onexc
    cls._rmtree(path, ignore_errors=ignore_errors)
  File "/home/wenchang/anaconda3/envs/python3.12-tk2-2.3/lib/python3.12/tempfile.py", line 934, in _rmtree
    _shutil.rmtree(name, onexc=onexc)
  File "/home/wenchang/anaconda3/envs/python3.12-tk2-2.3/lib/python3.12/shutil.py", line 759, in rmtree
    _rmtree_safe_fd(stack, onexc)
  File "/home/wenchang/anaconda3/envs/python3.12-tk2-2.3/lib/python3.12/shutil.py", line 703, in _rmtree_safe_fd
    onexc(func, path, err)
  File "/home/wenchang/anaconda3/envs/python3.12-tk2-2.3/lib/python3.12/tempfile.py", line 911, in onexc
    cls._rmtree(path, ignore_errors=ignore_errors)
  File "/home/wenchang/anaconda3/envs/python3.12-tk2-2.3/lib/python3.12/tempfile.py", line 934, in _rmtree
    _shutil.rmtree(name, onexc=onexc)
  File "/home/wenchang/anaconda3/envs/python3.12-tk2-2.3/lib/python3.12/shutil.py", line 759, in rmtree
    _rmtree_safe_fd(stack, onexc)
  File "/home/wenchang/anaconda3/envs/python3.12-tk2-2.3/lib/python3.12/shutil.py", line 703, in _rmtree_safe_fd
    onexc(func, path, err)
  File "/home/wenchang/anaconda3/envs/python3.12-tk2-2.3/lib/python3.12/tempfile.py", line 911, in onexc
    cls._rmtree(path, ignore_errors=ignore_errors)
  File "/home/wenchang/anaconda3/envs/python3.12-tk2-2.3/lib/python3.12/tempfile.py", line 934, in _rmtree
    _shutil.rmtree(name, onexc=onexc)
  File "/home/wenchang/anaconda3/envs/python3.12-tk2-2.3/lib/python3.12/shutil.py", line 759, in rmtree
    _rmtree_safe_fd(stack, onexc)
  File "/home/wenchang/anaconda3/envs/python3.12-tk2-2.3/lib/python3.12/shutil.py", line 703, in _rmtree_safe_fd
    onexc(func, path, err)
  File "/home/wenchang/anaconda3/envs/python3.12-tk2-2.3/lib/python3.12/tempfile.py", line 911, in onexc
    cls._rmtree(path, ignore_errors=ignore_errors)
  File "/home/wenchang/anaconda3/envs/python3.12-tk2-2.3/lib/python3.12/tempfile.py", line 934, in _rmtree
    _shutil.rmtree(name, onexc=onexc)
  File "/home/wenchang/anaconda3/envs/python3.12-tk2-2.3/lib/python3.12/shutil.py", line 759, in rmtree
    _rmtree_safe_fd(stack, onexc)
  File "/home/wenchang/anaconda3/envs/python3.12-tk2-2.3/lib/python3.12/shutil.py", line 703, in _rmtree_safe_fd
    onexc(func, path, err)
  File "/home/wenchang/anaconda3/envs/python3.12-tk2-2.3/lib/python3.12/tempfile.py", line 911, in onexc
    cls._rmtree(path, ignore_errors=ignore_errors)
  File "/home/wenchang/anaconda3/envs/python3.12-tk2-2.3/lib/python3.12/tempfile.py", line 934, in _rmtree
    _shutil.rmtree(name, onexc=onexc)
  File "/home/wenchang/anaconda3/envs/python3.12-tk2-2.3/lib/python3.12/shutil.py", line 759, in rmtree
    _rmtree_safe_fd(stack, onexc)
  File "/home/wenchang/anaconda3/envs/python3.12-tk2-2.3/lib/python3.12/shutil.py", line 703, in _rmtree_safe_fd
    onexc(func, path, err)
  File "/home/wenchang/anaconda3/envs/python3.12-tk2-2.3/lib/python3.12/tempfile.py", line 911, in onexc
    cls._rmtree(path, ignore_errors=ignore_errors)
  File "/home/wenchang/anaconda3/envs/python3.12-tk2-2.3/lib/python3.12/tempfile.py", line 934, in _rmtree
    _shutil.rmtree(name, onexc=onexc)
  File "/home/wenchang/anaconda3/envs/python3.12-tk2-2.3/lib/python3.12/shutil.py", line 759, in rmtree
    _rmtree_safe_fd(stack, onexc)
  File "/home/wenchang/anaconda3/envs/python3.12-tk2-2.3/lib/python3.12/shutil.py", line 703, in _rmtree_safe_fd
    onexc(func, path, err)
  File "/home/wenchang/anaconda3/envs/python3.12-tk2-2.3/lib/python3.12/tempfile.py", line 911, in onexc
    cls._rmtree(path, ignore_errors=ignore_errors)
  File "/home/wenchang/anaconda3/envs/python3.12-tk2-2.3/lib/python3.12/tempfile.py", line 934, in _rmtree
    _shutil.rmtree(name, onexc=onexc)
  File "/home/wenchang/anaconda3/envs/python3.12-tk2-2.3/lib/python3.12/shutil.py", line 759, in rmtree
    _rmtree_safe_fd(stack, onexc)
  File "/home/wenchang/anaconda3/envs/python3.12-tk2-2.3/lib/python3.12/shutil.py", line 703, in _rmtree_safe_fd
    onexc(func, path, err)
  File "/home/wenchang/anaconda3/envs/python3.12-tk2-2.3/lib/python3.12/tempfile.py", line 911, in onexc
    cls._rmtree(path, ignore_errors=ignore_errors)
  File "/home/wenchang/anaconda3/envs/python3.12-tk2-2.3/lib/python3.12/tempfile.py", line 934, in _rmtree
    _shutil.rmtree(name, onexc=onexc)
  File "/home/wenchang/anaconda3/envs/python3.12-tk2-2.3/lib/python3.12/shutil.py", line 759, in rmtree
    _rmtree_safe_fd(stack, onexc)
  File "/home/wenchang/anaconda3/envs/python3.12-tk2-2.3/lib/python3.12/shutil.py", line 703, in _rmtree_safe_fd
    onexc(func, path, err)
  File "/home/wenchang/anaconda3/envs/python3.12-tk2-2.3/lib/python3.12/tempfile.py", line 911, in onexc
    cls._rmtree(path, ignore_errors=ignore_errors)
  File "/home/wenchang/anaconda3/envs/python3.12-tk2-2.3/lib/python3.12/tempfile.py", line 934, in _rmtree
    _shutil.rmtree(name, onexc=onexc)
  File "/home/wenchang/anaconda3/envs/python3.12-tk2-2.3/lib/python3.12/shutil.py", line 759, in rmtree
    _rmtree_safe_fd(stack, onexc)
  File "/home/wenchang/anaconda3/envs/python3.12-tk2-2.3/lib/python3.12/shutil.py", line 703, in _rmtree_safe_fd
    onexc(func, path, err)
  File "/home/wenchang/anaconda3/envs/python3.12-tk2-2.3/lib/python3.12/tempfile.py", line 911, in onexc
    cls._rmtree(path, ignore_errors=ignore_errors)
  File "/home/wenchang/anaconda3/envs/python3.12-tk2-2.3/lib/python3.12/tempfile.py", line 934, in _rmtree
    _shutil.rmtree(name, onexc=onexc)
  File "/home/wenchang/anaconda3/envs/python3.12-tk2-2.3/lib/python3.12/shutil.py", line 759, in rmtree
    _rmtree_safe_fd(stack, onexc)
  File "/home/wenchang/anaconda3/envs/python3.12-tk2-2.3/lib/python3.12/shutil.py", line 703, in _rmtree_safe_fd
    onexc(func, path, err)
  File "/home/wenchang/anaconda3/envs/python3.12-tk2-2.3/lib/python3.12/tempfile.py", line 911, in onexc
    cls._rmtree(path, ignore_errors=ignore_errors)
  File "/home/wenchang/anaconda3/envs/python3.12-tk2-2.3/lib/python3.12/tempfile.py", line 934, in _rmtree
    _shutil.rmtree(name, onexc=onexc)
  File "/home/wenchang/anaconda3/envs/python3.12-tk2-2.3/lib/python3.12/shutil.py", line 759, in rmtree
    _rmtree_safe_fd(stack, onexc)
  File "/home/wenchang/anaconda3/envs/python3.12-tk2-2.3/lib/python3.12/shutil.py", line 703, in _rmtree_safe_fd
    onexc(func, path, err)
  File "/home/wenchang/anaconda3/envs/python3.12-tk2-2.3/lib/python3.12/tempfile.py", line 911, in onexc
    cls._rmtree(path, ignore_errors=ignore_errors)
  File "/home/wenchang/anaconda3/envs/python3.12-tk2-2.3/lib/python3.12/tempfile.py", line 934, in _rmtree
    _shutil.rmtree(name, onexc=onexc)
  File "/home/wenchang/anaconda3/envs/python3.12-tk2-2.3/lib/python3.12/shutil.py", line 759, in rmtree
    _rmtree_safe_fd(stack, onexc)
  File "/home/wenchang/anaconda3/envs/python3.12-tk2-2.3/lib/python3.12/shutil.py", line 703, in _rmtree_safe_fd
    onexc(func, path, err)
  File "/home/wenchang/anaconda3/envs/python3.12-tk2-2.3/lib/python3.12/tempfile.py", line 911, in onexc
    cls._rmtree(path, ignore_errors=ignore_errors)
  File "/home/wenchang/anaconda3/envs/python3.12-tk2-2.3/lib/python3.12/tempfile.py", line 934, in _rmtree
    _shutil.rmtree(name, onexc=onexc)
  File "/home/wenchang/anaconda3/envs/python3.12-tk2-2.3/lib/python3.12/shutil.py", line 759, in rmtree
    _rmtree_safe_fd(stack, onexc)
  File "/home/wenchang/anaconda3/envs/python3.12-tk2-2.3/lib/python3.12/shutil.py", line 703, in _rmtree_safe_fd
    onexc(func, path, err)
  File "/home/wenchang/anaconda3/envs/python3.12-tk2-2.3/lib/python3.12/tempfile.py", line 911, in onexc
    cls._rmtree(path, ignore_errors=ignore_errors)
  File "/home/wenchang/anaconda3/envs/python3.12-tk2-2.3/lib/python3.12/tempfile.py", line 934, in _rmtree
    _shutil.rmtree(name, onexc=onexc)
  File "/home/wenchang/anaconda3/envs/python3.12-tk2-2.3/lib/python3.12/shutil.py", line 759, in rmtree
    _rmtree_safe_fd(stack, onexc)
  File "/home/wenchang/anaconda3/envs/python3.12-tk2-2.3/lib/python3.12/shutil.py", line 703, in _rmtree_safe_fd
    onexc(func, path, err)
  File "/home/wenchang/anaconda3/envs/python3.12-tk2-2.3/lib/python3.12/tempfile.py", line 911, in onexc
    cls._rmtree(path, ignore_errors=ignore_errors)
  File "/home/wenchang/anaconda3/envs/python3.12-tk2-2.3/lib/python3.12/tempfile.py", line 934, in _rmtree
    _shutil.rmtree(name, onexc=onexc)
  File "/home/wenchang/anaconda3/envs/python3.12-tk2-2.3/lib/python3.12/shutil.py", line 759, in rmtree
    _rmtree_safe_fd(stack, onexc)
  File "/home/wenchang/anaconda3/envs/python3.12-tk2-2.3/lib/python3.12/shutil.py", line 703, in _rmtree_safe_fd
    onexc(func, path, err)
  File "/home/wenchang/anaconda3/envs/python3.12-tk2-2.3/lib/python3.12/tempfile.py", line 911, in onexc
    cls._rmtree(path, ignore_errors=ignore_errors)
  File "/home/wenchang/anaconda3/envs/python3.12-tk2-2.3/lib/python3.12/tempfile.py", line 934, in _rmtree
    _shutil.rmtree(name, onexc=onexc)
  File "/home/wenchang/anaconda3/envs/python3.12-tk2-2.3/lib/python3.12/shutil.py", line 759, in rmtree
    _rmtree_safe_fd(stack, onexc)
  File "/home/wenchang/anaconda3/envs/python3.12-tk2-2.3/lib/python3.12/shutil.py", line 703, in _rmtree_safe_fd
    onexc(func, path, err)
  File "/home/wenchang/anaconda3/envs/python3.12-tk2-2.3/lib/python3.12/tempfile.py", line 911, in onexc
    cls._rmtree(path, ignore_errors=ignore_errors)
  File "/home/wenchang/anaconda3/envs/python3.12-tk2-2.3/lib/python3.12/tempfile.py", line 934, in _rmtree
    _shutil.rmtree(name, onexc=onexc)
  File "/home/wenchang/anaconda3/envs/python3.12-tk2-2.3/lib/python3.12/shutil.py", line 759, in rmtree
    _rmtree_safe_fd(stack, onexc)
  File "/home/wenchang/anaconda3/envs/python3.12-tk2-2.3/lib/python3.12/shutil.py", line 703, in _rmtree_safe_fd
    onexc(func, path, err)
  File "/home/wenchang/anaconda3/envs/python3.12-tk2-2.3/lib/python3.12/tempfile.py", line 911, in onexc
    cls._rmtree(path, ignore_errors=ignore_errors)
  File "/home/wenchang/anaconda3/envs/python3.12-tk2-2.3/lib/python3.12/tempfile.py", line 934, in _rmtree
    _shutil.rmtree(name, onexc=onexc)
  File "/home/wenchang/anaconda3/envs/python3.12-tk2-2.3/lib/python3.12/shutil.py", line 759, in rmtree
    _rmtree_safe_fd(stack, onexc)
  File "/home/wenchang/anaconda3/envs/python3.12-tk2-2.3/lib/python3.12/shutil.py", line 703, in _rmtree_safe_fd
    onexc(func, path, err)
  File "/home/wenchang/anaconda3/envs/python3.12-tk2-2.3/lib/python3.12/tempfile.py", line 911, in onexc
    cls._rmtree(path, ignore_errors=ignore_errors)
  File "/home/wenchang/anaconda3/envs/python3.12-tk2-2.3/lib/python3.12/tempfile.py", line 934, in _rmtree
    _shutil.rmtree(name, onexc=onexc)
  File "/home/wenchang/anaconda3/envs/python3.12-tk2-2.3/lib/python3.12/shutil.py", line 759, in rmtree
    _rmtree_safe_fd(stack, onexc)
  File "/home/wenchang/anaconda3/envs/python3.12-tk2-2.3/lib/python3.12/shutil.py", line 703, in _rmtree_safe_fd
    onexc(func, path, err)
  File "/home/wenchang/anaconda3/envs/python3.12-tk2-2.3/lib/python3.12/tempfile.py", line 911, in onexc
    cls._rmtree(path, ignore_errors=ignore_errors)
  File "/home/wenchang/anaconda3/envs/python3.12-tk2-2.3/lib/python3.12/tempfile.py", line 934, in _rmtree
    _shutil.rmtree(name, onexc=onexc)
  File "/home/wenchang/anaconda3/envs/python3.12-tk2-2.3/lib/python3.12/shutil.py", line 759, in rmtree
    _rmtree_safe_fd(stack, onexc)
  File "/home/wenchang/anaconda3/envs/python3.12-tk2-2.3/lib/python3.12/shutil.py", line 703, in _rmtree_safe_fd
    onexc(func, path, err)
  File "/home/wenchang/anaconda3/envs/python3.12-tk2-2.3/lib/python3.12/tempfile.py", line 911, in onexc
    cls._rmtree(path, ignore_errors=ignore_errors)
  File "/home/wenchang/anaconda3/envs/python3.12-tk2-2.3/lib/python3.12/tempfile.py", line 934, in _rmtree
    _shutil.rmtree(name, onexc=onexc)
  File "/home/wenchang/anaconda3/envs/python3.12-tk2-2.3/lib/python3.12/shutil.py", line 759, in rmtree
    _rmtree_safe_fd(stack, onexc)
  File "/home/wenchang/anaconda3/envs/python3.12-tk2-2.3/lib/python3.12/shutil.py", line 703, in _rmtree_safe_fd
    onexc(func, path, err)
  File "/home/wenchang/anaconda3/envs/python3.12-tk2-2.3/lib/python3.12/tempfile.py", line 911, in onexc
    cls._rmtree(path, ignore_errors=ignore_errors)
  File "/home/wenchang/anaconda3/envs/python3.12-tk2-2.3/lib/python3.12/tempfile.py", line 934, in _rmtree
    _shutil.rmtree(name, onexc=onexc)
  File "/home/wenchang/anaconda3/envs/python3.12-tk2-2.3/lib/python3.12/shutil.py", line 759, in rmtree
    _rmtree_safe_fd(stack, onexc)
  File "/home/wenchang/anaconda3/envs/python3.12-tk2-2.3/lib/python3.12/shutil.py", line 703, in _rmtree_safe_fd
    onexc(func, path, err)
  File "/home/wenchang/anaconda3/envs/python3.12-tk2-2.3/lib/python3.12/tempfile.py", line 911, in onexc
    cls._rmtree(path, ignore_errors=ignore_errors)
  File "/home/wenchang/anaconda3/envs/python3.12-tk2-2.3/lib/python3.12/tempfile.py", line 934, in _rmtree
    _shutil.rmtree(name, onexc=onexc)
  File "/home/wenchang/anaconda3/envs/python3.12-tk2-2.3/lib/python3.12/shutil.py", line 759, in rmtree
    _rmtree_safe_fd(stack, onexc)
  File "/home/wenchang/anaconda3/envs/python3.12-tk2-2.3/lib/python3.12/shutil.py", line 703, in _rmtree_safe_fd
    onexc(func, path, err)
  File "/home/wenchang/anaconda3/envs/python3.12-tk2-2.3/lib/python3.12/tempfile.py", line 911, in onexc
    cls._rmtree(path, ignore_errors=ignore_errors)
  File "/home/wenchang/anaconda3/envs/python3.12-tk2-2.3/lib/python3.12/tempfile.py", line 934, in _rmtree
    _shutil.rmtree(name, onexc=onexc)
  File "/home/wenchang/anaconda3/envs/python3.12-tk2-2.3/lib/python3.12/shutil.py", line 759, in rmtree
    _rmtree_safe_fd(stack, onexc)
  File "/home/wenchang/anaconda3/envs/python3.12-tk2-2.3/lib/python3.12/shutil.py", line 703, in _rmtree_safe_fd
    onexc(func, path, err)
  File "/home/wenchang/anaconda3/envs/python3.12-tk2-2.3/lib/python3.12/tempfile.py", line 911, in onexc
    cls._rmtree(path, ignore_errors=ignore_errors)
  File "/home/wenchang/anaconda3/envs/python3.12-tk2-2.3/lib/python3.12/tempfile.py", line 934, in _rmtree
    _shutil.rmtree(name, onexc=onexc)
  File "/home/wenchang/anaconda3/envs/python3.12-tk2-2.3/lib/python3.12/shutil.py", line 759, in rmtree
    _rmtree_safe_fd(stack, onexc)
  File "/home/wenchang/anaconda3/envs/python3.12-tk2-2.3/lib/python3.12/shutil.py", line 703, in _rmtree_safe_fd
    onexc(func, path, err)
  File "/home/wenchang/anaconda3/envs/python3.12-tk2-2.3/lib/python3.12/tempfile.py", line 911, in onexc
    cls._rmtree(path, ignore_errors=ignore_errors)
  File "/home/wenchang/anaconda3/envs/python3.12-tk2-2.3/lib/python3.12/tempfile.py", line 934, in _rmtree
    _shutil.rmtree(name, onexc=onexc)
  File "/home/wenchang/anaconda3/envs/python3.12-tk2-2.3/lib/python3.12/shutil.py", line 759, in rmtree
    _rmtree_safe_fd(stack, onexc)
  File "/home/wenchang/anaconda3/envs/python3.12-tk2-2.3/lib/python3.12/shutil.py", line 703, in _rmtree_safe_fd
    onexc(func, path, err)
  File "/home/wenchang/anaconda3/envs/python3.12-tk2-2.3/lib/python3.12/tempfile.py", line 911, in onexc
    cls._rmtree(path, ignore_errors=ignore_errors)
  File "/home/wenchang/anaconda3/envs/python3.12-tk2-2.3/lib/python3.12/tempfile.py", line 934, in _rmtree
    _shutil.rmtree(name, onexc=onexc)
  File "/home/wenchang/anaconda3/envs/python3.12-tk2-2.3/lib/python3.12/shutil.py", line 759, in rmtree
    _rmtree_safe_fd(stack, onexc)
  File "/home/wenchang/anaconda3/envs/python3.12-tk2-2.3/lib/python3.12/shutil.py", line 703, in _rmtree_safe_fd
    onexc(func, path, err)
  File "/home/wenchang/anaconda3/envs/python3.12-tk2-2.3/lib/python3.12/tempfile.py", line 911, in onexc
    cls._rmtree(path, ignore_errors=ignore_errors)
  File "/home/wenchang/anaconda3/envs/python3.12-tk2-2.3/lib/python3.12/tempfile.py", line 934, in _rmtree
    _shutil.rmtree(name, onexc=onexc)
  File "/home/wenchang/anaconda3/envs/python3.12-tk2-2.3/lib/python3.12/shutil.py", line 759, in rmtree
    _rmtree_safe_fd(stack, onexc)
  File "/home/wenchang/anaconda3/envs/python3.12-tk2-2.3/lib/python3.12/shutil.py", line 703, in _rmtree_safe_fd
    onexc(func, path, err)
  File "/home/wenchang/anaconda3/envs/python3.12-tk2-2.3/lib/python3.12/tempfile.py", line 911, in onexc
    cls._rmtree(path, ignore_errors=ignore_errors)
  File "/home/wenchang/anaconda3/envs/python3.12-tk2-2.3/lib/python3.12/tempfile.py", line 934, in _rmtree
    _shutil.rmtree(name, onexc=onexc)
  File "/home/wenchang/anaconda3/envs/python3.12-tk2-2.3/lib/python3.12/shutil.py", line 759, in rmtree
    _rmtree_safe_fd(stack, onexc)
  File "/home/wenchang/anaconda3/envs/python3.12-tk2-2.3/lib/python3.12/shutil.py", line 703, in _rmtree_safe_fd
    onexc(func, path, err)
  File "/home/wenchang/anaconda3/envs/python3.12-tk2-2.3/lib/python3.12/tempfile.py", line 911, in onexc
    cls._rmtree(path, ignore_errors=ignore_errors)
  File "/home/wenchang/anaconda3/envs/python3.12-tk2-2.3/lib/python3.12/tempfile.py", line 934, in _rmtree
    _shutil.rmtree(name, onexc=onexc)
  File "/home/wenchang/anaconda3/envs/python3.12-tk2-2.3/lib/python3.12/shutil.py", line 759, in rmtree
    _rmtree_safe_fd(stack, onexc)
  File "/home/wenchang/anaconda3/envs/python3.12-tk2-2.3/lib/python3.12/shutil.py", line 703, in _rmtree_safe_fd
    onexc(func, path, err)
  File "/home/wenchang/anaconda3/envs/python3.12-tk2-2.3/lib/python3.12/tempfile.py", line 911, in onexc
    cls._rmtree(path, ignore_errors=ignore_errors)
  File "/home/wenchang/anaconda3/envs/python3.12-tk2-2.3/lib/python3.12/tempfile.py", line 934, in _rmtree
    _shutil.rmtree(name, onexc=onexc)
  File "/home/wenchang/anaconda3/envs/python3.12-tk2-2.3/lib/python3.12/shutil.py", line 759, in rmtree
    _rmtree_safe_fd(stack, onexc)
  File "/home/wenchang/anaconda3/envs/python3.12-tk2-2.3/lib/python3.12/shutil.py", line 703, in _rmtree_safe_fd
    onexc(func, path, err)
  File "/home/wenchang/anaconda3/envs/python3.12-tk2-2.3/lib/python3.12/tempfile.py", line 911, in onexc
    cls._rmtree(path, ignore_errors=ignore_errors)
  File "/home/wenchang/anaconda3/envs/python3.12-tk2-2.3/lib/python3.12/tempfile.py", line 934, in _rmtree
    _shutil.rmtree(name, onexc=onexc)
  File "/home/wenchang/anaconda3/envs/python3.12-tk2-2.3/lib/python3.12/shutil.py", line 759, in rmtree
    _rmtree_safe_fd(stack, onexc)
  File "/home/wenchang/anaconda3/envs/python3.12-tk2-2.3/lib/python3.12/shutil.py", line 703, in _rmtree_safe_fd
    onexc(func, path, err)
  File "/home/wenchang/anaconda3/envs/python3.12-tk2-2.3/lib/python3.12/tempfile.py", line 911, in onexc
    cls._rmtree(path, ignore_errors=ignore_errors)
  File "/home/wenchang/anaconda3/envs/python3.12-tk2-2.3/lib/python3.12/tempfile.py", line 934, in _rmtree
    _shutil.rmtree(name, onexc=onexc)
  File "/home/wenchang/anaconda3/envs/python3.12-tk2-2.3/lib/python3.12/shutil.py", line 759, in rmtree
    _rmtree_safe_fd(stack, onexc)
  File "/home/wenchang/anaconda3/envs/python3.12-tk2-2.3/lib/python3.12/shutil.py", line 703, in _rmtree_safe_fd
    onexc(func, path, err)
  File "/home/wenchang/anaconda3/envs/python3.12-tk2-2.3/lib/python3.12/tempfile.py", line 911, in onexc
    cls._rmtree(path, ignore_errors=ignore_errors)
  File "/home/wenchang/anaconda3/envs/python3.12-tk2-2.3/lib/python3.12/tempfile.py", line 934, in _rmtree
    _shutil.rmtree(name, onexc=onexc)
  File "/home/wenchang/anaconda3/envs/python3.12-tk2-2.3/lib/python3.12/shutil.py", line 759, in rmtree
    _rmtree_safe_fd(stack, onexc)
  File "/home/wenchang/anaconda3/envs/python3.12-tk2-2.3/lib/python3.12/shutil.py", line 703, in _rmtree_safe_fd
    onexc(func, path, err)
  File "/home/wenchang/anaconda3/envs/python3.12-tk2-2.3/lib/python3.12/tempfile.py", line 911, in onexc
    cls._rmtree(path, ignore_errors=ignore_errors)
  File "/home/wenchang/anaconda3/envs/python3.12-tk2-2.3/lib/python3.12/tempfile.py", line 934, in _rmtree
    _shutil.rmtree(name, onexc=onexc)
  File "/home/wenchang/anaconda3/envs/python3.12-tk2-2.3/lib/python3.12/shutil.py", line 759, in rmtree
    _rmtree_safe_fd(stack, onexc)
  File "/home/wenchang/anaconda3/envs/python3.12-tk2-2.3/lib/python3.12/shutil.py", line 703, in _rmtree_safe_fd
    onexc(func, path, err)
  File "/home/wenchang/anaconda3/envs/python3.12-tk2-2.3/lib/python3.12/tempfile.py", line 911, in onexc
    cls._rmtree(path, ignore_errors=ignore_errors)
  File "/home/wenchang/anaconda3/envs/python3.12-tk2-2.3/lib/python3.12/tempfile.py", line 934, in _rmtree
    _shutil.rmtree(name, onexc=onexc)
  File "/home/wenchang/anaconda3/envs/python3.12-tk2-2.3/lib/python3.12/shutil.py", line 759, in rmtree
    _rmtree_safe_fd(stack, onexc)
  File "/home/wenchang/anaconda3/envs/python3.12-tk2-2.3/lib/python3.12/shutil.py", line 703, in _rmtree_safe_fd
    onexc(func, path, err)
  File "/home/wenchang/anaconda3/envs/python3.12-tk2-2.3/lib/python3.12/tempfile.py", line 911, in onexc
    cls._rmtree(path, ignore_errors=ignore_errors)
  File "/home/wenchang/anaconda3/envs/python3.12-tk2-2.3/lib/python3.12/tempfile.py", line 934, in _rmtree
    _shutil.rmtree(name, onexc=onexc)
  File "/home/wenchang/anaconda3/envs/python3.12-tk2-2.3/lib/python3.12/shutil.py", line 759, in rmtree
    _rmtree_safe_fd(stack, onexc)
  File "/home/wenchang/anaconda3/envs/python3.12-tk2-2.3/lib/python3.12/shutil.py", line 703, in _rmtree_safe_fd
    onexc(func, path, err)
  File "/home/wenchang/anaconda3/envs/python3.12-tk2-2.3/lib/python3.12/tempfile.py", line 911, in onexc
    cls._rmtree(path, ignore_errors=ignore_errors)
  File "/home/wenchang/anaconda3/envs/python3.12-tk2-2.3/lib/python3.12/tempfile.py", line 934, in _rmtree
    _shutil.rmtree(name, onexc=onexc)
  File "/home/wenchang/anaconda3/envs/python3.12-tk2-2.3/lib/python3.12/shutil.py", line 759, in rmtree
    _rmtree_safe_fd(stack, onexc)
  File "/home/wenchang/anaconda3/envs/python3.12-tk2-2.3/lib/python3.12/shutil.py", line 703, in _rmtree_safe_fd
    onexc(func, path, err)
  File "/home/wenchang/anaconda3/envs/python3.12-tk2-2.3/lib/python3.12/tempfile.py", line 911, in onexc
    cls._rmtree(path, ignore_errors=ignore_errors)
  File "/home/wenchang/anaconda3/envs/python3.12-tk2-2.3/lib/python3.12/tempfile.py", line 934, in _rmtree
    _shutil.rmtree(name, onexc=onexc)
  File "/home/wenchang/anaconda3/envs/python3.12-tk2-2.3/lib/python3.12/shutil.py", line 759, in rmtree
    _rmtree_safe_fd(stack, onexc)
  File "/home/wenchang/anaconda3/envs/python3.12-tk2-2.3/lib/python3.12/shutil.py", line 703, in _rmtree_safe_fd
    onexc(func, path, err)
  File "/home/wenchang/anaconda3/envs/python3.12-tk2-2.3/lib/python3.12/tempfile.py", line 911, in onexc
    cls._rmtree(path, ignore_errors=ignore_errors)
  File "/home/wenchang/anaconda3/envs/python3.12-tk2-2.3/lib/python3.12/tempfile.py", line 934, in _rmtree
    _shutil.rmtree(name, onexc=onexc)
  File "/home/wenchang/anaconda3/envs/python3.12-tk2-2.3/lib/python3.12/shutil.py", line 759, in rmtree
    _rmtree_safe_fd(stack, onexc)
  File "/home/wenchang/anaconda3/envs/python3.12-tk2-2.3/lib/python3.12/shutil.py", line 703, in _rmtree_safe_fd
    onexc(func, path, err)
  File "/home/wenchang/anaconda3/envs/python3.12-tk2-2.3/lib/python3.12/tempfile.py", line 911, in onexc
    cls._rmtree(path, ignore_errors=ignore_errors)
  File "/home/wenchang/anaconda3/envs/python3.12-tk2-2.3/lib/python3.12/tempfile.py", line 934, in _rmtree
    _shutil.rmtree(name, onexc=onexc)
  File "/home/wenchang/anaconda3/envs/python3.12-tk2-2.3/lib/python3.12/shutil.py", line 759, in rmtree
    _rmtree_safe_fd(stack, onexc)
  File "/home/wenchang/anaconda3/envs/python3.12-tk2-2.3/lib/python3.12/shutil.py", line 703, in _rmtree_safe_fd
    onexc(func, path, err)
  File "/home/wenchang/anaconda3/envs/python3.12-tk2-2.3/lib/python3.12/tempfile.py", line 911, in onexc
    cls._rmtree(path, ignore_errors=ignore_errors)
  File "/home/wenchang/anaconda3/envs/python3.12-tk2-2.3/lib/python3.12/tempfile.py", line 934, in _rmtree
    _shutil.rmtree(name, onexc=onexc)
  File "/home/wenchang/anaconda3/envs/python3.12-tk2-2.3/lib/python3.12/shutil.py", line 759, in rmtree
    _rmtree_safe_fd(stack, onexc)
  File "/home/wenchang/anaconda3/envs/python3.12-tk2-2.3/lib/python3.12/shutil.py", line 703, in _rmtree_safe_fd
    onexc(func, path, err)
  File "/home/wenchang/anaconda3/envs/python3.12-tk2-2.3/lib/python3.12/tempfile.py", line 911, in onexc
    cls._rmtree(path, ignore_errors=ignore_errors)
  File "/home/wenchang/anaconda3/envs/python3.12-tk2-2.3/lib/python3.12/tempfile.py", line 934, in _rmtree
    _shutil.rmtree(name, onexc=onexc)
  File "/home/wenchang/anaconda3/envs/python3.12-tk2-2.3/lib/python3.12/shutil.py", line 759, in rmtree
    _rmtree_safe_fd(stack, onexc)
  File "/home/wenchang/anaconda3/envs/python3.12-tk2-2.3/lib/python3.12/shutil.py", line 703, in _rmtree_safe_fd
    onexc(func, path, err)
  File "/home/wenchang/anaconda3/envs/python3.12-tk2-2.3/lib/python3.12/tempfile.py", line 911, in onexc
    cls._rmtree(path, ignore_errors=ignore_errors)
  File "/home/wenchang/anaconda3/envs/python3.12-tk2-2.3/lib/python3.12/tempfile.py", line 934, in _rmtree
    _shutil.rmtree(name, onexc=onexc)
  File "/home/wenchang/anaconda3/envs/python3.12-tk2-2.3/lib/python3.12/shutil.py", line 759, in rmtree
    _rmtree_safe_fd(stack, onexc)
  File "/home/wenchang/anaconda3/envs/python3.12-tk2-2.3/lib/python3.12/shutil.py", line 703, in _rmtree_safe_fd
    onexc(func, path, err)
  File "/home/wenchang/anaconda3/envs/python3.12-tk2-2.3/lib/python3.12/tempfile.py", line 911, in onexc
    cls._rmtree(path, ignore_errors=ignore_errors)
  File "/home/wenchang/anaconda3/envs/python3.12-tk2-2.3/lib/python3.12/tempfile.py", line 934, in _rmtree
    _shutil.rmtree(name, onexc=onexc)
  File "/home/wenchang/anaconda3/envs/python3.12-tk2-2.3/lib/python3.12/shutil.py", line 759, in rmtree
    _rmtree_safe_fd(stack, onexc)
  File "/home/wenchang/anaconda3/envs/python3.12-tk2-2.3/lib/python3.12/shutil.py", line 703, in _rmtree_safe_fd
    onexc(func, path, err)
  File "/home/wenchang/anaconda3/envs/python3.12-tk2-2.3/lib/python3.12/tempfile.py", line 911, in onexc
    cls._rmtree(path, ignore_errors=ignore_errors)
  File "/home/wenchang/anaconda3/envs/python3.12-tk2-2.3/lib/python3.12/tempfile.py", line 934, in _rmtree
    _shutil.rmtree(name, onexc=onexc)
  File "/home/wenchang/anaconda3/envs/python3.12-tk2-2.3/lib/python3.12/shutil.py", line 759, in rmtree
    _rmtree_safe_fd(stack, onexc)
  File "/home/wenchang/anaconda3/envs/python3.12-tk2-2.3/lib/python3.12/shutil.py", line 703, in _rmtree_safe_fd
    onexc(func, path, err)
  File "/home/wenchang/anaconda3/envs/python3.12-tk2-2.3/lib/python3.12/tempfile.py", line 911, in onexc
    cls._rmtree(path, ignore_errors=ignore_errors)
  File "/home/wenchang/anaconda3/envs/python3.12-tk2-2.3/lib/python3.12/tempfile.py", line 934, in _rmtree
    _shutil.rmtree(name, onexc=onexc)
  File "/home/wenchang/anaconda3/envs/python3.12-tk2-2.3/lib/python3.12/shutil.py", line 759, in rmtree
    _rmtree_safe_fd(stack, onexc)
  File "/home/wenchang/anaconda3/envs/python3.12-tk2-2.3/lib/python3.12/shutil.py", line 703, in _rmtree_safe_fd
    onexc(func, path, err)
  File "/home/wenchang/anaconda3/envs/python3.12-tk2-2.3/lib/python3.12/tempfile.py", line 911, in onexc
    cls._rmtree(path, ignore_errors=ignore_errors)
  File "/home/wenchang/anaconda3/envs/python3.12-tk2-2.3/lib/python3.12/tempfile.py", line 934, in _rmtree
    _shutil.rmtree(name, onexc=onexc)
  File "/home/wenchang/anaconda3/envs/python3.12-tk2-2.3/lib/python3.12/shutil.py", line 759, in rmtree
    _rmtree_safe_fd(stack, onexc)
  File "/home/wenchang/anaconda3/envs/python3.12-tk2-2.3/lib/python3.12/shutil.py", line 703, in _rmtree_safe_fd
    onexc(func, path, err)
  File "/home/wenchang/anaconda3/envs/python3.12-tk2-2.3/lib/python3.12/tempfile.py", line 911, in onexc
    cls._rmtree(path, ignore_errors=ignore_errors)
  File "/home/wenchang/anaconda3/envs/python3.12-tk2-2.3/lib/python3.12/tempfile.py", line 934, in _rmtree
    _shutil.rmtree(name, onexc=onexc)
  File "/home/wenchang/anaconda3/envs/python3.12-tk2-2.3/lib/python3.12/shutil.py", line 759, in rmtree
    _rmtree_safe_fd(stack, onexc)
  File "/home/wenchang/anaconda3/envs/python3.12-tk2-2.3/lib/python3.12/shutil.py", line 703, in _rmtree_safe_fd
    onexc(func, path, err)
  File "/home/wenchang/anaconda3/envs/python3.12-tk2-2.3/lib/python3.12/tempfile.py", line 911, in onexc
    cls._rmtree(path, ignore_errors=ignore_errors)
  File "/home/wenchang/anaconda3/envs/python3.12-tk2-2.3/lib/python3.12/tempfile.py", line 934, in _rmtree
    _shutil.rmtree(name, onexc=onexc)
  File "/home/wenchang/anaconda3/envs/python3.12-tk2-2.3/lib/python3.12/shutil.py", line 759, in rmtree
    _rmtree_safe_fd(stack, onexc)
  File "/home/wenchang/anaconda3/envs/python3.12-tk2-2.3/lib/python3.12/shutil.py", line 703, in _rmtree_safe_fd
    onexc(func, path, err)
  File "/home/wenchang/anaconda3/envs/python3.12-tk2-2.3/lib/python3.12/tempfile.py", line 911, in onexc
    cls._rmtree(path, ignore_errors=ignore_errors)
  File "/home/wenchang/anaconda3/envs/python3.12-tk2-2.3/lib/python3.12/tempfile.py", line 934, in _rmtree
    _shutil.rmtree(name, onexc=onexc)
  File "/home/wenchang/anaconda3/envs/python3.12-tk2-2.3/lib/python3.12/shutil.py", line 759, in rmtree
    _rmtree_safe_fd(stack, onexc)
  File "/home/wenchang/anaconda3/envs/python3.12-tk2-2.3/lib/python3.12/shutil.py", line 703, in _rmtree_safe_fd
    onexc(func, path, err)
  File "/home/wenchang/anaconda3/envs/python3.12-tk2-2.3/lib/python3.12/tempfile.py", line 911, in onexc
    cls._rmtree(path, ignore_errors=ignore_errors)
  File "/home/wenchang/anaconda3/envs/python3.12-tk2-2.3/lib/python3.12/tempfile.py", line 934, in _rmtree
    _shutil.rmtree(name, onexc=onexc)
  File "/home/wenchang/anaconda3/envs/python3.12-tk2-2.3/lib/python3.12/shutil.py", line 759, in rmtree
    _rmtree_safe_fd(stack, onexc)
  File "/home/wenchang/anaconda3/envs/python3.12-tk2-2.3/lib/python3.12/shutil.py", line 703, in _rmtree_safe_fd
    onexc(func, path, err)
  File "/home/wenchang/anaconda3/envs/python3.12-tk2-2.3/lib/python3.12/tempfile.py", line 911, in onexc
    cls._rmtree(path, ignore_errors=ignore_errors)
  File "/home/wenchang/anaconda3/envs/python3.12-tk2-2.3/lib/python3.12/tempfile.py", line 934, in _rmtree
    _shutil.rmtree(name, onexc=onexc)
  File "/home/wenchang/anaconda3/envs/python3.12-tk2-2.3/lib/python3.12/shutil.py", line 759, in rmtree
    _rmtree_safe_fd(stack, onexc)
  File "/home/wenchang/anaconda3/envs/python3.12-tk2-2.3/lib/python3.12/shutil.py", line 703, in _rmtree_safe_fd
    onexc(func, path, err)
  File "/home/wenchang/anaconda3/envs/python3.12-tk2-2.3/lib/python3.12/tempfile.py", line 911, in onexc
    cls._rmtree(path, ignore_errors=ignore_errors)
  File "/home/wenchang/anaconda3/envs/python3.12-tk2-2.3/lib/python3.12/tempfile.py", line 934, in _rmtree
    _shutil.rmtree(name, onexc=onexc)
  File "/home/wenchang/anaconda3/envs/python3.12-tk2-2.3/lib/python3.12/shutil.py", line 759, in rmtree
    _rmtree_safe_fd(stack, onexc)
  File "/home/wenchang/anaconda3/envs/python3.12-tk2-2.3/lib/python3.12/shutil.py", line 703, in _rmtree_safe_fd
    onexc(func, path, err)
  File "/home/wenchang/anaconda3/envs/python3.12-tk2-2.3/lib/python3.12/tempfile.py", line 911, in onexc
    cls._rmtree(path, ignore_errors=ignore_errors)
  File "/home/wenchang/anaconda3/envs/python3.12-tk2-2.3/lib/python3.12/tempfile.py", line 934, in _rmtree
    _shutil.rmtree(name, onexc=onexc)
  File "/home/wenchang/anaconda3/envs/python3.12-tk2-2.3/lib/python3.12/shutil.py", line 759, in rmtree
    _rmtree_safe_fd(stack, onexc)
  File "/home/wenchang/anaconda3/envs/python3.12-tk2-2.3/lib/python3.12/shutil.py", line 703, in _rmtree_safe_fd
    onexc(func, path, err)
  File "/home/wenchang/anaconda3/envs/python3.12-tk2-2.3/lib/python3.12/tempfile.py", line 911, in onexc
    cls._rmtree(path, ignore_errors=ignore_errors)
  File "/home/wenchang/anaconda3/envs/python3.12-tk2-2.3/lib/python3.12/tempfile.py", line 934, in _rmtree
    _shutil.rmtree(name, onexc=onexc)
  File "/home/wenchang/anaconda3/envs/python3.12-tk2-2.3/lib/python3.12/shutil.py", line 759, in rmtree
    _rmtree_safe_fd(stack, onexc)
  File "/home/wenchang/anaconda3/envs/python3.12-tk2-2.3/lib/python3.12/shutil.py", line 703, in _rmtree_safe_fd
    onexc(func, path, err)
  File "/home/wenchang/anaconda3/envs/python3.12-tk2-2.3/lib/python3.12/tempfile.py", line 911, in onexc
    cls._rmtree(path, ignore_errors=ignore_errors)
  File "/home/wenchang/anaconda3/envs/python3.12-tk2-2.3/lib/python3.12/tempfile.py", line 934, in _rmtree
    _shutil.rmtree(name, onexc=onexc)
  File "/home/wenchang/anaconda3/envs/python3.12-tk2-2.3/lib/python3.12/shutil.py", line 759, in rmtree
    _rmtree_safe_fd(stack, onexc)
  File "/home/wenchang/anaconda3/envs/python3.12-tk2-2.3/lib/python3.12/shutil.py", line 703, in _rmtree_safe_fd
    onexc(func, path, err)
  File "/home/wenchang/anaconda3/envs/python3.12-tk2-2.3/lib/python3.12/tempfile.py", line 911, in onexc
    cls._rmtree(path, ignore_errors=ignore_errors)
  File "/home/wenchang/anaconda3/envs/python3.12-tk2-2.3/lib/python3.12/tempfile.py", line 934, in _rmtree
    _shutil.rmtree(name, onexc=onexc)
  File "/home/wenchang/anaconda3/envs/python3.12-tk2-2.3/lib/python3.12/shutil.py", line 759, in rmtree
    _rmtree_safe_fd(stack, onexc)
  File "/home/wenchang/anaconda3/envs/python3.12-tk2-2.3/lib/python3.12/shutil.py", line 703, in _rmtree_safe_fd
    onexc(func, path, err)
  File "/home/wenchang/anaconda3/envs/python3.12-tk2-2.3/lib/python3.12/tempfile.py", line 911, in onexc
    cls._rmtree(path, ignore_errors=ignore_errors)
  File "/home/wenchang/anaconda3/envs/python3.12-tk2-2.3/lib/python3.12/tempfile.py", line 934, in _rmtree
    _shutil.rmtree(name, onexc=onexc)
  File "/home/wenchang/anaconda3/envs/python3.12-tk2-2.3/lib/python3.12/shutil.py", line 759, in rmtree
    _rmtree_safe_fd(stack, onexc)
  File "/home/wenchang/anaconda3/envs/python3.12-tk2-2.3/lib/python3.12/shutil.py", line 703, in _rmtree_safe_fd
    onexc(func, path, err)
  File "/home/wenchang/anaconda3/envs/python3.12-tk2-2.3/lib/python3.12/tempfile.py", line 911, in onexc
    cls._rmtree(path, ignore_errors=ignore_errors)
  File "/home/wenchang/anaconda3/envs/python3.12-tk2-2.3/lib/python3.12/tempfile.py", line 934, in _rmtree
    _shutil.rmtree(name, onexc=onexc)
  File "/home/wenchang/anaconda3/envs/python3.12-tk2-2.3/lib/python3.12/shutil.py", line 759, in rmtree
    _rmtree_safe_fd(stack, onexc)
  File "/home/wenchang/anaconda3/envs/python3.12-tk2-2.3/lib/python3.12/shutil.py", line 703, in _rmtree_safe_fd
    onexc(func, path, err)
  File "/home/wenchang/anaconda3/envs/python3.12-tk2-2.3/lib/python3.12/tempfile.py", line 911, in onexc
    cls._rmtree(path, ignore_errors=ignore_errors)
  File "/home/wenchang/anaconda3/envs/python3.12-tk2-2.3/lib/python3.12/tempfile.py", line 934, in _rmtree
    _shutil.rmtree(name, onexc=onexc)
  File "/home/wenchang/anaconda3/envs/python3.12-tk2-2.3/lib/python3.12/shutil.py", line 759, in rmtree
    _rmtree_safe_fd(stack, onexc)
  File "/home/wenchang/anaconda3/envs/python3.12-tk2-2.3/lib/python3.12/shutil.py", line 703, in _rmtree_safe_fd
    onexc(func, path, err)
  File "/home/wenchang/anaconda3/envs/python3.12-tk2-2.3/lib/python3.12/tempfile.py", line 911, in onexc
    cls._rmtree(path, ignore_errors=ignore_errors)
  File "/home/wenchang/anaconda3/envs/python3.12-tk2-2.3/lib/python3.12/tempfile.py", line 934, in _rmtree
    _shutil.rmtree(name, onexc=onexc)
  File "/home/wenchang/anaconda3/envs/python3.12-tk2-2.3/lib/python3.12/shutil.py", line 759, in rmtree
    _rmtree_safe_fd(stack, onexc)
  File "/home/wenchang/anaconda3/envs/python3.12-tk2-2.3/lib/python3.12/shutil.py", line 703, in _rmtree_safe_fd
    onexc(func, path, err)
  File "/home/wenchang/anaconda3/envs/python3.12-tk2-2.3/lib/python3.12/tempfile.py", line 911, in onexc
    cls._rmtree(path, ignore_errors=ignore_errors)
  File "/home/wenchang/anaconda3/envs/python3.12-tk2-2.3/lib/python3.12/tempfile.py", line 934, in _rmtree
    _shutil.rmtree(name, onexc=onexc)
  File "/home/wenchang/anaconda3/envs/python3.12-tk2-2.3/lib/python3.12/shutil.py", line 759, in rmtree
    _rmtree_safe_fd(stack, onexc)
  File "/home/wenchang/anaconda3/envs/python3.12-tk2-2.3/lib/python3.12/shutil.py", line 703, in _rmtree_safe_fd
    onexc(func, path, err)
  File "/home/wenchang/anaconda3/envs/python3.12-tk2-2.3/lib/python3.12/tempfile.py", line 911, in onexc
    cls._rmtree(path, ignore_errors=ignore_errors)
  File "/home/wenchang/anaconda3/envs/python3.12-tk2-2.3/lib/python3.12/tempfile.py", line 934, in _rmtree
    _shutil.rmtree(name, onexc=onexc)
  File "/home/wenchang/anaconda3/envs/python3.12-tk2-2.3/lib/python3.12/shutil.py", line 759, in rmtree
    _rmtree_safe_fd(stack, onexc)
  File "/home/wenchang/anaconda3/envs/python3.12-tk2-2.3/lib/python3.12/shutil.py", line 703, in _rmtree_safe_fd
    onexc(func, path, err)
  File "/home/wenchang/anaconda3/envs/python3.12-tk2-2.3/lib/python3.12/tempfile.py", line 911, in onexc
    cls._rmtree(path, ignore_errors=ignore_errors)
  File "/home/wenchang/anaconda3/envs/python3.12-tk2-2.3/lib/python3.12/tempfile.py", line 934, in _rmtree
    _shutil.rmtree(name, onexc=onexc)
  File "/home/wenchang/anaconda3/envs/python3.12-tk2-2.3/lib/python3.12/shutil.py", line 759, in rmtree
    _rmtree_safe_fd(stack, onexc)
  File "/home/wenchang/anaconda3/envs/python3.12-tk2-2.3/lib/python3.12/shutil.py", line 703, in _rmtree_safe_fd
    onexc(func, path, err)
  File "/home/wenchang/anaconda3/envs/python3.12-tk2-2.3/lib/python3.12/tempfile.py", line 911, in onexc
    cls._rmtree(path, ignore_errors=ignore_errors)
  File "/home/wenchang/anaconda3/envs/python3.12-tk2-2.3/lib/python3.12/tempfile.py", line 934, in _rmtree
    _shutil.rmtree(name, onexc=onexc)
  File "/home/wenchang/anaconda3/envs/python3.12-tk2-2.3/lib/python3.12/shutil.py", line 759, in rmtree
    _rmtree_safe_fd(stack, onexc)
  File "/home/wenchang/anaconda3/envs/python3.12-tk2-2.3/lib/python3.12/shutil.py", line 703, in _rmtree_safe_fd
    onexc(func, path, err)
  File "/home/wenchang/anaconda3/envs/python3.12-tk2-2.3/lib/python3.12/tempfile.py", line 911, in onexc
    cls._rmtree(path, ignore_errors=ignore_errors)
  File "/home/wenchang/anaconda3/envs/python3.12-tk2-2.3/lib/python3.12/tempfile.py", line 934, in _rmtree
    _shutil.rmtree(name, onexc=onexc)
  File "/home/wenchang/anaconda3/envs/python3.12-tk2-2.3/lib/python3.12/shutil.py", line 759, in rmtree
    _rmtree_safe_fd(stack, onexc)
  File "/home/wenchang/anaconda3/envs/python3.12-tk2-2.3/lib/python3.12/shutil.py", line 703, in _rmtree_safe_fd
    onexc(func, path, err)
  File "/home/wenchang/anaconda3/envs/python3.12-tk2-2.3/lib/python3.12/tempfile.py", line 911, in onexc
    cls._rmtree(path, ignore_errors=ignore_errors)
  File "/home/wenchang/anaconda3/envs/python3.12-tk2-2.3/lib/python3.12/tempfile.py", line 934, in _rmtree
    _shutil.rmtree(name, onexc=onexc)
  File "/home/wenchang/anaconda3/envs/python3.12-tk2-2.3/lib/python3.12/shutil.py", line 759, in rmtree
    _rmtree_safe_fd(stack, onexc)
  File "/home/wenchang/anaconda3/envs/python3.12-tk2-2.3/lib/python3.12/shutil.py", line 703, in _rmtree_safe_fd
    onexc(func, path, err)
  File "/home/wenchang/anaconda3/envs/python3.12-tk2-2.3/lib/python3.12/tempfile.py", line 911, in onexc
    cls._rmtree(path, ignore_errors=ignore_errors)
  File "/home/wenchang/anaconda3/envs/python3.12-tk2-2.3/lib/python3.12/tempfile.py", line 934, in _rmtree
    _shutil.rmtree(name, onexc=onexc)
  File "/home/wenchang/anaconda3/envs/python3.12-tk2-2.3/lib/python3.12/shutil.py", line 759, in rmtree
    _rmtree_safe_fd(stack, onexc)
  File "/home/wenchang/anaconda3/envs/python3.12-tk2-2.3/lib/python3.12/shutil.py", line 703, in _rmtree_safe_fd
    onexc(func, path, err)
  File "/home/wenchang/anaconda3/envs/python3.12-tk2-2.3/lib/python3.12/tempfile.py", line 911, in onexc
    cls._rmtree(path, ignore_errors=ignore_errors)
  File "/home/wenchang/anaconda3/envs/python3.12-tk2-2.3/lib/python3.12/tempfile.py", line 934, in _rmtree
    _shutil.rmtree(name, onexc=onexc)
  File "/home/wenchang/anaconda3/envs/python3.12-tk2-2.3/lib/python3.12/shutil.py", line 759, in rmtree
    _rmtree_safe_fd(stack, onexc)
  File "/home/wenchang/anaconda3/envs/python3.12-tk2-2.3/lib/python3.12/shutil.py", line 703, in _rmtree_safe_fd
    onexc(func, path, err)
  File "/home/wenchang/anaconda3/envs/python3.12-tk2-2.3/lib/python3.12/tempfile.py", line 911, in onexc
    cls._rmtree(path, ignore_errors=ignore_errors)
  File "/home/wenchang/anaconda3/envs/python3.12-tk2-2.3/lib/python3.12/tempfile.py", line 934, in _rmtree
    _shutil.rmtree(name, onexc=onexc)
  File "/home/wenchang/anaconda3/envs/python3.12-tk2-2.3/lib/python3.12/shutil.py", line 759, in rmtree
    _rmtree_safe_fd(stack, onexc)
  File "/home/wenchang/anaconda3/envs/python3.12-tk2-2.3/lib/python3.12/shutil.py", line 703, in _rmtree_safe_fd
    onexc(func, path, err)
  File "/home/wenchang/anaconda3/envs/python3.12-tk2-2.3/lib/python3.12/tempfile.py", line 911, in onexc
    cls._rmtree(path, ignore_errors=ignore_errors)
  File "/home/wenchang/anaconda3/envs/python3.12-tk2-2.3/lib/python3.12/tempfile.py", line 934, in _rmtree
    _shutil.rmtree(name, onexc=onexc)
  File "/home/wenchang/anaconda3/envs/python3.12-tk2-2.3/lib/python3.12/shutil.py", line 759, in rmtree
    _rmtree_safe_fd(stack, onexc)
  File "/home/wenchang/anaconda3/envs/python3.12-tk2-2.3/lib/python3.12/shutil.py", line 703, in _rmtree_safe_fd
    onexc(func, path, err)
  File "/home/wenchang/anaconda3/envs/python3.12-tk2-2.3/lib/python3.12/tempfile.py", line 911, in onexc
    cls._rmtree(path, ignore_errors=ignore_errors)
  File "/home/wenchang/anaconda3/envs/python3.12-tk2-2.3/lib/python3.12/tempfile.py", line 934, in _rmtree
    _shutil.rmtree(name, onexc=onexc)
  File "/home/wenchang/anaconda3/envs/python3.12-tk2-2.3/lib/python3.12/shutil.py", line 759, in rmtree
    _rmtree_safe_fd(stack, onexc)
  File "/home/wenchang/anaconda3/envs/python3.12-tk2-2.3/lib/python3.12/shutil.py", line 703, in _rmtree_safe_fd
    onexc(func, path, err)
  File "/home/wenchang/anaconda3/envs/python3.12-tk2-2.3/lib/python3.12/tempfile.py", line 911, in onexc
    cls._rmtree(path, ignore_errors=ignore_errors)
  File "/home/wenchang/anaconda3/envs/python3.12-tk2-2.3/lib/python3.12/tempfile.py", line 934, in _rmtree
    _shutil.rmtree(name, onexc=onexc)
  File "/home/wenchang/anaconda3/envs/python3.12-tk2-2.3/lib/python3.12/shutil.py", line 759, in rmtree
    _rmtree_safe_fd(stack, onexc)
  File "/home/wenchang/anaconda3/envs/python3.12-tk2-2.3/lib/python3.12/shutil.py", line 703, in _rmtree_safe_fd
    onexc(func, path, err)
  File "/home/wenchang/anaconda3/envs/python3.12-tk2-2.3/lib/python3.12/tempfile.py", line 911, in onexc
    cls._rmtree(path, ignore_errors=ignore_errors)
  File "/home/wenchang/anaconda3/envs/python3.12-tk2-2.3/lib/python3.12/tempfile.py", line 934, in _rmtree
    _shutil.rmtree(name, onexc=onexc)
  File "/home/wenchang/anaconda3/envs/python3.12-tk2-2.3/lib/python3.12/shutil.py", line 759, in rmtree
    _rmtree_safe_fd(stack, onexc)
  File "/home/wenchang/anaconda3/envs/python3.12-tk2-2.3/lib/python3.12/shutil.py", line 703, in _rmtree_safe_fd
    onexc(func, path, err)
  File "/home/wenchang/anaconda3/envs/python3.12-tk2-2.3/lib/python3.12/tempfile.py", line 911, in onexc
    cls._rmtree(path, ignore_errors=ignore_errors)
  File "/home/wenchang/anaconda3/envs/python3.12-tk2-2.3/lib/python3.12/tempfile.py", line 934, in _rmtree
    _shutil.rmtree(name, onexc=onexc)
  File "/home/wenchang/anaconda3/envs/python3.12-tk2-2.3/lib/python3.12/shutil.py", line 759, in rmtree
    _rmtree_safe_fd(stack, onexc)
  File "/home/wenchang/anaconda3/envs/python3.12-tk2-2.3/lib/python3.12/shutil.py", line 703, in _rmtree_safe_fd
    onexc(func, path, err)
  File "/home/wenchang/anaconda3/envs/python3.12-tk2-2.3/lib/python3.12/tempfile.py", line 911, in onexc
    cls._rmtree(path, ignore_errors=ignore_errors)
  File "/home/wenchang/anaconda3/envs/python3.12-tk2-2.3/lib/python3.12/tempfile.py", line 934, in _rmtree
    _shutil.rmtree(name, onexc=onexc)
  File "/home/wenchang/anaconda3/envs/python3.12-tk2-2.3/lib/python3.12/shutil.py", line 759, in rmtree
    _rmtree_safe_fd(stack, onexc)
  File "/home/wenchang/anaconda3/envs/python3.12-tk2-2.3/lib/python3.12/shutil.py", line 703, in _rmtree_safe_fd
    onexc(func, path, err)
  File "/home/wenchang/anaconda3/envs/python3.12-tk2-2.3/lib/python3.12/tempfile.py", line 911, in onexc
    cls._rmtree(path, ignore_errors=ignore_errors)
  File "/home/wenchang/anaconda3/envs/python3.12-tk2-2.3/lib/python3.12/tempfile.py", line 934, in _rmtree
    _shutil.rmtree(name, onexc=onexc)
  File "/home/wenchang/anaconda3/envs/python3.12-tk2-2.3/lib/python3.12/shutil.py", line 759, in rmtree
    _rmtree_safe_fd(stack, onexc)
  File "/home/wenchang/anaconda3/envs/python3.12-tk2-2.3/lib/python3.12/shutil.py", line 703, in _rmtree_safe_fd
    onexc(func, path, err)
  File "/home/wenchang/anaconda3/envs/python3.12-tk2-2.3/lib/python3.12/tempfile.py", line 911, in onexc
    cls._rmtree(path, ignore_errors=ignore_errors)
  File "/home/wenchang/anaconda3/envs/python3.12-tk2-2.3/lib/python3.12/tempfile.py", line 934, in _rmtree
    _shutil.rmtree(name, onexc=onexc)
  File "/home/wenchang/anaconda3/envs/python3.12-tk2-2.3/lib/python3.12/shutil.py", line 759, in rmtree
    _rmtree_safe_fd(stack, onexc)
  File "/home/wenchang/anaconda3/envs/python3.12-tk2-2.3/lib/python3.12/shutil.py", line 703, in _rmtree_safe_fd
    onexc(func, path, err)
  File "/home/wenchang/anaconda3/envs/python3.12-tk2-2.3/lib/python3.12/tempfile.py", line 911, in onexc
    cls._rmtree(path, ignore_errors=ignore_errors)
  File "/home/wenchang/anaconda3/envs/python3.12-tk2-2.3/lib/python3.12/tempfile.py", line 934, in _rmtree
    _shutil.rmtree(name, onexc=onexc)
  File "/home/wenchang/anaconda3/envs/python3.12-tk2-2.3/lib/python3.12/shutil.py", line 759, in rmtree
    _rmtree_safe_fd(stack, onexc)
  File "/home/wenchang/anaconda3/envs/python3.12-tk2-2.3/lib/python3.12/shutil.py", line 703, in _rmtree_safe_fd
    onexc(func, path, err)
  File "/home/wenchang/anaconda3/envs/python3.12-tk2-2.3/lib/python3.12/tempfile.py", line 911, in onexc
    cls._rmtree(path, ignore_errors=ignore_errors)
  File "/home/wenchang/anaconda3/envs/python3.12-tk2-2.3/lib/python3.12/tempfile.py", line 934, in _rmtree
    _shutil.rmtree(name, onexc=onexc)
  File "/home/wenchang/anaconda3/envs/python3.12-tk2-2.3/lib/python3.12/shutil.py", line 759, in rmtree
    _rmtree_safe_fd(stack, onexc)
  File "/home/wenchang/anaconda3/envs/python3.12-tk2-2.3/lib/python3.12/shutil.py", line 703, in _rmtree_safe_fd
    onexc(func, path, err)
  File "/home/wenchang/anaconda3/envs/python3.12-tk2-2.3/lib/python3.12/tempfile.py", line 911, in onexc
    cls._rmtree(path, ignore_errors=ignore_errors)
  File "/home/wenchang/anaconda3/envs/python3.12-tk2-2.3/lib/python3.12/tempfile.py", line 934, in _rmtree
    _shutil.rmtree(name, onexc=onexc)
  File "/home/wenchang/anaconda3/envs/python3.12-tk2-2.3/lib/python3.12/shutil.py", line 759, in rmtree
    _rmtree_safe_fd(stack, onexc)
  File "/home/wenchang/anaconda3/envs/python3.12-tk2-2.3/lib/python3.12/shutil.py", line 703, in _rmtree_safe_fd
    onexc(func, path, err)
  File "/home/wenchang/anaconda3/envs/python3.12-tk2-2.3/lib/python3.12/tempfile.py", line 911, in onexc
    cls._rmtree(path, ignore_errors=ignore_errors)
  File "/home/wenchang/anaconda3/envs/python3.12-tk2-2.3/lib/python3.12/tempfile.py", line 934, in _rmtree
    _shutil.rmtree(name, onexc=onexc)
  File "/home/wenchang/anaconda3/envs/python3.12-tk2-2.3/lib/python3.12/shutil.py", line 759, in rmtree
    _rmtree_safe_fd(stack, onexc)
  File "/home/wenchang/anaconda3/envs/python3.12-tk2-2.3/lib/python3.12/shutil.py", line 703, in _rmtree_safe_fd
    onexc(func, path, err)
  File "/home/wenchang/anaconda3/envs/python3.12-tk2-2.3/lib/python3.12/tempfile.py", line 911, in onexc
    cls._rmtree(path, ignore_errors=ignore_errors)
  File "/home/wenchang/anaconda3/envs/python3.12-tk2-2.3/lib/python3.12/tempfile.py", line 934, in _rmtree
    _shutil.rmtree(name, onexc=onexc)
  File "/home/wenchang/anaconda3/envs/python3.12-tk2-2.3/lib/python3.12/shutil.py", line 759, in rmtree
    _rmtree_safe_fd(stack, onexc)
  File "/home/wenchang/anaconda3/envs/python3.12-tk2-2.3/lib/python3.12/shutil.py", line 703, in _rmtree_safe_fd
    onexc(func, path, err)
  File "/home/wenchang/anaconda3/envs/python3.12-tk2-2.3/lib/python3.12/tempfile.py", line 911, in onexc
    cls._rmtree(path, ignore_errors=ignore_errors)
  File "/home/wenchang/anaconda3/envs/python3.12-tk2-2.3/lib/python3.12/tempfile.py", line 934, in _rmtree
    _shutil.rmtree(name, onexc=onexc)
  File "/home/wenchang/anaconda3/envs/python3.12-tk2-2.3/lib/python3.12/shutil.py", line 759, in rmtree
    _rmtree_safe_fd(stack, onexc)
  File "/home/wenchang/anaconda3/envs/python3.12-tk2-2.3/lib/python3.12/shutil.py", line 703, in _rmtree_safe_fd
    onexc(func, path, err)
  File "/home/wenchang/anaconda3/envs/python3.12-tk2-2.3/lib/python3.12/tempfile.py", line 911, in onexc
    cls._rmtree(path, ignore_errors=ignore_errors)
  File "/home/wenchang/anaconda3/envs/python3.12-tk2-2.3/lib/python3.12/tempfile.py", line 934, in _rmtree
    _shutil.rmtree(name, onexc=onexc)
  File "/home/wenchang/anaconda3/envs/python3.12-tk2-2.3/lib/python3.12/shutil.py", line 759, in rmtree
    _rmtree_safe_fd(stack, onexc)
  File "/home/wenchang/anaconda3/envs/python3.12-tk2-2.3/lib/python3.12/shutil.py", line 703, in _rmtree_safe_fd
    onexc(func, path, err)
  File "/home/wenchang/anaconda3/envs/python3.12-tk2-2.3/lib/python3.12/tempfile.py", line 911, in onexc
    cls._rmtree(path, ignore_errors=ignore_errors)
  File "/home/wenchang/anaconda3/envs/python3.12-tk2-2.3/lib/python3.12/tempfile.py", line 934, in _rmtree
    _shutil.rmtree(name, onexc=onexc)
  File "/home/wenchang/anaconda3/envs/python3.12-tk2-2.3/lib/python3.12/shutil.py", line 759, in rmtree
    _rmtree_safe_fd(stack, onexc)
  File "/home/wenchang/anaconda3/envs/python3.12-tk2-2.3/lib/python3.12/shutil.py", line 703, in _rmtree_safe_fd
    onexc(func, path, err)
  File "/home/wenchang/anaconda3/envs/python3.12-tk2-2.3/lib/python3.12/tempfile.py", line 911, in onexc
    cls._rmtree(path, ignore_errors=ignore_errors)
  File "/home/wenchang/anaconda3/envs/python3.12-tk2-2.3/lib/python3.12/tempfile.py", line 934, in _rmtree
    _shutil.rmtree(name, onexc=onexc)
  File "/home/wenchang/anaconda3/envs/python3.12-tk2-2.3/lib/python3.12/shutil.py", line 759, in rmtree
    _rmtree_safe_fd(stack, onexc)
  File "/home/wenchang/anaconda3/envs/python3.12-tk2-2.3/lib/python3.12/shutil.py", line 703, in _rmtree_safe_fd
    onexc(func, path, err)
  File "/home/wenchang/anaconda3/envs/python3.12-tk2-2.3/lib/python3.12/tempfile.py", line 911, in onexc
    cls._rmtree(path, ignore_errors=ignore_errors)
  File "/home/wenchang/anaconda3/envs/python3.12-tk2-2.3/lib/python3.12/tempfile.py", line 934, in _rmtree
    _shutil.rmtree(name, onexc=onexc)
  File "/home/wenchang/anaconda3/envs/python3.12-tk2-2.3/lib/python3.12/shutil.py", line 759, in rmtree
    _rmtree_safe_fd(stack, onexc)
  File "/home/wenchang/anaconda3/envs/python3.12-tk2-2.3/lib/python3.12/shutil.py", line 703, in _rmtree_safe_fd
    onexc(func, path, err)
  File "/home/wenchang/anaconda3/envs/python3.12-tk2-2.3/lib/python3.12/tempfile.py", line 911, in onexc
    cls._rmtree(path, ignore_errors=ignore_errors)
  File "/home/wenchang/anaconda3/envs/python3.12-tk2-2.3/lib/python3.12/tempfile.py", line 934, in _rmtree
    _shutil.rmtree(name, onexc=onexc)
  File "/home/wenchang/anaconda3/envs/python3.12-tk2-2.3/lib/python3.12/shutil.py", line 759, in rmtree
    _rmtree_safe_fd(stack, onexc)
  File "/home/wenchang/anaconda3/envs/python3.12-tk2-2.3/lib/python3.12/shutil.py", line 703, in _rmtree_safe_fd
    onexc(func, path, err)
  File "/home/wenchang/anaconda3/envs/python3.12-tk2-2.3/lib/python3.12/tempfile.py", line 911, in onexc
    cls._rmtree(path, ignore_errors=ignore_errors)
  File "/home/wenchang/anaconda3/envs/python3.12-tk2-2.3/lib/python3.12/tempfile.py", line 934, in _rmtree
    _shutil.rmtree(name, onexc=onexc)
  File "/home/wenchang/anaconda3/envs/python3.12-tk2-2.3/lib/python3.12/shutil.py", line 759, in rmtree
    _rmtree_safe_fd(stack, onexc)
  File "/home/wenchang/anaconda3/envs/python3.12-tk2-2.3/lib/python3.12/shutil.py", line 703, in _rmtree_safe_fd
    onexc(func, path, err)
  File "/home/wenchang/anaconda3/envs/python3.12-tk2-2.3/lib/python3.12/tempfile.py", line 911, in onexc
    cls._rmtree(path, ignore_errors=ignore_errors)
  File "/home/wenchang/anaconda3/envs/python3.12-tk2-2.3/lib/python3.12/tempfile.py", line 934, in _rmtree
    _shutil.rmtree(name, onexc=onexc)
  File "/home/wenchang/anaconda3/envs/python3.12-tk2-2.3/lib/python3.12/shutil.py", line 759, in rmtree
    _rmtree_safe_fd(stack, onexc)
  File "/home/wenchang/anaconda3/envs/python3.12-tk2-2.3/lib/python3.12/shutil.py", line 703, in _rmtree_safe_fd
    onexc(func, path, err)
  File "/home/wenchang/anaconda3/envs/python3.12-tk2-2.3/lib/python3.12/tempfile.py", line 911, in onexc
    cls._rmtree(path, ignore_errors=ignore_errors)
  File "/home/wenchang/anaconda3/envs/python3.12-tk2-2.3/lib/python3.12/tempfile.py", line 934, in _rmtree
    _shutil.rmtree(name, onexc=onexc)
  File "/home/wenchang/anaconda3/envs/python3.12-tk2-2.3/lib/python3.12/shutil.py", line 759, in rmtree
    _rmtree_safe_fd(stack, onexc)
  File "/home/wenchang/anaconda3/envs/python3.12-tk2-2.3/lib/python3.12/shutil.py", line 703, in _rmtree_safe_fd
    onexc(func, path, err)
  File "/home/wenchang/anaconda3/envs/python3.12-tk2-2.3/lib/python3.12/tempfile.py", line 911, in onexc
    cls._rmtree(path, ignore_errors=ignore_errors)
  File "/home/wenchang/anaconda3/envs/python3.12-tk2-2.3/lib/python3.12/tempfile.py", line 934, in _rmtree
    _shutil.rmtree(name, onexc=onexc)
  File "/home/wenchang/anaconda3/envs/python3.12-tk2-2.3/lib/python3.12/shutil.py", line 759, in rmtree
    _rmtree_safe_fd(stack, onexc)
  File "/home/wenchang/anaconda3/envs/python3.12-tk2-2.3/lib/python3.12/shutil.py", line 703, in _rmtree_safe_fd
    onexc(func, path, err)
  File "/home/wenchang/anaconda3/envs/python3.12-tk2-2.3/lib/python3.12/tempfile.py", line 911, in onexc
    cls._rmtree(path, ignore_errors=ignore_errors)
  File "/home/wenchang/anaconda3/envs/python3.12-tk2-2.3/lib/python3.12/tempfile.py", line 934, in _rmtree
    _shutil.rmtree(name, onexc=onexc)
  File "/home/wenchang/anaconda3/envs/python3.12-tk2-2.3/lib/python3.12/shutil.py", line 759, in rmtree
    _rmtree_safe_fd(stack, onexc)
  File "/home/wenchang/anaconda3/envs/python3.12-tk2-2.3/lib/python3.12/shutil.py", line 703, in _rmtree_safe_fd
    onexc(func, path, err)
  File "/home/wenchang/anaconda3/envs/python3.12-tk2-2.3/lib/python3.12/tempfile.py", line 911, in onexc
    cls._rmtree(path, ignore_errors=ignore_errors)
  File "/home/wenchang/anaconda3/envs/python3.12-tk2-2.3/lib/python3.12/tempfile.py", line 934, in _rmtree
    _shutil.rmtree(name, onexc=onexc)
  File "/home/wenchang/anaconda3/envs/python3.12-tk2-2.3/lib/python3.12/shutil.py", line 759, in rmtree
    _rmtree_safe_fd(stack, onexc)
  File "/home/wenchang/anaconda3/envs/python3.12-tk2-2.3/lib/python3.12/shutil.py", line 703, in _rmtree_safe_fd
    onexc(func, path, err)
  File "/home/wenchang/anaconda3/envs/python3.12-tk2-2.3/lib/python3.12/tempfile.py", line 911, in onexc
    cls._rmtree(path, ignore_errors=ignore_errors)
  File "/home/wenchang/anaconda3/envs/python3.12-tk2-2.3/lib/python3.12/tempfile.py", line 934, in _rmtree
    _shutil.rmtree(name, onexc=onexc)
  File "/home/wenchang/anaconda3/envs/python3.12-tk2-2.3/lib/python3.12/shutil.py", line 759, in rmtree
    _rmtree_safe_fd(stack, onexc)
  File "/home/wenchang/anaconda3/envs/python3.12-tk2-2.3/lib/python3.12/shutil.py", line 703, in _rmtree_safe_fd
    onexc(func, path, err)
  File "/home/wenchang/anaconda3/envs/python3.12-tk2-2.3/lib/python3.12/tempfile.py", line 911, in onexc
    cls._rmtree(path, ignore_errors=ignore_errors)
  File "/home/wenchang/anaconda3/envs/python3.12-tk2-2.3/lib/python3.12/tempfile.py", line 934, in _rmtree
    _shutil.rmtree(name, onexc=onexc)
  File "/home/wenchang/anaconda3/envs/python3.12-tk2-2.3/lib/python3.12/shutil.py", line 759, in rmtree
    _rmtree_safe_fd(stack, onexc)
  File "/home/wenchang/anaconda3/envs/python3.12-tk2-2.3/lib/python3.12/shutil.py", line 703, in _rmtree_safe_fd
    onexc(func, path, err)
  File "/home/wenchang/anaconda3/envs/python3.12-tk2-2.3/lib/python3.12/tempfile.py", line 911, in onexc
    cls._rmtree(path, ignore_errors=ignore_errors)
  File "/home/wenchang/anaconda3/envs/python3.12-tk2-2.3/lib/python3.12/tempfile.py", line 934, in _rmtree
    _shutil.rmtree(name, onexc=onexc)
  File "/home/wenchang/anaconda3/envs/python3.12-tk2-2.3/lib/python3.12/shutil.py", line 759, in rmtree
    _rmtree_safe_fd(stack, onexc)
  File "/home/wenchang/anaconda3/envs/python3.12-tk2-2.3/lib/python3.12/shutil.py", line 703, in _rmtree_safe_fd
    onexc(func, path, err)
  File "/home/wenchang/anaconda3/envs/python3.12-tk2-2.3/lib/python3.12/tempfile.py", line 911, in onexc
    cls._rmtree(path, ignore_errors=ignore_errors)
  File "/home/wenchang/anaconda3/envs/python3.12-tk2-2.3/lib/python3.12/tempfile.py", line 934, in _rmtree
    _shutil.rmtree(name, onexc=onexc)
  File "/home/wenchang/anaconda3/envs/python3.12-tk2-2.3/lib/python3.12/shutil.py", line 759, in rmtree
    _rmtree_safe_fd(stack, onexc)
  File "/home/wenchang/anaconda3/envs/python3.12-tk2-2.3/lib/python3.12/shutil.py", line 703, in _rmtree_safe_fd
    onexc(func, path, err)
  File "/home/wenchang/anaconda3/envs/python3.12-tk2-2.3/lib/python3.12/tempfile.py", line 911, in onexc
    cls._rmtree(path, ignore_errors=ignore_errors)
  File "/home/wenchang/anaconda3/envs/python3.12-tk2-2.3/lib/python3.12/tempfile.py", line 934, in _rmtree
    _shutil.rmtree(name, onexc=onexc)
  File "/home/wenchang/anaconda3/envs/python3.12-tk2-2.3/lib/python3.12/shutil.py", line 759, in rmtree
    _rmtree_safe_fd(stack, onexc)
  File "/home/wenchang/anaconda3/envs/python3.12-tk2-2.3/lib/python3.12/shutil.py", line 703, in _rmtree_safe_fd
    onexc(func, path, err)
  File "/home/wenchang/anaconda3/envs/python3.12-tk2-2.3/lib/python3.12/tempfile.py", line 911, in onexc
    cls._rmtree(path, ignore_errors=ignore_errors)
  File "/home/wenchang/anaconda3/envs/python3.12-tk2-2.3/lib/python3.12/tempfile.py", line 934, in _rmtree
    _shutil.rmtree(name, onexc=onexc)
  File "/home/wenchang/anaconda3/envs/python3.12-tk2-2.3/lib/python3.12/shutil.py", line 759, in rmtree
    _rmtree_safe_fd(stack, onexc)
  File "/home/wenchang/anaconda3/envs/python3.12-tk2-2.3/lib/python3.12/shutil.py", line 703, in _rmtree_safe_fd
    onexc(func, path, err)
  File "/home/wenchang/anaconda3/envs/python3.12-tk2-2.3/lib/python3.12/tempfile.py", line 911, in onexc
    cls._rmtree(path, ignore_errors=ignore_errors)
  File "/home/wenchang/anaconda3/envs/python3.12-tk2-2.3/lib/python3.12/tempfile.py", line 934, in _rmtree
    _shutil.rmtree(name, onexc=onexc)
  File "/home/wenchang/anaconda3/envs/python3.12-tk2-2.3/lib/python3.12/shutil.py", line 759, in rmtree
    _rmtree_safe_fd(stack, onexc)
  File "/home/wenchang/anaconda3/envs/python3.12-tk2-2.3/lib/python3.12/shutil.py", line 703, in _rmtree_safe_fd
    onexc(func, path, err)
  File "/home/wenchang/anaconda3/envs/python3.12-tk2-2.3/lib/python3.12/tempfile.py", line 911, in onexc
    cls._rmtree(path, ignore_errors=ignore_errors)
  File "/home/wenchang/anaconda3/envs/python3.12-tk2-2.3/lib/python3.12/tempfile.py", line 934, in _rmtree
    _shutil.rmtree(name, onexc=onexc)
  File "/home/wenchang/anaconda3/envs/python3.12-tk2-2.3/lib/python3.12/shutil.py", line 759, in rmtree
    _rmtree_safe_fd(stack, onexc)
  File "/home/wenchang/anaconda3/envs/python3.12-tk2-2.3/lib/python3.12/shutil.py", line 703, in _rmtree_safe_fd
    onexc(func, path, err)
  File "/home/wenchang/anaconda3/envs/python3.12-tk2-2.3/lib/python3.12/tempfile.py", line 911, in onexc
    cls._rmtree(path, ignore_errors=ignore_errors)
  File "/home/wenchang/anaconda3/envs/python3.12-tk2-2.3/lib/python3.12/tempfile.py", line 934, in _rmtree
    _shutil.rmtree(name, onexc=onexc)
  File "/home/wenchang/anaconda3/envs/python3.12-tk2-2.3/lib/python3.12/shutil.py", line 759, in rmtree
    _rmtree_safe_fd(stack, onexc)
  File "/home/wenchang/anaconda3/envs/python3.12-tk2-2.3/lib/python3.12/shutil.py", line 703, in _rmtree_safe_fd
    onexc(func, path, err)
  File "/home/wenchang/anaconda3/envs/python3.12-tk2-2.3/lib/python3.12/tempfile.py", line 911, in onexc
    cls._rmtree(path, ignore_errors=ignore_errors)
  File "/home/wenchang/anaconda3/envs/python3.12-tk2-2.3/lib/python3.12/tempfile.py", line 934, in _rmtree
    _shutil.rmtree(name, onexc=onexc)
  File "/home/wenchang/anaconda3/envs/python3.12-tk2-2.3/lib/python3.12/shutil.py", line 759, in rmtree
    _rmtree_safe_fd(stack, onexc)
  File "/home/wenchang/anaconda3/envs/python3.12-tk2-2.3/lib/python3.12/shutil.py", line 703, in _rmtree_safe_fd
    onexc(func, path, err)
  File "/home/wenchang/anaconda3/envs/python3.12-tk2-2.3/lib/python3.12/tempfile.py", line 911, in onexc
    cls._rmtree(path, ignore_errors=ignore_errors)
  File "/home/wenchang/anaconda3/envs/python3.12-tk2-2.3/lib/python3.12/tempfile.py", line 934, in _rmtree
    _shutil.rmtree(name, onexc=onexc)
  File "/home/wenchang/anaconda3/envs/python3.12-tk2-2.3/lib/python3.12/shutil.py", line 759, in rmtree
    _rmtree_safe_fd(stack, onexc)
  File "/home/wenchang/anaconda3/envs/python3.12-tk2-2.3/lib/python3.12/shutil.py", line 703, in _rmtree_safe_fd
    onexc(func, path, err)
  File "/home/wenchang/anaconda3/envs/python3.12-tk2-2.3/lib/python3.12/tempfile.py", line 911, in onexc
    cls._rmtree(path, ignore_errors=ignore_errors)
  File "/home/wenchang/anaconda3/envs/python3.12-tk2-2.3/lib/python3.12/tempfile.py", line 934, in _rmtree
    _shutil.rmtree(name, onexc=onexc)
  File "/home/wenchang/anaconda3/envs/python3.12-tk2-2.3/lib/python3.12/shutil.py", line 759, in rmtree
    _rmtree_safe_fd(stack, onexc)
  File "/home/wenchang/anaconda3/envs/python3.12-tk2-2.3/lib/python3.12/shutil.py", line 703, in _rmtree_safe_fd
    onexc(func, path, err)
  File "/home/wenchang/anaconda3/envs/python3.12-tk2-2.3/lib/python3.12/tempfile.py", line 911, in onexc
    cls._rmtree(path, ignore_errors=ignore_errors)
  File "/home/wenchang/anaconda3/envs/python3.12-tk2-2.3/lib/python3.12/tempfile.py", line 934, in _rmtree
    _shutil.rmtree(name, onexc=onexc)
  File "/home/wenchang/anaconda3/envs/python3.12-tk2-2.3/lib/python3.12/shutil.py", line 759, in rmtree
    _rmtree_safe_fd(stack, onexc)
  File "/home/wenchang/anaconda3/envs/python3.12-tk2-2.3/lib/python3.12/shutil.py", line 703, in _rmtree_safe_fd
    onexc(func, path, err)
  File "/home/wenchang/anaconda3/envs/python3.12-tk2-2.3/lib/python3.12/tempfile.py", line 911, in onexc
    cls._rmtree(path, ignore_errors=ignore_errors)
  File "/home/wenchang/anaconda3/envs/python3.12-tk2-2.3/lib/python3.12/tempfile.py", line 934, in _rmtree
    _shutil.rmtree(name, onexc=onexc)
  File "/home/wenchang/anaconda3/envs/python3.12-tk2-2.3/lib/python3.12/shutil.py", line 759, in rmtree
    _rmtree_safe_fd(stack, onexc)
  File "/home/wenchang/anaconda3/envs/python3.12-tk2-2.3/lib/python3.12/shutil.py", line 703, in _rmtree_safe_fd
    onexc(func, path, err)
  File "/home/wenchang/anaconda3/envs/python3.12-tk2-2.3/lib/python3.12/tempfile.py", line 911, in onexc
    cls._rmtree(path, ignore_errors=ignore_errors)
  File "/home/wenchang/anaconda3/envs/python3.12-tk2-2.3/lib/python3.12/tempfile.py", line 934, in _rmtree
    _shutil.rmtree(name, onexc=onexc)
  File "/home/wenchang/anaconda3/envs/python3.12-tk2-2.3/lib/python3.12/shutil.py", line 759, in rmtree
    _rmtree_safe_fd(stack, onexc)
  File "/home/wenchang/anaconda3/envs/python3.12-tk2-2.3/lib/python3.12/shutil.py", line 703, in _rmtree_safe_fd
    onexc(func, path, err)
  File "/home/wenchang/anaconda3/envs/python3.12-tk2-2.3/lib/python3.12/tempfile.py", line 911, in onexc
    cls._rmtree(path, ignore_errors=ignore_errors)
  File "/home/wenchang/anaconda3/envs/python3.12-tk2-2.3/lib/python3.12/tempfile.py", line 934, in _rmtree
    _shutil.rmtree(name, onexc=onexc)
  File "/home/wenchang/anaconda3/envs/python3.12-tk2-2.3/lib/python3.12/shutil.py", line 759, in rmtree
    _rmtree_safe_fd(stack, onexc)
  File "/home/wenchang/anaconda3/envs/python3.12-tk2-2.3/lib/python3.12/shutil.py", line 703, in _rmtree_safe_fd
    onexc(func, path, err)
  File "/home/wenchang/anaconda3/envs/python3.12-tk2-2.3/lib/python3.12/tempfile.py", line 911, in onexc
    cls._rmtree(path, ignore_errors=ignore_errors)
  File "/home/wenchang/anaconda3/envs/python3.12-tk2-2.3/lib/python3.12/tempfile.py", line 934, in _rmtree
    _shutil.rmtree(name, onexc=onexc)
  File "/home/wenchang/anaconda3/envs/python3.12-tk2-2.3/lib/python3.12/shutil.py", line 759, in rmtree
    _rmtree_safe_fd(stack, onexc)
  File "/home/wenchang/anaconda3/envs/python3.12-tk2-2.3/lib/python3.12/shutil.py", line 703, in _rmtree_safe_fd
    onexc(func, path, err)
  File "/home/wenchang/anaconda3/envs/python3.12-tk2-2.3/lib/python3.12/tempfile.py", line 911, in onexc
    cls._rmtree(path, ignore_errors=ignore_errors)
  File "/home/wenchang/anaconda3/envs/python3.12-tk2-2.3/lib/python3.12/tempfile.py", line 934, in _rmtree
    _shutil.rmtree(name, onexc=onexc)
  File "/home/wenchang/anaconda3/envs/python3.12-tk2-2.3/lib/python3.12/shutil.py", line 759, in rmtree
    _rmtree_safe_fd(stack, onexc)
  File "/home/wenchang/anaconda3/envs/python3.12-tk2-2.3/lib/python3.12/shutil.py", line 703, in _rmtree_safe_fd
    onexc(func, path, err)
  File "/home/wenchang/anaconda3/envs/python3.12-tk2-2.3/lib/python3.12/tempfile.py", line 911, in onexc
    cls._rmtree(path, ignore_errors=ignore_errors)
  File "/home/wenchang/anaconda3/envs/python3.12-tk2-2.3/lib/python3.12/tempfile.py", line 934, in _rmtree
    _shutil.rmtree(name, onexc=onexc)
  File "/home/wenchang/anaconda3/envs/python3.12-tk2-2.3/lib/python3.12/shutil.py", line 759, in rmtree
    _rmtree_safe_fd(stack, onexc)
  File "/home/wenchang/anaconda3/envs/python3.12-tk2-2.3/lib/python3.12/shutil.py", line 703, in _rmtree_safe_fd
    onexc(func, path, err)
  File "/home/wenchang/anaconda3/envs/python3.12-tk2-2.3/lib/python3.12/tempfile.py", line 911, in onexc
    cls._rmtree(path, ignore_errors=ignore_errors)
  File "/home/wenchang/anaconda3/envs/python3.12-tk2-2.3/lib/python3.12/tempfile.py", line 934, in _rmtree
    _shutil.rmtree(name, onexc=onexc)
  File "/home/wenchang/anaconda3/envs/python3.12-tk2-2.3/lib/python3.12/shutil.py", line 759, in rmtree
    _rmtree_safe_fd(stack, onexc)
  File "/home/wenchang/anaconda3/envs/python3.12-tk2-2.3/lib/python3.12/shutil.py", line 703, in _rmtree_safe_fd
    onexc(func, path, err)
  File "/home/wenchang/anaconda3/envs/python3.12-tk2-2.3/lib/python3.12/tempfile.py", line 911, in onexc
    cls._rmtree(path, ignore_errors=ignore_errors)
  File "/home/wenchang/anaconda3/envs/python3.12-tk2-2.3/lib/python3.12/tempfile.py", line 934, in _rmtree
    _shutil.rmtree(name, onexc=onexc)
  File "/home/wenchang/anaconda3/envs/python3.12-tk2-2.3/lib/python3.12/shutil.py", line 759, in rmtree
    _rmtree_safe_fd(stack, onexc)
  File "/home/wenchang/anaconda3/envs/python3.12-tk2-2.3/lib/python3.12/shutil.py", line 703, in _rmtree_safe_fd
    onexc(func, path, err)
  File "/home/wenchang/anaconda3/envs/python3.12-tk2-2.3/lib/python3.12/tempfile.py", line 911, in onexc
    cls._rmtree(path, ignore_errors=ignore_errors)
  File "/home/wenchang/anaconda3/envs/python3.12-tk2-2.3/lib/python3.12/tempfile.py", line 934, in _rmtree
    _shutil.rmtree(name, onexc=onexc)
  File "/home/wenchang/anaconda3/envs/python3.12-tk2-2.3/lib/python3.12/shutil.py", line 759, in rmtree
    _rmtree_safe_fd(stack, onexc)
  File "/home/wenchang/anaconda3/envs/python3.12-tk2-2.3/lib/python3.12/shutil.py", line 703, in _rmtree_safe_fd
    onexc(func, path, err)
  File "/home/wenchang/anaconda3/envs/python3.12-tk2-2.3/lib/python3.12/tempfile.py", line 911, in onexc
    cls._rmtree(path, ignore_errors=ignore_errors)
  File "/home/wenchang/anaconda3/envs/python3.12-tk2-2.3/lib/python3.12/tempfile.py", line 934, in _rmtree
    _shutil.rmtree(name, onexc=onexc)
  File "/home/wenchang/anaconda3/envs/python3.12-tk2-2.3/lib/python3.12/shutil.py", line 759, in rmtree
    _rmtree_safe_fd(stack, onexc)
  File "/home/wenchang/anaconda3/envs/python3.12-tk2-2.3/lib/python3.12/shutil.py", line 703, in _rmtree_safe_fd
    onexc(func, path, err)
  File "/home/wenchang/anaconda3/envs/python3.12-tk2-2.3/lib/python3.12/tempfile.py", line 911, in onexc
    cls._rmtree(path, ignore_errors=ignore_errors)
  File "/home/wenchang/anaconda3/envs/python3.12-tk2-2.3/lib/python3.12/tempfile.py", line 934, in _rmtree
    _shutil.rmtree(name, onexc=onexc)
  File "/home/wenchang/anaconda3/envs/python3.12-tk2-2.3/lib/python3.12/shutil.py", line 759, in rmtree
    _rmtree_safe_fd(stack, onexc)
  File "/home/wenchang/anaconda3/envs/python3.12-tk2-2.3/lib/python3.12/shutil.py", line 703, in _rmtree_safe_fd
    onexc(func, path, err)
  File "/home/wenchang/anaconda3/envs/python3.12-tk2-2.3/lib/python3.12/tempfile.py", line 911, in onexc
    cls._rmtree(path, ignore_errors=ignore_errors)
  File "/home/wenchang/anaconda3/envs/python3.12-tk2-2.3/lib/python3.12/tempfile.py", line 934, in _rmtree
    _shutil.rmtree(name, onexc=onexc)
  File "/home/wenchang/anaconda3/envs/python3.12-tk2-2.3/lib/python3.12/shutil.py", line 759, in rmtree
    _rmtree_safe_fd(stack, onexc)
  File "/home/wenchang/anaconda3/envs/python3.12-tk2-2.3/lib/python3.12/shutil.py", line 703, in _rmtree_safe_fd
    onexc(func, path, err)
  File "/home/wenchang/anaconda3/envs/python3.12-tk2-2.3/lib/python3.12/tempfile.py", line 911, in onexc
    cls._rmtree(path, ignore_errors=ignore_errors)
  File "/home/wenchang/anaconda3/envs/python3.12-tk2-2.3/lib/python3.12/tempfile.py", line 934, in _rmtree
    _shutil.rmtree(name, onexc=onexc)
  File "/home/wenchang/anaconda3/envs/python3.12-tk2-2.3/lib/python3.12/shutil.py", line 759, in rmtree
    _rmtree_safe_fd(stack, onexc)
  File "/home/wenchang/anaconda3/envs/python3.12-tk2-2.3/lib/python3.12/shutil.py", line 703, in _rmtree_safe_fd
    onexc(func, path, err)
  File "/home/wenchang/anaconda3/envs/python3.12-tk2-2.3/lib/python3.12/tempfile.py", line 911, in onexc
    cls._rmtree(path, ignore_errors=ignore_errors)
  File "/home/wenchang/anaconda3/envs/python3.12-tk2-2.3/lib/python3.12/tempfile.py", line 934, in _rmtree
    _shutil.rmtree(name, onexc=onexc)
  File "/home/wenchang/anaconda3/envs/python3.12-tk2-2.3/lib/python3.12/shutil.py", line 759, in rmtree
    _rmtree_safe_fd(stack, onexc)
  File "/home/wenchang/anaconda3/envs/python3.12-tk2-2.3/lib/python3.12/shutil.py", line 703, in _rmtree_safe_fd
    onexc(func, path, err)
  File "/home/wenchang/anaconda3/envs/python3.12-tk2-2.3/lib/python3.12/tempfile.py", line 911, in onexc
    cls._rmtree(path, ignore_errors=ignore_errors)
  File "/home/wenchang/anaconda3/envs/python3.12-tk2-2.3/lib/python3.12/tempfile.py", line 934, in _rmtree
    _shutil.rmtree(name, onexc=onexc)
  File "/home/wenchang/anaconda3/envs/python3.12-tk2-2.3/lib/python3.12/shutil.py", line 759, in rmtree
    _rmtree_safe_fd(stack, onexc)
  File "/home/wenchang/anaconda3/envs/python3.12-tk2-2.3/lib/python3.12/shutil.py", line 703, in _rmtree_safe_fd
    onexc(func, path, err)
  File "/home/wenchang/anaconda3/envs/python3.12-tk2-2.3/lib/python3.12/tempfile.py", line 911, in onexc
    cls._rmtree(path, ignore_errors=ignore_errors)
  File "/home/wenchang/anaconda3/envs/python3.12-tk2-2.3/lib/python3.12/tempfile.py", line 934, in _rmtree
    _shutil.rmtree(name, onexc=onexc)
  File "/home/wenchang/anaconda3/envs/python3.12-tk2-2.3/lib/python3.12/shutil.py", line 759, in rmtree
    _rmtree_safe_fd(stack, onexc)
  File "/home/wenchang/anaconda3/envs/python3.12-tk2-2.3/lib/python3.12/shutil.py", line 703, in _rmtree_safe_fd
    onexc(func, path, err)
  File "/home/wenchang/anaconda3/envs/python3.12-tk2-2.3/lib/python3.12/tempfile.py", line 911, in onexc
    cls._rmtree(path, ignore_errors=ignore_errors)
  File "/home/wenchang/anaconda3/envs/python3.12-tk2-2.3/lib/python3.12/tempfile.py", line 934, in _rmtree
    _shutil.rmtree(name, onexc=onexc)
  File "/home/wenchang/anaconda3/envs/python3.12-tk2-2.3/lib/python3.12/shutil.py", line 759, in rmtree
    _rmtree_safe_fd(stack, onexc)
  File "/home/wenchang/anaconda3/envs/python3.12-tk2-2.3/lib/python3.12/shutil.py", line 703, in _rmtree_safe_fd
    onexc(func, path, err)
  File "/home/wenchang/anaconda3/envs/python3.12-tk2-2.3/lib/python3.12/tempfile.py", line 911, in onexc
    cls._rmtree(path, ignore_errors=ignore_errors)
  File "/home/wenchang/anaconda3/envs/python3.12-tk2-2.3/lib/python3.12/tempfile.py", line 934, in _rmtree
    _shutil.rmtree(name, onexc=onexc)
  File "/home/wenchang/anaconda3/envs/python3.12-tk2-2.3/lib/python3.12/shutil.py", line 759, in rmtree
    _rmtree_safe_fd(stack, onexc)
  File "/home/wenchang/anaconda3/envs/python3.12-tk2-2.3/lib/python3.12/shutil.py", line 703, in _rmtree_safe_fd
    onexc(func, path, err)
  File "/home/wenchang/anaconda3/envs/python3.12-tk2-2.3/lib/python3.12/tempfile.py", line 911, in onexc
    cls._rmtree(path, ignore_errors=ignore_errors)
  File "/home/wenchang/anaconda3/envs/python3.12-tk2-2.3/lib/python3.12/tempfile.py", line 934, in _rmtree
    _shutil.rmtree(name, onexc=onexc)
  File "/home/wenchang/anaconda3/envs/python3.12-tk2-2.3/lib/python3.12/shutil.py", line 759, in rmtree
    _rmtree_safe_fd(stack, onexc)
  File "/home/wenchang/anaconda3/envs/python3.12-tk2-2.3/lib/python3.12/shutil.py", line 703, in _rmtree_safe_fd
    onexc(func, path, err)
  File "/home/wenchang/anaconda3/envs/python3.12-tk2-2.3/lib/python3.12/tempfile.py", line 911, in onexc
    cls._rmtree(path, ignore_errors=ignore_errors)
  File "/home/wenchang/anaconda3/envs/python3.12-tk2-2.3/lib/python3.12/tempfile.py", line 934, in _rmtree
    _shutil.rmtree(name, onexc=onexc)
  File "/home/wenchang/anaconda3/envs/python3.12-tk2-2.3/lib/python3.12/shutil.py", line 759, in rmtree
    _rmtree_safe_fd(stack, onexc)
  File "/home/wenchang/anaconda3/envs/python3.12-tk2-2.3/lib/python3.12/shutil.py", line 703, in _rmtree_safe_fd
    onexc(func, path, err)
  File "/home/wenchang/anaconda3/envs/python3.12-tk2-2.3/lib/python3.12/tempfile.py", line 911, in onexc
    cls._rmtree(path, ignore_errors=ignore_errors)
  File "/home/wenchang/anaconda3/envs/python3.12-tk2-2.3/lib/python3.12/tempfile.py", line 934, in _rmtree
    _shutil.rmtree(name, onexc=onexc)
  File "/home/wenchang/anaconda3/envs/python3.12-tk2-2.3/lib/python3.12/shutil.py", line 759, in rmtree
    _rmtree_safe_fd(stack, onexc)
  File "/home/wenchang/anaconda3/envs/python3.12-tk2-2.3/lib/python3.12/shutil.py", line 703, in _rmtree_safe_fd
    onexc(func, path, err)
  File "/home/wenchang/anaconda3/envs/python3.12-tk2-2.3/lib/python3.12/tempfile.py", line 911, in onexc
    cls._rmtree(path, ignore_errors=ignore_errors)
  File "/home/wenchang/anaconda3/envs/python3.12-tk2-2.3/lib/python3.12/tempfile.py", line 934, in _rmtree
    _shutil.rmtree(name, onexc=onexc)
  File "/home/wenchang/anaconda3/envs/python3.12-tk2-2.3/lib/python3.12/shutil.py", line 759, in rmtree
    _rmtree_safe_fd(stack, onexc)
  File "/home/wenchang/anaconda3/envs/python3.12-tk2-2.3/lib/python3.12/shutil.py", line 703, in _rmtree_safe_fd
    onexc(func, path, err)
  File "/home/wenchang/anaconda3/envs/python3.12-tk2-2.3/lib/python3.12/tempfile.py", line 911, in onexc
    cls._rmtree(path, ignore_errors=ignore_errors)
  File "/home/wenchang/anaconda3/envs/python3.12-tk2-2.3/lib/python3.12/tempfile.py", line 934, in _rmtree
    _shutil.rmtree(name, onexc=onexc)
  File "/home/wenchang/anaconda3/envs/python3.12-tk2-2.3/lib/python3.12/shutil.py", line 759, in rmtree
    _rmtree_safe_fd(stack, onexc)
  File "/home/wenchang/anaconda3/envs/python3.12-tk2-2.3/lib/python3.12/shutil.py", line 703, in _rmtree_safe_fd
    onexc(func, path, err)
  File "/home/wenchang/anaconda3/envs/python3.12-tk2-2.3/lib/python3.12/tempfile.py", line 911, in onexc
    cls._rmtree(path, ignore_errors=ignore_errors)
  File "/home/wenchang/anaconda3/envs/python3.12-tk2-2.3/lib/python3.12/tempfile.py", line 934, in _rmtree
    _shutil.rmtree(name, onexc=onexc)
  File "/home/wenchang/anaconda3/envs/python3.12-tk2-2.3/lib/python3.12/shutil.py", line 759, in rmtree
    _rmtree_safe_fd(stack, onexc)
  File "/home/wenchang/anaconda3/envs/python3.12-tk2-2.3/lib/python3.12/shutil.py", line 703, in _rmtree_safe_fd
    onexc(func, path, err)
  File "/home/wenchang/anaconda3/envs/python3.12-tk2-2.3/lib/python3.12/tempfile.py", line 911, in onexc
    cls._rmtree(path, ignore_errors=ignore_errors)
  File "/home/wenchang/anaconda3/envs/python3.12-tk2-2.3/lib/python3.12/tempfile.py", line 934, in _rmtree
    _shutil.rmtree(name, onexc=onexc)
  File "/home/wenchang/anaconda3/envs/python3.12-tk2-2.3/lib/python3.12/shutil.py", line 759, in rmtree
    _rmtree_safe_fd(stack, onexc)
  File "/home/wenchang/anaconda3/envs/python3.12-tk2-2.3/lib/python3.12/shutil.py", line 703, in _rmtree_safe_fd
    onexc(func, path, err)
  File "/home/wenchang/anaconda3/envs/python3.12-tk2-2.3/lib/python3.12/tempfile.py", line 911, in onexc
    cls._rmtree(path, ignore_errors=ignore_errors)
  File "/home/wenchang/anaconda3/envs/python3.12-tk2-2.3/lib/python3.12/tempfile.py", line 934, in _rmtree
    _shutil.rmtree(name, onexc=onexc)
  File "/home/wenchang/anaconda3/envs/python3.12-tk2-2.3/lib/python3.12/shutil.py", line 759, in rmtree
    _rmtree_safe_fd(stack, onexc)
  File "/home/wenchang/anaconda3/envs/python3.12-tk2-2.3/lib/python3.12/shutil.py", line 703, in _rmtree_safe_fd
    onexc(func, path, err)
  File "/home/wenchang/anaconda3/envs/python3.12-tk2-2.3/lib/python3.12/tempfile.py", line 911, in onexc
    cls._rmtree(path, ignore_errors=ignore_errors)
  File "/home/wenchang/anaconda3/envs/python3.12-tk2-2.3/lib/python3.12/tempfile.py", line 934, in _rmtree
    _shutil.rmtree(name, onexc=onexc)
  File "/home/wenchang/anaconda3/envs/python3.12-tk2-2.3/lib/python3.12/shutil.py", line 759, in rmtree
    _rmtree_safe_fd(stack, onexc)
  File "/home/wenchang/anaconda3/envs/python3.12-tk2-2.3/lib/python3.12/shutil.py", line 703, in _rmtree_safe_fd
    onexc(func, path, err)
  File "/home/wenchang/anaconda3/envs/python3.12-tk2-2.3/lib/python3.12/tempfile.py", line 911, in onexc
    cls._rmtree(path, ignore_errors=ignore_errors)
  File "/home/wenchang/anaconda3/envs/python3.12-tk2-2.3/lib/python3.12/tempfile.py", line 934, in _rmtree
    _shutil.rmtree(name, onexc=onexc)
  File "/home/wenchang/anaconda3/envs/python3.12-tk2-2.3/lib/python3.12/shutil.py", line 759, in rmtree
    _rmtree_safe_fd(stack, onexc)
  File "/home/wenchang/anaconda3/envs/python3.12-tk2-2.3/lib/python3.12/shutil.py", line 703, in _rmtree_safe_fd
    onexc(func, path, err)
  File "/home/wenchang/anaconda3/envs/python3.12-tk2-2.3/lib/python3.12/tempfile.py", line 911, in onexc
    cls._rmtree(path, ignore_errors=ignore_errors)
  File "/home/wenchang/anaconda3/envs/python3.12-tk2-2.3/lib/python3.12/tempfile.py", line 934, in _rmtree
    _shutil.rmtree(name, onexc=onexc)
  File "/home/wenchang/anaconda3/envs/python3.12-tk2-2.3/lib/python3.12/shutil.py", line 759, in rmtree
    _rmtree_safe_fd(stack, onexc)
  File "/home/wenchang/anaconda3/envs/python3.12-tk2-2.3/lib/python3.12/shutil.py", line 703, in _rmtree_safe_fd
    onexc(func, path, err)
  File "/home/wenchang/anaconda3/envs/python3.12-tk2-2.3/lib/python3.12/tempfile.py", line 911, in onexc
    cls._rmtree(path, ignore_errors=ignore_errors)
  File "/home/wenchang/anaconda3/envs/python3.12-tk2-2.3/lib/python3.12/tempfile.py", line 934, in _rmtree
    _shutil.rmtree(name, onexc=onexc)
  File "/home/wenchang/anaconda3/envs/python3.12-tk2-2.3/lib/python3.12/shutil.py", line 759, in rmtree
    _rmtree_safe_fd(stack, onexc)
  File "/home/wenchang/anaconda3/envs/python3.12-tk2-2.3/lib/python3.12/shutil.py", line 703, in _rmtree_safe_fd
    onexc(func, path, err)
  File "/home/wenchang/anaconda3/envs/python3.12-tk2-2.3/lib/python3.12/tempfile.py", line 911, in onexc
    cls._rmtree(path, ignore_errors=ignore_errors)
  File "/home/wenchang/anaconda3/envs/python3.12-tk2-2.3/lib/python3.12/tempfile.py", line 934, in _rmtree
    _shutil.rmtree(name, onexc=onexc)
  File "/home/wenchang/anaconda3/envs/python3.12-tk2-2.3/lib/python3.12/shutil.py", line 759, in rmtree
    _rmtree_safe_fd(stack, onexc)
  File "/home/wenchang/anaconda3/envs/python3.12-tk2-2.3/lib/python3.12/shutil.py", line 703, in _rmtree_safe_fd
    onexc(func, path, err)
  File "/home/wenchang/anaconda3/envs/python3.12-tk2-2.3/lib/python3.12/tempfile.py", line 911, in onexc
    cls._rmtree(path, ignore_errors=ignore_errors)
  File "/home/wenchang/anaconda3/envs/python3.12-tk2-2.3/lib/python3.12/tempfile.py", line 934, in _rmtree
    _shutil.rmtree(name, onexc=onexc)
  File "/home/wenchang/anaconda3/envs/python3.12-tk2-2.3/lib/python3.12/shutil.py", line 759, in rmtree
    _rmtree_safe_fd(stack, onexc)
  File "/home/wenchang/anaconda3/envs/python3.12-tk2-2.3/lib/python3.12/shutil.py", line 703, in _rmtree_safe_fd
    onexc(func, path, err)
  File "/home/wenchang/anaconda3/envs/python3.12-tk2-2.3/lib/python3.12/tempfile.py", line 911, in onexc
    cls._rmtree(path, ignore_errors=ignore_errors)
  File "/home/wenchang/anaconda3/envs/python3.12-tk2-2.3/lib/python3.12/tempfile.py", line 934, in _rmtree
    _shutil.rmtree(name, onexc=onexc)
  File "/home/wenchang/anaconda3/envs/python3.12-tk2-2.3/lib/python3.12/shutil.py", line 759, in rmtree
    _rmtree_safe_fd(stack, onexc)
  File "/home/wenchang/anaconda3/envs/python3.12-tk2-2.3/lib/python3.12/shutil.py", line 703, in _rmtree_safe_fd
    onexc(func, path, err)
  File "/home/wenchang/anaconda3/envs/python3.12-tk2-2.3/lib/python3.12/tempfile.py", line 911, in onexc
    cls._rmtree(path, ignore_errors=ignore_errors)
  File "/home/wenchang/anaconda3/envs/python3.12-tk2-2.3/lib/python3.12/tempfile.py", line 934, in _rmtree
    _shutil.rmtree(name, onexc=onexc)
  File "/home/wenchang/anaconda3/envs/python3.12-tk2-2.3/lib/python3.12/shutil.py", line 759, in rmtree
    _rmtree_safe_fd(stack, onexc)
  File "/home/wenchang/anaconda3/envs/python3.12-tk2-2.3/lib/python3.12/shutil.py", line 703, in _rmtree_safe_fd
    onexc(func, path, err)
  File "/home/wenchang/anaconda3/envs/python3.12-tk2-2.3/lib/python3.12/tempfile.py", line 911, in onexc
    cls._rmtree(path, ignore_errors=ignore_errors)
  File "/home/wenchang/anaconda3/envs/python3.12-tk2-2.3/lib/python3.12/tempfile.py", line 934, in _rmtree
    _shutil.rmtree(name, onexc=onexc)
  File "/home/wenchang/anaconda3/envs/python3.12-tk2-2.3/lib/python3.12/shutil.py", line 759, in rmtree
    _rmtree_safe_fd(stack, onexc)
  File "/home/wenchang/anaconda3/envs/python3.12-tk2-2.3/lib/python3.12/shutil.py", line 703, in _rmtree_safe_fd
    onexc(func, path, err)
  File "/home/wenchang/anaconda3/envs/python3.12-tk2-2.3/lib/python3.12/tempfile.py", line 911, in onexc
    cls._rmtree(path, ignore_errors=ignore_errors)
  File "/home/wenchang/anaconda3/envs/python3.12-tk2-2.3/lib/python3.12/tempfile.py", line 934, in _rmtree
    _shutil.rmtree(name, onexc=onexc)
  File "/home/wenchang/anaconda3/envs/python3.12-tk2-2.3/lib/python3.12/shutil.py", line 759, in rmtree
    _rmtree_safe_fd(stack, onexc)
  File "/home/wenchang/anaconda3/envs/python3.12-tk2-2.3/lib/python3.12/shutil.py", line 703, in _rmtree_safe_fd
    onexc(func, path, err)
  File "/home/wenchang/anaconda3/envs/python3.12-tk2-2.3/lib/python3.12/tempfile.py", line 911, in onexc
    cls._rmtree(path, ignore_errors=ignore_errors)
  File "/home/wenchang/anaconda3/envs/python3.12-tk2-2.3/lib/python3.12/tempfile.py", line 934, in _rmtree
    _shutil.rmtree(name, onexc=onexc)
  File "/home/wenchang/anaconda3/envs/python3.12-tk2-2.3/lib/python3.12/shutil.py", line 759, in rmtree
    _rmtree_safe_fd(stack, onexc)
  File "/home/wenchang/anaconda3/envs/python3.12-tk2-2.3/lib/python3.12/shutil.py", line 703, in _rmtree_safe_fd
    onexc(func, path, err)
  File "/home/wenchang/anaconda3/envs/python3.12-tk2-2.3/lib/python3.12/tempfile.py", line 911, in onexc
    cls._rmtree(path, ignore_errors=ignore_errors)
  File "/home/wenchang/anaconda3/envs/python3.12-tk2-2.3/lib/python3.12/tempfile.py", line 934, in _rmtree
    _shutil.rmtree(name, onexc=onexc)
  File "/home/wenchang/anaconda3/envs/python3.12-tk2-2.3/lib/python3.12/shutil.py", line 759, in rmtree
    _rmtree_safe_fd(stack, onexc)
  File "/home/wenchang/anaconda3/envs/python3.12-tk2-2.3/lib/python3.12/shutil.py", line 703, in _rmtree_safe_fd
    onexc(func, path, err)
  File "/home/wenchang/anaconda3/envs/python3.12-tk2-2.3/lib/python3.12/tempfile.py", line 911, in onexc
    cls._rmtree(path, ignore_errors=ignore_errors)
  File "/home/wenchang/anaconda3/envs/python3.12-tk2-2.3/lib/python3.12/tempfile.py", line 934, in _rmtree
    _shutil.rmtree(name, onexc=onexc)
  File "/home/wenchang/anaconda3/envs/python3.12-tk2-2.3/lib/python3.12/shutil.py", line 759, in rmtree
    _rmtree_safe_fd(stack, onexc)
  File "/home/wenchang/anaconda3/envs/python3.12-tk2-2.3/lib/python3.12/shutil.py", line 703, in _rmtree_safe_fd
    onexc(func, path, err)
  File "/home/wenchang/anaconda3/envs/python3.12-tk2-2.3/lib/python3.12/tempfile.py", line 911, in onexc
    cls._rmtree(path, ignore_errors=ignore_errors)
  File "/home/wenchang/anaconda3/envs/python3.12-tk2-2.3/lib/python3.12/tempfile.py", line 934, in _rmtree
    _shutil.rmtree(name, onexc=onexc)
  File "/home/wenchang/anaconda3/envs/python3.12-tk2-2.3/lib/python3.12/shutil.py", line 759, in rmtree
    _rmtree_safe_fd(stack, onexc)
  File "/home/wenchang/anaconda3/envs/python3.12-tk2-2.3/lib/python3.12/shutil.py", line 703, in _rmtree_safe_fd
    onexc(func, path, err)
  File "/home/wenchang/anaconda3/envs/python3.12-tk2-2.3/lib/python3.12/tempfile.py", line 911, in onexc
    cls._rmtree(path, ignore_errors=ignore_errors)
  File "/home/wenchang/anaconda3/envs/python3.12-tk2-2.3/lib/python3.12/tempfile.py", line 934, in _rmtree
    _shutil.rmtree(name, onexc=onexc)
  File "/home/wenchang/anaconda3/envs/python3.12-tk2-2.3/lib/python3.12/shutil.py", line 759, in rmtree
    _rmtree_safe_fd(stack, onexc)
  File "/home/wenchang/anaconda3/envs/python3.12-tk2-2.3/lib/python3.12/shutil.py", line 703, in _rmtree_safe_fd
    onexc(func, path, err)
  File "/home/wenchang/anaconda3/envs/python3.12-tk2-2.3/lib/python3.12/tempfile.py", line 911, in onexc
    cls._rmtree(path, ignore_errors=ignore_errors)
  File "/home/wenchang/anaconda3/envs/python3.12-tk2-2.3/lib/python3.12/tempfile.py", line 934, in _rmtree
    _shutil.rmtree(name, onexc=onexc)
  File "/home/wenchang/anaconda3/envs/python3.12-tk2-2.3/lib/python3.12/shutil.py", line 759, in rmtree
    _rmtree_safe_fd(stack, onexc)
  File "/home/wenchang/anaconda3/envs/python3.12-tk2-2.3/lib/python3.12/shutil.py", line 703, in _rmtree_safe_fd
    onexc(func, path, err)
  File "/home/wenchang/anaconda3/envs/python3.12-tk2-2.3/lib/python3.12/tempfile.py", line 911, in onexc
    cls._rmtree(path, ignore_errors=ignore_errors)
  File "/home/wenchang/anaconda3/envs/python3.12-tk2-2.3/lib/python3.12/tempfile.py", line 934, in _rmtree
    _shutil.rmtree(name, onexc=onexc)
  File "/home/wenchang/anaconda3/envs/python3.12-tk2-2.3/lib/python3.12/shutil.py", line 759, in rmtree
    _rmtree_safe_fd(stack, onexc)
  File "/home/wenchang/anaconda3/envs/python3.12-tk2-2.3/lib/python3.12/shutil.py", line 703, in _rmtree_safe_fd
    onexc(func, path, err)
  File "/home/wenchang/anaconda3/envs/python3.12-tk2-2.3/lib/python3.12/tempfile.py", line 911, in onexc
    cls._rmtree(path, ignore_errors=ignore_errors)
  File "/home/wenchang/anaconda3/envs/python3.12-tk2-2.3/lib/python3.12/tempfile.py", line 934, in _rmtree
    _shutil.rmtree(name, onexc=onexc)
  File "/home/wenchang/anaconda3/envs/python3.12-tk2-2.3/lib/python3.12/shutil.py", line 759, in rmtree
    _rmtree_safe_fd(stack, onexc)
  File "/home/wenchang/anaconda3/envs/python3.12-tk2-2.3/lib/python3.12/shutil.py", line 703, in _rmtree_safe_fd
    onexc(func, path, err)
  File "/home/wenchang/anaconda3/envs/python3.12-tk2-2.3/lib/python3.12/tempfile.py", line 911, in onexc
    cls._rmtree(path, ignore_errors=ignore_errors)
  File "/home/wenchang/anaconda3/envs/python3.12-tk2-2.3/lib/python3.12/tempfile.py", line 934, in _rmtree
    _shutil.rmtree(name, onexc=onexc)
  File "/home/wenchang/anaconda3/envs/python3.12-tk2-2.3/lib/python3.12/shutil.py", line 759, in rmtree
    _rmtree_safe_fd(stack, onexc)
  File "/home/wenchang/anaconda3/envs/python3.12-tk2-2.3/lib/python3.12/shutil.py", line 703, in _rmtree_safe_fd
    onexc(func, path, err)
  File "/home/wenchang/anaconda3/envs/python3.12-tk2-2.3/lib/python3.12/tempfile.py", line 911, in onexc
    cls._rmtree(path, ignore_errors=ignore_errors)
  File "/home/wenchang/anaconda3/envs/python3.12-tk2-2.3/lib/python3.12/tempfile.py", line 934, in _rmtree
    _shutil.rmtree(name, onexc=onexc)
  File "/home/wenchang/anaconda3/envs/python3.12-tk2-2.3/lib/python3.12/shutil.py", line 759, in rmtree
    _rmtree_safe_fd(stack, onexc)
  File "/home/wenchang/anaconda3/envs/python3.12-tk2-2.3/lib/python3.12/shutil.py", line 703, in _rmtree_safe_fd
    onexc(func, path, err)
  File "/home/wenchang/anaconda3/envs/python3.12-tk2-2.3/lib/python3.12/tempfile.py", line 911, in onexc
    cls._rmtree(path, ignore_errors=ignore_errors)
  File "/home/wenchang/anaconda3/envs/python3.12-tk2-2.3/lib/python3.12/tempfile.py", line 934, in _rmtree
    _shutil.rmtree(name, onexc=onexc)
  File "/home/wenchang/anaconda3/envs/python3.12-tk2-2.3/lib/python3.12/shutil.py", line 759, in rmtree
    _rmtree_safe_fd(stack, onexc)
  File "/home/wenchang/anaconda3/envs/python3.12-tk2-2.3/lib/python3.12/shutil.py", line 703, in _rmtree_safe_fd
    onexc(func, path, err)
  File "/home/wenchang/anaconda3/envs/python3.12-tk2-2.3/lib/python3.12/tempfile.py", line 911, in onexc
    cls._rmtree(path, ignore_errors=ignore_errors)
  File "/home/wenchang/anaconda3/envs/python3.12-tk2-2.3/lib/python3.12/tempfile.py", line 934, in _rmtree
    _shutil.rmtree(name, onexc=onexc)
  File "/home/wenchang/anaconda3/envs/python3.12-tk2-2.3/lib/python3.12/shutil.py", line 759, in rmtree
    _rmtree_safe_fd(stack, onexc)
  File "/home/wenchang/anaconda3/envs/python3.12-tk2-2.3/lib/python3.12/shutil.py", line 703, in _rmtree_safe_fd
    onexc(func, path, err)
  File "/home/wenchang/anaconda3/envs/python3.12-tk2-2.3/lib/python3.12/tempfile.py", line 911, in onexc
    cls._rmtree(path, ignore_errors=ignore_errors)
  File "/home/wenchang/anaconda3/envs/python3.12-tk2-2.3/lib/python3.12/tempfile.py", line 934, in _rmtree
    _shutil.rmtree(name, onexc=onexc)
  File "/home/wenchang/anaconda3/envs/python3.12-tk2-2.3/lib/python3.12/shutil.py", line 759, in rmtree
    _rmtree_safe_fd(stack, onexc)
  File "/home/wenchang/anaconda3/envs/python3.12-tk2-2.3/lib/python3.12/shutil.py", line 703, in _rmtree_safe_fd
    onexc(func, path, err)
  File "/home/wenchang/anaconda3/envs/python3.12-tk2-2.3/lib/python3.12/tempfile.py", line 911, in onexc
    cls._rmtree(path, ignore_errors=ignore_errors)
  File "/home/wenchang/anaconda3/envs/python3.12-tk2-2.3/lib/python3.12/tempfile.py", line 934, in _rmtree
    _shutil.rmtree(name, onexc=onexc)
  File "/home/wenchang/anaconda3/envs/python3.12-tk2-2.3/lib/python3.12/shutil.py", line 759, in rmtree
    _rmtree_safe_fd(stack, onexc)
  File "/home/wenchang/anaconda3/envs/python3.12-tk2-2.3/lib/python3.12/shutil.py", line 703, in _rmtree_safe_fd
    onexc(func, path, err)
  File "/home/wenchang/anaconda3/envs/python3.12-tk2-2.3/lib/python3.12/tempfile.py", line 911, in onexc
    cls._rmtree(path, ignore_errors=ignore_errors)
  File "/home/wenchang/anaconda3/envs/python3.12-tk2-2.3/lib/python3.12/tempfile.py", line 934, in _rmtree
    _shutil.rmtree(name, onexc=onexc)
  File "/home/wenchang/anaconda3/envs/python3.12-tk2-2.3/lib/python3.12/shutil.py", line 759, in rmtree
    _rmtree_safe_fd(stack, onexc)
  File "/home/wenchang/anaconda3/envs/python3.12-tk2-2.3/lib/python3.12/shutil.py", line 703, in _rmtree_safe_fd
    onexc(func, path, err)
  File "/home/wenchang/anaconda3/envs/python3.12-tk2-2.3/lib/python3.12/tempfile.py", line 911, in onexc
    cls._rmtree(path, ignore_errors=ignore_errors)
  File "/home/wenchang/anaconda3/envs/python3.12-tk2-2.3/lib/python3.12/tempfile.py", line 934, in _rmtree
    _shutil.rmtree(name, onexc=onexc)
  File "/home/wenchang/anaconda3/envs/python3.12-tk2-2.3/lib/python3.12/shutil.py", line 759, in rmtree
    _rmtree_safe_fd(stack, onexc)
  File "/home/wenchang/anaconda3/envs/python3.12-tk2-2.3/lib/python3.12/shutil.py", line 703, in _rmtree_safe_fd
    onexc(func, path, err)
  File "/home/wenchang/anaconda3/envs/python3.12-tk2-2.3/lib/python3.12/tempfile.py", line 911, in onexc
    cls._rmtree(path, ignore_errors=ignore_errors)
  File "/home/wenchang/anaconda3/envs/python3.12-tk2-2.3/lib/python3.12/tempfile.py", line 934, in _rmtree
    _shutil.rmtree(name, onexc=onexc)
  File "/home/wenchang/anaconda3/envs/python3.12-tk2-2.3/lib/python3.12/shutil.py", line 759, in rmtree
    _rmtree_safe_fd(stack, onexc)
  File "/home/wenchang/anaconda3/envs/python3.12-tk2-2.3/lib/python3.12/shutil.py", line 703, in _rmtree_safe_fd
    onexc(func, path, err)
  File "/home/wenchang/anaconda3/envs/python3.12-tk2-2.3/lib/python3.12/tempfile.py", line 911, in onexc
    cls._rmtree(path, ignore_errors=ignore_errors)
  File "/home/wenchang/anaconda3/envs/python3.12-tk2-2.3/lib/python3.12/tempfile.py", line 934, in _rmtree
    _shutil.rmtree(name, onexc=onexc)
  File "/home/wenchang/anaconda3/envs/python3.12-tk2-2.3/lib/python3.12/shutil.py", line 759, in rmtree
    _rmtree_safe_fd(stack, onexc)
  File "/home/wenchang/anaconda3/envs/python3.12-tk2-2.3/lib/python3.12/shutil.py", line 674, in _rmtree_safe_fd
    topfd = os.open(name, os.O_RDONLY | os.O_NONBLOCK, dir_fd=dirfd)
            ^^^^^^^^^^^^^^^^^^^^^^^^^^^^^^^^^^^^^^^^^^^^^^^^^^^^^^^^
  File "/home/wenchang/asdasdsad/wjq/TTIE/releases/20260920-ttie-t062a-zr/research_log/T062A/infer.py", line 51, in guard
    p=Path(os.fsdecode(name)).resolve();writing=flags & (os.O_WRONLY|os.O_RDWR|os.O_CREAT|os.O_TRUNC|os.O_APPEND)
      ^^^^^^^^^^^^^^^^^^^^^^^^^^^^^^^^^
  File "/home/wenchang/anaconda3/envs/python3.12-tk2-2.3/lib/python3.12/pathlib.py", line 1240, in resolve
    s = self._flavour.realpath(self, strict=strict)
        ^^^^^^^^^^^^^^^^^^^^^^^^^^^^^^^^^^^^^^^^^^^
  File "<frozen posixpath>", line 426, in realpath
  File "/home/wenchang/anaconda3/envs/python3.12-tk2-2.3/lib/python3.12/pathlib.py", line 448, in __fspath__
    return str(self)
           ^^^^^^^^^
  File "/home/wenchang/anaconda3/envs/python3.12-tk2-2.3/lib/python3.12/pathlib.py", line 443, in __str__
    self._str = self._format_parsed_parts(self.drive, self.root,
                                          ^^^^^^^^^^
  File "/home/wenchang/anaconda3/envs/python3.12-tk2-2.3/lib/python3.12/pathlib.py", line 557, in drive
    self._load_parts()
RecursionError: maximum recursion depth exceeded
{"task": "T062-A", "verdict": "NEGATIVE", "classification": "the fixed three-term zero-reference objective is insufficient", "gates": {"mean_psnr": true, "regressions": true, "worst": false, "mean_ssim": false}, "mean_psnr": 14.948087665788346, "mean_ssim": 0.33693536981153294, "mean_delta_psnr": 3.718047528775644, "median_delta_psnr": 3.860070371004753, "mean_delta_ssim": -0.009366946840916828, "improve": 85, "regress": 15, "tie": 0, "regressions_t026": 12, "worst_delta_t026": -7.105521504372838, "selected_step_histogram": {"40": 88, "28": 1, "32": 3, "35": 2, "31": 1, "30": 1, "34": 1, "24": 1, "36": 1, "37": 1}, "inference_seconds": 127.84562858604477, "evaluation_seconds": 28.03367043199978, "freeze_sha256": "301c041aedeb7d4925560a860417891e6bc64fa616da3c1c10565b10d3496d00", "freeze_utc": "2026-09-19T20:15:53.699084+00:00", "first_reference_read_utc": "2026-09-19T20:16:08.773953+00:00", "completed_utc": "2026-09-19T20:16:24.372735+00:00"}
[autodl] finished_at=2026-09-20T04:16:24+08:00
[autodl] exit_code=0
