image_id,split,condition,view,d_dark,d_bright,input_clipping_fraction,zero_d_dark,zero_d_bright,type,active,zero_type,zero_active,region_true_type,region_margin,zero_region_margin
289415,source_calibration,clean,full,-0.027182918041944504,-0.16260716319084167,0.14043539762496948,0.008395448327064514,0.012148693203926086,dark,False,bright,False,,,
289415,source_calibration,clean,top_left,0.03614087030291557,-0.11862733960151672,0.3452841639518738,0.041738361120224,0.025165557861328125,dark,True,dark,True,,,
289415,source_calibration,clean,top_right,0.10000607371330261,-0.10705280303955078,0.1676167994737625,0.04372382164001465,0.004691615700721741,dark,True,dark,True,,,
289415,source_calibration,clean,bottom_left,-0.05302755534648895,-0.1856883466243744,0.019133541733026505,0.015189558267593384,-0.016566380858421326,dark,False,dark,False,,,
289415,source_calibration,clean,bottom_right,-0.05743352323770523,-0.2135189175605774,0.029707111418247223,-0.0007318407297134399,0.0035509467124938965,dark,False,bright,False,,,
292155,source_calibration,clean,full,-0.1302197277545929,-0.09388166666030884,0.0033108373172581196,-0.015828430652618408,0.02258901298046112,bright,False,bright,False,,,
292155,source_calibration,clean,top_left,-0.13620884716510773,-0.16842031478881836,2.934272379206959e-05,0.021589934825897217,0.017756283283233643,dark,False,dark,False,,,
292155,source_calibration,clean,top_right,-0.09284069389104843,-0.15836386382579803,0.0002738654147833586,-0.018330156803131104,-0.00318203866481781,dark,False,bright,False,,,
292155,source_calibration,clean,bottom_left,-0.1328093409538269,-0.022861778736114502,0.012069640681147575,-0.017390519380569458,0.03258606791496277,bright,False,bright,True,,,
292155,source_calibration,clean,bottom_right,-0.19019007682800293,-0.1080407202243805,0.0008705008076503873,-0.020086705684661865,0.016573622822761536,bright,False,bright,False,,,
295420,source_calibration,clean,full,-0.062330201268196106,-0.12105213105678558,0.015182414092123508,-0.001969382166862488,-0.005274370312690735,dark,False,dark,False,,,
295420,source_calibration,clean,top_left,-0.1654277890920639,-0.13438014686107635,0.0028462442569434643,-0.04821890592575073,0.003656551241874695,bright,False,bright,False,,,
295420,source_calibration,clean,top_right,-0.11978781223297119,-0.15312820672988892,0.056465182453393936,0.0007805228233337402,-0.025124654173851013,dark,False,dark,False,,,
295420,source_calibration,clean,bottom_left,0.025264959782361984,-0.08787017315626144,0.0003912363317795098,0.020916283130645752,-0.006912544369697571,dark,False,dark,False,,,
295420,source_calibration,clean,bottom_right,0.027676481753587723,-0.11342033743858337,0.0010269953636452556,0.02386307716369629,-0.011289060115814209,dark,True,dark,False,,,
297681,source_calibration,clean,full,-0.031983960419893265,-0.10219648480415344,0.01826668530702591,0.049035221338272095,-0.04308114945888519,dark,False,dark,True,,,
297681,source_calibration,clean,top_left,-0.11282363533973694,-0.06653028726577759,0.05322210490703583,0.009315043687820435,-0.017788514494895935,bright,False,dark,False,,,
297681,source_calibration,clean,top_right,0.1058708056807518,-0.09275171160697937,0.0026483051478862762,0.0540730357170105,-0.04807630181312561,dark,True,dark,True,,,
297681,source_calibration,clean,bottom_left,-0.06487616896629333,-0.17440173029899597,0.015607344917953014,0.03215603530406952,-0.028850510716438293,dark,False,dark,False,,,
297681,source_calibration,clean,bottom_right,-0.032823216170072556,-0.10064120590686798,0.0015889831120148301,0.056525468826293945,-0.006875887513160706,dark,False,dark,True,,,
301376,source_calibration,clean,full,-0.1369374394416809,-0.06657934188842773,0.04407986253499985,-0.030151233077049255,-0.016799196600914,bright,False,bright,False,,,
301376,source_calibration,clean,top_left,-0.14251984655857086,-0.06600432097911835,0.06740451604127884,-0.012062609195709229,-0.017869532108306885,bright,False,dark,False,,,
301376,source_calibration,clean,top_right,-0.09758243709802628,-0.027219001203775406,0.09615451842546463,-0.0033152997493743896,-0.030910998582839966,bright,False,dark,False,,,
301376,source_calibration,clean,bottom_left,0.027406416833400726,-0.10438644886016846,0.0014322916977107525,0.023311316967010498,0.005478665232658386,dark,False,dark,False,,,
301376,source_calibration,clean,bottom_right,-0.20773857831954956,-0.14265918731689453,0.01132812537252903,-0.032214462757110596,-0.0032374560832977295,bright,False,bright,False,,,
302760,source_calibration,clean,full,-0.14272668957710266,-0.11419515311717987,0.0005012715118937194,-0.01628996431827545,0.005652979016304016,bright,False,bright,False,,,
302760,source_calibration,clean,top_left,-0.109906405210495,-0.10358572006225586,0.0,-0.004643663763999939,-0.0018653124570846558,bright,False,bright,False,,,
302760,source_calibration,clean,top_right,-0.16543152928352356,-0.15710678696632385,8.802817319519818e-05,-0.0017847269773483276,0.005681827664375305,bright,False,bright,False,,,
302760,source_calibration,clean,bottom_left,-0.08639286458492279,-0.11111321300268173,0.00012715179764200002,-0.007364392280578613,-0.009411916136741638,dark,False,dark,False,,,
302760,source_calibration,clean,bottom_right,-0.16104650497436523,-0.08011677861213684,0.0017899061786010861,-0.015082553029060364,0.014713883399963379,bright,False,bright,False,,,
308793,source_calibration,clean,full,-0.053425781428813934,-0.1605607569217682,0.0010098787024617195,-0.057246774435043335,0.010502129793167114,dark,False,bright,False,,,
308793,source_calibration,clean,top_left,-0.11906552314758301,-0.1676829755306244,0.0008313771686516702,-0.026496335864067078,0.01382938027381897,dark,False,bright,False,,,
308793,source_calibration,clean,top_right,-0.09872473031282425,-0.20923487842082977,0.0032081378158181906,-0.030586495995521545,0.030265256762504578,dark,False,bright,False,,,
308793,source_calibration,clean,bottom_left,0.00979425385594368,-0.1128554716706276,0.0,-0.004671156406402588,0.013984635472297668,dark,False,bright,False,,,
308793,source_calibration,clean,bottom_right,-0.09296808391809464,-0.1526700258255005,0.0,-0.07702158391475677,-0.016491353511810303,dark,False,bright,False,,,
309964,source_calibration,clean,full,-0.05315437912940979,-0.06768958270549774,0.009161882102489471,0.0004749596118927002,-0.0048061758279800415,dark,False,dark,False,,,
309964,source_calibration,clean,top_left,-0.11248253285884857,-0.08897151052951813,0.0178085770457983,0.008328601717948914,-0.0023981183767318726,bright,False,dark,False,,,
309964,source_calibration,clean,top_right,-0.09300488233566284,-0.08972419798374176,0.012743055820465088,0.007514163851737976,0.006629571318626404,bright,False,dark,False,,,
309964,source_calibration,clean,bottom_left,-0.17263898253440857,-0.2060960829257965,0.0031816596165299416,-0.03427916020154953,-0.005619361996650696,dark,False,bright,False,,,
309964,source_calibration,clean,bottom_right,-0.12158726155757904,-0.17871198058128357,0.002925347303971648,-0.03342185914516449,0.0011064857244491577,dark,False,bright,False,,,
311950,source_calibration,clean,full,-0.05700378865003586,-0.02567102387547493,0.0013471005950123072,-0.04090669006109238,0.038372039794921875,bright,False,bright,True,,,
311950,source_calibration,clean,top_left,-0.05431769788265228,-0.05094187706708908,0.0013523391680791974,-0.059079550206661224,0.05478166043758392,bright,False,bright,True,,,
311950,source_calibration,clean,top_right,-0.037234604358673096,-0.126592755317688,0.0017726607620716095,-0.05111348628997803,0.04413236677646637,dark,False,bright,True,,,
311950,source_calibration,clean,bottom_left,-0.043090447783470154,-0.05627228319644928,0.0006823143921792507,-0.07425037026405334,0.02419455349445343,dark,False,bright,False,,,
311950,source_calibration,clean,bottom_right,-0.13077965378761292,-0.13186180591583252,0.0015829694457352161,-0.05855318903923035,0.04456198215484619,dark,False,bright,True,,,
314294,source_calibration,clean,full,-0.21777184307575226,0.07224902510643005,0.0033524062018841505,-0.06247973442077637,-0.02093234658241272,bright,True,bright,False,,,
314294,source_calibration,clean,top_left,-0.20976397395133972,-0.05504452809691429,0.0012910797959193587,-0.0629870593547821,-0.045684635639190674,bright,False,bright,False,,,
314294,source_calibration,clean,top_right,-0.20269784331321716,-0.01077655702829361,0.002545481314882636,-0.06866094470024109,-0.03690604865550995,bright,False,bright,False,,,
314294,source_calibration,clean,bottom_left,-0.2783079743385315,-0.055519819259643555,0.004944249056279659,-0.08130167424678802,-0.04406307637691498,bright,False,bright,False,,,
314294,source_calibration,clean,bottom_right,-0.1571231633424759,-0.029758311808109283,0.00462881475687027,-0.08369779586791992,-0.044875770807266235,bright,False,bright,False,,,
317024,source_calibration,clean,full,-0.20562657713890076,-0.03258609026670456,0.0011859351070597768,-0.03355082869529724,-0.0014895796775817871,bright,False,bright,False,,,
317024,source_calibration,clean,top_left,-0.2097419947385788,-0.07020741701126099,0.004137324169278145,-0.023315757513046265,-0.002486392855644226,bright,False,bright,False,,,
317024,source_calibration,clean,top_right,-0.24307288229465485,-0.08032448589801788,0.0005379499634727836,-0.02018722891807556,0.0031965672969818115,bright,False,bright,False,,,
317024,source_calibration,clean,bottom_left,-0.13968461751937866,-0.07045339047908783,3.9123631722759455e-05,-0.03634786605834961,-0.00748521089553833,bright,False,bright,False,,,
317024,source_calibration,clean,bottom_right,-0.09390181303024292,-0.03664209321141243,2.934272379206959e-05,-0.04199694097042084,-0.009955525398254395,bright,False,bright,False,,,
321333,source_calibration,clean,full,-0.006229615304619074,-0.02013881504535675,0.0,-0.02335156500339508,0.019840136170387268,dark,False,bright,False,,,
321333,source_calibration,clean,top_left,-0.045577019453048706,0.0012849681079387665,0.0,-0.01720273494720459,0.02836659550666809,bright,False,bright,False,,,
321333,source_calibration,clean,top_right,-0.017966974526643753,0.0152666624635458,0.0,-0.010011598467826843,0.022438496351242065,bright,True,bright,False,,,
321333,source_calibration,clean,bottom_left,-0.01967429555952549,0.011529228650033474,0.0,-0.015897810459136963,0.009207203984260559,bright,True,bright,False,,,
321333,source_calibration,clean,bottom_right,0.013464443385601044,-0.012802576646208763,0.0,-0.025632739067077637,0.01578812301158905,dark,False,bright,False,,,
336587,source_calibration,clean,full,-0.16303323209285736,-0.07697107642889023,0.0006430947105400264,-0.034757956862449646,-0.022442474961280823,bright,False,bright,False,,,
336587,source_calibration,clean,top_left,-0.1399693340063095,-0.12405666708946228,0.0003423317684791982,-0.008932769298553467,-0.01955503225326538,bright,False,dark,False,,,
336587,source_calibration,clean,top_right,-0.21807444095611572,-0.14237868785858154,0.0022300470154732466,-0.029577448964118958,-0.01610030233860016,bright,False,bright,False,,,
336587,source_calibration,clean,bottom_left,-0.09082556515932083,-0.04423176497220993,0.0,-0.019804388284683228,-0.008197486400604248,bright,False,bright,False,,,
336587,source_calibration,clean,bottom_right,-0.13462230563163757,-0.12442824989557266,0.0,-0.029363811016082764,-0.014722168445587158,bright,False,bright,False,,,
343706,source_calibration,clean,full,-0.12205831706523895,-0.029340844601392746,0.0009430622449144721,-0.06438644975423813,-0.005628332495689392,bright,False,bright,False,,,
343706,source_calibration,clean,top_left,-0.2523786127567291,-0.12184730172157288,0.0016788025386631489,-0.06473557651042938,-0.03162038326263428,bright,False,bright,False,,,
343706,source_calibration,clean,top_right,-0.2546831965446472,-0.08702036738395691,0.0003640776558313519,-0.05867142975330353,-0.01939675211906433,bright,False,bright,False,,,
343706,source_calibration,clean,bottom_left,-0.2755884528160095,-0.16467992961406708,0.0015372168272733688,-0.04050503671169281,0.0034201741218566895,bright,False,bright,False,,,
343706,source_calibration,clean,bottom_right,-0.20263439416885376,-0.08265767246484756,0.0001921521034091711,-0.06517057120800018,-0.01393941044807434,bright,False,bright,False,,,
345252,source_calibration,clean,full,-0.05646464228630066,-0.0352444052696228,0.0012051131343469024,0.03201383352279663,0.015852227807044983,bright,False,dark,False,,,
345252,source_calibration,clean,top_left,0.02812616527080536,-0.08041635155677795,0.0003912363317795098,0.014974743127822876,-0.02506205439567566,dark,True,dark,False,,,
345252,source_calibration,clean,top_right,-0.06957796216011047,-0.044031791388988495,0.000603582535404712,0.024052754044532776,0.02578556537628174,bright,False,bright,False,,,
345252,source_calibration,clean,bottom_left,-0.09985293447971344,-0.005552865564823151,0.0035993740893900394,0.01653429865837097,0.00030149519443511963,bright,False,dark,False,,,
345252,source_calibration,clean,bottom_right,-0.07283474504947662,-0.049823734909296036,0.0002336448524147272,0.0040861815214157104,0.01530638337135315,bright,False,bright,False,,,
348481,source_calibration,clean,full,-0.08870768547058105,-0.052447106689214706,0.0009071792010217905,-0.040177032351493835,-0.023498892784118652,bright,False,bright,False,,,
348481,source_calibration,clean,top_left,-0.13284480571746826,-0.015655405819416046,0.0004303599416743964,0.017576903104782104,-0.019742026925086975,bright,False,dark,False,,,
348481,source_calibration,clean,top_right,-0.0845196545124054,0.04930054396390915,0.0008998435223475099,-0.013756975531578064,-0.01104561984539032,bright,True,bright,False,,,
348481,source_calibration,clean,bottom_left,-0.15379822254180908,-0.06436628103256226,0.0021126761566847563,-0.024144545197486877,0.012162581086158752,bright,False,bright,False,,,
348481,source_calibration,clean,bottom_right,-0.12552140653133392,-0.03984493017196655,0.00018583725614007562,-0.015280723571777344,-0.03472891449928284,bright,False,dark,False,,,
351810,source_calibration,clean,full,-0.09298612177371979,0.00905301421880722,0.012644268572330475,0.022917255759239197,0.011290177702903748,bright,True,dark,False,,,
351810,source_calibration,clean,top_left,-0.00615611532703042,-0.005920226685702801,0.0028071205597370863,0.028029605746269226,0.02322809398174286,bright,False,dark,False,,,
351810,source_calibration,clean,top_right,-0.0410136915743351,-0.024144470691680908,0.0005183881148695946,0.024360299110412598,0.002192080020904541,bright,False,dark,False,,,
351810,source_calibration,clean,bottom_left,-0.13619282841682434,-0.06496523320674896,0.04334898293018341,0.012002110481262207,-0.0029020309448242188,bright,False,dark,False,,,
351810,source_calibration,clean,bottom_right,-0.16097503900527954,-0.05120362341403961,0.0039025822188705206,0.011669978499412537,0.00568738579750061,bright,False,dark,False,,,
352900,source_calibration,clean,full,-0.10429970920085907,-0.032205402851104736,0.003966596908867359,-0.027982547879219055,-0.012225538492202759,bright,False,bright,False,,,
352900,source_calibration,clean,top_left,-0.08404572308063507,-0.047839097678661346,0.006154113914817572,-0.02419470250606537,-0.0123969167470932,bright,False,bright,False,,,
352900,source_calibration,clean,top_right,-0.10952494293451309,-0.115337073802948,0.001848958432674408,-0.023598700761795044,-0.0101042240858078,dark,False,bright,False,,,
352900,source_calibration,clean,bottom_left,-0.12304842472076416,-0.06658245623111725,0.004707112908363342,-0.02403080463409424,-0.00437888503074646,bright,False,bright,False,,,
352900,source_calibration,clean,bottom_right,-0.11377699673175812,-0.06642843037843704,0.003168402938172221,-0.02773958444595337,-0.02205774188041687,bright,False,bright,False,,,
355817,source_calibration,clean,full,-0.1695195734500885,-0.15971288084983826,0.03959555923938751,0.0014017373323440552,0.00644586980342865,bright,False,bright,False,,,
355817,source_calibration,clean,top_left,-0.1545199453830719,-0.1984395980834961,0.15757042169570923,0.006092444062232971,-0.004736647009849548,dark,False,dark,False,,,
355817,source_calibration,clean,top_right,-0.09363120794296265,-0.1283026933670044,0.0007922535296529531,0.015684381127357483,0.01731233298778534,dark,False,bright,False,,,
355817,source_calibration,clean,bottom_left,-0.07088378816843033,-0.0650208592414856,0.0,-0.012035727500915527,0.00047016143798828125,bright,False,bright,False,,,
355817,source_calibration,clean,bottom_right,-0.12026231735944748,-0.09827059507369995,1.9561815861379728e-05,0.0037221163511276245,0.012832298874855042,bright,False,bright,False,,,
359219,source_calibration,clean,full,-0.08098216354846954,-0.042558807879686356,0.0003961267648264766,-0.02792401611804962,-0.001612737774848938,bright,False,bright,False,,,
359219,source_calibration,clean,top_left,-0.09588340669870377,-0.08634267002344131,0.00012715179764200002,-0.023656785488128662,-0.0021276921033859253,bright,False,bright,False,,,
359219,source_calibration,clean,top_right,-0.09293748438358307,-0.0754414051771164,0.0001662754366407171,-0.019579723477363586,0.011128142476081848,bright,False,bright,False,,,
359219,source_calibration,clean,bottom_left,-0.09956289827823639,-0.0593700185418129,0.0005575117538683116,-0.027107462286949158,0.005858138203620911,bright,False,bright,False,,,
359219,source_calibration,clean,bottom_right,-0.06876132637262344,-0.06014429032802582,0.000733568100258708,-0.020608142018318176,0.004391804337501526,bright,False,bright,False,,,
360097,evaluation,clean,full,-0.2083914577960968,0.0431567020714283,0.00911458395421505,-0.01729641854763031,0.005747929215431213,bright,True,bright,False,,,
360097,evaluation,clean,top_left,-0.06409122794866562,0.03824905306100845,0.006527777761220932,-0.0044304728507995605,0.02201513946056366,bright,True,bright,False,,,
360097,evaluation,clean,top_right,-0.16539111733436584,0.02930840104818344,0.013480902649462223,-0.013027384877204895,0.006053358316421509,bright,True,bright,False,,,
360097,evaluation,clean,bottom_left,-0.25637269020080566,-0.03896152973175049,0.009218750521540642,-0.01996643841266632,0.002359822392463684,bright,False,bright,False,,,
360097,evaluation,clean,bottom_right,-0.20711341500282288,-0.008932985365390778,0.007230903021991253,-0.037526607513427734,-0.008012115955352783,bright,False,bright,False,,,
360097,evaluation,homogeneous_dark,full,0.07312124967575073,-0.015520080924034119,0.0010568576399236917,0.014569997787475586,0.0008236467838287354,dark,True,dark,False,,,
360097,evaluation,homogeneous_dark,top_left,0.18145820498466492,-0.04768025502562523,0.0015625000232830644,0.01587739586830139,0.015785768628120422,dark,True,dark,False,,,
360097,evaluation,homogeneous_dark,top_right,0.10423841327428818,-0.03731882572174072,0.00125868059694767,0.022920265793800354,0.007657676935195923,dark,True,dark,False,,,
360097,evaluation,homogeneous_dark,bottom_left,0.17789654433727264,-0.03744221478700638,0.00048611112288199365,0.021876469254493713,0.0016400516033172607,dark,True,dark,False,,,
360097,evaluation,homogeneous_dark,bottom_right,0.11058424413204193,0.010557815432548523,0.0009201389038935304,0.008810639381408691,0.012725606560707092,dark,True,bright,False,,,
360097,evaluation,homogeneous_bright,full,-0.23319080471992493,0.2019164264202118,0.2000933140516281,-0.035619109869003296,0.0037638992071151733,bright,True,bright,False,,,
360097,evaluation,homogeneous_bright,top_left,-0.027845323085784912,0.22056818008422852,0.10366319864988327,-0.02402019500732422,0.011655822396278381,bright,True,bright,False,,,
360097,evaluation,homogeneous_bright,top_right,-0.0736379325389862,0.22407089173793793,0.2440885454416275,-0.008978277444839478,0.00718747079372406,bright,True,bright,False,,,
360097,evaluation,homogeneous_bright,bottom_left,-0.14568962156772614,0.21942138671875,0.2867187559604645,-0.043342262506484985,-0.008964583277702332,bright,True,bright,False,,,
360097,evaluation,homogeneous_bright,bottom_right,-0.13069762289524078,0.17721520364284515,0.165902778506279,-0.04379768669605255,-0.008969098329544067,bright,True,bright,False,,,
360097,evaluation,left_right,full,-0.007489606738090515,0.11179941147565842,0.10300998389720917,-0.024295538663864136,-0.0004353523254394531,bright,True,bright,False,,,
360097,evaluation,left_right,top_left,0.18145820498466492,-0.04768025502562523,0.0015625000232830644,0.01587739586830139,0.015785768628120422,dark,True,dark,False,dark,0.22913846001029015,9.162724018096924e-05
360097,evaluation,left_right,top_right,-0.0736379325389862,0.22407089173793793,0.2440885454416275,-0.008978277444839478,0.00718747079372406,bright,True,bright,False,bright,0.29770882427692413,0.016165748238563538
360097,evaluation,left_right,bottom_left,0.17789654433727264,-0.03744221478700638,0.00048611112288199365,0.021876469254493713,0.0016400516033172607,dark,True,dark,False,dark,0.21533875912427902,0.020236417651176453
360097,evaluation,left_right,bottom_right,-0.13069762289524078,0.17721520364284515,0.165902778506279,-0.04379768669605255,-0.008969098329544067,bright,True,bright,False,bright,0.30791282653808594,0.034828588366508484
360097,evaluation,quadrants,full,0.003760822117328644,0.19951710104942322,0.13332249224185944,-0.027761220932006836,0.012180685997009277,bright,True,bright,False,,,
360097,evaluation,quadrants,top_left,0.18145820498466492,-0.04768025502562523,0.0015625000232830644,0.01587739586830139,0.015785768628120422,dark,True,dark,False,dark,0.22913846001029015,9.162724018096924e-05
360097,evaluation,quadrants,top_right,-0.0736379325389862,0.22407089173793793,0.2440885454416275,-0.008978277444839478,0.00718747079372406,bright,True,bright,False,bright,0.29770882427692413,0.016165748238563538
360097,evaluation,quadrants,bottom_left,-0.14568962156772614,0.21942138671875,0.2867187559604645,-0.043342262506484985,-0.008964583277702332,bright,True,bright,False,bright,0.36511100828647614,0.034377679228782654
360097,evaluation,quadrants,bottom_right,0.11058424413204193,0.010557815432548523,0.0009201389038935304,0.008810639381408691,0.012725606560707092,dark,True,bright,False,dark,0.10002642869949341,-0.003914967179298401
360097,evaluation,smooth_gradient,full,-0.16966623067855835,0.052880845963954926,0.04582682251930237,-0.008201777935028076,0.0024629533290863037,bright,True,bright,False,,,
360097,evaluation,smooth_gradient,top_left,-0.02835988998413086,-0.0654178112745285,0.0015625000232830644,0.012340083718299866,0.01827511191368103,dark,False,bright,False,,,
360097,evaluation,smooth_gradient,top_right,-0.12070374935865402,0.16163501143455505,0.0876736119389534,-0.015801772475242615,0.0028816312551498413,bright,True,bright,False,,,
360097,evaluation,smooth_gradient,bottom_left,-0.10507141798734665,-0.07971376925706863,0.00048611112288199365,-0.0037181973457336426,-0.005173623561859131,bright,False,dark,False,,,
360097,evaluation,smooth_gradient,bottom_right,-0.16506212949752808,0.10063187777996063,0.0935850739479065,-0.0409599244594574,-0.012072339653968811,bright,True,bright,False,,,
361551,evaluation,clean,full,-0.05644318833947182,-0.013744382187724113,4.890453965344932e-06,-0.007908537983894348,0.01951742172241211,bright,False,bright,False,,,
361551,evaluation,clean,top_left,-0.16162046790122986,-0.11788597702980042,0.0,-0.009813442826271057,0.012768536806106567,bright,False,bright,False,,,
361551,evaluation,clean,top_right,-0.05439942330121994,-0.12636010348796844,0.0,-0.023682817816734314,0.004697009921073914,dark,False,bright,False,,,
361551,evaluation,clean,bottom_left,-0.09281423687934875,-0.005820956081151962,0.0,-0.012199059128761292,0.009588092565536499,bright,False,bright,False,,,
361551,evaluation,clean,bottom_right,-0.06840479373931885,0.003134569153189659,1.9561815861379728e-05,-0.010404646396636963,0.020012110471725464,bright,True,bright,False,,,
361551,evaluation,homogeneous_dark,full,0.30097708106040955,0.01736665517091751,0.0,0.023489445447921753,0.025479108095169067,dark,True,bright,False,,,
361551,evaluation,homogeneous_dark,top_left,0.19808907806873322,-0.06697071343660355,0.0,0.023921996355056763,0.00914202630519867,dark,True,dark,False,,,
361551,evaluation,homogeneous_dark,top_right,0.29066479206085205,-0.07376177608966827,0.0,0.014125004410743713,0.005272462964057922,dark,True,dark,False,,,
361551,evaluation,homogeneous_dark,bottom_left,0.1372494101524353,-0.03451012074947357,0.0,0.011403381824493408,0.004991859197616577,dark,True,dark,False,,,
361551,evaluation,homogeneous_dark,bottom_right,0.15497606992721558,-0.031940922141075134,0.0,0.02082955837249756,0.022345781326293945,dark,True,bright,False,,,
361551,evaluation,homogeneous_bright,full,-0.10045429319143295,0.14351660013198853,0.2034037560224533,-0.02022533118724823,0.03384813666343689,bright,True,bright,True,,,
361551,evaluation,homogeneous_bright,top_left,-0.1522795855998993,0.0675889104604721,0.13354851305484772,-0.02743948996067047,0.02049177885055542,bright,True,bright,False,,,
361551,evaluation,homogeneous_bright,top_right,-0.07975119352340698,0.020876135677099228,0.06922926753759384,-0.028674274682998657,0.014648795127868652,bright,True,bright,False,,,
361551,evaluation,homogeneous_bright,bottom_left,-0.119549959897995,0.12739495933055878,0.18089789152145386,-0.01669009029865265,0.02319467067718506,bright,True,bright,False,,,
361551,evaluation,homogeneous_bright,bottom_right,-0.10171868652105331,0.2008560597896576,0.4299393594264984,-0.0160130113363266,0.03354978561401367,bright,True,bright,True,,,
361551,evaluation,left_right,full,0.17910194396972656,0.03429189324378967,0.12479215860366821,-0.01751554012298584,0.028739020228385925,dark,True,bright,False,,,
361551,evaluation,left_right,top_left,0.19808907806873322,-0.06697071343660355,0.0,0.023921996355056763,0.00914202630519867,dark,True,dark,False,dark,0.26505979150533676,0.014779970049858093
361551,evaluation,left_right,top_right,-0.07975119352340698,0.020876135677099228,0.06922926753759384,-0.028674274682998657,0.014648795127868652,bright,True,bright,False,bright,0.10062732920050621,0.04332306981086731
361551,evaluation,left_right,bottom_left,0.1372494101524353,-0.03451012074947357,0.0,0.011403381824493408,0.004991859197616577,dark,True,dark,False,dark,0.17175953090190887,0.006411522626876831
361551,evaluation,left_right,bottom_right,-0.10171868652105331,0.2008560597896576,0.4299393594264984,-0.0160130113363266,0.03354978561401367,bright,True,bright,True,bright,0.3025747463107109,0.04956279695034027
361551,evaluation,quadrants,full,0.10265524685382843,0.06243353337049484,0.06253179162740707,-0.0191652774810791,0.029223471879959106,dark,True,bright,False,,,
361551,evaluation,quadrants,top_left,0.19808907806873322,-0.06697071343660355,0.0,0.023921996355056763,0.00914202630519867,dark,True,dark,False,dark,0.26505979150533676,0.014779970049858093
361551,evaluation,quadrants,top_right,-0.07975119352340698,0.020876135677099228,0.06922926753759384,-0.028674274682998657,0.014648795127868652,bright,True,bright,False,bright,0.10062732920050621,0.04332306981086731
361551,evaluation,quadrants,bottom_left,-0.119549959897995,0.12739495933055878,0.18089789152145386,-0.01669009029865265,0.02319467067718506,bright,True,bright,False,bright,0.24694491922855377,0.03988476097583771
361551,evaluation,quadrants,bottom_right,0.15497606992721558,-0.031940922141075134,0.0,0.02082955837249756,0.022345781326293945,dark,True,bright,False,dark,0.1869169920682907,-0.0015162229537963867
361551,evaluation,smooth_gradient,full,-0.05049353092908859,-0.005200639367103577,0.06748092919588089,0.005379825830459595,0.027818188071250916,bright,False,bright,False,,,
361551,evaluation,smooth_gradient,top_left,-0.022318460047245026,-0.11409709602594376,0.0,0.013439416885375977,0.0055310726165771484,dark,False,dark,False,,,
361551,evaluation,smooth_gradient,top_right,-0.09081962704658508,-0.06719823181629181,0.007609546184539795,-0.023573115468025208,0.006218269467353821,bright,False,bright,False,,,
361551,evaluation,smooth_gradient,bottom_left,-0.00804206170141697,-0.010446911677718163,0.0,-0.0018355250358581543,0.005232974886894226,dark,False,bright,False,,,
361551,evaluation,smooth_gradient,bottom_right,-0.09703963994979858,0.1042528823018074,0.26231417059898376,-0.010788440704345703,0.025285392999649048,bright,True,bright,False,,,
361586,evaluation,clean,full,-0.19906672835350037,0.08161089569330215,0.01577538251876831,0.0009911209344863892,-0.003523893654346466,bright,True,dark,False,,,
361586,evaluation,clean,top_left,-0.04825345799326897,0.0246378593146801,0.02238849736750126,0.022352591156959534,-0.010621592402458191,bright,True,dark,False,,,
361586,evaluation,clean,top_right,-0.039082735776901245,0.03947300463914871,0.017348885536193848,0.014425426721572876,-0.006206631660461426,bright,True,dark,False,,,
361586,evaluation,clean,bottom_left,-0.129871666431427,-0.044875577092170715,0.012309272773563862,-0.0023297443985939026,0.022819526493549347,bright,False,bright,False,,,
361586,evaluation,clean,bottom_right,-0.12277935445308685,-0.018480658531188965,0.01105487160384655,0.026021331548690796,0.021472543478012085,bright,False,dark,False,,,
361586,evaluation,homogeneous_dark,full,0.09762188792228699,0.03791920468211174,0.0061179581098258495,0.010588422417640686,-0.007883697748184204,dark,True,dark,False,,,
361586,evaluation,homogeneous_dark,top_left,0.1460644155740738,-0.09625612199306488,0.00323503534309566,0.0447445809841156,-0.016527459025382996,dark,True,dark,True,,,
361586,evaluation,homogeneous_dark,top_right,0.09523290395736694,-0.01007680594921112,0.005215669050812721,0.02379731833934784,-0.0042002201080322266,dark,True,dark,False,,,
361586,evaluation,homogeneous_dark,bottom_left,0.10266804695129395,-0.04476005584001541,0.009015551768243313,0.008651047945022583,0.016620248556137085,dark,True,bright,False,,,
361586,evaluation,homogeneous_dark,bottom_right,0.05050450190901756,-0.04017956554889679,0.0070055751129984856,0.038847267627716064,0.02275964617729187,dark,True,dark,True,,,
361586,evaluation,homogeneous_bright,full,-0.17594876885414124,0.1870536506175995,0.23882776498794556,0.00016570836305618286,-0.005886144936084747,bright,True,dark,False,,,
361586,evaluation,homogeneous_bright,top_left,-0.05135542154312134,0.18012635409832,0.3013717830181122,0.015234634280204773,-0.005073726177215576,bright,True,dark,False,,,
361586,evaluation,homogeneous_bright,top_right,-0.05271650105714798,0.1922149658203125,0.29380136728286743,0.008421555161476135,-0.008704215288162231,bright,True,dark,False,,,
361586,evaluation,homogeneous_bright,bottom_left,-0.13036704063415527,0.13025011122226715,0.2146420180797577,-0.0053870826959609985,0.019949615001678467,bright,True,bright,False,,,
361586,evaluation,homogeneous_bright,bottom_right,-0.09028667211532593,0.14133407175540924,0.14549589157104492,0.01783744990825653,0.01578475534915924,bright,True,dark,False,,,
361586,evaluation,left_right,full,0.017686091363430023,0.15446776151657104,0.1128869578242302,0.020862922072410583,-0.0089188814163208,bright,True,dark,False,,,
361586,evaluation,left_right,top_left,0.1460644155740738,-0.09625612199306488,0.00323503534309566,0.0447445809841156,-0.016527459025382996,dark,True,dark,True,dark,0.24232053756713867,0.061272040009498596
361586,evaluation,left_right,top_right,-0.05271650105714798,0.1922149658203125,0.29380136728286743,0.008421555161476135,-0.008704215288162231,bright,True,dark,False,bright,0.24493146687746048,-0.017125770449638367
361586,evaluation,left_right,bottom_left,0.10266804695129395,-0.04476005584001541,0.009015551768243313,0.008651047945022583,0.016620248556137085,dark,True,bright,False,dark,0.14742810279130936,-0.007969200611114502
361586,evaluation,left_right,bottom_right,-0.09028667211532593,0.14133407175540924,0.14549589157104492,0.01783744990825653,0.01578475534915924,bright,True,dark,False,bright,0.23162074387073517,-0.00205269455909729
361586,evaluation,quadrants,full,0.01666533574461937,0.1726662814617157,0.12967099249362946,0.015411972999572754,-0.007839605212211609,bright,True,dark,False,,,
361586,evaluation,quadrants,top_left,0.1460644155740738,-0.09625612199306488,0.00323503534309566,0.0447445809841156,-0.016527459025382996,dark,True,dark,True,dark,0.24232053756713867,0.061272040009498596
361586,evaluation,quadrants,top_right,-0.05271650105714798,0.1922149658203125,0.29380136728286743,0.008421555161476135,-0.008704215288162231,bright,True,dark,False,bright,0.24493146687746048,-0.017125770449638367
361586,evaluation,quadrants,bottom_left,-0.13036704063415527,0.13025011122226715,0.2146420180797577,-0.0053870826959609985,0.019949615001678467,bright,True,bright,False,bright,0.2606171518564224,0.025336697697639465
361586,evaluation,quadrants,bottom_right,0.05050450190901756,-0.04017956554889679,0.0070055751129984856,0.038847267627716064,0.02275964617729187,dark,True,dark,True,dark,0.09068406745791435,0.016087621450424194
361586,evaluation,smooth_gradient,full,-0.20024420320987701,0.06101662665605545,0.06645210087299347,0.0032311081886291504,-0.005152411758899689,bright,True,dark,False,,,
361586,evaluation,smooth_gradient,top_left,-0.03173496574163437,-0.12263275682926178,0.00323503534309566,0.03506411612033844,-0.015150949358940125,dark,False,dark,True,,,
361586,evaluation,smooth_gradient,top_right,-0.02880578488111496,0.14663174748420715,0.17535945773124695,0.0037918537855148315,-0.004391133785247803,bright,True,dark,False,,,
361586,evaluation,smooth_gradient,bottom_left,-0.05974871665239334,-0.09509213268756866,0.009015551768243313,0.007259264588356018,0.02101007103919983,dark,False,bright,False,,,
361586,evaluation,smooth_gradient,bottom_right,-0.12274070084095001,0.07213865965604782,0.07819835841655731,0.02165810763835907,0.018758296966552734,bright,True,dark,False,,,
365208,evaluation,clean,full,-0.11869454383850098,0.024270441383123398,0.011430678889155388,-0.03514106571674347,0.02378523349761963,bright,True,bright,False,,,
365208,evaluation,clean,top_left,-0.029293641448020935,0.00023536384105682373,0.01704881526529789,-0.03100551664829254,0.014573648571968079,bright,False,bright,False,,,
365208,evaluation,clean,top_right,-0.05454450100660324,-0.08716686069965363,0.0022559170611202717,-0.04675993323326111,-0.005119115114212036,dark,False,bright,False,,,
365208,evaluation,clean,bottom_left,-0.0800544023513794,-0.0019221585243940353,0.020955882966518402,-0.03578139841556549,0.017087191343307495,bright,False,bright,False,,,
365208,evaluation,clean,bottom_right,-0.05529773235321045,-0.01907983236014843,0.005441176239401102,-0.04111555218696594,-0.01243242621421814,bright,False,bright,False,,,
365208,evaluation,homogeneous_dark,full,0.17002806067466736,0.020741231739521027,0.0,0.005688995122909546,0.01852618157863617,dark,True,bright,False,,,
365208,evaluation,homogeneous_dark,top_left,0.16442491114139557,-0.02762872353196144,0.0,0.012027561664581299,-0.0008604079484939575,dark,True,dark,False,,,
365208,evaluation,homogeneous_dark,top_right,0.0896323174238205,-0.16071777045726776,0.0,-0.008182227611541748,-0.015776216983795166,dark,True,dark,False,,,
365208,evaluation,homogeneous_dark,bottom_left,0.17823810875415802,-0.029053669422864914,0.0,0.002408847212791443,0.010533317923545837,dark,True,bright,False,,,
365208,evaluation,homogeneous_dark,bottom_right,0.1810750663280487,-0.017650648951530457,0.0,8.207559585571289e-05,-0.01980072259902954,dark,True,dark,False,,,
365208,evaluation,homogeneous_bright,full,0.00884249061346054,0.16116389632225037,0.7374446988105774,-0.03785713016986847,0.016780585050582886,bright,True,bright,False,,,
365208,evaluation,homogeneous_bright,top_left,0.06671946495771408,0.20994532108306885,0.923372745513916,-0.025654643774032593,0.011784598231315613,bright,True,bright,False,,,
365208,evaluation,homogeneous_bright,top_right,0.04866013303399086,0.15970969200134277,0.9306952357292175,-0.029737383127212524,0.014259099960327148,bright,True,bright,False,,,
365208,evaluation,homogeneous_bright,bottom_left,-0.0015165433287620544,0.21001267433166504,0.5733823180198669,-0.049963220953941345,0.03788289427757263,bright,True,bright,True,,,
365208,evaluation,homogeneous_bright,bottom_right,0.04068431258201599,0.24656552076339722,0.5245588421821594,-0.043430715799331665,0.03136596083641052,bright,True,bright,True,,,
365208,evaluation,left_right,full,0.09415937960147858,0.047790706157684326,0.3635140061378479,-0.03241172432899475,0.023173987865447998,dark,True,bright,False,,,
365208,evaluation,left_right,top_left,0.16442491114139557,-0.02762872353196144,0.0,0.012027561664581299,-0.0008604079484939575,dark,True,dark,False,dark,0.192053634673357,0.012887969613075256
365208,evaluation,left_right,top_right,0.04866013303399086,0.15970969200134277,0.9306952357292175,-0.029737383127212524,0.014259099960327148,bright,True,bright,False,bright,0.11104955896735191,0.04399648308753967
365208,evaluation,left_right,bottom_left,0.17823810875415802,-0.029053669422864914,0.0,0.002408847212791443,0.010533317923545837,dark,True,bright,False,dark,0.20729177817702293,-0.008124470710754395
365208,evaluation,left_right,bottom_right,0.04068431258201599,0.24656552076339722,0.5245588421821594,-0.043430715799331665,0.03136596083641052,bright,True,bright,True,bright,0.20588120818138123,0.07479667663574219
365208,evaluation,quadrants,full,0.14914391934871674,0.16188159584999084,0.3757559061050415,-0.027472838759422302,0.016265451908111572,bright,True,bright,False,,,
365208,evaluation,quadrants,top_left,0.16442491114139557,-0.02762872353196144,0.0,0.012027561664581299,-0.0008604079484939575,dark,True,dark,False,dark,0.192053634673357,0.012887969613075256
365208,evaluation,quadrants,top_right,0.04866013303399086,0.15970969200134277,0.9306952357292175,-0.029737383127212524,0.014259099960327148,bright,True,bright,False,bright,0.11104955896735191,0.04399648308753967
365208,evaluation,quadrants,bottom_left,-0.0015165433287620544,0.21001267433166504,0.5733823180198669,-0.049963220953941345,0.03788289427757263,bright,True,bright,True,bright,0.2115292176604271,0.08784611523151398
365208,evaluation,quadrants,bottom_right,0.1810750663280487,-0.017650648951530457,0.0,8.207559585571289e-05,-0.01980072259902954,dark,True,dark,False,dark,0.19872571527957916,0.019882798194885254
365208,evaluation,smooth_gradient,full,-0.04620814695954323,0.006334698759019375,0.2479996383190155,-0.02138689160346985,0.009251028299331665,bright,True,bright,False,,,
365208,evaluation,smooth_gradient,top_left,0.010967865586280823,-0.10442391782999039,0.0,-0.01436103880405426,0.008783549070358276,dark,False,bright,False,,,
365208,evaluation,smooth_gradient,top_right,-0.012578620575368404,0.042207591235637665,0.6726701259613037,-0.05753511190414429,0.005036279559135437,bright,True,bright,False,,,
365208,evaluation,smooth_gradient,bottom_left,-0.006455373018980026,-0.1294156163930893,0.0,-0.02123206853866577,0.012605905532836914,dark,False,bright,False,,,
365208,evaluation,smooth_gradient,bottom_right,0.005686342716217041,0.12633851170539856,0.32036763429641724,-0.04467485845088959,0.011730372905731201,bright,True,bright,False,,,
365886,evaluation,clean,full,-0.178459033370018,-0.032133251428604126,0.022953346371650696,-0.021589815616607666,0.015003427863121033,bright,False,bright,False,,,
365886,evaluation,clean,top_left,-0.058652088046073914,-0.036667387932538986,0.012852112762629986,-0.014544114470481873,0.014849424362182617,bright,False,bright,False,,,
365886,evaluation,clean,top_right,-0.00992225669324398,0.00770595483481884,0.01093505509197712,-0.0016406476497650146,0.01289936900138855,bright,True,bright,False,,,
365886,evaluation,clean,bottom_left,-0.009046811610460281,0.1577431708574295,0.06547340005636215,-0.0566377192735672,-0.03425769507884979,bright,True,bright,False,,,
365886,evaluation,clean,bottom_right,-0.02417713589966297,0.024874268099665642,0.002552816877141595,-0.008635386824607849,0.009348779916763306,bright,True,bright,False,,,
365886,evaluation,homogeneous_dark,full,-0.02929583564400673,-0.09501209110021591,0.006587441544979811,-0.00556008517742157,0.00808049738407135,dark,False,bright,False,,,
365886,evaluation,homogeneous_dark,top_left,0.0951034277677536,-0.05333223566412926,0.012852112762629986,0.0062646567821502686,0.007883340120315552,dark,True,bright,False,,,
365886,evaluation,homogeneous_dark,top_right,0.08502165973186493,-0.026963792741298676,0.01093505509197712,0.01154908537864685,0.003116101026535034,dark,True,dark,False,,,
365886,evaluation,homogeneous_dark,bottom_left,0.08234432339668274,0.055799294263124466,9.780907930689864e-06,-0.03820471465587616,-0.03690861165523529,dark,True,bright,False,,,
365886,evaluation,homogeneous_dark,bottom_right,0.09179200232028961,0.005133701488375664,0.002552816877141595,0.006692826747894287,0.0008422732353210449,dark,True,dark,False,,,
365886,evaluation,homogeneous_bright,full,-0.16239051520824432,0.08507158607244492,0.162072092294693,-0.0351056307554245,0.024581342935562134,bright,True,bright,False,,,
365886,evaluation,homogeneous_bright,top_left,-0.10327227413654327,0.07122468203306198,0.11382042616605759,-0.026748672127723694,0.01947137713432312,bright,True,bright,False,,,
365886,evaluation,homogeneous_bright,top_right,-0.06079406291246414,0.046156059950590134,0.05411776527762413,-0.002909928560256958,0.01899319887161255,bright,True,bright,False,,,
365886,evaluation,homogeneous_bright,bottom_left,-0.0014769434928894043,0.22958162426948547,0.3640649616718292,-0.023303240537643433,0.001480892300605774,bright,True,bright,False,,,
365886,evaluation,homogeneous_bright,bottom_right,0.010090474039316177,0.1404220461845398,0.11628521233797073,-0.01866208016872406,0.015115827322006226,bright,True,bright,False,,,
365886,evaluation,left_right,full,-0.0868821069598198,-0.030360758304595947,0.04581621661782265,-0.030588775873184204,0.007301032543182373,bright,False,bright,False,,,
365886,evaluation,left_right,top_left,0.0951034277677536,-0.05333223566412926,0.012852112762629986,0.0062646567821502686,0.007883340120315552,dark,True,bright,False,dark,0.14843566343188286,-0.0016186833381652832
365886,evaluation,left_right,top_right,-0.06079406291246414,0.046156059950590134,0.05411776527762413,-0.002909928560256958,0.01899319887161255,bright,True,bright,False,bright,0.10695012286305428,0.021903127431869507
365886,evaluation,left_right,bottom_left,0.08234432339668274,0.055799294263124466,9.780907930689864e-06,-0.03820471465587616,-0.03690861165523529,dark,True,bright,False,dark,0.026545029133558273,-0.0012961030006408691
365886,evaluation,left_right,bottom_right,0.010090474039316177,0.1404220461845398,0.11628521233797073,-0.01866208016872406,0.015115827322006226,bright,True,bright,False,bright,0.13033157214522362,0.033777907490730286
365886,evaluation,quadrants,full,-0.023814598098397255,0.05011487007141113,0.10839691013097763,-0.017393752932548523,0.015391647815704346,bright,True,bright,False,,,
365886,evaluation,quadrants,top_left,0.0951034277677536,-0.05333223566412926,0.012852112762629986,0.0062646567821502686,0.007883340120315552,dark,True,bright,False,dark,0.14843566343188286,-0.0016186833381652832
365886,evaluation,quadrants,top_right,-0.06079406291246414,0.046156059950590134,0.05411776527762413,-0.002909928560256958,0.01899319887161255,bright,True,bright,False,bright,0.10695012286305428,0.021903127431869507
365886,evaluation,quadrants,bottom_left,-0.0014769434928894043,0.22958162426948547,0.3640649616718292,-0.023303240537643433,0.001480892300605774,bright,True,bright,False,bright,0.23105856776237488,0.024784132838249207
365886,evaluation,quadrants,bottom_right,0.09179200232028961,0.005133701488375664,0.002552816877141595,0.006692826747894287,0.0008422732353210449,dark,True,dark,False,dark,0.08665830083191395,0.005850553512573242
365886,evaluation,smooth_gradient,full,-0.16908416152000427,-0.039510078728199005,0.011323845945298672,-0.022267252206802368,0.014189094305038452,bright,False,bright,False,,,
365886,evaluation,smooth_gradient,top_left,-0.015853935852646828,-0.060450777411460876,0.012852112762629986,-0.0072661638259887695,0.010968044400215149,dark,False,bright,False,,,
365886,evaluation,smooth_gradient,top_right,-0.038813427090644836,0.030747896060347557,0.01093505509197712,-0.008060574531555176,0.012911468744277954,bright,True,bright,False,,,
365886,evaluation,smooth_gradient,bottom_left,0.009467363357543945,0.03822004050016403,9.780907930689864e-06,-0.04874175786972046,-0.031730398535728455,bright,True,bright,False,,,
365886,evaluation,smooth_gradient,bottom_right,-0.025580447167158127,0.07375424355268478,0.021498436108231544,-0.01711811125278473,0.005528092384338379,bright,True,bright,False,,,
369323,evaluation,clean,full,-0.13920819759368896,-0.09531638026237488,0.00047906837426126003,0.00046922266483306885,0.0442696213722229,bright,False,bright,True,,,
369323,evaluation,clean,top_left,-0.0659540668129921,-0.11507400125265121,0.00046187106636352837,-0.018499433994293213,0.04153017699718475,dark,False,bright,True,,,
369323,evaluation,clean,top_right,-0.13774192333221436,-0.17012353241443634,0.0005503144348040223,-0.003152206540107727,0.04181133210659027,dark,False,bright,True,,,
369323,evaluation,clean,bottom_left,-0.12633562088012695,-0.06705528497695923,0.0006584119400940835,-0.03230874240398407,0.019392699003219604,bright,False,bright,False,,,
369323,evaluation,clean,bottom_right,-0.0713207945227623,-0.12088800966739655,0.00024567608488723636,-0.034029923379421234,0.027976185083389282,dark,False,bright,False,,,
369323,evaluation,homogeneous_dark,full,0.13022354245185852,-0.0986848920583725,0.0,0.017407983541488647,0.041221216320991516,dark,True,bright,True,,,
369323,evaluation,homogeneous_dark,top_left,0.0947587713599205,-0.14397326111793518,0.0,0.00604674220085144,0.03176446259021759,dark,True,bright,True,,,
369323,evaluation,homogeneous_dark,top_right,0.07847511768341064,-0.18445971608161926,0.0,0.016521766781806946,0.032607972621917725,dark,True,bright,True,,,
369323,evaluation,homogeneous_dark,bottom_left,0.13869763910770416,-0.12288596481084824,0.0,-0.001402929425239563,0.015875503420829773,dark,True,bright,False,,,
369323,evaluation,homogeneous_dark,bottom_right,0.1292666792869568,-0.15487483143806458,0.0,-0.00733068585395813,0.023996174335479736,dark,True,bright,False,,,
369323,evaluation,homogeneous_bright,full,-0.13547328114509583,0.04832393676042557,0.29472288489341736,0.0009846985340118408,0.05339108407497406,bright,True,bright,True,,,
369323,evaluation,homogeneous_bright,top_left,-0.03778132423758507,0.05121505632996559,0.012922562658786774,-0.019824162125587463,0.041517287492752075,bright,True,bright,True,,,
369323,evaluation,homogeneous_bright,top_right,-0.1100093349814415,0.023851916193962097,0.028626179322600365,0.001913502812385559,0.04841110110282898,bright,True,bright,True,,,
369323,evaluation,homogeneous_bright,bottom_left,0.018587082624435425,0.28447797894477844,0.6425216197967529,-0.036011189222335815,0.02156682312488556,bright,True,bright,False,,,
369323,evaluation,homogeneous_bright,bottom_right,-0.023779302835464478,0.23494693636894226,0.49482113122940063,-0.03127467632293701,0.032575711607933044,bright,True,bright,True,,,
369323,evaluation,left_right,full,-0.013352585025131702,-0.006426600273698568,0.13086183369159698,-0.00119076669216156,0.030943572521209717,bright,False,bright,True,,,
369323,evaluation,left_right,top_left,0.0947587713599205,-0.14397326111793518,0.0,0.00604674220085144,0.03176446259021759,dark,True,bright,True,dark,0.23873203247785568,-0.02571772038936615
369323,evaluation,left_right,top_right,-0.1100093349814415,0.023851916193962097,0.028626179322600365,0.001913502812385559,0.04841110110282898,bright,True,bright,True,bright,0.1338612511754036,0.04649759829044342
369323,evaluation,left_right,bottom_left,0.13869763910770416,-0.12288596481084824,0.0,-0.001402929425239563,0.015875503420829773,dark,True,bright,False,dark,0.2615836039185524,-0.017278432846069336
369323,evaluation,left_right,bottom_right,-0.023779302835464478,0.23494693636894226,0.49482113122940063,-0.03127467632293701,0.032575711607933044,bright,True,bright,True,bright,0.25872623920440674,0.06385038793087006
369323,evaluation,quadrants,full,0.039932649582624435,0.020257683470845222,0.16778694093227386,0.007211536169052124,0.042954787611961365,dark,True,bright,True,,,
369323,evaluation,quadrants,top_left,0.0947587713599205,-0.14397326111793518,0.0,0.00604674220085144,0.03176446259021759,dark,True,bright,True,dark,0.23873203247785568,-0.02571772038936615
369323,evaluation,quadrants,top_right,-0.1100093349814415,0.023851916193962097,0.028626179322600365,0.001913502812385559,0.04841110110282898,bright,True,bright,True,bright,0.1338612511754036,0.04649759829044342
369323,evaluation,quadrants,bottom_left,0.018587082624435425,0.28447797894477844,0.6425216197967529,-0.036011189222335815,0.02156682312488556,bright,True,bright,False,bright,0.265890896320343,0.057578012347221375
369323,evaluation,quadrants,bottom_right,0.1292666792869568,-0.15487483143806458,0.0,-0.00733068585395813,0.023996174335479736,dark,True,bright,False,dark,0.28414151072502136,-0.031326860189437866
369323,evaluation,smooth_gradient,full,-0.1224990114569664,-0.06707763671875,0.07792354375123978,0.007104724645614624,0.045002251863479614,bright,False,bright,True,,,
369323,evaluation,smooth_gradient,top_left,-0.053473930805921555,-0.13347765803337097,0.0,-0.0120505690574646,0.04050244390964508,dark,False,bright,True,,,
369323,evaluation,smooth_gradient,top_right,-0.12511031329631805,-0.0942392349243164,0.013659590855240822,-0.001077219843864441,0.04496660828590393,bright,False,bright,True,,,
369323,evaluation,smooth_gradient,bottom_left,-0.010899759829044342,-0.0777527242898941,0.0,-0.009576350450515747,0.02271321415901184,dark,False,bright,False,,,
369323,evaluation,smooth_gradient,bottom_right,-0.05452007055282593,-0.004313003271818161,0.29803457856178284,-0.03493409603834152,0.03779257833957672,bright,False,bright,True,,,
369442,evaluation,clean,full,-0.038705307990312576,-0.04379745572805405,0.01088370569050312,-0.029758870601654053,-0.004318222403526306,dark,False,bright,False,,,
369442,evaluation,clean,top_left,-0.027661392465233803,-0.11170218884944916,0.011922926642000675,-0.003021612763404846,0.0035282671451568604,dark,False,bright,False,,,
369442,evaluation,clean,top_right,0.008223207667469978,-0.07811621576547623,1.9561815861379728e-05,-0.018309369683265686,0.002275437116622925,dark,False,bright,False,,,
369442,evaluation,clean,bottom_left,0.005759819410741329,-0.04710693657398224,0.03152386471629143,-0.031492456793785095,-0.009435787796974182,dark,False,bright,False,,,
369442,evaluation,clean,bottom_right,-0.15450631082057953,-0.10252080857753754,6.846635369583964e-05,-0.03419823944568634,-0.002221032977104187,bright,False,bright,False,,,
369442,evaluation,homogeneous_dark,full,0.16024497151374817,-0.027045875787734985,0.010866588912904263,0.002938374876976013,-0.0059226155281066895,dark,True,dark,False,,,
369442,evaluation,homogeneous_dark,top_left,0.20200762152671814,-0.044179707765579224,0.01189358439296484,0.0263042151927948,-0.0018272846937179565,dark,True,dark,False,,,
369442,evaluation,homogeneous_dark,top_right,0.24278728663921356,-0.041158705949783325,9.780907930689864e-06,0.014804109930992126,0.003374248743057251,dark,True,dark,False,,,
369442,evaluation,homogeneous_dark,bottom_left,0.17997823655605316,-0.03458058461546898,0.03152386471629143,0.0015587061643600464,-0.005535408854484558,dark,True,dark,False,,,
369442,evaluation,homogeneous_dark,bottom_right,0.13405142724514008,-0.1540713906288147,3.9123631722759455e-05,0.010501846671104431,-0.013530552387237549,dark,True,dark,False,,,
369442,evaluation,homogeneous_bright,full,-0.08584683388471603,0.11347207427024841,0.13087588548660278,-0.04739254713058472,0.007643371820449829,bright,True,bright,False,,,
369442,evaluation,homogeneous_bright,top_left,-0.13264447450637817,0.07525847852230072,0.1392996907234192,-0.040542200207710266,0.013373255729675293,bright,True,bright,False,,,
369442,evaluation,homogeneous_bright,top_right,-0.019437789916992188,0.17735466361045837,0.24291862547397614,-0.04309362173080444,-0.004603534936904907,bright,True,bright,False,,,
369442,evaluation,homogeneous_bright,bottom_left,-0.010440967977046967,0.09005041420459747,0.061140455305576324,-0.045762792229652405,-0.013838037848472595,bright,True,bright,False,,,
369442,evaluation,homogeneous_bright,bottom_right,-0.1791902333498001,0.07539889216423035,0.08014476299285889,-0.05253313481807709,0.008368730545043945,bright,True,bright,False,,,
369442,evaluation,left_right,full,-0.0003781914710998535,0.038871265947818756,0.09162020683288574,-0.03422704339027405,0.004384532570838928,bright,True,bright,False,,,
369442,evaluation,left_right,top_left,0.20200762152671814,-0.044179707765579224,0.01189358439296484,0.0263042151927948,-0.0018272846937179565,dark,True,dark,False,dark,0.24618732929229736,0.028131499886512756
369442,evaluation,left_right,top_right,-0.019437789916992188,0.17735466361045837,0.24291862547397614,-0.04309362173080444,-0.004603534936904907,bright,True,bright,False,bright,0.19679245352745056,0.038490086793899536
369442,evaluation,left_right,bottom_left,0.17997823655605316,-0.03458058461546898,0.03152386471629143,0.0015587061643600464,-0.005535408854484558,dark,True,dark,False,dark,0.21455882117152214,0.0070941150188446045
369442,evaluation,left_right,bottom_right,-0.1791902333498001,0.07539889216423035,0.08014476299285889,-0.05253313481807709,0.008368730545043945,bright,True,bright,False,bright,0.25458912551403046,0.06090186536312103
369442,evaluation,quadrants,full,0.06594738364219666,0.09758226573467255,0.07899794727563858,-0.04903575778007507,-0.014086499810218811,bright,True,bright,False,,,
369442,evaluation,quadrants,top_left,0.20200762152671814,-0.044179707765579224,0.01189358439296484,0.0263042151927948,-0.0018272846937179565,dark,True,dark,False,dark,0.24618732929229736,0.028131499886512756
369442,evaluation,quadrants,top_right,-0.019437789916992188,0.17735466361045837,0.24291862547397614,-0.04309362173080444,-0.004603534936904907,bright,True,bright,False,bright,0.19679245352745056,0.038490086793899536
369442,evaluation,quadrants,bottom_left,-0.010440967977046967,0.09005041420459747,0.061140455305576324,-0.045762792229652405,-0.013838037848472595,bright,True,bright,False,bright,0.10049138218164444,0.03192475438117981
369442,evaluation,quadrants,bottom_right,0.13405142724514008,-0.1540713906288147,3.9123631722759455e-05,0.010501846671104431,-0.013530552387237549,dark,True,dark,False,dark,0.2881228178739548,0.02403239905834198
369442,evaluation,smooth_gradient,full,-0.07494263350963593,0.006001196801662445,0.03473934158682823,-0.03275994956493378,-0.002527281641960144,bright,True,bright,False,,,
369442,evaluation,smooth_gradient,top_left,0.06271766871213913,-0.10410004109144211,0.01189358439296484,0.006915733218193054,-0.0005632340908050537,dark,True,dark,False,,,
369442,evaluation,smooth_gradient,top_right,-0.051218196749687195,0.07897131145000458,0.06536580622196198,-0.02750086784362793,-0.0009195506572723389,bright,True,bright,False,,,
369442,evaluation,smooth_gradient,bottom_left,0.06836802512407303,-0.04877385497093201,0.03152386471629143,-0.01879069209098816,-0.007585063576698303,dark,True,bright,False,,,
369442,evaluation,smooth_gradient,bottom_right,-0.18507756292819977,0.018166232854127884,0.030174100771546364,-0.04427553713321686,0.0053768157958984375,bright,True,bright,False,,,
378244,evaluation,clean,full,-0.05705901235342026,-0.056339070200920105,0.003077157074585557,-0.021344289183616638,0.007784366607666016,bright,False,bright,False,,,
378244,evaluation,clean,top_left,-0.1712089627981186,-0.15057888627052307,0.005430613644421101,-0.023005694150924683,-0.03970275819301605,bright,False,dark,False,,,
378244,evaluation,clean,top_right,-0.1434294581413269,-0.139923095703125,0.006075662095099688,-0.044325754046440125,-0.03359058499336243,bright,False,bright,False,,,
378244,evaluation,clean,bottom_left,-0.01575028896331787,-0.05284953489899635,0.0002604166802484542,-0.042709529399871826,-0.02237822115421295,dark,False,bright,False,,,
378244,evaluation,clean,bottom_right,0.021260038018226624,-0.042665474116802216,0.000564236135687679,-0.015476047992706299,-0.017506718635559082,dark,False,dark,False,,,
378244,evaluation,homogeneous_dark,full,0.09773927181959152,-0.09345338493585587,0.00024356297217309475,0.010572224855422974,0.011801004409790039,dark,True,bright,False,,,
378244,evaluation,homogeneous_dark,top_left,0.024359121918678284,-0.18059979379177094,0.0007583681726828218,0.013698816299438477,-0.045293331146240234,dark,False,dark,False,,,
378244,evaluation,homogeneous_dark,top_right,0.18223567306995392,-0.08269249647855759,0.00012203626101836562,0.022039026021957397,-0.02651074528694153,dark,True,dark,False,,,
378244,evaluation,homogeneous_dark,bottom_left,0.10050328820943832,-0.10198888927698135,6.944444612599909e-05,-0.012680411338806152,-0.016838327050209045,dark,True,dark,False,,,
378244,evaluation,homogeneous_dark,bottom_right,0.10273846238851547,-0.07249446958303452,2.604166729724966e-05,0.0324973464012146,-0.02073495090007782,dark,True,dark,False,,,
378244,evaluation,homogeneous_bright,full,-0.10276223719120026,0.07847124338150024,0.6660076975822449,-0.036531001329422,0.021574392914772034,bright,True,bright,False,,,
378244,evaluation,homogeneous_bright,top_left,-0.18103539943695068,0.06479157507419586,0.317712664604187,-0.03117235004901886,-0.025927066802978516,bright,True,bright,False,,,
378244,evaluation,homogeneous_bright,top_right,-0.12659752368927002,0.10246281325817108,0.4962778687477112,-0.06018929183483124,-0.020146667957305908,bright,True,bright,False,,,
378244,evaluation,homogeneous_bright,bottom_left,0.034759778529405594,0.08671347051858902,0.8665885329246521,-0.039874911308288574,-0.010135427117347717,bright,True,bright,False,,,
378244,evaluation,homogeneous_bright,bottom_right,0.11796774715185165,0.17220397293567657,0.9812934398651123,0.0035253167152404785,0.013208061456680298,bright,True,bright,False,,,
378244,evaluation,left_right,full,0.13993161916732788,0.07351620495319366,0.36985254287719727,-0.010435998439788818,0.004429250955581665,dark,True,bright,False,,,
378244,evaluation,left_right,top_left,0.024359121918678284,-0.18059979379177094,0.0007583681726828218,0.013698816299438477,-0.045293331146240234,dark,False,dark,False,dark,0.20495891571044922,0.05899214744567871
378244,evaluation,left_right,top_right,-0.12659752368927002,0.10246281325817108,0.4962778687477112,-0.06018929183483124,-0.020146667957305908,bright,True,bright,False,bright,0.2290603369474411,0.04004262387752533
378244,evaluation,left_right,bottom_left,0.10050328820943832,-0.10198888927698135,6.944444612599909e-05,-0.012680411338806152,-0.016838327050209045,dark,True,dark,False,dark,0.20249217748641968,0.004157915711402893
378244,evaluation,left_right,bottom_right,0.11796774715185165,0.17220397293567657,0.9812934398651123,0.0035253167152404785,0.013208061456680298,bright,True,bright,False,bright,0.05423622578382492,0.00968274474143982
378244,evaluation,quadrants,full,0.11733590066432953,0.1338379681110382,0.341105580329895,-0.02286091446876526,0.0009981989860534668,bright,True,bright,False,,,
378244,evaluation,quadrants,top_left,0.024359121918678284,-0.18059979379177094,0.0007583681726828218,0.013698816299438477,-0.045293331146240234,dark,False,dark,False,dark,0.20495891571044922,0.05899214744567871
378244,evaluation,quadrants,top_right,-0.12659752368927002,0.10246281325817108,0.4962778687477112,-0.06018929183483124,-0.020146667957305908,bright,True,bright,False,bright,0.2290603369474411,0.04004262387752533
378244,evaluation,quadrants,bottom_left,0.034759778529405594,0.08671347051858902,0.8665885329246521,-0.039874911308288574,-0.010135427117347717,bright,True,bright,False,bright,0.051953691989183426,0.029739484190940857
378244,evaluation,quadrants,bottom_right,0.10273846238851547,-0.07249446958303452,2.604166729724966e-05,0.0324973464012146,-0.02073495090007782,dark,True,dark,False,dark,0.17523293197155,0.05323229730129242
378244,evaluation,smooth_gradient,full,-0.03238263726234436,-0.0392272062599659,0.33724555373191833,-0.0024585872888565063,0.010365188121795654,dark,False,bright,False,,,
378244,evaluation,smooth_gradient,top_left,-0.0880010575056076,-0.16745728254318237,0.0007583681726828218,-0.00018453598022460938,-0.03947821259498596,dark,False,dark,False,,,
378244,evaluation,smooth_gradient,top_right,-0.11464191973209381,0.057537466287612915,0.4408646821975708,-0.05161316692829132,-0.023007765412330627,bright,True,bright,False,,,
378244,evaluation,smooth_gradient,bottom_left,0.018758241087198257,-0.08794911205768585,6.944444612599909e-05,-0.017071783542633057,-0.024619251489639282,dark,False,dark,False,,,
378244,evaluation,smooth_gradient,bottom_right,0.11380746215581894,0.1895572543144226,0.9063194394111633,-0.00987541675567627,-0.01079849898815155,bright,True,dark,False,,,
382088,evaluation,clean,full,-0.11508993804454803,-0.1547485738992691,0.00011067708692280576,-0.02080404758453369,0.007245182991027832,dark,False,bright,False,,,
382088,evaluation,clean,top_left,-0.05998484790325165,-0.12353983521461487,0.00027777778450399637,-0.02206556499004364,-0.005578473210334778,dark,False,bright,False,,,
382088,evaluation,clean,top_right,-0.12030047178268433,-0.1159888356924057,0.00013888889225199819,-0.030188366770744324,-0.007717326283454895,bright,False,bright,False,,,
382088,evaluation,clean,bottom_left,-0.07003280520439148,-0.14607201516628265,8.680555765749887e-06,-0.017372071743011475,-0.0050802081823349,dark,False,bright,False,,,
382088,evaluation,clean,bottom_right,-0.13769154250621796,-0.19817040860652924,1.7361111531499773e-05,-0.01925976574420929,-0.01713414490222931,dark,False,bright,False,,,
382088,evaluation,homogeneous_dark,full,0.13549603521823883,-0.12815095484256744,0.0,0.013617843389511108,0.0007542967796325684,dark,True,dark,False,,,
382088,evaluation,homogeneous_dark,top_left,0.21923208236694336,-0.1159743145108223,0.0,0.018377065658569336,-0.007020056247711182,dark,True,dark,False,,,
382088,evaluation,homogeneous_dark,top_right,0.1531819999217987,-0.14782685041427612,0.0,0.012562721967697144,-0.013229325413703918,dark,True,dark,False,,,
382088,evaluation,homogeneous_dark,bottom_left,0.24680456519126892,-0.0358382984995842,0.0,0.016798585653305054,-0.006717890501022339,dark,True,dark,False,,,
382088,evaluation,homogeneous_dark,bottom_right,0.11942169070243835,-0.20242133736610413,0.0,0.015627354383468628,-0.02282153069972992,dark,True,dark,False,,,
382088,evaluation,homogeneous_bright,full,-0.1418018341064453,-0.0274885855615139,0.09295573085546494,-0.03437705338001251,0.010263338685035706,bright,False,bright,False,,,
382088,evaluation,homogeneous_bright,top_left,-0.08406566083431244,0.002952873706817627,0.05668402835726738,-0.043135419487953186,-0.0040954649448394775,bright,True,bright,False,,,
382088,evaluation,homogeneous_bright,top_right,-0.14795251190662384,0.06341144442558289,0.15689235925674438,-0.03990007936954498,-0.00047019124031066895,bright,True,bright,False,,,
382088,evaluation,homogeneous_bright,bottom_left,-0.08045212179422379,0.02563839592039585,0.04534722492098808,-0.022213533520698547,0.0008080750703811646,bright,True,bright,False,,,
382088,evaluation,homogeneous_bright,bottom_right,-0.062486615031957626,0.06436856091022491,0.1128993108868599,-0.03063705563545227,-0.01477593183517456,bright,True,bright,False,,,
382088,evaluation,left_right,full,0.01902344822883606,-0.08324121683835983,0.06744791567325592,-0.02287912368774414,-0.008566617965698242,dark,False,bright,False,,,
382088,evaluation,left_right,top_left,0.21923208236694336,-0.1159743145108223,0.0,0.018377065658569336,-0.007020056247711182,dark,True,dark,False,dark,0.33520639687776566,0.025397121906280518
382088,evaluation,left_right,top_right,-0.14795251190662384,0.06341144442558289,0.15689235925674438,-0.03990007936954498,-0.00047019124031066895,bright,True,bright,False,bright,0.21136395633220673,0.039429888129234314
382088,evaluation,left_right,bottom_left,0.24680456519126892,-0.0358382984995842,0.0,0.016798585653305054,-0.006717890501022339,dark,True,dark,False,dark,0.2826428636908531,0.023516476154327393
382088,evaluation,left_right,bottom_right,-0.062486615031957626,0.06436856091022491,0.1128993108868599,-0.03063705563545227,-0.01477593183517456,bright,True,bright,False,bright,0.12685517594218254,0.01586112380027771
382088,evaluation,quadrants,full,0.03212888166308403,-0.03337310254573822,0.05055989697575569,-0.020537585020065308,-0.011013537645339966,dark,True,bright,False,,,
382088,evaluation,quadrants,top_left,0.21923208236694336,-0.1159743145108223,0.0,0.018377065658569336,-0.007020056247711182,dark,True,dark,False,dark,0.33520639687776566,0.025397121906280518
382088,evaluation,quadrants,top_right,-0.14795251190662384,0.06341144442558289,0.15689235925674438,-0.03990007936954498,-0.00047019124031066895,bright,True,bright,False,bright,0.21136395633220673,0.039429888129234314
382088,evaluation,quadrants,bottom_left,-0.08045212179422379,0.02563839592039585,0.04534722492098808,-0.022213533520698547,0.0008080750703811646,bright,True,bright,False,bright,0.10609051771461964,0.023021608591079712
382088,evaluation,quadrants,bottom_right,0.11942169070243835,-0.20242133736610413,0.0,0.015627354383468628,-0.02282153069972992,dark,True,dark,False,dark,0.3218430280685425,0.03844888508319855
382088,evaluation,smooth_gradient,full,-0.08769947290420532,-0.1243400052189827,0.020065104588866234,-0.019032925367355347,0.0046837180852890015,dark,False,bright,False,,,
382088,evaluation,smooth_gradient,top_left,0.03990134224295616,-0.1578497737646103,0.0,-0.0010038167238235474,-0.0036251693964004517,dark,True,dark,False,,,
382088,evaluation,smooth_gradient,top_right,-0.1318020224571228,-0.025426246225833893,0.037317708134651184,-0.037466198205947876,0.0001986175775527954,bright,False,bright,False,,,
382088,evaluation,smooth_gradient,bottom_left,0.004298623651266098,-0.17100279033184052,0.0,-0.0004501640796661377,-0.002647876739501953,dark,False,dark,False,,,
382088,evaluation,smooth_gradient,bottom_right,-0.11649780720472336,-0.08390137553215027,0.04294271022081375,-0.028100192546844482,-0.013815850019454956,bright,False,bright,False,,,
389804,evaluation,clean,full,0.023556765168905258,-0.06451251357793808,0.02172340638935566,-0.00983363389968872,-0.020517125725746155,dark,False,dark,False,,,
389804,evaluation,clean,top_left,0.025772813707590103,-0.10965099930763245,0.011987847276031971,-0.0029248595237731934,-0.011616438627243042,dark,False,dark,False,,,
389804,evaluation,clean,top_right,-0.029961155727505684,-0.10399118065834045,0.03857192397117615,-0.005379125475883484,-0.013889998197555542,dark,False,dark,False,,,
389804,evaluation,clean,bottom_left,0.011502359062433243,-0.15251220762729645,0.02261284738779068,-0.010771125555038452,-0.016346141695976257,dark,False,dark,False,,,
389804,evaluation,clean,bottom_right,-0.017390411347150803,-0.038570962846279144,0.013684302568435669,0.018254786729812622,-0.008863642811775208,dark,False,dark,False,,,
389804,evaluation,homogeneous_dark,full,0.25796133279800415,0.007774077355861664,0.02172340638935566,0.012895077466964722,-0.014079973101615906,dark,True,dark,False,,,
389804,evaluation,homogeneous_dark,top_left,0.305160254240036,0.014040641486644745,0.011987847276031971,0.03303128480911255,0.0005959123373031616,dark,True,dark,True,,,
389804,evaluation,homogeneous_dark,top_right,0.1834387183189392,-0.06431926786899567,0.03857192397117615,0.023516342043876648,-0.016147837042808533,dark,True,dark,False,,,
389804,evaluation,homogeneous_dark,bottom_left,0.34857815504074097,-0.041834041476249695,0.02261284738779068,0.019812479615211487,-0.012647107243537903,dark,True,dark,False,,,
389804,evaluation,homogeneous_dark,bottom_right,0.281374454498291,0.009988196194171906,0.013684302568435669,0.04278969764709473,0.0020552724599838257,dark,True,dark,True,,,
389804,evaluation,homogeneous_bright,full,-0.04331977665424347,0.002643698826432228,0.0769815519452095,-0.015680044889450073,-0.014762014150619507,bright,True,bright,False,,,
389804,evaluation,homogeneous_bright,top_left,-0.13183245062828064,-0.053083404898643494,0.06468749791383743,-0.01612338423728943,-0.002691611647605896,bright,False,bright,False,,,
389804,evaluation,homogeneous_bright,top_right,-0.09335622936487198,0.007173728197813034,0.06422890722751617,-0.00375954806804657,-0.0069501399993896484,bright,True,dark,False,,,
389804,evaluation,homogeneous_bright,bottom_left,-0.0853881984949112,-0.05921829491853714,0.09785590320825577,-0.01817472279071808,-0.007517457008361816,bright,False,bright,False,,,
389804,evaluation,homogeneous_bright,bottom_right,-0.03120972216129303,0.1368941068649292,0.08118949085474014,0.011415734887123108,-0.009692952036857605,bright,True,dark,False,,,
389804,evaluation,left_right,full,0.20136891305446625,0.0808747261762619,0.04506237059831619,0.006099149584770203,-0.010105088353157043,dark,True,dark,False,,,
389804,evaluation,left_right,top_left,0.305160254240036,0.014040641486644745,0.011987847276031971,0.03303128480911255,0.0005959123373031616,dark,True,dark,True,dark,0.29111961275339127,0.03243537247180939
389804,evaluation,left_right,top_right,-0.09335622936487198,0.007173728197813034,0.06422890722751617,-0.00375954806804657,-0.0069501399993896484,bright,True,dark,False,bright,0.10052995756268501,-0.0031905919313430786
389804,evaluation,left_right,bottom_left,0.34857815504074097,-0.041834041476249695,0.02261284738779068,0.019812479615211487,-0.012647107243537903,dark,True,dark,False,dark,0.39041219651699066,0.03245958685874939
389804,evaluation,left_right,bottom_right,-0.03120972216129303,0.1368941068649292,0.08118949085474014,0.011415734887123108,-0.009692952036857605,bright,True,dark,False,bright,0.16810382902622223,-0.021108686923980713
389804,evaluation,quadrants,full,0.1469075232744217,0.025333978235721588,0.04692264273762703,0.007835745811462402,-0.019855543971061707,dark,True,dark,False,,,
389804,evaluation,quadrants,top_left,0.305160254240036,0.014040641486644745,0.011987847276031971,0.03303128480911255,0.0005959123373031616,dark,True,dark,True,dark,0.29111961275339127,0.03243537247180939
389804,evaluation,quadrants,top_right,-0.09335622936487198,0.007173728197813034,0.06422890722751617,-0.00375954806804657,-0.0069501399993896484,bright,True,dark,False,bright,0.10052995756268501,-0.0031905919313430786
389804,evaluation,quadrants,bottom_left,-0.0853881984949112,-0.05921829491853714,0.09785590320825577,-0.01817472279071808,-0.007517457008361816,bright,False,bright,False,bright,0.026169903576374054,0.010657265782356262
389804,evaluation,quadrants,bottom_right,0.281374454498291,0.009988196194171906,0.013684302568435669,0.04278969764709473,0.0020552724599838257,dark,True,dark,True,dark,0.2713862583041191,0.0407344251871109
389804,evaluation,smooth_gradient,full,0.039904847741127014,-0.0503070168197155,0.03703005984425545,-0.006616860628128052,-0.019114434719085693,dark,True,dark,False,,,
389804,evaluation,smooth_gradient,top_left,0.16077500581741333,-0.06863313913345337,0.011987847276031971,0.01599907875061035,-0.0059318989515304565,dark,True,dark,False,,,
389804,evaluation,smooth_gradient,top_right,-0.0703759714961052,-0.06588111072778702,0.045893847942352295,-0.00735609233379364,-0.00869607925415039,bright,False,dark,False,,,
389804,evaluation,smooth_gradient,bottom_left,0.12462376058101654,-0.13273675739765167,0.02261284738779068,-0.005696654319763184,-0.016530662775039673,dark,True,dark,False,,,
389804,evaluation,smooth_gradient,bottom_right,-0.0011487975716590881,0.05225471407175064,0.06746196746826172,0.01903153955936432,-0.016424521803855896,bright,True,dark,False,,,
396580,evaluation,clean,full,-0.19223745167255402,-0.1854303777217865,0.0010460434714332223,-0.016042813658714294,-0.03182356059551239,bright,False,dark,False,,,
396580,evaluation,clean,top_left,-0.20105363428592682,-0.30754464864730835,0.0020133054349571466,-0.012279078364372253,-0.023602649569511414,dark,False,dark,False,,,
396580,evaluation,clean,top_right,0.00440467894077301,-0.23944392800331116,0.000332633062498644,-0.01962435245513916,-0.05096060037612915,dark,False,dark,False,,,
396580,evaluation,clean,bottom_left,-0.17958664894104004,-0.2440413385629654,0.0013480392517521977,-0.036127254366874695,-0.031060174107551575,dark,False,bright,False,,,
396580,evaluation,clean,bottom_right,0.038042373955249786,-0.06741678714752197,0.0004901961074210703,-0.008809581398963928,-0.015763014554977417,dark,True,dark,False,,,
396580,evaluation,homogeneous_dark,full,0.07487994432449341,-0.17650075256824493,0.0005514706135727465,0.021754518151283264,-0.030792251229286194,dark,True,dark,False,,,
396580,evaluation,homogeneous_dark,top_left,0.013787657022476196,-0.35777002573013306,0.0002713585563469678,0.0378270149230957,-0.03292952477931976,dark,False,dark,True,,,
396580,evaluation,homogeneous_dark,top_right,0.255392462015152,-0.1436164528131485,0.00023634455283172429,0.013600245118141174,-0.045333147048950195,dark,True,dark,False,,,
396580,evaluation,homogeneous_dark,bottom_left,0.047280874103307724,-0.21895770728588104,0.0012079832376912236,0.005101680755615234,-0.026271015405654907,dark,True,dark,False,,,
396580,evaluation,homogeneous_dark,bottom_right,0.19792766869068146,-0.05559931695461273,0.0004901961074210703,0.025570958852767944,-0.017965048551559448,dark,True,dark,False,,,
396580,evaluation,homogeneous_bright,full,-0.210873544216156,-0.05765319615602493,0.06002932786941528,-0.03805696964263916,-0.026037275791168213,bright,False,bright,False,,,
396580,evaluation,homogeneous_bright,top_left,-0.14782731235027313,0.06894855201244354,0.12832634150981903,-0.03228439390659332,-0.020678400993347168,bright,True,bright,False,,,
396580,evaluation,homogeneous_bright,top_right,-0.12144731730222702,-0.1429964303970337,0.006661414634436369,-0.04521822929382324,-0.05296054482460022,dark,False,dark,False,,,
396580,evaluation,homogeneous_bright,bottom_left,-0.20931315422058105,0.032945118844509125,0.08708859235048294,-0.05505925416946411,-0.019220098853111267,bright,True,bright,False,,,
396580,evaluation,homogeneous_bright,bottom_right,-0.07635155320167542,0.033798154443502426,0.018040968105196953,-0.03111572563648224,-0.002115964889526367,bright,True,bright,False,,,
396580,evaluation,left_right,full,-0.042873162776231766,-0.19606423377990723,0.006545430980622768,-0.01790902018547058,-0.03122258186340332,dark,False,dark,False,,,
396580,evaluation,left_right,top_left,0.013787657022476196,-0.35777002573013306,0.0002713585563469678,0.0378270149230957,-0.03292952477931976,dark,False,dark,True,dark,0.37155768275260925,0.07075653970241547
396580,evaluation,left_right,top_right,-0.12144731730222702,-0.1429964303970337,0.006661414634436369,-0.04521822929382324,-0.05296054482460022,dark,False,dark,False,bright,-0.02154911309480667,-0.0077423155307769775
396580,evaluation,left_right,bottom_left,0.047280874103307724,-0.21895770728588104,0.0012079832376912236,0.005101680755615234,-0.026271015405654907,dark,True,dark,False,dark,0.26623858138918877,0.03137269616127014
396580,evaluation,left_right,bottom_right,-0.07635155320167542,0.033798154443502426,0.018040968105196953,-0.03111572563648224,-0.002115964889526367,bright,True,bright,False,bright,0.11014970764517784,0.02899976074695587
396580,evaluation,quadrants,full,-0.09542860090732574,-0.10893765091896057,0.023627890273928642,-0.02499881386756897,-0.03361935913562775,dark,False,dark,False,,,
396580,evaluation,quadrants,top_left,0.013787657022476196,-0.35777002573013306,0.0002713585563469678,0.0378270149230957,-0.03292952477931976,dark,False,dark,True,dark,0.37155768275260925,0.07075653970241547
396580,evaluation,quadrants,top_right,-0.12144731730222702,-0.1429964303970337,0.006661414634436369,-0.04521822929382324,-0.05296054482460022,dark,False,dark,False,bright,-0.02154911309480667,-0.0077423155307769775
396580,evaluation,quadrants,bottom_left,-0.20931315422058105,0.032945118844509125,0.08708859235048294,-0.05505925416946411,-0.019220098853111267,bright,True,bright,False,bright,0.24225827306509018,0.035839155316352844
396580,evaluation,quadrants,bottom_right,0.19792766869068146,-0.05559931695461273,0.0004901961074210703,0.025570958852767944,-0.017965048551559448,dark,True,dark,False,dark,0.2535269856452942,0.04353600740432739
396580,evaluation,smooth_gradient,full,-0.14616325497627258,-0.2298814207315445,0.002103028818964958,-0.010097548365592957,-0.03409186005592346,dark,False,dark,False,,,
396580,evaluation,smooth_gradient,top_left,-0.1447424590587616,-0.3845458924770355,0.0002713585563469678,0.00875595211982727,-0.029796048998832703,dark,False,dark,False,,,
396580,evaluation,smooth_gradient,top_right,-0.08386123180389404,-0.207997128367424,0.0036502103321254253,-0.03668029606342316,-0.05377852916717529,dark,False,dark,False,,,
396580,evaluation,smooth_gradient,bottom_left,-0.09521657973527908,-0.2646544575691223,0.0012079832376912236,-0.016233816742897034,-0.03290547430515289,dark,False,dark,False,,,
396580,evaluation,smooth_gradient,bottom_right,-0.037892330437898636,-0.026710499078035355,0.0032825630623847246,-0.023598477244377136,-0.011271163821220398,bright,False,bright,False,,,
398438,evaluation,clean,full,0.03144814446568489,-0.07040996104478836,0.025041233748197556,0.0013200938701629639,-0.0033990442752838135,dark,True,dark,False,,,
398438,evaluation,clean,top_left,-0.04833482578396797,-0.14449724555015564,0.004895833320915699,-0.03591233491897583,-0.023580819368362427,dark,False,bright,False,,,
398438,evaluation,clean,top_right,0.05280281975865364,-0.0004824325442314148,0.0749218761920929,0.016413316130638123,0.006347209215164185,dark,True,dark,False,,,
398438,evaluation,clean,bottom_left,-0.006884552538394928,-0.1404418647289276,0.0059027778916060925,-0.005045607686042786,-0.01636752486228943,dark,False,dark,False,,,
398438,evaluation,clean,bottom_right,-0.10995718836784363,-0.12294478714466095,0.014444444328546524,-0.022244706749916077,-0.01589284837245941,dark,False,bright,False,,,
398438,evaluation,homogeneous_dark,full,0.3049224019050598,-0.06824244558811188,0.021380208432674408,0.007828637957572937,0.0006867200136184692,dark,True,dark,False,,,
398438,evaluation,homogeneous_dark,top_left,0.27032899856567383,-0.10657620429992676,0.0027083333116024733,-0.0011447817087173462,-0.018685683608055115,dark,True,dark,False,,,
398438,evaluation,homogeneous_dark,top_right,0.2913568615913391,0.042129285633563995,0.07389757037162781,0.03375813364982605,0.00036901235580444336,dark,True,dark,True,,,
398438,evaluation,homogeneous_dark,bottom_left,0.22851017117500305,-0.1299605369567871,0.0043229167349636555,0.017684847116470337,-0.015362352132797241,dark,True,dark,False,,,
398438,evaluation,homogeneous_dark,bottom_right,0.2925274968147278,-0.025629304349422455,0.0045920140109956264,0.014778375625610352,-0.014975786209106445,dark,True,dark,False,,,
398438,evaluation,homogeneous_bright,full,-0.00517602264881134,0.0463915690779686,0.11523003876209259,-0.00922846794128418,0.00786106288433075,bright,True,bright,False,,,
398438,evaluation,homogeneous_bright,top_left,-0.08486586809158325,0.0022842027246952057,0.10012152791023254,-0.05406978726387024,-0.01941707730293274,bright,True,bright,False,,,
398438,evaluation,homogeneous_bright,top_right,-0.06453240662813187,0.049572378396987915,0.08862847089767456,0.003282308578491211,0.00653328001499176,bright,True,bright,False,,,
398438,evaluation,homogeneous_bright,bottom_left,-0.03494298458099365,0.04248340427875519,0.11063368618488312,-0.011756375432014465,0.005906954407691956,bright,True,bright,False,,,
398438,evaluation,homogeneous_bright,bottom_right,-0.06215943396091461,0.08204226940870285,0.16153645515441895,-0.021820738911628723,-0.008049160242080688,bright,True,bright,False,,,
398438,evaluation,left_right,full,0.1263194978237152,-0.05905703455209732,0.06429904699325562,0.0030990689992904663,-0.005644649267196655,dark,True,dark,False,,,
398438,evaluation,left_right,top_left,0.27032899856567383,-0.10657620429992676,0.0027083333116024733,-0.0011447817087173462,-0.018685683608055115,dark,True,dark,False,dark,0.3769052028656006,0.01754090189933777
398438,evaluation,left_right,top_right,-0.06453240662813187,0.049572378396987915,0.08862847089767456,0.003282308578491211,0.00653328001499176,bright,True,bright,False,bright,0.11410478502511978,0.0032509714365005493
398438,evaluation,left_right,bottom_left,0.22851017117500305,-0.1299605369567871,0.0043229167349636555,0.017684847116470337,-0.015362352132797241,dark,True,dark,False,dark,0.35847070813179016,0.03304719924926758
398438,evaluation,left_right,bottom_right,-0.06215943396091461,0.08204226940870285,0.16153645515441895,-0.021820738911628723,-0.008049160242080688,bright,True,bright,False,bright,0.14420170336961746,0.013771578669548035
398438,evaluation,quadrants,full,0.2413194477558136,0.043757181614637375,0.051640626043081284,0.0034937113523483276,-0.004984021186828613,dark,True,dark,False,,,
398438,evaluation,quadrants,top_left,0.27032899856567383,-0.10657620429992676,0.0027083333116024733,-0.0011447817087173462,-0.018685683608055115,dark,True,dark,False,dark,0.3769052028656006,0.01754090189933777
398438,evaluation,quadrants,top_right,-0.06453240662813187,0.049572378396987915,0.08862847089767456,0.003282308578491211,0.00653328001499176,bright,True,bright,False,bright,0.11410478502511978,0.0032509714365005493
398438,evaluation,quadrants,bottom_left,-0.03494298458099365,0.04248340427875519,0.11063368618488312,-0.011756375432014465,0.005906954407691956,bright,True,bright,False,bright,0.07742638885974884,0.01766332983970642
398438,evaluation,quadrants,bottom_right,0.2925274968147278,-0.025629304349422455,0.0045920140109956264,0.014778375625610352,-0.014975786209106445,dark,True,dark,False,dark,0.31815680116415024,0.029754161834716797
398438,evaluation,smooth_gradient,full,0.002322934567928314,-0.07427307218313217,0.055520836263895035,0.004113823175430298,0.0014122426509857178,dark,False,dark,False,,,
398438,evaluation,smooth_gradient,top_left,0.0791047140955925,-0.19361844658851624,0.0027083333116024733,-0.013907313346862793,-0.02462458610534668,dark,True,dark,False,,,
398438,evaluation,smooth_gradient,top_right,-0.02124367468059063,0.01291593722999096,0.08125000447034836,0.011730179190635681,0.006433382630348206,bright,True,dark,False,,,
398438,evaluation,smooth_gradient,bottom_left,0.09365721046924591,-0.1686187982559204,0.0043229167349636555,0.007269829511642456,-0.018072739243507385,dark,True,dark,False,,,
398438,evaluation,smooth_gradient,bottom_right,-0.08804407715797424,-0.010572031140327454,0.13380208611488342,-0.025704875588417053,-0.011694446206092834,bright,False,bright,False,,,
403122,evaluation,clean,full,-0.11778832972049713,-0.09463929384946823,0.0008546450408175588,-0.019773408770561218,0.028455078601837158,bright,False,bright,False,,,
403122,evaluation,clean,top_left,-0.15982168912887573,-0.14202836155891418,0.0002876569051295519,0.0060008615255355835,0.008188068866729736,bright,False,bright,False,,,
403122,evaluation,clean,top_right,-0.15987220406532288,-0.05386129021644592,0.002693514572456479,-0.005723103880882263,0.01662808656692505,bright,False,bright,False,,,
403122,evaluation,clean,bottom_left,-0.0547538697719574,-0.07895796746015549,0.0004340277810115367,-0.023894667625427246,0.008848786354064941,dark,False,bright,False,,,
403122,evaluation,clean,bottom_right,-0.141261026263237,-0.0866331085562706,8.680555765749887e-06,-0.031626805663108826,0.005623653531074524,bright,False,bright,False,,,
403122,evaluation,homogeneous_dark,full,0.09728554636240005,-0.10069314390420914,8.698677447682712e-06,0.005678415298461914,0.02861720323562622,dark,True,bright,False,,,
403122,evaluation,homogeneous_dark,top_left,0.03091343119740486,-0.13774749636650085,8.716875527170487e-06,0.0313393771648407,-0.00010266900062561035,dark,True,dark,False,,,
403122,evaluation,homogeneous_dark,top_right,0.0898822471499443,-0.07497144490480423,2.615062658151146e-05,0.022435203194618225,0.014452904462814331,dark,True,dark,False,,,
403122,evaluation,homogeneous_dark,bottom_left,0.11538993567228317,-0.11142254620790482,0.0,0.006263524293899536,0.012237176299095154,dark,True,bright,False,,,
403122,evaluation,homogeneous_dark,bottom_right,0.015357907861471176,-0.14861731231212616,0.0,0.0061202943325042725,-0.002910986542701721,dark,False,dark,False,,,
403122,evaluation,homogeneous_bright,full,-0.10307297110557556,0.06997306644916534,0.3525052070617676,-0.027136698365211487,0.04283347725868225,bright,True,bright,True,,,
403122,evaluation,homogeneous_bright,top_left,-0.17155525088310242,0.026350419968366623,0.05493374913930893,-0.0005615353584289551,0.01637008786201477,bright,True,bright,False,,,
403122,evaluation,homogeneous_bright,top_right,-0.18213608860969543,0.04091736674308777,0.04497907683253288,-0.005167469382286072,0.01710262894630432,bright,True,bright,False,,,
403122,evaluation,homogeneous_bright,bottom_left,-0.04219555854797363,0.20460516214370728,0.6531423926353455,-0.013675957918167114,0.024335578083992004,bright,True,bright,False,,,
403122,evaluation,homogeneous_bright,bottom_right,0.02031521499156952,0.2979145646095276,0.6544444561004639,-0.03510443866252899,0.011954128742218018,bright,True,bright,False,,,
403122,evaluation,left_right,full,0.013306093402206898,-0.006436158902943134,0.17517614364624023,-0.037908345460891724,0.00934186577796936,dark,False,bright,False,,,
403122,evaluation,left_right,top_left,0.03091343119740486,-0.13774749636650085,8.716875527170487e-06,0.0313393771648407,-0.00010266900062561035,dark,True,dark,False,dark,0.16866092756390572,0.03144204616546631
403122,evaluation,left_right,top_right,-0.18213608860969543,0.04091736674308777,0.04497907683253288,-0.005167469382286072,0.01710262894630432,bright,True,bright,False,bright,0.2230534553527832,0.022270098328590393
403122,evaluation,left_right,bottom_left,0.11538993567228317,-0.11142254620790482,0.0,0.006263524293899536,0.012237176299095154,dark,True,bright,False,dark,0.226812481880188,-0.005973652005195618
403122,evaluation,left_right,bottom_right,0.02031521499156952,0.2979145646095276,0.6544444561004639,-0.03510443866252899,0.011954128742218018,bright,True,bright,False,bright,0.27759934961795807,0.04705856740474701
403122,evaluation,quadrants,full,-0.0592602863907814,-0.01230309996753931,0.17484994232654572,-0.031017497181892395,0.012171432375907898,bright,False,bright,False,,,
403122,evaluation,quadrants,top_left,0.03091343119740486,-0.13774749636650085,8.716875527170487e-06,0.0313393771648407,-0.00010266900062561035,dark,True,dark,False,dark,0.16866092756390572,0.03144204616546631
403122,evaluation,quadrants,top_right,-0.18213608860969543,0.04091736674308777,0.04497907683253288,-0.005167469382286072,0.01710262894630432,bright,True,bright,False,bright,0.2230534553527832,0.022270098328590393
403122,evaluation,quadrants,bottom_left,-0.04219555854797363,0.20460516214370728,0.6531423926353455,-0.013675957918167114,0.024335578083992004,bright,True,bright,False,bright,0.2468007206916809,0.03801153600215912
403122,evaluation,quadrants,bottom_right,0.015357907861471176,-0.14861731231212616,0.0,0.0061202943325042725,-0.002910986542701721,dark,False,dark,False,dark,0.16397522017359734,0.009031280875205994
403122,evaluation,smooth_gradient,full,-0.1303974986076355,-0.05499079078435898,0.07073764503002167,-0.022317901253700256,0.027112990617752075,bright,False,bright,False,,,
403122,evaluation,smooth_gradient,top_left,-0.08884438872337341,-0.16162914037704468,8.716875527170487e-06,0.016546696424484253,0.001301988959312439,dark,False,dark,False,,,
403122,evaluation,smooth_gradient,top_right,-0.17922112345695496,0.005456157028675079,0.026577753946185112,-0.004122644662857056,0.01777544617652893,bright,True,bright,False,,,
403122,evaluation,smooth_gradient,bottom_left,-0.07740986347198486,-0.16630932688713074,0.0,-0.010689809918403625,0.005165860056877136,dark,False,bright,False,,,
403122,evaluation,smooth_gradient,bottom_right,-0.05947941541671753,0.13533428311347961,0.25588542222976685,-0.023983776569366455,0.01979990303516388,bright,True,bright,False,,,
403817,evaluation,clean,full,-0.03336818888783455,0.02116023749113083,0.05075802281498909,0.02046261727809906,0.02037188410758972,bright,True,dark,False,,,
403817,evaluation,clean,top_left,0.06799041479825974,0.09713245928287506,0.03089788742363453,0.03401193022727966,0.018712833523750305,bright,True,dark,True,,,
403817,evaluation,clean,top_right,-0.044247351586818695,0.04593586176633835,0.026115024462342262,0.003410831093788147,0.008396491408348083,bright,True,bright,False,,,
403817,evaluation,clean,bottom_left,0.014221481047570705,0.02524816244840622,0.02650626003742218,0.025591939687728882,-0.009528398513793945,bright,True,dark,False,,,
403817,evaluation,clean,bottom_right,-0.13008424639701843,0.005654539912939072,0.11951291561126709,-0.012144222855567932,0.00318068265914917,bright,True,bright,False,,,
403817,evaluation,homogeneous_dark,full,0.12390202283859253,0.02218097448348999,0.017461365088820457,0.026430681347846985,0.017298489809036255,dark,True,dark,False,,,
403817,evaluation,homogeneous_dark,top_left,0.22722993791103363,0.09365867078304291,0.03089788742363453,0.059085994958877563,0.0013168156147003174,dark,True,dark,True,,,
403817,evaluation,homogeneous_dark,top_right,0.08872079849243164,0.014551565051078796,0.008548513986170292,0.01917453110218048,0.009575262665748596,dark,True,dark,False,,,
403817,evaluation,homogeneous_dark,bottom_left,0.1433747410774231,0.06212243810296059,0.02650626003742218,0.028436273336410522,-0.022566169500350952,dark,True,dark,False,,,
403817,evaluation,homogeneous_dark,bottom_right,0.03273458033800125,-0.013909655623137951,0.003892801469191909,0.007951691746711731,0.0032566189765930176,dark,True,dark,False,,,
403817,evaluation,homogeneous_bright,full,-0.048872850835323334,0.08745047450065613,0.16405761241912842,0.022887617349624634,0.028344139456748962,bright,True,bright,False,,,
403817,evaluation,homogeneous_bright,top_left,-0.004433542490005493,0.10541188716888428,0.03233567997813225,0.0254238098859787,0.023752868175506592,bright,True,dark,False,,,
403817,evaluation,homogeneous_bright,top_right,-0.05903201550245285,0.14357683062553406,0.11983568221330643,0.008941605687141418,0.010706514120101929,bright,True,bright,False,,,
403817,evaluation,homogeneous_bright,bottom_left,-0.031920939683914185,0.03225491940975189,0.038116198033094406,0.030905544757843018,-0.0026013851165771484,bright,True,dark,False,,,
403817,evaluation,homogeneous_bright,bottom_right,-0.0952000766992569,0.12355691194534302,0.4659428894519806,-0.0006578266620635986,0.006411731243133545,bright,True,bright,False,,,
403817,evaluation,left_right,full,0.04324847832322121,0.08583992719650269,0.1607956737279892,0.019642427563667297,0.020513251423835754,bright,True,bright,False,,,
403817,evaluation,left_right,top_left,0.22722993791103363,0.09365867078304291,0.03089788742363453,0.059085994958877563,0.0013168156147003174,dark,True,dark,True,dark,0.13357126712799072,0.057769179344177246
403817,evaluation,left_right,top_right,-0.05903201550245285,0.14357683062553406,0.11983568221330643,0.008941605687141418,0.010706514120101929,bright,True,bright,False,bright,0.2026088461279869,0.0017649084329605103
403817,evaluation,left_right,bottom_left,0.1433747410774231,0.06212243810296059,0.02650626003742218,0.028436273336410522,-0.022566169500350952,dark,True,dark,False,dark,0.08125230297446251,0.051002442836761475
403817,evaluation,left_right,bottom_right,-0.0952000766992569,0.12355691194534302,0.4659428894519806,-0.0006578266620635986,0.006411731243133545,bright,True,bright,False,bright,0.21875698864459991,0.0070695579051971436
403817,evaluation,quadrants,full,0.06264814734458923,0.10161329805850983,0.048185642808675766,0.025899872183799744,0.020590290427207947,bright,True,dark,False,,,
403817,evaluation,quadrants,top_left,0.22722993791103363,0.09365867078304291,0.03089788742363453,0.059085994958877563,0.0013168156147003174,dark,True,dark,True,dark,0.13357126712799072,0.057769179344177246
403817,evaluation,quadrants,top_right,-0.05903201550245285,0.14357683062553406,0.11983568221330643,0.008941605687141418,0.010706514120101929,bright,True,bright,False,bright,0.2026088461279869,0.0017649084329605103
403817,evaluation,quadrants,bottom_left,-0.031920939683914185,0.03225491940975189,0.038116198033094406,0.030905544757843018,-0.0026013851165771484,bright,True,dark,False,bright,0.06417585909366608,-0.033506929874420166
403817,evaluation,quadrants,bottom_right,0.03273458033800125,-0.013909655623137951,0.003892801469191909,0.007951691746711731,0.0032566189765930176,dark,True,dark,False,dark,0.0466442359611392,0.004695072770118713
403817,evaluation,smooth_gradient,full,-0.016647551208734512,0.028612103313207626,0.13955643773078918,0.022212490439414978,0.018499121069908142,bright,True,dark,False,,,
403817,evaluation,smooth_gradient,top_left,0.13907267153263092,0.10052412748336792,0.03089788742363453,0.047987788915634155,0.01666802167892456,dark,True,dark,True,,,
403817,evaluation,smooth_gradient,top_right,-0.02852402813732624,0.10885422676801682,0.10562402755022049,0.009283572435379028,0.007028251886367798,bright,True,dark,False,,,
403817,evaluation,smooth_gradient,bottom_left,0.047227270901203156,0.050500333309173584,0.02650626003742218,0.027158766984939575,-0.013982921838760376,bright,True,dark,False,,,
403817,evaluation,smooth_gradient,bottom_right,-0.10629287362098694,0.07463693618774414,0.3951975703239441,-0.000594601035118103,0.00290757417678833,bright,True,bright,False,,,
409268,evaluation,clean,full,-0.2119356095790863,-0.1409386694431305,0.00024479167768731713,-0.05954925715923309,0.019948408007621765,bright,False,bright,False,,,
409268,evaluation,clean,top_left,-0.24535810947418213,-0.08810921013355255,0.0005104166339151561,-0.06385006010532379,0.01458992063999176,bright,False,bright,False,,,
409268,evaluation,clean,top_right,-0.19699949026107788,-0.05984501540660858,0.00034374999813735485,-0.057842448353767395,0.012326568365097046,bright,False,bright,False,,,
409268,evaluation,clean,bottom_left,-0.24855762720108032,-0.16847161948680878,0.0,-0.0963156670331955,-0.031164973974227905,bright,False,bright,False,,,
409268,evaluation,clean,bottom_right,-0.22384299337863922,-0.15618808567523956,0.00012499999138526618,-0.08162567019462585,-0.010993480682373047,bright,False,bright,False,,,
409268,evaluation,homogeneous_dark,full,0.10027098655700684,-0.060709260404109955,0.0002395833289483562,-0.024684667587280273,0.013518109917640686,dark,True,bright,False,,,
409268,evaluation,homogeneous_dark,top_left,0.153765469789505,-0.019232913851737976,0.0004999999655410647,-0.029491931200027466,0.008925646543502808,dark,True,bright,False,,,
409268,evaluation,homogeneous_dark,top_right,0.15667858719825745,-0.05432365462183952,0.00033333332976326346,-0.013748183846473694,0.004270642995834351,dark,True,bright,False,,,
409268,evaluation,homogeneous_dark,bottom_left,0.061216600239276886,-0.11621709167957306,0.0,-0.05249650776386261,-0.03903941810131073,dark,True,bright,False,,,
409268,evaluation,homogeneous_dark,bottom_right,0.10701072216033936,-0.12098083645105362,0.00012499999138526618,-0.03006109595298767,-0.01648414134979248,dark,True,bright,False,,,
409268,evaluation,homogeneous_bright,full,-0.18856070935726166,0.13985733687877655,0.2018020749092102,-0.06392401456832886,0.02567194402217865,bright,True,bright,False,,,
409268,evaluation,homogeneous_bright,top_left,-0.0876721665263176,0.23429656028747559,0.3317916691303253,-0.07133372128009796,0.017571717500686646,bright,True,bright,False,,,
409268,evaluation,homogeneous_bright,top_right,-0.11342114210128784,0.26890426874160767,0.15645833313465118,-0.07169422507286072,0.023588329553604126,bright,True,bright,False,,,
409268,evaluation,homogeneous_bright,bottom_left,-0.19376631081104279,0.12190280109643936,0.18656249344348907,-0.09406641125679016,-0.00941738486289978,bright,True,bright,False,,,
409268,evaluation,homogeneous_bright,bottom_right,-0.163717120885849,0.12456858903169632,0.13239583373069763,-0.0928591638803482,0.0003719031810760498,bright,True,bright,False,,,
409268,evaluation,left_right,full,-0.08441046625375748,-0.03780503198504448,0.0723385438323021,-0.0610068142414093,-0.0005979537963867188,bright,False,bright,False,,,
409268,evaluation,left_right,top_left,0.153765469789505,-0.019232913851737976,0.0004999999655410647,-0.029491931200027466,0.008925646543502808,dark,True,bright,False,dark,0.17299838364124298,-0.03841757774353027
409268,evaluation,left_right,top_right,-0.11342114210128784,0.26890426874160767,0.15645833313465118,-0.07169422507286072,0.023588329553604126,bright,True,bright,False,bright,0.3823254108428955,0.09528255462646484
409268,evaluation,left_right,bottom_left,0.061216600239276886,-0.11621709167957306,0.0,-0.05249650776386261,-0.03903941810131073,dark,True,bright,False,dark,0.17743369191884995,-0.01345708966255188
409268,evaluation,left_right,bottom_right,-0.163717120885849,0.12456858903169632,0.13239583373069763,-0.0928591638803482,0.0003719031810760498,bright,True,bright,False,bright,0.2882857099175453,0.09323106706142426
409268,evaluation,quadrants,full,-0.09528843313455582,0.023894749581813812,0.08591146022081375,-0.05926625430583954,0.004502087831497192,bright,True,bright,False,,,
409268,evaluation,quadrants,top_left,0.153765469789505,-0.019232913851737976,0.0004999999655410647,-0.029491931200027466,0.008925646543502808,dark,True,bright,False,dark,0.17299838364124298,-0.03841757774353027
409268,evaluation,quadrants,top_right,-0.11342114210128784,0.26890426874160767,0.15645833313465118,-0.07169422507286072,0.023588329553604126,bright,True,bright,False,bright,0.3823254108428955,0.09528255462646484
409268,evaluation,quadrants,bottom_left,-0.19376631081104279,0.12190280109643936,0.18656249344348907,-0.09406641125679016,-0.00941738486289978,bright,True,bright,False,bright,0.31566911190748215,0.08464902639389038
409268,evaluation,quadrants,bottom_right,0.10701072216033936,-0.12098083645105362,0.00012499999138526618,-0.03006109595298767,-0.01648414134979248,dark,True,bright,False,dark,0.22799155861139297,-0.01357695460319519
409268,evaluation,smooth_gradient,full,-0.16573184728622437,-0.053400669246912,0.010075520724058151,-0.04638881981372833,0.016130492091178894,bright,False,bright,False,,,
409268,evaluation,smooth_gradient,top_left,-0.15001384913921356,-0.10369673371315002,0.0004999999655410647,-0.05150744318962097,0.009507447481155396,bright,False,bright,False,,,
409268,evaluation,smooth_gradient,top_right,-0.17969612777233124,0.10408881306648254,0.02512500062584877,-0.07123273611068726,0.014922350645065308,bright,True,bright,False,,,
409268,evaluation,smooth_gradient,bottom_left,-0.14412884414196014,-0.19526568055152893,0.0,-0.08145801723003387,-0.03918583691120148,dark,False,bright,False,,,
409268,evaluation,smooth_gradient,bottom_right,-0.1944110095500946,0.03694748133420944,0.014677083119750023,-0.08181793987751007,-0.009612888097763062,bright,True,bright,False,,,
409475,evaluation,clean,full,-0.1426105499267578,-0.15515094995498657,5.134976527187973e-05,-0.030327171087265015,0.0005861818790435791,dark,False,bright,False,,,
409475,evaluation,clean,top_left,-0.1877012550830841,-0.18452945351600647,6.846635369583964e-05,-0.030287325382232666,-0.0020284652709960938,bright,False,bright,False,,,
409475,evaluation,clean,top_right,-0.11449318379163742,-0.08258278667926788,9.780908294487745e-05,-0.03212442994117737,-0.0009595751762390137,bright,False,bright,False,,,
409475,evaluation,clean,bottom_left,-0.19413797557353973,-0.15788285434246063,1.9561815861379728e-05,-0.02898813784122467,0.0014640837907791138,bright,False,bright,False,,,
409475,evaluation,clean,bottom_right,-0.17593391239643097,-0.12790706753730774,1.9561815861379728e-05,-0.009054094552993774,-0.0019791871309280396,bright,False,bright,False,,,
409475,evaluation,homogeneous_dark,full,0.13464462757110596,-0.12993593513965607,2.2007043298799545e-05,-0.001500830054283142,0.0025246888399124146,dark,True,bright,False,,,
409475,evaluation,homogeneous_dark,top_left,0.18436984717845917,-0.12391442060470581,6.846635369583964e-05,0.009762108325958252,-0.0012539476156234741,dark,True,dark,False,,,
409475,evaluation,homogeneous_dark,top_right,0.20141884684562683,-0.05286102741956711,0.0,0.010511919856071472,0.001916840672492981,dark,True,dark,False,,,
409475,evaluation,homogeneous_dark,bottom_left,0.10448408126831055,-0.08828572928905487,0.0,0.005021959543228149,0.0067306458950042725,dark,True,bright,False,,,
409475,evaluation,homogeneous_dark,bottom_right,0.03995216265320778,-0.14295527338981628,1.9561815861379728e-05,0.008860036730766296,-0.003880709409713745,dark,True,dark,False,,,
409475,evaluation,homogeneous_bright,full,-0.1007547527551651,0.04700099676847458,0.7185813188552856,-0.04381023347377777,0.006053820252418518,bright,True,bright,False,,,
409475,evaluation,homogeneous_bright,top_left,-0.07235726714134216,0.14648008346557617,0.7288047671318054,-0.04807715117931366,0.012616947293281555,bright,True,bright,False,,,
409475,evaluation,homogeneous_bright,top_right,0.009038180112838745,0.20824791491031647,0.8316999673843384,-0.03179016709327698,0.007938981056213379,bright,True,bright,False,,,
409475,evaluation,homogeneous_bright,bottom_left,-0.07834438979625702,0.10084991157054901,0.6991490721702576,-0.03365333378314972,0.005515530705451965,bright,True,bright,False,,,
409475,evaluation,homogeneous_bright,bottom_right,-0.10966750979423523,0.08816520124673843,0.6146713495254517,-0.0073068588972091675,0.007048353552818298,bright,True,bright,False,,,
409475,evaluation,left_right,full,0.014294784516096115,-0.04903049394488335,0.36160993576049805,-0.01762598752975464,-0.0010843127965927124,dark,False,bright,False,,,
409475,evaluation,left_right,top_left,0.18436984717845917,-0.12391442060470581,6.846635369583964e-05,0.009762108325958252,-0.0012539476156234741,dark,True,dark,False,dark,0.308284267783165,0.011016055941581726
409475,evaluation,left_right,top_right,0.009038180112838745,0.20824791491031647,0.8316999673843384,-0.03179016709327698,0.007938981056213379,bright,True,bright,False,bright,0.19920973479747772,0.039729148149490356
409475,evaluation,left_right,bottom_left,0.10448408126831055,-0.08828572928905487,0.0,0.005021959543228149,0.0067306458950042725,dark,True,bright,False,dark,0.19276981055736542,-0.001708686351776123
409475,evaluation,left_right,bottom_right,-0.10966750979423523,0.08816520124673843,0.6146713495254517,-0.0073068588972091675,0.007048353552818298,bright,True,bright,False,bright,0.19783271104097366,0.014355212450027466
409475,evaluation,quadrants,full,0.12816818058490753,0.031348057091236115,0.3827342689037323,-0.010527417063713074,0.004140794277191162,dark,True,bright,False,,,
409475,evaluation,quadrants,top_left,0.18436984717845917,-0.12391442060470581,6.846635369583964e-05,0.009762108325958252,-0.0012539476156234741,dark,True,dark,False,dark,0.308284267783165,0.011016055941581726
409475,evaluation,quadrants,top_right,0.009038180112838745,0.20824791491031647,0.8316999673843384,-0.03179016709327698,0.007938981056213379,bright,True,bright,False,bright,0.19920973479747772,0.039729148149490356
409475,evaluation,quadrants,bottom_left,-0.07834438979625702,0.10084991157054901,0.6991490721702576,-0.03365333378314972,0.005515530705451965,bright,True,bright,False,bright,0.17919430136680603,0.039168864488601685
409475,evaluation,quadrants,bottom_right,0.03995216265320778,-0.14295527338981628,1.9561815861379728e-05,0.008860036730766296,-0.003880709409713745,dark,True,dark,False,dark,0.18290743604302406,0.012740746140480042
409475,evaluation,smooth_gradient,full,-0.07426829636096954,-0.06157990172505379,0.1725376546382904,-0.025391101837158203,0.004802867770195007,bright,False,bright,False,,,
409475,evaluation,smooth_gradient,top_left,-0.06816725432872772,-0.19066864252090454,6.846635369583964e-05,-0.010430529713630676,-0.0070965588092803955,dark,False,bright,False,,,
409475,evaluation,smooth_gradient,top_right,-0.017578285187482834,0.12411312013864517,0.4082355499267578,-0.031201466917991638,0.0030083656311035156,bright,True,bright,False,,,
409475,evaluation,smooth_gradient,bottom_left,-0.10145165771245956,-0.153845876455307,0.0,-0.014890998601913452,0.0019530802965164185,dark,False,bright,False,,,
409475,evaluation,smooth_gradient,bottom_right,-0.14788593351840973,0.01029907539486885,0.28184664249420166,-0.011725038290023804,0.004496783018112183,bright,True,bright,False,,,
411665,evaluation,clean,full,-0.20173409581184387,-0.03903476148843765,0.0004871259443461895,-0.03873614966869354,0.011594325304031372,bright,False,bright,False,,,
411665,evaluation,clean,top_left,-0.12337686121463776,-0.00575590506196022,0.0007670850609429181,-0.006378084421157837,0.0035296380519866943,bright,False,bright,False,,,
411665,evaluation,clean,top_right,-0.1361095905303955,0.03327232599258423,0.0008593749953433871,-0.014736205339431763,0.019873976707458496,bright,True,bright,False,,,
411665,evaluation,clean,bottom_left,-0.2495216727256775,-0.06359302997589111,0.00021792188636027277,-0.01626548171043396,0.003565281629562378,bright,False,bright,False,,,
411665,evaluation,clean,bottom_right,-0.15362612903118134,-0.012471746653318405,0.00010416666918899864,-0.027345389127731323,0.0023273825645446777,bright,False,bright,False,,,
411665,evaluation,homogeneous_dark,full,0.17842352390289307,0.027270417660474777,0.0004871259443461895,-0.012021258473396301,0.011946901679039001,dark,True,bright,False,,,
411665,evaluation,homogeneous_dark,top_left,0.07116707414388657,-0.02543703280389309,0.0007670850609429181,0.02060776948928833,-0.010303288698196411,dark,True,dark,False,,,
411665,evaluation,homogeneous_dark,top_right,0.12472949922084808,0.05555074289441109,0.0008593749953433871,0.004322856664657593,0.006723880767822266,dark,True,bright,False,,,
411665,evaluation,homogeneous_dark,bottom_left,0.0954405665397644,0.0071144551038742065,0.00021792188636027277,0.02057817578315735,0.008180618286132812,dark,True,dark,False,,,
411665,evaluation,homogeneous_dark,bottom_right,0.16830044984817505,0.060329921543598175,0.00010416666918899864,0.0013434886932373047,0.0018336474895477295,dark,True,bright,False,,,
411665,evaluation,homogeneous_bright,full,-0.16032133996486664,0.14625456929206848,0.31735602021217346,-0.03293515741825104,0.03923061490058899,bright,True,bright,True,,,
411665,evaluation,homogeneous_bright,top_left,-0.1697666049003601,0.08489792048931122,0.10702579468488693,-0.021894797682762146,0.008747845888137817,bright,True,bright,False,,,
411665,evaluation,homogeneous_bright,top_right,-0.07049152255058289,0.22621330618858337,0.41571182012557983,-0.025302067399024963,0.028062671422958374,bright,True,bright,False,,,
411665,evaluation,homogeneous_bright,bottom_left,-0.19438593089580536,0.09670072793960571,0.3038615584373474,-0.020827874541282654,0.01638495922088623,bright,True,bright,False,,,
411665,evaluation,homogeneous_bright,bottom_right,-0.021777570247650146,0.2155795395374298,0.4418923854827881,-0.02210947871208191,0.02801370620727539,bright,True,bright,False,,,
411665,evaluation,left_right,full,-0.0683610588312149,0.09943866729736328,0.21509437263011932,-0.0318930447101593,0.01935926079750061,bright,True,bright,False,,,
411665,evaluation,left_right,top_left,0.07116707414388657,-0.02543703280389309,0.0007670850609429181,0.02060776948928833,-0.010303288698196411,dark,True,dark,False,dark,0.09660410694777966,0.03091105818748474
411665,evaluation,left_right,top_right,-0.07049152255058289,0.22621330618858337,0.41571182012557983,-0.025302067399024963,0.028062671422958374,bright,True,bright,False,bright,0.29670482873916626,0.05336473882198334
411665,evaluation,left_right,bottom_left,0.0954405665397644,0.0071144551038742065,0.00021792188636027277,0.02057817578315735,0.008180618286132812,dark,True,dark,False,dark,0.0883261114358902,0.012397557497024536
411665,evaluation,left_right,bottom_right,-0.021777570247650146,0.2155795395374298,0.4418923854827881,-0.02210947871208191,0.02801370620727539,bright,True,bright,False,bright,0.23735710978507996,0.0501231849193573
411665,evaluation,quadrants,full,-0.02484310045838356,0.11880738288164139,0.18016918003559113,-0.036797910928726196,0.004359692335128784,bright,True,bright,False,,,
411665,evaluation,quadrants,top_left,0.07116707414388657,-0.02543703280389309,0.0007670850609429181,0.02060776948928833,-0.010303288698196411,dark,True,dark,False,dark,0.09660410694777966,0.03091105818748474
411665,evaluation,quadrants,top_right,-0.07049152255058289,0.22621330618858337,0.41571182012557983,-0.025302067399024963,0.028062671422958374,bright,True,bright,False,bright,0.29670482873916626,0.05336473882198334
411665,evaluation,quadrants,bottom_left,-0.19438593089580536,0.09670072793960571,0.3038615584373474,-0.020827874541282654,0.01638495922088623,bright,True,bright,False,bright,0.29108665883541107,0.037212833762168884
411665,evaluation,quadrants,bottom_right,0.16830044984817505,0.060329921543598175,0.00010416666918899864,0.0013434886932373047,0.0018336474895477295,dark,True,bright,False,dark,0.10797052830457687,-0.0004901587963104248
411665,evaluation,smooth_gradient,full,-0.19198700785636902,0.009016692638397217,0.1347947120666504,-0.03908902406692505,0.02010902762413025,bright,True,bright,False,,,
411665,evaluation,smooth_gradient,top_left,-0.038538895547389984,-0.0038822926580905914,0.0007670850609429181,0.007634907960891724,0.004628896713256836,bright,False,dark,False,,,
411665,evaluation,smooth_gradient,top_right,-0.12025761604309082,0.16079235076904297,0.22982639074325562,-0.009190082550048828,0.03361701965332031,bright,True,bright,True,,,
411665,evaluation,smooth_gradient,bottom_left,-0.12837053835391998,-0.04475827515125275,0.00021792188636027277,-0.0013754069805145264,0.00818634033203125,bright,False,bright,False,,,
411665,evaluation,smooth_gradient,bottom_right,-0.1353682577610016,0.09853971004486084,0.3072482645511627,-0.03590160608291626,0.009159326553344727,bright,True,bright,False,,,
416534,evaluation,clean,full,-0.2329716980457306,-0.03737364336848259,0.0014521846314892173,-0.02901807427406311,-0.010968491435050964,bright,False,bright,False,,,
416534,evaluation,clean,top_left,-0.3105120360851288,-0.0691005066037178,0.001323784701526165,-0.05164638161659241,-0.003716990351676941,bright,False,bright,False,,,
416534,evaluation,clean,top_right,-0.18744175136089325,0.028035830706357956,0.0019386573694646358,-0.014142632484436035,-0.0026470720767974854,bright,True,bright,False,,,
416534,evaluation,clean,bottom_left,-0.19288946688175201,-0.010486602783203125,0.0014829281717538834,-0.007947087287902832,0.0032750070095062256,bright,False,bright,False,,,
416534,evaluation,clean,bottom_right,-0.20902086794376373,-0.0464928075671196,0.0010633680503815413,-0.012357071042060852,0.0059456974267959595,bright,False,bright,False,,,
416534,evaluation,homogeneous_dark,full,0.011519907042384148,-0.07487613707780838,0.0008572048391215503,0.003757297992706299,-0.017185479402542114,dark,False,dark,False,,,
416534,evaluation,homogeneous_dark,top_left,-0.05818171799182892,-0.10891663283109665,0.0008463541744276881,-0.020536527037620544,-0.012834608554840088,dark,False,bright,False,,,
416534,evaluation,homogeneous_dark,top_right,-0.03745150566101074,-0.06214188039302826,0.0008174189715646207,0.01511429250240326,-0.015035957098007202,dark,False,dark,False,,,
416534,evaluation,homogeneous_dark,bottom_left,0.05827561765909195,-0.04340631514787674,0.0010778356809169054,0.015164673328399658,0.0011636465787887573,dark,True,dark,False,,,
416534,evaluation,homogeneous_dark,bottom_right,0.056594766676425934,-0.04999805614352226,0.0006872106459923089,0.019005775451660156,0.00444599986076355,dark,True,dark,False,,,
416534,evaluation,homogeneous_bright,full,-0.06634117662906647,0.16616570949554443,0.5085503458976746,-0.014226913452148438,4.564225673675537e-05,bright,True,bright,False,,,
416534,evaluation,homogeneous_bright,top_left,0.017971821129322052,0.29684174060821533,0.7491825819015503,-0.010546505451202393,0.012454628944396973,bright,True,bright,False,,,
416534,evaluation,homogeneous_bright,top_right,-0.09058024734258652,0.18362902104854584,0.6527199149131775,-0.01983433961868286,-0.0033521950244903564,bright,True,bright,False,,,
416534,evaluation,homogeneous_bright,bottom_left,-0.04174619913101196,0.28741255402565,0.3315972089767456,0.0018129348754882812,0.014087826013565063,bright,True,bright,False,,,
416534,evaluation,homogeneous_bright,bottom_right,-0.1475548893213272,0.12068092823028564,0.30070167779922485,-0.013924956321716309,0.01443617045879364,bright,True,bright,False,,,
416534,evaluation,left_right,full,-0.010959936305880547,0.004547419026494026,0.23883643746376038,0.005291283130645752,-0.010851860046386719,bright,True,dark,False,,,
416534,evaluation,left_right,top_left,-0.05818171799182892,-0.10891663283109665,0.0008463541744276881,-0.020536527037620544,-0.012834608554840088,dark,False,bright,False,dark,0.05073491483926773,-0.0077019184827804565
416534,evaluation,left_right,top_right,-0.09058024734258652,0.18362902104854584,0.6527199149131775,-0.01983433961868286,-0.0033521950244903564,bright,True,bright,False,bright,0.27420926839113235,0.016482144594192505
416534,evaluation,left_right,bottom_left,0.05827561765909195,-0.04340631514787674,0.0010778356809169054,0.015164673328399658,0.0011636465787887573,dark,True,dark,False,dark,0.10168193280696869,0.014001026749610901
416534,evaluation,left_right,bottom_right,-0.1475548893213272,0.12068092823028564,0.30070167779922485,-0.013924956321716309,0.01443617045879364,bright,True,bright,False,bright,0.26823581755161285,0.02836112678050995
416534,evaluation,quadrants,full,-0.030717095360159874,0.03206395357847214,0.24646267294883728,-0.001986071467399597,-0.010176107287406921,bright,True,dark,False,,,
416534,evaluation,quadrants,top_left,-0.05818171799182892,-0.10891663283109665,0.0008463541744276881,-0.020536527037620544,-0.012834608554840088,dark,False,bright,False,dark,0.05073491483926773,-0.0077019184827804565
416534,evaluation,quadrants,top_right,-0.09058024734258652,0.18362902104854584,0.6527199149131775,-0.01983433961868286,-0.0033521950244903564,bright,True,bright,False,bright,0.27420926839113235,0.016482144594192505
416534,evaluation,quadrants,bottom_left,-0.04174619913101196,0.28741255402565,0.3315972089767456,0.0018129348754882812,0.014087826013565063,bright,True,bright,False,bright,0.329158753156662,0.012274891138076782
416534,evaluation,quadrants,bottom_right,0.056594766676425934,-0.04999805614352226,0.0006872106459923089,0.019005775451660156,0.00444599986076355,dark,True,dark,False,dark,0.1065928228199482,0.014559775590896606
416534,evaluation,smooth_gradient,full,-0.2029293179512024,-0.024290718138217926,0.06806278973817825,-0.02302555739879608,-0.01175670325756073,bright,False,bright,False,,,
416534,evaluation,smooth_gradient,top_left,-0.231245756149292,-0.10132486373186111,0.0008463541744276881,-0.045450180768966675,-0.016791850328445435,bright,False,bright,False,,,
416534,evaluation,smooth_gradient,top_right,-0.1753280907869339,0.11702050268650055,0.15406538546085358,-0.02391454577445984,-0.002674102783203125,bright,True,bright,False,,,
416534,evaluation,smooth_gradient,bottom_left,-0.11831851303577423,-0.06271296739578247,0.0010778356809169054,0.004915669560432434,0.0007663220167160034,bright,False,dark,False,,,
416534,evaluation,smooth_gradient,bottom_right,-0.18313156068325043,0.056193020194768906,0.1162615716457367,-0.01865735650062561,0.011397704482078552,bright,True,bright,False,,,
416758,evaluation,clean,full,-0.1671305000782013,-0.1174396276473999,0.0009463028400205076,-0.029864206910133362,-0.020902544260025024,bright,False,bright,False,,,
416758,evaluation,clean,top_left,-0.11694938689470291,-0.13380706310272217,0.0015258216299116611,-0.021731868386268616,-0.018404796719551086,dark,False,bright,False,,,
416758,evaluation,clean,top_right,-0.0992455780506134,-0.02664300799369812,0.0018877151887863874,-0.01338428258895874,-0.019357502460479736,bright,False,dark,False,,,
416758,evaluation,clean,bottom_left,-0.11996835470199585,-0.08112335205078125,0.0003325508732814342,-0.01974588632583618,-0.01779121160507202,bright,False,bright,False,,,
416758,evaluation,clean,bottom_right,-0.017655763775110245,-0.14527642726898193,3.9123631722759455e-05,-0.011978298425674438,-0.02061675488948822,dark,False,dark,False,,,
416758,evaluation,homogeneous_dark,full,0.09845054894685745,-0.04241039603948593,8.069248724495992e-05,-0.003862425684928894,-0.023336932063102722,dark,True,dark,False,,,
416758,evaluation,homogeneous_dark,top_left,0.1682475060224533,-0.06965066492557526,0.00011737089516827837,0.017869725823402405,-0.02058616280555725,dark,True,dark,False,,,
416758,evaluation,homogeneous_dark,top_right,0.14382675290107727,-0.03134777396917343,0.0001075899854185991,0.012791171669960022,-0.019370809197425842,dark,True,dark,False,,,
416758,evaluation,homogeneous_dark,bottom_left,0.12268216907978058,-0.08329396694898605,5.868544758413918e-05,0.014032512903213501,-0.021812468767166138,dark,True,dark,False,,,
416758,evaluation,homogeneous_dark,bottom_right,0.21435683965682983,-0.10068857669830322,3.9123631722759455e-05,0.02218717336654663,-0.025104984641075134,dark,True,dark,False,,,
416758,evaluation,homogeneous_bright,full,-0.20572344958782196,-0.012401051819324493,0.09892165660858154,-0.04505971074104309,-0.02075226604938507,bright,False,bright,False,,,
416758,evaluation,homogeneous_bright,top_left,-0.20192153751850128,-0.050645262002944946,0.0497848205268383,-0.03731463849544525,-0.015239179134368896,bright,False,bright,False,,,
416758,evaluation,homogeneous_bright,top_right,-0.10129319876432419,0.09377853572368622,0.21779148280620575,-0.016977638006210327,-0.010285720229148865,bright,True,bright,False,,,
416758,evaluation,homogeneous_bright,bottom_left,-0.14394345879554749,0.0367969274520874,0.11096440255641937,-0.036053672432899475,-0.007800504565238953,bright,True,bright,False,,,
416758,evaluation,homogeneous_bright,bottom_right,-0.13459888100624084,-0.07921534776687622,0.017145931720733643,-0.030891209840774536,-0.013167008757591248,bright,False,bright,False,,,
416758,evaluation,left_right,full,-0.04725272208452225,-0.06718876212835312,0.058778367936611176,-0.03507035970687866,-0.025846228003501892,dark,False,bright,False,,,
416758,evaluation,left_right,top_left,0.1682475060224533,-0.06965066492557526,0.00011737089516827837,0.017869725823402405,-0.02058616280555725,dark,True,dark,False,dark,0.23789817094802856,0.038455888628959656
416758,evaluation,left_right,top_right,-0.10129319876432419,0.09377853572368622,0.21779148280620575,-0.016977638006210327,-0.010285720229148865,bright,True,bright,False,bright,0.1950717344880104,0.006691917777061462
416758,evaluation,left_right,bottom_left,0.12268216907978058,-0.08329396694898605,5.868544758413918e-05,0.014032512903213501,-0.021812468767166138,dark,True,dark,False,dark,0.20597613602876663,0.03584498167037964
416758,evaluation,left_right,bottom_right,-0.13459888100624084,-0.07921534776687622,0.017145931720733643,-0.030891209840774536,-0.013167008757591248,bright,False,bright,False,bright,0.055383533239364624,0.01772420108318329
416758,evaluation,quadrants,full,-0.03179490938782692,-0.006978949531912804,0.08222809433937073,-0.032599374651908875,-0.016675785183906555,bright,False,bright,False,,,
416758,evaluation,quadrants,top_left,0.1682475060224533,-0.06965066492557526,0.00011737089516827837,0.017869725823402405,-0.02058616280555725,dark,True,dark,False,dark,0.23789817094802856,0.038455888628959656
416758,evaluation,quadrants,top_right,-0.10129319876432419,0.09377853572368622,0.21779148280620575,-0.016977638006210327,-0.010285720229148865,bright,True,bright,False,bright,0.1950717344880104,0.006691917777061462
416758,evaluation,quadrants,bottom_left,-0.14394345879554749,0.0367969274520874,0.11096440255641937,-0.036053672432899475,-0.007800504565238953,bright,True,bright,False,bright,0.1807403862476349,0.028253167867660522
416758,evaluation,quadrants,bottom_right,0.21435683965682983,-0.10068857669830322,3.9123631722759455e-05,0.02218717336654663,-0.025104984641075134,dark,True,dark,False,dark,0.31504541635513306,0.047292158007621765
416758,evaluation,smooth_gradient,full,-0.1429482102394104,-0.08953917771577835,0.03551203012466431,-0.030712559819221497,-0.02228868007659912,bright,False,bright,False,,,
416758,evaluation,smooth_gradient,top_left,-0.023808548226952553,-0.11913695931434631,0.00011737089516827837,0.0008833557367324829,-0.021560654044151306,dark,False,dark,False,,,
416758,evaluation,smooth_gradient,top_right,-0.11557647585868835,0.02199288085103035,0.1412363052368164,-0.017274484038352966,-0.015194952487945557,bright,True,bright,False,,,
416758,evaluation,smooth_gradient,bottom_left,-0.0012382455170154572,-0.0971667468547821,5.868544758413918e-05,0.004437178373336792,-0.019786924123764038,dark,False,dark,False,,,
416758,evaluation,smooth_gradient,bottom_right,-0.09666424989700317,-0.13345500826835632,0.0006357590318657458,-0.021970301866531372,-0.01752886176109314,dark,False,bright,False,,,
417465,evaluation,clean,full,-0.17746922373771667,-0.01123904064297676,0.0014639639994129539,-0.03327128291130066,-0.013201937079429626,bright,False,bright,False,,,
417465,evaluation,clean,top_left,0.016952425241470337,-0.010605420917272568,0.0,0.008552908897399902,0.0025897622108459473,dark,False,dark,False,,,
417465,evaluation,clean,top_right,-0.21612370014190674,-0.061484046280384064,0.0023686031345278025,-0.011583372950553894,-0.01340360939502716,bright,False,dark,False,,,
417465,evaluation,clean,bottom_left,-0.22199688851833344,-0.06651009619235992,0.0014756944729015231,-0.014994025230407715,-0.03327736258506775,bright,False,dark,False,,,
417465,evaluation,clean,bottom_right,-0.21507170796394348,-0.022973164916038513,0.002005532616749406,-0.05779379606246948,-0.01895463466644287,bright,False,bright,False,,,
417465,evaluation,homogeneous_dark,full,0.1808394491672516,0.022229649126529694,0.0012647262774407864,0.007649466395378113,-0.016588270664215088,dark,True,dark,False,,,
417465,evaluation,homogeneous_dark,top_left,0.1358732134103775,-0.06085257977247238,0.0,0.03938968479633331,-0.009185776114463806,dark,True,dark,True,,,
417465,evaluation,homogeneous_dark,top_right,0.14336729049682617,-0.050980642437934875,0.0018845091108232737,0.02509114146232605,-0.013149067759513855,dark,True,dark,False,,,
417465,evaluation,homogeneous_dark,bottom_left,0.038142286241054535,-0.07063287496566772,0.0014756944729015231,0.021948575973510742,-0.037008658051490784,dark,True,dark,False,,,
417465,evaluation,homogeneous_dark,bottom_right,0.20325233042240143,-0.03023873269557953,0.0016943293157964945,-0.018184319138526917,-0.028681650757789612,dark,True,dark,False,,,
417465,evaluation,homogeneous_bright,full,-0.24540400505065918,0.10991497337818146,0.12495885044336319,-0.039475440979003906,-0.0013252347707748413,bright,True,bright,False,,,
417465,evaluation,homogeneous_bright,top_left,-0.09878790378570557,0.06583046168088913,0.0015104167396202683,-0.009893596172332764,0.0011883080005645752,bright,True,bright,False,,,
417465,evaluation,homogeneous_bright,top_right,-0.22869688272476196,0.08951622992753983,0.03104253299534321,-0.026141464710235596,-0.013450264930725098,bright,True,bright,False,,,
417465,evaluation,homogeneous_bright,bottom_left,-0.23912401497364044,0.14765436947345734,0.15126736462116241,-0.028535500168800354,-0.0243300199508667,bright,True,bright,False,,,
417465,evaluation,homogeneous_bright,bottom_right,-0.17915022373199463,0.23786404728889465,0.3156120479106903,-0.06860880553722382,-0.02083611488342285,bright,True,bright,False,,,
417465,evaluation,left_right,full,-0.1094152182340622,0.06952232122421265,0.087211973965168,-0.03462238609790802,-0.008952826261520386,bright,True,bright,False,,,
417465,evaluation,left_right,top_left,0.1358732134103775,-0.06085257977247238,0.0,0.03938968479633331,-0.009185776114463806,dark,True,dark,True,dark,0.19672579318284988,0.04857546091079712
417465,evaluation,left_right,top_right,-0.22869688272476196,0.08951622992753983,0.03104253299534321,-0.026141464710235596,-0.013450264930725098,bright,True,bright,False,bright,0.3182131126523018,0.012691199779510498
417465,evaluation,left_right,bottom_left,0.038142286241054535,-0.07063287496566772,0.0014756944729015231,0.021948575973510742,-0.037008658051490784,dark,True,dark,False,dark,0.10877516120672226,0.058957234025001526
417465,evaluation,left_right,bottom_right,-0.17915022373199463,0.23786404728889465,0.3156120479106903,-0.06860880553722382,-0.02083611488342285,bright,True,bright,False,bright,0.4170142710208893,0.047772690653800964
417465,evaluation,quadrants,full,-0.0924607589840889,0.06728031486272812,0.04593944922089577,-0.029444411396980286,-0.012400761246681213,bright,True,bright,False,,,
417465,evaluation,quadrants,top_left,0.1358732134103775,-0.06085257977247238,0.0,0.03938968479633331,-0.009185776114463806,dark,True,dark,True,dark,0.19672579318284988,0.04857546091079712
417465,evaluation,quadrants,top_right,-0.22869688272476196,0.08951622992753983,0.03104253299534321,-0.026141464710235596,-0.013450264930725098,bright,True,bright,False,bright,0.3182131126523018,0.012691199779510498
417465,evaluation,quadrants,bottom_left,-0.23912401497364044,0.14765436947345734,0.15126736462116241,-0.028535500168800354,-0.0243300199508667,bright,True,bright,False,bright,0.3867783844470978,0.004205480217933655
417465,evaluation,quadrants,bottom_right,0.20325233042240143,-0.03023873269557953,0.0016943293157964945,-0.018184319138526917,-0.028681650757789612,dark,True,dark,False,dark,0.23349106311798096,0.010497331619262695
417465,evaluation,smooth_gradient,full,-0.1673038899898529,0.04972868040204048,0.0333181731402874,-0.027742445468902588,-0.009006857872009277,bright,True,bright,False,,,
417465,evaluation,smooth_gradient,top_left,0.09940987080335617,-0.03286299481987953,0.0,0.024322107434272766,0.0035657137632369995,dark,True,dark,False,,,
417465,evaluation,smooth_gradient,top_right,-0.2158656120300293,0.025593549013137817,0.013174274004995823,-0.018576785922050476,-0.014554008841514587,bright,True,bright,False,,,
417465,evaluation,smooth_gradient,bottom_left,-0.11512307077646255,-0.08902586996555328,0.0014756944729015231,0.004144608974456787,-0.03735359013080597,bright,False,dark,False,,,
417465,evaluation,smooth_gradient,bottom_right,-0.20223164558410645,0.14356020092964172,0.11835235357284546,-0.062498003244400024,-0.015425339341163635,bright,True,bright,False,,,
