index,low,step,psnr,ssim,delta_psnr_T026,delta_psnr_T036,delta_ssim_T036,safety_reachable,oracle_selected
0,Train/Low/low00167.png,0,8.610336492734683,0.2894117418440864,-8.16039160136535,-9.883153520066157,-0.41820644830349446,False,False
0,Train/Low/low00167.png,1,8.866910257696732,0.32314283393355786,-7.9038178364033005,-9.626579755104109,-0.384475356214023,False,False
0,Train/Low/low00167.png,2,9.152758280778336,0.3588299639136359,-7.617969813321697,-9.340731732022505,-0.34878822623394495,False,False
0,Train/Low/low00167.png,3,9.471168211625976,0.39610632344952174,-7.299559882474057,-9.022321801174865,-0.31151186669805914,False,False
0,Train/Low/low00167.png,4,9.825833745868245,0.4344896506518654,-6.944894348231788,-8.667656266932596,-0.27312853949571547,False,False
0,Train/Low/low00167.png,5,10.220945897913174,0.4733890584675714,-6.549782196186859,-8.272544114887667,-0.23422913168000947,False,False
0,Train/Low/low00167.png,6,10.661294699135858,0.5121202934339126,-6.109433394964174,-7.8321953136649825,-0.19549789671366824,False,False
0,Train/Low/low00167.png,7,11.152378554642794,0.5499298776894771,-5.618349539457238,-7.341111458158046,-0.15768831245810377,False,False
0,Train/Low/low00167.png,8,11.700547590071048,0.5860303695123456,-5.0701805040289845,-6.7929424227297925,-0.12158782063523532,True,False
0,Train/Low/low00167.png,9,12.31316827363753,0.6196446682368403,-4.457559820462503,-6.180321739163311,-0.08797352191074059,True,False
0,Train/Low/low00167.png,10,12.998805923682884,0.6500508420892657,-3.771922170417149,-5.494684089117957,-0.057567348058315204,True,False
0,Train/Low/low00167.png,11,13.767402654968263,0.6766321896728786,-3.0033254391317694,-4.7260873578325775,-0.030986000474702236,True,False
0,Train/Low/low00167.png,12,14.630375582811858,0.6989209601153925,-2.1403525112881745,-3.8631144299889826,-0.008697230032188363,True,False
0,Train/Low/low00167.png,13,15.600405172037943,0.7166293703838,-1.1703229220620894,-2.8930848407628975,0.009011180236219163,True,False
0,Train/Low/low00167.png,14,16.690411259841685,0.7296669683912682,-0.08031683425834757,-1.8030787529591557,0.02204877824368734,True,False
0,Train/Low/low00167.png,15,17.910319690379858,0.7381408177242729,1.1395915962798249,-0.5831703224209832,0.030522627576691996,True,False
0,Train/Low/low00167.png,16,19.258308532433812,0.742336700642375,2.4875804383337794,0.7648185196329713,0.03471851049479413,True,False
0,Train/Low/low00167.png,17,20.699069421689444,0.7426888561775563,3.9283413275894112,2.205579408888603,0.03507066602997544,True,False
0,Train/Low/low00167.png,18,22.117601598000924,0.7397423879133951,5.346873503900891,3.624111585200083,0.03212419776581421,True,False
0,Train/Low/low00167.png,19,23.259399846395908,0.7341536393990491,6.4886717522958755,4.765909833595067,0.026535449251468224,True,False
0,Train/Low/low00167.png,20,23.786924870350084,0.7267259871239445,7.016196776250052,5.293434857549244,0.019107796976363667,True,True
0,Train/Low/low00167.png,21,23.552346095412886,0.7180508408388127,6.781618001312854,5.058856082612046,0.010432650691231782,True,False
0,Train/Low/low00167.png,22,22.764895787792327,0.7086238357109136,5.994167693692294,4.271405774991486,0.0010056455633327133,True,False
0,Train/Low/low00167.png,23,21.7494919278193,0.6986992001196975,4.978763833719267,3.2560019150184587,-0.008918990027883322,True,False
0,Train/Low/low00167.png,24,20.716846753649634,0.688528620558704,3.946118659549601,2.223356740848793,-0.019089569588876865,True,False
0,Train/Low/low00167.png,25,19.761859359847843,0.6784072757965187,2.9911312657478106,1.2683693470470025,-0.029210914351062156,True,False
0,Train/Low/low00167.png,26,18.915045367884392,0.668622385517016,2.1443172737843597,0.4215553550835516,-0.038995804630564845,True,False
0,Train/Low/low00167.png,27,18.180095393822036,0.6594837266820938,1.4093672997220033,-0.31339461897880483,-0.04813446346548711,True,False
1,Train/Low/low00598.png,0,8.384219189013455,0.1330726719481974,-4.481881558126458,-7.043805346372103,-0.2985627889489313,True,False
1,Train/Low/low00598.png,1,8.525153650438558,0.14970393746515887,-4.340947096701356,-6.902870884947001,-0.2819315234319698,True,False
1,Train/Low/low00598.png,2,8.681544565176008,0.16785898735248522,-4.184556181963906,-6.746479970209551,-0.26377647354464345,True,False
1,Train/Low/low00598.png,3,8.85477439367647,0.1875047905824012,-4.011326353463444,-6.573250141709089,-0.2441306703147275,True,False
1,Train/Low/low00598.png,4,9.04631012763639,0.2085520462243844,-3.8197906195035234,-6.381714407749168,-0.22308341467274428,True,False
1,Train/Low/low00598.png,5,9.25771372518047,0.23084574133975927,-3.6083870219594445,-6.170310810205089,-0.2007897195573694,True,False
1,Train/Low/low00598.png,6,9.490645226401288,0.2541566139759879,-3.375455520738626,-5.937379308984271,-0.1774788469211408,True,False
1,Train/Low/low00598.png,7,9.746863275543507,0.2781763706702633,-3.1192374715964064,-5.681161259842051,-0.15345909022686538,True,False
1,Train/Low/low00598.png,8,10.028226927950449,0.30251950533013994,-2.837873819189465,-5.39979760743511,-0.12911595556698874,True,False
1,Train/Low/low00598.png,9,10.336696874141033,0.3267324317957766,-2.5294038729988806,-5.0913276612445255,-0.10490302910135207,True,False
1,Train/Low/low00598.png,10,10.674315547689881,0.35031118773633557,-2.191785199450033,-4.753708987695678,-0.0813242731607931,True,False
1,Train/Low/low00598.png,11,11.043215374472846,0.3727293992102179,-1.8228853726670682,-4.384809160912713,-0.05890606168691076,True,False
1,Train/Low/low00598.png,12,11.445601509102147,0.39347179211357003,-1.4204992380377668,-3.9824230262834117,-0.038163668783558646,True,False
1,Train/Low/low00598.png,13,11.88372573529876,0.4120708263333924,-0.9823750118411532,-3.544298800086798,-0.01956463456373625,True,False
1,Train/Low/low00598.png,14,12.359862247381532,0.428142696001948,-0.506238499758382,-3.068162288004027,-0.003492764895180689,True,False
1,Train/Low/low00598.png,15,12.876244857146478,0.4414140290115515,0.010144110006564233,-2.5517796782390807,0.009778568114422848,True,False
1,Train/Low/low00598.png,16,13.43499541330393,0.45174010851744945,0.5688946661640166,-1.9930291220816283,0.02010464762032077,True,False
1,Train/Low/low00598.png,17,14.037988835779343,0.4591095911277307,1.1718880886394292,-1.3900356996062158,0.027474130230602023,True,False
1,Train/Low/low00598.png,18,14.686662365523786,0.46363391055661407,1.8205616183838718,-0.7413621698617732,0.031998449659485395,True,False
1,Train/Low/low00598.png,19,15.381695096867736,0.46552966287281555,2.515594349727822,-0.04632943851782301,0.03389420197568688,True,False
1,Train/Low/low00598.png,20,16.12252340905449,0.4650931186886478,3.256422661914577,0.6944988736689321,0.0334576577915191,True,False
1,Train/Low/low00598.png,21,16.906596376321435,0.46266901914543584,4.040495629181521,1.4785718409358761,0.03103355824830717,True,False
1,Train/Low/low00598.png,22,17.728251609772556,0.45862672046502445,4.862150862632642,2.3002270743869975,0.026991259567895776,True,False
1,Train/Low/low00598.png,23,18.577067415764436,0.4533279492702779,5.710966668624522,3.149042880378877,0.021692488373149243,True,False
1,Train/Low/low00598.png,24,19.43575806784478,0.4471141128448272,6.5696573207048665,4.007733532459222,0.01547865194769854,True,False
1,Train/Low/low00598.png,25,20.277855195709357,0.4402951329967579,7.411754448569443,4.849830660323798,0.008659672099629201,True,False
1,Train/Low/low00598.png,26,21.06618416379805,0.43313528801061985,8.200083416658135,5.63815962841249,0.00149982711349117,True,False
1,Train/Low/low00598.png,27,21.75437507902583,0.4258559213528695,8.888274331885917,6.326350543640272,-0.0057795395442591935,True,True
2,Train/Low/low00617.png,0,9.100639561838118,0.17273765538694516,-4.850261976520585,-7.325959355796829,-0.2960014923487636,True,False
2,Train/Low/low00617.png,1,9.251308572146492,0.1946480563335287,-4.699592966212212,-7.175290345488456,-0.27409109140218,True,False
2,Train/Low/low00617.png,2,9.41987731454448,0.2183521505137951,-4.531024223814223,-7.006721603090467,-0.2503869972219136,True,False
2,Train/Low/low00617.png,3,9.608157563257404,0.24373901474214454,-4.3427439751013,-6.818441354377544,-0.2250001329935642,True,False
2,Train/Low/low00617.png,4,9.818119166848287,0.2706216948149206,-4.132782371510416,-6.60847975078666,-0.19811745292078814,True,False
2,Train/Low/low00617.png,5,10.051913324188341,0.2987304510694379,-3.8989882141703625,-6.374685593446607,-0.17000869666627083,True,False
2,Train/Low/low00617.png,6,10.311892631652956,0.32770961226439765,-3.6390089067057474,-6.114706285981992,-0.14102953547131108,True,False
2,Train/Low/low00617.png,7,10.600633478809245,0.35712037615842845,-3.3502680595494585,-5.825965438825703,-0.11161877157728028,True,False
2,Train/Low/low00617.png,8,10.920962465552515,0.3864511832381809,-3.0299390728061883,-5.505636452082433,-0.08228796449752784,True,False
2,Train/Low/low00617.png,9,11.275986587172538,0.41513612503710434,-2.6749149511861656,-5.15061233046241,-0.0536030226986044,True,False
2,Train/Low/low00617.png,10,11.669129663395667,0.4425808325127498,-2.2817718749630362,-4.757469254239281,-0.026158315222958917,True,False
2,Train/Low/low00617.png,11,12.104172990940311,0.4681945474976273,-1.846728547418392,-4.3224259266946365,-0.0005446002380814496,True,False
2,Train/Low/low00617.png,12,12.585307195882312,0.4914253995420069,-1.3655943424763919,-3.8412917217526363,0.022686251806298185,True,False
2,Train/Low/low00617.png,13,13.117174332463684,0.5117947173777972,-0.8337272058950198,-3.3094245851712643,0.04305556964208851,True,False
2,Train/Low/low00617.png,14,13.70492097272599,0.5289284280140493,-0.24598056563271342,-2.721677944908958,0.06018928027834053,True,False
2,Train/Low/low00617.png,15,14.354213896856951,0.5425799317591236,0.40331235849824765,-2.072385020777997,0.07384078402341482,True,False
2,Train/Low/low00617.png,16,15.071208823117123,0.5526433536438842,1.12030728475842,-1.3553900945178246,0.08390420590817543,True,False
2,Train/Low/low00617.png,17,15.862368420835033,0.5591545302215832,1.9114668824763292,-0.5642304967999152,0.0904153824858745,True,False
2,Train/Low/low00617.png,18,16.7339826250454,0.5622808155177395,2.783081086686696,0.30738370741045173,0.09354166778203071,True,False
2,Train/Low/low00617.png,19,17.69100517058486,0.5623007402668505,3.7401036322261554,1.264406252949911,0.09356159253114177,True,False
2,Train/Low/low00617.png,20,18.734466167971156,0.5595753702328405,4.783564629612453,2.3078672503362085,0.0908362224971318,True,False
2,Train/Low/low00617.png,21,19.856065931850907,0.5545184807504937,5.905164393492203,3.429467014215959,0.08577933301478496,True,False
2,Train/Low/low00617.png,22,21.02746129633859,0.5475669565186966,7.0765597579798865,4.600862378703642,0.07882780878298784,True,False
2,Train/Low/low00617.png,23,22.181822361013047,0.5391537160337883,8.230920822654344,5.7552234433780995,0.07041456829807952,True,False
2,Train/Low/low00617.png,24,23.19197573329252,0.529686542147077,9.241074194933816,6.7653768156575715,0.06094739441136826,True,False
2,Train/Low/low00617.png,25,23.87366902761908,0.519533141292819,9.922767489260377,7.447070109984132,0.050793993557110284,True,False
2,Train/Low/low00617.png,26,24.064118695546767,0.5090121923427382,10.113217157188064,7.63751977791182,0.04027304460702946,True,True
2,Train/Low/low00617.png,27,23.74641637639231,0.4983903088246409,9.795514838033608,7.319817458757363,0.029651161088932176,True,False
3,Train/Low/low00230.png,0,7.4984999579911715,0.2763832499383479,-4.1045406073810895,-5.188327638832197,-0.29970621210228116,True,False
3,Train/Low/low00230.png,1,7.668100079558315,0.2996903978557379,-3.9349404858139456,-5.018727517265053,-0.27639906418489113,True,False
3,Train/Low/low00230.png,2,7.854411690132142,0.32409057523522466,-3.7486288752401187,-4.832415906691226,-0.2519988868054044,True,False
3,Train/Low/low00230.png,3,8.058467658398326,0.34934957066399286,-3.5445729069739347,-4.628359938425042,-0.2267398913766362,True,False
3,Train/Low/low00230.png,4,8.281219318569523,0.3751825556258308,-3.321821246802738,-4.405608278253846,-0.20090690641479825,True,False
3,Train/Low/low00230.png,5,8.523483457591958,0.40123308037454125,-3.0795571077803032,-4.163344139231411,-0.1748563816660878,True,False
3,Train/Low/low00230.png,6,8.785875251429053,0.4270728425438555,-2.8171653139432085,-3.900952345394316,-0.14901661949677353,True,False
3,Train/Low/low00230.png,7,9.068705359788256,0.45221846628600937,-2.5343352055840054,-3.618122237035113,-0.12387099575461968,True,False
3,Train/Low/low00230.png,8,9.371854028077836,0.47615908968107623,-2.231186537294425,-3.3149735687455326,-0.09993037235955282,True,False
3,Train/Low/low00230.png,9,9.694608575208166,0.49838870476452274,-1.908431990164095,-2.9922190216152025,-0.07770075727610631,True,False
3,Train/Low/low00230.png,10,10.0354566304156,0.5184400684475999,-1.5675839349566605,-2.651370966407768,-0.05764939359302912,True,False
3,Train/Low/low00230.png,11,10.391846391240504,0.5359178852417786,-1.211194174131757,-2.2949812055828644,-0.04017157679885042,True,False
3,Train/Low/low00230.png,12,10.759916298691945,0.5505268748872454,-0.8431242666803165,-1.926911298131424,-0.025562587153383665,True,False
3,Train/Low/low00230.png,13,11.134220345297226,0.5620916563756101,-0.46882022007503465,-1.5526072515261422,-0.013997805665018959,True,False
3,Train/Low/low00230.png,14,11.50751350695016,0.5705660781261529,-0.09552705842210152,-1.179314089873209,-0.005523383914476154,True,False
3,Train/Low/low00230.png,15,11.870681921368902,0.5760310119784191,0.2676413559966413,-0.8161456754544663,-5.8450062209947085e-05,True,False
3,Train/Low/low00230.png,16,12.212946043994322,0.5786812697737996,0.6099054786220606,-0.473881552829047,0.0025918077331705813,True,False
3,Train/Low/low00230.png,17,12.52247688340098,0.5788043584698009,0.9194363180287191,-0.1643507134223885,0.002714896429171887,True,False
3,Train/Low/low00230.png,18,12.78748370126243,0.5767535044157205,1.1844431358901684,0.10065610443906081,0.0006640423750914337,True,False
3,Train/Low/low00230.png,19,12.997723994261296,0.5729197078825975,1.394683428889035,0.3108963974379275,-0.003169754158031557,True,False
3,Train/Low/low00230.png,20,13.146140882725287,0.5677069553820324,1.5431003173530264,0.4593132859019189,-0.008382506658596633,True,False
3,Train/Low/low00230.png,21,13.230158735842569,0.5615042472800514,1.6271181704703075,0.5433311390191999,-0.014585214760577614,True,False
3,Train/Low/low00230.png,22,13.252201031289172,0.5546740439578907,1.6491604659169106,0.565373434465803,-0.02141541808273839,True,True
3,Train/Low/low00230.png,23,13.219231458234297,0.547541671192768,1.6161908928620363,0.5324038614109288,-0.028547790847861076,True,False
3,Train/Low/low00230.png,24,13.14148251626736,0.5403851680619031,1.5384419508950984,0.45465491944399083,-0.03570429397872599,True,False
3,Train/Low/low00230.png,25,13.030767307070372,0.5334138171855258,1.4277267416981108,0.3439397102470032,-0.04267564485510322,True,False
3,Train/Low/low00230.png,26,12.898946269996468,0.5267974413991129,1.2959057046242073,0.21211867317309974,-0.049292020641516165,True,False
3,Train/Low/low00230.png,27,12.756748357935452,0.5206694915153867,1.153707792563191,0.06992076111208334,-0.05541997052524239,True,False
4,Train/Low/low00022.png,0,6.101001871400231,0.1871767411110559,-5.6909984741643,-8.819434319121722,-0.40571515348471066,False,False
4,Train/Low/low00022.png,1,6.278975700034605,0.20979772381952588,-5.513024645529926,-8.641460490487349,-0.38309417077624064,True,False
4,Train/Low/low00022.png,2,6.475916170756081,0.23426463181225785,-5.31608417480845,-8.444520019765873,-0.35862726278350865,True,False
4,Train/Low/low00022.png,3,6.69354201028848,0.2605068247517903,-5.098458335276051,-8.226894180233474,-0.3323850698439762,True,False
4,Train/Low/low00022.png,4,6.9336930801037795,0.28838913451170795,-4.858307265460752,-7.986743110418175,-0.3045027600840586,True,False
4,Train/Low/low00022.png,5,7.198344469023388,0.3177051532618858,-4.593655876541144,-7.7220917214985665,-0.2751867413338807,True,False
4,Train/Low/low00022.png,6,7.489619949424375,0.3481734760797195,-4.3023803961401565,-7.430816241097579,-0.24471841851604703,True,False
4,Train/Low/low00022.png,7,7.809795192013137,0.3794369538491867,-3.9822051535513943,-7.110640998508817,-0.21345494074657984,True,False
4,Train/Low/low00022.png,8,8.161308639654541,0.4110687826941509,-3.6306917059099906,-6.759127550867413,-0.1818231119016156,True,False
4,Train/Low/low00022.png,9,8.546766035722179,0.44258417188342564,-3.2452343098423526,-6.373670154799775,-0.15030772271234089,True,False
4,Train/Low/low00022.png,10,8.968941948467407,0.47345873447734454,-2.8230583970971246,-5.951494242054547,-0.11943316011842198,True,False
4,Train/Low/low00022.png,11,9.430787267997,0.5031534630733572,-2.361213077567532,-5.489648922524955,-0.08973843152240935,True,False
4,Train/Low/low00022.png,12,9.935421140770998,0.5311434505182909,-1.8565792047935332,-4.985015049750956,-0.061748444077475595,True,False
4,Train/Low/low00022.png,13,10.486119232734271,0.5569481163322227,-1.30588111283026,-4.434316957787683,-0.03594377826354378,True,False
4,Train/Low/low00022.png,14,11.086291237496406,0.5801609705015807,-0.7057091080681257,-3.8341449530255485,-0.012730924094185858,True,False
4,Train/Low/low00022.png,15,11.739433062344553,0.600473763696784,-0.05256728321997883,-3.1810031281774016,0.0075818691010174355,True,False
4,Train/Low/low00022.png,16,12.449041694173522,0.6176935213652341,0.6570413486089901,-2.4713944963484327,0.024801626769467622,True,False
4,Train/Low/low00022.png,17,13.21846946160581,0.6317498792962312,1.4264691160412788,-1.701966728916144,0.03885798470046464,True,False
4,Train/Low/low00022.png,18,14.05067766010533,0.6426927417725157,2.2586773145407992,-0.8697585304166235,0.04980084717674915,True,False
4,Train/Low/low00022.png,19,14.947792745637408,0.6506807479899115,3.155792400072876,0.027356555115453318,0.05778885339414497,True,False
4,Train/Low/low00022.png,20,15.91034852977511,0.655960127340595,4.1183481842105785,0.9899123392531557,0.06306823274482842,True,False
4,Train/Low/low00022.png,21,16.935980999329175,0.6588426322528335,5.143980653764643,2.0155448088072205,0.06595073765706694,True,False
4,Train/Low/low00022.png,22,18.017241805337473,0.659683799978901,6.225241459772942,3.096805614815519,0.06679190538313451,True,False
4,Train/Low/low00022.png,23,19.138045221228616,0.6588552391119387,7.346044875664084,4.217609030706662,0.06596334451617214,True,False
4,Train/Low/low00022.png,24,20.268443093878737,0.6567309229459273,8.476442748314206,5.348006903356783,0.06383902835016075,True,False
4,Train/Low/low00022.png,25,21.358525439716715,0.6536535575417187,9.566525094152183,6.4380892491947606,0.0607616629459522,True,False
4,Train/Low/low00022.png,26,22.335158617902554,0.6499319406427542,10.543158272338022,7.4147224273806,0.05704004604698765,True,False
4,Train/Low/low00022.png,27,23.109857078097246,0.6458294897318348,11.317856732532714,8.189420887575292,0.05293759513606833,True,True
5,Train/Low/low00516.png,0,12.060276624095659,0.20018571774630783,-3.24982703641939,-3.953878846031449,-0.3043533138122659,True,False
5,Train/Low/low00516.png,1,12.187527659245774,0.21369639322186793,-3.122576001269275,-3.826627810881334,-0.29084263833670576,True,False
5,Train/Low/low00516.png,2,12.329634208879241,0.22898562316567053,-2.9804694516358072,-3.684521261247866,-0.2755534083929032,True,False
5,Train/Low/low00516.png,3,12.488041779451803,0.24617134131329976,-2.822061881063245,-3.526113690675304,-0.25836769024527395,True,False
5,Train/Low/low00516.png,4,12.664275978351846,0.2653375997430216,-2.645827682163203,-3.349879491775262,-0.2392014318155521,True,False
5,Train/Low/low00516.png,5,12.859971070155233,0.2865218113828427,-2.450132590359816,-3.154184399971875,-0.218017220175731,True,False
5,Train/Low/low00516.png,6,13.076875804911591,0.3096983075467761,-2.2332278556034577,-2.9372796652155166,-0.19484072401179764,True,False
5,Train/Low/low00516.png,7,13.316854790205944,0.3347602441543049,-1.9932488703091042,-2.697300679921163,-0.16977878740426883,True,False
5,Train/Low/low00516.png,8,13.581891623194501,0.36150266498021455,-1.7282120373205476,-2.4322638469326066,-0.14303636657835916,True,False
5,Train/Low/low00516.png,9,13.87408373034194,0.3896089126277107,-1.4360199301731082,-2.140071739785167,-0.11493011893086302,True,False
5,Train/Low/low00516.png,10,14.1956376339809,0.4186441391760435,-1.1144660265341493,-1.8185178361462082,-0.08589489238253023,True,False
5,Train/Low/low00516.png,11,14.548852622323164,0.44805924391890284,-0.7612510381918849,-1.4653028478039438,-0.056479787639670875,True,False
5,Train/Low/low00516.png,12,14.936096398310962,0.47720849120834125,-0.37400726220408664,-1.0780590718161456,-0.02733054035023247,True,False
5,Train/Low/low00516.png,13,15.359757971578688,0.5053817801536609,0.049654311063639156,-0.6543974985484198,0.0008427485950871505,True,False
5,Train/Low/low00516.png,14,15.822174090587854,0.5318503760959774,0.5120704300728054,-0.19198137953925354,0.027311344537403692,True,False
5,Train/Low/low00516.png,15,16.325503242379618,0.5559210342027749,1.0153995818645694,0.3113477722525104,0.05138200264420123,True,False
5,Train/Low/low00516.png,16,16.87151818075404,0.5769914211223209,1.5614145202389924,0.8573627106269335,0.07245238956374722,True,False
5,Train/Low/low00516.png,17,17.461277357250037,0.5945983045383821,2.151173696734988,1.447121887122929,0.09005927297980842,True,False
5,Train/Low/low00516.png,18,18.094592752277954,0.6084506588540676,2.7844890917629055,2.0804372821508466,0.10391162729549386,True,False
5,Train/Low/low00516.png,19,18.769177865283197,0.618442816209378,3.4590742047681484,2.7550223951560895,0.11390378465080431,True,False
5,Train/Low/low00516.png,20,19.47934220429079,0.6246476169172419,4.169238543775743,3.4651867341636837,0.1201085853586682,True,False
5,Train/Low/low00516.png,21,20.214076217418715,0.6272923672171777,4.903972556903666,4.199920747291607,0.12275333565860402,True,False
5,Train/Low/low00516.png,22,20.95449125653168,0.6267232463324591,5.64438759601663,4.940335786404571,0.12218421477388541,True,False
5,Train/Low/low00516.png,23,21.670973606045315,0.623364878428572,6.360869945530267,5.656818135918208,0.11882584686999831,True,False
5,Train/Low/low00516.png,24,22.32145442448319,0.6176809955318922,7.0113507639681405,6.307298954356082,0.11314196397331844,True,False
5,Train/Low/low00516.png,25,22.853621681836096,0.6101402935074642,7.543518021321047,6.839466211708988,0.10560126194889052,True,False
5,Train/Low/low00516.png,26,23.214340845724585,0.6011899951560856,7.904237185209537,7.200185375597478,0.09665096359751191,True,False
5,Train/Low/low00516.png,27,23.366034547636303,0.5912375872684613,8.055930887121255,7.351879077509196,0.0866985557098876,True,True
6,Train/Low/low00454.png,0,9.804294170179595,0.12298715593363445,0.4154582239894431,0.3798375050689451,0.02301317270113991,True,False
6,Train/Low/low00454.png,1,9.88946103689284,0.1218772043462828,0.5006250907026875,0.46500437178218945,0.021903221113788257,True,False
6,Train/Low/low00454.png,2,9.97923163678006,0.1203428631532773,0.5903956905899079,0.5547749716694099,0.020368879920782762,True,False
6,Train/Low/low00454.png,3,10.073638766095314,0.11842432838363477,0.6848028199051619,0.6491821009846639,0.018450345151140232,True,False
6,Train/Low/low00454.png,4,10.172635844035787,0.11616841330977902,0.7837998978456344,0.7481791789251364,0.01619443007728448,True,False
6,Train/Low/low00454.png,5,10.276112401041072,0.11362627904742785,0.8872764548509195,0.8516557359304215,0.01365229581493331,True,False
6,Train/Low/low00454.png,6,10.383890067128805,0.11085116660345869,0.9950541209386525,0.9594334020181545,0.010877183370964147,True,False
6,Train/Low/low00454.png,7,10.495711660849008,0.10789645339245667,1.1068757146588553,1.0712549957383573,0.007922470159962128,True,False
6,Train/Low/low00454.png,8,10.611234330672206,0.10481381884028877,1.2223983844820534,1.1867776655615554,0.004839835607794232,True,False
6,Train/Low/low00454.png,9,10.730022896310329,0.10165174112134855,1.3411869501201767,1.3055662311996787,0.0016777578888540062,True,False
6,Train/Low/low00454.png,10,10.851542145386851,0.09845444645717645,1.462706199196699,1.427085480276201,-0.0015195367753180894,True,False
6,Train/Low/low00454.png,11,10.975154996393151,0.09526106615913599,1.5863190502029987,1.5506983312825007,-0.004712917073358552,True,False
6,Train/Low/low00454.png,12,11.100123052204921,0.09210529134224038,1.711287106014769,1.675666387094271,-0.00786869189025416,True,False
6,Train/Low/low00454.png,13,11.225607316280504,0.08901525658819198,1.8367713700903519,1.8011506511698538,-0.010958726644302558,True,False
6,Train/Low/low00454.png,14,11.350681203479462,0.08601362372251872,1.9618452572893101,1.9262245383688121,-0.013960359509975817,True,False
6,Train/Low/low00454.png,15,11.474341257008673,0.0831179873728128,2.0855053108185206,2.0498845918980226,-0.01685599585968174,True,False
6,Train/Low/low00454.png,16,11.595528799723692,0.08034127391388314,2.2066928535335393,2.1710721346130413,-0.0196327093186114,True,False
6,Train/Low/low00454.png,17,11.713154349156907,0.07769232785821965,2.324318402966755,2.288697684046257,-0.022281655374274886,True,False
6,Train/Low/low00454.png,18,11.826129838201611,0.0751764246121934,2.437293892011459,2.401673173090961,-0.02479755862030114,True,False
6,Train/Low/low00454.png,19,11.933399297415084,0.07279595303675217,2.544563351224932,2.508942632304434,-0.027178030195742373,True,False
6,Train/Low/low00454.png,20,12.033976999751593,0.07055090645535762,2.6451410535614404,2.6095203346409424,-0.029423076777136917,True,False
6,Train/Low/low00454.png,21,12.126982330549342,0.06843938233580789,2.73814638435919,2.702525665438692,-0.03153460089668665,True,False
6,Train/Low/low00454.png,22,12.211672653872343,0.06645804169717756,2.8228367076821907,2.7872159887616927,-0.03351594153531698,True,False
6,Train/Low/low00454.png,23,12.287468091469037,0.06460252926875129,2.898632145278885,2.863011426358387,-0.03537145396374325,True,False
6,Train/Low/low00454.png,24,12.353973424186794,0.06286772112623021,2.9651374779966417,2.9295167590761437,-0.03710626210626433,True,False
6,Train/Low/low00454.png,25,12.410987144738817,0.061248029642058936,3.0221511985486647,2.9865304796281666,-0.038725953590435604,True,False
6,Train/Low/low00454.png,26,12.4585010435076,0.05973758429570858,3.069665097317447,3.034044378396949,-0.04023639893678596,True,False
6,Train/Low/low00454.png,27,12.496691215343766,0.05833041477074151,3.107855269153614,3.072234550233116,-0.04164356846175303,True,True
7,Train/Low/low00037.png,0,6.337618428547045,0.027900279793839987,-1.2991944737073648,-1.8383835983963595,-0.1365981453222154,True,False
7,Train/Low/low00037.png,1,6.384631825156997,0.032201558436226047,-1.252181077097413,-1.7913702017864077,-0.13229686667982934,True,False
7,Train/Low/low00037.png,2,6.437135195665402,0.037071335199971724,-1.199677706589008,-1.7388668312780027,-0.12742708991608367,True,False
7,Train/Low/low00037.png,3,6.4955868165837,0.042551523258159446,-1.1412260856707102,-1.6804152103597048,-0.12194690185789595,True,False
7,Train/Low/low00037.png,4,6.560444375888617,0.04867711666283349,-1.0763685263657932,-1.6155576510547878,-0.1158213084532219,True,False
7,Train/Low/low00037.png,5,6.632167915152708,0.05547409713926821,-1.0046449871017016,-1.5438341117906962,-0.10902432797678718,True,False
7,Train/Low/low00037.png,6,6.711214552527871,0.06295673535281376,-0.9255983497265392,-1.4647874744155338,-0.10154168976324163,True,False
7,Train/Low/low00037.png,7,6.798030394823805,0.07112471748650466,-0.8387825074306052,-1.3779716321195998,-0.09337370762955073,True,False
7,Train/Low/low00037.png,8,6.893041167430958,0.07996064871856752,-0.7437717348234516,-1.2829608595124462,-0.08453777639748787,True,False
7,Train/Low/low00037.png,9,6.996641835539126,0.08942817833286874,-0.6401710667152836,-1.1793601914042782,-0.07507024678318665,True,False
7,Train/Low/low00037.png,10,7.1091847918352,0.09947104647761583,-0.5276281104192098,-1.0668172351082044,-0.06502737863843956,True,False
7,Train/Low/low00037.png,11,7.230966535914078,0.1100132588532654,-0.4058463663403318,-0.9450354910293264,-0.054485166262789986,True,False
7,Train/Low/low00037.png,12,7.362214695720144,0.12096069334886261,-0.27459820653426537,-0.81378733122326,-0.04353773176719278,True,False
7,Train/Low/low00037.png,13,7.503072400869622,0.1322038656888433,-0.13374050138478744,-0.672929626073782,-0.0322945594272121,True,False
7,Train/Low/low00037.png,14,7.65358473509636,0.14362201135962324,0.016771832841950385,-0.5224172918470442,-0.02087641375643215,True,False
7,Train/Low/low00037.png,15,7.813684045347644,0.15508783604407364,0.17687114309323437,-0.36231798159576023,-0.009410589071981751,True,False
7,Train/Low/low00037.png,16,7.983176271648864,0.1664726429695211,0.3463633693944539,-0.1928257552945407,0.001974217853465715,True,False
7,Train/Low/low00037.png,17,8.161731424150922,0.1776515220183287,0.5249185218965122,-0.014270602792482379,0.013153096902273315,True,False
7,Train/Low/low00037.png,18,8.348874211587399,0.1885077340804099,0.7120613093329888,0.17287218464399423,0.02400930896435452,True,False
7,Train/Low/low00037.png,19,8.543978615858375,0.1989364669039102,0.9071657136039653,0.36797658891497065,0.03443804178785481,True,False
7,Train/Low/low00037.png,20,8.746266741874177,0.20884760148476525,1.1094538396197668,0.5702647149307722,0.04434917636870986,True,False
7,Train/Low/low00037.png,21,8.954814654386185,0.21816784229547087,1.3180017521317753,0.7788126274427807,0.05366941717941548,True,False
7,Train/Low/low00037.png,22,9.168562599726329,0.2268414739232588,1.531749697471919,0.9925605727829243,0.0623430488072034,True,False
7,Train/Low/low00037.png,23,9.386330707676345,0.23483222223729494,1.7495178054219354,1.2103286807329408,0.07033379712123955,True,False
7,Train/Low/low00037.png,24,9.6068424870222,0.2421219779465749,1.9700295847677909,1.4308404600787963,0.0776235528305195,True,False
7,Train/Low/low00037.png,25,9.828752399971837,0.2487064591438577,2.191939497717427,1.6527503730284323,0.0842080340278023,True,False
7,Train/Low/low00037.png,26,10.05067633109942,0.2545961098330278,2.4138634288450094,1.8746743041560148,0.09009768471697238,True,False
7,Train/Low/low00037.png,27,10.271226446841315,0.25981531348774634,2.634413544586905,2.09522441989791,0.09531688837169094,True,True
8,Train/Low/low00159.png,0,7.1441227790356265,0.060183186634656806,-2.0967151313866736,-3.714476551097462,-0.1972336855236945,True,False
8,Train/Low/low00159.png,1,7.213462744367657,0.06901126570666723,-2.027375166054643,-3.6451365857654316,-0.18840560645168408,True,False
8,Train/Low/low00159.png,2,7.290728417217792,0.07880159431946401,-1.9501094932045078,-3.5678709129152963,-0.17861527783888728,True,False
8,Train/Low/low00159.png,3,7.376580613723968,0.08956736824919173,-1.864257296698332,-3.4820187164091205,-0.16784950390915956,True,False
8,Train/Low/low00159.png,4,7.471694328292862,0.10129483635024543,-1.7691435821294386,-3.386905001840227,-0.15612203580810585,True,False
8,Train/Low/low00159.png,5,7.576757366270064,0.11393871206017694,-1.6640805441522364,-3.281841963863025,-0.14347816009817435,True,False
8,Train/Low/low00159.png,6,7.6924626418024955,0.1274178457336425,-1.5483752686198047,-3.1661366883305933,-0.12999902642470879,True,False
8,Train/Low/low00159.png,7,7.819498479769708,0.1416127270312285,-1.4213394306525924,-3.039100850363381,-0.11580414512712278,True,False
8,Train/Low/low00159.png,8,7.958537364410222,0.15636534108050082,-1.2823005460120784,-2.900061965722867,-0.10105153107785048,True,False
8,Train/Low/low00159.png,9,8.110220504882742,0.1714818529077555,-1.1306174055395584,-2.748378825250347,-0.0859350192505958,True,False
8,Train/Low/low00159.png,10,8.275142354735255,0.18673882246493162,-0.965695555687045,-2.5834569753978336,-0.07067804969341968,True,False
8,Train/Low/low00159.png,11,8.45383159699966,0.20189241600810148,-0.7870063134226406,-2.404767733133429,-0.05552445615024981,True,False
8,Train/Low/low00159.png,12,8.646730361055893,0.21669031672216474,-0.5941075493664076,-2.211868969077196,-0.04072655543618656,True,False
8,Train/Low/low00159.png,13,8.854168680221761,0.23088495489328897,-0.386669230200539,-2.0044306499113276,-0.02653191726506232,True,False
8,Train/Low/low00159.png,14,9.076342417330256,0.24424742689880985,-0.16449549309204414,-1.7822569128028327,-0.013169445259541446,True,False
8,Train/Low/low00159.png,15,9.313283616112928,0.2565795225563052,0.0724457056906278,-1.5453157140201608,-0.0008373496020461224,True,False
8,Train/Low/low00159.png,16,9.564833616535491,0.2677235836189357,0.32399570611319106,-1.2937657135975975,0.010306711460584428,True,False
8,Train/Low/low00159.png,17,9.830619936553314,0.2775688530715263,0.5897820261310134,-1.0279793935797752,0.020151980913174994,True,False
8,Train/Low/low00159.png,18,10.110018916669768,0.2860525516096563,0.8691810062474676,-0.7485804134633209,0.02863567945130502,True,False
8,Train/Low/low00159.png,19,10.402145646251856,0.29315963941980455,1.1613077358295563,-0.4564536838812323,0.03574276726145326,True,False
8,Train/Low/low00159.png,20,10.70582612793195,0.29891806606453847,1.4649882175096494,-0.1527732022011392,0.04150119390618717,True,False
8,Train/Low/low00159.png,21,11.019592409178179,0.3033925020101576,1.7787544987558785,0.16099307904508997,0.04597562985180631,True,False
8,Train/Low/low00159.png,22,11.341682895016351,0.30667565060039764,2.100844984594051,0.48308356488326254,0.04925877844204635,True,False
8,Train/Low/low00159.png,23,11.670047538185829,0.30887950767437483,2.4292096277635284,0.8114482080527399,0.051462635516023536,True,False
8,Train/Low/low00159.png,24,12.002374283300203,0.3101268032965831,2.7615363728779023,1.1437749531671138,0.0527099311382318,True,False
8,Train/Low/low00159.png,25,12.336133354485977,0.3105472407062026,3.0952954440636766,1.477534024352888,0.0531303685478513,True,False
8,Train/Low/low00159.png,26,12.66862650180612,0.31027014810931863,3.4277885913838197,1.8100271716730312,0.05285327595096734,True,False
8,Train/Low/low00159.png,27,12.99706876799275,0.30941985875633976,3.7562308575704506,2.138469437859662,0.052002986597988465,True,True
9,Train/Low/low00215.png,0,7.794904605346103,0.24835935927397396,-7.042243482956605,-9.58430521955731,-0.3991364442574827,False,False
9,Train/Low/low00215.png,1,8.024770755516341,0.27712360376667006,-6.812377332786367,-9.354439069387071,-0.3703721997647866,False,False
9,Train/Low/low00215.png,2,8.280165448379508,0.3078397240916394,-6.5569826399232,-9.099044376523905,-0.33965607943981724,False,False
9,Train/Low/low00215.png,3,8.563758662732603,0.3402919876578804,-6.273389425570105,-8.81545116217081,-0.30720381587357626,False,False
9,Train/Low/low00215.png,4,8.878513830624698,0.3741663342731051,-5.9586342576780105,-8.500695994278715,-0.27332946925835155,False,False
9,Train/Low/low00215.png,5,9.227743996891723,0.40904625713392395,-5.609404091410985,-8.15146582801169,-0.23844954639753269,True,False
9,Train/Low/low00215.png,6,9.615175731705868,0.4444151077046022,-5.22197235659684,-7.7640340931975445,-0.20308069582685445,True,False
9,Train/Low/low00215.png,7,10.04501837472195,0.47966633120698193,-4.792129713580758,-7.3341914501814625,-0.1678294723244747,True,False
9,Train/Low/low00215.png,8,10.522057705181203,0.5141247034638583,-4.315090383121506,-6.85715211972221,-0.13337110006759834,True,False
9,Train/Low/low00215.png,9,11.051768953740648,0.5470773330526574,-3.78537913456206,-6.327440871162764,-0.10041847047879926,True,False
9,Train/Low/low00215.png,10,11.640462526629367,0.5778141273319992,-3.196685561673341,-5.7387472982740455,-0.06968167619945742,True,False
9,Train/Low/low00215.png,11,12.295476182022895,0.6056739780872548,-2.541671906279813,-5.083733642880517,-0.04182182544420188,True,False
9,Train/Low/low00215.png,12,13.0254120399416,0.6300916790094488,-1.8117360483611087,-4.353797784961813,-0.01740412452200779,True,False
9,Train/Low/low00215.png,13,13.840440754694347,0.6506398301252507,-0.9967073336083612,-3.5387690702090655,0.0031440265937940914,True,False
9,Train/Low/low00215.png,14,14.752683859031048,0.6670604935000364,-0.08446422927165997,-2.6265259658723643,0.01956468996857974,True,False
9,Train/Low/low00215.png,15,15.776636573204348,0.6792807809922571,0.9394884849016396,-1.6025732516990647,0.031784977460800445,True,False
9,Train/Low/low00215.png,16,16.929537850812657,0.6874146399031771,2.0923897625099492,-0.4496719740907551,0.039918836371720445,True,False
9,Train/Low/low00215.png,17,18.231253189924463,0.6917350231820613,3.3941051016217543,0.8520433650210499,0.04423921965060462,True,False
9,Train/Low/low00215.png,18,19.702467603832837,0.6926507287414466,4.865319515530128,2.323257778929424,0.04515492520998998,True,False
9,Train/Low/low00215.png,19,21.357274331963612,0.6906636297977468,6.520126243660904,3.9780645070602,0.04316782626629012,True,False
9,Train/Low/low00215.png,20,23.178919480286694,0.6863259590295059,8.341771391983986,5.799709655383282,0.038830155498049246,True,False
9,Train/Low/low00215.png,21,25.05120300689176,0.6802008515868829,10.214054918589053,7.6719931819883485,0.03270504805542629,True,False
9,Train/Low/low00215.png,22,26.623345110104374,0.672829226945707,11.786197021801666,9.244135285200962,0.025333423414250378,True,False
9,Train/Low/low00215.png,23,27.306592256230108,0.6647044134452678,12.4694441679274,9.927382431326695,0.017208609913811124,True,True
9,Train/Low/low00215.png,24,26.854421285423555,0.6562555544022686,12.017273197120847,9.475211460520143,0.008759750870811933,True,False
9,Train/Low/low00215.png,25,25.727132463430866,0.6478384883185888,10.889984375128158,8.347922638527454,0.00034268478713217476,True,False
9,Train/Low/low00215.png,26,24.454854442283732,0.639734306638647,9.617706353981024,7.07564461738032,-0.007761496892809583,True,False
9,Train/Low/low00215.png,27,23.283024763641173,0.6321663421364841,8.445876675338464,5.90381493873776,-0.015329461394972488,True,False
10,Train/Low/low00658.png,0,7.395052655412899,0.21936360708776248,-6.3143063853814745,-7.698127151836802,-0.392455851540767,False,False
10,Train/Low/low00658.png,1,7.609072685742591,0.24577200731397494,-6.100286355051782,-7.48410712150711,-0.3660474513145545,False,False
10,Train/Low/low00658.png,2,7.846613170867628,0.2741165687640298,-5.862745869926745,-7.246566636382073,-0.3377028898644997,False,False
10,Train/Low/low00658.png,3,8.110057343749766,0.30421821607528676,-5.5993016970446075,-6.983122463499935,-0.3076012425532427,True,False
10,Train/Low/low00658.png,4,8.402015678605483,0.3358016126664019,-5.30734336218889,-6.691164128644218,-0.2760178459621276,True,False
10,Train/Low/low00658.png,5,8.725372859945772,0.36849015002341085,-4.983986180848602,-6.367806947303929,-0.24332930860511864,True,False
10,Train/Low/low00658.png,6,9.08333296924248,0.40180667583290963,-4.626026071551893,-6.0098468380072205,-0.21001278279561986,True,False
10,Train/Low/low00658.png,7,9.479458399809129,0.43518195836963247,-4.229900640985244,-5.613721407440572,-0.17663750025889702,True,False
10,Train/Low/low00658.png,8,9.917729610248427,0.46797491684584774,-3.791629430545946,-5.175450197001274,-0.14384454178268175,True,False
10,Train/Low/low00658.png,9,10.402600715530909,0.49950268360141314,-3.3067583252634645,-4.690579091718792,-0.11231677502711634,True,False
10,Train/Low/low00658.png,10,10.939069994168955,0.5290805508302459,-2.770289046625418,-4.154109813080746,-0.08273890779828363,True,False
10,Train/Low/low00658.png,11,11.53275749651186,0.5560683304050141,-2.176601544282514,-3.5604223107378417,-0.055751128223515356,True,False
10,Train/Low/low00658.png,12,12.189979806151573,0.5799159393982716,-1.5193792346428001,-2.903200001098128,-0.031903519230257915,True,False
10,Train/Low/low00658.png,13,12.917802067561826,0.6002052182582767,-0.7915569732325469,-2.1753777396878746,-0.011614240370252826,True,False
10,Train/Low/low00658.png,14,13.724023271871225,0.6166778424522926,0.014664231076851664,-1.369156535378476,0.004858383823763135,True,False
10,Train/Low/low00658.png,15,14.61699333032914,0.6292518736792251,0.9076342895347675,-0.47618647692056015,0.017432415050695593,True,False
10,Train/Low/low00658.png,16,15.605030033767122,0.6380180383629275,1.8956709929727484,0.5118502265174207,0.026198579734397986,True,False
10,Train/Low/low00658.png,17,16.694942205079542,0.6432139640558523,2.9855831642851687,1.601762397829841,0.031394505427322805,True,False
10,Train/Low/low00658.png,18,17.88851121837297,0.645201342420014,4.179152177578596,2.795331411123268,0.033381883791484546,True,False
10,Train/Low/low00658.png,19,19.174751369845243,0.6444343439540561,5.46539232905087,4.081571562595542,0.03261488532552659,True,False
10,Train/Low/low00658.png,20,20.51402161938515,0.6414422304003425,6.8046625785907775,5.42084181213545,0.02962277177181305,True,False
10,Train/Low/low00658.png,21,21.810573955297407,0.6367760454938836,8.101214914503034,6.717394148047706,0.02495658686535407,True,False
10,Train/Low/low00658.png,22,22.88519361755553,0.6309252342384865,9.175834576761156,7.7920138103058285,0.019105775609956965,True,False
10,Train/Low/low00658.png,23,23.503235521406808,0.6242835805062765,9.793876480612434,8.410055714157107,0.012464121877747036,True,False
10,Train/Low/low00658.png,24,23.52283166041538,0.6172518967900712,9.813472619621008,8.42965185316568,0.005432438161541708,True,True
10,Train/Low/low00658.png,25,23.027401210761088,0.6101194665145254,9.318042169966715,7.934221403511387,-0.0016999921140040675,True,False
10,Train/Low/low00658.png,26,22.240203687089142,0.6029221232325968,8.530844646294769,7.147023879839441,-0.008897335395932737,True,False
10,Train/Low/low00658.png,27,21.358746537800908,0.5958340684625498,7.6493874970065345,6.265566730551207,-0.015985390165979663,True,False
11,Train/Low/low00153.png,0,7.639045644337092,0.06135850685903683,-1.899312104335018,-2.9350798104195013,-0.17127154912917705,True,False
11,Train/Low/low00153.png,1,7.709046003310154,0.07020949279662203,-1.8293117453619567,-2.86507945144644,-0.16242056319159184,True,False
11,Train/Low/low00153.png,2,7.787146856264265,0.08002594578189559,-1.7512108924078458,-2.786978598492329,-0.15260411020631828,True,False
11,Train/Low/low00153.png,3,7.874039201181726,0.09081648748710641,-1.6643185474903843,-2.7000862535748675,-0.14181356850110746,True,False
11,Train/Low/low00153.png,4,7.970433017742209,0.10256011989516614,-1.5679247309299011,-2.6036924370143844,-0.13006993609304773,True,False
11,Train/Low/low00153.png,5,8.07705638843587,0.11520054561346492,-1.4613013602362397,-2.497069066320723,-0.11742951037474895,True,False
11,Train/Low/low00153.png,6,8.194649065869042,0.12864139866096505,-1.3437086828030687,-2.379476388887552,-0.10398865732724882,True,False
11,Train/Low/low00153.png,7,8.32395231685336,0.14274285164553868,-1.2144054318187507,-2.250173137903234,-0.08988720434267519,True,False
11,Train/Low/low00153.png,8,8.465699783453186,0.15732194905038768,-1.0726579652189248,-2.108425671303408,-0.07530810693782619,True,False
11,Train/Low/low00153.png,9,8.620602134670404,0.17215630772774598,-0.917755614001706,-1.9535233200861892,-0.06047374826046789,True,False
11,Train/Low/low00153.png,10,8.789332287318409,0.18699279594908327,-0.7490254613537015,-1.7847931674381847,-0.0456372600391306,True,False
11,Train/Low/low00153.png,11,8.97250810661181,0.20156108040962034,-0.5658496420603001,-1.6016173481447833,-0.031068975578593533,True,False
11,Train/Low/low00153.png,12,9.17067076064751,0.21558818505346972,-0.36768698802459987,-1.403454694109083,-0.017041870934744158,True,False
11,Train/Low/low00153.png,13,9.384261327690611,0.22881789662455854,-0.15409642098149945,-1.1898641270659827,-0.0038121593636553375,True,False
11,Train/Low/low00153.png,14,9.613597089626499,0.24102746221013238,0.07523934095438811,-0.9605283651300951,0.008397406221918507,True,False
11,Train/Low/low00153.png,15,9.858842167494403,0.25204110337370905,0.32048441882229284,-0.7152832872621904,0.019411047385495178,True,False
11,Train/Low/low00153.png,16,10.119981034748237,0.2617385207846683,0.5816232860761268,-0.4541444200083564,0.02910846479645443,True,False
11,Train/Low/low00153.png,17,10.39678871205158,0.27005715583765055,0.8584309633794689,-0.17733674270501432,0.03742709984943668,True,False
11,Train/Low/low00153.png,18,10.688800153544761,0.2769889415626774,1.150442404872651,0.11467469878816772,0.04435888557446352,True,False
11,Train/Low/low00153.png,19,10.995285824474204,0.28257278914865885,1.456928075802093,0.42116036971760984,0.04994273316044498,True,False
11,Train/Low/low00153.png,20,11.315221567483682,0.2868845462817291,1.776863818811572,0.7410961127270888,0.05425449029351523,True,False
11,Train/Low/low00153.png,21,11.64727509259336,0.29002648393746977,2.1089173439212487,1.0731496378367655,0.057396427949255896,True,False
11,Train/Low/low00153.png,22,11.98979347112652,0.29211740427797234,2.451435722454409,1.415668016369926,0.05948734828975846,True,False
11,Train/Low/low00153.png,23,12.340798358793542,0.2932841751555957,2.8024406101214314,1.7666729040369482,0.06065411916738181,True,False
11,Train/Low/low00153.png,24,12.697997402686019,0.293655169430572,3.1596396540139082,2.123871947929425,0.06102511344235814,True,False
11,Train/Low/low00153.png,25,13.05881750923271,0.2933553123032833,3.5204597605606,2.484692054476117,0.06072525631506945,True,False
11,Train/Low/low00153.png,26,13.420437021391209,0.29250264381314456,3.882079272719098,2.846311566634615,0.059872587824930684,True,False
11,Train/Low/low00153.png,27,13.779857717176176,0.29120624669502543,4.2414999685040655,3.2057322624195823,0.058576190706811554,True,True
12,Train/Low/low00195.png,0,4.508234242546419,0.043509232131522906,-1.8863061786256532,-2.6364961951496957,-0.18173278772525048,True,False
12,Train/Low/low00195.png,1,4.559112086231684,0.04973885355046871,-1.8354283349403886,-2.585618351464431,-0.1755031663063047,True,False
12,Train/Low/low00195.png,2,4.6158656419694575,0.05662692397524131,-1.778674779202615,-2.5288647957266575,-0.1686150958815321,True,False
12,Train/Low/low00195.png,3,4.678970545063769,0.06418498621959251,-1.7155698761083036,-2.465759892632346,-0.16105703363718088,True,False
12,Train/Low/low00195.png,4,4.74891030508302,0.07240986080817384,-1.6456301160890527,-2.3958201326130952,-0.15283215904859954,True,False
12,Train/Low/low00195.png,5,4.8261717401258135,0.0812811884334174,-1.568368681046259,-2.3185586975703014,-0.14396083142335597,True,False
12,Train/Low/low00195.png,6,4.911239403857639,0.09075962596044133,-1.4833010173144334,-2.233491033838476,-0.13448239389633204,True,False
12,Train/Low/low00195.png,7,5.004586689435708,0.10078577705704107,-1.3899537317363642,-2.1401437482604067,-0.12445624279973232,True,False
12,Train/Low/low00195.png,8,5.106667634753594,0.1112804878511948,-1.287872786418478,-2.0380628029425205,-0.11396153200557858,True,False
12,Train/Low/low00195.png,9,5.217906092173382,0.12214634877576123,-1.1766343289986905,-1.926824345522733,-0.10309567108101216,True,False
12,Train/Low/low00195.png,10,5.3386831965156345,0.1332705149062218,-1.055857224656438,-1.8060472411804804,-0.09197150495055159,True,False
12,Train/Low/low00195.png,11,5.46932616681505,0.14452896848399674,-0.9252142543570221,-1.6754042708810646,-0.08071305137277665,True,False
12,Train/Low/low00195.png,12,5.610093619023128,0.1557913129872945,-0.7844468021489446,-1.534636818672987,-0.06945070686947888,True,False
12,Train/Low/low00195.png,13,5.761161274732539,0.16692633148920824,-0.6333791464395331,-1.3835691629635756,-0.05831568836756515,True,False
12,Train/Low/low00195.png,14,5.9226090467324,0.1778074910020695,-0.4719313744396727,-1.2221213909637152,-0.047434528854703895,True,False
12,Train/Low/low00195.png,15,6.09440563362943,0.1883178525635366,-0.30013478754264256,-1.050324804066685,-0.036924167293236804,True,False
12,Train/Low/low00195.png,16,6.276395769618307,0.19835424070953656,-0.11814465155376563,-0.8683346680778081,-0.026887779147236834,True,False
12,Train/Low/low00195.png,17,6.468292088500021,0.20783027353140282,0.07375166732794813,-0.6764383491960944,-0.01741174632537057,True,False
12,Train/Low/low00195.png,18,6.6696635126026536,0.21667788312311967,0.2751230914305811,-0.4750669250934614,-0.008564136733653721,True,False
12,Train/Low/low00195.png,19,6.879933067128183,0.22484786524646014,0.48539264595611087,-0.2647973705679316,-0.00039415461031325205,True,False
12,Train/Low/low00195.png,20,7.098372210234371,0.23230927335667576,0.7038317890622983,-0.04635822746174423,0.007067253499902365,True,False
12,Train/Low/low00195.png,21,7.324109968083152,0.2390486942300013,0.9295695469110798,0.17937953038703736,0.013806674373227912,True,False
12,Train/Low/low00195.png,22,7.556140140611818,0.24506792521165133,1.1615997194397458,0.41140970291570333,0.019825905354877937,True,False
12,Train/Low/low00195.png,23,7.793334461448005,0.25038152807831726,1.3987940402759325,0.64860402375189,0.02513950822154387,True,False
12,Train/Low/low00195.png,24,8.034461515668902,0.2550160294758181,1.6399210944968292,0.8897310779727867,0.029774009619044695,True,False
12,Train/Low/low00195.png,25,8.278214543807884,0.2590072960373731,1.8836741226358118,1.1334841061117693,0.03376527618059971,True,False
12,Train/Low/low00195.png,26,8.523235488591704,0.2623983585267803,2.128695067419631,1.3785050508955887,0.037156338670006894,True,False
12,Train/Low/low00195.png,27,8.768149387440495,0.2652373702792549,2.3736089662684225,1.62341894974438,0.039995350422481535,True,True
13,Train/Low/low00201.png,0,8.753992201953226,0.34432212620018066,-11.228954642026858,-7.319055880596165,-0.3242200093014538,False,False
13,Train/Low/low00201.png,1,9.073119054037612,0.3808236014663193,-10.909827789942472,-6.9999290285117794,-0.28771853403531517,False,False
13,Train/Low/low00201.png,2,9.429666153547537,0.41900918367715284,-10.553280690432548,-6.643381929001855,-0.2495329518244816,False,False
13,Train/Low/low00201.png,3,9.828311370484386,0.4584205867470071,-10.154635473495699,-6.244736712065006,-0.21012154875462735,False,False
13,Train/Low/low00201.png,4,10.274480590357978,0.4984774576503244,-9.708466253622106,-5.798567492191413,-0.17006467785131002,False,False
13,Train/Low/low00201.png,5,10.774542906073268,0.5384874820231351,-9.208403937906816,-5.298505176476123,-0.13005465347849932,False,False
13,Train/Low/low00201.png,6,11.336060684436651,0.5776669076111817,-8.646886159543433,-4.73698739811274,-0.09087522789045277,False,False
13,Train/Low/low00201.png,7,11.968118189736416,0.6151727155520712,-8.014828654243669,-4.104929892812976,-0.053369419949563235,False,False
13,Train/Low/low00201.png,8,12.681786161210741,0.6501469341669772,-7.301160682769343,-3.39126192133865,-0.01839520133465722,False,False
13,Train/Low/low00201.png,9,13.490778033661108,0.6817697906348053,-6.492168810318976,-2.582270048888283,0.013227655133170813,False,False
13,Train/Low/low00201.png,10,14.412373892034644,0.7093168399777489,-5.57057295194544,-1.6606741905147473,0.04077470447611442,True,False
13,Train/Low/low00201.png,11,15.468818154675342,0.732214656001904,-4.5141286893047425,-0.6042299278740497,0.06367252050026961,True,False
13,Train/Low/low00201.png,12,16.689360249098723,0.7500861137317288,-3.2935865948813614,0.6163121665493314,0.0815439782300944,True,False
13,Train/Low/low00201.png,13,18.11324255638383,0.7627793507821023,-1.869704287596253,2.0401944738344397,0.09423721528046791,True,False
13,Train/Low/low00201.png,14,19.793509744499843,0.770375662118808,-0.1894370994802408,3.720461661950452,0.1018335266171736,True,False
13,Train/Low/low00201.png,15,21.79886419889172,0.7731756224844308,1.8159173549116367,5.72581611634233,0.1046334869827964,True,False
13,Train/Low/low00201.png,16,24.195201332054662,0.771668459561998,4.212254488074578,8.12215324950527,0.1031263240603636,True,False
13,Train/Low/low00201.png,17,26.905496323728904,0.7664894074398533,6.92254947974882,10.832448241179513,0.09794727193821884,True,False
13,Train/Low/low00201.png,18,29.09930991547098,0.7583730453201959,9.116363071490895,13.026261832921588,0.08983090981856146,True,True
13,Train/Low/low00201.png,19,28.954657052691285,0.7481003575452301,8.971710208711201,12.881608970141894,0.07955822204359564,True,False
13,Train/Low/low00201.png,20,26.91300997889206,0.7364355183832973,6.9300631349119755,10.839961896342668,0.06789338288166291,True,False
13,Train/Low/low00201.png,21,24.707457465317386,0.7240680457819827,4.724510621337302,8.634409382767995,0.055525910280348256,True,False
13,Train/Low/low00201.png,22,22.860772314432655,0.7115748945347453,2.8778254704525708,6.787724231883264,0.04303275903311088,True,False
13,Train/Low/low00201.png,23,21.376672979040855,0.6994081054314812,1.3937261350607706,5.303624896491463,0.030865969929846804,True,False
13,Train/Low/low00201.png,24,20.182164202718006,0.6879382006159992,0.199217358737922,4.109116120168615,0.019396065114364758,True,False
13,Train/Low/low00201.png,25,19.21664103406852,0.6775050032222032,-0.7663058099115645,3.1435929515191283,0.008962867720568757,True,False
13,Train/Low/low00201.png,26,18.4319359591824,0.6681732162271816,-1.5510108847976838,2.358887876633009,-0.0003689192744528169,True,False
13,Train/Low/low00201.png,27,17.788889627039268,0.6599217977183759,-2.1940572169408163,1.7158415444898765,-0.008620337783258547,True,False
14,Train/Low/low00223.png,0,6.3425653308448116,0.029429039042448292,-1.2118440512938786,-1.5350214816189194,-0.11765621035099844,True,False
14,Train/Low/low00223.png,1,6.383886252370379,0.03373449203628787,-1.170523129768311,-1.4937005600933517,-0.11335075735715885,True,False
14,Train/Low/low00223.png,2,6.430112171030697,0.03850444022635683,-1.1242972111079927,-1.4474746414330335,-0.1085808091670899,True,False
14,Train/Low/low00223.png,3,6.481647004108425,0.04374700380517691,-1.0727623780302649,-1.3959398083553056,-0.10333824558826982,True,False
14,Train/Low/low00223.png,4,6.538894291206362,0.049459949531227974,-1.015515090932328,-1.3386925212573688,-0.09762529986221874,True,False
14,Train/Low/low00223.png,5,6.602254090989362,0.05562965518791968,-0.9521552911493281,-1.2753327214743688,-0.09145559420552704,True,False
14,Train/Low/low00223.png,6,6.6721166113306785,0.06223028274768137,-0.8822927708080117,-1.2054702011330525,-0.08485496664576535,True,False
14,Train/Low/low00223.png,7,6.74885116303911,0.06922309080296578,-0.8055582190995798,-1.1287356494246206,-0.07786215859048094,True,False
14,Train/Low/low00223.png,8,6.832795866362471,0.07655658464728499,-0.7216135157762196,-1.0447909461012603,-0.07052866474616173,True,False
14,Train/Low/low00223.png,9,6.924244779598693,0.08416716976730536,-0.6301646025399972,-0.9533420328650379,-0.06291807962614136,True,False
14,Train/Low/low00223.png,10,7.0234329389175745,0.09198029174091413,-0.5309764432211157,-0.8541538735461565,-0.055104957652532593,True,False
14,Train/Low/low00223.png,11,7.130520638444802,0.09991238836668848,-0.4238887436938885,-0.7470661740189293,-0.047172861026758245,True,False
14,Train/Low/low00223.png,12,7.245577137214646,0.10787336253609509,-0.3088322449240444,-0.6320096752490851,-0.039211886857351635,True,False
14,Train/Low/low00223.png,13,7.368561975724727,0.11577018597642796,-0.1858474064139628,-0.5090248367390036,-0.03131506341701876,True,False
14,Train/Low/low00223.png,14,7.4993092435670565,0.12350960538030152,-0.05510013857163365,-0.3782775688966744,-0.0235756440131452,True,False
14,Train/Low/low00223.png,15,7.6375091633969365,0.1310013898567535,0.08309978125824635,-0.2400776490667944,-0.016083859536693224,True,False
14,Train/Low/low00223.png,16,7.782695856981095,0.13816394988458672,0.22828647484240516,-0.0948909554826356,-0.008921299508860003,True,False
14,Train/Low/low00223.png,17,7.934237157629785,0.14492521542309475,0.37982777549109503,0.05665034516605427,-0.002160033970351971,True,False
14,Train/Low/low00223.png,18,8.091329721948563,0.15122714518163627,0.536920339809873,0.2137429094848322,0.004141895788189548,True,False
14,Train/Low/low00223.png,19,8.25300029332972,0.1570271372243077,0.6985909111910296,0.3754134808659888,0.009941887830860974,True,False
14,Train/Low/low00223.png,20,8.418116266707678,0.16229825984556234,0.8637068845689875,0.5405294542439467,0.015213010452115622,True,False
14,Train/Low/low00223.png,21,8.585407306111982,0.16702944720901147,1.0309979239732918,0.7078204936482511,0.01994419781556475,True,False
14,Train/Low/low00223.png,22,8.753494335257662,0.1712219765462365,1.1990849531189713,0.8759075227939306,0.024136727152789778,True,False
14,Train/Low/low00223.png,23,8.92092411764176,0.17489020496323474,1.3665147355030705,1.0433373051780297,0.027804955569788015,True,False
14,Train/Low/low00223.png,24,9.086218894584034,0.178060155409773,1.531809512445344,1.2086320821203032,0.03097490601632627,True,False
14,Train/Low/low00223.png,25,9.24792623560359,0.18076496490124375,1.6935168534648994,1.3703394231398587,0.033679715507797026,True,False
14,Train/Low/low00223.png,26,9.404669362299135,0.18304497360031052,1.8502599801604447,1.527082549835404,0.0359597242068638,True,False
14,Train/Low/low00223.png,27,9.555192984148196,0.18494395093132698,2.0007836020095056,1.6776061716844648,0.03785870153788026,True,True
15,Train/Low/low00570.png,0,4.636425587872262,0.15737721635068508,-4.16223715570041,-6.591893147145335,-0.2753481713374242,True,False
15,Train/Low/low00570.png,1,4.77803861306565,0.17468449856911908,-4.020624130507022,-6.4502801219519466,-0.25804088911899015,True,False
15,Train/Low/low00570.png,2,4.934580621657051,0.19308011450826582,-3.8640821219156214,-6.293738113360546,-0.23964527317984344,True,False
15,Train/Low/low00570.png,3,5.107281250602908,0.21246268885779504,-3.6913814929697644,-6.121037484414689,-0.2202626988303142,True,False
15,Train/Low/low00570.png,4,5.297424643829979,0.23269004031846735,-3.501238099742693,-5.930894091187618,-0.2000353473696419,True,False
15,Train/Low/low00570.png,5,5.506348699622947,0.25357797779043384,-3.292314043949725,-5.72197003539465,-0.1791474098976754,True,False
15,Train/Low/low00570.png,6,5.735440331513844,0.2749009827678747,-3.0632224120588285,-5.492878403503753,-0.15782440492023453,True,False
15,Train/Low/low00570.png,7,5.98612353416033,0.2963951850795625,-2.812539209412342,-5.2421952008572665,-0.13633020260854678,True,False
15,Train/Low/low00570.png,8,6.259847116798747,0.3177649052768245,-2.538815626773925,-4.9684716182188495,-0.11496048241128476,True,False
15,Train/Low/low00570.png,9,6.558067477350863,0.3386922684743801,-2.240595266221809,-4.670251257666734,-0.09403311921372914,True,False
15,Train/Low/low00570.png,10,6.882220712359054,0.35885003033639673,-1.9164420312136183,-4.346098022658543,-0.07387535735171252,True,False
15,Train/Low/low00570.png,11,7.233693389396592,0.3779167106068174,-1.56496935417608,-3.994625345621005,-0.054808677081291834,True,False
15,Train/Low/low00570.png,12,7.613784298745108,0.39559370849225534,-1.1848784448275644,-3.614534436272489,-0.03713167919585392,True,False
15,Train/Low/low00570.png,13,8.023653002716824,0.4116214027646545,-0.7750097408558485,-3.2046657323007732,-0.021103984923454777,True,False
15,Train/Low/low00570.png,14,8.464255444024971,0.4257940587523289,-0.334407299547701,-2.7640632909926257,-0.0069313289357803565,True,False
15,Train/Low/low00570.png,15,8.93626540129437,0.4379711398703461,0.13760265772169866,-2.292053333723226,0.005245752182236829,True,False
15,Train/Low/low00570.png,16,9.439970863438742,0.4480835215352415,0.6413081198660695,-1.7883478715788552,0.01535813384713225,True,False
15,Train/Low/low00570.png,17,9.975153222670622,0.4561349121287251,1.17649047909795,-1.2531655123469747,0.023409524440615836,True,False
15,Train/Low/low00570.png,18,10.540935668007316,0.46219731598470787,1.7422729244346442,-0.6873830670102805,0.029471928296598615,True,False
15,Train/Low/low00570.png,19,11.135595725747677,0.4664018005521646,2.3369329821750053,-0.09272300926991939,0.03367641286405537,True,False
15,Train/Low/low00570.png,20,11.756348366738955,0.4689264720070835,2.9576856231662827,0.528029631721358,0.03620108431897423,True,False
15,Train/Low/low00570.png,21,12.399095813122562,0.46998198897387,3.60043306954989,1.1707770781049653,0.03725660128576075,True,False
15,Train/Low/low00570.png,22,13.058157247878206,0.46979721655667933,4.259494504305534,1.8298385128606096,0.03707182886857008,True,False
15,Train/Low/low00570.png,23,13.725998999322986,0.4686061726196827,4.927336255750314,2.497680264305389,0.03588078493157343,True,False
15,Train/Low/low00570.png,24,14.392998515605349,0.466636521375382,5.594335772032677,3.1646797805877522,0.03391113368727272,True,False
15,Train/Low/low00570.png,25,15.047364089252913,0.46410147381892447,6.2487013456802405,3.8190453542353158,0.03137608613081522,True,False
15,Train/Low/low00570.png,26,15.675285145734296,0.4611932192764788,6.876622402161624,4.4469664107166995,0.028467831588369574,True,False
15,Train/Low/low00570.png,27,16.261490763779168,0.45807930549719345,7.462828020206496,5.033172028761571,0.025353917809084192,True,True
16,Train/Low/low00320.png,0,9.177859402781394,0.17251354553876277,-0.0544854343400889,0.6472688627141636,0.02154168608694934,True,False
16,Train/Low/low00320.png,1,9.413769736120594,0.1746364932547735,0.1814248989991114,0.8831791960533639,0.023664633802960078,True,False
16,Train/Low/low00320.png,2,9.667433252922578,0.17639603829544845,0.43508841580109525,1.1368427128553478,0.025424178843635015,True,False
16,Train/Low/low00320.png,3,9.939491370082592,0.1777935147996364,0.7071465329611097,1.4089008300153623,0.026821655347822965,True,False
16,Train/Low/low00320.png,4,10.230305665475306,0.17883021052840659,0.9979608283538237,1.6997151254080762,0.027858351076593152,True,False
16,Train/Low/low00320.png,5,10.539891437768548,0.17950844036025168,1.3075466006470648,2.0093008977013174,0.028536580908438247,True,False
16,Train/Low/low00320.png,6,10.867785600947535,0.17983247756672938,1.6354407638260522,2.3371950608803047,0.028860618114915942,True,False
16,Train/Low/low00320.png,7,11.212879373010047,0.17980951944804366,1.9805345358885642,2.6822888329428167,0.028837659996230225,True,False
16,Train/Low/low00320.png,8,11.573219255580678,0.1794506878194785,2.3408744184591956,3.042628715513448,0.028478828367665077,True,False
16,Train/Low/low00320.png,9,11.945777414033698,0.17877176774153683,2.713432576912215,3.4151868739664675,0.027799908289723396,True,False
16,Train/Low/low00320.png,10,12.326222717720405,0.1777935997498662,3.0938778805989227,3.795632177653175,0.02682174029805276,True,False
16,Train/Low/low00320.png,11,12.708728781136333,0.1765420306690511,3.4763839440148505,4.178138241069103,0.025570171217237675,True,False
16,Train/Low/low00320.png,12,13.085898071532531,0.17504739821216433,3.8535532344110486,4.555307531465301,0.0240755387603509,True,False
16,Train/Low/low00320.png,13,13.448896759483908,0.1733438205762903,4.2165519223624255,4.918306219416678,0.02237196112447687,True,False
16,Train/Low/low00320.png,14,13.787927591496027,0.17146846684472666,4.555582754374544,5.257337051428797,0.02049660739291323,True,False
16,Train/Low/low00320.png,15,14.093121907110822,0.16946495806868003,4.860777069989339,5.562531367043592,0.0184930986168666,True,False
16,Train/Low/low00320.png,16,14.355915661704163,0.1673958910840844,5.12357082458268,5.825325121636933,0.016424031632270963,True,False
16,Train/Low/low00320.png,17,14.570613103207556,0.16533132342377307,5.338268266086073,6.040022563140326,0.01435946397195964,True,False
16,Train/Low/low00320.png,18,14.735582176811906,0.1633432390193577,5.503237339690424,6.204991636744676,0.012371379567544277,True,False
16,Train/Low/low00320.png,19,14.853336900321597,0.1614938748416793,5.620992063200115,6.322746360254367,0.010522015389865857,True,False
16,Train/Low/low00320.png,20,14.92915725331198,0.15980364173832778,5.696812416190497,6.398566713244749,0.00883178228651435,True,False
16,Train/Low/low00320.png,21,14.970194008527887,0.15825476956615056,5.737849171406404,6.439603468460657,0.007282910114337127,True,False
16,Train/Low/low00320.png,22,14.98411979249839,0.1568235472175733,5.7517749553769075,6.45352925243116,0.0058516877657598665,True,True
16,Train/Low/low00320.png,23,14.978279048184993,0.15547908563391896,5.74593421106351,6.447688508117762,0.004507226182105528,True,False
16,Train/Low/low00320.png,24,14.958499800679377,0.15418385754267566,5.726154963557894,6.427909260612147,0.003211998090862228,True,False
16,Train/Low/low00320.png,25,14.92979907614857,0.15292121220390478,5.697454239027087,6.399208536081339,0.001949352752091349,True,False
16,Train/Low/low00320.png,26,14.89584686963365,0.15166848883957354,5.6635020325121666,6.365256329566419,0.000696629387760106,True,False
16,Train/Low/low00320.png,27,14.85948215804546,0.15041640730670508,5.627137320923977,6.328891617978229,-0.0005554521451083538,True,False
17,Train/Low/low00306.png,0,6.822948672545497,0.08255565812925424,0.20364023223192262,-0.19341619991579329,0.013699970691442437,True,False
17,Train/Low/low00306.png,1,6.918803390639255,0.08281979447512092,0.2994949503256805,-0.09756148182203539,0.013964107037309118,True,False
17,Train/Low/low00306.png,2,7.020392336453468,0.08297343214133011,0.4010838961398937,0.004027463992177793,0.014117744703518315,True,False
17,Train/Low/low00306.png,3,7.127894195867644,0.08302848820021795,0.50858575555407,0.11152932340635413,0.014172800762406151,True,False
17,Train/Low/low00306.png,4,7.241432445850484,0.08299631099910364,0.6221240055369099,0.22506757338919403,0.014140623561291837,True,False
17,Train/Low/low00306.png,5,7.36108985743162,0.08288735454261749,0.7417814171180455,0.34472498497032955,0.01403166710480569,True,False
17,Train/Low/low00306.png,6,7.486904093347938,0.08271091644063651,0.867595653034364,0.4705392208866481,0.01385522900282471,True,False
17,Train/Low/low00306.png,7,7.61885939400118,0.08247498005948807,0.9995509536876055,0.6024945215398896,0.013619292621676271,True,False
17,Train/Low/low00306.png,8,7.756880219979651,0.08218613721362286,1.137571779666077,0.740515347518361,0.013330449775811062,True,False
17,Train/Low/low00306.png,9,7.900823197713498,0.08184964165545172,1.2815147573999237,0.8844583252522078,0.012993954217639922,True,False
17,Train/Low/low00306.png,10,8.050467940787298,0.08146953961725494,1.4311595004737239,1.034103068326008,0.012613852179443136,True,False
17,Train/Low/low00306.png,11,8.205512718965299,0.08104887763821073,1.5862042786517243,1.1891478465040084,0.012193190200398926,True,False
17,Train/Low/low00306.png,12,8.365569476452157,0.08058993661199587,1.7462610361385824,1.3492046039908665,0.011734249174184072,True,False
17,Train/Low/low00306.png,13,8.530155982337002,0.08009452825263251,1.9108475420234274,1.5137911098757115,0.01123884081482071,True,False
17,Train/Low/low00306.png,14,8.698699879079733,0.07956423545775909,2.0793914387661587,1.6823350066184428,0.010708548019947292,True,False
17,Train/Low/low00306.png,15,8.870535164269269,0.07900067858526802,2.2512267239556945,1.8541702918079785,0.01014499114745622,True,False
17,Train/Low/low00306.png,16,9.044910416335757,0.0784056990413396,2.4256019760221825,2.0285455438744666,0.009550011603527794,True,False
17,Train/Low/low00306.png,17,9.220993101875797,0.07778152210553178,2.6016846615622224,2.2046282294145065,0.008925834667719984,True,False
17,Train/Low/low00306.png,18,9.397886258773134,0.07713081439789263,2.77857781845956,2.381521386311844,0.008275126960080828,True,False
17,Train/Low/low00306.png,19,9.5746377807662,0.0764567510567307,2.955329340452625,2.558272908304909,0.007601063618918907,True,False
17,Train/Low/low00306.png,20,9.750262380728575,0.07576296189725519,3.130953940415001,2.733897508267285,0.006907274459443391,True,False
17,Train/Low/low00306.png,21,9.923763093556424,0.07505345750899622,3.30445465324285,2.907398221095134,0.006197770071184425,True,False
17,Train/Low/low00306.png,22,10.094154824174687,0.07433253437600307,3.474846383861113,3.077789951713397,0.005476846938191268,True,False
17,Train/Low/low00306.png,23,10.260487606458284,0.07360465447642317,3.6411791661447097,3.244122733996994,0.004748967038611371,True,False
17,Train/Low/low00306.png,24,10.421870349707685,0.07287429164096268,3.802561909394111,3.405505477246395,0.00401860420315088,True,False
17,Train/Low/low00306.png,25,10.577493511423162,0.07214582724200533,3.958185071109588,3.561128638961872,0.0032901398041935287,True,False
17,Train/Low/low00306.png,26,10.726648569677044,0.07142341916146927,4.10734012936347,3.710283697215754,0.002567731723657471,True,False
17,Train/Low/low00306.png,27,10.868743835568225,0.07071090849535194,4.24943539525465,3.8523789631069345,0.0018552210575401434,True,True
18,Train/Low/low00264.png,0,5.426593442410383,0.10343663268529846,-3.8561368645159613,-7.942908893449313,-0.4512083323778123,True,False
18,Train/Low/low00264.png,1,5.548338392763473,0.11767996741248671,-3.734391914162872,-7.821163943096224,-0.4369649976506241,True,False
18,Train/Low/low00264.png,2,5.682758869055,0.1334146999979844,-3.5999714378713445,-7.686743466804696,-0.4212302650651264,True,False
18,Train/Low/low00264.png,3,5.83086708122651,0.150674929127652,-3.4518632256998343,-7.538635254633186,-0.40397003593545877,True,False
18,Train/Low/low00264.png,4,5.993698730744094,0.16946017148602516,-3.289031576182251,-7.375803605115602,-0.3851847935770856,True,False
18,Train/Low/low00264.png,5,6.172320457702157,0.189730145428496,-3.1104098492241876,-7.197181878157539,-0.3649148196346148,True,False
18,Train/Low/low00264.png,6,6.367824524448022,0.21139911124084348,-2.914905782478323,-7.001677811411675,-0.3432458538222673,True,False
18,Train/Low/low00264.png,7,6.581316416922198,0.23433122059909275,-2.7014138900041464,-6.788185918937498,-0.32031374446401806,True,False
18,Train/Low/low00264.png,8,6.813903592387689,0.25833855634728276,-2.4688267145386558,-6.555598743472007,-0.29630640871582803,True,False
18,Train/Low/low00264.png,9,7.06667900520927,0.2831820319279239,-2.2160513017170747,-6.302823330650426,-0.2714629331351869,True,False
18,Train/Low/low00264.png,10,7.340699200509775,0.3085756865092139,-1.9420311064165698,-6.028803135349921,-0.24606927855389688,True,False
18,Train/Low/low00264.png,11,7.636961649750552,0.3341950362956015,-1.6457686571757923,-5.732540686109144,-0.2204499287675093,True,False
18,Train/Low/low00264.png,12,7.956376153006433,0.35968974502414236,-1.3263541539199117,-5.413126182853263,-0.19495522003896842,True,False
18,Train/Low/low00264.png,13,8.299724322456875,0.3846970067392914,-0.9830059844694699,-5.069778013402821,-0.16994795832381937,True,False
18,Train/Low/low00264.png,14,8.667623590859288,0.4088587424470906,-0.6151067160670571,-4.701878745000409,-0.1457862226160202,True,False
18,Train/Low/low00264.png,15,9.060474260830059,0.43184007933519486,-0.2222560460962857,-4.309028075029637,-0.12280488572791592,True,False
18,Train/Low/low00264.png,16,9.478404574569963,0.4533452429718354,0.19567426764361784,-3.8910977612897337,-0.10129972209127536,True,False
18,Train/Low/low00264.png,17,9.921205711032881,0.4731314435408988,0.6384754041065364,-3.448296624826815,-0.08151352152221197,True,False
18,Train/Low/low00264.png,18,10.388257365570048,0.49101876328114724,1.1055270586437036,-2.981244970289648,-0.06362620178196354,True,False
18,Train/Low/low00264.png,19,10.87844656059434,0.5068953952445212,1.5957162536679945,-2.491055775265357,-0.04774956981858958,True,False
18,Train/Low/low00264.png,20,11.390078873496435,0.5207181393721315,2.1073485665700904,-1.9794234623632612,-0.03392682569097927,True,False
18,Train/Low/low00264.png,21,11.920791630191403,0.5325088109025973,2.638061323265058,-1.4487107056682937,-0.02213615416051351,True,False
18,Train/Low/low00264.png,22,12.467461540951572,0.5423473930748773,3.184731234025227,-0.9020407949081246,-0.012297571988233447,True,False
18,Train/Low/low00264.png,23,13.026131206396332,0.5503602141445667,3.7434008994699877,-0.3433711294633639,-0.004284750918544078,True,False
18,Train/Low/low00264.png,24,13.591959304647245,0.5567163091545538,4.309228997720901,0.22245696878754906,0.0020713440914430503,True,False
18,Train/Low/low00264.png,25,14.159213559980497,0.5615972319212257,4.876483253054152,0.7897112241208006,0.006952266858114897,True,False
18,Train/Low/low00264.png,26,14.721316223971401,0.5651920082795597,5.438585917045057,1.351813888111705,0.010547043216448948,True,False
18,Train/Low/low00264.png,27,15.270994418007156,0.5676876459927748,5.988264111080811,1.9014920821474597,0.013042680929663986,True,True
19,Train/Low/low00588.png,0,7.283363704312775,0.17310910903541643,-3.2461914343457003,-3.409565350772203,-0.3135504185381121,True,False
19,Train/Low/low00588.png,1,7.416977401665809,0.19498767033526593,-3.112577736992666,-3.2759516534191686,-0.2916718572382626,True,False
19,Train/Low/low00588.png,2,7.5650236715135595,0.21857607715518432,-2.9645314671449157,-3.1279053835714183,-0.26808345041834425,True,False
19,Train/Low/low00588.png,3,7.728681954632419,0.24373316136383325,-2.800873184026056,-2.9642471004525586,-0.2429263662096953,True,False
19,Train/Low/low00588.png,4,7.909161175545752,0.2702355743586058,-2.620393963112723,-2.7837678795392256,-0.21642395321492275,True,False
19,Train/Low/low00588.png,5,8.10769556748684,0.29777196380755633,-2.4218595711716357,-2.5852334875981384,-0.1888875637659722,True,False
19,Train/Low/low00588.png,6,8.32553188004734,0.32594302021641963,-2.2040232586111355,-2.367397175037638,-0.1607165073571089,True,False
19,Train/Low/low00588.png,7,8.563896140392174,0.35426728873452434,-1.965658998266301,-2.1290329146928038,-0.1323922388390042,True,False
19,Train/Low/low00588.png,8,8.82397210739149,0.382199403446705,-1.7055830312669844,-1.868956947693487,-0.10446012412682354,True,False
19,Train/Low/low00588.png,9,9.106852914209668,0.4091484236585968,-1.4227022244488072,-1.58607614087531,-0.07751110391493171,True,False
19,Train/Low/low00588.png,10,9.41348452570688,0.4345184398567304,-1.1160706129515958,-1.2794445293780985,-0.05214108771679815,True,False
19,Train/Low/low00588.png,11,9.744590244782485,0.45774122044005083,-0.7849648938759906,-0.9483388103024932,-0.028918307133477705,True,False
19,Train/Low/low00588.png,12,10.100567663853717,0.4783102123157164,-0.4289874748047584,-0.5923613912312611,-0.008349315257812129,True,False
19,Train/Low/low00588.png,13,10.481349829773253,0.4958225972307692,-0.048205308885222564,-0.21157922531172524,0.009163069657240674,True,False
19,Train/Low/low00588.png,14,10.886260528319431,0.5100054878287417,0.3567053896609558,0.1933314732344531,0.023345960255213127,True,False
19,Train/Low/low00588.png,15,11.313797163440576,0.5207399553177084,0.7842420247821007,0.620868108355598,0.03408042774417991,True,False
19,Train/Low/low00588.png,16,11.761376841294066,0.5280521976163034,1.2318217026355907,1.068447786209088,0.04139267004277486,True,False
19,Train/Low/low00588.png,17,12.22503599818657,0.5321035929314358,1.6954808595280948,1.5321069431015921,0.04544406535790729,True,False
19,Train/Low/low00588.png,18,12.699115905966575,0.5331703625705109,2.1695607673081003,2.0061868508815976,0.04651083499698233,True,False
19,Train/Low/low00588.png,19,13.176002918562087,0.5316106304009437,2.646447779903612,2.4830738634771095,0.04495110282741516,True,False
19,Train/Low/low00588.png,20,13.645885211495255,0.5278223522026545,3.1163300728367798,2.952956156410277,0.04116282462912596,True,False
19,Train/Low/low00588.png,21,14.096894551645462,0.5222377985256552,3.5673394129869873,3.4039654965604846,0.03557827095212668,True,False
19,Train/Low/low00588.png,22,14.51563163659323,0.5152489907826532,3.9860764979347554,3.8227025815082527,0.028589463209124644,True,False
19,Train/Low/low00588.png,23,14.888201056094196,0.5072343386149686,4.358645917435721,4.195272001009219,0.020574811041440044,True,False
19,Train/Low/low00588.png,24,15.201677980090123,0.49855620976495324,4.672122841431648,4.508748925005145,0.011896682191424701,True,False
19,Train/Low/low00588.png,25,15.446197351964255,0.48954000544957826,4.91664221330578,4.753268296879277,0.002880477876049725,True,False
19,Train/Low/low00588.png,26,15.616230351938931,0.480498839735406,5.086675213280456,4.923301296853953,-0.006160687838122514,True,False
19,Train/Low/low00588.png,27,15.712178621731956,0.47167107620330573,5.182623483073481,5.0192495666469785,-0.01498845137022281,True,True
20,Train/Low/low00005.png,0,7.420848627959701,0.18825956538857128,-6.840593666507039,-10.67775348732091,-0.5850852146488884,False,False
20,Train/Low/low00005.png,1,7.624873605018169,0.21619331315121967,-6.636568689448571,-10.47372851026244,-0.55715146688624,False,False
20,Train/Low/low00005.png,2,7.851533640914373,0.2470878134903979,-6.409908653552367,-10.247068474366237,-0.5262569665470618,False,False
20,Train/Low/low00005.png,3,8.103150907642803,0.2809007901828134,-6.158291386823937,-9.995451207637807,-0.49244398985464627,False,False
20,Train/Low/low00005.png,4,8.382263001822688,0.31747360899666033,-5.879179292644052,-9.716339113457922,-0.45587117104079933,False,False
20,Train/Low/low00005.png,5,8.691684772220231,0.35651816922609414,-5.569757522246508,-9.406917343060378,-0.4168266108113655,True,False
20,Train/Low/low00005.png,6,9.034551877616948,0.3976066687868057,-5.226890416849791,-9.064050237663661,-0.375738111250654,True,False
20,Train/Low/low00005.png,7,9.414374277431058,0.44017099188292275,-4.8470680170356815,-8.684227837849551,-0.3331737881545369,True,False
20,Train/Low/low00005.png,8,9.835105324695109,0.48351450153430076,-4.426336969771631,-8.263496790585501,-0.2898302785031589,True,False
20,Train/Low/low00005.png,9,10.301221282699418,0.5268366196761474,-3.960221011767322,-7.797380832581192,-0.2465081603613123,True,False
20,Train/Low/low00005.png,10,10.817827861224929,0.5692714736117291,-3.4436144332418106,-7.280774254055681,-0.20407330642573052,True,False
20,Train/Low/low00005.png,11,11.390797034068443,0.6099373752043188,-2.8706452603982964,-6.707805081212166,-0.16340740483314087,True,False
20,Train/Low/low00005.png,12,12.026945560997804,0.6479927336978567,-2.2344967334689354,-6.071656554282805,-0.12535204633960295,True,False
20,Train/Low/low00005.png,13,12.734250814679918,0.6826914580346775,-1.527191479786822,-5.364351300600692,-0.0906533220027822,True,False
20,Train/Low/low00005.png,14,13.5221427975815,0.713433111639312,-0.7392994968852395,-4.5764593176991095,-0.059911668398147655,True,False
20,Train/Low/low00005.png,15,14.401842110605486,0.7397982957741948,0.1403998161387463,-3.6967600046751237,-0.0335464842632649,True,False
20,Train/Low/low00005.png,16,15.386729816326097,0.7615695824510705,1.1252875218593577,-2.7118722989545123,-0.011775197586389119,True,False
20,Train/Low/low00005.png,17,16.492621009509495,0.7787329845462291,2.2311787150427556,-1.6059811057711144,0.005388204508769423,True,False
20,Train/Low/low00005.png,18,17.737502835283795,0.791475408764518,3.4760605408170555,-0.36109927999681446,0.018130628727058395,True,False
20,Train/Low/low00005.png,19,19.139526982845506,0.8001532153695172,4.878084688378767,1.0409248675648968,0.026808435332057567,True,False
20,Train/Low/low00005.png,20,20.709995230202374,0.8052051012244037,6.448552935735634,2.611393114921764,0.03186032118694404,True,False
20,Train/Low/low00005.png,21,22.43199617040313,0.8072112148937538,8.170553875936392,4.333394055122522,0.03386643485629415,True,False
20,Train/Low/low00005.png,22,24.20266914034247,0.8066210153305264,9.941226845875729,6.104067025061859,0.03327623529306678,True,False
20,Train/Low/low00005.png,23,25.716000457519137,0.8039372195790621,11.454558163052397,7.617398342238527,0.0305924395416024,True,False
20,Train/Low/low00005.png,24,26.4402581138365,0.7996703040051808,12.17881581936976,8.34165599855589,0.026325523967721143,True,True
20,Train/Low/low00005.png,25,26.08285948737855,0.7943405972233214,11.82141719291181,7.9842573720979395,0.020995817185861743,True,False
20,Train/Low/low00005.png,26,25.002385084629054,0.7883420589616147,10.740942790162315,6.903782969348445,0.014997278924155033,True,False
20,Train/Low/low00005.png,27,23.71629839913281,0.7819884658329055,9.45485610466607,5.617696283852201,0.008643685795445832,True,False
21,Train/Low/low00099.png,0,9.416645108526481,0.14025106417665734,-4.967105609842797,-9.413250353260182,-0.3736123820496957,True,False
21,Train/Low/low00099.png,1,9.592975711096766,0.15928906460789508,-4.7907750072725115,-9.236919750689896,-0.354574381618458,True,False
21,Train/Low/low00099.png,2,9.788603128993325,0.180245140371493,-4.595147589375953,-9.041292332793338,-0.3336183058548601,True,False
21,Train/Low/low00099.png,3,10.005375672669528,0.20308067707112823,-4.37837504569975,-8.824519789117135,-0.31078276915522485,True,False
21,Train/Low/low00099.png,4,10.245276568310564,0.22767928831000847,-4.138474150058714,-8.5846188934761,-0.28618415791634455,True,False
21,Train/Low/low00099.png,5,10.51045719906976,0.25383873251335926,-3.8732935192995175,-8.319438262716902,-0.2600247137129938,True,False
21,Train/Low/low00099.png,6,10.803258403325467,0.2812648104245377,-3.580492315043811,-8.026637058461196,-0.23259863580181533,True,False
21,Train/Low/low00099.png,7,11.126226355934957,0.3095714208149545,-3.257524362434321,-7.703669105851706,-0.20429202541139857,True,False
21,Train/Low/low00099.png,8,11.482131645308156,0.3382889505984254,-2.9016190730611218,-7.347763816478507,-0.17557449562792765,True,False
21,Train/Low/low00099.png,9,11.87398887549664,0.3668810239109107,-2.5097618428726385,-6.955906586290023,-0.14698242231544234,True,False
21,Train/Low/low00099.png,10,12.305074489194148,0.39476962105807367,-2.07867622917513,-6.524820972592515,-0.11909382516827938,True,False
21,Train/Low/low00099.png,11,12.778943020804975,0.4213661272184834,-1.6048076975643024,-6.050952440981687,-0.09249731900786967,True,False
21,Train/Low/low00099.png,12,13.299428253942924,0.4461028292022264,-1.0843224644263536,-5.5304672078437385,-0.06776061702412667,True,False
21,Train/Low/low00099.png,13,13.87062821095498,0.46847056556498057,-0.5131225074142982,-4.959267250831683,-0.04539288066137248,True,False
21,Train/Low/low00099.png,14,14.496852075571134,0.4880491701313119,0.11310135720185599,-4.333043386215529,-0.025814276095041166,True,False
21,Train/Low/low00099.png,15,15.182472274431031,0.5045323646072671,0.7987215560617535,-3.6474231873556313,-0.009331081619085912,True,False
21,Train/Low/low00099.png,16,15.93163235750075,0.5177440450151864,1.5478816391314716,-2.8982631042859133,0.0038805987888334004,True,False
21,Train/Low/low00099.png,17,16.74764564929294,0.5276438868927742,2.3638949309236637,-2.082249812493721,0.013780440666421145,True,False
21,Train/Low/low00099.png,18,17.631854204343526,0.5343217038621152,3.248103485974248,-1.198041257443137,0.020458257635762145,True,False
21,Train/Low/low00099.png,19,18.581467084958494,0.5379816877696421,4.197716366589216,-0.2484283768281692,0.02411824154328901,True,False
21,Train/Low/low00099.png,20,19.58569020457599,0.5389196264578913,5.201939486206712,0.7557947427893268,0.025056180231538216,True,False
21,Train/Low/low00099.png,21,20.619189056818314,0.5374948800025942,6.235438338449036,1.7892935950316513,0.023631433776241106,True,False
21,Train/Low/low00099.png,22,21.632666569884993,0.5340967187809196,7.248915851515715,2.80277110809833,0.020233272554566528,True,False
21,Train/Low/low00099.png,23,22.543914784562883,0.5291254110335125,8.160164066193605,3.7140193227762204,0.015261964807159467,True,False
21,Train/Low/low00099.png,24,23.240977032047084,0.5229659001695321,8.857226313677806,4.411081570260421,0.0091024539431791,True,False
21,Train/Low/low00099.png,25,23.615415017801062,0.5159762207635477,9.231664299431785,4.7855195560144,0.002112774537194606,True,False
21,Train/Low/low00099.png,26,23.620598401699272,0.5084671056079769,9.236847683329994,4.7907029399126095,-0.0053963406183761276,True,True
21,Train/Low/low00099.png,27,23.303907302526916,0.5007100834732122,8.920156584157638,4.474011840740253,-0.01315336275314083,True,False
22,Train/Low/low00309.png,0,7.794394392751554,0.09904313344502971,0.1436418173132301,-0.2579144660137924,0.007518594093118919,True,False
22,Train/Low/low00309.png,1,7.895486959409757,0.09878196284782782,0.24473438397143266,-0.15682189935558988,0.007257423495917029,True,False
22,Train/Low/low00309.png,2,8.002581020327877,0.09836461759566005,0.351828444889553,-0.04972783843746953,0.006840078243749256,True,False
22,Train/Low/low00309.png,3,8.11584949428492,0.09781714532259031,0.4650969188465952,0.06354063551957267,0.006292605970679516,True,False
22,Train/Low/low00309.png,4,8.235400995916374,0.09716456902220864,0.5846484204780493,0.1830921371510268,0.00564002967029785,True,False
22,Train/Low/low00309.png,5,8.361295696588718,0.09642984988736575,0.7105431211503932,0.30898683782337066,0.004905310535454954,True,False
22,Train/Low/low00309.png,6,8.493539499182768,0.09563316593026365,0.8427869237444439,0.4412306404174213,0.004108626578352856,True,False
22,Train/Low/low00309.png,7,8.632075030236848,0.09479148777864177,0.9813224547985238,0.5797661714715012,0.0032669484267309756,True,False
22,Train/Low/low00309.png,8,8.776772782664917,0.09391839198425442,1.1260202072265928,0.7244639238995703,0.0023938526323436238,True,False
22,Train/Low/low00309.png,9,8.927421630744876,0.09302416455239813,1.2766690553065514,0.8751127719795289,0.0014996252004873395,True,False
22,Train/Low/low00309.png,10,9.083719430811142,0.09211608730784891,1.4329668553728174,1.031410572045795,0.0005915479559381182,True,False
22,Train/Low/low00309.png,11,9.245264746832802,0.09119888076284621,1.594512171394478,1.1929558880674556,-0.00032565858906458134,True,False
22,Train/Low/low00309.png,12,9.411552909753187,0.0902752244655078,1.7608003343148626,1.35924405098784,-0.001249314886402994,True,False
22,Train/Low/low00309.png,13,9.581967456471375,0.0893463419686551,1.9312148810330507,1.5296585977060282,-0.002178197383255698,True,False
22,Train/Low/low00309.png,14,9.75578334750399,0.08841252613723649,2.105030772065665,1.7034744887386424,-0.003112013214674303,True,False
22,Train/Low/low00309.png,15,9.932163871386114,0.08747365257289993,2.28141129594779,1.8798550126207676,-0.004050886779010859,True,False
22,Train/Low/low00309.png,16,10.110174035249011,0.0865295767212748,2.459421459810687,2.0578651764836646,-0.0049949626306359934,True,False
22,Train/Low/low00309.png,17,10.288785088562648,0.08558046263479217,2.6380325131243234,2.236476229797301,-0.005944076717118621,True,False
22,Train/Low/low00309.png,18,10.466897501943976,0.08462696476954912,2.8161449265056513,2.4145886431786288,-0.006897574582361676,True,False
22,Train/Low/low00309.png,19,10.64335658508047,0.08367036836267064,2.992604009642146,2.5910477263151233,-0.007854170989240156,True,False
22,Train/Low/low00309.png,20,10.816981068096025,0.08271258741901401,3.1662284926577007,2.764672209330678,-0.008811951932896786,True,False
22,Train/Low/low00309.png,21,10.986595102437501,0.08175611284485985,3.335842526999177,2.9342862436721546,-0.00976842650705094,True,False
22,Train/Low/low00309.png,22,11.151057083474281,0.08080390789416422,3.500304508035957,3.0987482247089346,-0.010720631457746571,True,False
22,Train/Low/low00309.png,23,11.30929437920428,0.07985927208704759,3.6585418037659556,3.256985520438933,-0.011665267264863208,True,False
22,Train/Low/low00309.png,24,11.460334622726675,0.07892568644154811,3.809582047288351,3.4080257639613283,-0.012598852910362682,True,False
22,Train/Low/low00309.png,25,11.603333241145863,0.07800665168000422,3.952580665707539,3.5510243823805165,-0.013517887671906578,True,False
22,Train/Low/low00309.png,26,11.737598831239758,0.07710555273800124,4.086846255801434,3.6852899724744113,-0.014418986613909557,True,False
22,Train/Low/low00309.png,27,11.862605649810892,0.07622554552059708,4.211853074372567,3.8102967910455448,-0.01529899383131371,True,True
23,Train/Low/low00284.png,0,8.218553144522637,0.09897916724448821,0.5794765144071334,0.019256048268967874,0.007784154101004401,True,False
23,Train/Low/low00284.png,1,8.336915595672492,0.09813294658895504,0.6978389655569881,0.13761849941882254,0.006937933445471223,True,False
23,Train/Low/low00284.png,2,8.462477550354997,0.09709846059355477,0.823400920239493,0.2631804541013274,0.005903447450070959,True,False
23,Train/Low/low00284.png,3,8.595470293936147,0.09589745917504958,0.9563936638206432,0.3961731976824776,0.004702446031565763,True,False
23,Train/Low/low00284.png,4,8.736057981436916,0.09455173896104785,1.0969813513214124,0.5367608851832468,0.003356725817564035,True,False
23,Train/Low/low00284.png,5,8.884350810207023,0.09308243221520705,1.2452741800915188,0.6850537139533532,0.0018874190717232397,True,False
23,Train/Low/low00284.png,6,9.040397177543936,0.09150956431063248,1.4013205474284316,0.841100081290266,0.00031455116714866616,True,False
23,Train/Low/low00284.png,7,9.2041714481038,0.0898518292815263,1.565094817988296,1.0048743518501304,-0.001343183861957517,True,False
23,Train/Low/low00284.png,8,9.37556204272557,0.08812640346336272,1.7364854126100653,1.1762649464718997,-0.0030686096801210982,True,False
23,Train/Low/low00284.png,9,9.554357256274328,0.08634893709340395,1.9152806261588236,1.355060160020658,-0.004846076050079862,True,False
23,Train/Low/low00284.png,10,9.740233304730326,0.08453358117188814,2.1011566746148223,1.5409362084766567,-0.006661431971595674,True,False
23,Train/Low/low00284.png,11,9.932739918961333,0.08269314632272816,2.2936632888458295,1.733442822707664,-0.008501866820755655,True,False
23,Train/Low/low00284.png,12,10.131290622864135,0.08083921792512302,2.4922139927486313,1.9319935266104658,-0.010355795218360789,True,False
23,Train/Low/low00284.png,13,10.335152353151077,0.07898231839789449,2.696075723035573,2.1358552568974076,-0.012212694745589323,True,False
23,Train/Low/low00284.png,14,10.543440154677292,0.07713205728063743,2.904363524561788,2.3441430584236223,-0.01406295586284638,True,False
23,Train/Low/low00284.png,15,10.755114208421668,0.07529724510418101,3.1160375783061642,2.5558171121679987,-0.015897768039302804,True,False
23,Train/Low/low00284.png,16,10.968986193653873,0.07348596314356837,3.3299095635383686,2.769689097400203,-0.017709049999915447,True,False
23,Train/Low/low00284.png,17,11.183725886898046,0.07170563494035068,3.5446492567825416,2.984428790644376,-0.019489378203133137,True,False
23,Train/Low/low00284.png,18,11.397887417688228,0.06996298280523588,3.758810787572724,3.1985903214345583,-0.02123203033824793,True,False
23,Train/Low/low00284.png,19,11.609925808806649,0.0682640957419696,3.970849178691145,3.4106287125529793,-0.02293091740151422,True,False
23,Train/Low/low00284.png,20,11.818237912523436,0.06661435433215096,4.179161282407932,3.6189408162697667,-0.024580658811332853,True,False
23,Train/Low/low00284.png,21,12.021204542006465,0.06501839250518984,4.3821279118909615,3.821907445752796,-0.02617662063829397,True,False
23,Train/Low/low00284.png,22,12.217233819385214,0.0634801166306939,4.57815718926971,4.017936723131545,-0.02771489651278991,True,False
23,Train/Low/low00284.png,23,12.40481857336859,0.06200262591701523,4.7657419432530865,4.205521477114921,-0.02919238722646858,True,False
23,Train/Low/low00284.png,24,12.582580189288377,0.060588271906478225,4.943503559172873,4.3832830930347075,-0.03060674123700559,True,False
23,Train/Low/low00284.png,25,12.749322506278649,0.05923862403372249,5.110245876163145,4.550025410024979,-0.03195638910976133,True,False
23,Train/Low/low00284.png,26,12.904067987463817,0.05795452310339866,5.264991357348313,4.704770891210147,-0.033240490040085155,True,False
23,Train/Low/low00284.png,27,13.046089294086203,0.0567361400002459,5.407012663970699,4.846792197832533,-0.034458873143237916,True,True
24,Train/Low/low00346.png,0,11.241170369363097,0.1459747507016524,-0.06620218120054489,0.08303930211798338,-0.007984796184513587,True,False
24,Train/Low/low00346.png,1,11.391196382933117,0.14268348387976043,0.08382383236947533,0.2330653156880036,-0.011276063006405546,True,False
24,Train/Low/low00346.png,2,11.551895224100459,0.13904826703234116,0.24452267353681734,0.3937641568553456,-0.014911279853824816,True,False
24,Train/Low/low00346.png,3,11.723344127711082,0.13514514772147104,0.41597157714743993,0.5652130604659682,-0.018814399164694934,True,False
24,Train/Low/low00346.png,4,11.905367192659217,0.13104792599978035,0.5979946420955748,0.7472361254141031,-0.022911620886385625,True,False
24,Train/Low/low00346.png,5,12.097502494494021,0.12682489541031616,0.7901299439303795,0.9393714272489078,-0.027134651475849814,True,False
24,Train/Low/low00346.png,6,12.298935734492671,0.12253703084686861,0.9915631839290295,1.1408046672475578,-0.03142251603929737,True,False
24,Train/Low/low00346.png,7,12.508413418163741,0.11823713813977058,1.2010408676000992,1.3502823509186275,-0.0357224087463954,True,False
24,Train/Low/low00346.png,8,12.724154683525112,0.11396965314125043,1.4167821329614707,1.566023616279999,-0.039989893744915544,True,False
24,Train/Low/low00346.png,9,12.943759818136595,0.10977094277690885,1.6363872675729532,1.7856287508914814,-0.044188604109257124,True,False
24,Train/Low/low00346.png,10,13.164131813051219,0.10566999770619762,1.8567592624875768,2.006000745806105,-0.04828954917996836,True,False
24,Train/Low/low00346.png,11,13.381425295583657,0.10168926784040747,2.0740527450200155,2.2232942283385437,-0.05227027904575851,True,False
24,Train/Low/low00346.png,12,13.591052253868314,0.09784561733980307,2.2836797033046725,2.432921186623201,-0.056113929546362906,True,False
24,Train/Low/low00346.png,13,13.787758947020185,0.09415131906342496,2.4803863964565434,2.6296278797750716,-0.05980822782274102,True,False
24,Train/Low/low00346.png,14,13.965822573496233,0.090614789125731,2.658450022932591,2.8076915062511194,-0.06334475776043498,True,False
24,Train/Low/low00346.png,15,14.11936444104197,0.08724137856871947,2.8119918904783283,2.9612333737968566,-0.06671816831744651,True,False
24,Train/Low/low00346.png,16,14.242786500200502,0.08403393377600696,2.9354139496368603,3.0846554329553886,-0.06992561311015902,True,False
24,Train/Low/low00346.png,17,14.331301397259288,0.0809933416105959,3.0239288466956467,3.173170330014175,-0.07296620527557007,True,False
24,Train/Low/low00346.png,18,14.38145501690558,0.07811894216609568,3.074082466341938,3.2233239496604664,-0.0758406047200703,True,False
24,Train/Low/low00346.png,19,14.391553048907824,0.07540892756418988,3.084180498344182,3.23342198166271,-0.0785506193219761,True,True
24,Train/Low/low00346.png,20,14.361988062909006,0.0728597761310117,3.0546155123453644,3.2038569956638927,-0.08109977075515427,True,False
24,Train/Low/low00346.png,21,14.295192681051008,0.0704683048582894,2.987820130487366,3.137061613805894,-0.08349124202787658,True,False
24,Train/Low/low00346.png,22,14.195430771325842,0.06823053371322675,2.8880582207622005,3.037299704080729,-0.08572901317293923,True,False
24,Train/Low/low00346.png,23,14.068441188685926,0.06614340669500807,2.7610686381222838,2.910310121440812,-0.08781614019115791,True,False
24,Train/Low/low00346.png,24,13.920336948610753,0.06420037581953865,2.6129643980471116,2.76220588136564,-0.08975917106662733,True,False
24,Train/Low/low00346.png,25,13.757859368938252,0.06239678418915634,2.4504868183746105,2.5997283016931387,-0.09156276269700964,True,False
24,Train/Low/low00346.png,26,13.586746854572613,0.06072559598905876,2.2793743040089716,2.4286157873275,-0.09323395089710722,True,False
24,Train/Low/low00346.png,27,13.41223420819729,0.05918055715445823,2.1048616576336485,2.254103140952177,-0.09477898973170774,True,False
25,Train/Low/low00568.png,0,5.415913541241561,0.15099786817666946,-5.354750529939808,-9.266253830519116,-0.3687166031844017,True,False
25,Train/Low/low00568.png,1,5.577252153438927,0.16885508168891095,-5.193411917742441,-9.104915218321748,-0.35085938967216024,True,False
25,Train/Low/low00568.png,2,5.755608126625319,0.1881096860538896,-5.01505594455605,-8.926559245135357,-0.33160478530718157,True,False
25,Train/Low/low00568.png,3,5.952455779600707,0.2087042946543002,-4.818208291580661,-8.729711592159969,-0.311010176706771,True,False
25,Train/Low/low00568.png,4,6.1693507401954095,0.23053379913681635,-4.601313330985959,-8.512816631565265,-0.2891806722242548,True,False
25,Train/Low/low00568.png,5,6.407939724757391,0.25344099026903705,-4.3627243464239776,-8.274227647003285,-0.26627348109203414,True,False
25,Train/Low/low00568.png,6,6.669962016825074,0.2772135740617748,-4.100702054356295,-8.012205354935602,-0.24250089729929636,True,False
25,Train/Low/low00568.png,7,6.957242388331767,0.3015838055260632,-3.8134216828496017,-7.724924983428909,-0.218130665835008,True,False
25,Train/Low/low00568.png,8,7.271687120040321,0.32623261710888124,-3.4989769511410476,-7.4104802517203545,-0.19348185425218994,True,False
25,Train/Low/low00568.png,9,7.615272313711749,0.3507981847633124,-3.1553917574696193,-7.066895058048926,-0.16891628659775876,True,False
25,Train/Low/low00568.png,10,7.990020746008206,0.37488894463942146,-2.7806433251731626,-6.6921466257524695,-0.14482552672164972,True,False
25,Train/Low/low00568.png,11,8.397984894028596,0.39810205480898886,-2.372679177152772,-6.284182477732079,-0.12161241655208233,True,False
25,Train/Low/low00568.png,12,8.841202805056636,0.4200439773058704,-1.9294612661247328,-5.84096456670404,-0.09967049405520079,True,False
25,Train/Low/low00568.png,13,9.321645172439618,0.4403530692518534,-1.44901889874175,-5.360522199321057,-0.07936140210921777,True,False
25,Train/Low/low00568.png,14,9.841141720588581,0.4587213769375655,-0.9295223505927872,-4.841025651172094,-0.0609930944235057,True,False
25,Train/Low/low00568.png,15,10.401266671027653,0.4749128282053533,-0.3693974001537157,-4.280900700733023,-0.044801643155717885,True,False
25,Train/Low/low00568.png,16,11.003191319451762,0.48877614213281373,0.23252724827039373,-3.6789760523089132,-0.030938329228257455,True,False
25,Train/Low/low00568.png,17,11.64746308428686,0.5002509096383346,0.8767990131054919,-3.034704287473815,-0.019463561722736555,True,False
25,Train/Low/low00568.png,18,12.333700011838298,0.5093657178482661,1.5630359406569294,-2.3484673599223775,-0.010348753512805065,True,False
25,Train/Low/low00568.png,19,13.060153599941133,0.5162289887457446,2.2894895287597645,-1.6220137718195424,-0.0034854826153265517,True,False
25,Train/Low/low00568.png,20,13.823131966498048,0.5210162945501269,3.0524678953166795,-0.8590354052626274,0.0013018231890556953,True,False
25,Train/Low/low00568.png,21,14.61621020320571,0.5239527905751978,3.8455461320243423,-0.0659571685549647,0.004238319214126651,True,False
25,Train/Low/low00568.png,22,15.429252778823553,0.5252947473314151,4.658588707642185,0.7470854070628778,0.00558027597034394,True,False
25,Train/Low/low00568.png,23,16.24734756254871,0.5253128409868607,5.476683491367343,1.5651801907880358,0.005598369625789523,True,False
25,Train/Low/low00568.png,24,17.04982040346794,0.5242746724261896,6.279156332286572,2.367653031707265,0.004560201065118452,True,False
25,Train/Low/low00568.png,25,17.810079757652566,0.5224346114160413,7.039415686471198,3.127912385891891,0.0027201400549701216,True,False
25,Train/Low/low00568.png,26,18.497050987459353,0.5200244060807682,7.726386916277985,3.814883615698678,0.0003099347196969804,True,False
25,Train/Low/low00568.png,27,19.079040532691064,0.5172471471783137,8.308376461509695,4.396873160930388,-0.0024673241827575243,True,True
26,Train/Low/low00300.png,0,8.698946150229176,0.10512444524565276,-0.8388023084451657,-0.685307370046937,-0.002361563456833346,True,False
26,Train/Low/low00300.png,1,8.83599382079442,0.10516474670877102,-0.7017546378799224,-0.5482596994816937,-0.0023212619937150875,True,False
26,Train/Low/low00300.png,2,8.982388908353224,0.10495999711080815,-0.5553595503211177,-0.401864611922889,-0.0025260115916779513,True,False
26,Train/Low/low00300.png,3,9.138348535184598,0.10453382233505201,-0.39939992348974407,-0.24590498509151537,-0.0029521863674340926,True,False
26,Train/Low/low00300.png,4,9.303945723105421,0.10390774734100655,-0.23380273556892028,-0.08030779717069159,-0.003578261361479554,True,False
26,Train/Low/low00300.png,5,9.479103500301582,0.10310042144553742,-0.05864495837275996,0.09484998002546874,-0.004385587256948681,True,False
26,Train/Low/low00300.png,6,9.66356327644008,0.10212754348147823,0.12581481776573789,0.2793097561639666,-0.0053584652210078715,True,False
26,Train/Low/low00300.png,7,9.856842189841323,0.10100228007378803,0.3190937311669817,0.4725886695652104,-0.006483728628698074,True,False
26,Train/Low/low00300.png,8,10.058189465533632,0.09973608444456075,0.52044100685929,0.6739359452575187,-0.007749924257925353,True,False
26,Train/Low/low00300.png,9,10.26653937499809,0.09833967528687196,0.7287909163237476,0.8822858547219763,-0.009146333415614147,True,False
26,Train/Low/low00300.png,10,10.480466052900423,0.09682403047606808,0.9427175942260817,1.0962125326243104,-0.010661978226418026,True,False
26,Train/Low/low00300.png,11,10.69814523589214,0.09520117599021888,1.160396777217798,1.3138917156160268,-0.012284832712267227,True,False
26,Train/Low/low00300.png,12,10.917328644662671,0.09348466998709185,1.3795801859883294,1.5330751243865581,-0.01400133871539426,True,False
26,Train/Low/low00300.png,13,11.135341334155465,0.09168975778267141,1.5975928754811228,1.7510878138793515,-0.015796250919814694,True,False
26,Train/Low/low00300.png,14,11.349107874818847,0.08983318133273738,1.811359416144505,1.9648543545427337,-0.017652827369748728,True,False
26,Train/Low/low00300.png,15,11.555222046401923,0.08793275015537214,2.017473587727581,2.17096852612581,-0.01955325854711397,True,False
26,Train/Low/low00300.png,16,11.750069843644194,0.08600670654957299,2.2123213849698526,2.3658163233680813,-0.02147930215291312,True,False
26,Train/Low/low00300.png,17,11.929997770861293,0.08407310348212112,2.3922493121869515,2.54574425058518,-0.023412905220364988,True,False
26,Train/Low/low00300.png,18,12.091541589137243,0.08214917510104984,2.5537931304629016,2.7072880688611303,-0.025336833601436265,True,False
26,Train/Low/low00300.png,19,12.231675326917728,0.08025103985571004,2.693926868243386,2.8474218066416146,-0.027234968846776064,True,False
26,Train/Low/low00300.png,20,12.34803373556658,0.07839298275519054,2.8102852768922375,2.963780215290466,-0.02909302594729557,True,False
26,Train/Low/low00300.png,21,12.439248177736497,0.07658727856113563,2.901499719062155,3.0549946574603837,-0.030898730141350472,True,False
26,Train/Low/low00300.png,22,12.505116980543626,0.07484576877991828,2.9673685218692842,3.120863460267513,-0.03264023992256783,True,False
26,Train/Low/low00300.png,23,12.54672310836951,0.07317772533293421,3.008974649695169,3.1624695880933977,-0.0343082833695519,True,False
26,Train/Low/low00300.png,24,12.566057180968189,0.07159038358255267,3.028308722293847,3.1818036606920757,-0.03589562511993344,True,True
26,Train/Low/low00300.png,25,12.565890931882262,0.07008655127537529,3.02814247320792,3.1816374116061485,-0.037399457427110816,True,False
26,Train/Low/low00300.png,26,12.54945710447761,0.0686694034514287,3.011708645803269,3.165203584201498,-0.0388166052510574,True,False
26,Train/Low/low00300.png,27,12.520151756662315,0.06734005669180546,2.9824032979879735,3.1358982363862022,-0.04014595201068065,True,False
27,Train/Low/low00227.png,0,5.679897393005459,0.19796756721941788,-4.670531195148922,-8.765130833210481,-0.4167063543276267,True,False
27,Train/Low/low00227.png,1,5.839471157769541,0.22113040876904977,-4.51095743038484,-8.6055570684464,-0.3935435127779948,True,False
27,Train/Low/low00227.png,2,6.016383801984442,0.24597464554106827,-4.334044786169939,-8.4286444242315,-0.3686992760059763,True,False
27,Train/Low/low00227.png,3,6.2122019363833765,0.27238977712635243,-4.138226651771005,-8.232826289832564,-0.34228414442069216,True,False
27,Train/Low/low00227.png,4,6.4286006786550605,0.30020341863355776,-3.9218279094993207,-8.01642754756088,-0.3144705029134868,True,False
27,Train/Low/low00227.png,5,6.667375684129188,0.3291773530274522,-3.6830529040251934,-7.777652542086753,-0.2854965685195924,True,False
27,Train/Low/low00227.png,6,6.930449102718683,0.35900594326049834,-3.4199794854356984,-7.514579123497258,-0.25566797828654625,True,False
27,Train/Low/low00227.png,7,7.219876170496975,0.3893189695386503,-3.130552417657406,-7.225152055718966,-0.22535495200839428,True,False
27,Train/Low/low00227.png,8,7.537850876180886,0.4196895804902442,-2.8125777119734954,-6.907177350035055,-0.1949843410568004,True,False
27,Train/Low/low00227.png,9,7.886712417297157,0.44964785927592915,-2.463716170857224,-6.558315808918784,-0.16502606227111544,True,False
27,Train/Low/low00227.png,10,8.268949933707344,0.47869984979256036,-2.0814786544470376,-6.176078292508597,-0.13597407175448423,True,False
27,Train/Low/low00227.png,11,8.68720725396691,0.5063511100104858,-1.6632213341874706,-5.75782097224903,-0.10832281153655876,True,False
27,Train/Low/low00227.png,12,9.144292587090563,0.5321334000686107,-1.2061360010638182,-5.300735639125378,-0.08254052147843394,True,False
27,Train/Low/low00227.png,13,9.643174140781426,0.5556309740456915,-0.7072544473729554,-4.801854085434515,-0.05904294750135308,True,False
27,Train/Low/low00227.png,14,10.18698880189465,0.5765054444164913,-0.16343978625973143,-4.258039424321291,-0.03816847713055327,True,False
27,Train/Low/low00227.png,15,10.779030336295,0.5945149101434665,0.42860174814061835,-3.6659978899209413,-0.02015901140357812,True,False
27,Train/Low/low00227.png,16,11.422739956966852,0.6095261393201657,1.0723113688124712,-3.0222882692490884,-0.005147782226878839,True,False
27,Train/Low/low00227.png,17,12.121673469189014,0.62151799043489,1.771244881034633,-2.3233547570269266,0.006844068887845389,True,False
27,Train/Low/low00227.png,18,12.879436867103284,0.6305763929682696,2.5290082789489023,-1.5655913591126573,0.01590247142122503,True,False
27,Train/Low/low00227.png,19,13.699558120610797,0.6368812357886623,3.3491295324564163,-0.7454701056051434,0.022207314241617704,True,False
27,Train/Low/low00227.png,20,14.5852476438715,0.64068781890251,4.23481905571712,0.14021941765556,0.026013897355465443,True,False
27,Train/Low/low00227.png,21,15.538962175530731,0.6423049023010922,5.18853358737635,1.0939339493147902,0.027630980754047574,True,False
27,Train/Low/low00227.png,22,16.561597167784225,0.642071859035489,6.2111685796298435,2.116568941568284,0.027397937488444435,True,False
27,Train/Low/low00227.png,23,17.651042702903418,0.640337423422242,7.300614114749036,3.2060144766874767,0.025663501875197392,True,False
27,Train/Low/low00227.png,24,18.799612820625587,0.6374414249697405,8.449184232471206,4.354584594409646,0.022767503422695956,True,False
27,Train/Low/low00227.png,25,19.989815261565134,0.6337007684896673,9.639386673410753,5.544787035349193,0.01902684694262269,True,False
27,Train/Low/low00227.png,26,21.187940044364318,0.6293996498206035,10.837511456209937,6.742911818148377,0.014725728273558891,True,False
27,Train/Low/low00227.png,27,22.336552023250533,0.6247840626055634,11.986123435096152,7.891523797034592,0.010110141058518818,True,True
28,Train/Low/low00258.png,0,8.788173450160983,0.23900033865956455,-7.555989231576206,-10.224605814982652,-0.4906528036953705,False,False
28,Train/Low/low00258.png,1,9.025994690630528,0.2710270899673692,-7.318167991106661,-9.986784574513107,-0.4586260523875659,False,False
28,Train/Low/low00258.png,2,9.290893782266433,0.30574843433041277,-7.053268899470755,-9.721885482877202,-0.4239047080245223,False,False
28,Train/Low/low00258.png,3,9.585927411201244,0.34294362857737787,-6.758235270535945,-9.426851853942392,-0.3867095137775572,False,False
28,Train/Low/low00258.png,4,9.914522608987053,0.38225207368024866,-6.429640072750136,-9.098256656156583,-0.3474010686746864,False,False
28,Train/Low/low00258.png,5,10.280583309976265,0.42316768749880374,-6.063579371760923,-8.73219595516737,-0.3064854548561313,False,False
28,Train/Low/low00258.png,6,10.688602707508881,0.46504129921985216,-5.655559974228307,-8.324176557634754,-0.2646118431350829,False,False
28,Train/Low/low00258.png,7,11.143789537130658,0.5070947396073623,-5.20037314460653,-7.868989728012977,-0.22255840274757277,True,False
28,Train/Low/low00258.png,8,11.652249787889327,0.5484527553227586,-4.691912893847862,-7.360529477254309,-0.18120038703217645,True,False
28,Train/Low/low00258.png,9,12.221224830522956,0.5881813113615464,-4.122937851214232,-6.791554434620679,-0.14147183099338867,True,False
28,Train/Low/low00258.png,10,12.85941221316312,0.625351530966442,-3.4847504685740684,-6.153367051980515,-0.10430161138849303,True,False
28,Train/Low/low00258.png,11,13.577414638001857,0.6591007050253793,-2.7667480437353316,-5.435364627141778,-0.07055243732955574,True,False
28,Train/Low/low00258.png,12,14.388367424576703,0.6886968904092701,-1.955795257160485,-4.624411840566932,-0.04095625194566499,True,False
28,Train/Low/low00258.png,13,15.308800627311317,0.7135873497298638,-1.035362054425871,-3.703978637832318,-0.01606579262507124,True,False
28,Train/Low/low00258.png,14,16.359849342316327,0.7334433433761703,0.01568666057913859,-2.652929922827308,0.0037902010212352844,True,False
28,Train/Low/low00258.png,15,17.568774111070923,0.7481715787884192,1.2246114293337342,-1.4440051540727126,0.018518436433484164,True,False
28,Train/Low/low00258.png,16,18.970518194080253,0.7579049324141136,2.626355512343064,-0.042261071063382616,0.02825179005917855,True,False
28,Train/Low/low00258.png,17,20.607357991904706,0.7629788100866535,4.263195310167518,1.5945787267610712,0.03332566773171841,True,False
28,Train/Low/low00258.png,18,22.518658460045483,0.7638996861173428,6.1744957783082945,3.5058791949018477,0.034246543762407766,True,False
28,Train/Low/low00258.png,19,24.687609377586067,0.7612736378371738,8.343446695848879,5.674830112442432,0.031620495482238775,True,False
28,Train/Low/low00258.png,20,26.83695580841906,0.755693988210966,10.492793126681871,7.824176543275424,0.026040845856030947,True,False
28,Train/Low/low00258.png,21,28.040885470674365,0.7478695340017579,11.696722788937176,9.02810620553073,0.01821639164682287,True,True
28,Train/Low/low00258.png,22,27.396231798870257,0.7384261050748514,11.052069117133069,8.383452533726622,0.008772962719916344,True,False
28,Train/Low/low00258.png,23,25.612672718831533,0.7278043540298643,9.268510037094345,6.599893453687898,-0.0018487883250707382,True,False
28,Train/Low/low00258.png,24,23.716188294729644,0.7165299405174488,7.372025612992456,4.703409029586009,-0.013123201837486276,True,False
28,Train/Low/low00258.png,25,22.056065333030727,0.7050109198661024,5.7119026512935385,3.0432860678870917,-0.024642222488832632,True,False
28,Train/Low/low00258.png,26,20.665807498756482,0.6934900707241634,4.321644817019294,1.6530282336128472,-0.036163071630771704,True,False
28,Train/Low/low00258.png,27,19.507898592855675,0.6823236446110038,3.1637359111184864,0.4951193277120396,-0.04732949774393125,True,False
29,Train/Low/low00624.png,0,6.573259183499984,0.23884158403031616,-6.424207792481247,-9.622670550320311,-0.4308473338064397,False,False
29,Train/Low/low00624.png,1,6.782199116810878,0.2665714787291632,-6.215267859170353,-9.413730617009419,-0.4031174391075927,False,False
29,Train/Low/low00624.png,2,7.0137897775711835,0.2961967794920927,-5.983677198410048,-9.182139956249113,-0.37349213834466316,False,False
29,Train/Low/low00624.png,3,7.270256360989271,0.3275215523762154,-5.72721061499196,-8.925673372831024,-0.3421673654605405,False,False
29,Train/Low/low00624.png,4,7.554020880624574,0.36025737179989736,-5.4434460953566575,-8.641908853195723,-0.3094315460368585,True,False
29,Train/Low/low00624.png,5,7.867743058525258,0.3940207589923895,-5.129723917455973,-8.328186675295038,-0.2756681588443664,True,False
29,Train/Low/low00624.png,6,8.214352702665098,0.42833523308653815,-4.783114273316134,-7.981577031155199,-0.24135368475021773,True,False
29,Train/Low/low00624.png,7,8.597080600368997,0.4626408405700126,-4.400386375612234,-7.598849133451299,-0.2070480772667433,True,False
29,Train/Low/low00624.png,8,9.019499465532292,0.49631367050460484,-3.9779675104489396,-7.176430268288005,-0.17337524733215104,True,False
29,Train/Low/low00624.png,9,9.48556954199234,0.5286943094798199,-3.5118974339888904,-6.710360191827956,-0.140994608356936,True,False
29,Train/Low/low00624.png,10,9.999681724921105,0.5591240647223847,-2.997785251060126,-6.196248008899191,-0.11056485311437114,True,False
29,Train/Low/low00624.png,11,10.566722500935855,0.5869878676290343,-2.430744475045376,-5.629207232884442,-0.08270105020772156,True,False
29,Train/Low/low00624.png,12,11.192117875155283,0.611754267548552,-1.8053491008259481,-5.0038118586650135,-0.05793465028820388,True,False
29,Train/Low/low00624.png,13,11.88187667228248,0.633013026185744,-1.1155903036987507,-4.314053061537816,-0.03667589165101193,True,False
29,Train/Low/low00624.png,14,12.642604165028315,0.6505046601893988,-0.35486281095291616,-3.5533255687919816,-0.019184257647357095,True,False
29,Train/Low/low00624.png,15,13.481415436327298,0.6641334200250723,0.48394846034606687,-2.7145142974929986,-0.0055554978116836295,True,False
29,Train/Low/low00624.png,16,14.405665309889484,0.6739664611831137,1.4081983339082527,-1.7902644239308128,0.0042775433463577706,True,False
29,Train/Low/low00624.png,17,15.422234401052306,0.6802180649281698,2.4247674250710745,-0.773695332767991,0.010529147091413948,True,False
29,Train/Low/low00624.png,18,16.535885988429946,0.6832228612979805,3.538419012448715,0.33995625460964973,0.013533943461224607,True,False
29,Train/Low/low00624.png,19,17.745667360406973,0.6834023102861221,4.748200384425742,1.5497376265866762,0.013713392449366202,True,False
29,Train/Low/low00624.png,20,19.037354366007456,0.681229290807956,6.039887390026225,2.8414246321871595,0.011540372971200141,True,False
29,Train/Low/low00624.png,21,20.368904886643755,0.6771954262795689,7.371437910662523,4.172975152823458,0.007506508442812976,True,False
29,Train/Low/low00624.png,22,21.647433948339298,0.6717874384040451,8.649966972358067,5.451504214519002,0.002098520567289208,True,False
29,Train/Low/low00624.png,23,22.71037896220517,0.6654900069681168,9.712911986223938,6.514449228384873,-0.004198910868639105,True,False
29,Train/Low/low00624.png,24,23.358546704408152,0.6587423232073457,10.36107972842692,7.162616970587855,-0.010946594629410167,True,False
29,Train/Low/low00624.png,25,23.47905785165613,0.651902204123927,10.481590875674899,7.283128117835833,-0.017786713712828917,True,True
29,Train/Low/low00624.png,26,23.140891719323356,0.64527076847007,10.143424743342125,6.94496198550306,-0.02441814936668585,True,False
29,Train/Low/low00624.png,27,22.53006927850229,0.6390144242946365,9.532602302521058,6.334139544681992,-0.030674493542119374,True,False
30,Train/Low/low00687.png,0,6.210498458977809,0.0884351692287308,-3.491339579979587,-6.604022805316858,-0.4151106387088291,True,False
30,Train/Low/low00687.png,1,6.318564278021581,0.10157197876352499,-3.3832737609358148,-6.495956986273086,-0.4019738291740349,True,False
30,Train/Low/low00687.png,2,6.43821223449274,0.11621397611685326,-3.263625804464656,-6.376309029801927,-0.38733183182070663,True,False
30,Train/Low/low00687.png,3,6.570406851932113,0.13241288940644763,-3.1314311870252833,-6.2441144123625545,-0.37113291853111224,True,False
30,Train/Low/low00687.png,4,6.716129131995933,0.15018427300526876,-2.985708906961463,-6.098392132298734,-0.3533615349322911,True,False
30,Train/Low/low00687.png,5,6.876392792931428,0.16950229977381612,-2.825445246025968,-5.938128471363239,-0.33404350816374373,True,False
30,Train/Low/low00687.png,6,7.052238289183819,0.19029218241472837,-2.649599749773577,-5.762282975110848,-0.31325362552283154,True,False
30,Train/Low/low00687.png,7,7.244723154055558,0.21242375092248791,-2.457114884901838,-5.569798110239109,-0.291122057015072,True,False
30,Train/Low/low00687.png,8,7.4549121080789105,0.23570924392872236,-2.2469259308784855,-5.359609156215757,-0.2678365640088375,True,False
30,Train/Low/low00687.png,9,7.683862894701621,0.2599040797837143,-2.017975144255775,-5.130658369593046,-0.24364172815384555,True,False
30,Train/Low/low00687.png,10,7.93260755262406,0.2847097167647529,-1.7692304863333357,-4.881913711670607,-0.218836091172807,True,False
30,Train/Low/low00687.png,11,8.202130684358302,0.3097852928810955,-1.499707354599094,-4.612390579936365,-0.19376051505646436,True,False
30,Train/Low/low00687.png,12,8.493347728256394,0.33475917189665133,-1.208490310701002,-4.321173536038273,-0.16878663604090854,True,False
30,Train/Low/low00687.png,13,8.807070402569076,0.359246784100148,-0.8947676363883197,-4.007450861725591,-0.1442990238374119,True,False
30,Train/Low/low00687.png,14,9.143972394805898,0.3828642169080598,-0.557865644151498,-3.670548869488769,-0.1206815910295001,True,False
30,Train/Low/low00687.png,15,9.504546087515775,0.40525589560119535,-0.19729195144162048,-3.3099751767788916,-0.09828991233636453,True,False
30,Train/Low/low00687.png,16,9.88905456046398,0.42611580428975804,0.18721652150658485,-2.9254667038306863,-0.07743000364780184,True,False
30,Train/Low/low00687.png,17,10.297479156889132,0.44518483397426445,0.595641117931736,-2.517042107405535,-0.058360973963295426,True,False
30,Train/Low/low00687.png,18,10.729447156449849,0.4622845249896221,1.027609117492453,-2.085074107844818,-0.041261282947937794,True,False
30,Train/Low/low00687.png,19,11.184165918205505,0.4772901021337697,1.4823278792481087,-1.6303553460891624,-0.026255705803790164,True,False
30,Train/Low/low00687.png,20,11.660337802379043,0.4901654982687515,1.9584997634216474,-1.1541834619156237,-0.013380309668808377,True,False
30,Train/Low/low00687.png,21,12.156078213901962,0.5009446200156994,2.454240174944566,-0.6584430503927052,-0.0026011879218604816,True,False
30,Train/Low/low00687.png,22,12.668784147180741,0.5097200673906856,2.966946108223345,-0.14573711711392612,0.006174259453125774,True,False
30,Train/Low/low00687.png,23,13.19507064161164,0.5166290195683296,3.4932326026542437,0.3805493773169726,0.013083211630769753,True,False
30,Train/Low/low00687.png,24,13.730685780929957,0.5218240304072561,4.028847741972561,0.9161645166352894,0.018278222469696237,True,False
30,Train/Low/low00687.png,25,14.270499698517584,0.5254669230903662,4.568661659560188,1.4559784342229172,0.02192111515280637,True,False
30,Train/Low/low00687.png,26,14.808520697912622,0.5277501685734902,5.106682658955226,1.9939994336179545,0.024204360635930344,True,False
30,Train/Low/low00687.png,27,15.337930208186158,0.5288778661798226,5.636092169228762,2.523408943891491,0.0253320582422627,True,True
31,Train/Low/low00149.png,0,5.411836286510285,0.038860549242421355,-1.662112797809157,-2.7100250955006615,-0.13523196462745457,True,False
31,Train/Low/low00149.png,1,5.459692917236639,0.043579714114362574,-1.6142561670828028,-2.6621684647743074,-0.13051279975551336,True,False
31,Train/Low/low00149.png,2,5.5131719912241,0.04882064785634558,-1.560777093095342,-2.6086893907868465,-0.12527186601353035,True,False
31,Train/Low/low00149.png,3,5.572738263116736,0.05461223304696471,-1.5012108212027062,-2.5491231188942107,-0.1194802808229112,True,False
31,Train/Low/low00149.png,4,5.63886332478044,0.060974967082420166,-1.4350857595390023,-2.482998057230507,-0.11311754678745575,True,False
31,Train/Low/low00149.png,5,5.712022093524376,0.06791644230524643,-1.361926990795066,-2.4098392884865705,-0.10617607156462949,True,False
31,Train/Low/low00149.png,6,5.792687687043437,0.07542717909580797,-1.2812613972760047,-2.3291736949675093,-0.09866533477406796,True,False
31,Train/Low/low00149.png,7,5.881322310543053,0.08347731959339974,-1.1926267737763885,-2.240539071467893,-0.09061519427647619,True,False
31,Train/Low/low00149.png,8,5.978368786061926,0.09201551088829885,-1.0955802982575156,-2.14349259594902,-0.08207700298157708,True,False
31,Train/Low/low00149.png,9,6.084239998408265,0.10096980126467832,-0.9897090859111772,-2.0376213836026817,-0.0731227126051976,True,False
31,Train/Low/low00149.png,10,6.199305910102658,0.11025032319022375,-0.874643174216784,-1.9225554719082885,-0.06384219067965217,True,False
31,Train/Low/low00149.png,11,6.323882005013203,0.1197538189531137,-0.7500670793062385,-1.797979376997743,-0.05433869491676223,True,False
31,Train/Low/low00149.png,12,6.458214921156006,0.12936884910382418,-0.6157341631634363,-1.6636464608549408,-0.044723664766051746,True,False
31,Train/Low/low00149.png,13,6.602466548299995,0.13898129941238999,-0.47148253601944656,-1.519394833710951,-0.03511121445748594,True,False
31,Train/Low/low00149.png,14,6.756701633556981,0.14847996121945659,-0.3172474507624612,-1.3651597484539657,-0.02561255265041934,True,False
31,Train/Low/low00149.png,15,6.9208723824830365,0.15776090426315761,-0.15307670183640543,-1.20098899952791,-0.01633160960671831,True,False
31,Train/Low/low00149.png,16,7.094804542244264,0.16673104975875624,0.020855457924821685,-1.0270568397666828,-0.007361464111119681,True,False
31,Train/Low/low00149.png,17,7.278187067325419,0.1753105139007956,0.20423798300597706,-0.8436743146855274,0.0012180000309196803,True,False
31,Train/Low/low00149.png,18,7.470565204204589,0.18343409620933104,0.396616119885147,-0.6512961778063575,0.009341582339455118,True,False
31,Train/Low/low00149.png,19,7.671332206081649,0.19105113722219483,0.5973831217622072,-0.4505291759292973,0.016958623352318902,True,False
31,Train/Low/low00149.png,20,7.879729374056823,0.19812471956800892,0.8057802897373811,-0.24213200795412337,0.024032205698132997,True,False
31,Train/Low/low00149.png,21,8.094852205272016,0.2046317614875449,1.0209031209525739,-0.027009176738930663,0.030539247617668963,True,False
31,Train/Low/low00149.png,22,8.315658896364745,0.21056150292657141,1.2417098120453032,0.19379751435379866,0.03646898905669549,True,False
31,Train/Low/low00149.png,23,8.540985857549776,0.2159142695257914,1.4670367732303342,0.4191244755388297,0.04182175565591548,True,False
31,Train/Low/low00149.png,24,8.769570222247395,0.2207002026600483,1.6956211379279535,0.647708840236449,0.04660768879017238,True,False
31,Train/Low/low00149.png,25,9.000076759498851,0.22493797272060798,1.9261276751794094,0.8782153774879049,0.05084545885073205,True,False
31,Train/Low/low00149.png,26,9.231126840927741,0.22865331959313412,2.1571777566082995,1.109265458916795,0.05456080572325819,True,False
31,Train/Low/low00149.png,27,9.461334485729486,0.23187767969256087,2.387385401410044,1.3394731037185394,0.05778516582268495,True,True
32,Train/Low/low00210.png,0,5.272723229117639,0.19072929891443888,-5.558800893323515,-10.55260415247475,-0.45621962214529865,True,False
32,Train/Low/low00210.png,1,5.417559800217553,0.21339576768432506,-5.413964322223601,-10.407767581374834,-0.4335531533754125,True,False
32,Train/Low/low00210.png,2,5.578195807996531,0.23776000665084585,-5.253328314444623,-10.247131573595857,-0.4091889144088917,True,False
32,Train/Low/low00210.png,3,5.756019364655503,0.26372631730177337,-5.075504757785651,-10.069308016936883,-0.3832226037579642,True,False
32,Train/Low/low00210.png,4,5.952500135023566,0.2911400294706808,-4.879023987417588,-9.872827246568821,-0.35580889158905676,True,False
32,Train/Low/low00210.png,5,6.169192967787699,0.31978299438560326,-4.662331154653455,-9.65613441380469,-0.3271659266741343,True,False
32,Train/Low/low00210.png,6,6.407737161457158,0.3493715083732018,-4.423786960983996,-9.41759022013523,-0.29757741268653576,True,False
32,Train/Low/low00210.png,7,6.669852456111175,0.3795581787029185,-4.161671666329979,-9.155474925481212,-0.26739074235681903,True,False
32,Train/Low/low00210.png,8,6.95733238655815,0.40993856259595446,-3.874191735883004,-8.867994995034238,-0.2370103584637831,True,False
32,Train/Low/low00210.png,9,7.272035738168454,0.44006345425549864,-3.5594883842727,-8.553291643423933,-0.20688546680423892,True,False
32,Train/Low/low00210.png,10,7.615871436566655,0.4694561784963858,-3.215652685874499,-8.209455945025733,-0.17749274256335174,True,False
32,Train/Low/low00210.png,11,7.990781550288384,0.49763479071347894,-2.84074257215277,-7.834545831304004,-0.14931413034625862,True,False
32,Train/Low/low00210.png,12,8.398715028382298,0.5241369530987796,-2.4328090940588556,-7.426612353210089,-0.12281196796095795,True,False
32,Train/Low/low00210.png,13,8.841589117012923,0.5485457374644607,-1.9899350054282312,-6.983738264579465,-0.09840318359527689,True,False
32,Train/Low/low00210.png,14,9.321248754631458,0.5705140371976887,-1.5102753678096956,-6.504078626960929,-0.07643488386204889,True,False
32,Train/Low/low00210.png,15,9.839396960796654,0.5897841165138467,-0.9921271616445004,-5.985930420795734,-0.0571648045458909,True,False
32,Train/Low/low00210.png,16,10.397516090805007,0.6062011413571483,-0.43400803163614654,-5.42781129078738,-0.04074777970258925,True,False
32,Train/Low/low00210.png,17,10.996758987290542,0.6197186604951462,0.16523486484938843,-4.828568394301845,-0.027230260564591324,True,False
32,Train/Low/low00210.png,18,11.637801074099713,0.630396431433384,0.8062769516585586,-4.187526307492675,-0.016552489626353584,True,False
32,Train/Low/low00210.png,19,12.320660650971895,0.6383890140190569,1.4891365285307412,-3.5046667306204924,-0.008559907040680659,True,False
32,Train/Low/low00210.png,20,13.044442972433039,0.6439275072101166,2.212918849991885,-2.7808844091593485,-0.0030214138496209575,True,False
32,Train/Low/low00210.png,21,13.807040207696012,0.6473021862233723,2.975516085254858,-2.0182871738963755,0.0003532651636347639,True,False
32,Train/Low/low00210.png,22,14.604748149614338,0.6488394033437613,3.7732240271731836,-1.22057923197805,0.0018904822840237756,True,False
32,Train/Low/low00210.png,23,15.431789946784155,0.6488798151970686,4.600265824343001,-0.39353743480823233,0.0019308941373310518,True,False
32,Train/Low/low00210.png,24,16.279818185354102,0.6477599262052758,5.448294062912948,0.4544908037617148,0.0008110051455382239,True,False
32,Train/Low/low00210.png,25,17.13739528815027,0.6457964334525235,6.3058711657091155,1.312067906557882,-0.0011524876072140922,True,False
32,Train/Low/low00210.png,26,17.989678991053918,0.643276190744169,7.158154868612764,2.16435160946153,-0.003672730315568584,True,False
32,Train/Low/low00210.png,27,18.818472305751158,0.6404501832045738,7.986948183310004,2.99314492415877,-0.00649873785516375,True,True
33,Train/Low/low00569.png,0,8.245634606961874,0.20642017759684952,-7.83003788081245,-8.718371507500008,-0.26801630566035883,False,False
33,Train/Low/low00569.png,1,8.469950020944383,0.22957399329151384,-7.60572246682994,-8.494056093517498,-0.24486248996569454,False,False
33,Train/Low/low00569.png,2,8.7194516187222,0.25402532413714085,-7.356220869052123,-8.244554495739681,-0.22041115912006753,False,False
33,Train/Low/low00569.png,3,8.996747917451707,0.27952017897716136,-7.0789245703226165,-7.967258197010175,-0.19491630428004703,False,False
33,Train/Low/low00569.png,4,9.304707336590523,0.3057186979698557,-6.7709651511838,-7.659298777871358,-0.1687177852873527,False,False
33,Train/Low/low00569.png,5,9.646504642439272,0.33219824918722596,-6.429167845335051,-7.3175014720226095,-0.14223823406998243,False,False
33,Train/Low/low00569.png,6,10.02565788244475,0.3584632078769179,-6.050014605329572,-6.93834823201713,-0.11597327538029051,False,False
33,Train/Low/low00569.png,7,10.446064255274186,0.38396390589675056,-5.6296082325001375,-6.517941859187696,-0.09047257736045783,False,False
33,Train/Low/low00569.png,8,10.91203446516429,0.40812484711880864,-5.163638022610034,-6.051971649297592,-0.06631163613839974,True,False
33,Train/Low/low00569.png,9,11.428308134855012,0.4303800496379414,-4.647364352919311,-5.535697979606869,-0.04405643361926698,True,False
33,Train/Low/low00569.png,10,12.000048238425489,0.45021289411465315,-4.075624249348834,-4.9639578760363925,-0.024223589142555235,True,False
33,Train/Low/low00569.png,11,12.632757395987975,0.4671947958394138,-3.4429150917863485,-4.331248718473907,-0.007241687417794573,True,False
33,Train/Low/low00569.png,12,13.332071962847873,0.4810186661874697,-2.7436005249264497,-3.631934151614008,0.006582182930261304,True,False
33,Train/Low/low00569.png,13,14.103239346746514,0.49151842708693666,-1.9724331410278086,-2.8607667677153668,0.017081943829728274,True,False
33,Train/Low/low00569.png,14,14.950078145450208,0.49867781380901444,-1.1255943423241153,-2.0139279690116734,0.02424133055180605,True,False
33,Train/Low/low00569.png,15,15.872837647763806,0.5026237388840133,-0.20283484001051733,-1.0911684666980754,0.028187255626804963,True,False
33,Train/Low/low00569.png,16,16.864061841630175,0.5036059389497008,0.7883893538558517,-0.09994427283170637,0.029169455692492463,True,False
33,Train/Low/low00569.png,17,17.900992429934405,0.501968122825687,1.8253199421600819,0.9369863154725238,0.02753163956847865,True,False
33,Train/Low/low00569.png,18,18.933348191793907,0.49811454909083186,2.8576757040195844,1.9693420773320263,0.023678065833623474,True,False
33,Train/Low/low00569.png,19,19.869072338469117,0.49247743058311455,3.7933998506947937,2.9050662240072356,0.018040947325906165,True,False
33,Train/Low/low00569.png,20,20.573067653101877,0.48548765184547876,4.4973951653275535,3.6090615386399953,0.011051168588270377,True,False
33,Train/Low/low00569.png,21,20.90782245762858,0.47755200336379494,4.832149969854257,3.9438163431666986,0.0031155201065865556,True,True
33,Train/Low/low00569.png,22,20.815624564206075,0.4690373666122165,4.739952076431752,3.851618449744194,-0.005399116644991875,True,False
33,Train/Low/low00569.png,23,20.363254816510114,0.46026146615954516,4.287582328735791,3.399248702048233,-0.014175017097663223,True,False
33,Train/Low/low00569.png,24,19.690282716170188,0.4514886112761113,3.6146102283958648,2.7262766017083067,-0.0229478719810971,True,False
33,Train/Low/low00569.png,25,18.92833153686241,0.4429306205072053,2.8526590490880857,1.9643254224005275,-0.03150586275000311,True,False
33,Train/Low/low00569.png,26,18.164918088008125,0.43475031880768655,2.0892456002338022,1.2009119735462441,-0.03968616444952183,True,False
33,Train/Low/low00569.png,27,17.446805592462795,0.42706631473672824,1.3711331046884716,0.4827994780009135,-0.04737016852048015,True,False
34,Train/Low/low00217.png,0,4.699282056817144,0.043843647376222844,-1.331401013420333,-1.7280343749459721,-0.12226114901842255,True,False
34,Train/Low/low00217.png,1,4.740662343379881,0.04981558837158992,-1.2900207268575956,-1.6866540883832348,-0.11628920802305548,True,False
34,Train/Low/low00217.png,2,4.786943049819933,0.05632565166348693,-1.243740020417544,-1.6403733819431832,-0.10977914473115846,True,False
34,Train/Low/low00217.png,3,4.8385280391432435,0.06335547383807945,-1.1921550310942335,-1.5887883926198727,-0.10274932255656595,True,False
34,Train/Low/low00217.png,4,4.895826545013119,0.07086867820374514,-1.1348565252243583,-1.5314898867499975,-0.09523611819090026,True,False
34,Train/Low/low00217.png,5,4.959248793608384,0.07880932822315243,-1.071434276629093,-1.4680676381547322,-0.08729546817149297,True,False
34,Train/Low/low00217.png,6,5.029200562019093,0.08710120039019814,-1.001482508218384,-1.3981158697440232,-0.07900359600444726,True,False
34,Train/Low/low00217.png,7,5.106074872612835,0.09564822765808387,-0.9246081976246421,-1.3212415591502813,-0.07045656873656153,True,False
34,Train/Low/low00217.png,8,5.190243594946715,0.10433656564259906,-0.8404394752907622,-1.2370728368164015,-0.061768230752046335,True,False
34,Train/Low/low00217.png,9,5.282047694742451,0.11303824796777172,-0.7486353754950263,-1.1452687370206656,-0.05306654842687368,True,False
34,Train/Low/low00217.png,10,5.38178566393269,0.12161633004621168,-0.648897406304787,-1.0455307678304262,-0.04448846634843372,True,False
34,Train/Low/low00217.png,11,5.4897022079998425,0.1299313625545159,-0.5409808622376344,-0.9376142237632736,-0.0361734338401295,True,False
34,Train/Low/low00217.png,12,5.6059756742828295,0.13784857092131347,-0.42470739595464746,-0.8213407574802867,-0.028256225473331925,True,False
34,Train/Low/low00217.png,13,5.730704134946503,0.14524510362186,-0.29997893529097386,-0.6966122968166131,-0.020859692772785404,True,False
34,Train/Low/low00217.png,14,5.863894972956221,0.152016713687017,-0.16678809728125632,-0.5634214588068955,-0.014088082707628402,True,False
34,Train/Low/low00217.png,15,6.0054504594709535,0.1580828344689995,-0.0252326107665235,-0.4218659722921627,-0.008021961925645887,True,False
34,Train/Low/low00217.png,16,6.15515916550259,0.16339032726978342,0.12447609526511272,-0.2721572662605265,-0.002714469124861979,True,False
34,Train/Low/low00217.png,17,6.312687019026134,0.16791328908643668,0.282003948788657,-0.11462941273698224,0.0018084926917912858,True,False
34,Train/Low/low00217.png,18,6.477571858960055,0.17165271640571603,0.4468887887225783,0.050255427196939095,0.005547920011070628,True,False
34,Train/Low/low00217.png,19,6.649222141666742,0.1746333461446875,0.6185390714292653,0.22190570990362612,0.008528549750042108,True,False
34,Train/Low/low00217.png,20,6.826917120921577,0.1768991088233387,0.7962340506840997,0.3996006891584605,0.010794312428693303,True,False
34,Train/Low/low00217.png,21,7.00981707035925,0.1785082440401061,0.979134000121773,0.5825006385961338,0.012403447645460697,True,False
34,Train/Low/low00217.png,22,7.196975008115693,0.17952838390134998,1.1662919378782162,0.769658576352577,0.013423587506704582,True,False
34,Train/Low/low00217.png,23,7.387351007052039,0.18003192673227775,1.3566679368145618,0.9600345752889226,0.013927130337632349,True,False
34,Train/Low/low00217.png,24,7.579837729419541,0.18009238567401392,1.5491546591820642,1.152521297656425,0.013987589279368523,True,False
34,Train/Low/low00217.png,25,7.773283697249326,0.1797813516248213,1.742600627011849,1.3459672654862098,0.013676555230175913,True,False
34,Train/Low/low00217.png,26,7.966520831610825,0.17916631671535338,1.9358377613733477,1.5392043998477085,0.013061520320707981,True,False
34,Train/Low/low00217.png,27,8.158398214416344,0.17830934070429208,2.1277151441788673,1.731081782653228,0.012204544309646681,True,True
35,Train/Low/low00014.png,0,5.321379123184602,0.18264117090754742,-4.0879849047964605,-7.464038997061966,-0.42184304829076713,True,False
35,Train/Low/low00014.png,1,5.467181995526956,0.20438932303981217,-3.942182032454107,-7.318236124719612,-0.40009489615850236,True,False
35,Train/Low/low00014.png,2,5.628802205565925,0.22777079674600256,-3.7805618224151383,-7.156615914680644,-0.376713422452312,True,False
35,Train/Low/low00014.png,3,5.807631488601352,0.25269457300653164,-3.601732539379711,-6.977786631645216,-0.3517896461917829,True,False
35,Train/Low/low00014.png,4,6.005143233234568,0.27901272876343963,-3.404220794746495,-6.780274887012,-0.3254714904348749,True,False
35,Train/Low/low00014.png,5,6.222901139684305,0.30651666837592745,-3.1864628882967576,-6.562516980562263,-0.2979675508223871,True,False
35,Train/Low/low00014.png,6,6.462560986643544,0.3349352179940829,-2.9468030413375192,-6.322857133603025,-0.26954900120423164,True,False
35,Train/Low/low00014.png,7,6.72586965355603,0.36393627369726766,-2.683494374425033,-6.059548466690538,-0.24054794550104686,True,False
35,Train/Low/low00014.png,8,7.014666136443415,0.3931334373201954,-2.394697891537648,-5.770751983803153,-0.21135078187811912,True,False
35,Train/Low/low00014.png,9,7.330877528225505,0.4220971344963092,-2.0784864997555577,-5.454540592021063,-0.18238708470200532,True,False
35,Train/Low/low00014.png,10,7.676512794693182,0.450370806623405,-1.7328512332878807,-5.108905325553386,-0.15411341257490951,True,False
35,Train/Low/low00014.png,11,8.053658796078187,0.4774916915421506,-1.355705231902876,-4.731759324168381,-0.12699252765616392,True,False
35,Train/Low/low00014.png,12,8.464472923758725,0.5030142160612806,-0.9448911042223376,-4.320945196487843,-0.10147000313703392,True,False
35,Train/Low/low00014.png,13,8.911165012190178,0.526533919008431,-0.49819901579088466,-3.87425310805639,-0.07795030018988347,True,False
35,Train/Low/low00014.png,14,9.395983884717232,0.5477103513176563,-0.013380143263830746,-3.389434235529336,-0.05677386788065819,True,False
35,Train/Low/low00014.png,15,9.921193299187586,0.5662860046134395,0.5118292712065227,-2.8642248210589827,-0.038198214584875045,True,False
35,Train/Low/low00014.png,16,10.489035282387338,0.5820990202674113,1.079671254406275,-2.2963828378592304,-0.022385198930903183,True,False
35,Train/Low/low00014.png,17,11.101689051386813,0.5950889142353571,1.6923250234057505,-1.6837290688597548,-0.009395304962957374,True,False
35,Train/Low/low00014.png,18,11.761200845444657,0.6052946506873073,2.351836817463594,-1.0242172748019112,0.0008104314889927355,True,False
35,Train/Low/low00014.png,19,12.469381795891854,0.6128451770699953,3.060017767910791,-0.3160363243547142,0.008360957871680785,True,False
35,Train/Low/low00014.png,20,13.227665994724267,0.6179448474835798,3.8183019667432045,0.4422478744776992,0.013460628285265286,True,False
35,Train/Low/low00014.png,21,14.036874102186372,0.620854698772223,4.6275100742053095,1.2514559819398041,0.01637047957390847,True,False
35,Train/Low/low00014.png,22,14.896879582918237,0.6218745143353948,5.487515554937174,2.1114614626716683,0.017390295137080236,True,False
35,Train/Low/low00014.png,23,15.806096376199898,0.6213387826354296,6.396732348218835,3.02067825595333,0.01685456343711511,True,False
35,Train/Low/low00014.png,24,16.7607853681522,0.6195846571577258,7.351421340171136,3.9753672479056306,0.015100437959411295,True,False
35,Train/Low/low00014.png,25,17.75391791640405,0.6168997538402516,8.344553888422986,4.968499796157481,0.01241553464193712,True,False
35,Train/Low/low00014.png,26,18.77350231981955,0.6135364384739636,9.364138291838486,5.988084199572981,0.009052219275649032,True,False
35,Train/Low/low00014.png,27,19.800477642041994,0.609724010999962,10.39111361406093,7.0150595217954255,0.005239791801647464,True,True
36,Train/Low/low00259.png,0,6.873556929191482,0.13748092271733997,-6.182790588692269,-11.473723448579603,-0.5046300156353536,False,False
36,Train/Low/low00259.png,1,7.03126405501156,0.157145988867899,-6.025083462872191,-11.316016322759525,-0.4849649494847946,False,False
36,Train/Low/low00259.png,2,7.20603055074192,0.17887731566550905,-5.850316967141831,-11.141249827029165,-0.4632336226871846,False,False
36,Train/Low/low00259.png,3,7.399418338383851,0.20268434017844944,-5.656929179499899,-10.947862039387234,-0.4394265981742442,False,False
36,Train/Low/low00259.png,4,7.613077895318522,0.228512232590305,-5.443269622565229,-10.734202482452563,-0.4135987057623886,True,False
36,Train/Low/low00259.png,5,7.848774540155654,0.2562335174101981,-5.207572977728097,-10.498505837615431,-0.3858774209424955,True,False
36,Train/Low/low00259.png,6,8.108398786839242,0.2856404625527712,-4.947948731044509,-10.238881590931843,-0.3564704757999224,True,False
36,Train/Low/low00259.png,7,8.393968250191387,0.31644045917844416,-4.662379267692364,-9.953312127579698,-0.32567047917424946,True,False
36,Train/Low/low00259.png,8,8.707636097163784,0.3482576540963527,-4.348711420719967,-9.639644280607301,-0.29385328425634094,True,False
36,Train/Low/low00259.png,9,9.051692034269013,0.3806404161016731,-4.004655483614737,-9.295588343502072,-0.2614705222510205,True,False
36,Train/Low/low00259.png,10,9.428564655839272,0.41307612139874417,-3.6277828620444783,-8.918715721931813,-0.22903481695394945,True,False
36,Train/Low/low00259.png,11,9.840822517334297,0.44501300206385647,-3.2155250005494533,-8.506457860436788,-0.19709793628883715,True,False
36,Train/Low/low00259.png,12,10.291168094647249,0.475886886766271,-2.7651794232365017,-8.056112283123836,-0.16622405158642262,True,False
36,Train/Low/low00259.png,13,10.782421094577332,0.5051485625755726,-2.2739264233064187,-7.564859283193753,-0.136962375777121,True,False
36,Train/Low/low00259.png,14,11.31749475275084,0.5322992510185319,-1.7388527651329113,-7.029785625020246,-0.10981168733416169,True,False
36,Train/Low/low00259.png,15,11.899343375863204,0.5569201624463016,-1.157004142020547,-6.447937001907881,-0.08519077590639201,True,False
36,Train/Low/low00259.png,16,12.530876472968833,0.5786930950229877,-0.5254710449149176,-5.816403904802252,-0.0634178433297059,True,False
36,Train/Low/low00259.png,17,13.214813637705987,0.5974148351785826,0.15846611982223635,-5.132466740065098,-0.04469610317411099,True,False
36,Train/Low/low00259.png,18,13.953435359578156,0.6130047625940456,0.8970878416944057,-4.393845018192929,-0.029106175758648045,True,False
36,Train/Low/low00259.png,19,14.748137425035639,0.6254964159799408,1.6917899071518878,-3.5991429527354466,-0.01661452237275285,True,False
36,Train/Low/low00259.png,20,15.598737686507324,0.6350330008502918,2.542390168623573,-2.7485426912637614,-0.007077937502401821,True,False
36,Train/Low/low00259.png,21,16.50230747790571,0.6418377533413974,3.445959960021959,-1.8449728998653754,-0.00027318501129625083,True,False
36,Train/Low/low00259.png,22,17.451148016626526,0.6461907770952993,4.394800498742775,-0.8961323611445593,0.004079838742605646,True,False
36,Train/Low/low00259.png,23,18.429787980575576,0.6484089220493913,5.373440462691825,0.08250760280449043,0.006297983696697651,True,False
36,Train/Low/low00259.png,24,19.41085182484572,0.6488315820074272,6.354504306961971,1.0635714470746365,0.006720643654733571,True,False
36,Train/Low/low00259.png,25,20.3507679577188,0.6477993524262875,7.294420439835051,2.0034875799477163,0.005688414073593884,True,False
36,Train/Low/low00259.png,26,21.18805462422635,0.6456361207728157,8.1317071063426,2.8407742464552648,0.0035251824201221194,True,False
36,Train/Low/low00259.png,27,21.850512325179437,0.6426298293425824,8.794164807295687,3.503231947408352,0.0005188909898887761,True,True
37,Train/Low/low00078.png,0,7.819201185901808,0.13678543014589284,-3.5612840071551597,-5.963732926411303,-0.3115855345932165,True,False
37,Train/Low/low00078.png,1,7.964758465007765,0.15561746149435385,-3.4157267280492025,-5.818175647305345,-0.29275350324475546,True,False
37,Train/Low/low00078.png,2,8.126587961301476,0.17632221908795817,-3.2538972317554915,-5.656346151011634,-0.2720487456511511,True,False
37,Train/Low/low00078.png,3,8.306212177882575,0.19889489496969986,-3.074273015174393,-5.476721934430536,-0.24947606976940945,True,False
37,Train/Low/low00078.png,4,8.505250878025008,0.2232712903280072,-2.8752343150319604,-5.277683234288103,-0.22509967441110212,True,False
37,Train/Low/low00078.png,5,8.725440621733625,0.24931955853777743,-2.6550445713233426,-5.0574934905794855,-0.19905140620133188,True,False
37,Train/Low/low00078.png,6,8.968646556440142,0.27683299835364883,-2.4118386366168263,-4.814287555872969,-0.17153796638546048,True,False
37,Train/Low/low00078.png,7,9.236865460019386,0.3055255853954414,-2.143619733037582,-4.546068652293725,-0.14284537934366792,True,False
37,Train/Low/low00078.png,8,9.532234434123204,0.3350329648012682,-1.848250758933764,-4.250699678189907,-0.1133379999378411,True,False
37,Train/Low/low00078.png,9,9.857036307126991,0.3649196391101969,-1.5234488859299766,-3.9258978051861195,-0.08345132562891239,True,False
37,Train/Low/low00078.png,10,10.213703785653529,0.39469265766108236,-1.1667814074034393,-3.569230326659582,-0.053678307078026954,True,False
37,Train/Low/low00078.png,11,10.604824644986179,0.4238227382322846,-0.775660548070789,-3.178109467326932,-0.0245482265068247,True,False
37,Train/Low/low00078.png,12,11.03314389182441,0.45177028594487056,-0.34734130123255724,-2.7497902204887,0.003399321205761252,True,False
37,Train/Low/low00078.png,13,11.501553525481183,0.47801436281849147,0.12106833242421544,-2.2813805868319275,0.029643398079382155,True,False
37,Train/Low/low00078.png,14,12.013080594042565,0.5020833768994011,0.632595400985597,-1.769853518270546,0.05371241216029177,True,False
37,Train/Low/low00078.png,15,12.570848527214833,0.5235833590414946,1.1903633341578654,-1.2120855850982775,0.07521239430238524,True,False
37,Train/Low/low00078.png,16,13.178003527435466,0.5422196693446066,1.7975183343784984,-0.6049305848776445,0.09384870460549732,True,False
37,Train/Low/low00078.png,17,13.83758352257245,0.5578104722503374,2.457098329515482,0.05464941025933889,0.1094395075112281,True,False
37,Train/Low/low00078.png,18,14.552269596119867,0.5702918477521752,3.171784403062899,0.7693354838067563,0.12192088301306592,True,False
37,Train/Low/low00078.png,19,15.323946166426623,0.5797138267931629,3.943460973369655,1.5410120541135122,0.13134286205405354,True,False
37,Train/Low/low00078.png,20,16.152914300722983,0.5862269959164911,4.7724291076660155,2.3699801884098726,0.13785603117738177,True,False
37,Train/Low/low00078.png,21,17.03656198882134,0.5900661844677102,5.656076795764372,3.2536278765082294,0.14169521972860089,True,False
37,Train/Low/low00078.png,22,17.967093172248653,0.5915257225874407,6.586607979191685,4.184159059935542,0.14315475784833143,True,False
37,Train/Low/low00078.png,23,18.927938647001817,0.5909331793409819,7.547453453944849,5.145004534688706,0.14256221460187257,True,False
37,Train/Low/low00078.png,24,19.88870291340372,0.5886333917718317,8.508217720346751,6.105768801090608,0.1402624270327224,True,False
37,Train/Low/low00078.png,25,20.79984018508729,0.5849822262677112,9.419354992030323,7.01690607277418,0.13661126152860192,True,False
37,Train/Low/low00078.png,26,21.592797654927946,0.5805446879018683,10.212312461870978,7.809863542614835,0.132173723162759,True,False
37,Train/Low/low00078.png,27,22.197084944879897,0.5759067306981539,10.81659975182293,8.414150832566786,0.1275357659590446,True,True
38,Train/Low/low00127.png,0,5.790745987397791,0.1515039687113997,-4.79232031261547,-8.88345455137088,-0.3452396199728754,True,False
38,Train/Low/low00127.png,1,5.909884707453145,0.1703315781533565,-4.673181592560116,-8.764315831315526,-0.3264120105309186,True,False
38,Train/Low/low00127.png,2,6.042451519516938,0.19066524599036636,-4.540614780496323,-8.631749019251734,-0.30607834269390877,True,False
38,Train/Low/low00127.png,3,6.189633185658713,0.2124358893606265,-4.393433114354548,-8.48456735310996,-0.28430769932364863,True,False
38,Train/Low/low00127.png,4,6.352680735680555,0.23552384006187305,-4.230385564332706,-8.321519803088115,-0.26121974862240205,True,False
38,Train/Low/low00127.png,5,6.532911994874198,0.25975456603435626,-4.050154305139063,-8.141288543894474,-0.23698902264991883,True,False
38,Train/Low/low00127.png,6,6.731709471602157,0.2848962909882106,-3.851356828411104,-7.9424910671665145,-0.21184729769606447,True,False
38,Train/Low/low00127.png,7,6.950513630815511,0.3106605930458885,-3.63255266919775,-7.7236869079531605,-0.1860829956383866,True,False
38,Train/Low/low00127.png,8,7.190819763769676,0.33670777397600865,-3.3922465362435847,-7.483380774998995,-0.16003581470826644,True,False
38,Train/Low/low00127.png,9,7.454168704388496,0.3626561943802703,-3.128897595624765,-7.220031834380175,-0.1340873943040048,True,False
38,Train/Low/low00127.png,10,7.742134543056549,0.3880973121264534,-2.840931756956712,-6.932065995712122,-0.10864627655782172,True,False
38,Train/Low/low00127.png,11,8.056313262999119,0.4126109018531033,-2.5267530370141422,-6.617887275769553,-0.08413268683117181,True,False
38,Train/Low/low00127.png,12,8.398304028580704,0.43578704370175037,-2.1847622714325574,-6.275896510187968,-0.06095654498252473,True,False
38,Train/Low/low00127.png,13,8.769687827096961,0.45724832949627997,-1.8133784729163,-5.90451271167171,-0.039495259187995124,True,False
38,Train/Low/low00127.png,14,9.172005399765762,0.4766701096669212,-1.4110609002474988,-5.502195139002909,-0.0200734790173539,True,False
38,Train/Low/low00127.png,15,9.606719232466144,0.4937975987152796,-0.9763470675471169,-5.067481306302527,-0.002945989968995477,True,False
38,Train/Low/low00127.png,16,10.075178473829599,0.5084587563585887,-0.5078878261836621,-4.5990220649390725,0.011715167674313631,True,False
38,Train/Low/low00127.png,17,10.578565011852167,0.5205705263992532,-0.004501288161094408,-4.095635526916505,0.02382693771497807,True,False
38,Train/Low/low00127.png,18,11.11783952065759,0.5301390983707228,0.534773220644329,-3.5563610181110814,0.03339550968644772,True,False
38,Train/Low/low00127.png,19,11.693652478750828,0.5372532254774802,1.1105861787375666,-2.980548060017844,0.04050963679320513,True,False
38,Train/Low/low00127.png,20,12.306243034438973,0.5420726450748785,1.7231767344257118,-2.3679575043296985,0.04532905639060342,True,False
38,Train/Low/low00127.png,21,12.955309601734452,0.5448130331899024,2.3722433017211912,-1.7188909370342191,0.04806944450562728,True,False
38,Train/Low/low00127.png,22,13.639832289789776,0.5457287269776688,3.0567659897765154,-1.034368248978895,0.04898513829339374,True,False
38,Train/Low/low00127.png,23,14.357842567289383,0.5450954404716034,3.7747762672761223,-0.3163579714792881,0.048351851787328315,True,False
38,Train/Low/low00127.png,24,15.106122288915135,0.5431944992275978,4.5230559889018735,0.43192175014646317,0.04645091054332268,True,False
38,Train/Low/low00127.png,25,15.879826569697373,0.5402993539343115,5.296760269684112,1.205626030928702,0.043555765250036405,True,False
38,Train/Low/low00127.png,26,16.672023544879437,0.536665135773412,6.088957244866176,1.9978230061107656,0.03992154708913692,True,False
38,Train/Low/low00127.png,27,17.47318402388213,0.5325216769939087,6.890117723868869,2.7989834851134585,0.03577808830963364,True,True
39,Train/Low/low00642.png,0,5.640559951250123,0.2481235785946796,-6.129779019039348,-9.1436560688899,-0.39980411829903273,False,False
39,Train/Low/low00642.png,1,5.865072023877102,0.2740899145923945,-5.905266946412369,-8.919143996262921,-0.3738377823013178,False,False
39,Train/Low/low00642.png,2,6.112400402854975,0.3015532571104045,-5.6579385674344955,-8.671815617285047,-0.34637443978330784,False,False
39,Train/Low/low00642.png,3,6.384600429944324,0.3303239888320899,-5.385738540345146,-8.399615590195697,-0.3176037080616224,True,False
39,Train/Low/low00642.png,4,6.6838619979895935,0.3601393349325118,-5.086476972299877,-8.100354022150428,-0.2877883619612005,True,False
39,Train/Low/low00642.png,5,7.012530397358901,0.39066235475717054,-4.7578085729305695,-7.771685622781121,-0.2572653421365418,True,False
39,Train/Low/low00642.png,6,7.373103733879269,0.42148381679495556,-4.397235236410202,-7.411112286260753,-0.22644388009875677,True,False
39,Train/Low/low00642.png,7,7.768222896779946,0.4521302930917515,-4.002116073509525,-7.015993123360076,-0.1957974038019608,True,False
39,Train/Low/low00642.png,8,8.200647775352115,0.4820800083034935,-3.5696911949373558,-6.583568244787907,-0.1658476885902188,True,False
39,Train/Low/low00642.png,9,8.673213242275313,0.5107863103895317,-3.0971257280141575,-6.111002777864709,-0.13714138650418062,True,False
39,Train/Low/low00642.png,10,9.18875494313568,0.5377085848783406,-2.5815840271537915,-5.595461077004343,-0.11021911201537171,True,False
39,Train/Low/low00642.png,11,9.749990383935303,0.5623479174679553,-2.0203485863541673,-5.034225636204718,-0.08557977942575701,True,False
39,Train/Low/low00642.png,12,10.359348033502684,0.5842845202755911,-1.4109909367867868,-4.424867986637338,-0.06364317661812124,True,False
39,Train/Low/low00642.png,13,11.01869636122035,0.603211062467407,-0.7516426090691208,-3.765519658919672,-0.04471663442630536,True,False
39,Train/Low/low00642.png,14,11.728972546970516,0.6189626844705096,-0.041366423318955015,-3.055243473169506,-0.028965012423202707,True,False
39,Train/Low/low00642.png,15,12.489694432272106,0.6315558838715859,0.7193554619826354,-2.2945215878679157,-0.016371813022126425,True,False
39,Train/Low/low00642.png,16,13.298407718054952,0.6411639837181589,1.5280687477654809,-1.4858083020850703,-0.006763713175553465,True,False
39,Train/Low/low00642.png,17,14.150015247070167,0.6480923851524355,2.379676276780696,-0.6342007730698551,0.00016468825872317794,True,False
39,Train/Low/low00642.png,18,15.03598604890605,0.65279241903659,3.2656470786165794,0.2517700287660283,0.004864722142877698,True,False
39,Train/Low/low00642.png,19,15.943781454318767,0.6558333564408025,4.173442484029296,1.1595654341787451,0.007905659547090216,True,False
39,Train/Low/low00642.png,20,16.857454883436137,0.6576056404085531,5.087115913146667,2.0732388632961154,0.009677943514840748,True,False
39,Train/Low/low00642.png,21,17.75644182327516,0.658408304154712,5.98610285298569,2.9722258031351387,0.010480607260999641,True,False
39,Train/Low/low00642.png,22,18.61691113851284,0.6584242775742861,6.84657216822337,3.8326951183728184,0.010496580680573797,True,False
39,Train/Low/low00642.png,23,19.411641343346947,0.6579672568749557,7.641302373057476,4.627425323206925,0.010039559981243396,True,False
39,Train/Low/low00642.png,24,20.115266641962965,0.6571837078650488,8.344927671673494,5.331050621822943,0.009256010971336437,True,False
39,Train/Low/low00642.png,25,20.705058067503685,0.6562773783959174,8.934719097214215,5.920842047363664,0.008349681502205053,True,False
39,Train/Low/low00642.png,26,21.169591583972704,0.6554337412426409,9.399252613683233,6.385375563832682,0.007506044348928542,True,False
39,Train/Low/low00642.png,27,21.50283909907683,0.6545960216971483,9.73250012878736,6.718623078936808,0.006668324803435932,True,True
40,Train/Low/low00539.png,0,7.461072764710711,0.15081812158240626,-6.220537007352582,-9.335952454490872,-0.41471096184247325,False,False
40,Train/Low/low00539.png,1,7.619751927027102,0.1711034582323587,-6.061857845036191,-9.17727329217448,-0.3944256251925208,False,False
40,Train/Low/low00539.png,2,7.796137196257228,0.19337055843133008,-5.885472575806065,-9.000888022944356,-0.3721585249935494,False,False
40,Train/Low/low00539.png,3,7.991911706871301,0.2176050967304747,-5.689698065191992,-8.805113512330282,-0.34792398669440483,False,False
40,Train/Low/low00539.png,4,8.208879471621165,0.2437249019244638,-5.472730300442128,-8.588145747580418,-0.3218041815004157,True,False
40,Train/Low/low00539.png,5,8.448989967753118,0.27156943710838016,-5.2326198043101755,-8.348035251448465,-0.29395964631649935,True,False
40,Train/Low/low00539.png,6,8.71435270758392,0.3008903254044911,-4.967257064479373,-8.082672511617663,-0.2646387580203884,True,False
40,Train/Low/low00539.png,7,9.00725034829029,0.33134607600417637,-4.674359423773003,-7.789774870911293,-0.23418300742070314,True,False
40,Train/Low/low00539.png,8,9.330153084156258,0.36250347715337095,-4.351456687907035,-7.466872135045325,-0.20302560627150856,True,False
40,Train/Low/low00539.png,9,9.685735806278002,0.3938472712717109,-3.9958739657852913,-7.111289412923581,-0.17168181215316863,True,False
40,Train/Low/low00539.png,10,10.076891825758228,0.42479882040098965,-3.6047179463050654,-6.720133393443355,-0.14073026302388986,True,False
40,Train/Low/low00539.png,11,10.506756310487958,0.4547444630072157,-3.174853461575335,-6.2902689087136245,-0.11078462041766379,True,False
40,Train/Low/low00539.png,12,10.978720316749083,0.48307041938555945,-2.70288945531421,-5.8183049024525,-0.08245866403932006,True,False
40,Train/Low/low00539.png,13,11.496441650929432,0.5092017772331809,-2.185168121133861,-5.300583568272151,-0.05632730619169857,True,False
40,Train/Low/low00539.png,14,12.063853585653062,0.5326413664099333,-1.6177561864102312,-4.733171633548521,-0.032887717014946194,True,False
40,Train/Low/low00539.png,15,12.68513454427708,0.5530024045518648,-0.9964752277862132,-4.111890674924503,-0.01252667887301473,True,False
40,Train/Low/low00539.png,16,13.364641532154662,0.570031946549776,-0.3169682399086309,-3.4323836870469204,0.00450286312489645,True,False
40,Train/Low/low00539.png,17,14.106734688317166,0.5836215132954168,0.42512491625387305,-2.6902905308844165,0.018092429870537274,True,False
40,Train/Low/low00539.png,18,14.915424803092282,0.5938048067005073,1.233815031028989,-1.8816004161093005,0.028275723275627773,True,False
40,Train/Low/low00539.png,19,15.79363412422509,0.6007426279134975,2.1120243521617965,-1.003391094976493,0.03521354448861802,True,False
40,Train/Low/low00539.png,20,16.741758851568346,0.6046978116467709,3.0601490795050523,-0.05526636763323722,0.039168728221891436,True,False
40,Train/Low/low00539.png,21,17.75502273038786,0.6060084919518867,4.0734129583245675,0.957997511186278,0.040479408527007155,True,False
40,Train/Low/low00539.png,22,18.81863075845373,0.6050572231653826,5.137020986390436,2.021605539252146,0.039528139740503065,True,False
40,Train/Low/low00539.png,23,19.8997944813043,0.6022430955969622,6.218184709241008,3.1027692621027185,0.0367140121720827,True,False
40,Train/Low/low00539.png,24,20.936882597451977,0.5979582963549,7.255272825388683,4.139857378250394,0.032429212930020546,True,False
40,Train/Low/low00539.png,25,21.831594988693688,0.5925702757282396,8.149985216630395,5.034569769492105,0.027041192303360106,True,False
40,Train/Low/low00539.png,26,22.46077568209946,0.5864097200113655,8.779165910036166,5.663750462897877,0.02088063658648598,True,False
40,Train/Low/low00539.png,27,22.724905892185305,0.5797639509031295,9.043296120122012,5.927880672983722,0.01423486747824998,True,True
41,Train/Low/low00571.png,0,5.979698717867108,0.26051963314365273,-6.602923479488481,-8.63535838937393,-0.2837458958767613,False,False
41,Train/Low/low00571.png,1,6.208212201916025,0.2861286874608506,-6.374409995439564,-8.406844905325014,-0.25813684155956346,False,False
41,Train/Low/low00571.png,2,6.461399207201433,0.31275404964845605,-6.1212229901541555,-8.153657900039606,-0.23151147937195798,False,False
41,Train/Low/low00571.png,3,6.7416710544143985,0.3401128474336124,-5.84095114294119,-7.873386052826641,-0.2041526815868016,False,False
41,Train/Low/low00571.png,4,7.0516589783075005,0.36785819999963765,-5.530963219048088,-7.563398128933539,-0.17640732902077638,True,False
41,Train/Low/low00571.png,5,7.394242231437883,0.3955860928735404,-5.188379965917705,-7.220814875803156,-0.14867943614687362,True,False
41,Train/Low/low00571.png,6,7.772574177538884,0.4228475604416673,-4.810048019816705,-6.842482929702156,-0.1214179685787467,True,False
41,Train/Low/low00571.png,7,8.190100921039418,0.44916599124940454,-4.39252127631617,-6.424956186201621,-0.09509953777100949,True,False
41,Train/Low/low00571.png,8,8.650584654723882,0.47406020204815297,-3.932037542631706,-5.964472452517157,-0.07020532697226106,True,False
41,Train/Low/low00571.png,9,9.158112898154792,0.49707101312193763,-3.424509299200796,-5.456944209086247,-0.0471945158984764,True,False
41,Train/Low/low00571.png,10,9.717092747922644,0.5177892315296234,-2.8655294494329446,-4.8979643593183955,-0.026476297490790612,True,False
41,Train/Low/low00571.png,11,10.33223428316739,0.5358827755905212,-2.250387914188199,-4.28282282407365,-0.008382753429892809,True,False
41,Train/Low/low00571.png,12,11.008471543910453,0.5511185369387601,-1.5741506534451357,-3.6065855633305866,0.006853007918346088,True,False
41,Train/Low/low00571.png,13,11.750810410878758,0.5633771028460497,-0.8318117864768304,-2.8642466963622812,0.019111573825635664,True,False
41,Train/Low/low00571.png,14,12.564021917077179,0.57265823425954,-0.018600280278409542,-2.0510351901638604,0.02839270523912596,True,False
41,Train/Low/low00571.png,15,13.452089881415937,0.579076118763025,0.8694676840603481,-1.1629672258251027,0.034810589742610976,True,False
41,Train/Low/low00571.png,16,14.417189004951114,0.5828459056015524,1.8345668075955253,-0.19786810228992557,0.03858037658113833,True,False
41,Train/Low/low00571.png,17,15.457869466549308,0.5842631033168151,2.8752472691937196,0.8428123593082688,0.03999757429640105,True,False
41,Train/Low/low00571.png,18,16.565870867680253,0.5836797123033447,3.983248670324665,1.950813760439214,0.03941418328293067,True,False
41,Train/Low/low00571.png,19,17.720803120695127,0.5814799834448977,5.138180923339538,3.1057460134540875,0.03721445442448368,True,False
41,Train/Low/low00571.png,20,18.88217750721159,0.578058329591328,6.299555309856002,4.267120399970551,0.03379280057091394,True,False
41,Train/Low/low00571.png,21,19.98037202401338,0.5737992266757068,7.397749826657792,5.365314916772341,0.02953369765529279,True,False
41,Train/Low/low00571.png,22,20.914233083834077,0.5690592885498503,8.331610886478488,6.2991759765930375,0.0247937595294363,True,False
41,Train/Low/low00571.png,23,21.570845139592052,0.5641509376205284,8.988222942236463,6.955788032351013,0.01988540860011434,True,False
41,Train/Low/low00571.png,24,21.874316791415534,0.559330036679547,9.291694594059946,7.259259684174495,0.01506450765913292,True,True
41,Train/Low/low00571.png,25,21.83102046941826,0.5547905071014121,9.248398272062671,7.21596336217722,0.01052497808099806,True,False
41,Train/Low/low00571.png,26,21.52228727507233,0.5506667617606018,8.939665077716741,6.90723016783129,0.006401232740187779,True,False
41,Train/Low/low00571.png,27,21.053517160273962,0.5470406232222881,8.470894962918374,6.438460053032923,0.002775094201874051,True,False
42,Train/Low/low00243.png,0,7.057668018480819,0.2756476343672037,-8.849288176871152,-11.223614284403535,-0.4838882911513805,False,False
42,Train/Low/low00243.png,1,7.298092583441243,0.3076297531525182,-8.608863611910728,-10.98318971944311,-0.45190617236606595,False,False
42,Train/Low/low00243.png,2,7.56529843282803,0.34175227275780923,-8.34165776252394,-10.715983870056323,-0.41778365276077495,False,False
42,Train/Low/low00243.png,3,7.86213713272799,0.3777711620212969,-8.04481906262398,-10.419145170156362,-0.3817647634972873,False,False
42,Train/Low/low00243.png,4,8.191775802506365,0.41533560193898256,-7.715180392845605,-10.089506500377988,-0.3442003235796016,False,False
42,Train/Low/low00243.png,5,8.557767603369651,0.4539871690684046,-7.349188591982319,-9.723514699514702,-0.3055487564501796,False,False
42,Train/Low/low00243.png,6,8.964123722393506,0.49316503640035864,-6.9428324729584645,-9.317158580490847,-0.26637088911822554,False,False
42,Train/Low/low00243.png,7,9.415394659331385,0.53222066894218,-6.491561536020585,-8.865887643552968,-0.22731525657640417,False,False
42,Train/Low/low00243.png,8,9.9167829838302,0.570445430875373,-5.990173211521769,-8.364499319054152,-0.18909049464321115,False,False
42,Train/Low/low00243.png,9,10.474273188283881,0.6070989291104608,-5.432683007068089,-7.807009114600472,-0.15243699640812336,True,False
42,Train/Low/low00243.png,10,11.09483477944332,0.6414664873652042,-4.812121415908651,-7.186447523441034,-0.11806943815338,True,False
42,Train/Low/low00243.png,11,11.786703638686964,0.6729041624929584,-4.120252556665006,-6.494578664197389,-0.08663176302562581,True,False
42,Train/Low/low00243.png,12,12.55983762211736,0.700877912756439,-3.34711857323461,-5.721444680766993,-0.05865801276214522,True,False
42,Train/Low/low00243.png,13,13.426351763765563,0.7249491585278159,-2.480604431586407,-4.85493053911879,-0.034586766990768236,True,False
42,Train/Low/low00243.png,14,14.40097257582118,0.7448426866254751,-1.5059836195307899,-3.880309727063173,-0.014693238893109029,True,False
42,Train/Low/low00243.png,15,15.501806482046806,0.760488099362187,-0.405149713305164,-2.779475820837547,0.0009521738436027993,True,False
42,Train/Low/low00243.png,16,16.75122113990907,0.7719899988175659,0.8442649445571,-1.530061162975283,0.012454073298981738,True,False
42,Train/Low/low00243.png,17,18.17637012955262,0.7795948266079074,2.2694139342006494,-0.10491217333173353,0.020058901089323178,True,False
42,Train/Low/low00243.png,18,19.807708844227548,0.7836761865143878,3.900752648875578,1.526426541343195,0.024140260995803575,True,False
42,Train/Low/low00243.png,19,21.669099383410288,0.7847194590725205,5.762143188058317,3.3878170805259344,0.02518353355393632,True,False
42,Train/Low/low00243.png,20,23.737568229366573,0.7832580338827015,7.830612034014603,5.45628592648222,0.023722108364117367,True,False
42,Train/Low/low00243.png,21,25.814180306727692,0.779847453948575,9.907224111375722,7.532898003843339,0.020311528429990844,True,False
42,Train/Low/low00243.png,22,27.282427031385915,0.775014349024936,11.375470836033944,9.001144728501561,0.015478423506351868,True,False
42,Train/Low/low00243.png,23,27.362408988759878,0.7692818485083969,11.455452793407908,9.081126685875525,0.009745922989812694,True,True
42,Train/Low/low00243.png,24,26.248487420380613,0.7630930271291572,10.341531225028643,7.96720511749626,0.003557101610572988,True,False
42,Train/Low/low00243.png,25,24.773914008731047,0.7567984807832713,8.866957813379077,6.492631705846694,-0.0027374447353128994,True,False
42,Train/Low/low00243.png,26,23.40063261122917,0.7506830771246614,7.4936764158772,5.119350308344817,-0.008852848393922752,True,False
42,Train/Low/low00243.png,27,22.246652057498988,0.7449581334641505,6.339695862147018,3.9653697546146347,-0.014577792054433658,True,False
43,Train/Low/low00450.png,0,23.132714377453695,0.9277268230278638,11.735400114861944,12.624244304752548,0.24737954097510761,True,False
43,Train/Low/low00450.png,1,26.07697233835956,0.9470522657403129,14.67965807576781,15.568502265658413,0.2667049836875567,True,False
43,Train/Low/low00450.png,2,30.11550543211843,0.9566811468427953,18.718191169526676,19.60703535941728,0.2763338647900391,True,False
43,Train/Low/low00450.png,3,32.52990799891308,0.9568240362200223,21.132593736321333,22.021437926211934,0.27647675416726614,True,True
43,Train/Low/low00450.png,4,28.528705626713823,0.9481958762604884,17.131391364122074,18.020235554012675,0.2678485942077322,True,False
43,Train/Low/low00450.png,5,24.34336363553492,0.9319391433621542,12.94604937294317,13.834893562833773,0.25159186130939803,True,False
43,Train/Low/low00450.png,6,21.24312317483319,0.909474369348383,9.84580891224144,10.734653102132043,0.2291270872956268,True,False
43,Train/Low/low00450.png,7,18.876540571660748,0.8822944422329074,7.479226309068997,8.3680704989596,0.20194716018015124,True,False
43,Train/Low/low00450.png,8,16.99180257452841,0.851873493528761,5.59448831193666,6.483332501827263,0.17152621147600478,True,False
43,Train/Low/low00450.png,9,15.45437254516046,0.819763497670818,4.057058282568709,4.945902472459313,0.13941621561806183,True,False
43,Train/Low/low00450.png,10,14.171788679326692,0.7873287535714916,2.7744744167349413,3.6633186066255448,0.10698147151873538,True,False
43,Train/Low/low00450.png,11,13.09483708709341,0.7557062346204297,1.6975228245016591,2.5863670143922626,0.07535895256767355,True,False
43,Train/Low/low00450.png,12,12.192174707977957,0.7258896529013283,0.794860445386206,1.6837046352768095,0.045542370848572156,True,False
43,Train/Low/low00450.png,13,11.441115096077246,0.6986349137482771,0.043800833485494906,0.9326450233760983,0.018287631695520945,True,False
43,Train/Low/low00450.png,14,10.820157850722982,0.6742989421418224,-0.5771564118687689,0.31168777802183456,-0.0060483399109337865,True,False
43,Train/Low/low00450.png,15,10.31306097401612,0.6529935114904877,-1.0842532885756313,-0.19540909868502787,-0.02735377056226851,True,False
43,Train/Low/low00450.png,16,9.905353718093943,0.6347261102987576,-1.4919605444978075,-0.603116354607204,-0.0456211717539986,True,False
43,Train/Low/low00450.png,17,9.58511884494403,0.6195086196321429,-1.81219541764772,-0.9233512277571165,-0.06083866242061331,True,False
43,Train/Low/low00450.png,18,9.33895227308984,0.6071374034391718,-2.058361989501911,-1.1695177996113078,-0.07320987861358441,True,False
43,Train/Low/low00450.png,19,9.153479343898109,0.5973874842152164,-2.2438349186936417,-1.3549907288030383,-0.08295979783753982,True,False
43,Train/Low/low00450.png,20,9.018438787622316,0.5900662547258461,-2.378875474969435,-1.4900312850788318,-0.09028102732691012,True,False
43,Train/Low/low00450.png,21,8.924180031611375,0.584892022258975,-2.473134230980376,-1.5842900410897727,-0.09545525979378122,True,False
43,Train/Low/low00450.png,22,8.86188105499519,0.5815433797771784,-2.5354332075965615,-1.6465890177059581,-0.09880390227557778,True,False
43,Train/Low/low00450.png,23,8.825082754809843,0.5797601774081735,-2.5722315077819076,-1.6833873178913041,-0.10058710464458265,True,False
43,Train/Low/low00450.png,24,8.807659343137114,0.5792786861132023,-2.5896549194546363,-1.700810729564033,-0.10106859593955386,True,False
43,Train/Low/low00450.png,25,8.804344775096455,0.5798086685978375,-2.5929694874952958,-1.7041252976046923,-0.10053861345491866,True,False
43,Train/Low/low00450.png,26,8.810647593452579,0.5810967147081827,-2.5866666691391718,-1.6978224792485683,-0.09925056734457349,True,False
43,Train/Low/low00450.png,27,8.82338204427043,0.5829221464353334,-2.573932218321321,-1.6850880284307177,-0.09742513561742283,True,False
44,Train/Low/low00339.png,0,9.17583746732558,0.11415792745265065,-0.09437878655382725,-0.09813063240227926,0.007419247088807451,True,False
44,Train/Low/low00339.png,1,9.269702469931111,0.11111609686858447,-0.0005137839482962647,-0.0042656297967482715,0.004377416504741272,True,False
44,Train/Low/low00339.png,2,9.369348480916477,0.10782515133173506,0.09913222703706914,0.09538038118861714,0.00108647096789187,True,False
44,Train/Low/low00339.png,3,9.474774040838092,0.10436692485579739,0.20455778695868432,0.2008059411102323,-0.002371755508045803,True,False
44,Train/Low/low00339.png,4,9.585855560343937,0.10081773554544428,0.3156393064645293,0.3118874606160773,-0.0059209448183989155,True,False
44,Train/Low/low00339.png,5,9.702348859909907,0.0972450186561534,0.43213260603049974,0.42838076018204774,-0.009493661707689796,True,False
44,Train/Low/low00339.png,6,9.823873632481314,0.09370557379851396,0.5536573786019066,0.5499055327534546,-0.01303310656532923,True,False
44,Train/Low/low00339.png,7,9.949890465394784,0.09024506071446456,0.6796742115153762,0.6759223656669242,-0.016493619649378635,True,False
44,Train/Low/low00339.png,8,10.079681542616356,0.08689823393487833,0.8094652887369485,0.8057134428884964,-0.01984044642896486,True,False
44,Train/Low/low00339.png,9,10.21233242134812,0.08368985629247547,0.9421161674687131,0.9383643216202611,-0.023048824071367727,True,False
44,Train/Low/low00339.png,10,10.346718538147993,0.08063602880510834,1.0765022842685852,1.0727504384201332,-0.026102651558734855,True,False
44,Train/Low/low00339.png,11,10.481499429899346,0.07774565773435824,1.211283176019938,1.207531330171486,-0.028993022629484957,True,False
44,Train/Low/low00339.png,12,10.61512542460131,0.07502194472405382,1.3449091707219019,1.3411573248734499,-0.03171673563978937,True,False
44,Train/Low/low00339.png,13,10.745852856555814,0.07246381058436911,1.4756366026764063,1.4718847568279543,-0.03427486977947408,True,False
44,Train/Low/low00339.png,14,10.87178482728291,0.07006705144817676,1.6015685734035028,1.5978167275550508,-0.03667162891566643,True,False
44,Train/Low/low00339.png,15,10.990920718771742,0.06782535553812956,1.720704464892334,1.716952619043882,-0.038913324825713635,True,False
44,Train/Low/low00339.png,16,11.101233170786276,0.06573111726569854,1.8310169169068686,1.8272650710584166,-0.041007563098144656,True,False
44,Train/Low/low00339.png,17,11.200755297509007,0.06377599070151059,1.930539043629599,1.926787197781147,-0.042962689662332604,True,False
44,Train/Low/low00339.png,18,11.287689039954444,0.06195142522817521,2.017472786075036,2.013720940226584,-0.04478725513566798,True,False
44,Train/Low/low00339.png,19,11.360510872510527,0.060248836981135125,2.0902946186311198,2.0865427727826678,-0.04648984338270807,True,False
44,Train/Low/low00339.png,20,11.418063467332804,0.05865998970569154,2.147847213453396,2.144095367604944,-0.04807869065815165,True,False
44,Train/Low/low00339.png,21,11.459644333849425,0.05717727283927997,2.1894280799700176,2.1856762341215656,-0.04956140752456322,True,False
44,Train/Low/low00339.png,22,11.485063606375572,0.05579349176041981,2.2148473524961645,2.2110955066477125,-0.05094518860342338,True,False
44,Train/Low/low00339.png,23,11.494769602920185,0.05450198959122862,2.224553349040777,2.220801503192325,-0.05223669077261457,True,True
44,Train/Low/low00339.png,24,11.489747548780171,0.053297166757231826,2.2195312949007633,2.2157794490523113,-0.05344151360661137,True,False
44,Train/Low/low00339.png,25,11.471492714927347,0.05217365747612872,2.2012764610479394,2.1975246151994874,-0.054565022887714476,True,False
44,Train/Low/low00339.png,26,11.441902092415619,0.051126339923686405,2.171685838536211,2.167933992687759,-0.05561234044015679,True,False
44,Train/Low/low00339.png,27,11.402920210306773,0.05015027013394645,2.132703956427365,2.128952110578913,-0.056588410229896746,True,False
45,Train/Low/low00106.png,0,5.364477703803505,0.12555434154725342,-1.737373768879018,-2.0687103959560247,-0.22365610256440865,True,False
45,Train/Low/low00106.png,1,5.448675117644408,0.13776447592263033,-1.6531763550381156,-1.9845129821151222,-0.21144596818903175,True,False
45,Train/Low/low00106.png,2,5.541421277987817,0.15107211589420036,-1.560430194694706,-1.8917668217717125,-0.19813832821746172,True,False
45,Train/Low/low00106.png,3,5.643264194658563,0.16547726609691804,-1.45858727802396,-1.7899239051009666,-0.18373317801474404,True,False
45,Train/Low/low00106.png,4,5.754728151989893,0.18095230326262216,-1.3471233206926305,-1.6784599477696371,-0.16825814084903992,True,False
45,Train/Low/low00106.png,5,5.876304735893568,0.1974328957007024,-1.2255467367889556,-1.5568833638659623,-0.15177754841095967,True,False
45,Train/Low/low00106.png,6,6.00843725420413,0.21481430837027987,-1.0934142184783928,-1.4247508455553994,-0.1343961357413822,True,False
45,Train/Low/low00106.png,7,6.151499532461741,0.23295032565298723,-0.9503519402207825,-1.2816885672977891,-0.11626011845867484,True,False
45,Train/Low/low00106.png,8,6.305775234758367,0.25165456192812996,-0.7960762379241562,-1.1274128650011628,-0.09755588218353212,True,False
45,Train/Low/low00106.png,9,6.471430405342469,0.270703674777151,-0.6304210673400545,-0.9617576944170612,-0.07850676933451106,True,False
45,Train/Low/low00106.png,10,6.648483927587488,0.2898434925651177,-0.45336754509503496,-0.7847041721720416,-0.059366951546544366,True,False
45,Train/Low/low00106.png,11,6.8367768596604686,0.30879807641012874,-0.2650746130220547,-0.5964112400990613,-0.040412367701533336,True,False
45,Train/Low/low00106.png,12,7.035939425561293,0.3272812545641082,-0.06591204712123044,-0.39724867419823706,-0.02192918954755385,True,False
45,Train/Low/low00106.png,13,7.245354916736319,0.34501166219930235,0.14350344405379545,-0.18783318302321117,-0.004198781912359728,True,False
45,Train/Low/low00106.png,14,7.464130888110998,0.36172104047688625,0.36227941542847475,0.03094278835146813,0.01251059636522417,True,False
45,Train/Low/low00106.png,15,7.691069111637699,0.3771727692351772,0.5892176389551755,0.2578810118781689,0.027962325123515097,True,False
45,Train/Low/low00106.png,16,7.924647939800225,0.3911727003686013,0.8227964671177022,0.49145984004069554,0.04196225625693922,True,False
45,Train/Low/low00106.png,17,8.163016868057149,0.403577813891067,1.0611653953746254,0.7298287682976188,0.05436736977940493,True,False
45,Train/Low/low00106.png,18,8.404008169686904,0.4143007479790341,1.3021566970043805,0.9708200699273739,0.06509030386737202,True,False
45,Train/Low/low00106.png,19,8.64516841732816,0.42331201583141226,1.5433169446456363,1.2119803175686297,0.07410157171975018,True,False
45,Train/Low/low00106.png,20,8.883820005148925,0.4306372330224051,1.7819685324664016,1.450631905389395,0.08142678891074301,True,False
45,Train/Low/low00106.png,21,9.117147468299608,0.43634977959862803,2.015295995617085,1.6839593685400782,0.08713933548696595,True,False
45,Train/Low/low00106.png,22,9.342311544349645,0.44056492136140746,2.2404600716671217,1.909123444590115,0.09135447724974538,True,False
45,Train/Low/low00106.png,23,9.556583254022295,0.44343710516364265,2.4547317813397713,2.1233951542627647,0.09422666105198058,True,False
45,Train/Low/low00106.png,24,9.757484338567744,0.4451228513772694,2.655632865885221,2.3242962388082145,0.09591240726560735,True,False
45,Train/Low/low00106.png,25,9.942914264034833,0.44578892795224123,2.84106279135231,2.5097261642753033,0.09657848384057915,True,False
45,Train/Low/low00106.png,26,10.111269554464467,0.4456058993358158,3.009418081781944,2.6780814547049374,0.09639545522415371,True,False
45,Train/Low/low00106.png,27,10.261519127296452,0.4447639328891731,3.159667654613929,2.8283310275369224,0.09555348877751102,True,True
46,Train/Low/low00513.png,0,7.7128058659023235,0.0948370824166457,-2.767041452530872,-4.493053285118959,-0.34316950452336614,True,False
46,Train/Low/low00513.png,1,7.7918254191399905,0.10207033832676267,-2.6880218992932052,-4.414033731881292,-0.33593624861324917,True,False
46,Train/Low/low00513.png,2,7.879666270984135,0.110293370304943,-2.6001810474490608,-4.326192880037148,-0.3277132166350688,True,False
46,Train/Low/low00513.png,3,7.977068722032712,0.11959695016694609,-2.502778596400484,-4.228790428988571,-0.3184096367730657,True,False
46,Train/Low/low00513.png,4,8.084780759095821,0.1300651162981753,-2.3950665593373746,-4.121078391925462,-0.3079414706418365,True,False
46,Train/Low/low00513.png,5,8.203567756137526,0.14177178751953068,-2.27627956229567,-4.002291394883757,-0.29623479942048114,True,False
46,Train/Low/low00513.png,6,8.334207918451526,0.15477523863895287,-2.14563939998167,-3.871651232569757,-0.28323134830105895,True,False
46,Train/Low/low00513.png,7,8.477482513426365,0.1691116230207943,-2.002364805006831,-3.728376637594918,-0.2688949639192175,True,False
46,Train/Low/low00513.png,8,8.634166544510629,0.18478811265460382,-1.8456807739225667,-3.571692606510654,-0.253218474285408,True,False
46,Train/Low/low00513.png,9,8.805015677093067,0.20177602980654757,-1.6748316413401287,-3.400843473928216,-0.23623055713346425,True,False
46,Train/Low/low00513.png,10,8.990750294209594,0.2200044000583129,-1.489097024223602,-3.215108856811689,-0.21800218688169892,True,False
46,Train/Low/low00513.png,11,9.192039695695243,0.23935548167892629,-1.2878076227379527,-3.01381945532604,-0.19865110526108554,True,False
46,Train/Low/low00513.png,12,9.409482356668539,0.2596625100225833,-1.070364961764657,-2.796376794352744,-0.17834407691742854,True,False
46,Train/Low/low00513.png,13,9.643581594612888,0.28071047772193986,-0.8362657238203077,-2.562277556408395,-0.15729610921807197,True,False
46,Train/Low/low00513.png,14,9.894723565463062,0.30224135470413577,-0.5851237529701336,-2.3111355855582207,-0.13576523223587605,True,False
46,Train/Low/low00513.png,15,10.16314798352525,0.3239629018631996,-0.31669933490794655,-2.0427111674960337,-0.11404368507681223,True,False
46,Train/Low/low00513.png,16,10.448919198792542,0.34556132920928895,-0.030928119640654117,-1.7569399522287412,-0.09244525773072287,True,False
46,Train/Low/low00513.png,17,10.75189658569077,0.3667167748604314,0.2720492672575734,-1.4539625653305137,-0.0712898120795804,True,False
46,Train/Low/low00513.png,18,11.071700748479197,0.3871197552816623,0.591853430046001,-1.134158402542086,-0.05088683165834951,True,False
46,Train/Low/low00513.png,19,11.407682384084767,0.40648732886646377,0.9278350656515713,-0.7981767669365158,-0.03151925807354805,True,False
46,Train/Low/low00513.png,20,11.758882524165529,0.4245766446071982,1.2790352057323329,-0.44697662685575423,-0.013429942332813638,True,False
46,Train/Low/low00513.png,21,12.124011388187462,0.4411959515011025,1.6441640697542663,-0.08184776283382078,0.0031893645610907018,True,False
46,Train/Low/low00513.png,22,12.50141725886747,0.45621048967092503,2.021569940434274,0.29555810784618686,0.018203902730913213,True,False
46,Train/Low/low00513.png,23,12.889063627530884,0.46954410122955303,2.4092163090976886,0.6832044765096015,0.03153751428954121,True,False
46,Train/Low/low00513.png,24,13.284520674366146,0.48117677609179477,2.80467335593295,1.0786615233448629,0.043170189151782945,True,False
46,Train/Low/low00513.png,25,13.684970515526622,0.49113886568970905,3.2051231970934264,1.4791113645053393,0.053132278749697226,True,False
46,Train/Low/low00513.png,26,14.087220178109074,0.499502576408303,3.6073728596758787,1.8813610270877916,0.06149598946829116,True,False
46,Train/Low/low00513.png,27,14.487752875906807,0.5063726745533653,4.007905557473611,2.281893724885524,0.0683660876133535,True,True
47,Train/Low/low00114.png,0,3.6860081375243614,0.05019754124762172,-1.339433825890144,-1.8684915456862572,-0.15038254309149404,True,False
47,Train/Low/low00114.png,1,3.7328464640999712,0.05713876301534782,-1.292595499314534,-1.8216532191106474,-0.14344132132376794,True,False
47,Train/Low/low00114.png,2,3.785125958430464,0.06474848263498757,-1.2403160049840412,-1.7693737247801544,-0.13583160170412817,True,False
47,Train/Low/low00114.png,3,3.8432900408203348,0.07302201766996047,-1.1821519225941706,-1.7112096423902838,-0.12755806666915528,True,False
47,Train/Low/low00114.png,4,3.9077882143283094,0.08193724985564049,-1.117653749086196,-1.6467114688823092,-0.11864283448347526,True,False
47,Train/Low/low00114.png,5,3.9790723321659365,0.09145304151795602,-1.0463696312485689,-1.5754273510446821,-0.10912704282115973,True,False
47,Train/Low/low00114.png,6,4.057590918646107,0.10150843321233673,-0.9678510447683983,-1.4969087645645116,-0.09907165112677903,True,False
47,Train/Low/low00114.png,7,4.1437812294032375,0.11202286851519304,-0.8816607340112679,-1.4107184538073811,-0.08855721582392272,True,False
47,Train/Low/low00114.png,8,4.2380611583526,0.12289775198938285,-0.7873808050619049,-1.3164385248580182,-0.0776823323497329,True,False
47,Train/Low/low00114.png,9,4.340817865740246,0.13401820319686464,-0.6846240976742592,-1.2136818174703725,-0.06656188114225112,True,False
47,Train/Low/low00114.png,10,4.452397431134652,0.14525769036973857,-0.5730445322798534,-1.1021022520759667,-0.05532239396937719,True,False
47,Train/Low/low00114.png,11,4.57309217282255,0.1564821620918201,-0.45234979059195535,-0.9814075103880686,-0.04409792224729567,True,False
47,Train/Low/low00114.png,12,4.703129006938174,0.16755536747659922,-0.3223129564763312,-0.8513706762724444,-0.03302471686251654,True,False
47,Train/Low/low00114.png,13,4.842653418764669,0.17834384849530321,-0.18278854464983674,-0.71184626444595,-0.02223623584381254,True,False
47,Train/Low/low00114.png,14,4.99171914689061,0.1887223346534361,-0.03372281652389564,-0.5627805363200089,-0.011857749685679653,True,False
47,Train/Low/low00114.png,15,5.150273130792864,0.1985782096390202,0.12483116737835864,-0.4042265524177546,-0.0020018747000955517,True,False
47,Train/Low/low00114.png,16,5.318145099938713,0.20781529222741568,0.29270313652420743,-0.23635458327190584,0.007235207888299927,True,False
47,Train/Low/low00114.png,17,5.495037160589189,0.21635653592719964,0.4695951971746837,-0.05946252262142959,0.015776451588083884,True,False
47,Train/Low/low00114.png,18,5.680518599013222,0.22414565500623787,0.655076635598717,0.12601891580260371,0.023565570667122115,True,False
47,Train/Low/low00114.png,19,5.874020067429042,0.2311473745962816,0.8485781040145364,0.3195203842184231,0.03056729025716584,True,False
47,Train/Low/low00114.png,20,6.074833642392342,0.23734734622602655,1.0493916789778366,0.5203339591817233,0.03676726188691079,True,False
47,Train/Low/low00114.png,21,6.282119524789089,0.24275043130961216,1.256677561374584,0.7276198415784707,0.0421703469704964,True,False
47,Train/Low/low00114.png,22,6.494916467939829,0.24737826588150783,1.4694745045253237,0.9404167847292104,0.04679818154239207,True,False
47,Train/Low/low00114.png,23,6.7121551624997,0.25126680529243384,1.6867131990851947,1.1576554792890814,0.05068672095331808,True,False
47,Train/Low/low00114.png,24,6.9326780008919,0.25446272801831643,1.9072360374773947,1.3781783176812814,0.053882643679200676,True,False
47,Train/Low/low00114.png,25,7.155266855208544,0.2570215145401275,2.1298248917940388,1.6007671719979255,0.05644143020101175,True,False
47,Train/Low/low00114.png,26,7.378664724038552,0.25900651705524075,2.353222760624047,1.8241650408279337,0.05842643271612499,True,False
47,Train/Low/low00114.png,27,7.601614548461468,0.2604971777471996,2.5761725850469626,2.0471148652508493,0.05991709340808385,True,True
48,Train/Low/low00137.png,0,5.064092827934703,0.04852507125597579,-1.281947966648815,-1.5654743618231226,-0.14078463468665955,True,False
48,Train/Low/low00137.png,1,5.114434839644542,0.055401261445466955,-1.231605954938976,-1.5151323501132836,-0.1339084444971684,True,False
48,Train/Low/low00137.png,2,5.170670598173532,0.06295550491036996,-1.1753701964099852,-1.4588965915842929,-0.1263542010322654,True,False
48,Train/Low/low00137.png,3,5.233291437958351,0.07118230795333876,-1.1127493566251667,-1.3962757517994744,-0.1181273979892966,True,False
48,Train/Low/low00137.png,4,5.302796510437863,0.08005707274493372,-1.0432442841456542,-1.3267706793199618,-0.10925263319770163,True,False
48,Train/Low/low00137.png,5,5.379690553445315,0.08953429201687352,-0.9663502411382021,-1.2498766363125098,-0.09977541392576184,True,False
48,Train/Low/low00137.png,6,5.4644770733139945,0.09954619450678472,-0.8815637212695231,-1.1650901164438308,-0.08976351143585064,True,False
48,Train/Low/low00137.png,7,5.557650206619087,0.11000264749294407,-0.7883905879644306,-1.0719169831387383,-0.07930705844969128,True,False
48,Train/Low/low00137.png,8,5.659685400642182,0.12079255657796004,-0.6863553939413354,-0.969881789115643,-0.06851714936467532,True,False
48,Train/Low/low00137.png,9,5.771028078147883,0.1317867257248638,-0.5750127164356345,-0.8585391116099421,-0.05752298021777155,True,False
48,Train/Low/low00137.png,10,5.892081404152978,0.1428424485976903,-0.4539593904305397,-0.7374857856048473,-0.04646725734494506,True,False
48,Train/Low/low00137.png,11,6.023190254720676,0.15380907946272035,-0.3228505398628414,-0.6063769350371491,-0.035500626479915004,True,False
48,Train/Low/low00137.png,12,6.1646296967276895,0.16453515849332193,-0.1814110978558281,-0.46493749303013576,-0.024774547449313428,True,False
48,Train/Low/low00137.png,13,6.316586379101202,0.1748750622285251,-0.029454415482315532,-0.3129808106566232,-0.01443464371411024,True,False
48,Train/Low/low00137.png,14,6.47914517996294,0.1846950162064482,0.13310438537942204,-0.15042200979488562,-0.004614689736187144,True,False
48,Train/Low/low00137.png,15,6.652270830805396,0.1938790345542156,0.30623003622187817,0.0227036410475705,0.004569328611580242,True,False
48,Train/Low/low00137.png,16,6.8357945018419475,0.20233317888036226,0.4897537072584299,0.20622731208412226,0.013023472937726904,True,False
48,Train/Low/low00137.png,17,7.029400358023194,0.20998900651925395,0.6833595634396765,0.39983316826536885,0.020679300576618598,True,False
48,Train/Low/low00137.png,18,7.2326168987889075,0.21680316541668224,0.8865761042053899,0.6030497090310822,0.027493459474046883,True,False
48,Train/Low/low00137.png,19,7.444809712222784,0.22275888682125705,1.0987689176392665,0.8152425224649589,0.0334491808786217,True,False
48,Train/Low/low00137.png,20,7.665176857225329,0.22786054103502748,1.3191360626418112,1.0356096674675035,0.03855083509239213,True,False
48,Train/Low/low00137.png,21,7.892756912114788,0.2321332302600823,1.54671611753127,1.2631897223569624,0.04282352431744696,True,False
48,Train/Low/low00137.png,22,8.126437663002593,0.2356188959932561,1.780396868419075,1.4968704732447673,0.04630919005062076,True,False
48,Train/Low/low00137.png,23,8.36497153988895,0.2383735261367877,2.0189307453054326,1.735404350131125,0.04906382019415234,True,False
48,Train/Low/low00137.png,24,8.607000109689093,0.24046190165245485,2.260959315105575,1.9774329199312675,0.05115219570981949,True,False
48,Train/Low/low00137.png,25,8.85108613819274,0.24195418677569186,2.505045343609222,2.2215189484349143,0.052644480833056506,True,False
48,Train/Low/low00137.png,26,9.095740697015959,0.24292458851070778,2.7496999024324413,2.4661735072581337,0.053614882568072425,True,False
48,Train/Low/low00137.png,27,9.339465781276102,0.24344686760772205,2.9934249866925846,2.709898591518277,0.0541371616650867,True,True
49,Train/Low/low00365.png,0,11.027625773222443,0.21943176635377115,-0.96671175086753,0.1887336956468264,0.015172227772431074,True,False
49,Train/Low/low00365.png,1,11.339431569232818,0.2228647397135817,-0.6549059548571545,0.5005394916572019,0.018605201132241622,True,False
49,Train/Low/low00365.png,2,11.675550880056491,0.22555229925570897,-0.3187866440334819,0.8366588024808745,0.021292760674368888,True,False
49,Train/Low/low00365.png,3,12.036231468818679,0.22743131350284243,0.04189394472870589,1.1973393912430623,0.023171774921502353,True,False
49,Train/Low/low00365.png,4,12.420778167303467,0.22845726490210197,0.4264406432134944,1.5818860897278508,0.024197726320761892,True,False
49,Train/Low/low00365.png,5,12.827186700206099,0.22860655444414754,0.8328491761161256,1.988294622630482,0.024347015862807464,True,False
49,Train/Low/low00365.png,6,13.25156310644865,0.2278783922884686,1.2572255823586769,2.4126710288730333,0.023618853707128518,True,False
49,Train/Low/low00365.png,7,13.687372124007432,0.22629685416745157,1.6930345999174587,2.848480046431815,0.022037315586111494,True,False
49,Train/Low/low00365.png,8,14.124563217086942,0.223911739054843,2.1302256929969694,3.285671139511326,0.019652200473502912,True,False
49,Train/Low/low00365.png,9,14.54873535593868,0.22079734525238778,2.554397831848707,3.7098432783630635,0.016537806671047706,True,False
49,Train/Low/low00365.png,10,14.940705514733024,0.217048860489152,2.9463679906430507,4.101813437157407,0.012789321907811929,True,False
49,Train/Low/low00365.png,11,15.277096135301543,0.21277695994359908,3.2827586112115696,4.438204057725926,0.008517421362258998,True,False
49,Train/Low/low00365.png,12,15.532627732020675,0.20810149939964334,3.538290207930702,4.693735654445058,0.003841960818303264,True,False
49,Train/Low/low00365.png,13,15.684502488353537,0.20315215016595042,3.6901649642635643,4.845610410777921,-0.001107388415389654,True,False
49,Train/Low/low00365.png,14,15.718319832542207,0.19809073441751918,3.723982308452234,4.87942775496659,-0.006168804163820901,True,True
49,Train/Low/low00365.png,15,15.633515663455874,0.1931229347083241,3.6391781393659013,4.794623585880258,-0.011136603873015988,True,False
49,Train/Low/low00365.png,16,15.444449139478882,0.18845443667439868,3.4501116153889093,4.605557061903266,-0.0158051019069414,True,False
49,Train/Low/low00365.png,17,15.175853632624959,0.1842555451576898,3.1815161085349857,4.336961555049342,-0.02000399342365028,True,False
49,Train/Low/low00365.png,18,14.855745978060327,0.18061125994263807,2.8614084539703537,4.01685390048471,-0.023648278638702003,True,False
49,Train/Low/low00365.png,19,14.51002749815803,0.17748989979913612,2.5156899740680565,3.671135420582413,-0.026769638782203953,True,False
49,Train/Low/low00365.png,20,14.1587545041659,0.1748026191970451,2.164416980075927,3.3198624265902836,-0.029456919384294983,True,False
49,Train/Low/low00365.png,21,13.81623552984012,0.17247930988765015,1.8218980057501462,2.9773434522645026,-0.03178022869368993,True,False
49,Train/Low/low00365.png,22,13.490369594396194,0.1704259750928291,1.4960320703062209,2.6514775168205773,-0.033833563488510965,True,False
49,Train/Low/low00365.png,23,13.185620916076067,0.1685843788994584,1.1912833919860937,2.34672883850045,-0.035675159681881674,True,False
49,Train/Low/low00365.png,24,12.903186624823878,0.16690683600122236,0.9088491007339048,2.0642945472482612,-0.03735270258011772,True,False
49,Train/Low/low00365.png,25,12.643431115321413,0.16539184125612968,0.6490935912314395,1.804539037745796,-0.03886769732521039,True,False
49,Train/Low/low00365.png,26,12.405417859558334,0.16402066826691902,0.41108033546836076,1.5665257819827172,-0.040238870314421055,True,False
49,Train/Low/low00365.png,27,12.18769013739795,0.16275618692688906,0.1933526133079777,1.3487980598223341,-0.041503351654451015,True,False
50,Train/Low/low00337.png,0,9.441374456865097,0.09896648534824871,0.33390498438263805,0.14057168061810899,0.014013465445357379,True,False
50,Train/Low/low00337.png,1,9.535413752000142,0.09888030451092486,0.42794427951768377,0.2346109757531547,0.013927284608033524,True,False
50,Train/Low/low00337.png,2,9.63493292309154,0.09853480787538932,0.5274634506090816,0.33413014684455256,0.013581787972497983,True,False
50,Train/Low/low00337.png,3,9.74004229676935,0.09795123647979614,0.6325728242868909,0.4392395205223618,0.012998216576904809,True,False
50,Train/Low/low00337.png,4,9.850776587994734,0.09715330662771822,0.743307115512275,0.549973811747746,0.012200286724826884,True,False
50,Train/Low/low00337.png,5,9.967110447360565,0.09616633050713157,0.859640974878106,0.6663076711135769,0.011213310604240231,True,False
50,Train/Low/low00337.png,6,10.088952293126018,0.09501621717715146,0.98148282064356,0.7881495168790309,0.010063197274260124,True,False
50,Train/Low/low00337.png,7,10.216132445259516,0.09372863697633126,1.1086629727770578,0.9153296690125288,0.00877561707343992,True,False
50,Train/Low/low00337.png,8,10.348395826721417,0.09232826201436944,1.2409263542389581,1.047593050474429,0.007375242111478109,True,False
50,Train/Low/low00337.png,9,10.48538928689287,0.09083823315271627,1.3779198144104114,1.1845865106458824,0.005885213249824939,True,False
50,Train/Low/low00337.png,10,10.62665359665234,0.08927974884658346,1.5191841241698807,1.3258508204053516,0.004326728943692126,True,False
50,Train/Low/low00337.png,11,10.77161618846616,0.08767186685482418,1.6641467159837013,1.4708134122191723,0.002718846951932849,True,False
50,Train/Low/low00337.png,12,10.919586852323002,0.08603142210355799,1.8121173798405437,1.6187840760760146,0.001078402200666656,True,False
50,Train/Low/low00337.png,13,11.069754315142774,0.08437308418818787,1.9622848426603152,1.7689515388957862,-0.0005799357147034667,True,False
50,Train/Low/low00337.png,14,11.221191813032089,0.08270949413143634,2.1137223405496304,1.9203890367851013,-0.0022435257714549933,True,False
50,Train/Low/low00337.png,15,11.372864229534919,0.08105146649795679,2.2653947570524604,2.0720614532879313,-0.0039015534049345463,True,False
50,Train/Low/low00337.png,16,11.52364209923399,0.07940822483734654,2.416172626751532,2.222839322987003,-0.005544795065544797,True,False
50,Train/Low/low00337.png,17,11.672323443403304,0.07778759439853017,2.5648539709208453,2.3715206671563163,-0.007165425504361167,True,False
50,Train/Low/low00337.png,18,11.81766279678685,0.07619621217524447,2.7101933243043916,2.5168600205398626,-0.008756807727646865,True,False
50,Train/Low/low00337.png,19,11.958400956904612,0.07463973575250726,2.850931484422153,2.657598180657624,-0.010313284150384072,True,False
50,Train/Low/low00337.png,20,12.093304599797978,0.07312294991672054,2.9858351273155197,2.7925018235509906,-0.011830069986170796,True,False
50,Train/Low/low00337.png,21,12.22120808987559,0.07164989529500193,3.113738617393132,2.920405313628603,-0.013303124607889405,True,False
50,Train/Low/low00337.png,22,12.34105393793307,0.070223935038693,3.233584465450612,3.040251161686083,-0.014729084864198341,True,False
50,Train/Low/low00337.png,23,12.451927784740624,0.06884782671188062,3.3444583122581655,3.1511250084936364,-0.01610519319101071,True,False
50,Train/Low/low00337.png,24,12.553095538324289,0.06752374253049619,3.4456260658418305,3.2522927620773014,-0.01742927737239515,True,False
50,Train/Low/low00337.png,25,12.644023294530642,0.06625332208945625,3.536553822048184,3.3432205182836547,-0.018699697813435084,True,False
50,Train/Low/low00337.png,26,12.724393831766331,0.06503766496007715,3.616924359283873,3.423591055519344,-0.019915354942814184,True,False
50,Train/Low/low00337.png,27,12.794108193127713,0.06387738681074358,3.686638720645254,3.493305416880725,-0.021075633092147758,True,True
51,Train/Low/low00289.png,0,7.365685589915303,0.09161453892138126,0.4873016890833375,0.0315531401629956,0.00741433706726663,True,False
51,Train/Low/low00289.png,1,7.447016854256994,0.09136145162989866,0.5686329534250278,0.11288440450468595,0.007161249775784029,True,False
51,Train/Low/low00289.png,2,7.532676253506876,0.09099327632321738,0.6542923526749105,0.1985438037545686,0.006793074469102753,True,False
51,Train/Low/low00289.png,3,7.622711606218882,0.09052352031150787,0.7443277053869162,0.2885791564665743,0.006323318457393243,True,False
51,Train/Low/low00289.png,4,7.717113200795561,0.08996558080214398,0.8387292999635951,0.38298075104325324,0.005765378948029351,True,False
51,Train/Low/low00289.png,5,7.815824371942879,0.0893322791397928,0.9374404711109134,0.48169192219057155,0.005132077285678174,True,False
51,Train/Low/low00289.png,6,7.918739935763368,0.08863552362889299,1.0403560349314018,0.5846074860110599,0.0044353217747783585,True,False
51,Train/Low/low00289.png,7,8.02569763292875,0.08788608856736793,1.1473137320967846,0.6915651831764427,0.003685886713253303,True,False
51,Train/Low/low00289.png,8,8.13647592410017,0.08709347446254095,1.2580920232682038,0.8023434743478619,0.0028932726084263255,True,False
51,Train/Low/low00289.png,9,8.250786932902104,0.08626589087150081,1.372403032070138,0.916654483149796,0.0020656890173861853,True,False
51,Train/Low/low00289.png,10,8.368275617823945,0.08541032036364461,1.4898917169919796,1.0341431680716378,0.0012101185095299838,True,False
51,Train/Low/low00289.png,11,8.488516566089295,0.08453265280604486,1.6101326652573293,1.1543841163369875,0.0003324509519302271,True,False
51,Train/Low/low00289.png,12,8.611014392366151,0.08363787591634168,1.7326304915341852,1.2768819426138434,-0.000562325937772945,True,False
51,Train/Low/low00289.png,13,8.735206596333638,0.08273027206794781,1.8568226955016724,1.4010741465813306,-0.001469929786166821,True,False
51,Train/Low/low00289.png,14,8.86046998902393,0.08181361865722013,1.9820860881919637,1.5263375392716219,-0.0023865831968944984,True,False
51,Train/Low/low00289.png,15,8.986126293766784,0.080891376613115,2.107742392934818,1.6519938440144761,-0.0033088252409996244,True,False
51,Train/Low/low00289.png,16,9.11145664654068,0.07996683025084587,2.2330727457087134,1.7773241967883715,-0.004233371603268754,True,False
51,Train/Low/low00289.png,17,9.235714408015319,0.07904318861961974,2.3573305071833532,1.9015819582630114,-0.005157013234494884,True,False
51,Train/Low/low00289.png,18,9.358140838431405,0.07812366449250434,2.479756937599439,2.024008388679097,-0.00607653736161029,True,False
51,Train/Low/low00289.png,19,9.477984572791701,0.07721147899083836,2.5996006719597355,2.1438521230393937,-0.006988722863276273,True,False
51,Train/Low/low00289.png,20,9.594520475295976,0.07630984803675768,2.7161365744640102,2.2603880255436684,-0.007890353817356949,True,False
51,Train/Low/low00289.png,21,9.70706925725352,0.07542194974455427,2.8286853564215546,2.3729368075012127,-0.008778252109560361,True,False
51,Train/Low/low00289.png,22,9.815015795247998,0.07455084733710288,2.936631894416032,2.4808833454956902,-0.009649354517011752,True,False
51,Train/Low/low00289.png,23,9.917824420740345,0.07369944699652399,3.0394405199083794,2.5836919709880375,-0.010500754857590638,True,False
51,Train/Low/low00289.png,24,10.015052057957112,0.07287041252715977,3.136668157125146,2.680919608204804,-0.011329789326954859,True,False
51,Train/Low/low00289.png,25,10.10635535863039,0.07206612553203143,3.227971457798424,2.7722229088780823,-0.012134076322083201,True,False
51,Train/Low/low00289.png,26,10.191499822380186,0.07128860387210853,3.3131159215482198,2.857367372627878,-0.012911597982006098,True,False
51,Train/Low/low00289.png,27,10.270354064679497,0.0705395200828851,3.391970163847531,2.936221614927189,-0.013660681771229533,True,True
52,Train/Low/low00112.png,0,9.315036632070731,0.29842326792283325,-9.97455877896308,-8.13944085694249,-0.36992538162131683,False,False
52,Train/Low/low00112.png,1,9.571189354433372,0.3328096901483343,-9.71840605660044,-7.88328813457985,-0.3355389593958158,False,False
52,Train/Low/low00112.png,2,9.857905888937808,0.36919472576953033,-9.431689522096004,-7.596571600075414,-0.29915392377461975,False,False
52,Train/Low/low00112.png,3,10.178864882064778,0.40719430402746226,-9.110730528969034,-7.275612606948444,-0.2611543455166878,False,False
52,Train/Low/low00112.png,4,10.538284135418706,0.44629252304978045,-8.751311275615105,-6.916193353594515,-0.22205612649436962,False,False
52,Train/Low/low00112.png,5,10.941055008964938,0.4858452928997835,-8.348540402068874,-6.513422480048284,-0.18250335664436657,False,False
52,Train/Low/low00112.png,6,11.392912050351214,0.5250956686480519,-7.896683360682598,-6.061565438662008,-0.14325298089609817,False,False
52,Train/Low/low00112.png,7,11.900655042503614,0.5632025590772829,-7.388940368530198,-5.553822446509608,-0.10514609046686718,False,False
52,Train/Low/low00112.png,8,12.472454972943048,0.5992835681717893,-6.817140438090764,-4.982022516070174,-0.06906508137236078,False,False
52,Train/Low/low00112.png,9,13.118280168321647,0.6324691265757064,-6.171315242712165,-4.336197320691575,-0.035879522968443656,False,False
52,Train/Low/low00112.png,10,13.850500092413665,0.6619631433301673,-5.439095318620147,-3.603977396599557,-0.006385506213982817,True,False
52,Train/Low/low00112.png,11,14.684770513143757,0.6871028347419461,-4.604824897890055,-2.7697069758694646,0.018754185197796036,True,False
52,Train/Low/low00112.png,12,15.641320854446349,0.7074082380976808,-3.648274556587463,-1.813156634566873,0.039059588553530755,True,False
52,Train/Low/low00112.png,13,16.74686046684463,0.7226165528331902,-2.5427349441891813,-0.7076170221685913,0.054267903289040076,True,False
52,Train/Low/low00112.png,14,18.037361046129156,0.7327017842890898,-1.2522343649046555,0.5828835571159345,0.06435313474493976,True,False
52,Train/Low/low00112.png,15,19.56159604276019,0.7378797143772523,0.2720006317263781,2.107118553746968,0.06953106483310223,True,False
52,Train/Low/low00112.png,16,21.383573012758482,0.7385636984287555,2.0939776017246707,3.9290955237452607,0.07021504888460539,True,False
52,Train/Low/low00112.png,17,23.56995079435428,0.7352906822245335,4.280355383320469,6.115473305341059,0.06694203268038346,True,False
52,Train/Low/low00112.png,18,26.0863747921005,0.7286589573352682,6.796779381066688,8.631897303087278,0.06031030779111812,True,False
52,Train/Low/low00112.png,19,28.309596065484225,0.7193700055442491,9.020000654450413,10.855118576471003,0.05102135600009905,True,False
52,Train/Low/low00112.png,20,28.503442242704317,0.7080567055128345,9.213846831670505,11.048964753691095,0.03970805596868443,True,True
52,Train/Low/low00112.png,21,26.539558015865502,0.6954294017514732,7.2499626048316905,9.08508052685228,0.02708075220732309,True,False
52,Train/Low/low00112.png,22,24.177727136721984,0.6820195777458904,4.888131725688172,6.723249647708762,0.013670928201740318,True,False
52,Train/Low/low00112.png,23,22.12999403330146,0.6680732585526155,2.8403986222676494,4.675516544288239,-0.00027539099153461866,True,False
52,Train/Low/low00112.png,24,20.453147297817512,0.6539231399840716,1.1635518867837007,2.9986698088042907,-0.014425509560078487,True,False
52,Train/Low/low00112.png,25,19.082594349064664,0.6402468973351492,-0.20700106196914803,1.628116860051442,-0.028101752209000908,True,False
52,Train/Low/low00112.png,26,17.953096734225472,0.6273447829516946,-1.3364986768083398,0.4986192452122502,-0.041003866592455473,True,False
52,Train/Low/low00112.png,27,17.013424694269055,0.6152952966790979,-2.2761707167647565,-0.4410527947441665,-0.053053352865052195,True,False
53,Train/Low/low00249.png,0,5.7150377329164606,0.04258510749022174,-1.247217172429882,-1.6171416960897762,-0.12815407041139298,True,False
53,Train/Low/low00249.png,1,5.755223050161007,0.048640521241288856,-1.2070318551853356,-1.5769563788452299,-0.12209865666032586,True,False
53,Train/Low/low00249.png,2,5.800422603691986,0.05527534989800455,-1.1618323016543561,-1.5317568253142504,-0.11546382800361017,True,False
53,Train/Low/low00249.png,3,5.851081308720221,0.06247484177947602,-1.1111735966261218,-1.481098120286016,-0.1082643361221387,True,False
53,Train/Low/low00249.png,4,5.907655280612819,0.07020567919591451,-1.0545996247335232,-1.4245241483934175,-0.1005334987057002,True,False
53,Train/Low/low00249.png,5,5.970607337503255,0.07841432422114812,-0.9916475678430876,-1.3615720915029819,-0.0923248536804666,True,False
53,Train/Low/low00249.png,6,6.04040161137772,0.08702647271188561,-0.9218532939686224,-1.2917778176285166,-0.0837127051897291,True,False
53,Train/Low/low00249.png,7,6.117494892337204,0.09594754675314046,-0.8447600130091386,-1.2146845366690329,-0.07479163114847426,True,False
53,Train/Low/low00249.png,8,6.202328600032119,0.10506493230693925,-0.7599263053142238,-1.129850828974118,-0.06567424559467547,True,False
53,Train/Low/low00249.png,9,6.295317237441656,0.11425141699844521,-0.6669376679046861,-1.0368621915645804,-0.05648776090316951,True,False
53,Train/Low/low00249.png,10,6.396836696492962,0.12337021373619074,-0.5654182088533801,-0.9353427325132744,-0.04736896416542398,True,False
53,Train/Low/low00249.png,11,6.507211854075715,0.13228098835837376,-0.4550430512706276,-0.8249675749305219,-0.038458189543240956,True,False
53,Train/Low/low00249.png,12,6.626701546971013,0.14084645361867087,-0.3355533583753294,-0.7054778820352237,-0.029892724282943844,True,False
53,Train/Low/low00249.png,13,6.755483373556631,0.14893911921138053,-0.20677153178971164,-0.5766960554496059,-0.021800058690234186,True,False
53,Train/Low/low00249.png,14,6.893639704648862,0.15644752413258498,-0.06861520069748028,-0.43853972435737454,-0.014291653769029744,True,False
53,Train/Low/low00249.png,15,7.04114102725748,0.16328121712064464,0.07888612191113786,-0.2910384017487564,-0.00745796078097008,True,False
53,Train/Low/low00249.png,16,7.197834140149368,0.1693743095331417,0.23557923480302545,-0.1343452888568688,-0.0013648683684730212,True,False
53,Train/Low/low00249.png,17,7.363428098726049,0.17468683363871973,0.4011731933797069,0.03124866971981266,0.00394765573710501,True,False
53,Train/Low/low00249.png,18,7.537487871008527,0.17920443806317576,0.5752329656621846,0.20530844200229037,0.008465260161561045,True,False
53,Train/Low/low00249.png,19,7.719426284061802,0.1829362225537994,0.7571713787154595,0.3872468550555652,0.012197044652184685,True,False
53,Train/Low/low00249.png,20,7.908502482095756,0.18591147780314424,0.9462475767494132,0.5763230530895189,0.015172299901529518,True,False
53,Train/Low/low00249.png,21,8.103830281948612,0.1881757407857028,1.1415753766022698,0.7716508529423756,0.01743656288408807,True,False
53,Train/Low/low00249.png,22,8.30438613109613,0.1897865972503701,1.342131225749788,0.9722067020898937,0.019047419348755368,True,False
53,Train/Low/low00249.png,23,8.509026617395374,0.19080969227217143,1.5467717120490319,1.1768471883891376,0.020070514370556708,True,False
53,Train/Low/low00249.png,24,8.716509489733388,0.19131504465340018,1.7542545843870458,1.3843300607271516,0.020575866751785465,True,False
53,Train/Low/low00249.png,25,8.925526596393016,0.19137369603737064,1.9632716910466739,1.5933471673867796,0.020634518135755925,True,False
53,Train/Low/low00249.png,26,9.134734777507399,0.1910553790853981,2.1724798721610563,1.802555348501162,0.020316201183783383,True,False
53,Train/Low/low00249.png,27,9.34278677464761,0.19042664201496198,2.380531869301268,2.0106073456413736,0.019687464113347264,True,True
54,Train/Low/low00187.png,0,10.50840639577299,0.28075320288222944,-10.662856564654337,-7.100579361959152,-0.35532175522149595,False,False
54,Train/Low/low00187.png,1,10.781398833239175,0.3129660043663112,-10.389864127188153,-6.827586924492968,-0.32310895373741416,False,False
54,Train/Low/low00187.png,2,11.086059943939455,0.34719340428880224,-10.085203016487872,-6.522925813792687,-0.28888155381492314,False,False
54,Train/Low/low00187.png,3,11.426046672970996,0.38311234255135207,-9.745216287456332,-6.182939084761147,-0.2529626155523733,False,False
54,Train/Low/low00187.png,4,11.805485779287164,0.4202839411866662,-9.365777181140164,-5.803499978444979,-0.2157910169170592,False,False
54,Train/Low/low00187.png,5,12.229113576646949,0.45816039683397153,-8.942149383780379,-5.379872181085194,-0.17791456126975386,False,False
54,Train/Low/low00187.png,6,12.702473399496899,0.49608455460638157,-8.468789560930428,-4.9065123582352435,-0.13999040349734382,False,False
54,Train/Low/low00187.png,7,13.232065705223201,0.5332850659641769,-7.939197255204126,-4.376920052508941,-0.10278989213954848,False,False
54,Train/Low/low00187.png,8,13.825435304519369,0.5689225617559724,-7.345827655907959,-3.783550453212774,-0.06715239634775294,False,False
54,Train/Low/low00187.png,9,14.491309347020705,0.6021393545947171,-6.679953613406623,-3.1176764107114376,-0.03393560350900826,False,False
54,Train/Low/low00187.png,10,15.2397539638965,0.6321233616177705,-5.931508996530827,-2.3692317938356418,-0.003951596485954889,False,False
54,Train/Low/low00187.png,11,16.082206956620688,0.6581409497351524,-5.08905600380664,-1.5267788011114547,0.022065991631426973,True,False
54,Train/Low/low00187.png,12,17.031068453631143,0.6796276141307729,-4.140194506796185,-0.5779173041009997,0.0435526560270475,True,False
54,Train/Low/low00187.png,13,18.098310500592692,0.6962143962405897,-3.072952459834635,0.48932474286054983,0.06013943813686429,True,False
54,Train/Low/low00187.png,14,19.29124758991694,0.7077425205897581,-1.8800153705103888,1.6822618321847962,0.07166756248603268,True,False
54,Train/Low/low00187.png,15,20.6015601227222,0.714285925992078,-0.5697028377051261,2.992574364990059,0.07821096788835258,True,False
54,Train/Low/low00187.png,16,21.979543769363296,0.7161402307303344,0.8082808089359688,4.370558011631154,0.08006527262660901,True,False
54,Train/Low/low00187.png,17,23.28421895451624,0.7137920792747603,2.1129559940889138,5.675233196784099,0.07771712117103491,True,False
54,Train/Low/low00187.png,18,24.23758845733859,0.7079157672253766,3.0663254969112614,6.628602699606446,0.07184080912165125,True,False
54,Train/Low/low00187.png,19,24.522804770450904,0.699273103592654,3.3515418100235763,6.913819012718761,0.06319814548892866,True,True
54,Train/Low/low00187.png,20,24.070201388096866,0.6884540190329479,2.8989384276695382,6.461215630364723,0.05237906092922251,True,False
54,Train/Low/low00187.png,21,23.122307173907004,0.6760791713442668,1.9510442134796762,5.513321416174861,0.040004213240541375,True,False
54,Train/Low/low00187.png,22,21.984860975535728,0.6627809188027557,0.8135980151084006,4.375875217803586,0.026705960699030307,True,False
54,Train/Low/low00187.png,23,20.84742842324225,0.649004391919259,-0.3238345371850784,3.2384426655101066,0.012929433815533575,True,False
54,Train/Low/low00187.png,24,19.790557033206827,0.6351733593310819,-1.3807059272205002,2.1815712754746848,-0.0009015987726435082,True,False
54,Train/Low/low00187.png,25,18.840953263128426,0.6215073261767866,-2.330309697298901,1.231967505396284,-0.014567631926938773,True,False
54,Train/Low/low00187.png,26,18.00048616230732,0.6083280846978615,-3.1707767981200092,0.39150040457517576,-0.027746873405863903,True,False
54,Train/Low/low00187.png,27,17.261689080132506,0.595818339406569,-3.909573880294822,-0.3472966775996369,-0.040256618697156354,True,False
55,Train/Low/low00602.png,0,7.197150220777576,0.19260553552909254,-4.684395466632122,-6.839650832650191,-0.3328470976657265,True,False
55,Train/Low/low00602.png,1,7.338052193322185,0.21542873796579878,-4.543493494087513,-6.6987488601055825,-0.3100238952290203,True,False
55,Train/Low/low00602.png,2,7.495139317912254,0.23974875943855037,-4.386406369497444,-6.541661735515514,-0.2857038737562687,True,False
55,Train/Low/low00602.png,3,7.669938720152335,0.26538413566469493,-4.211606967257363,-6.366862333275432,-0.2600684975301241,True,False
55,Train/Low/low00602.png,4,7.8640907587043705,0.2920821421429017,-4.017454928705328,-6.172710294723397,-0.23337049105191737,True,False
55,Train/Low/low00602.png,5,8.079356723571882,0.31951703461203973,-3.802188963837816,-5.9574443298558855,-0.20593559858277932,True,False
55,Train/Low/low00602.png,6,8.31762711488926,0.3472933466184482,-3.5639185725204374,-5.719173938538507,-0.17815928657637087,True,False
55,Train/Low/low00602.png,7,8.580926014304517,0.3749546539781936,-3.3006196731051816,-5.455875039123251,-0.15049797921662544,True,False
55,Train/Low/low00602.png,8,8.871418708735389,0.40199912083573913,-3.0101269786743092,-5.165382344692379,-0.12345351235907992,True,False
55,Train/Low/low00602.png,9,9.19141712932796,0.42790103480405894,-2.6901285580817387,-4.845383924099808,-0.09755159839076011,True,False
55,Train/Low/low00602.png,10,9.543381857561155,0.4521371376097736,-2.3381638298485434,-4.493419195866613,-0.07331549558504546,True,False
55,Train/Low/low00602.png,11,9.92993138976734,0.474216582961449,-1.951614297642358,-4.106869663660428,-0.05123605023337008,True,False
55,Train/Low/low00602.png,12,10.353839157747434,0.4937102768375791,-1.5277065296622645,-3.682961895680334,-0.03174235635723993,True,False
55,Train/Low/low00602.png,13,10.818028068173058,0.5102776284372024,-1.0635176192366398,-3.2187729852547093,-0.015175004757616684,True,False
55,Train/Low/low00602.png,14,11.325559746143517,0.5236874862800038,-0.5559859412661812,-2.7112413072842507,-0.0017651469148152188,True,False
55,Train/Low/low00602.png,15,11.879601196134672,0.53383032350285,-0.001944491275025939,-2.1571998572930955,0.008377690308030927,True,False
55,Train/Low/low00602.png,16,12.483358654533562,0.5407208725194163,0.6018129671238643,-1.5534423988942052,0.0152682393245972,True,False
55,Train/Low/low00602.png,17,13.13996067441106,0.5444913300514437,1.2584149870013626,-0.896840379016707,0.019038696856624626,True,False
55,Train/Low/low00602.png,18,13.852254190363634,0.5453765824496836,1.9707085029539364,-0.18454686306413315,0.019923949254864515,True,False
55,Train/Low/low00602.png,19,14.622445199479518,0.5436938147620966,2.74089951206982,0.5856441460517505,0.018241181567277498,True,False
55,Train/Low/low00602.png,20,15.451392414832693,0.5398048894068388,3.569846727422995,1.4145913614049253,0.014352256212019743,True,False
55,Train/Low/low00602.png,21,16.33748405141793,0.534105070365952,4.455938364008233,2.3006829979901635,0.008652437171132954,True,False
55,Train/Low/low00602.png,22,17.27468575198403,0.5269896836229856,5.393140064574332,3.237884698556263,0.001537050428166542,True,False
55,Train/Low/low00602.png,23,18.249271847940026,0.5188332195669911,6.367726160530328,4.212470794512258,-0.006619413627827919,True,False
55,Train/Low/low00602.png,24,19.23506044236046,0.5099752888988003,7.353514754950762,5.1982593889326925,-0.015477344296018769,True,False
55,Train/Low/low00602.png,25,20.187662398152533,0.5007235754260284,8.306116710742835,6.150861344724765,-0.02472905776879064,True,False
55,Train/Low/low00602.png,26,21.04067620268729,0.49133140412421084,9.159130515277592,7.003875149259523,-0.03412122907060822,True,False
55,Train/Low/low00602.png,27,21.711241710534317,0.48201008661176026,9.829696023124619,7.674440657106549,-0.043442546583058794,True,True
56,Train/Low/low00526.png,0,4.681903162893921,0.10549627001254293,-3.4443710040832016,-4.486588814836839,-0.18470647736280937,True,False
56,Train/Low/low00526.png,1,4.8243940465297275,0.11609904063438652,-3.301880120447395,-4.344097931201032,-0.17410370674096576,True,False
56,Train/Low/low00526.png,2,4.980695446867877,0.1273317035771212,-3.1455787201092456,-4.187796530862883,-0.16287104379823109,True,False
56,Train/Low/low00526.png,3,5.151770436188562,0.13916546396001586,-2.9745037307885607,-4.016721541542198,-0.15103728341533643,True,False
56,Train/Low/low00526.png,4,5.338575183166928,0.1515595658007467,-2.787698983810194,-3.8299167945638315,-0.1386431815746056,True,False
56,Train/Low/low00526.png,5,5.542051567686228,0.16446111192910995,-2.5842225992908947,-3.626440410044532,-0.12574163544624234,True,False
56,Train/Low/low00526.png,6,5.763108283187098,0.17780425490204546,-2.3631658837900247,-3.405383694543662,-0.11239849247330683,True,False
56,Train/Low/low00526.png,7,6.002592660317624,0.19150896032574297,-2.1236815066594987,-3.1658993174131362,-0.09869378704960932,True,False
56,Train/Low/low00526.png,8,6.2612578014671545,0.205480074935091,-1.8650163655099679,-2.9072341762636054,-0.0847226724402613,True,False
56,Train/Low/low00526.png,9,6.539721606637804,0.21960685780741895,-1.5865525603393182,-2.6287703710929557,-0.07059588956793333,True,False
56,Train/Low/low00526.png,10,6.83841736200744,0.233763252184892,-1.2878568049696826,-2.33007461572332,-0.05643949519046029,True,False
56,Train/Low/low00526.png,11,7.15753516347876,0.24780950537017093,-0.9687390034983627,-2.0109568142520002,-0.04239324200518135,True,False
56,Train/Low/low00526.png,12,7.496962911028997,0.2615950859094834,-0.6293112559481253,-1.6715290667017628,-0.028607661465868905,True,False
56,Train/Low/low00526.png,13,7.856215795704706,0.27496309960837245,-0.27005837127241605,-1.3122761820260536,-0.015239647766979836,True,False
56,Train/Low/low00526.png,14,8.234367379337126,0.2877567180950587,0.10809321236000358,-0.9341245983936339,-0.0024460292802935824,True,False
56,Train/Low/low00526.png,15,8.629993692032295,0.2998261162972921,0.5037195250551729,-0.5384982856984646,0.009623368921939823,True,False
56,Train/Low/low00526.png,16,9.041127356552964,0.311036373432917,0.914853189575842,-0.12736462117779546,0.020833626057564725,True,False
56,Train/Low/low00526.png,17,9.465242340676202,0.32127490314234775,1.3389681736990795,0.296750362945442,0.031072155766995457,True,False
56,Train/Low/low00526.png,18,9.899262257634845,0.3304588891225844,1.772988090657723,0.7307702799040854,0.04025614174723213,True,False
56,Train/Low/low00526.png,19,10.339603875105434,0.33853993438239666,2.2133297081283114,1.171111897374674,0.04833718700704437,True,False
56,Train/Low/low00526.png,20,10.782236921380285,0.345523164458286,2.6559627544031628,1.6137449436495253,0.055320417082933726,True,False
56,Train/Low/low00526.png,21,11.222827423880727,0.35155764000758893,3.0965532569036043,2.0543354461499668,0.061354892632236646,True,False
56,Train/Low/low00526.png,22,11.656959735248664,0.3569133524710792,3.530685568271542,2.4884677575179044,0.0667106050957269,True,False
56,Train/Low/low00526.png,23,12.08030855945692,0.3617546372328706,3.954034392479798,2.9118165817261605,0.07155188985751831,True,False
56,Train/Low/low00526.png,24,12.4884145247029,0.36610267625312304,4.362140357725778,3.3199225469721405,0.07589992887777075,True,False
56,Train/Low/low00526.png,25,12.87673696446641,0.3699139739646927,4.750462797489288,3.70824498673565,0.07971122658934043,True,False
56,Train/Low/low00526.png,26,13.24085862199282,0.37307060944197956,5.114584455015697,4.072366644262059,0.08286786206662727,True,False
56,Train/Low/low00526.png,27,13.57609762566863,0.3755291434808505,5.449823458691508,4.407605647937871,0.08532639610549819,True,True
57,Train/Low/low00633.png,0,6.56431568819322,0.23325114662938098,-3.5826724996098083,-4.294444845579365,-0.2883757590416548,True,False
57,Train/Low/low00633.png,1,6.74596022498287,0.253796034068598,-3.4010279628201587,-4.112800308789716,-0.26783087160243774,True,False
57,Train/Low/low00633.png,2,6.9437237580772635,0.2756839926152346,-3.203264429725765,-3.915036775695322,-0.24594291305580118,True,False
57,Train/Low/low00633.png,3,7.158437980895336,0.29881331416198786,-2.988550206907693,-3.7003225528772496,-0.2228135915090479,True,False
57,Train/Low/low00633.png,4,7.390797095125641,0.32300133199395137,-2.756191092677388,-3.4679634386469447,-0.1986255736770844,True,False
57,Train/Low/low00633.png,5,7.641323554259557,0.3479677224901907,-2.5056646335434714,-3.217436979513028,-0.17365918318084506,True,False
57,Train/Low/low00633.png,6,7.910294056304808,0.37334384589089764,-2.2366941314982203,-2.948466477467777,-0.14828305978013812,True,False
57,Train/Low/low00633.png,7,8.197642785494201,0.39868734744165524,-1.9493454023088272,-2.661117748278384,-0.12293955822938052,True,False
57,Train/Low/low00633.png,8,8.502842469058045,0.42350437215036824,-1.6441457187449835,-2.3559180647145403,-0.09812253352066752,True,False
57,Train/Low/low00633.png,9,8.82475908489274,0.4472756959373188,-1.3222291029102884,-2.0340014488798452,-0.07435120973371695,True,False
57,Train/Low/low00633.png,10,9.161478772085392,0.4694898363126163,-0.9855094157176367,-1.6972817616871936,-0.05213706935841944,True,False
57,Train/Low/low00633.png,11,9.510126515314338,0.4896805624126902,-0.6368616724886902,-1.348634018458247,-0.031946343258345555,True,False
57,Train/Low/low00633.png,12,9.866685553401238,0.5074613536452635,-0.2803026344017905,-0.9920749803713473,-0.014165552025772299,True,False
57,Train/Low/low00633.png,13,10.225864583677689,0.5225563859166994,0.07887639587466033,-0.6328959500948965,0.0009294802456636386,True,False
57,Train/Low/low00633.png,14,10.581057116362436,0.5348171627137797,0.43406892855940704,-0.2777034174101498,0.013190257042743903,True,False
57,Train/Low/low00633.png,15,10.924475706639019,0.544229705144415,0.77748751883599,0.06571517286643314,0.022602799473379287,True,False
57,Train/Low/low00633.png,16,11.247559035068257,0.5509566863478109,1.100570847265228,0.3887985012956712,0.029329780676775163,True,False
57,Train/Low/low00633.png,17,11.541739384459472,0.5552222832842766,1.3947511966564434,0.6829788506868866,0.03359537761324083,True,False
57,Train/Low/low00633.png,18,11.79926291746743,0.5573763700066756,1.652274729664402,0.9405023836948452,0.03574946433563986,True,False
57,Train/Low/low00633.png,19,12.014224727179228,0.5577302733513619,1.867236539376199,1.155464193406642,0.03610336768032618,True,False
57,Train/Low/low00633.png,20,12.183404220731989,0.5570092347339504,2.03641603292896,1.3246436869594032,0.03538232906291461,True,False
57,Train/Low/low00633.png,21,12.307905079798909,0.5558391296540504,2.16091689199588,1.4491445460263233,0.0342122239830146,True,False
57,Train/Low/low00633.png,22,12.391306320029898,0.5534934349225846,2.2443181322268693,1.5325457862573124,0.03186652925154887,True,False
57,Train/Low/low00633.png,23,12.438843679950523,0.5516376043499726,2.2918554921474943,1.5800831461779374,0.030010698678936798,True,False
57,Train/Low/low00633.png,24,12.4593326677226,0.5503300738678225,2.312344479919572,1.6005721339500152,0.028703168196786755,True,True
57,Train/Low/low00633.png,25,12.458944190957848,0.547859505322883,2.311956003154819,1.6001836571852621,0.02623259965184721,True,False
57,Train/Low/low00633.png,26,12.441746793628838,0.5449105872249166,2.294758605825809,1.582986259856252,0.02328368155388083,True,False
57,Train/Low/low00633.png,27,12.411744418947592,0.5419086407789635,2.2647562311445633,1.5529838851750064,0.020281735107927745,True,False
58,Train/Low/low00246.png,0,10.15735478296456,0.09930251236101605,-3.61011854989364,-5.140545501586216,-0.3061592845380265,True,False
58,Train/Low/low00246.png,1,10.2585077454698,0.11357288410782294,-3.508965587388401,-5.039392539080977,-0.2918889127912196,True,False
58,Train/Low/low00246.png,2,10.37237824001134,0.1293225616546528,-3.3950950928468604,-4.925522044539436,-0.27613923524438977,True,False
58,Train/Low/low00246.png,3,10.500244383107173,0.14655102226946312,-3.2672289497510274,-4.797655901443603,-0.25891077462957945,True,False
58,Train/Low/low00246.png,4,10.643472052686542,0.16521349399216906,-3.124001280171658,-4.654428231864234,-0.2402483029068735,True,False
58,Train/Low/low00246.png,5,10.803523307302276,0.1852142722730064,-2.963950025555924,-4.4943769772485,-0.22024752462603614,True,False
58,Train/Low/low00246.png,6,10.981959236936184,0.20640065227198753,-2.785514095922016,-4.315941047614592,-0.19906114462705501,True,False
58,Train/Low/low00246.png,7,11.18044117877292,0.22855926992710388,-2.5870321540852803,-4.117459105777856,-0.17690252697193867,True,False
58,Train/Low/low00246.png,8,11.400732638486266,0.2514157735251175,-2.3667406943719342,-3.89716764606451,-0.15404602337392503,True,False
58,Train/Low/low00246.png,9,11.6446981114258,0.274638383322401,-2.1227752214324003,-3.653202173124976,-0.13082341357664157,True,False
58,Train/Low/low00246.png,10,11.914300609455879,0.29784601211095907,-1.8531727234023219,-3.3835996750948976,-0.10761578478808348,True,False
58,Train/Low/low00246.png,11,12.211602299741863,0.3206218046405449,-1.555871033116338,-3.0862979848089136,-0.08483999225849764,True,False
58,Train/Low/low00246.png,12,12.538750580813364,0.3425306631300339,-1.2287227520448365,-2.759149703737412,-0.06293113376900866,True,False
58,Train/Low/low00246.png,13,12.897965302649991,0.3631405171039578,-0.869508030208209,-2.3999349819007847,-0.042321279795084765,True,False
58,Train/Low/low00246.png,14,13.29152743120484,0.3820464320094689,-0.47594590165336115,-2.006372853345937,-0.02341536488957363,True,False
58,Train/Low/low00246.png,15,13.721739142544266,0.3988937982922985,-0.045734190313934775,-1.5761611420065105,-0.006567998606744063,True,False
58,Train/Low/low00246.png,16,14.190875727580206,0.4133991364410658,0.4234023947220056,-1.1070245569705701,0.007937339542023247,True,False
58,Train/Low/low00246.png,17,14.701102197329112,0.4253665418818832,0.9336288644709114,-0.5967980872216643,0.019904744982840672,True,False
58,Train/Low/low00246.png,18,15.254341162801321,0.43469620344868487,1.4868678299431206,-0.04355912174945509,0.029234406549642322,True,False
58,Train/Low/low00246.png,19,15.852048831027378,0.4413861884888116,2.084575498169178,0.5541485464766023,0.03592439158976907,True,False
58,Train/Low/low00246.png,20,16.494856358336683,0.4455255124296039,2.727383025478483,1.1969560737859073,0.04006371553056137,True,False
58,Train/Low/low00246.png,21,17.182007290519078,0.4472818644180745,3.4145339576608773,1.8841070059683016,0.041820067519031945,True,False
58,Train/Low/low00246.png,22,17.910458235791218,0.4468850209052786,4.1429849029330175,2.6125579512404418,0.04142322400623605,True,False
58,Train/Low/low00246.png,23,18.673497669815365,0.4446068596074072,4.906024336957165,3.375597385264589,0.03914506270836465,True,False
58,Train/Low/low00246.png,24,19.45876284178314,0.440742136953107,5.691289508924941,4.160862557232365,0.03528034005406444,True,False
58,Train/Low/low00246.png,25,20.24562792237741,0.4355901566039794,6.4781545895192085,4.947727637826633,0.030128359704936825,True,False
58,Train/Low/low00246.png,26,21.00243500279152,0.42944012076172794,7.234961669933318,5.704534718240742,0.02397832386268539,True,False
58,Train/Low/low00246.png,27,21.685205282904047,0.4225603086659836,7.917731950045846,6.387304998353271,0.01709851176694105,True,True
59,Train/Low/low00587.png,0,7.2636318328198595,0.16818911237962,-3.1139100712004204,-4.4711351202315015,-0.330047307032324,True,False
59,Train/Low/low00587.png,1,7.394699556106012,0.1895269502640659,-2.982842347914268,-4.340067396945349,-0.3087094691478781,True,False
59,Train/Low/low00587.png,2,7.539905821216467,0.2125530445306729,-2.8376360828038125,-4.194861131834894,-0.28568337488127116,True,False
59,Train/Low/low00587.png,3,7.700399924110327,0.2371356600601539,-2.677141979909953,-4.034367028941034,-0.2611007593517901,True,False
59,Train/Low/low00587.png,4,7.877357036517424,0.2630634038509954,-2.500184867502856,-3.8574099165339373,-0.2351730155609486,True,False
59,Train/Low/low00587.png,5,8.071976630133413,0.29003956959383526,-2.3055652738868666,-3.6627903229179477,-0.20819684981810876,True,False
59,Train/Low/low00587.png,6,8.28546732971963,0.31768111997854886,-2.09207457430065,-3.449299623331731,-0.18055529943339516,True,False
59,Train/Low/low00587.png,7,8.519016834469932,0.3455239785665251,-1.858525069550348,-3.215750118581429,-0.1527124408454189,True,False
59,Train/Low/low00587.png,8,8.773769252043744,0.373039779820288,-1.603772651976536,-2.960997701007617,-0.125196639591656,True,False
59,Train/Low/low00587.png,9,9.050781532437345,0.39965213311909303,-1.3267603715829352,-2.6839854206140163,-0.09858428629285099,True,False
59,Train/Low/low00587.png,10,9.350967465362771,0.42477576920163324,-1.0265744386575086,-2.3837994876885897,-0.07346065021031079,True,False
59,Train/Low/low00587.png,11,9.675018576397274,0.4478472585550938,-0.7025233276230054,-2.0597483766540865,-0.050389160856850246,True,False
59,Train/Low/low00587.png,12,10.023321580753272,0.4683592894248033,-0.3542203232670076,-1.7114453722980887,-0.029877129987140705,True,False
59,Train/Low/low00587.png,13,10.395824686330196,0.4859011041210532,0.018282782309915646,-1.3389422667211655,-0.012335315290890825,True,False
59,Train/Low/low00587.png,14,10.791902878831824,0.5001892699314809,0.41436097481154377,-0.9428640742195373,0.0019528505195369195,True,False
59,Train/Low/low00587.png,15,11.210156902384698,0.511083919289458,0.8326149983644182,-0.5246100506666629,0.012847499877513935,True,False
59,Train/Low/low00587.png,16,11.648168422504664,0.5185934439767246,1.2706265184843843,-0.08659853054669675,0.020357024564780557,True,False
59,Train/Low/low00587.png,17,12.102243092051781,0.5228604970357656,1.724701188031501,0.36747613900042,0.024624077623821627,True,False
59,Train/Low/low00587.png,18,12.567139959169939,0.5241477933032729,2.189598055149659,0.8323730061185781,0.02591137389132886,True,False
59,Train/Low/low00587.png,19,13.035764030717658,0.5227916882085286,2.6582221266973782,1.3009970776662971,0.024555268796584595,True,False
59,Train/Low/low00587.png,20,13.49901161781261,0.5191881286875032,3.1214697137923295,1.7642446647612484,0.02095170927555917,True,False
59,Train/Low/low00587.png,21,13.945808303224457,0.5137542792726849,3.5682663992041768,2.2110413501730957,0.01551785986074089,True,False
59,Train/Low/low00587.png,22,14.363596756837662,0.5068797275265818,3.9860548528173823,2.628829803786301,0.008643308114637815,True,False
59,Train/Low/low00587.png,23,14.739137211963747,0.49894401318815307,4.3615953079434675,3.0043702589123864,0.0007075937762090478,True,False
59,Train/Low/low00587.png,24,15.059934887769312,0.4903099830532953,4.682392983749033,3.3251679347179515,-0.007926436358648703,True,False
59,Train/Low/low00587.png,25,15.315956821317737,0.4813056810448749,4.938414917297457,3.5811898682663763,-0.016930738367069098,True,False
59,Train/Low/low00587.png,26,15.501009348842734,0.47223613860451547,5.123467444822454,3.766242395791373,-0.026000280807428555,True,False
59,Train/Low/low00587.png,27,15.614332307928173,0.4633555220822935,5.236790403907893,3.879565354876812,-0.034880897329650495,True,True
60,Train/Low/low00333.png,0,7.345493740125642,0.07832966572305568,-1.0583936750010867,-0.5954561445959348,-0.003307495847588604,True,False
60,Train/Low/low00333.png,1,7.443451815080496,0.07870190653662058,-0.9604356000462326,-0.4974980696410807,-0.0029352550340236983,True,False
60,Train/Low/low00333.png,2,7.548166924170429,0.07889767665747159,-0.8557204909562994,-0.3927829605511475,-0.0027394849131726906,True,False
60,Train/Low/low00333.png,3,7.659820949152751,0.07894036735427795,-0.7440664659739777,-0.2811289355688258,-0.00269679421636633,True,False
60,Train/Low/low00333.png,4,7.778504660258391,0.07885177580646137,-0.6253827548683377,-0.16244522446318577,-0.0027853857641829127,True,False
60,Train/Low/low00333.png,5,7.904224145294104,0.07865099068551201,-0.49966326983262466,-0.0367257394274727,-0.0029861708851322694,True,False
60,Train/Low/low00333.png,6,8.036886547248304,0.07835355823792864,-0.36700086787842423,0.09593666252672772,-0.0032836033327156428,True,False
60,Train/Low/low00333.png,7,8.176281122857798,0.07797126549395628,-0.2276062922689306,0.23533123813622137,-0.003665896076688005,True,False
60,Train/Low/low00333.png,8,8.322060210447265,0.07751228302756875,-0.08182720467946325,0.3811103257256887,-0.0041248785430755275,True,False
60,Train/Low/low00333.png,9,8.473719642256247,0.07698173123711083,0.06983222712951864,0.5327697575346706,-0.004655430333533453,True,False
60,Train/Low/low00333.png,10,8.630582092131249,0.0763824825071549,0.22669467700452017,0.6896322074096721,-0.005254679063489379,True,False
60,Train/Low/low00333.png,11,8.79178065319583,0.0757160889308463,0.3878932380691005,0.8508307684742524,-0.005921072639797978,True,False
60,Train/Low/low00333.png,12,8.956252144181743,0.0749837029572389,0.5523647290550144,1.0153022594601664,-0.006653458613405383,True,False
60,Train/Low/low00333.png,13,9.122734327822982,0.07418690208546622,0.7188469126962538,1.1817844431014057,-0.007450259485178065,True,False
60,Train/Low/low00333.png,14,9.289774574862738,0.07332834236135619,0.8858871597360096,1.3488246901411616,-0.008308819209288096,True,False
60,Train/Low/low00333.png,15,9.455752118235438,0.07241216216769829,1.0518647031087092,1.5148022335138611,-0.009224999402945994,True,False
60,Train/Low/low00333.png,16,9.61891341602236,0.07144416165018,1.215026000895632,1.677963531300784,-0.010192999920464282,True,False
60,Train/Low/low00333.png,17,9.77743017244989,0.07043176831235574,1.3735427573231611,1.836480287728313,-0.011205393258288537,True,False
60,Train/Low/low00333.png,18,9.929459564550102,0.0693836818159464,1.5255721494233736,1.9885096798285256,-0.012253479754697885,True,False
60,Train/Low/low00333.png,19,10.073214110379315,0.06830960705940727,1.669326695252586,2.132264225657738,-0.013327554511237016,True,False
60,Train/Low/low00333.png,20,10.20707339641481,0.0672195920234111,1.803185981288081,2.266123511693233,-0.01441756954723318,True,False
60,Train/Low/low00333.png,21,10.329723469152349,0.06612495369170789,1.9258360540256199,2.388773584430772,-0.015512207878936396,True,False
60,Train/Low/low00333.png,22,10.440197378449286,0.06503579608743897,2.036309963322557,2.499247493727709,-0.016601365483205316,True,False
60,Train/Low/low00333.png,23,10.537960060992624,0.06396263401914831,2.1340726458658956,2.5970101762710476,-0.01767452755149597,True,False
60,Train/Low/low00333.png,24,10.62294934838441,0.06291417912478524,2.219061933257681,2.681999463662833,-0.018722982445859043,True,False
60,Train/Low/low00333.png,25,10.695527557898236,0.061899230141397546,2.2916401427715076,2.7545776731766596,-0.019737931429246736,True,False
60,Train/Low/low00333.png,26,10.756425863132645,0.06092565275793744,2.352538448005916,2.815475978411068,-0.020711508812706843,True,False
60,Train/Low/low00333.png,27,10.806678822907829,0.05999779203717023,2.4027914077811,2.865728938186252,-0.021639369533474048,True,True
61,Train/Low/low00156.png,0,6.502567289192148,0.067884991782294,-2.4192566959293877,-4.845760638322394,-0.3169496728253786,True,False
61,Train/Low/low00156.png,1,6.5891641829516825,0.07783589560727944,-2.3326598021698537,-4.75916374456286,-0.3069987690003932,True,False
61,Train/Low/low00156.png,2,6.684962448743321,0.0889583516433969,-2.236861536378215,-4.6633654787712215,-0.29587631296427575,True,False
61,Train/Low/low00156.png,3,6.790689421648582,0.1012934421235023,-2.131134563472954,-4.5576385058659605,-0.28354122248417035,True,False
61,Train/Low/low00156.png,4,6.907075295561861,0.11485230234465728,-2.014748689559675,-4.441252631952682,-0.26998236226301536,True,False
61,Train/Low/low00156.png,5,7.034861648984833,0.12961021458984465,-1.886962336136703,-4.3134662785297095,-0.255224450017828,True,False
61,Train/Low/low00156.png,6,7.174795461071833,0.14550039960702482,-1.7470285240497034,-4.17353246644271,-0.2393342650006478,True,False
61,Train/Low/low00156.png,7,7.327617667603682,0.1624088628923891,-1.5942063175178545,-4.020710259910861,-0.22242580171528353,True,False
61,Train/Low/low00156.png,8,7.494053405612328,0.18017326096573655,-1.4277705795092084,-3.854274521902215,-0.20466140364193608,True,False
61,Train/Low/low00156.png,9,7.674795805698622,0.19858503163431118,-1.247028179422914,-3.6735321218159207,-0.18624963297336145,True,False
61,Train/Low/low00156.png,10,7.870489776274546,0.21739676341989492,-1.0513342088469901,-3.4778381512399967,-0.1674379011877777,True,False
61,Train/Low/low00156.png,11,8.081712688549917,0.23633389297882923,-0.8401112965716191,-3.2666152389646257,-0.1485007716288434,True,False
61,Train/Low/low00156.png,12,8.308954437159628,0.2551098650471043,-0.6128695479619086,-3.039373490354915,-0.12972479956056832,True,False
61,Train/Low/low00156.png,13,8.55258700372037,0.27344199608725844,-0.36923698140116556,-2.795740923794172,-0.11139266852041418,True,False
61,Train/Low/low00156.png,14,8.812844314927226,0.29106976712034166,-0.10897967019431043,-2.535483612587317,-0.09376489748733097,True,False
61,Train/Low/low00156.png,15,9.089787154052152,0.30775916522685326,0.16796316893061558,-2.258540773462391,-0.07707549938081937,True,False
61,Train/Low/low00156.png,16,9.383273892324357,0.32331874087077095,0.4614499072028213,-1.9650540351901853,-0.06151592373690168,True,False
61,Train/Low/low00156.png,17,9.692928533014783,0.3376033501727019,0.7711045478932466,-1.65539939449976,-0.04723131443497075,True,False
61,Train/Low/low00156.png,18,10.018108070757277,0.3505117774491037,1.096284085635741,-1.3302198567572656,-0.034322887158568904,True,False
61,Train/Low/low00156.png,19,10.357871418077869,0.3619902399254284,1.4360474329563324,-0.9904565094366742,-0.022844424682244235,True,False
61,Train/Low/low00156.png,20,10.710945896461677,0.37201820539156744,1.7891219113401409,-0.6373820310528657,-0.012816459216105192,True,False
61,Train/Low/low00156.png,21,11.075708831679403,0.38061527270978196,2.153884846557867,-0.27261909583513955,-0.0042193918978906675,True,False
61,Train/Low/low00156.png,22,11.450171803704322,0.38782891262818053,2.5283478185827857,0.10184387618977908,0.002994248020507906,True,False
61,Train/Low/low00156.png,23,11.83197172125543,0.3937345308804501,2.9101477361338937,0.48364379374088706,0.008899866272777446,True,False
61,Train/Low/low00156.png,24,12.218392849015773,0.3984345028223344,3.2965688638942368,0.8700649215012302,0.013599838214661764,True,False
61,Train/Low/low00156.png,25,12.606415032727984,0.40207349703282896,3.684591047606448,1.2580871052134412,0.017238832425156336,True,False
61,Train/Low/low00156.png,26,12.992807605506089,0.4048297506685527,4.070983620384553,1.644479677991546,0.019995086060880074,True,False
61,Train/Low/low00156.png,27,13.374276518041231,0.4069253536544503,4.452452532919695,2.0259485905266885,0.02209068904677769,True,True
62,Train/Low/low00489.png,0,6.79293505184684,0.11105929773733118,-2.2291432521877947,-3.6283037723581284,-0.23117326308738956,True,False
62,Train/Low/low00489.png,1,6.866048759247477,0.12126802530184859,-2.156029544787158,-3.5551900649574915,-0.22096453552287215,True,False
62,Train/Low/low00489.png,2,6.947540424129578,0.1326239386598508,-2.0745378799050567,-3.4736984000753903,-0.20960862216486995,True,False
62,Train/Low/low00489.png,3,7.038115546871482,0.14515467252767064,-1.9839627571631526,-3.3831232773334863,-0.1970778882970501,True,False
62,Train/Low/low00489.png,4,7.138502292788038,0.1588558230576825,-1.8835760112465962,-3.28273653141693,-0.18337673776703825,True,False
62,Train/Low/low00489.png,5,7.2494491975646795,0.17368380949448137,-1.7726291064699549,-3.1717896266402885,-0.1685487513302394,True,False
62,Train/Low/low00489.png,6,7.371718101107858,0.18954845123154615,-1.6503602029267768,-3.0495207230971104,-0.1526841095931746,True,False
62,Train/Low/low00489.png,7,7.506077449926771,0.20630928193191855,-1.5160008541078636,-2.915161374278197,-0.1359232788928022,True,False
62,Train/Low/low00489.png,8,7.653291693321323,0.2237756528629188,-1.368786610713311,-2.7679471308836447,-0.11845690796180194,True,False
62,Train/Low/low00489.png,9,7.814109945534281,0.24171142068406448,-1.2079683585003531,-2.6071288786706868,-0.10052114014065627,True,False
62,Train/Low/low00489.png,10,7.989252722025046,0.25984502233572504,-1.032825582009588,-2.4319861021799216,-0.08238753848899572,True,False
62,Train/Low/low00489.png,11,8.179396129412392,0.27788327651873695,-0.8426821746222419,-2.2418426947925756,-0.0643492843059838,True,False
62,Train/Low/low00489.png,12,8.3851569403134,0.29552794557114465,-0.6369213637212336,-2.0360818838915673,-0.04670461525357611,True,False
62,Train/Low/low00489.png,13,8.607069939132533,0.3124926022594399,-0.4150083649021017,-1.8141688850724353,-0.029739958565280833,True,False
62,Train/Low/low00489.png,14,8.84557156994969,0.3285192264967311,-0.17650673408494377,-1.5756672542552774,-0.013713334327989657,True,False
62,Train/Low/low00489.png,15,9.10097522142267,0.3433914307284329,0.07889691738803606,-1.3202636027822976,0.0011588699037121675,True,False
62,Train/Low/low00489.png,16,9.373451896172412,0.3569440566627404,0.35137359213777764,-1.047786928032556,0.014711495838019673,True,False
62,Train/Low/low00489.png,17,9.663004914046759,0.36906728181190185,0.6409266100121247,-0.758233910158209,0.026834720987181093,True,False
62,Train/Low/low00489.png,18,9.96945214274699,0.3797060135919347,0.9473738387123554,-0.4517866814579783,0.03747345276721392,True,False
62,Train/Low/low00489.png,19,10.292402493852553,0.3888545915926532,1.2703241898179183,-0.12883633035241537,0.04662203076793242,True,False
62,Train/Low/low00489.png,20,10.631233907580048,0.3965487345662905,1.609155603545414,0.20999508337508033,0.05431617374156972,True,False
62,Train/Low/low00489.png,21,10.985091224697452,0.4028573811563933,1.963012920662818,0.5638524004924843,0.060624820331672546,True,False
62,Train/Low/low00489.png,22,11.352859693786613,0.40787220531853796,2.3307813897519782,0.9316208695816446,0.0656396444938172,True,False
62,Train/Low/low00489.png,23,11.733163984887852,0.4117001319182624,2.711085680853218,1.3119251606828843,0.06946757109354162,True,False
62,Train/Low/low00489.png,24,12.124375550389841,0.41445742467196395,3.1022972463552065,1.7031367261848729,0.07222486384724319,True,False
62,Train/Low/low00489.png,25,12.52461763462582,0.41626462088671107,3.502539330591185,2.1033788104208515,0.07403206006199031,True,False
62,Train/Low/low00489.png,26,12.931777816491811,0.417242101042277,3.909699512457177,2.5105389922868433,0.07500954021755624,True,False
62,Train/Low/low00489.png,27,13.343541177108547,0.41750737322242415,4.321462873073912,2.9223023529035785,0.0752748123977034,True,True
63,Train/Low/low00612.png,0,8.647521357691167,0.2611204670871212,-7.909074814208582,-7.028760780137356,-0.29896691555211186,False,False
63,Train/Low/low00612.png,1,8.86112170391799,0.29092333528360537,-7.695474467981759,-6.815160433910533,-0.2691640473556277,False,False
63,Train/Low/low00612.png,2,9.099906177347103,0.3225159632221317,-7.4566899945526455,-6.576375960481419,-0.23757141941710136,False,False
63,Train/Low/low00612.png,3,9.366652790963883,0.35561280730599026,-7.1899433809358655,-6.309629346864639,-0.20447457533324281,False,False
63,Train/Low/low00612.png,4,9.664474012900389,0.389823885389624,-6.89212215899936,-6.011808124928134,-0.1702634972496091,False,False
63,Train/Low/low00612.png,5,9.996884511707693,0.4246539894258602,-6.559711660192056,-5.67939762612083,-0.1354333932133729,False,False
63,Train/Low/low00612.png,6,10.367879066581128,0.4595093791390397,-6.18871710531862,-5.308403071247394,-0.10057800350019336,False,False
63,Train/Low/low00612.png,7,10.782030319959546,0.4937146563947516,-5.774565851940203,-4.894251817868977,-0.06637272624448148,False,False
63,Train/Low/low00612.png,8,11.244615272847284,0.5265408710126065,-5.311980899052465,-4.4316668649812385,-0.033546511626626585,True,False
63,Train/Low/low00612.png,9,11.761782989268696,0.5572442536784963,-4.794813182631053,-3.914499148559827,-0.002843128960736796,True,False
63,Train/Low/low00612.png,10,12.340770546716573,0.5851123349977354,-4.215825625183175,-3.335511591111949,0.025024952358502328,True,False
63,Train/Low/low00612.png,11,12.99020109849636,0.6095139469013753,-3.5663950734033882,-2.686081039332162,0.0494265642621422,True,False
63,Train/Low/low00612.png,12,13.720478829203522,0.6299460667931104,-2.8361173426962267,-1.9558033086250006,0.0698586841538773,True,False
63,Train/Low/low00612.png,13,14.544296466018523,0.6460711003200307,-2.012299705881226,-1.1319856718099999,0.0859837176807976,True,False
63,Train/Low/low00612.png,14,15.477314319560978,0.6577400207384931,-1.0792818523387702,-0.19896781826754406,0.09765263809926006,True,False
63,Train/Low/low00612.png,15,16.538909629170103,0.6649960148028837,-0.017686542729645538,0.8626274913415806,0.10490863216365065,True,False
63,Train/Low/low00612.png,16,17.752754677726806,0.6680613545636208,1.1961585058270572,2.0764725398982833,0.10797397192438773,True,False
63,Train/Low/low00612.png,17,19.146154660227133,0.6673107326503662,2.589558488327384,3.46987252239861,0.10722335001113315,True,False
63,Train/Low/low00612.png,18,20.744225759076457,0.6632312935593639,4.187629587176708,5.0679436212479345,0.10314391092013087,True,False
63,Train/Low/low00612.png,19,22.54589977869884,0.6563789171400519,5.989303606799091,6.869617640870317,0.09629153450081884,True,False
63,Train/Low/low00612.png,20,24.442736521724346,0.6473359612253902,7.886140349824597,8.766454383895823,0.08724857858615709,True,False
63,Train/Low/low00612.png,21,26.02342638076926,0.6366743270847773,9.46683020886951,10.347144242940736,0.07658694444554426,True,False
63,Train/Low/low00612.png,22,26.5160823340365,0.624926617576654,9.959486162136752,10.839800196207978,0.06483923493742094,True,True
63,Train/Low/low00612.png,23,25.643713831070446,0.6125668537286516,9.087117659170698,9.967431693241924,0.05247947108941853,True,False
63,Train/Low/low00612.png,24,24.084750904262656,0.5999997534711434,7.528154732362907,8.408468766434133,0.03991237083191035,True,False
63,Train/Low/low00612.png,25,22.46693791018763,0.5875570133486657,5.910341738287883,6.790655772359109,0.027469630709432646,True,False
63,Train/Low/low00612.png,26,21.019342394120404,0.5754996112736643,4.462746222220655,5.343060256291881,0.015412228634431258,True,False
63,Train/Low/low00612.png,27,19.780004945310132,0.564023664685018,3.223408773410384,4.10372280748161,0.003936282045784889,True,False
64,Train/Low/low00572.png,0,7.602979715512675,0.32785047514514587,-7.969890657101657,-7.040409145250776,-0.31312799541453895,False,False
64,Train/Low/low00572.png,1,7.881151825678678,0.36191804225659596,-7.691718546935654,-6.762237035084773,-0.27906042830308886,False,False
64,Train/Low/low00572.png,2,8.191221947732734,0.39744411972048127,-7.381648424881599,-6.452166913030718,-0.24353435083920355,False,False
64,Train/Low/low00572.png,3,8.53684486420021,0.43397272296096256,-7.036025508414122,-6.106543996563241,-0.20700574759872226,False,False
64,Train/Low/low00572.png,4,8.922168402176366,0.47093058215128686,-6.650701970437966,-5.721220458587085,-0.17004788840839796,False,False
64,Train/Low/low00572.png,5,9.351937712023746,0.507640222345703,-6.220932660590586,-5.291451148739705,-0.13333824821398177,False,False
64,Train/Low/low00572.png,6,9.83162277284391,0.5433458469803526,-5.741247599770423,-4.811766087919542,-0.09763262357933222,False,False
64,Train/Low/low00572.png,7,10.367568391022214,0.5772517745239765,-5.205301981592118,-4.275820469741237,-0.06372669603570835,True,False
64,Train/Low/low00572.png,8,10.967190320499414,0.6085725310175474,-4.605680052114918,-3.6761985402640374,-0.03240593954213744,True,False
64,Train/Low/low00572.png,9,11.639224662769392,0.6365900015775623,-3.9336457098449404,-3.0041641979940596,-0.004388468982122529,True,False
64,Train/Low/low00572.png,10,12.394028619013625,0.6607095956495793,-3.1788417536007074,-2.2493602417498266,0.019731125089894497,True,False
64,Train/Low/low00572.png,11,13.243941742280843,0.6805081088869067,-2.3289286303334897,-1.399447118482609,0.039529638327221894,True,False
64,Train/Low/low00572.png,12,14.203645390828576,0.6957654106266141,-1.3692249817857558,-0.439743469934875,0.0547869400669293,True,False
64,Train/Low/low00572.png,13,15.290370513640676,0.70647524780119,-0.28249985897365626,0.6469816528772245,0.06549677724150516,True,False
64,Train/Low/low00572.png,14,16.523380369668182,0.7128342480070978,0.9505099970538495,1.8799915089047303,0.071855777447413,True,False
64,Train/Low/low00572.png,15,17.921202152924508,0.7152123275547827,2.3483317803101755,3.2778132921610563,0.07423385699509788,True,False
64,Train/Low/low00572.png,16,19.49191936265204,0.7141097121441972,3.919048990037709,4.84853050188859,0.07313124158451234,True,False
64,Train/Low/low00572.png,17,21.20406315105241,0.7101088004686875,5.631192778438077,6.560674290288958,0.0691303299090027,True,False
64,Train/Low/low00572.png,18,22.9120474191453,0.703827533433949,7.339177046530967,8.268658558381848,0.06284906287426417,True,False
64,Train/Low/low00572.png,19,24.237807651591716,0.6958793926954098,8.664937278977384,9.594418790828264,0.05490092213572495,True,False
64,Train/Low/low00572.png,20,24.651293794696727,0.6868429036512245,9.078423422082395,10.007904933933276,0.04586443309153965,True,True
64,Train/Low/low00572.png,21,24.040457131103103,0.6772409693712753,8.467586758488771,9.397068270339652,0.03626249881159049,True,False
64,Train/Low/low00572.png,22,22.872230770583602,0.6675258014312931,7.29936039796927,8.22884190982015,0.02654733087160832,True,False
64,Train/Low/low00572.png,23,21.602533922405705,0.6580690811963822,6.029663549791373,6.959145061642253,0.017090610636697368,True,False
64,Train/Low/low00572.png,24,20.436090527725455,0.6491569510182019,4.863220155111122,5.792701666962003,0.008178480458517101,True,False
64,Train/Low/low00572.png,25,19.427049583627454,0.640992226729616,3.854179211013122,4.783660722864003,1.3756169931156137e-05,True,False
64,Train/Low/low00572.png,26,18.57289222489197,0.633701711783624,3.000021852277637,3.929503364128518,-0.007276758776060821,True,False
64,Train/Low/low00572.png,27,17.85468462017147,0.627348612399266,2.2818142475571364,3.211295759408017,-0.01362985816041884,True,False
65,Train/Low/low00129.png,0,4.811606373294401,0.23562059571841062,-5.820620553376694,-7.697877571906822,-0.40448735665590363,False,False
65,Train/Low/low00129.png,1,4.9781774392120495,0.26203310138384267,-5.654049487459045,-7.531306505989174,-0.3780748509904716,False,False
65,Train/Low/low00129.png,2,5.162677968810124,0.2901218777149452,-5.469548957860971,-7.346805976391099,-0.3499860746593691,True,False
65,Train/Low/low00129.png,3,5.366708137491816,0.3197090737401698,-5.2655187891792785,-7.142775807709407,-0.32039887863414446,True,False
65,Train/Low/low00129.png,4,5.591975805729562,0.35054662905631406,-5.040251120941533,-6.9175081394716615,-0.2895613233180002,True,False
65,Train/Low/low00129.png,5,5.840306313081294,0.38231520151464565,-4.7919206135898005,-6.669177632119929,-0.25779275085966863,True,False
65,Train/Low/low00129.png,6,6.113646020480282,0.4146267144395581,-4.518580906190813,-6.395837924720942,-0.22548123793475616,True,False
65,Train/Low/low00129.png,7,6.414065132703674,0.4470324257792671,-4.218161793967421,-6.09541881249755,-0.19307552659504718,True,False
65,Train/Low/low00129.png,8,6.743759678990532,0.47903709322671345,-3.8884672476805626,-5.765724266210691,-0.16107085914760083,True,False
65,Train/Low/low00129.png,9,7.105052065591484,0.5101188605143809,-3.5271748610796108,-5.4044318796097395,-0.12998909185993335,True,False
65,Train/Low/low00129.png,10,7.50038420852757,0.5397538431240911,-3.131842718143525,-5.009099736673654,-0.10035410925022314,True,False
65,Train/Low/low00129.png,11,7.932315666771919,0.5674442459472956,-2.699911259899176,-4.577168278429305,-0.07266370642701869,True,False
65,Train/Low/low00129.png,12,8.403514478203986,0.5927470557848439,-2.2287124484671086,-4.105969466997237,-0.0473608965894704,True,False
65,Train/Low/low00129.png,13,8.916733430543617,0.6152997861803633,-1.7154934961274773,-3.592750514657606,-0.024808166193950987,True,False
65,Train/Low/low00129.png,14,9.474788656741268,0.6348417296873535,-1.157438269929827,-3.0346952884599556,-0.005266222686960753,True,False
65,Train/Low/low00129.png,15,10.080518233518863,0.6512275309917546,-0.5517086931522321,-2.428965711682361,0.011119578617440284,True,False
65,Train/Low/low00129.png,16,10.736725798753671,0.6644316750193466,0.10449887208257636,-1.7727581464475524,0.024323722645032353,True,False
65,Train/Low/low00129.png,17,11.446098111709786,0.6745445863626891,0.8138711850386908,-1.063385833491438,0.03443663398837482,True,False
65,Train/Low/low00129.png,18,12.211081441895148,0.6817593798121558,1.5788545152240534,-0.2984025033060753,0.04165142743784156,True,False
65,Train/Low/low00129.png,19,13.033703840103604,0.6863491311017007,2.401476913432509,0.5242198949023802,0.04624117872738642,True,False
65,Train/Low/low00129.png,20,13.915303301280852,0.6886484301926576,3.2830763746097578,1.405819356079629,0.048540477818343364,True,False
65,Train/Low/low00129.png,21,14.856140872789547,0.6890270266238023,4.2239139461184525,2.346656927588324,0.04891907424948805,True,False
65,Train/Low/low00129.png,22,15.854821986710855,0.6878664824450288,5.22259506003976,3.345338041509631,0.04775853007071451,True,False
65,Train/Low/low00129.png,23,16.907419720221743,0.6855396525614195,6.275192793550648,4.397935775020519,0.045431700187105184,True,False
65,Train/Low/low00129.png,24,18.006236067085812,0.6823945817217748,7.374009140414717,5.4967521218845885,0.042286629347460525,True,False
65,Train/Low/low00129.png,25,19.138088561008068,0.678742978018633,8.505861634336974,6.628604615806845,0.038635025644318755,True,False
65,Train/Low/low00129.png,26,20.282265028067407,0.6748536072239625,9.650038101396312,7.772781082866183,0.0347456548496482,True,False
65,Train/Low/low00129.png,27,21.40859099622116,0.6709512562678651,10.776364069550066,8.899107051019937,0.030843303893550833,True,True
66,Train/Low/low00221.png,0,10.058356559107398,0.38151497396273043,-12.774503167811776,-4.763567711245138,-0.2832648194844078,False,False
66,Train/Low/low00221.png,1,10.371385972744369,0.4212341464785892,-12.461473754174806,-4.450538297608167,-0.24354564696854902,False,False
66,Train/Low/low00221.png,2,10.72382370372954,0.4623895677620073,-12.109036023189635,-4.098100566622996,-0.20239022568513093,False,False
66,Train/Low/low00221.png,3,11.12104934345231,0.5043663702292188,-11.711810383466865,-3.7008749269002266,-0.1604134232179194,False,False
66,Train/Low/low00221.png,4,11.569440761186886,0.5464115008267509,-11.263418965732289,-3.25248350916565,-0.11836829262038728,False,False
66,Train/Low/low00221.png,5,12.076666199611994,0.5876538351697252,-10.75619352730718,-2.745258070740542,-0.07712595827741298,False,False
66,Train/Low/low00221.png,6,12.652097334158274,0.6271414346015177,-10.1807623927609,-2.169826936194262,-0.0376383588456205,False,False
66,Train/Low/low00221.png,7,13.307390609878853,0.6638939810594797,-9.525469117040322,-1.514533660473683,-0.0008858123876585022,False,False
66,Train/Low/low00221.png,8,14.057353152431837,0.6969687619892952,-8.775506574487338,-0.7645711179206991,0.032188968542157026,False,False
66,Train/Low/low00221.png,9,14.921272329543582,0.7255336332886161,-7.911587397375593,0.09934805919104583,0.060753839841477864,False,False
66,Train/Low/low00221.png,10,15.925030509198841,0.7489361179655653,-6.907829217720334,1.1031062388463049,0.08415632451842703,False,False
66,Train/Low/low00221.png,11,17.104606856728896,0.7667571742072454,-5.728252870190278,2.2826825863763602,0.1019773807601072,False,False
66,Train/Low/low00221.png,12,18.5121589002058,0.7788463345383528,-4.320700826713374,3.690234629853265,0.11406654109121461,True,False
66,Train/Low/low00221.png,13,20.22706994385082,0.7853270168372286,-2.605789783068353,5.405145673498286,0.12054722339009039,True,False
66,Train/Low/low00221.png,14,22.37642898741276,0.7865736946801499,-0.4564307395064162,7.554504717060222,0.1217939012330117,True,False
66,Train/Low/low00221.png,15,25.167379215167106,0.783167889005088,2.334519488247931,10.34545494481457,0.11838809555794982,True,False
66,Train/Low/low00221.png,16,28.84481765634764,0.77583737775114,6.0119579294284655,14.022893385995104,0.11105758430400181,True,False
66,Train/Low/low00221.png,17,32.35376265085387,0.7653928868797559,9.520902923934692,17.53183838050133,0.1006130934326177,True,True
66,Train/Low/low00221.png,18,30.722846962118307,0.7526626584541245,7.889987235199133,15.900922691765771,0.08788286500698628,True,False
66,Train/Low/low00221.png,19,26.91343391754556,0.7384443158107729,4.080574190626386,12.091509647193025,0.07366452236363463,True,False
66,Train/Low/low00221.png,20,23.92853000007139,0.7234646486742087,1.0956702731522157,9.106605729718854,0.058684855227070454,True,False
66,Train/Low/low00221.png,21,21.707512803883937,0.7083545736372169,-1.125346923035238,6.885588533531401,0.043574780190078655,True,False
66,Train/Low/low00221.png,22,20.00678548566021,0.6936370567784218,-2.826074241258965,5.184861215307674,0.028857263331283578,True,False
66,Train/Low/low00221.png,23,18.670786176535092,0.6797239973908641,-4.162073550384083,3.848861906182556,0.014944203943725864,True,False
66,Train/Low/low00221.png,24,17.60412716673313,0.6669223825425524,-5.228732560186046,2.7822028963805927,0.0021425890954142046,True,False
66,Train/Low/low00221.png,25,16.745562222428674,0.6554445659943463,-6.0872975044905,1.9236379520761382,-0.009335227452791917,False,False
66,Train/Low/low00221.png,26,16.05358149568012,0.645422092461162,-6.779278231239054,1.2316572253275844,-0.019357700985976223,False,False
66,Train/Low/low00221.png,27,15.498684380821397,0.6369195473599025,-7.334175346097778,0.6767601104688605,-0.027860246087235696,False,False
67,Train/Low/low00676.png,0,7.979347313098792,0.09242014790343318,-3.52782941169405,-6.288133533886443,-0.4312487978339639,True,False
67,Train/Low/low00676.png,1,8.103119200620519,0.10741912359532388,-3.404057524172323,-6.164361646364716,-0.4162498221420732,True,False
67,Train/Low/low00676.png,2,8.240328726494731,0.12427880686452887,-3.266847998298111,-6.027152120490504,-0.39939013887286823,True,False
67,Train/Low/low00676.png,3,8.392178142697274,0.1430651600200091,-3.114998582095568,-5.875302704287961,-0.38060378571738795,True,False
67,Train/Low/low00676.png,4,8.559893152620546,0.16379095681966108,-2.947283572172296,-5.707587694364689,-0.35987798891773604,True,False
67,Train/Low/low00676.png,5,8.744758759850216,0.18640865463096548,-2.7624179649426264,-5.522722087135019,-0.33726029110643163,True,False
67,Train/Low/low00676.png,6,8.948121261958145,0.2108003034343749,-2.5590554628346975,-5.31935958502709,-0.3128686423030222,True,False
67,Train/Low/low00676.png,7,9.171380584410263,0.23677020797928303,-2.3357961403825787,-5.096100262574971,-0.28689873775811403,True,False
67,Train/Low/low00676.png,8,9.415985620428872,0.2640434879143124,-2.09119110436397,-4.851495226556363,-0.25962545782308466,True,False
67,Train/Low/low00676.png,9,9.683420870366716,0.29226490744659217,-1.8237558544261265,-4.584059976618519,-0.23140403829080491,True,False
67,Train/Low/low00676.png,10,9.975189612936816,0.3210110916443041,-1.5319871118560258,-4.2922912340484185,-0.202657854093093,True,False
67,Train/Low/low00676.png,11,10.292794699997074,0.34980789206127516,-1.2143820247957677,-3.9746861469881605,-0.17386105367612192,True,False
67,Train/Low/low00676.png,12,10.637714248108242,0.3781512904323472,-0.8694624766845997,-3.6297665988769925,-0.1455176553050499,True,False
67,Train/Low/low00676.png,13,11.011356620845314,0.40553124312610833,-0.49582010394752807,-3.256124226139921,-0.11813770261128875,True,False
67,Train/Low/low00676.png,14,11.41501635699069,0.43146171282503737,-0.0921603678021512,-2.852464489994544,-0.09220723291235972,True,False
67,Train/Low/low00676.png,15,11.849798112376233,0.4555067896417237,0.34262138758339056,-2.417682734609002,-0.06816215609567339,True,False
67,Train/Low/low00676.png,16,12.316525662631772,0.4773079506932056,0.80934893783893,-1.9509551843534627,-0.0463609950441915,True,False
67,Train/Low/low00676.png,17,12.815605952756178,0.4965900778046501,1.3084292279633356,-1.4518748942290571,-0.027078867932746997,True,False
67,Train/Low/low00676.png,18,13.346850484602616,0.5131853260296028,1.8396737598097737,-0.9206303623826191,-0.010483619707794323,True,False
67,Train/Low/low00676.png,19,13.909233914376456,0.5270268510375351,2.402057189583614,-0.35824693260877893,0.00335790530013802,True,False
67,Train/Low/low00676.png,20,14.500523959731531,0.5381389048025795,2.993347234938689,0.2330431127462962,0.014469959065182447,True,False
67,Train/Low/low00676.png,21,15.116853903565733,0.5466325211494388,3.609677178772891,0.8493730565804984,0.022963575412041748,True,False
67,Train/Low/low00676.png,22,15.75216138005753,0.5526902761405718,4.2449846552646875,1.4846805330722948,0.029021330403174672,True,False
67,Train/Low/low00676.png,23,16.397489618907443,0.5565427585396304,4.890312894114601,2.130008771922208,0.03287381280223334,True,False
67,Train/Low/low00676.png,24,17.040351752655596,0.5584586861171034,5.533175027862754,2.772870905670361,0.03478974037970628,True,False
67,Train/Low/low00676.png,25,17.664229785724572,0.5587193295495994,6.15705306093173,3.3967489387393375,0.03505038381220227,True,False
67,Train/Low/low00676.png,26,18.24862996278971,0.5576035803522881,6.741453237996868,3.9811491158044756,0.03393463461489099,True,False
67,Train/Low/low00676.png,27,18.770422055172197,0.5553823376799489,7.263245330379355,4.502941208186963,0.03171339194255185,True,True
68,Train/Low/low00615.png,0,8.71047202709589,0.2121032887055202,-6.870648387837322,-6.03758225793603,-0.3716681118193388,False,False
68,Train/Low/low00615.png,1,8.914744413115216,0.2384819861535864,-6.666376001817996,-5.833309871916704,-0.3452894143712726,False,False
68,Train/Low/low00615.png,2,9.142504566203028,0.26693123577992367,-6.4386158487301834,-5.605549718828891,-0.3168401647449353,False,False
68,Train/Low/low00615.png,3,9.396242422042908,0.2972929146334756,-6.1848779928903035,-5.3518118629890115,-0.28647848589138336,False,False
68,Train/Low/low00615.png,4,9.67871080514336,0.32930879913549993,-5.902409609789851,-5.069343479888559,-0.25446260138935906,False,False
68,Train/Low/low00615.png,5,9.992979777084642,0.3626121885154757,-5.58814063784857,-4.755074507947278,-0.22115921200938327,True,False
68,Train/Low/low00615.png,6,10.342493413984887,0.39672474639836874,-5.238627000948325,-4.405560871047033,-0.18704665412649024,True,False
68,Train/Low/low00615.png,7,10.731128362445922,0.43106133687539233,-4.8499920524872895,-4.0169259225859975,-0.15271006364946665,True,False
68,Train/Low/low00615.png,8,11.163277864230842,0.464947481957394,-4.417842550702369,-3.5847764208010773,-0.11882391856746499,True,False
68,Train/Low/low00615.png,9,11.643952016046818,0.49765163542027013,-3.937168398886394,-3.104102268985102,-0.08611976510458885,True,False
68,Train/Low/low00615.png,10,12.17890486142337,0.5284154538169186,-3.4022155535098424,-2.5691494236085504,-0.05535594670794042,True,False
68,Train/Low/low00615.png,11,12.774787345111731,0.5565150874134962,-2.8063330698214806,-1.9732669399201885,-0.027256313111362784,True,False
68,Train/Low/low00615.png,12,13.439338270430198,0.5813092297290485,-2.141782144503013,-1.3087160146017212,-0.002462170795810459,True,False
68,Train/Low/low00615.png,13,14.18159169632723,0.6022848662014688,-1.399528718605982,-0.5664625887046899,0.01851346567660983,True,False
68,Train/Low/low00615.png,14,15.012094646127958,0.6191028871461305,-0.569025768805254,0.264040361096038,0.0353314866212715,True,False
68,Train/Low/low00615.png,15,15.943015616623818,0.6316080734166131,0.36189520169060607,1.194961331591898,0.047836672891754084,True,False
68,Train/Low/low00615.png,16,16.987809925396046,0.6398419506213456,1.4066895104628347,2.2397556403641268,0.05607055009648665,True,False
68,Train/Low/low00615.png,17,18.159835002674786,0.644028366314649,2.5787145877415742,3.4117807176428663,0.06025696578979001,True,False
68,Train/Low/low00615.png,18,19.46788289016648,0.6445342911182392,3.886762475233267,4.719828605134559,0.06076289059338025,True,False
68,Train/Low/low00615.png,19,20.903703446900256,0.6418311802563698,5.322583031967044,6.155649161868336,0.058059779731510774,True,False
68,Train/Low/low00615.png,20,22.410818517216033,0.6364583097148608,6.829698102282821,7.662764232184113,0.05268690919000185,True,False
68,Train/Low/low00615.png,21,23.821827831285113,0.6290076758766089,8.240707416351901,9.073773546253193,0.0452362753517499,True,False
68,Train/Low/low00615.png,22,24.800264501644847,0.620048385221043,9.219144086711635,10.052210216612927,0.03627698469618401,True,False
68,Train/Low/low00615.png,23,24.979389541066066,0.6100340429251209,9.398269126132854,10.231335256034146,0.026262642400261882,True,True
68,Train/Low/low00615.png,24,24.34248810726984,0.5993659259047361,8.761367692336629,9.59443382223792,0.015594525379877155,True,False
68,Train/Low/low00615.png,25,23.242894773761577,0.5884006112047563,7.6617743588283655,8.494840488729658,0.0046292106798973,True,False
68,Train/Low/low00615.png,26,22.024467103246103,0.5774240500184616,6.443346688312891,7.276412818214183,-0.006347350506397342,True,False
68,Train/Low/low00615.png,27,20.863653640325644,0.5666853054815952,5.282533225392433,6.115599355293725,-0.01708609504326375,True,False
69,Train/Low/low00324.png,0,11.184435827321426,0.1996633501352044,0.716742217816277,1.2376585930003827,0.021772081327462195,True,False
69,Train/Low/low00324.png,1,11.477449993723287,0.20030340255010592,1.0097563842181376,1.5306727594022433,0.022412133742363727,True,False
69,Train/Low/low00324.png,2,11.793082800158505,0.20037181743296525,1.3253891906533557,1.8463055658374614,0.022480548625223057,True,False
69,Train/Low/low00324.png,3,12.131933234272637,0.19988870807956996,1.6642396247674878,2.1851559999515935,0.021997439271827762,True,False
69,Train/Low/low00324.png,4,12.49401756150882,0.19888060324879353,2.02632395200367,2.547240327187776,0.020989334441051333,True,False
69,Train/Low/low00324.png,5,12.878537893640768,0.19738022655256257,2.410844284135619,2.9317606593197247,0.019488957744820373,True,False
69,Train/Low/low00324.png,6,13.283526002724177,0.19542588709703118,2.8158323932190275,3.336748768403133,0.017534618289288983,True,False
69,Train/Low/low00324.png,7,13.705357751443382,0.19306091704883244,3.2376641419382324,3.758580517122338,0.015169648241090239,True,False
69,Train/Low/low00324.png,8,14.138175780620044,0.1903330425299792,3.6704821711148945,4.191398546299,0.01244177372223701,True,False
69,Train/Low/low00324.png,9,14.573233712515531,0.1872935706022214,4.105540103010382,4.626456478194488,0.009402301794479206,True,False
69,Train/Low/low00324.png,10,14.998327753160579,0.18399623893695097,4.53063414365543,5.0515505188395355,0.00610497012920877,True,False
69,Train/Low/low00324.png,11,15.397571611267677,0.18049588022698715,4.929878001762528,5.450794376946634,0.002604611419244951,True,False
69,Train/Low/low00324.png,12,15.751930662777113,0.17684699824989017,5.284237053271964,5.8051534284560695,-0.0010442705578520284,True,False
69,Train/Low/low00324.png,13,16.040973616467124,0.1731023298238777,5.573280006961975,6.09419638214608,-0.00478893898386451,True,False
69,Train/Low/low00324.png,14,16.246025670364254,0.16931355716548702,5.778332060859105,6.299248436043211,-0.008577711642255181,True,False
69,Train/Low/low00324.png,15,16.35422037728556,0.16553194078365915,5.886526767780412,6.407443142964517,-0.012359328024083044,True,False
69,Train/Low/low00324.png,16,16.362130979902638,0.16181637741129132,5.894437370397489,6.415353745581594,-0.01607489139645088,True,True
69,Train/Low/low00324.png,17,16.277186409417673,0.15822358411684104,5.809492799912524,6.33040917509663,-0.01966768469090116,True,False
69,Train/Low/low00324.png,18,16.11598474560609,0.1548129970483228,5.6482911361009425,6.169207511285048,-0.0230782717594194,True,False
69,Train/Low/low00324.png,19,15.899760892733173,0.15162759669156808,5.432067283228024,5.95298365841213,-0.026263672116174114,True,False
69,Train/Low/low00324.png,20,15.64999147686645,0.1486836850975304,5.182297867361301,5.703214242545407,-0.029207583710211787,True,False
69,Train/Low/low00324.png,21,15.385254197218094,0.1459586283813492,4.917560587712945,5.438476962897051,-0.03193264042639299,True,False
69,Train/Low/low00324.png,22,15.120235694282517,0.14343206701533026,4.652542084777368,5.1734584599614735,-0.034459201792411936,True,False
69,Train/Low/low00324.png,23,14.865090171781803,0.14107943366682418,4.397396562276654,4.91831293746076,-0.036811835140918014,True,False
69,Train/Low/low00324.png,24,14.626177873263735,0.13887495678734335,4.158484263758586,4.679400638942692,-0.03901631202039885,True,False
69,Train/Low/low00324.png,25,14.407218078645537,0.13680399729222925,3.9395244691403875,4.460440844324493,-0.041087271515512946,True,False
69,Train/Low/low00324.png,26,14.209810657325406,0.13485183392259142,3.7421170478202566,4.263033423004362,-0.043039434885150774,True,False
69,Train/Low/low00324.png,27,14.034140953223876,0.13300843662723186,3.5664473437187265,4.087363718902832,-0.04488283218051034,True,False
70,Train/Low/low00404.png,0,7.205712319261285,0.11159418659814271,0.24970059571862624,0.5371447864761203,0.01850352800530959,True,False
70,Train/Low/low00404.png,1,7.29805084256558,0.11187160459077908,0.34203911902292106,0.6294833097804151,0.018780945997945955,True,False
70,Train/Low/low00404.png,2,7.395340531495877,0.11188023275074502,0.4393288079532178,0.7267729987107119,0.018789574157911895,True,False
70,Train/Low/low00404.png,3,7.497680984952897,0.111647264691664,0.5416692614102381,0.8291134521677321,0.018556606098830877,True,False
70,Train/Low/low00404.png,4,7.605102807009062,0.11120298393653288,0.649091083466403,0.936535274223897,0.01811232534369976,True,False
70,Train/Low/low00404.png,5,7.717588861896045,0.11057934857707338,0.7615771383533865,1.0490213291108805,0.01748868998424026,True,False
70,Train/Low/low00404.png,6,7.835069914592463,0.1098084824278371,0.8790581910498041,1.1665023818072981,0.016717823835003975,True,False
70,Train/Low/low00404.png,7,7.957417658490018,0.10892139385469456,1.0014059349473587,1.2888501257048528,0.015830735261861434,True,False
70,Train/Low/low00404.png,8,8.084439159743004,0.10794690720731824,1.1284274362003455,1.4158716269578395,0.014856248614485118,True,False
70,Train/Low/low00404.png,9,8.21587047866198,0.10691088436002406,1.2598587551193212,1.5473029458768153,0.013820225767190941,True,False
70,Train/Low/low00404.png,10,8.351370187006804,0.10583575876102144,1.3953584634641452,1.6828026542216392,0.01274510016818832,True,False
70,Train/Low/low00404.png,11,8.490516371645981,0.10474032707683308,1.5345046481033222,1.8219488388608163,0.011649668483999953,True,False
70,Train/Low/low00404.png,12,8.632805839328336,0.10363974663539949,1.6767941157856772,1.9642383065431712,0.010549088042566365,True,False
70,Train/Low/low00404.png,13,8.777652726292803,0.10254577844686644,1.8216410027501446,2.1090851935076387,0.009455119854033314,True,False
70,Train/Low/low00404.png,14,8.924391534292175,0.10146712348673868,1.968379810749516,2.25582400150701,0.00837646489390556,True,False
70,Train/Low/low00404.png,15,9.072284693041418,0.10040985045540102,2.116272969498759,2.403717160256253,0.007319191862567895,True,False
70,Train/Low/low00404.png,16,9.220532750797432,0.09937788657284582,2.264521027254773,2.551965218012267,0.006287227980012702,True,False
70,Train/Low/low00404.png,17,9.368286672071664,0.09837349660575406,2.4122749485290047,2.6997191392864988,0.00528283801292094,True,False
70,Train/Low/low00404.png,18,9.514667826851204,0.09739772257971546,2.558656103308545,2.846100294066039,0.00430706398688234,True,False
70,Train/Low/low00404.png,19,9.658783296514205,0.09645079682451724,2.702771572971546,2.99021576372904,0.003360138231684115,True,False
70,Train/Low/low00404.png,20,9.799751444442975,0.0955324802051191,2.8437397209003166,3.1311839116578106,0.0024418216122859826,True,False
70,Train/Low/low00404.png,21,9.936724195437431,0.0946422949435936,2.9807124718947726,3.2681566626522667,0.0015516363507604714,True,False
70,Train/Low/low00404.png,22,10.068909671883555,0.09377972229516097,3.112897948340896,3.40034213909839,0.0006890637023278523,True,False
70,Train/Low/low00404.png,23,10.195594138697551,0.09294433747288824,3.239582415154892,3.5270266059123863,-0.00014632111994487829,True,False
70,Train/Low/low00404.png,24,10.316160203946463,0.09213584229074191,3.3601484804038044,3.6475926711612985,-0.0009548163020912104,True,False
70,Train/Low/low00404.png,25,10.43010081642366,0.09135404952880435,3.4740890928810018,3.761533283638496,-0.0017366090640287685,True,False
70,Train/Low/low00404.png,26,10.537031777312793,0.09059900582239952,3.5810200537701338,3.868464244527628,-0.0024916527704336028,True,False
70,Train/Low/low00404.png,27,10.636693058982862,0.08987073216479308,3.6806813354402035,3.9681255261976975,-0.003219926428040046,True,True
71,Train/Low/low00415.png,0,10.288373247407613,0.2904690218957918,1.940377175835991,2.3156902968963884,0.07548116799951485,True,False
71,Train/Low/low00415.png,1,10.57219193994018,0.29374486264770205,2.2241958683685574,2.599508989428955,0.07875700875142508,True,False
71,Train/Low/low00415.png,2,10.873723135121727,0.2964263303220887,2.5257270635501055,2.901040184610503,0.08143847642581173,True,False
71,Train/Low/low00415.png,3,11.193691388764561,0.2985037085945021,2.8456953171929396,3.221008438253337,0.08351585469822512,True,False
71,Train/Low/low00415.png,4,11.532596840051905,0.2999749496530863,3.1846007684802835,3.559913889540681,0.08498709575680932,True,False
71,Train/Low/low00415.png,5,11.890696226550757,0.3008470337567727,3.5427001549791353,3.9180132760395328,0.08585917986049571,True,False
71,Train/Low/low00415.png,6,12.267920037203526,0.3011361201657783,3.919923965631904,4.2952370866923015,0.08614826626950131,True,False
71,Train/Low/low00415.png,7,12.663745032758712,0.300867495095895,4.31574896118709,4.6910620822474876,0.08587964119961802,True,False
71,Train/Low/low00415.png,8,13.077045600449345,0.30007516125106876,4.729049528877724,5.104362649938121,0.08508730735479178,True,False
71,Train/Low/low00415.png,9,13.505906216317607,0.29880116179185034,5.157910144745985,5.533223265806383,0.08381330789557337,True,False
71,Train/Low/low00415.png,10,13.947403375292765,0.2970947111350171,5.599407303721144,5.974720424781541,0.08210685723874014,True,False
71,Train/Low/low00415.png,11,14.39737130265813,0.2950114731680595,6.049375231086508,6.424688352146905,0.0800236192717825,True,False
71,Train/Low/low00415.png,12,14.85019071997474,0.2926143218031879,6.502194648403119,6.8775077694635165,0.07762646790691094,True,False
71,Train/Low/low00415.png,13,15.298614891536333,0.28998061560548877,6.950618819964712,7.325931941025109,0.07499276170921179,True,False
71,Train/Low/low00415.png,14,15.733789955627621,0.28719448845895423,7.385793884056,7.761107005116397,0.07220663456267726,True,False
71,Train/Low/low00415.png,15,16.145516162839385,0.2843687550969997,7.797520091267764,8.172833212328161,0.06938090120072274,True,False
71,Train/Low/low00415.png,16,16.522840044649875,0.2816173628010795,8.174843973078254,8.550157094138651,0.06662950890480254,True,False
71,Train/Low/low00415.png,17,16.85501927729788,0.27902809392870753,8.50702320572626,8.882336326786657,0.06404024003243056,True,False
71,Train/Low/low00415.png,18,17.13266856776701,0.2766443009125807,8.784672496195387,9.159985617255785,0.06165644701630371,True,False
71,Train/Low/low00415.png,19,17.34903708677562,0.27445379751735444,9.001041015203999,9.376354136264396,0.05946594362107746,True,False
71,Train/Low/low00415.png,20,17.50076710376944,0.27242059609379476,9.152771032197819,9.528084153258217,0.05743274219751779,True,False
71,Train/Low/low00415.png,21,17.58832862969792,0.27051661266082966,9.240332558126298,9.615645679186695,0.05552875876455268,True,False
71,Train/Low/low00415.png,22,17.615790215325884,0.26872927681582875,9.267794143754262,9.64310726481466,0.05374142291955178,True,True
71,Train/Low/low00415.png,23,17.590047059248192,0.2670504382780741,9.24205098767657,9.617364108736968,0.052062584381797145,True,False
71,Train/Low/low00415.png,24,17.519487612547547,0.2654878556931408,9.171491540975925,9.546804662036322,0.05050000179686384,True,False
71,Train/Low/low00415.png,25,17.413186788015587,0.26404833630177416,9.065190716443965,9.440503837504362,0.04906048240549718,True,False
71,Train/Low/low00415.png,26,17.279851093318502,0.2627369878639792,8.93185502174688,9.307168142807278,0.04774913396770222,True,False
71,Train/Low/low00415.png,27,17.11977630890066,0.26168187530890435,8.77178023732904,9.147093358389437,0.04669402141262738,True,False
72,Train/Low/low00263.png,0,9.412295642650358,0.32412832055423285,-11.859476614493536,-9.39322752770756,-0.441527705651836,False,False
72,Train/Low/low00263.png,1,9.76219839082595,0.3640173247174142,-11.509573866317943,-9.043324779531968,-0.40163870148865466,False,False
72,Train/Low/low00263.png,2,10.153840742327107,0.4063913264555487,-11.117931514816787,-8.651682428030812,-0.35926469975052017,False,False
72,Train/Low/low00263.png,3,10.59285099108492,0.4507337912998329,-10.678921266058975,-8.212672179273,-0.314922234906236,False,False
72,Train/Low/low00263.png,4,11.08583609734904,0.4963444053661356,-10.185936159794855,-7.719687073008879,-0.26931162083993326,False,False
72,Train/Low/low00263.png,5,11.640708610123129,0.5423544059463895,-9.631063647020765,-7.16481456023479,-0.22330162025967937,False,False
72,Train/Low/low00263.png,6,12.267084450787696,0.5877568652009812,-9.004687806356198,-6.538438719570223,-0.17789916100508762,False,False
72,Train/Low/low00263.png,7,12.976824853056655,0.6314563828521603,-8.294947404087239,-5.828698317301264,-0.13419964335390855,False,False
72,Train/Low/low00263.png,8,13.784811015608005,0.6723377710113525,-7.486961241535889,-5.020712154749914,-0.09331825519471637,False,False
72,Train/Low/low00263.png,9,14.710060306003692,0.7093471398670446,-6.561711951140202,-4.095462864354227,-0.05630888633902431,False,False
72,Train/Low/low00263.png,10,15.777336681172587,0.7415758515175533,-5.494435575971307,-3.028186489185332,-0.024080174688515532,True,False
72,Train/Low/low00263.png,11,17.01943833936618,0.7683372425132586,-4.252333917777715,-1.78608483099174,0.00268121630718976,True,False
72,Train/Low/low00263.png,12,18.48009296765146,0.7892219967661837,-2.7916792894924356,-0.3254302027064604,0.02356597056011478,True,False
72,Train/Low/low00263.png,13,20.215823400335523,0.8041242765328427,-1.0559488568083708,1.4103002299776044,0.03846825032677381,True,False
72,Train/Low/low00263.png,14,22.287287927108515,0.8132431804426054,1.0155156699646213,3.4817647567505965,0.04758715423653648,True,False
72,Train/Low/low00263.png,15,24.691203304692614,0.8170533591257165,3.41943104754872,5.885680134334695,0.051397332919647654,True,False
72,Train/Low/low00263.png,16,27.037108427217774,0.8162184719913401,5.76533617007388,8.231585256859855,0.05056244578527125,True,False
72,Train/Low/low00263.png,17,27.938463405002413,0.8115316057025665,6.6666911478585185,9.132940234644494,0.045875579496497676,True,True
72,Train/Low/low00263.png,18,26.584912760223126,0.8038538896468209,5.313140503079232,7.7793895898652075,0.038197863440752045,True,False
72,Train/Low/low00263.png,19,24.414962687453222,0.7940462515094704,3.1431904303093283,5.6094395170953035,0.028390225303401517,True,False
72,Train/Low/low00263.png,20,22.42269481626526,0.7829203226810638,1.1509225591213657,3.617171645907341,0.017264296474994945,True,False
72,Train/Low/low00263.png,21,20.790076001150076,0.771210287933384,-0.4816962559938176,1.9845528307921576,0.005554261727315102,True,False
72,Train/Low/low00263.png,22,19.480131007579317,0.7594603355559932,-1.7916412495645773,0.6746078372213979,-0.006195690650075636,True,False
72,Train/Low/low00263.png,23,18.430403327256403,0.7480984066612199,-2.8413689298874907,-0.37511984310151547,-0.017557619544849024,True,False
72,Train/Low/low00263.png,24,17.586327162197207,0.7374535938801884,-3.6854450949466866,-1.2191960081607114,-0.02820243232588049,True,False
72,Train/Low/low00263.png,25,16.908904605992603,0.7277776820427205,-4.362867651151291,-1.8966185643653155,-0.03787834416334834,True,False
72,Train/Low/low00263.png,26,16.36606397599858,0.7191181380007217,-4.905708281145316,-2.4394591943593404,-0.04653788820534721,True,False
72,Train/Low/low00263.png,27,15.932408317712545,0.7115559154281281,-5.339363939431349,-2.873114852645374,-0.054100110777940746,True,False
73,Train/Low/low00548.png,0,5.561276346792469,0.15808231176672183,-3.2415987351856783,-4.8279762567754565,-0.30196065230489194,True,False
73,Train/Low/low00548.png,1,5.693036178744048,0.17746274484681418,-3.109838903234099,-4.696216424823877,-0.2825802192247996,True,False
73,Train/Low/low00548.png,2,5.839334807128438,0.19838159386915863,-2.9635402748497093,-4.5499177964394875,-0.26166137020245517,True,False
73,Train/Low/low00548.png,3,6.001450917222908,0.22077233664425844,-2.8014241647552396,-4.387801686345018,-0.23927062742735533,True,False
73,Train/Low/low00548.png,4,6.180736342445698,0.24451842437494167,-2.622138739532449,-4.208516261122227,-0.2155245396966721,True,False
73,Train/Low/low00548.png,5,6.3786208814621475,0.2694490268927286,-2.4242542005159997,-4.010631722105778,-0.19059393717888518,True,False
73,Train/Low/low00548.png,6,6.596612768828712,0.29533652122279647,-2.206262313149435,-3.792639834739213,-0.1647064428488173,True,False
73,Train/Low/low00548.png,7,6.836296604668105,0.32189684193129164,-1.9665784773100423,-3.5529559988998205,-0.13814612214032213,True,False
73,Train/Low/low00548.png,8,7.099330697413199,0.3487936872257946,-1.7035443845649478,-3.289921906154726,-0.11124927684581914,True,False
73,Train/Low/low00548.png,9,7.387444735456597,0.3756470842120519,-1.4154303465215499,-3.001807868111328,-0.08439587985956187,True,False
73,Train/Low/low00548.png,10,7.702430089415799,0.40204581850327314,-1.1004449925623483,-2.6868225141521265,-0.057997145568340625,True,False
73,Train/Low/low00548.png,11,8.046136579710852,0.4275646169840585,-0.7567385022672948,-2.343116023857073,-0.03247834708755526,True,False
73,Train/Low/low00548.png,12,8.420462664893483,0.45178393412246054,-0.3824124170846641,-1.9687899386744423,-0.00825902994915323,True,False
73,Train/Low/low00548.png,13,8.827338443663887,0.47431118254161037,0.024463361685739926,-1.5619141599040383,0.014268218469996596,True,False
73,Train/Low/low00548.png,14,9.268720151478774,0.49480337612291786,0.4658450695006273,-1.1205324520891509,0.03476041205130409,True,False
73,Train/Low/low00548.png,15,9.746561427191537,0.5129840406315469,0.9436863452133899,-0.6426911763763883,0.05294107655993313,True,False
73,Train/Low/low00548.png,16,10.262795872553623,0.528658421433937,1.4599207905754756,-0.12645673101430255,0.06861545736232327,True,False
73,Train/Low/low00548.png,17,10.819301144932227,0.5417211267102724,2.0164260629540802,0.43004854136430204,0.08167816263865862,True,False
73,Train/Low/low00548.png,18,11.417859865281972,0.5521603072371908,2.614984783303825,1.028607261714047,0.09211734316557701,True,False
73,Train/Low/low00548.png,19,12.060096478517872,0.5600510862223638,3.257221396539725,1.6708438749499468,0.10000812215075,True,False
73,Train/Low/low00548.png,20,12.74738785951496,0.5655446254871118,3.944512777536813,2.358135255947035,0.10550166141549805,True,False
73,Train/Low/low00548.png,21,13.480727183438963,0.5688523977736326,4.677852101460816,3.091474579871038,0.10880943370201884,True,False
73,Train/Low/low00548.png,22,14.260528493850126,0.5702292738324033,5.457653411871979,3.8712758902822006,0.11018630976078952,True,False
73,Train/Low/low00548.png,23,15.086303583348343,0.56995528162838,6.283428501370196,4.697050979780418,0.10991231755676628,True,False
73,Train/Low/low00548.png,24,15.956186066721417,0.56831834028842,7.153310984743269,5.566933463153491,0.10827537621680622,True,False
73,Train/Low/low00548.png,25,16.86619327228287,0.5656000897495111,8.063318190304724,6.476940668714946,0.10555712567789738,True,False
73,Train/Low/low00548.png,26,17.80914874008009,0.5620656851270479,9.006273658101943,7.419896136512165,0.10202272105543414,True,False
73,Train/Low/low00548.png,27,18.773123943979108,0.5579526337610966,9.970248862000961,8.383871340411183,0.09790966968948284,True,True
74,Train/Low/low00448.png,0,8.155628395464745,0.10580124175222973,-0.5032555610704428,-0.5917233791526701,-0.001218623413581102,True,False
74,Train/Low/low00448.png,1,8.258118564439345,0.1058653586517632,-0.4007653920958436,-0.489233210178071,-0.0011545065140476235,True,False
74,Train/Low/low00448.png,2,8.367252381383683,0.10559648007055236,-0.29163157515150573,-0.3800993932337331,-0.001423385095258467,True,False
74,Train/Low/low00448.png,3,8.483133754985161,0.10503125057494828,-0.17575020155002719,-0.26421801963225455,-0.001988614590862553,True,False
74,Train/Low/low00448.png,4,8.60575350310282,0.10420944420983379,-0.05313045343236844,-0.1415982715145958,-0.0028104209559770416,True,False
74,Train/Low/low00448.png,5,8.73499515842382,0.10317139488585904,0.07611120188863119,-0.012356616193596182,-0.0038484702799517906,True,False
74,Train/Low/low00448.png,6,8.870618541828975,0.10195570146665343,0.21173458529378664,0.12326676721155927,-0.005064163699157395,True,False
74,Train/Low/low00448.png,7,9.012236963090917,0.10059764992439589,0.35335300655572865,0.2648851884735013,-0.006422215241414939,True,False
74,Train/Low/low00448.png,8,9.159296495193486,0.09912820208337966,0.5004125386582974,0.41194472057607,-0.007891663082431166,True,False
74,Train/Low/low00448.png,9,9.311054209165592,0.09757366761771541,0.6521702526304036,0.5637024345481763,-0.00944619754809542,True,False
74,Train/Low/low00448.png,10,9.466560021633141,0.0959558793639804,0.8076760650979526,0.7192082470157253,-0.011063985801830434,True,False
74,Train/Low/low00448.png,11,9.62464510748606,0.09429272134213734,0.9657611509508719,0.8772933328686445,-0.012727143823673487,True,False
74,Train/Low/low00448.png,12,9.78391671413391,0.09259886119996671,1.1250327575987225,1.036564939516495,-0.014421003965844115,True,False
74,Train/Low/low00448.png,13,9.942764861256324,0.09088657431727315,1.2838809047211353,1.1954130866389079,-0.01613329084853768,True,False
74,Train/Low/low00448.png,14,10.099386145813373,0.08916646576434689,1.4405021892781846,1.3520343711959573,-0.017853399401463937,True,False
74,Train/Low/low00448.png,15,10.251821086207748,0.08744804488743071,1.5929371296725598,1.5044693115903325,-0.019571820278380114,True,False
74,Train/Low/low00448.png,16,10.398013529115662,0.08574012768419734,1.7391295725804738,1.6506617544982465,-0.021279737481613492,True,False
74,Train/Low/low00448.png,17,10.535891791233754,0.08405139375915817,1.8770078346985652,1.7885400166163379,-0.02296847140665266,True,False
74,Train/Low/low00448.png,18,10.66348472976607,0.08239068224289268,2.004600773230882,1.9161329551486546,-0.024629182922918144,True,False
74,Train/Low/low00448.png,19,10.779011791132753,0.08076461828882263,2.1201278345975645,2.031660016515337,-0.0262552468769882,True,False
74,Train/Low/low00448.png,20,10.881008861663673,0.07918043681529158,2.222124905128485,2.1336570870462577,-0.027839428350519252,True,False
74,Train/Low/low00448.png,21,10.968437685588723,0.07764572883308678,2.309553729053535,2.2210859109713077,-0.029374136332724052,True,False
74,Train/Low/low00448.png,22,11.040785613024187,0.07616561197207544,2.381901656488999,2.293433838406772,-0.030854253193735387,True,False
74,Train/Low/low00448.png,23,11.098046232667627,0.07474533002513836,2.439162276132439,2.350694458050212,-0.03227453514067247,True,False
74,Train/Low/low00448.png,24,11.140939641430096,0.07338955021913639,2.482055684894908,2.3935878668126804,-0.03363031494667444,True,False
74,Train/Low/low00448.png,25,11.170407111245018,0.0721010679829249,2.5115231547098293,2.423055336627602,-0.03491879718288593,True,False
74,Train/Low/low00448.png,26,11.187798088621788,0.07088308611311017,2.5289141320865998,2.4404463140043724,-0.03613677905270066,True,False
74,Train/Low/low00448.png,27,11.194457881608042,0.06973442765998933,2.5355739250728533,2.447106106990626,-0.0372854375058215,True,True
75,Train/Low/low00631.png,0,7.161561327357026,0.12195397394162084,-3.749873869193477,-6.9986785021873406,-0.3387425041279344,True,False
75,Train/Low/low00631.png,1,7.2714115604125595,0.1375514751745096,-3.6400236361379434,-6.888828269131807,-0.3231450028950456,True,False
75,Train/Low/low00631.png,2,7.394031647409298,0.15449963025052155,-3.5174035491412052,-6.766208182135069,-0.30619684781903367,True,False
75,Train/Low/low00631.png,3,7.5305876018539575,0.17276034119970105,-3.3808475946965455,-6.629652227690409,-0.2879361368698542,True,False
75,Train/Low/low00631.png,4,7.682310807108276,0.19225413491929777,-3.2291243894422266,-6.47792902243609,-0.26844234315025745,True,False
75,Train/Low/low00631.png,5,7.850502764090672,0.2128561375180421,-3.060932432459831,-6.309737065453694,-0.2478403405515131,True,False
75,Train/Low/low00631.png,6,8.036534092961329,0.23439297764156425,-2.874901103589174,-6.123705736583037,-0.22630350042799097,True,False
75,Train/Low/low00631.png,7,8.241841932783325,0.2566418222710869,-2.6695932637671778,-5.918397896761041,-0.20405465579846832,True,False
75,Train/Low/low00631.png,8,8.467926919253962,0.2793323246523422,-2.443508277296541,-5.692312910290404,-0.18136415341721301,True,False
75,Train/Low/low00631.png,9,8.71634704228837,0.30215158071272424,-2.195088154262132,-5.4438927872559955,-0.15854489735683097,True,False
75,Train/Low/low00631.png,10,8.988710775069942,0.3247527523830451,-1.9227244214805612,-5.171529054474425,-0.13594372568651014,True,False
75,Train/Low/low00631.png,11,9.286668513994321,0.3467673731745814,-1.6247666825561815,-4.873571315550045,-0.11392910489497382,True,False
75,Train/Low/low00631.png,12,9.61190279288323,0.36782071915167125,-1.299532403667273,-4.548337036661136,-0.09287575891788397,True,False
75,Train/Low/low00631.png,13,9.966109306591118,0.3875497068005459,-0.9453258899593848,-4.194130522953248,-0.07314677126900931,True,False
75,Train/Low/low00631.png,14,10.350987539201824,0.40562205231578524,-0.5604476573486785,-3.809252290342542,-0.05507442575376997,True,False
75,Train/Low/low00631.png,15,10.768209002893299,0.42175450268894904,-0.14322619365720435,-3.3920308266510677,-0.038941975380606175,True,False
75,Train/Low/low00631.png,16,11.219391523838244,0.4357289580353044,0.3079563272877408,-2.9408483057061225,-0.02496752003425079,True,False
75,Train/Low/low00631.png,17,11.70606112856833,0.4474038471509501,0.7946259320178264,-2.454178700976037,-0.013292630918605108,True,False
75,Train/Low/low00631.png,18,12.229594728223898,0.45672002022542346,1.3181595316733947,-1.9306451013204686,-0.003976457844131753,True,False
75,Train/Low/low00631.png,19,12.791143890083845,0.4636999998376279,1.8797086935333418,-1.3690959394605215,0.00300352176807267,True,False
75,Train/Low/low00631.png,20,13.391515909694176,0.46844108507958143,2.480080713143673,-0.7687239198501903,0.0077446070100262165,True,False
75,Train/Low/low00631.png,21,14.031018926148827,0.47110393478080725,3.1195837295983235,-0.12922090339553982,0.010407456711252039,True,False
75,Train/Low/low00631.png,22,14.70921797909886,0.47189727773545886,3.7977827825483566,0.5489781495544932,0.011200799665903649,True,False
75,Train/Low/low00631.png,23,15.424575127500981,0.4710614959591753,4.513139930950478,1.264335297956615,0.010365017889620076,True,False
75,Train/Low/low00631.png,24,16.17395252386154,0.468853062896617,5.262517327311038,2.0137126943171744,0.008156584827061775,True,False
75,Train/Low/low00631.png,25,16.95185273735936,0.4655286346276694,6.040417540808857,2.7916129078149936,0.004832156558114198,True,False
75,Train/Low/low00631.png,26,17.749471868891252,0.46133558072218156,6.838036672340749,3.5892320393468857,0.0006391026526263444,True,False
75,Train/Low/low00631.png,27,18.553428660173793,0.4565006334733117,7.64199346362329,4.393188830629427,-0.004195844596243503,True,True
76,Train/Low/low00023.png,0,4.64292929200309,0.07838583067073368,-2.5845348963852617,-4.386316134394559,-0.2821357685367749,True,False
76,Train/Low/low00023.png,1,4.726224632906745,0.08864581370955671,-2.5012395554816065,-4.303020793490904,-0.2718757854979519,True,False
76,Train/Low/low00023.png,2,4.818579050719853,0.09990652320417434,-2.4088851376684985,-4.210666375677796,-0.2606150760033342,True,False
76,Train/Low/low00023.png,3,4.9207021162602125,0.11218462178322687,-2.306762072128139,-4.108543310137437,-0.24833697742428174,True,False
76,Train/Low/low00023.png,4,5.03331683985669,0.12547624218343487,-2.1941473485316614,-3.995928586540959,-0.23504535702407373,True,False
76,Train/Low/low00023.png,5,5.15715618355705,0.13975349175801605,-2.0703080048313014,-3.872089242840599,-0.22076810744949255,True,False
76,Train/Low/low00023.png,6,5.292956972800884,0.15496122530958584,-1.9345072155874679,-3.7362884535967655,-0.20556037389792275,True,False
76,Train/Low/low00023.png,7,5.4414486623359135,0.17101416295048785,-1.786015526052438,-3.5877967640617356,-0.18950743625702074,True,False
76,Train/Low/low00023.png,8,5.60334172904902,0.1877954335539169,-1.6241224593393317,-3.4259036973486294,-0.1727261656535917,True,False
76,Train/Low/low00023.png,9,5.779314287192165,0.20515670776332492,-1.448149901196187,-3.2499311392054846,-0.15536489144418367,True,False
76,Train/Low/low00023.png,10,5.969994325430056,0.22292011793697222,-1.2574698629582954,-3.059251100967593,-0.13760148127053637,True,False
76,Train/Low/low00023.png,11,6.1759429928368945,0.240882550925526,-1.051521195551457,-2.8533024335607546,-0.1196390482819826,True,False
76,Train/Low/low00023.png,12,6.397635330734348,0.2588221518233574,-0.8298288576540038,-2.6316100956633015,-0.10169944738415121,True,False
76,Train/Low/low00023.png,13,6.635434721747215,0.2765064089601941,-0.5920294666411365,-2.393810704650434,-0.08401519024731446,True,False
76,Train/Low/low00023.png,14,6.889573208405162,0.2937022157546872,-0.3378909799831895,-2.139672217992487,-0.0668193834528214,True,False
76,Train/Low/low00023.png,15,7.160124319596716,0.3101862120368385,-0.06733986879163556,-1.8691211068009332,-0.0503353871706701,True,False
76,Train/Low/low00023.png,16,7.446980477982825,0.3257551769179632,0.21951628959447334,-1.5822649484148243,-0.03476642228954541,True,False
76,Train/Low/low00023.png,17,7.74982659949681,0.3402351117071815,0.5223624111084586,-1.279418826900839,-0.020286487500327077,True,False
76,Train/Low/low00023.png,18,8.06812109634135,0.35348843218237985,0.8406569079529991,-0.9611243300562986,-0.007033167025128739,True,False
76,Train/Low/low00023.png,19,8.40107196106885,0.36541847695767277,1.1736077726804979,-0.6281734653287998,0.004896877750164175,True,False
76,Train/Low/low00023.png,20,8.747625111439802,0.375971139472501,1.520160923051451,-0.2816203149578467,0.0154495402649924,True,False
76,Train/Low/low00023.png,21,9.106455457056372,0.3851348875261105,1.8789912686680204,0.07721003065872267,0.024613288318601934,True,False
76,Train/Low/low00023.png,22,9.475963894884869,0.3929343724095079,2.248499706496517,0.4467184684872194,0.03241277320199931,True,False
76,Train/Low/low00023.png,23,9.854287186679864,0.3994280696382847,2.6268229982915123,0.8250417602822147,0.03890647043077611,True,False
76,Train/Low/low00023.png,24,10.239314214212689,0.404700644258338,3.0118500258243373,1.2100687878150396,0.044179045050829424,True,False
76,Train/Low/low00023.png,25,10.628718192827254,0.4088559642421605,3.4012540044389024,1.5994727664296047,0.04833436503465188,True,False
76,Train/Low/low00023.png,26,11.019995856953395,0.4120103345443105,3.7925316685650436,1.990750430555746,0.05148873533680193,True,False
76,Train/Low/low00023.png,27,11.410520688268445,0.41428606344477814,4.183056499880093,2.3812752618707957,0.05376446423726955,True,True
77,Train/Low/low00332.png,0,11.70804427482267,0.12808252045600674,-1.5261167455377507,-1.0260853058488095,0.01617935626332309,True,False
77,Train/Low/low00332.png,1,11.880784470541174,0.12705351770572776,-1.353376549819247,-0.8533451101303058,0.015150353513044112,True,False
77,Train/Low/low00332.png,2,12.066002905707677,0.1254935384192873,-1.1681581146527442,-0.6681266749638031,0.013590374226603641,True,False
77,Train/Low/low00332.png,3,12.263510782492165,0.12348100482275626,-0.9706502378682558,-0.4706187981793146,0.011577840630072611,True,False
77,Train/Low/low00332.png,4,12.472673459408028,0.12109171313893131,-0.7614875609523928,-0.26145612126345164,0.009188548946247668,True,False
77,Train/Low/low00332.png,5,12.69232037651648,0.1183952104615182,-0.5418406438439405,-0.041809204154999335,0.006492046268834553,True,False
77,Train/Low/low00332.png,6,12.920600250517293,0.11545289060667631,-0.31356076984312864,0.1864706698458125,0.0035497264139926626,True,False
77,Train/Low/low00332.png,7,13.154809188408692,0.11231770624832414,-0.07935183195172968,0.42067960773721147,0.00041454205564049607,True,False
77,Train/Low/low00332.png,8,13.391214511006433,0.10903489154684422,0.15705349064601215,0.6570849303349533,-0.0028682726458394286,True,False
77,Train/Low/low00332.png,9,13.624892798378134,0.10564331204403826,0.3907317780177131,0.8907632177066542,-0.006259852148645384,True,False
77,Train/Low/low00332.png,10,13.849627158711467,0.10217708437499158,0.6154661383510458,1.115497578039987,-0.009726079817692065,True,False
77,Train/Low/low00332.png,11,14.05792321036212,0.0986669787006732,0.8237621900016983,1.3237936296906394,-0.013236185492010444,True,False
77,Train/Low/low00332.png,12,14.24121856646996,0.0951415130732373,1.0070575461095395,1.5070889857984806,-0.016761651119446344,True,False
77,Train/Low/low00332.png,13,14.390350708704393,0.09162763585596022,1.1561896883439715,1.6562211280329127,-0.020275528336723428,True,False
77,Train/Low/low00332.png,14,14.496321431194163,0.08815088530237017,1.2621604108337419,1.762191850522683,-0.023752278890313477,True,False
77,Train/Low/low00332.png,15,14.551300298302504,0.08473528922741029,1.3171392779420827,1.817170717631024,-0.027167874965273356,True,True
77,Train/Low/low00332.png,16,14.549727064050206,0.08140305797110145,1.3155660436897847,1.8155974833787258,-0.030500106221582196,True,False
77,Train/Low/low00332.png,17,14.489135933900485,0.07817389145715518,1.2549749135400639,1.755006353229005,-0.03372927273552846,True,False
77,Train/Low/low00332.png,18,14.370706341945942,0.07506494795807704,1.1365453215855208,1.636576761274462,-0.036838216234606605,True,False
77,Train/Low/low00332.png,19,14.199136719613797,0.07209046038572832,0.964975699253376,1.4650071389423172,-0.03981270380695533,True,False
77,Train/Low/low00332.png,20,13.98203678351849,0.06926197774139564,0.7478757631580688,1.24790720284701,-0.042641186451288005,True,False
77,Train/Low/low00332.png,21,13.72881074879551,0.06658767851074224,0.49464972843508903,0.9946811681240302,-0.04531548568194141,True,False
77,Train/Low/low00332.png,22,13.4497756802769,0.06407323043422918,0.2156146599164792,0.7156460996054204,-0.04782993375845447,True,False
77,Train/Low/low00332.png,23,13.155198007828094,0.0617226051488307,-0.07896301253232707,0.4210684271566141,-0.05018055904385295,True,False
77,Train/Low/low00332.png,24,12.854640737808992,0.059536945501497324,-0.3795202825514288,0.12051115713751237,-0.05236621869118632,True,False
77,Train/Low/low00332.png,25,12.55593081783833,0.057514674483451704,-0.6782302025220908,-0.17819876283314962,-0.05438848970923194,True,False
77,Train/Low/low00332.png,26,12.265324865567917,0.055651625764909646,-0.9688361547925037,-0.4688047151035626,-0.056251538427774,True,False
77,Train/Low/low00332.png,27,11.98748843800046,0.053942552909339914,-1.2466725823599614,-0.7466411426710202,-0.05796061128334373,True,False
78,Train/Low/low00135.png,0,5.304801076802442,0.060069965581865704,-2.09863409941011,-1.9518758270192302,-0.17262694254218253,True,False
78,Train/Low/low00135.png,1,5.380789548465122,0.06798744390165423,-2.02264562774743,-1.87588735535655,-0.164709464222394,True,False
78,Train/Low/low00135.png,2,5.464729599093829,0.07668002762410701,-1.9387055771187232,-1.7919473047278434,-0.15601688049994122,True,False
78,Train/Low/low00135.png,3,5.55719857541948,0.08616090801890203,-1.8462366007930724,-1.6994783284021926,-0.1465360001051462,True,False
78,Train/Low/low00135.png,4,5.658769249609717,0.09642685759839686,-1.7446659266028348,-1.597907654211955,-0.13627005052565136,True,False
78,Train/Low/low00135.png,5,5.770007473247767,0.10745593923878592,-1.6334277029647852,-1.4866694305739054,-0.12524096888526232,True,False
78,Train/Low/low00135.png,6,5.891462286681685,0.11920506830356226,-1.5119728895308668,-1.365214617139987,-0.11349183982048597,True,False
78,Train/Low/low00135.png,7,6.023652864817822,0.13160805762507077,-1.37978231139473,-1.2330240390038503,-0.10108885049897745,True,False
78,Train/Low/low00135.png,8,6.167053515331129,0.14457484451824157,-1.236381660881423,-1.0896233884905433,-0.08812206360580666,True,False
78,Train/Low/low00135.png,9,6.322075848298211,0.15799183786004944,-1.081359327914341,-0.9346010555234612,-0.07470507026399878,True,False
78,Train/Low/low00135.png,10,6.489048418594399,0.17172412038379445,-0.9143867576181535,-0.7676284852272737,-0.060972787740253775,True,False
78,Train/Low/low00135.png,11,6.6681952469116865,0.18561910195083575,-0.7352399293008656,-0.5884816569099858,-0.04707780617321247,True,False
78,Train/Low/low00135.png,12,6.859609830807551,0.199509795442111,-0.5438253454050015,-0.3970670730141217,-0.03318711268193722,True,False
78,Train/Low/low00135.png,13,7.063228563125794,0.21322325860185318,-0.3402066130867585,-0.19344834069587868,-0.019473649522195047,True,False
78,Train/Low/low00135.png,14,7.278805176053921,0.22658722876243087,-0.12463000015863113,0.02212827223224867,-0.006109679361617354,True,False
78,Train/Low/low00135.png,15,7.505882283428052,0.23943769466601555,0.10244710721550021,0.24920537960638,0.006740786541967331,True,False
78,Train/Low/low00135.png,16,7.7437694853555925,0.2516263149985125,0.3403343091430404,0.4870925815339202,0.01892940687446429,True,False
78,Train/Low/low00135.png,17,7.991517610796649,0.2630266165323552,0.5880824345840967,0.7348407069749765,0.030329708408306982,True,False
78,Train/Low/low00135.png,18,8.247912962445435,0.2735392839299651,0.8444777862328827,0.9912360586237625,0.0408423758059169,True,False
78,Train/Low/low00135.png,19,8.511466016200641,0.28309489662240944,1.1080308399880892,1.254789112378969,0.05039798849836122,True,False
78,Train/Low/low00135.png,20,8.780420815489778,0.2916550890309175,1.3769856392772262,1.523743911668106,0.0589581809068693,True,False
78,Train/Low/low00135.png,21,9.052782365164017,0.29921189664303105,1.6493471889514648,1.7961054613423446,0.06651498851898283,True,False
78,Train/Low/low00135.png,22,9.326353018321175,0.3057850475174796,1.9229178421086228,2.0696761144995026,0.07308813939343137,True,False
78,Train/Low/low00135.png,23,9.598789149326727,0.31141810206707116,2.195353973114175,2.3421122455050547,0.07872119394302293,True,False
78,Train/Low/low00135.png,24,9.867670766878042,0.3161737769204739,2.4642355906654902,2.61099386305637,0.08347686879642566,True,False
78,Train/Low/low00135.png,25,10.130585820985587,0.32012876312148664,2.727150644773035,2.8739089171639147,0.08743185499743841,True,False
78,Train/Low/low00135.png,26,10.385211632637878,0.32336852222943285,2.981776456425326,3.1285347288162058,0.09067161410538463,True,False
78,Train/Low/low00135.png,27,10.629401766306543,0.32598257647658746,3.225966590093991,3.372724862484871,0.09328566835253924,True,True
79,Train/Low/low00566.png,0,9.92672133350422,0.1573896994916176,-8.85271939286599,-6.995770139961783,-0.31072763001460957,False,False
79,Train/Low/low00566.png,1,10.160576132119488,0.1801147463507178,-8.618864594250724,-6.761915341346516,-0.2880025831555093,False,False
79,Train/Low/low00566.png,2,10.42112703545275,0.20491313749365517,-8.358313690917461,-6.501364438013253,-0.26320419201257195,False,False
79,Train/Low/low00566.png,3,10.711236356776812,0.23160592010311085,-8.0682043695934,-6.211255116689191,-0.2365114094031163,False,False
79,Train/Low/low00566.png,4,11.034006082161998,0.25989075648202,-7.745434644208213,-5.888485391304005,-0.20822657302420716,False,False
79,Train/Low/low00566.png,5,11.39284997341333,0.2893401735126612,-7.386590752956881,-5.529641500052673,-0.17877715599356592,False,False
79,Train/Low/low00566.png,6,11.791517613305311,0.31940662228061784,-6.9879231130649,-5.130973860160692,-0.1487107072256093,False,False
79,Train/Low/low00566.png,7,12.23409442177461,0.3494402099399398,-6.545346304595601,-4.688397051691393,-0.11867711956628735,False,False
79,Train/Low/low00566.png,8,12.724967934031211,0.3787205774124363,-6.054472792339,-4.197523539434792,-0.08939675209379083,False,False
79,Train/Low/low00566.png,9,13.268731246713498,0.40650168910178375,-5.510709479656713,-3.653760226752505,-0.061615640404443395,True,False
79,Train/Low/low00566.png,10,13.869939750285734,0.4320649392285684,-4.909500976084477,-3.052551723180269,-0.03605239027765872,True,False
79,Train/Low/low00566.png,11,14.532607688884365,0.4547714200004738,-4.246833037485846,-2.389883784581638,-0.013345909505753317,True,False
79,Train/Low/low00566.png,12,15.259235735887724,0.47411315638991186,-3.520204990482487,-1.6632557375782788,0.005995826883684718,True,False
79,Train/Low/low00566.png,13,16.048935484155177,0.4897494406973617,-2.7305052422150347,-0.8735559893108267,0.021632111191134562,True,False
79,Train/Low/low00566.png,14,16.893995476469666,0.501525632771706,-1.8854452499005454,-0.028495996996337425,0.03340830326547889,True,False
79,Train/Low/low00566.png,15,17.773905949765854,0.5094721953594135,-1.0055347766043568,0.8514144762998512,0.04135486585318632,True,False
79,Train/Low/low00566.png,16,18.64623653487368,0.51378609959883,-0.13320419149653162,1.7237450614076764,0.045668770092602895,True,False
79,Train/Low/low00566.png,17,19.4363844427701,0.5147985664590692,0.656943716399887,2.513892969304095,0.04668123695284204,True,False
79,Train/Low/low00566.png,18,20.03603709735224,0.5129350656586698,1.2565963709820274,3.1135456238862353,0.04481773615244261,True,False
79,Train/Low/low00566.png,19,20.329177357205914,0.5086740122785195,1.549736630835703,3.406685883739911,0.04055668277229235,True,True
79,Train/Low/low00566.png,20,20.250110158805317,0.5025089679780802,1.4706694324351055,3.3276186853393135,0.03439163847185306,True,False
79,Train/Low/low00566.png,21,19.828128318858294,0.49491766404075144,1.0486875924880827,2.9056368453922907,0.026800334534524295,True,False
79,Train/Low/low00566.png,22,19.166725441178226,0.48633951262235814,0.38728471480801474,2.2442339677122227,0.018222183116130997,True,False
79,Train/Low/low00566.png,23,18.382875810833003,0.47716135593179354,-0.3965649155372084,1.4603843373669996,0.009044026425566398,True,False
79,Train/Low/low00566.png,24,17.566055587524147,0.467710756591185,-1.2133851388460641,0.6435641140581438,-0.0004065729150421471,True,False
79,Train/Low/low00566.png,25,16.770872789445768,0.45825479580822687,-2.008567936924443,-0.15161868402023515,-0.009862533698000275,True,False
79,Train/Low/low00566.png,26,16.0255752957945,0.44900310409686073,-2.7538654305757113,-0.8969161776715033,-0.019114225409366414,True,False
79,Train/Low/low00566.png,27,15.342209010746544,0.4401137438151927,-3.4372317156236676,-1.5802824627194596,-0.02800358569103445,True,False
80,Train/Low/low00494.png,0,7.0880815583754755,0.12493081421158476,-2.9752350584568257,-4.792884551187977,-0.2806364464205887,True,False
80,Train/Low/low00494.png,1,7.212934098051487,0.13593147211305978,-2.8503825187808145,-4.668032011511966,-0.2696357885191137,True,False
80,Train/Low/low00494.png,2,7.350644723969131,0.14802654559528158,-2.7126718928631703,-4.530321385594322,-0.2575407150368919,True,False
80,Train/Low/low00494.png,3,7.50222090706025,0.16124263637217898,-2.561095709772051,-4.378745202503202,-0.2443246242599945,True,False
80,Train/Low/low00494.png,4,7.668671092992582,0.1755810968972252,-2.394645523839719,-4.21229501657087,-0.22998616373494826,True,False
80,Train/Low/low00494.png,5,7.851014249254592,0.19101467639380615,-2.212302367577709,-4.02995186030886,-0.21455258423836732,True,False
80,Train/Low/low00494.png,6,8.050267203403203,0.20748246360818282,-2.0130494134290977,-3.830698906160249,-0.19808479702399065,True,False
80,Train/Low/low00494.png,7,8.267423801016232,0.22488563016995827,-1.7958928158160692,-3.6135423085472205,-0.1806816304622152,True,False
80,Train/Low/low00494.png,8,8.503430192037921,0.24308508107629856,-1.5598864247943798,-3.377535917525531,-0.1624821795558749,True,False
80,Train/Low/low00494.png,9,8.75914999112157,0.2619011760954338,-1.3041666257107316,-3.121816118441883,-0.14366608453673968,True,False
80,Train/Low/low00494.png,10,9.035322254067635,0.2811166120864081,-1.027994362764666,-2.845643855495817,-0.12445064854576537,True,False
80,Train/Low/low00494.png,11,9.332510776756832,0.3004827422125781,-0.7308058400754689,-2.54845533280662,-0.10508451841959537,True,False
80,Train/Low/low00494.png,12,9.651041171292755,0.3197290607570588,-0.41227544553954587,-2.229924938270697,-0.08583819987511465,True,False
80,Train/Low/low00494.png,13,9.990920637752408,0.3385752074711543,-0.07239597907989292,-1.8900454718110442,-0.06699205316101914,True,False
80,Train/Low/low00494.png,14,10.351753934146073,0.3567452019028932,0.28843731731377176,-1.5292121754173795,-0.04882205872928025,True,False
80,Train/Low/low00494.png,15,10.73264274622236,0.37398203840117267,0.6693261293900594,-1.1483233633410919,-0.0315852222310008,True,False
80,Train/Low/low00494.png,16,11.13207397537975,0.3900611252629317,1.0687573585474492,-0.748892134183702,-0.01550613536924178,True,False
80,Train/Low/low00494.png,17,11.547819363360613,0.404802090826879,1.484502746528312,-0.33314674620283924,-0.0007651698052944522,True,False
80,Train/Low/low00494.png,18,11.976838868271697,0.4180768433001437,1.913522251439396,0.09587275870824463,0.012509582667970254,True,False
80,Train/Low/low00494.png,19,12.415217923400402,0.4298136457725901,2.3519013065681005,0.5342518138369492,0.02424638514041666,True,False
80,Train/Low/low00494.png,20,12.858156322048398,0.43999699516259416,2.7948397052160967,0.9771902124849454,0.0344297345304207,True,False
80,Train/Low/low00494.png,21,13.300040476364497,0.4486635044698177,3.236723859532196,1.4190743668010448,0.04309624383764421,True,False
80,Train/Low/low00494.png,22,13.734619960618883,0.45589511984931574,3.6713033437865814,1.8536538510554301,0.05032785921714228,True,False
80,Train/Low/low00494.png,23,14.155272174440992,0.4618078435854717,4.09195555760869,2.274306064877539,0.05624058295329826,True,False
80,Train/Low/low00494.png,24,14.555391337049121,0.4665433101850507,4.49207472021682,2.674425227485669,0.06097604955287722,True,False
80,Train/Low/low00494.png,25,14.928809451499767,0.4702579172205079,4.8654928346674655,3.0478433419363142,0.06469065658833445,True,False
80,Train/Low/low00494.png,26,15.270248299073614,0.473112627243641,5.206931682241313,3.389282189510162,0.06754536661146754,True,False
80,Train/Low/low00494.png,27,15.575641285741344,0.47525441710587457,5.512324668909043,3.694675176177892,0.0696871564737011,True,True
81,Train/Low/low00011.png,0,5.681877546337449,0.048060199299933035,-1.9436976254742904,-3.726891365157768,-0.2489904717353718,True,False
81,Train/Low/low00011.png,1,5.747651533253676,0.055363719962893576,-1.8779236385580633,-3.661117378241541,-0.24168695107241128,True,False
81,Train/Low/low00011.png,2,5.820741810044687,0.06354168342347873,-1.8048333617670522,-3.58802710145053,-0.23350898761182615,True,False
81,Train/Low/low00011.png,3,5.901736209712079,0.0726352659171614,-1.7238389620996601,-3.507032701783138,-0.22441540511814345,True,False
81,Train/Low/low00011.png,4,5.9912269938371185,0.08266937140721446,-1.634348177974621,-3.417541917658099,-0.21438129962809038,True,False
81,Train/Low/low00011.png,5,6.089812336955834,0.09364918431997311,-1.5357628348559054,-3.318956574539383,-0.20340148671533176,True,False
81,Train/Low/low00011.png,6,6.198091106877888,0.10555639615874267,-1.4274840649338518,-3.2106778046173297,-0.19149427487656218,True,False
81,Train/Low/low00011.png,7,6.316653162983068,0.11834579981353607,-1.308922008828672,-3.0921157485121498,-0.17870487122176879,True,False
81,Train/Low/low00011.png,8,6.446069424222659,0.1319430450941549,-1.1795057475890802,-2.962699487272558,-0.16510762594114997,True,False
81,Train/Low/low00011.png,9,6.586879799832465,0.14624387461452323,-1.0386953719792746,-2.8218891116627525,-0.15080679642078162,True,False
81,Train/Low/low00011.png,10,6.739579073294994,0.16111510865377598,-0.8859960985167454,-2.6691898382002233,-0.13593556238152887,True,False
81,Train/Low/low00011.png,11,6.9046014875622035,0.17639766268442245,-0.720973684249536,-2.504167423933014,-0.12065300835088241,True,False
81,Train/Low/low00011.png,12,7.082305080191901,0.19191158752177567,-0.5432700916198385,-2.3264638313033164,-0.10513908351352919,True,False
81,Train/Low/low00011.png,13,7.272951787865042,0.20746256898141024,-0.3526233839466979,-2.1358171236301757,-0.08958810205389461,True,False
81,Train/Low/low00011.png,14,7.476690222555757,0.22284995085825043,-0.14888494925598206,-1.9320786889394599,-0.07420072017705442,True,False
81,Train/Low/low00011.png,15,7.69353615450488,0.2378751913130738,0.06796098269314044,-1.7152327569903374,-0.059175479722231056,True,False
81,Train/Low/low00011.png,16,7.923353387340115,0.25235023219249375,0.2977782155283757,-1.4854155241551021,-0.04470043884281111,True,False
81,Train/Low/low00011.png,17,8.165836614140606,0.2661052373748258,0.5402614423288661,-1.2429322973546117,-0.030945433660479083,True,False
81,Train/Low/low00011.png,18,8.420496873454992,0.27899496893503495,0.7949217016432524,-0.9882720380402255,-0.01805570210026991,True,False
81,Train/Low/low00011.png,19,8.686648896422579,0.29090420689607466,1.0610737246108393,-0.7221200150726386,-0.006146464139230201,True,False
81,Train/Low/low00011.png,20,8.963398728586995,0.30174892755249766,1.3378235567752554,-0.4453701829082224,0.0046982565171928,True,False
81,Train/Low/low00011.png,21,9.249649645061881,0.31147794934002343,1.6240744732501415,-0.1591192664333363,0.014427278304718572,True,False
81,Train/Low/low00011.png,22,9.54409841046489,0.32007175075726124,1.918523238653151,0.13532949896967317,0.023021079721956383,True,False
81,Train/Low/low00011.png,23,9.84525166574762,0.3275401797722427,2.2196764939358804,0.43648275425240257,0.030489508736937843,True,False
81,Train/Low/low00011.png,24,10.151442038294133,0.3339193020241679,2.525866866482394,0.7426731267989162,0.03686863098886306,True,False
81,Train/Low/low00011.png,25,10.460860668038885,0.33926699349023554,2.8352854962271454,1.0520917565436676,0.04221632245493068,True,False
81,Train/Low/low00011.png,26,10.771586422290223,0.34365677759939667,3.146011250478484,1.362817510795006,0.04660610656409181,True,False
81,Train/Low/low00011.png,27,11.081634575900232,0.3471736913975115,3.456059404088492,1.6728656644050144,0.050123020362206616,True,True
82,Train/Low/low00467.png,0,12.557295170335154,0.17246744913180398,0.48544914870057276,0.4068533843224671,0.030588098106158562,True,False
82,Train/Low/low00467.png,1,12.641596591604303,0.16847341954664644,0.5697505699697221,0.4911548055916164,0.02659406852100102,True,False
82,Train/Low/low00467.png,2,12.729324641369795,0.16387848286740758,0.6574786197352136,0.5788828553571079,0.021999131841762165,True,False
82,Train/Low/low00467.png,3,12.820231852638424,0.15875737780111476,0.7483858310038425,0.6697900666257368,0.016878026775469346,True,False
82,Train/Low/low00467.png,4,12.913946212384719,0.1531955262113028,0.8421001907501378,0.7635044263720321,0.01131617518565739,True,False
82,Train/Low/low00467.png,5,13.009983230433956,0.14728459910561814,0.9381372087993753,0.8595414444212697,0.005405248079972724,True,False
82,Train/Low/low00467.png,6,13.107740707397063,0.14111857026368566,1.0358946857624822,0.9572989213843766,-0.0007607807619597617,True,False
82,Train/Low/low00467.png,7,13.206488354341634,0.13479044362469203,1.1346423327070525,1.0560465683289468,-0.007088907400953387,True,False
82,Train/Low/low00467.png,8,13.30536428844394,0.1283889415019511,1.2335182668093587,1.154922502431253,-0.013490409523694319,True,False
82,Train/Low/low00467.png,9,13.403372893109612,0.1219960423962301,1.331526871475031,1.2529311070969253,-0.019883308629415314,True,False
82,Train/Low/low00467.png,10,13.499390099169634,0.11568499590895968,1.4275440775350532,1.3489483131569475,-0.026194355116685733,True,False
82,Train/Low/low00467.png,11,13.592176892128276,0.1095189441713146,1.5203308704936944,1.4417351061155887,-0.03236040685433082,True,False
82,Train/Low/low00467.png,12,13.680401959055775,0.10355041678200284,1.608555937421194,1.5299601730430883,-0.03832893424364257,True,False
82,Train/Low/low00467.png,13,13.762670636792064,0.09782122619374808,1.6908246151574833,1.6122288507793776,-0.04405812483189733,True,False
82,Train/Low/low00467.png,14,13.837570049745567,0.09236282677368979,1.765724028110986,1.6871282637328804,-0.04951652425195563,True,False
82,Train/Low/low00467.png,15,13.903717284613695,0.0871971138042153,1.8318712629791136,1.753275498601008,-0.05468223722143012,True,False
82,Train/Low/low00467.png,16,13.959817637180068,0.08233740771214368,1.8879716155454869,1.8093758511673812,-0.05954194331350174,True,False
82,Train/Low/low00467.png,17,14.004724809546856,0.07778955323172997,1.9328787879122746,1.854283023534169,-0.06408979779391545,True,False
82,Train/Low/low00467.png,18,14.037498293476464,0.07355313193340099,1.9656522718418827,1.887056507463777,-0.06832621909224443,True,False
82,Train/Low/low00467.png,19,14.057456043198009,0.06962264642316823,1.9856100215634278,1.9070142571853221,-0.07225670460247718,True,False
82,Train/Low/low00467.png,20,14.064210834222395,0.06598864766179921,1.9923648125878142,1.9137690482097085,-0.07589070336384621,True,True
82,Train/Low/low00467.png,21,14.057695855125502,0.06263867180116292,1.9858498334909207,1.907254069112815,-0.0792406792244825,True,False
82,Train/Low/low00467.png,22,14.038164622564665,0.059558189338676674,1.9663186009300837,1.887722836551978,-0.08232116168696874,True,False
82,Train/Low/low00467.png,23,14.006175989889762,0.056731346236133906,1.9343299682551809,1.8557342038770752,-0.08514800478951151,True,False
82,Train/Low/low00467.png,24,13.96256042878148,0.05414156315311373,1.8907144071468984,1.8121186427687928,-0.0877377878725317,True,False
82,Train/Low/low00467.png,25,13.908370262103771,0.05177206716026665,1.8365242404691902,1.7579284760910845,-0.09010728386537876,True,False
82,Train/Low/low00467.png,26,13.844824757894308,0.04960627291235295,1.7729787362597271,1.6943829718816215,-0.09227307811329247,True,False
82,Train/Low/low00467.png,27,13.773248258605175,0.04762806259257766,1.7014022369705941,1.6228064725924884,-0.09425128843306776,True,False
83,Train/Low/low00481.png,0,12.583416517906178,0.4073409202427276,-4.1718773601224175,0.92655818311,-0.12834895642270228,True,False
83,Train/Low/low00481.png,1,12.890677090662528,0.44012709706363035,-3.8646167873660673,1.2338187558663503,-0.09556277960179954,True,False
83,Train/Low/low00481.png,2,13.228254164753032,0.47381209794107626,-3.5270397132755633,1.5713958299568542,-0.06187777872435363,True,False
83,Train/Low/low00481.png,3,13.597545524677926,0.5077956370078848,-3.1577483533506694,1.9406871898817482,-0.027894239657545117,True,False
83,Train/Low/low00481.png,4,13.999171424570422,0.5413385163183656,-2.7561224534581736,2.342313089774244,0.005648639652935716,True,False
83,Train/Low/low00481.png,5,14.43246394256349,0.5735938900051756,-2.322829935465105,2.7756056077673126,0.03790401333974569,True,False
83,Train/Low/low00481.png,6,14.89466936529501,0.6036578642486181,-1.860624512733585,3.2378110304988326,0.06796798758318823,True,False
83,Train/Low/low00481.png,7,15.379755577382902,0.630630874933458,-1.3755383006456938,3.7228972425867237,0.09494099826802815,True,False
83,Train/Low/low00481.png,8,15.8767987465374,0.6536900686740025,-0.8784951314911957,4.219940411741222,0.11800019200857259,True,False
83,Train/Low/low00481.png,9,16.36801387869566,0.6721626547891852,-0.3872799993329359,4.711155543899482,0.13647277812375536,True,False
83,Train/Low/low00481.png,10,16.82693299965886,0.6855899540793062,0.07163912163026609,5.170074664862684,0.14990007741387634,True,False
83,Train/Low/low00481.png,11,17.21795476513948,0.6937709898173652,0.4626608871108857,5.561096430343303,0.1580811131519353,True,False
83,Train/Low/low00481.png,12,17.49929100125547,0.6967771728410435,0.7439971232268761,5.842432666459294,0.16108729617561357,True,False
83,Train/Low/low00481.png,13,17.631029118433492,0.6949355076246085,0.8757352404048966,5.974170783637314,0.15924563095917865,True,True
83,Train/Low/low00481.png,14,17.587133305621567,0.688784678940573,0.8318394275929712,5.930274970825389,0.15309480227514316,True,False
83,Train/Low/low00481.png,15,17.365542793080127,0.6790128407992475,0.6102489150515318,5.708684458283949,0.14332296413381762,True,False
83,Train/Low/low00481.png,16,16.98966255861301,0.6664044939661773,0.23436868058441362,5.332804223816831,0.1307146173007474,True,False
83,Train/Low/low00481.png,17,16.50051566980122,0.6518102689026559,-0.25477820822737485,4.843657335005043,0.11612039223722603,True,False
83,Train/Low/low00481.png,18,15.94580975051122,0.6360128289846468,-0.8094841275173756,4.288951415715042,0.10032295231921695,True,False
83,Train/Low/low00481.png,19,15.36711282168371,0.6195768374532438,-1.3881810563448855,3.710254486887532,0.08388696078781388,True,False
83,Train/Low/low00481.png,20,14.794140574302098,0.6031171542163393,-1.9611533037264977,3.13728223950592,0.06742727755090938,True,False
83,Train/Low/low00481.png,21,14.245017921957174,0.5870756634095622,-2.510275956071421,2.5881595871609964,0.0513857867441323,True,False
83,Train/Low/low00481.png,22,13.730072734686285,0.5717294443212123,-3.0252211433423106,2.073214399890107,0.03603956765578242,True,False
83,Train/Low/low00481.png,23,13.255164948378855,0.5573539615817226,-3.5001289296497404,1.5983066135826771,0.02166408491629268,True,False
83,Train/Low/low00481.png,24,12.822562817893921,0.5441307386073306,-3.9327310601346745,1.165704483097743,0.008440861941900746,True,False
83,Train/Low/low00481.png,25,12.431729827163105,0.5321008950905993,-4.323564050865491,0.7748714923669269,-0.003588981574830563,True,False
83,Train/Low/low00481.png,26,12.081894943899151,0.5212878245690096,-4.673398934129445,0.4250366091029729,-0.014402052096420315,True,False
83,Train/Low/low00481.png,27,11.770789952979896,0.511708758643211,-4.984503925048699,0.11393161818371844,-0.023981118022218917,True,False
84,Train/Low/low00626.png,0,6.610308366052735,0.2459953646516283,-6.392130238459968,-9.164314353947619,-0.428426397952248,False,False
84,Train/Low/low00626.png,1,6.823649687297747,0.27441873862918,-6.1787889172149555,-8.950973032702606,-0.40000302397469634,False,False
84,Train/Low/low00626.png,2,7.060162907572759,0.30474819847703893,-5.9422756969399435,-8.714459812427595,-0.3696735641268374,False,False
84,Train/Low/low00626.png,3,7.322143049406218,0.33677165789806546,-5.680295555106484,-8.452479670594135,-0.33765010470581086,False,False
84,Train/Low/low00626.png,4,7.612093934526639,0.3701809908355072,-5.390344669986064,-8.162528785473715,-0.3042407717683691,True,False
84,Train/Low/low00626.png,5,7.932768998017918,0.40456957371191643,-5.069669606494784,-7.841853721982435,-0.2698521888919599,True,False
84,Train/Low/low00626.png,6,8.287209881710162,0.43943581530282505,-4.715228722802541,-7.487412838290192,-0.23498594730105127,True,False
84,Train/Low/low00626.png,7,8.678777618594932,0.47419401201874134,-4.323660985917771,-7.095845101405422,-0.20022775058513498,True,False
84,Train/Low/low00626.png,8,9.111198834838483,0.5081961672831777,-3.89123976967422,-6.663423885161871,-0.16622559532069858,True,False
84,Train/Low/low00626.png,9,9.58861292947979,0.5407632397347757,-3.4138256750329123,-6.186009790520563,-0.13365852286910063,True,False
84,Train/Low/low00626.png,10,10.115625469041845,0.5712248660257521,-2.8868131354708577,-5.6589972509585085,-0.10319689657812425,True,False
84,Train/Low/low00626.png,11,10.69736279774142,0.5989601354024889,-2.305075806771283,-5.077259922258934,-0.07546162720138738,True,False
84,Train/Low/low00626.png,12,11.339531253910218,0.6234445141383587,-1.6629073506024845,-4.435091466090135,-0.050977248465517655,True,False
84,Train/Low/low00626.png,13,12.0484511996753,0.6442860076328721,-0.9539874048374024,-3.726171520325053,-0.03013575497100418,True,False
84,Train/Low/low00626.png,14,12.831046091606222,0.6612513318515747,-0.17139251290648083,-2.9435766283941316,-0.01317043075230162,True,False
84,Train/Low/low00626.png,15,13.694716133986379,0.6742773098057236,0.6922775294736763,-2.0799065860139745,-0.0001444527981526722,True,False
84,Train/Low/low00626.png,16,14.646936125625478,0.6834662458824144,1.6444975211127755,-1.1276865943748753,0.009044483278538129,True,False
84,Train/Low/low00626.png,17,15.694299542641568,0.6890669484846317,2.6918609381288654,-0.08032317735878536,0.014645185880755363,True,False
84,Train/Low/low00626.png,18,16.84030271531592,0.6914448427564811,3.8378641108032188,1.065679995315568,0.017023080152604786,True,False
84,Train/Low/low00626.png,19,18.080577606524,0.6910465727182272,5.078139002011296,2.3059548865236454,0.016624810114350907,True,False
84,Train/Low/low00626.png,20,19.393065484992796,0.6883637055680079,6.390626880480093,3.6184427649924427,0.013941942964131537,True,False
84,Train/Low/low00626.png,21,20.719964686724186,0.683900889617239,7.717526082211483,4.9453419667238325,0.009479127013362731,True,False
84,Train/Low/low00626.png,22,21.94283262757215,0.678158662628556,8.940394023059449,6.168209907571798,0.0037369000246796347,True,False
84,Train/Low/low00626.png,23,22.87480764257846,0.6716258018746972,9.872369038065758,7.100184922578107,-0.0027959607291790922,True,False
84,Train/Low/low00626.png,24,23.328610296626074,0.6647458566957205,10.326171692113371,7.553987576625721,-0.009675905908155813,True,True
84,Train/Low/low00626.png,25,23.254286494857137,0.6578164599773025,10.251847890344434,7.479663774856784,-0.01660530262657378,True,False
84,Train/Low/low00626.png,26,22.78274035779473,0.6511846699467042,9.780301753282027,7.008117637794376,-0.02323709265717211,True,False
84,Train/Low/low00626.png,27,22.11041062010449,0.6449538469499349,9.107972015591786,6.335787900104135,-0.029467915653941468,True,False
85,Train/Low/low00017.png,0,5.301383664040225,0.11085695985674156,-4.273613276263118,-7.620773027221256,-0.44384219006809394,True,False
85,Train/Low/low00017.png,1,5.4332510176432525,0.126028998419479,-4.141745922660091,-7.488905673618229,-0.4286701515053565,True,False
85,Train/Low/low00017.png,2,5.578551614499578,0.14274047687600153,-3.996445325803765,-7.343605076761903,-0.41195867304883393,True,False
85,Train/Low/low00017.png,3,5.738360888746547,0.161011953539855,-3.8366360515567965,-7.183795802514934,-0.3936871963849805,True,False
85,Train/Low/low00017.png,4,5.913776710720833,0.18082471154477414,-3.6612202295825105,-7.008379980540648,-0.37387443838006135,True,False
85,Train/Low/low00017.png,5,6.1059319541607735,0.20211584800210156,-3.4690649861425698,-6.816224737100708,-0.3525833019227339,True,False
85,Train/Low/low00017.png,6,6.315990108792818,0.22477268980145507,-3.2590068315105256,-6.6061665824686635,-0.32992646012338045,True,False
85,Train/Low/low00017.png,7,6.545134098297385,0.248628521106435,-3.029862842005958,-6.377022592964096,-0.3060706288184005,True,False
85,Train/Low/low00017.png,8,6.7945528054644395,0.2734611396148093,-2.7804441348389037,-6.127603885797042,-0.2812380103100262,True,False
85,Train/Low/low00017.png,9,7.065425972977333,0.29899501677309986,-2.5095709673260105,-5.856730718284148,-0.2557041331517356,True,False
85,Train/Low/low00017.png,10,7.3588979156615775,0.3249069520779915,-2.216099024641766,-5.563258775599904,-0.22979219784684402,True,False
85,Train/Low/low00017.png,11,7.676056238034711,0.3508368990896241,-1.8989407022686322,-5.24610045322677,-0.20386225083521137,True,False
85,Train/Low/low00017.png,12,8.017894859503842,0.37640205905153107,-1.5571020807995009,-4.904261831757639,-0.17829709087330442,True,False
85,Train/Low/low00017.png,13,8.385273740879292,0.4012144594196992,-1.1897231994240514,-4.536882950382189,-0.1534846905051363,True,False
85,Train/Low/low00017.png,14,8.778872842302968,0.4249005780016362,-0.7961240980003748,-4.143283848958513,-0.12979857192319927,True,False
85,Train/Low/low00017.png,15,9.199130324782539,0.4471209039872504,-0.37586661552080436,-3.7230263664789423,-0.10757824593758508,True,False
85,Train/Low/low00017.png,16,9.64617993687213,0.46758930072204463,0.0711829965687869,-3.275976754389351,-0.08710984920279086,True,False
85,Train/Low/low00017.png,17,10.119772171480017,0.4860869203141988,0.5447752311766738,-2.802384519781464,-0.06861222961063668,True,False
85,Train/Low/low00017.png,18,10.61919303342301,0.5024748381869353,1.044196093119666,-2.302963657838472,-0.05222431173790021,True,False
85,Train/Low/low00017.png,19,11.143176736668297,0.5167067003046908,1.5681797963649533,-1.7789799545931846,-0.0379924496201447,True,False
85,Train/Low/low00017.png,20,11.689871010374514,0.5288574927431122,2.1148740700711706,-1.2322856808869673,-0.025841657181723265,True,False
85,Train/Low/low00017.png,21,12.256785693877955,0.5390724618507601,2.6817887535746117,-0.6653709973835262,-0.015626688074075412,True,False
85,Train/Low/low00017.png,22,12.840682258974743,0.5475398909781011,3.2656853186714,-0.08147443228673801,-0.007159258946734415,True,False
85,Train/Low/low00017.png,23,13.437579865522405,0.5544465627292271,3.862582925219062,0.5154231742609241,-0.00025258719560838916,True,False
85,Train/Low/low00017.png,24,14.042754429440862,0.5600160675241809,4.467757489137519,1.1205977381793808,0.005316917599345383,True,False
85,Train/Low/low00017.png,25,14.650765168882728,0.5645107349386179,5.075768228579385,1.728608477621247,0.009811585013782431,True,False
85,Train/Low/low00017.png,26,15.255417416637002,0.5681579078817238,5.6804204763336585,2.3332607253755207,0.013458757956888334,True,False
85,Train/Low/low00017.png,27,15.849875727471975,0.571160431039981,6.274878787168632,2.927719036210494,0.016461281115145554,True,True
86,Train/Low/low00613.png,0,7.632387521067584,0.22063415068748024,-6.0206383618770305,-12.016437989441656,-0.36349428114952276,False,False
86,Train/Low/low00613.png,1,7.809077295243099,0.24603152436209302,-5.843948587701516,-11.839748215266141,-0.33809690747491,False,False
86,Train/Low/low00613.png,2,8.006019966972719,0.27304208849537254,-5.647005915971896,-11.642805543536522,-0.3110863433416305,False,False
86,Train/Low/low00613.png,3,8.225241296578483,0.30146500047799646,-5.427784586366132,-11.423584213930758,-0.28266343135900657,True,False
86,Train/Low/low00613.png,4,8.468954790811027,0.3310213114969205,-5.184071092133587,-11.179870719698213,-0.25310712034008254,True,False
86,Train/Low/low00613.png,5,8.739588538658765,0.3613523996323258,-4.91343734428585,-10.909236971850476,-0.22277603220467723,True,False
86,Train/Low/low00613.png,6,9.039814256286904,0.3920233132518048,-4.61321162665771,-10.609011254222336,-0.19210511858519824,True,False
86,Train/Low/low00613.png,7,9.372576580812726,0.4225322105009585,-4.280449302131888,-10.276248929696514,-0.1615962213360445,True,False
86,Train/Low/low00613.png,8,9.74113265853637,0.4523274090026806,-3.911893224408244,-9.90769285197287,-0.13180102283432243,True,False
86,Train/Low/low00613.png,9,10.149097511901541,0.480831251370785,-3.5039283710430738,-9.4997279986077,-0.10329718046621805,True,False
86,Train/Low/low00613.png,10,10.600497740341952,0.507469714764878,-3.0525281426026627,-9.048327770167289,-0.07665871707212502,True,False
86,Train/Low/low00613.png,11,11.099838858928502,0.5317065640811199,-2.553187024016113,-8.548986651580739,-0.05242186775588309,True,False
86,Train/Low/low00613.png,12,11.652187493249773,0.5530756390402725,-2.0008383896948416,-7.9966380172594675,-0.031052792796730566,True,False
86,Train/Low/low00613.png,13,12.263252068913557,0.5712115738718236,-1.3897738140310576,-7.3855734415956835,-0.012916857965179385,True,False
86,Train/Low/low00613.png,14,12.939491327611915,0.5858740680063763,-0.7135345553326999,-6.709334182897326,0.001745636169373288,True,False
86,Train/Low/low00613.png,15,13.688187237940872,0.5969599354092816,0.03516135499625683,-5.960638272568369,0.01283150357227858,True,False
86,Train/Low/low00613.png,16,14.517475746054089,0.6045057857794198,0.8644498631094741,-5.131349764455152,0.020377353942416798,True,False
86,Train/Low/low00613.png,17,15.436181770585502,0.6086763644895233,1.7831558876408877,-4.212643739923738,0.02454793265252031,True,False
86,Train/Low/low00613.png,18,16.45324611681271,0.6097469934622973,2.800220233868096,-3.19557939369653,0.0256185616252943,True,False
86,Train/Low/low00613.png,19,17.5760736471138,0.6080763041715804,3.923047764169187,-2.072751863395439,0.023947872334577402,True,False
86,Train/Low/low00613.png,20,18.806491403095286,0.6040770452869858,5.153465520150672,-0.8423341074139543,0.019948613449982777,True,False
86,Train/Low/low00613.png,21,20.13134997143006,0.598186614336697,6.478324088485444,0.4825244609208177,0.014058182499693928,True,False
86,Train/Low/low00613.png,22,21.502586609289228,0.5908415897256087,7.849560726344613,1.8537610987799873,0.006713157888605714,True,False
86,Train/Low/low00613.png,23,22.80253879704135,0.5824545988246856,9.149512914096736,3.15371328653211,-0.0016738330123173828,True,False
86,Train/Low/low00613.png,24,23.813784278607596,0.5734008512402211,10.160758395662981,4.164958768098355,-0.010727580596781916,True,False
86,Train/Low/low00613.png,25,24.276466438386993,0.5640073170633321,10.623440555442379,4.627640927877753,-0.020121114773670956,True,True
86,Train/Low/low00613.png,26,24.086283721880797,0.5545490860709388,10.433257838936182,4.437458211371556,-0.029579345766064247,True,False
86,Train/Low/low00613.png,27,23.40308736713776,0.5452492887732627,9.750061484193147,3.7542618566285206,-0.038879143063740296,True,False
87,Train/Low/low00270.png,0,7.207640834507448,0.07806763294488772,-1.6215714415404339,-0.896691118773699,-0.006321929234955531,True,False
87,Train/Low/low00270.png,1,7.3306911949722195,0.07812128232889938,-1.498521081075662,-0.7736407583089271,-0.0062682798509438725,True,False
87,Train/Low/low00270.png,2,7.462943211890912,0.07794656895068519,-1.3662690641569695,-0.6413887413902346,-0.006442993229158062,True,False
87,Train/Low/low00270.png,3,7.604651423936126,0.0775704939062341,-1.2245608521117557,-0.49968052934502083,-0.006819068273609147,True,False
87,Train/Low/low00270.png,4,7.75593405915945,0.07701789283752591,-1.0732782168884318,-0.34839789412169697,-0.0073716693423173385,True,False
87,Train/Low/low00270.png,5,7.916765453973433,0.07631026861520893,-0.9124468220744486,-0.18756649930771374,-0.008079293564634327,True,False
87,Train/Low/low00270.png,6,8.086945595843588,0.07546527461895416,-0.7422666802042936,-0.017386357437558786,-0.008924287560889088,True,False
87,Train/Low/low00270.png,7,8.266056042776217,0.07449692821480994,-0.5631562332716644,0.16172408949507044,-0.009892633965033315,True,False
87,Train/Low/low00270.png,8,8.453418428863266,0.07341624336906975,-0.3757938471846156,0.34908647558211925,-0.0109733188107735,True,False
87,Train/Low/low00270.png,9,8.648047058676552,0.07223226501560946,-0.18116521737132985,0.543715105395405,-0.01215729716423379,True,False
87,Train/Low/low00270.png,10,8.848604038786217,0.07095317083085251,0.019391762738335316,0.7442720855050702,-0.013436391348990745,True,False
87,Train/Low/low00270.png,11,9.053361370734454,0.06958731876748998,0.22414909468657207,0.9490294174533069,-0.01480224341235327,True,False
87,Train/Low/low00270.png,12,9.260174277927323,0.06814407430629983,0.43096200187944156,1.1558423246461764,-0.01624548787354342,True,False
87,Train/Low/low00270.png,13,9.46647332117949,0.0666343440902869,0.6372610451316092,1.362141367898344,-0.01775521808955635,True,False
87,Train/Low/low00270.png,14,9.669296940047367,0.06507080410532175,0.8400846639994857,1.5649649867662205,-0.019318758074521505,True,False
87,Train/Low/low00270.png,15,9.865342398700907,0.06346747703110332,1.0361301226530255,1.7610104454197604,-0.02092208514873993,True,False
87,Train/Low/low00270.png,16,10.051095520747245,0.061839812708909224,1.221883244699363,1.946763567466098,-0.02254974947093403,True,False
87,Train/Low/low00270.png,17,10.222985198550802,0.06020347172745264,1.3937729225029205,2.1186532452696554,-0.02418609045239061,True,False
87,Train/Low/low00270.png,18,10.377616639543824,0.05857427084859361,1.5484043634959423,2.273284686262677,-0.025815291331249643,True,False
87,Train/Low/low00270.png,19,10.51197664746148,0.05696699447667986,1.6827643714135991,2.407644694180334,-0.02742256770316339,True,False
87,Train/Low/low00270.png,20,10.623754062167814,0.05539512872803439,1.7945417861199324,2.5194221088866673,-0.02899443345180886,True,False
87,Train/Low/low00270.png,21,10.711607577320311,0.05387313373363147,1.88239530127243,2.607275624039165,-0.03051642844621178,True,False
87,Train/Low/low00270.png,22,10.775297394977345,0.05241227959109037,1.9460851189294637,2.6709654416961985,-0.03197728258875288,True,False
87,Train/Low/low00270.png,23,10.815779263988487,0.05102135205466633,1.9865669879406056,2.7114473107073405,-0.03336821012517692,True,False
87,Train/Low/low00270.png,24,10.83511233340831,0.04970791160439951,2.005900057360428,2.730780380127163,-0.03468165057544374,True,False
87,Train/Low/low00270.png,25,10.83606936349257,0.048476960207491177,2.006857087444688,2.731737410211423,-0.035912601972352076,True,True
87,Train/Low/low00270.png,26,10.822054542331651,0.04733276335685947,1.9928422662837697,2.7177225890505046,-0.03705679882298378,True,False
87,Train/Low/low00270.png,27,10.796373774907043,0.0462743156435638,1.967161498859161,2.692041821625896,-0.03811524653627945,True,False
88,Train/Low/low00297.png,0,6.684067836873119,0.08153536281852984,-0.3172131690874984,-0.2330475153883116,0.011774828857510258,True,False
88,Train/Low/low00297.png,1,6.80980096904912,0.08131262728819863,-0.1914800369114973,-0.10731438321231046,0.011552093327179047,True,False
88,Train/Low/low00297.png,2,6.945434243287502,0.08088476668223414,-0.05584676267311561,0.028318891026071213,0.011124232721214558,True,False
88,Train/Low/low00297.png,3,7.091337905456626,0.08029917047320119,0.09005689949600892,0.17422255319519575,0.010538636512181607,True,False
88,Train/Low/low00297.png,4,7.247765778817029,0.07959622334727488,0.24648477285641146,0.3306504265555983,0.0098356893862553,True,False
88,Train/Low/low00297.png,5,7.414848664827983,0.07880769781859237,0.4135676588673656,0.4977333125665524,0.009047163857572788,True,False
88,Train/Low/low00297.png,6,7.592565646045944,0.07795638319111799,0.5912846400853269,0.6754502937845137,0.008195849230098404,True,False
88,Train/Low/low00297.png,7,7.780702407054767,0.07705679529001944,0.7794214010941491,0.863587054793336,0.0072962613289998535,True,False
88,Train/Low/low00297.png,8,7.978809050122146,0.0761165327079254,0.9775280441615282,1.061693697860715,0.0063559987469058166,True,False
88,Train/Low/low00297.png,9,8.186154098690043,0.07513807408777676,1.1848730927294255,1.2690387464286124,0.005377540126757174,True,False
88,Train/Low/low00297.png,10,8.401671722753132,0.07412072783941209,1.400390716792515,1.4845563704917017,0.00436019387839251,True,False
88,Train/Low/low00297.png,11,8.62392129619175,0.07306244751745909,1.622640290231132,1.706805943930319,0.003301913556439509,True,False
88,Train/Low/low00297.png,12,8.851046444517882,0.07196141462127519,1.8497654385572648,1.9339310922564517,0.0022008806602556025,True,False
88,Train/Low/low00297.png,13,9.080751593688994,0.07081725145036795,2.079470587728377,2.1636362414275636,0.001056717489348366,True,False
88,Train/Low/low00297.png,14,9.31030575348727,0.06963174989146895,2.309024747526653,2.39319040122584,-0.00012878406955063593,True,False
88,Train/Low/low00297.png,15,9.53657746958272,0.06840920637339311,2.535296463622103,2.61946211732129,-0.0013513275876264746,True,False
88,Train/Low/low00297.png,16,9.756119234221988,0.06715637976642626,2.75483822826137,2.839003881960557,-0.002604154194593325,True,False
88,Train/Low/low00297.png,17,9.965303820464614,0.0658823089576364,2.9640228145039966,3.0481884682031835,-0.0038782250033831817,True,False
88,Train/Low/low00297.png,18,10.160503686976698,0.06459737482311799,3.1592226810160806,3.2433883347152674,-0.005163159137901593,True,False
88,Train/Low/low00297.png,19,10.338350163022032,0.06331318000946336,3.337069157061414,3.421234810760601,-0.006447353951556226,True,False
88,Train/Low/low00297.png,20,10.495948784630048,0.06204147458133986,3.494667778669431,3.5788334323686177,-0.0077190593796797255,True,False
88,Train/Low/low00297.png,21,10.631222313430236,0.060795241831127535,3.6299413074696183,3.714106961168805,-0.008965292129892048,True,False
88,Train/Low/low00297.png,22,10.743239044983497,0.05958804254013803,3.7419580390228795,3.8261236927220663,-0.01017249142088155,True,False
88,Train/Low/low00297.png,23,10.832181395863556,0.05843104924897343,3.830900389902938,3.915066043602125,-0.011329484712046152,True,False
88,Train/Low/low00297.png,24,10.899343267430424,0.05733375472251261,3.898062261469807,3.982227915168994,-0.01242677923850697,True,False
88,Train/Low/low00297.png,25,10.946880752057293,0.05630167343684085,3.9455997460966756,4.0297653997958625,-0.013458860524178731,True,False
88,Train/Low/low00297.png,26,10.977632732840588,0.05533815021353391,3.9763517268799706,4.0605173805791575,-0.014422383747485674,True,False
88,Train/Low/low00297.png,27,10.994498344330514,0.05444503184366314,3.993217338369897,4.077382992069084,-0.015315502117356446,True,True
89,Train/Low/low00343.png,0,15.326294889068585,0.30723097111941405,0.5414754044347525,0.98422208248817,-0.002690016430140829,True,False
89,Train/Low/low00343.png,1,15.870516945370504,0.30269289979385644,1.0856974607366716,1.5284441387900891,-0.007228087755698442,True,False
89,Train/Low/low00343.png,2,16.45942657873952,0.29704552978850807,1.6746070941056885,2.117353772159106,-0.012875457761046816,True,False
89,Train/Low/low00343.png,3,17.088517326830733,0.2904204250183982,2.3036978421969003,2.746444520250318,-0.019500562531156673,True,False
89,Train/Low/low00343.png,4,17.746076525960447,0.28297358724907873,2.961257041326615,3.4040037193800323,-0.026947400300476154,True,False
89,Train/Low/low00343.png,5,18.408752983899888,0.2748751424635221,3.6239334992660552,4.066680177319473,-0.035045845086032756,True,False
89,Train/Low/low00343.png,6,19.036123786048723,0.26629931974978177,4.251304301414891,4.694050979468308,-0.04362166779977311,True,False
89,Train/Low/low00343.png,7,19.56717675564305,0.2574165941005285,4.782357271009218,5.225103949062635,-0.05250439344902641,True,False
89,Train/Low/low00343.png,8,19.92549646851001,0.24838723552257974,5.140676983876176,5.583423661929594,-0.06153375202697514,True,False
89,Train/Low/low00343.png,9,20.04056217480956,0.2393572414824927,5.255742690175726,5.6984893682291435,-0.07056374606706217,True,True
89,Train/Low/low00343.png,10,19.880418850564364,0.23045580993350806,5.095599365930532,5.53834604398395,-0.07946517761604682,True,False
89,Train/Low/low00343.png,11,19.471320899217993,0.22179435142610707,4.686501414584161,5.129248092637578,-0.08812663612344782,True,False
89,Train/Low/low00343.png,12,18.88490181543743,0.2134779858939269,4.100082330803598,4.542829008857016,-0.09644300165562797,True,False
89,Train/Low/low00343.png,13,18.206309324943177,0.20565480342647904,3.421489840309345,3.8642365183627625,-0.10426618412307584,True,False
89,Train/Low/low00343.png,14,17.508307930365184,0.19850545162162242,2.723488445731352,3.1662351237847695,-0.11141553592793246,True,False
89,Train/Low/low00343.png,15,16.84001429495536,0.19213659172720662,2.0551948103215274,2.497941488374945,-0.11778439582234826,True,False
89,Train/Low/low00343.png,16,16.227737878966742,0.18651963277311454,1.44291839433291,1.8856650723863275,-0.12340135477644035,True,False
89,Train/Low/low00343.png,17,15.681945584135162,0.18149635281321405,0.8971260995013299,1.3398727775547474,-0.12842463473634083,True,False
89,Train/Low/low00343.png,18,15.204033354250077,0.17690260439334887,0.41921386961624485,0.8619605476696623,-0.133018383156206,True,False
89,Train/Low/low00343.png,19,14.78990877748915,0.17265398802305945,0.005089292855316785,0.4478359709087343,-0.13726699952649543,True,False
89,Train/Low/low00343.png,20,14.434564022651594,0.16871916096890235,-0.350255461982238,0.0924912160711795,-0.14120182658065253,True,False
89,Train/Low/low00343.png,21,14.130238728675508,0.1650596313995129,-0.6545807559583245,-0.21183407790490705,-0.14486135615004198,True,False
89,Train/Low/low00343.png,22,13.870072477106843,0.16166880304374004,-0.914747007526989,-0.4720003294735715,-0.14825218450581484,True,False
89,Train/Low/low00343.png,23,13.64785199408971,0.15852426730579888,-1.136967490544123,-0.6942208124907054,-0.151396720243756,True,False
89,Train/Low/low00343.png,24,13.457645125397246,0.1556187453884108,-1.3271743592365866,-0.8844276811831691,-0.15430224216114408,True,False
89,Train/Low/low00343.png,25,13.294603759434136,0.15295496717057058,-1.4902157251996968,-1.0474690471462793,-0.1569660203789843,True,False
89,Train/Low/low00343.png,26,13.153348953840474,0.1505305920307415,-1.631470530793358,-1.1887238527399404,-0.15939039551881337,True,False
89,Train/Low/low00343.png,27,13.030045613678546,0.14834021174636805,-1.7547738709552867,-1.3120271929018692,-0.16158077580318683,True,False
90,Train/Low/low00074.png,0,6.563176653010946,0.1003126767330607,-2.8376439469661756,-4.984130106672834,-0.3268011288028463,True,False
90,Train/Low/low00074.png,1,6.664467537965926,0.11385209972682193,-2.7363530620111955,-4.882839221717854,-0.3132617058090851,True,False
90,Train/Low/low00074.png,2,6.777242221778142,0.1287172992921773,-2.62357837819898,-4.770064537905638,-0.2983965062437297,True,False
90,Train/Low/low00074.png,3,6.9025032652740235,0.1449128727472713,-2.4983173347030982,-4.644803494409756,-0.28220093278863567,True,False
90,Train/Low/low00074.png,4,7.041300292707284,0.16240813363140566,-2.359520307269838,-4.506006466976496,-0.26470567190450134,True,False
90,Train/Low/low00074.png,5,7.194731725055314,0.18113118085797025,-2.2060888749218073,-4.352575034628465,-0.24598262467793675,True,False
90,Train/Low/low00074.png,6,7.363942854059877,0.20096393249790862,-2.036877745917245,-4.183363905623903,-0.22614987303799838,True,False
90,Train/Low/low00074.png,7,7.5501183015545745,0.2217382996924458,-1.8507022984225472,-3.997188458129205,-0.2053755058434612,True,False
90,Train/Low/low00074.png,8,7.754477236256294,0.243235913479901,-1.6463433637208276,-3.7928295234274856,-0.183877892056006,True,False
90,Train/Low/low00074.png,9,7.978264732797421,0.2651909685453549,-1.4225558671797005,-3.5690420268863585,-0.1619228369905521,True,False
90,Train/Low/low00074.png,10,8.222739570557813,0.28729702530987566,-1.1780810294193085,-3.3245671891259665,-0.13981678022603133,True,False
90,Train/Low/low00074.png,11,8.48916440202245,0.3092182777570626,-0.911656197954672,-3.05814235766133,-0.11789552777884438,True,False
90,Train/Low/low00074.png,12,8.778789013821022,0.3306039945589326,-0.6220315861560994,-2.7685177458627575,-0.09650981097697442,True,False
90,Train/Low/low00074.png,13,9.092834754377723,0.3511057845114237,-0.3079858455993989,-2.454472005306057,-0.07600802102448329,True,False
90,Train/Low/low00074.png,14,9.432475011559788,0.3703957043225841,0.03165441158266624,-2.1148317481239918,-0.05671810121332288,True,False
90,Train/Low/low00074.png,15,9.798811143676806,0.38818359530107,0.39799054369968445,-1.7484956160069736,-0.038930210234837004,True,False
90,Train/Low/low00074.png,16,10.192846613731092,0.40423173385100597,0.7920260137539703,-1.3544601459526877,-0.02288207168490103,True,False
90,Train/Low/low00074.png,17,10.615460474436096,0.41836573378855335,1.2146398744589746,-0.9318462852476834,-0.008748071747353647,True,False
90,Train/Low/low00074.png,18,11.067369785569483,0.43048015864788985,1.6665491855923609,-0.47993697411429714,0.003366353111982856,True,False
90,Train/Low/low00074.png,19,11.54909105605708,0.44053928549562826,2.148270456079958,0.0017842963732999095,0.013425479959721265,True,False
90,Train/Low/low00074.png,20,12.060883638552788,0.4485729141408707,2.6600630385756663,0.5135768788690083,0.021459108604963695,True,False
90,Train/Low/low00074.png,21,12.602704742098009,0.4546697475706952,3.2018841421208872,1.0553979824142292,0.027555942034788228,True,False
90,Train/Low/low00074.png,22,13.174123643607441,0.45896401084674393,3.773303043630319,1.6268168839236612,0.03185020531083693,True,False
90,Train/Low/low00074.png,23,13.774227573383076,0.4616251413597878,4.373406973405954,2.226920813699296,0.03451133582388083,True,False
90,Train/Low/low00074.png,24,14.401507624528357,0.4628458510878115,5.000687024551235,2.854200864844577,0.03573204555190451,True,False
90,Train/Low/low00074.png,25,15.053701977012903,0.4628299318665452,5.652881377035781,3.506395217329123,0.0357161263306382,True,False
90,Train/Low/low00074.png,26,15.72759867905222,0.46178200331707386,6.326778079075098,4.18029191936844,0.034668197781166865,True,False
90,Train/Low/low00074.png,27,16.418798096708276,0.45989921901053166,7.017977496731154,4.871491337024496,0.03278541347462466,True,True
91,Train/Low/low00113.png,0,4.200559270758876,0.05066033576531969,-1.1384218036113332,-0.9532833699919472,-0.08423477191078677,True,False
91,Train/Low/low00113.png,1,4.249558742121185,0.057765971880594146,-1.0894223322490237,-0.9042838986296378,-0.07712913579551231,True,False
91,Train/Low/low00113.png,2,4.304312512199729,0.06557792943446879,-1.0346685621704799,-0.8495301285510939,-0.06931717824163768,True,False
91,Train/Low/low00113.png,3,4.365300537190523,0.07409625167314687,-0.9736805371796864,-0.7885421035603004,-0.06079885600295959,True,False
91,Train/Low/low00113.png,4,4.433011527933265,0.08330261279187712,-0.9059695464369444,-0.7208311128175584,-0.051592494884229345,True,False
91,Train/Low/low00113.png,5,4.507940328036795,0.09315825488433893,-0.8310407463334144,-0.6459023127140284,-0.04173685279176753,True,False
91,Train/Low/low00113.png,6,4.590581980588996,0.10360252855942585,-0.748399093781213,-0.5632606601618271,-0.03129257911668061,True,False
91,Train/Low/low00113.png,7,4.681423386518852,0.11455251283669324,-0.6575576878513569,-0.47241925423197095,-0.020342594839413225,True,False
91,Train/Low/low00113.png,8,4.7809350459572455,0.12590424204670367,-0.5580460284129636,-0.3729075947935776,-0.008990865629402794,True,False
91,Train/Low/low00113.png,9,4.8895606744678854,0.13753537330341511,-0.44942039990232363,-0.26428196628293765,0.0026402656273086522,True,False
91,Train/Low/low00113.png,10,5.007704896116013,0.14930929121786307,-0.3312761782541962,-0.14613774463481022,0.014414183541756609,True,False
91,Train/Low/low00113.png,11,5.135721907395258,0.16108052954045785,-0.20325916697495128,-0.0181207333555653,0.026185421864351383,True,False
91,Train/Low/low00113.png,12,5.273900800353393,0.17270070025348577,-0.06508027401681638,0.1200581596025696,0.03780559257737931,True,False
91,Train/Low/low00113.png,13,5.422451511407927,0.1840248051672742,0.08347043703771817,0.26860887065710415,0.049129697491167745,True,False
91,Train/Low/low00113.png,14,5.581490854920573,0.19491718656271417,0.24250978055036398,0.42764821416974996,0.06002207888660771,True,False
91,Train/Low/low00113.png,15,5.751028071722285,0.2052565950484499,0.41204699735207573,0.5971854309714617,0.07036148737234343,True,False
91,Train/Low/low00113.png,16,5.930950961419841,0.2149401706589428,0.5919698870496317,0.7771083206690177,0.08004506298283634,True,False
91,Train/Low/low00113.png,17,6.121015709795104,0.22388659873110794,0.7820346354248953,0.9671730690442812,0.08899149105500148,True,False
91,Train/Low/low00113.png,18,6.320837373545814,0.23203631878866612,0.9818562991756048,1.1669947327949908,0.09714121111255966,True,False
91,Train/Low/low00113.png,19,6.529883290292896,0.2393522063620395,1.1909022159226872,1.3760406495420732,0.10445709868593303,True,False
91,Train/Low/low00113.png,20,6.747468471868591,0.24581893012201023,1.4084873974983818,1.5936258311177678,0.11092382244590376,True,False
91,Train/Low/low00113.png,21,6.972762565004057,0.25144149242846253,1.6337814906338481,1.8189199242532341,0.11654638475235607,True,False
91,Train/Low/low00113.png,22,7.204796441665614,0.2562425503693798,1.8658153672954052,2.050953800914791,0.12134744269327336,True,False
91,Train/Low/low00113.png,23,7.442472864983158,0.26025983613730336,2.1034917906129493,2.2886302242323353,0.1253647284611969,True,False
91,Train/Low/low00113.png,24,7.684585101241979,0.26354293187802735,2.3456040268717695,2.5307424604911555,0.1286478242019209,True,False
91,Train/Low/low00113.png,25,7.929844032905055,0.2661509766445441,2.5908629585348457,2.7760013921542317,0.13125586896843766,True,False
91,Train/Low/low00113.png,26,8.176900207925472,0.2681480716983925,2.837919133555263,3.023057567174649,0.13325296402228604,True,False
91,Train/Low/low00113.png,27,8.424380259747844,0.2696100631870412,3.085399185377635,3.270537618997021,0.13471495551093476,True,True
92,Train/Low/low00115.png,0,4.9525478892340535,0.09395604799723416,-2.108142838556528,-2.8995845037329184,-0.18924328198575008,True,False
92,Train/Low/low00115.png,1,5.044106068993951,0.10522454144162843,-2.0165846587966305,-2.8080263239730208,-0.17797478854135582,True,False
92,Train/Low/low00115.png,2,5.145287004107115,0.11744628121387402,-1.9154037236834665,-2.7068453888598567,-0.16575304876911023,True,False
92,Train/Low/low00115.png,3,5.2568104447905295,0.13059799162172595,-1.8038802830000522,-2.5953219481764425,-0.1526013383612583,True,False
92,Train/Low/low00115.png,4,5.379404243921554,0.1446292591991534,-1.6812864838690276,-2.472728149045418,-0.13857007078383085,True,False
92,Train/Low/low00115.png,5,5.513799624877094,0.1594594031875235,-1.546891102913488,-2.338332768089878,-0.12373992679546075,True,False
92,Train/Low/low00115.png,6,5.6607218079041175,0.17497447284897213,-1.3999689198864642,-2.1914105850628545,-0.10822485713401211,True,False
92,Train/Low/low00115.png,7,5.820875811340831,0.1910270973299955,-1.2398149164497507,-2.031256581626141,-0.09217223265298874,True,False
92,Train/Low/low00115.png,8,5.994932385492017,0.20743735336984198,-1.0657583422985644,-1.8572000074749546,-0.07576197661314227,True,False
92,Train/Low/low00115.png,9,6.1835105378810615,0.22399610006147366,-0.8771801899095202,-1.6686218550859104,-0.059203229921510586,True,False
92,Train/Low/low00115.png,10,6.387153824868622,0.24047073577891342,-0.6735369029219598,-1.46497856809835,-0.042728594204070824,True,False
92,Train/Low/low00115.png,11,6.606309068146317,0.25661429074033215,-0.45438165964426513,-1.2458233248206554,-0.026585039242652098,True,False
92,Train/Low/low00115.png,12,6.841299668994425,0.27217580215160103,-0.21939105879615628,-1.0108327239725465,-0.011023527831383217,True,False
92,Train/Low/low00115.png,13,7.092293898520414,0.2869134974027222,0.03160317072983254,-0.7598384944465577,0.003714167419737957,True,False
92,Train/Low/low00115.png,14,7.359275589266037,0.30060669455506045,0.2985848614754554,-0.4928568037009349,0.0174073645720762,True,False
92,Train/Low/low00115.png,15,7.642009501702301,0.3130698217961918,0.5813187739117192,-0.2101228912646711,0.029870491813207556,True,False
92,Train/Low/low00115.png,16,7.940008924832961,0.3241631525697385,0.8793181970423793,0.0878765318659891,0.04096382258675424,True,False
92,Train/Low/low00115.png,17,8.252506254508226,0.3337980275814342,1.1918155267176447,0.4003738615412544,0.05059869759844993,True,False
92,Train/Low/low00115.png,18,8.578425445439382,0.34193979786145623,1.5177347176488007,0.7262930524724105,0.05874046787847198,True,False
92,Train/Low/low00115.png,19,8.916360835060619,0.3486063317767887,1.8556701072700372,1.064228442093647,0.06540700179380443,True,False
92,Train/Low/low00115.png,20,9.264566534764294,0.3538626717956349,2.203875806973712,1.4124341417973216,0.07066334181265066,True,False
92,Train/Low/low00115.png,21,9.620958587859894,0.35781033235113174,2.5602678600693123,1.768826194892922,0.0746110023681475,True,False
92,Train/Low/low00115.png,22,9.983140008034761,0.3605768698152722,2.9224492802441793,2.131007615067789,0.07737753983228796,True,False
92,Train/Low/low00115.png,23,10.348426000625512,0.3623070591437448,3.2877352728349303,2.49629360765854,0.07910772916076053,True,False
92,Train/Low/low00115.png,24,10.713901130679487,0.36315351060608037,3.653210402888905,2.8617687377125147,0.07995418062309612,True,False
92,Train/Low/low00115.png,25,11.076491582072336,0.3632680456026854,4.015800854281754,3.224359189105364,0.08006871561970114,True,False
92,Train/Low/low00115.png,26,11.433047563607841,0.3627948195868527,4.37235683581726,3.5809151706408695,0.07959548960386847,True,False
92,Train/Low/low00115.png,27,11.780432967964927,0.3618674020701085,4.719742240174345,3.928300574997955,0.07866807208712423,True,True
93,Train/Low/low00162.png,0,5.753577498582012,0.095902956676853,-2.701987551110528,-3.7926132990011867,-0.26159304702922825,True,False
93,Train/Low/low00162.png,1,5.857954444120078,0.1083738243313985,-2.597610605572462,-3.688236353463121,-0.24912217937468276,True,False
93,Train/Low/low00162.png,2,5.973105953240797,0.12201616289956337,-2.482459096451743,-3.573084844342402,-0.2354798408065179,True,False
93,Train/Low/low00162.png,3,6.099840796608744,0.1368276181439328,-2.355724253083796,-3.446350000974455,-0.22066838556214846,True,False
93,Train/Low/low00162.png,4,6.238971546419467,0.15277273378048054,-2.2165935032730726,-3.3072192511637315,-0.20472326992560072,True,False
93,Train/Low/low00162.png,5,6.391312610742839,0.16977856074202632,-2.0642524389497012,-3.15487818684036,-0.18771744296405493,True,False
93,Train/Low/low00162.png,6,6.557667868318434,0.18773064546575172,-1.8978971813741055,-2.9885229292647644,-0.16976535824032954,True,False
93,Train/Low/low00162.png,7,6.73881513153712,0.2064711406355805,-1.7167499181554202,-2.807375666046079,-0.15102486307050075,True,False
93,Train/Low/low00162.png,8,6.935484634957487,0.2257993319461087,-1.5200804147350526,-2.6107061626257115,-0.13169667175997254,True,False
93,Train/Low/low00162.png,9,7.148334965607599,0.2454757968437701,-1.3072300840849405,-2.3978558319755994,-0.11202020686231115,True,False
93,Train/Low/low00162.png,10,7.377921639233142,0.2652297750132868,-1.0776434104593982,-2.168269158350057,-0.09226622869279444,True,False
93,Train/Low/low00162.png,11,7.624662468724576,0.28477057113521625,-0.8309025809679635,-1.9215283288586225,-0.072725432570865,True,False
93,Train/Low/low00162.png,12,7.888801088125272,0.3038031728480666,-0.5667639615672675,-1.6573897094579264,-0.05369283085801463,True,False
93,Train/Low/low00162.png,13,8.170359796685547,0.32204225055197677,-0.2852052530069926,-1.3758310008976515,-0.035453753154104484,True,False
93,Train/Low/low00162.png,14,8.46909554725037,0.3392249470165226,0.013530497557830756,-1.0770952503328282,-0.01827105668955864,True,False
93,Train/Low/low00162.png,15,8.784433158137707,0.35512382218310035,0.32886810844516745,-0.7617576394454915,-0.0023721815229809096,True,False
93,Train/Low/low00162.png,16,9.115413735637034,0.369567312366618,0.6598486859444943,-0.4307770619461646,0.01207130866053674,True,False
93,Train/Low/low00162.png,17,9.46064472732015,0.3824338897056222,1.0050796776276094,-0.0855460702630495,0.024937885999540943,True,False
93,Train/Low/low00162.png,18,9.818252594786397,0.3936592324668821,1.3626875450938574,0.27206179720319845,0.03616322876080086,True,False
93,Train/Low/low00162.png,19,10.185858363088496,0.4032441087530719,1.730293313395956,0.639667565505297,0.04574810504699062,True,False
93,Train/Low/low00162.png,20,10.560573484171218,0.41124388578779425,2.1050084344786786,1.0143826865880197,0.053747882081712994,True,False
93,Train/Low/low00162.png,21,10.939024634500417,0.4177464682420909,2.4834595848078767,1.3928338369172177,0.06025046453600963,True,False
93,Train/Low/low00162.png,22,11.31742058377128,0.4228782662594374,2.8618555340787406,1.7712297861880817,0.06538226255335616,True,False
93,Train/Low/low00162.png,23,11.691655585732718,0.4267921799132218,3.2360905360401784,2.1454647881495195,0.06929617620714057,True,False
93,Train/Low/low00162.png,24,12.057476705086732,0.4296479308556628,3.6019116553941917,2.5112859075035328,0.07215192714958152,True,False
93,Train/Low/low00162.png,25,12.410666219609256,0.4316069923291067,3.9551011699167162,2.8644754220260573,0.07411098862302545,True,False
93,Train/Low/low00162.png,26,12.747256460079193,0.43282856420019156,4.291691410386653,3.201065662495994,0.0753325604941103,True,False
93,Train/Low/low00162.png,27,13.063710240606632,0.4334722347488388,4.608145190914092,3.517519443023433,0.07597623104275752,True,True
94,Train/Low/low00576.png,0,9.473656147020215,0.2081146312152192,-7.276369189057611,-7.589590078568811,-0.5955509840240887,False,False
94,Train/Low/low00576.png,1,9.641228447077863,0.23566659420936162,-7.108796888999963,-7.422017778511163,-0.5679990210299463,False,False
94,Train/Low/low00576.png,2,9.828651155542588,0.26581431879668505,-6.9213741805352385,-7.2345950700464385,-0.5378512964426229,False,False
94,Train/Low/low00576.png,3,10.038004512463381,0.29855308440116785,-6.712020823614445,-7.025241713125645,-0.5051125308381401,False,False
94,Train/Low/low00576.png,4,10.271582247330013,0.3338064280312011,-6.478443088747813,-6.791663978259013,-0.4698591872081068,False,False
94,Train/Low/low00576.png,5,10.531919502874631,0.3714110088854001,-6.218105833203195,-6.531326722714395,-0.43225460635390783,False,False
94,Train/Low/low00576.png,6,10.821832119323789,0.41110950627643816,-5.928193216754037,-6.241414106265237,-0.39255610896286974,False,False
94,Train/Low/low00576.png,7,11.144456173295367,0.4525389410668483,-5.605569162782459,-5.918790052293659,-0.35112667417245963,True,False
94,Train/Low/low00576.png,8,11.5032964051323,0.4952266864755801,-5.246728930945526,-5.559949820456726,-0.3084389287637278,True,False
94,Train/Low/low00576.png,9,11.902280505760285,0.5385989879998339,-4.847744830317541,-5.1609657198287415,-0.26506662723947405,True,False
94,Train/Low/low00576.png,10,12.345835435107453,0.5819951281355686,-4.404189900970373,-4.717410790481573,-0.22167048710373927,True,False
94,Train/Low/low00576.png,11,12.838983149718182,0.6246930579030888,-3.9110421863596443,-4.224263075870844,-0.17897255733621908,True,False
94,Train/Low/low00576.png,12,13.387449930154723,0.6659426640920976,-3.362575405923103,-3.675796295434303,-0.13772295114721034,True,False
94,Train/Low/low00576.png,13,13.997795084534157,0.7050059516441384,-2.7522302515436685,-3.0654511410548686,-0.09865966359516953,True,False
94,Train/Low/low00576.png,14,14.677562620396692,0.7412006101701033,-2.0724627156811337,-2.385683605192334,-0.062465005069204604,True,False
94,Train/Low/low00576.png,15,15.435410650271598,0.7739415541889924,-1.3146146858062284,-1.6278355753174285,-0.029724061050315553,True,False
94,Train/Low/low00576.png,16,16.28115365229212,0.8027754741008997,-0.4688716837857072,-0.7820925732969073,-0.0008901411384082403,True,False
94,Train/Low/low00576.png,17,17.225586780935515,0.8274117763263892,0.47556144485768925,0.16234055534648917,0.023746161087081274,True,False
94,Train/Low/low00576.png,18,18.2800126181983,0.8477495801374478,1.529987282120473,1.2167663926092729,0.04408396489813993,True,False
94,Train/Low/low00576.png,19,19.455241892582634,0.8638453124432375,2.7052165565048085,2.3919956669936084,0.06017969720392957,True,False
94,Train/Low/low00576.png,20,20.75750929239403,0.8758690366271369,4.007483956316204,3.6942630668050036,0.07220342138782898,True,False
94,Train/Low/low00576.png,21,22.173306549915395,0.8840334392678846,5.423281213837569,5.110060324326369,0.08036782402857667,True,False
94,Train/Low/low00576.png,22,23.636693215448283,0.8887151020620293,6.8866678793704565,6.5734469898592565,0.0850494868227214,True,False
94,Train/Low/low00576.png,23,24.967229270660177,0.8903328231006247,8.21720393458235,7.903983045071151,0.08666720786131676,True,False
94,Train/Low/low00576.png,24,25.82409192929177,0.8893007008638716,9.074066593213946,8.760845703702746,0.08563508562456368,True,False
94,Train/Low/low00576.png,25,25.871045323276512,0.8860497708380104,9.121019987198686,8.807799097687486,0.08238415559870249,True,True
94,Train/Low/low00576.png,26,25.138278116906466,0.8810132900171941,8.38825278082864,8.07503189131744,0.07734767477788618,True,False
94,Train/Low/low00576.png,27,23.988342042843513,0.8746202557828516,7.238316706765687,6.925095817254487,0.07095464054354372,True,False
95,Train/Low/low00077.png,0,4.92949891202546,0.0934972245425121,-2.5830286500295045,-3.170234963792984,-0.21957791773531804,True,False
95,Train/Low/low00077.png,1,5.027713107440887,0.10632691073392608,-2.484814454614078,-3.0720207683775573,-0.20674823154390404,True,False
95,Train/Low/low00077.png,2,5.1364578928907845,0.12046030773182685,-2.3760696691641803,-2.9632759829276596,-0.19261483454600326,True,False
95,Train/Low/low00077.png,3,5.256578413104109,0.13592018938122824,-2.2559491489508554,-2.8431554627143347,-0.17715495289660188,True,False
95,Train/Low/low00077.png,4,5.388936099904229,0.15269965468858387,-2.1235914621507357,-2.710797775914215,-0.16037548758924625,True,False
95,Train/Low/low00077.png,5,5.534413324705491,0.17075836658247207,-1.978114237349474,-2.5653205511129533,-0.14231677569535806,True,False
95,Train/Low/low00077.png,6,5.693906731680159,0.19001827526296602,-1.8186208303748055,-2.405827144138285,-0.1230568670148641,True,False
95,Train/Low/low00077.png,7,5.868316856613304,0.21036051627079938,-1.6442107054416608,-2.23141701920514,-0.10271462600703074,True,False
95,Train/Low/low00077.png,8,6.058537115366347,0.23162450726531358,-1.4539904466886178,-2.041196760452097,-0.08145063501251654,True,False
95,Train/Low/low00077.png,9,6.265439517370337,0.25360838768615,-1.2470880446846273,-1.8342943584481066,-0.059466754591680104,True,False
95,Train/Low/low00077.png,10,6.489855929944581,0.27607290633286524,-1.0226716321103835,-1.6098779458738628,-0.03700223594496488,True,False
95,Train/Low/low00077.png,11,6.732560035572068,0.29874850332156005,-0.7799675264828965,-1.3671738402463758,-0.014326638956270066,True,False
95,Train/Low/low00077.png,12,6.994243838476658,0.3213438155177505,-0.5182837235783069,-1.1054900373417862,0.008268673239920366,True,False
95,Train/Low/low00077.png,13,7.275490581925922,0.343556671314684,-0.23703698012904262,-0.8242432938925219,0.03048152903685386,True,False
95,Train/Low/low00077.png,14,7.576750203517825,0.3650873127504047,0.06422264146286061,-0.5229836723006187,0.05201217047257456,True,False
95,Train/Low/low00077.png,15,7.898300176173231,0.38565149690079215,0.3857726141182667,-0.20143369964521263,0.07257635462296202,True,False
95,Train/Low/low00077.png,16,8.240217419586566,0.4049931492858867,0.7276898575316011,0.14048354376812178,0.09191800700805658,True,False
95,Train/Low/low00077.png,17,8.602340996809621,0.4228960950137272,1.0898134347546566,0.5026071209911773,0.10982095273589709,True,False
95,Train/Low/low00077.png,18,8.984234842735003,0.43919444386674317,1.4717072806800378,0.8845009669165584,0.12611930158891305,True,False
95,Train/Low/low00077.png,19,9.385150898819901,0.45377273503986837,1.8726233367649368,1.2854170230014574,0.14069759276203825,True,False
95,Train/Low/low00077.png,20,9.803989854184124,0.46657408200538314,2.291462292129159,1.7042559783656799,0.15349893972755302,True,False
95,Train/Low/low00077.png,21,10.239274596635074,0.4775958600678962,2.726747034580109,2.1395407208166297,0.1645207177900661,True,False
95,Train/Low/low00077.png,22,10.689121932433348,0.48688613940121633,3.1765943703783837,2.5893880566149043,0.1738109971233862,True,False
95,Train/Low/low00077.png,23,11.151218663089415,0.49453770369127614,3.63869110103445,3.0514847872709705,0.18146256141344602,True,False
95,Train/Low/low00077.png,24,11.622823258421917,0.5006743521920278,4.110295696366952,3.523089382603473,0.1875992099141977,True,False
95,Train/Low/low00077.png,25,12.100782582097999,0.5054486893994505,4.588255020043034,4.001048706279555,0.19237354712162041,True,False
95,Train/Low/low00077.png,26,12.581582914128244,0.5091011859394242,5.0690553520732795,4.4818490383098,0.1960260436615941,True,False
95,Train/Low/low00077.png,27,13.061595155839616,0.5122295542041839,5.549067593784651,4.961861280021171,0.1991544119263538,True,True
96,Train/Low/low00604.png,0,6.580319603133354,0.1860910086745657,-5.034826770771634,-9.434459688251838,-0.3372980845401403,True,False
96,Train/Low/low00604.png,1,6.723664297554073,0.20797242669607893,-4.891482076350915,-9.291114993831119,-0.3154166665186271,True,False
96,Train/Low/low00604.png,2,6.883110359750962,0.23133501805590995,-4.732036014154026,-9.13166893163423,-0.2920540751587961,True,False
96,Train/Low/low00604.png,3,7.060136336957167,0.25603245573431266,-4.555010036947821,-8.954642954428024,-0.2673566374803934,True,False
96,Train/Low/low00604.png,4,7.256324675787421,0.28185542814777004,-4.358821698117567,-8.75845461559777,-0.24153366506693602,True,False
96,Train/Low/low00604.png,5,7.473367495085263,0.3085289259992275,-4.141778878819725,-8.54141179629993,-0.21486016721547857,True,False
96,Train/Low/low00604.png,6,7.713073358274,0.33571332144245447,-3.9020730156309877,-8.301705933111192,-0.1876757717722516,True,False
96,Train/Low/low00604.png,7,7.977369061297267,0.363009780667438,-3.637777312607721,-8.037410230087925,-0.16037931254726806,True,False
96,Train/Low/low00604.png,8,8.268304163224515,0.3899715887029209,-3.3468422106804727,-7.746475128160677,-0.13341750451178513,True,False
96,Train/Low/low00604.png,9,8.588053443431779,0.4161209356516906,-3.0270929304732093,-7.4267258479534135,-0.10726815756301544,True,False
96,Train/Low/low00604.png,10,8.938917194671065,0.440970632693851,-2.676229179233923,-7.075862096714127,-0.08241846052085505,True,False
96,Train/Low/low00604.png,11,9.323323280381011,0.4640498381978346,-2.291823093523977,-6.691456011004181,-0.059339255016871484,True,False
96,Train/Low/low00604.png,12,9.743822033466172,0.4849308440957247,-1.8713243404388162,-6.2709572579190205,-0.03845824911898138,True,False
96,Train/Low/low00604.png,13,10.20308085361494,0.5032556765025138,-1.4120655202900476,-5.811698437770252,-0.020133416712192265,True,False
96,Train/Low/low00604.png,14,10.703868120100605,0.5187567501244995,-0.9112782538043831,-5.310911171284587,-0.004632343090206548,True,False
96,Train/Low/low00604.png,15,11.24902923684861,0.5312719686649489,-0.36611713705637783,-4.765750054536582,0.007882875450242799,True,False
96,Train/Low/low00604.png,16,11.84142774019035,0.5407520840125977,0.22628136628536133,-4.173351551194843,0.01736299079789161,True,False
96,Train/Low/low00604.png,17,12.483875886999945,0.5472592807272724,0.8687295130949568,-3.5309034043852474,0.02387018751256631,True,False
96,Train/Low/low00604.png,18,13.178971763808212,0.5509552465491401,1.563825389903224,-2.8358075275769803,0.027566153334434018,True,False
96,Train/Low/low00604.png,19,13.928852532676647,0.552084624588443,2.3137061587716587,-2.0859267587085455,0.028695531373736927,True,False
96,Train/Low/low00604.png,20,14.734760911757352,0.5509533618010999,3.119614537852364,-1.2800183796278404,0.027564268586393825,True,False
96,Train/Low/low00604.png,21,15.596315515540153,0.5479051182898049,3.9811691416351653,-0.4184637758450389,0.02451602507509887,True,False
96,Train/Low/low00604.png,22,16.51029076769541,0.5432987670608975,4.895144393790421,0.49551147631021664,0.019909673846191467,True,False
96,Train/Low/low00604.png,23,17.468632079167325,0.5374884747203688,5.853485705262337,1.4538527877821323,0.0140993815056627,True,False
96,Train/Low/low00604.png,24,18.4554379191447,0.5308079963893167,6.840291545239712,2.4406586277595075,0.0074189031746106915,True,False
96,Train/Low/low00604.png,25,19.44280936951737,0.5235594112538968,7.827662995612382,3.4280300781321777,0.00017031803919076438,True,False
96,Train/Low/low00604.png,26,20.38646451367224,0.5160059766784477,8.771318139767253,4.371685222287049,-0.007383116536258338,True,False
96,Train/Low/low00604.png,27,21.224258738161502,0.5083690949842615,9.609112364256514,5.20947944677631,-0.015019998230444531,True,True
97,Train/Low/low00240.png,0,4.3878210344544275,0.057040084013552296,-1.3844867478142957,-1.2780094653950478,-0.11712344778557782,True,False
97,Train/Low/low00240.png,1,4.44644700437499,0.06492542031553841,-1.325860777893733,-1.219383495474485,-0.1092381114835917,True,False
97,Train/Low/low00240.png,2,4.511807571277852,0.07360267220194876,-1.2605002109908714,-1.1540229285716235,-0.10056085959718135,True,False
97,Train/Low/low00240.png,3,4.584454361068585,0.08308161779987228,-1.1878534212001384,-1.0813761387808905,-0.09108191399925783,True,False
97,Train/Low/low00240.png,4,4.664949723336412,0.09335484580326023,-1.107358058932311,-1.0008807765130632,-0.08080868599586988,True,False
97,Train/Low/low00240.png,5,4.7538632757789125,0.10439547267860128,-1.0184445064898107,-0.9119672240705627,-0.06976805912052883,True,False
97,Train/Low/low00240.png,6,4.851765740283102,0.11615530704534922,-0.9205420419856214,-0.8140647595663735,-0.05800822475378088,True,False
97,Train/Low/low00240.png,7,4.959220014081227,0.12856374184796474,-0.8130877681874962,-0.7066104857682483,-0.04559978995116537,True,False
97,Train/Low/low00240.png,8,5.07677244298196,0.14152800934407367,-0.6955353392867636,-0.5890580568675157,-0.03263552245505644,True,False
97,Train/Low/low00240.png,9,5.204939967344631,0.15493465088869118,-0.5673678149240926,-0.4608905325048447,-0.019228880910438922,True,False
97,Train/Low/low00240.png,10,5.34419893584086,0.16865175619052808,-0.42810884642786284,-0.3216315640086149,-0.005511775608602026,True,False
97,Train/Low/low00240.png,11,5.494968928957614,0.1825328210023702,-0.2773388533111092,-0.17086157089186127,0.008369289203240093,True,False
97,Train/Low/low00240.png,12,5.65759930502937,0.19642221236662835,-0.11470847723935318,-0.008231194820105259,0.022258680567498246,True,False
97,Train/Low/low00240.png,13,5.832351129144402,0.21016042873136123,0.060043346875678694,0.16652062929492661,0.035996896932231126,True,False
97,Train/Low/low00240.png,14,6.019382196483013,0.2235902352339477,0.24707441421429,0.3535516966335379,0.04942670343481759,True,False
97,Train/Low/low00240.png,15,6.218729302213108,0.23656244126681195,0.4464215199443844,0.5528988023636323,0.06239890946768184,True,False
97,Train/Low/low00240.png,16,6.430291126416911,0.24894125321110247,0.6579833441481879,0.7644606265674359,0.07477772141197236,True,False
97,Train/Low/low00240.png,17,6.653816353729491,0.2606089416886823,0.8815085714607678,0.9879858538800157,0.08644540988955221,True,False
97,Train/Low/low00240.png,18,6.888890094166219,0.2714693091310497,1.1165823118974956,1.2230595943167435,0.09730577733191961,True,False
97,Train/Low/low00240.png,19,7.134924770117803,0.2814498307040687,1.36261698784908,1.4690942702683278,0.1072862989049386,True,False
97,Train/Low/low00240.png,20,7.391153315260631,0.29050255657905216,1.6188455329919078,1.7253228154111557,0.11633902477992206,True,False
97,Train/Low/low00240.png,21,7.656634427636697,0.29860405807962126,1.884326645367974,1.9908039277872218,0.12444052628049115,True,False
97,Train/Low/low00240.png,22,7.930256405267832,0.30575393983234045,2.1579486229991085,2.2644259054183564,0.13159040803321034,True,False
97,Train/Low/low00240.png,23,8.21074442507979,0.3119724237334349,2.438436642811067,2.544913925230315,0.13780889193430482,True,False
97,Train/Low/low00240.png,24,8.496690021480456,0.31729777019895755,2.7243822392117325,2.8308595216309804,0.14313423839982745,True,False
97,Train/Low/low00240.png,25,8.786569237074456,0.32178255051201193,3.014261454805733,3.120738737224981,0.14761901871288183,True,False
97,Train/Low/low00240.png,26,9.078774659131325,0.3254901448826166,3.3064668768626015,3.4129441592818495,0.15132661308348652,True,False
97,Train/Low/low00240.png,27,9.3716522092483,0.32849128811099415,3.5993444269795765,3.7058217093988244,0.15432775631186404,True,True
98,Train/Low/low00117.png,0,4.782417800636931,0.05762556454028227,-1.8453450321291038,-2.661165160870481,-0.1843269736693528,True,False
98,Train/Low/low00117.png,1,4.838417365711125,0.06573484406488031,-1.7893454670549094,-2.6051655957962865,-0.17621769414475474,True,False
98,Train/Low/low00117.png,2,4.90101324727577,0.07464913123374041,-1.7267495854902641,-2.5425697142316412,-0.16730340697589463,True,False
98,Train/Low/low00117.png,3,4.970762871719278,0.08436579176671279,-1.6569999610467567,-2.472820089788134,-0.15758674644292225,True,False
98,Train/Low/low00117.png,4,5.0482379427109425,0.09486035210293539,-1.579524890055092,-2.395345018796469,-0.14709218610669966,True,False
98,Train/Low/low00117.png,5,5.134020312746303,0.10608365794544651,-1.4937425200197314,-2.3095626487611085,-0.13586888026418853,True,False
98,Train/Low/low00117.png,6,5.228696394731531,0.117959988341941,-1.3990664380345033,-2.2148865667758804,-0.12399254986769405,True,False
98,Train/Low/low00117.png,7,5.332848189890422,0.13038623911144234,-1.2949146428756126,-2.1107347716169897,-0.11156629909819271,True,False
98,Train/Low/low00117.png,8,5.447044597821332,0.14323322423745938,-1.1807182349447025,-1.9965383636860796,-0.09871931397217568,True,False
98,Train/Low/low00117.png,9,5.571829890235824,0.15634858030782992,-1.0559329425302106,-1.8717530712715877,-0.08560395790180514,True,False
98,Train/Low/low00117.png,10,5.707710906848138,0.1695622629575695,-0.9200519259178961,-1.7358720546592732,-0.07239027525206557,True,False
98,Train/Low/low00117.png,11,5.855143279214447,0.18269287360046155,-0.7726195535515874,-1.5884396822929645,-0.05925966460917351,True,False
98,Train/Low/low00117.png,12,6.014517115406971,0.19555478007193117,-0.6132457173590637,-1.4290658461004409,-0.04639775813770389,True,False
98,Train/Low/low00117.png,13,6.18613792605382,0.20796808250349377,-0.44162490671221466,-1.2574450354535918,-0.03398445570614128,True,False
98,Train/Low/low00117.png,14,6.370214343933584,0.21976669657106435,-0.25754848883245085,-1.073368617573828,-0.022185841638570708,True,False
98,Train/Low/low00117.png,15,6.566836862345477,0.23080532039571586,-0.06092597042055736,-0.8767460991619345,-0.011147217813919197,True,False
98,Train/Low/low00117.png,16,6.775963537306958,0.24096522288571987,0.1482007045409235,-0.6676194242004536,-0.0009873153239151888,True,False
98,Train/Low/low00117.png,17,6.99740489690031,0.2501578697291294,0.36964206413427547,-0.44617806460710163,0.008205331519494347,True,False
98,Train/Low/low00117.png,18,7.230812224526316,0.2583263964097477,0.6030493917602815,-0.2127707369810956,0.01637385820011264,True,False
98,Train/Low/low00117.png,19,7.475664794587122,0.26544493544026676,0.8479019618210879,0.0320818330797108,0.023492397230631706,True,False
98,Train/Low/low00117.png,20,7.731264830082473,0.2715165252772587,1.1035019973164388,0.2876818685750617,0.02956398706762367,True,False
98,Train/Low/low00117.png,21,7.996737316868225,0.2765696439956585,1.368974484102191,0.5531543553608138,0.03461710578602342,True,False
98,Train/Low/low00117.png,22,8.271034238407468,0.28065411158090403,1.6432714056414337,0.8274512769000566,0.03870157337126898,True,False
98,Train/Low/low00117.png,23,8.552942359282369,0.2838364222101574,1.9251795265163345,1.1093593977749574,0.04188388400052237,True,False
98,Train/Low/low00117.png,24,8.841103127200412,0.28619513914239314,2.213340294434378,1.3975201656930007,0.044242600932758086,True,False
98,Train/Low/low00117.png,25,9.134035392178141,0.28781656789134685,2.506272559412107,1.6904524306707298,0.0458640296817118,True,False
98,Train/Low/low00117.png,26,9.430159991636456,0.288790605899548,2.8023971588704217,1.9865770301290446,0.04683806768991297,True,False
98,Train/Low/low00117.png,27,9.727836825309925,0.2892073471724896,3.1000739925438907,2.2842538638025136,0.04725480896285453,True,True
99,Train/Low/low00147.png,0,5.297878877393531,0.1025193844663876,-3.5440052685731533,-5.993862442804614,-0.3427301249474076,True,False
99,Train/Low/low00147.png,1,5.415258732379886,0.11532508906951029,-3.426625413586798,-5.876482587818259,-0.32992442034428493,True,False
99,Train/Low/low00147.png,2,5.5448948406161715,0.12940811876387623,-3.296989305350513,-5.746846479581974,-0.315841390649919,True,False
99,Train/Low/low00147.png,3,5.687755585410843,0.1448039587126068,-3.154128560555842,-5.603985734787303,-0.3004455507011884,True,False
99,Train/Low/low00147.png,4,5.84483250157089,0.16152112122837645,-2.9970516443957944,-5.446908818627255,-0.2837283881854188,True,False
99,Train/Low/low00147.png,5,6.017143033718765,0.17953405855576934,-2.82474111224792,-5.274598286479381,-0.26571545085802584,True,False
99,Train/Low/low00147.png,6,6.2057240105046265,0.1987753540625287,-2.636160135462058,-5.086017309693519,-0.24647415535126652,True,False
99,Train/Low/low00147.png,7,6.411620117863377,0.21912921534424523,-2.4302640281033074,-4.880121202334768,-0.22612029406954998,True,False
99,Train/Low/low00147.png,8,6.635870248427818,0.24042784368958123,-2.206013897538867,-4.655871071770328,-0.20482166572421398,True,False
99,Train/Low/low00147.png,9,6.879491050511182,0.2624518040005235,-1.9623930954555027,-4.412250269686964,-0.18279770541327173,True,False
99,Train/Low/low00147.png,10,7.143453597172798,0.2849344922912377,-1.698430548793886,-4.148287723025347,-0.16031501712255752,True,False
99,Train/Low/low00147.png,11,7.428660936568664,0.30757208442148704,-1.4132232093980202,-3.863080383629481,-0.13767742499230817,True,False
99,Train/Low/low00147.png,12,7.735918313122239,0.33003560389108477,-1.1059658328444453,-3.5558230070759063,-0.11521390552271044,True,False
99,Train/Low/low00147.png,13,8.065893423382143,0.35198582076516066,-0.7759907225845417,-3.2258478968160027,-0.09326368864863455,True,False
99,Train/Low/low00147.png,14,8.419081171575618,0.37309286284403836,-0.4228029743910664,-2.8726601486225274,-0.07215664656975684,True,False
99,Train/Low/low00147.png,15,8.79575205130754,0.3930524918263606,-0.046132094659144585,-2.4959892688906056,-0.05219701758743461,True,False
99,Train/Low/low00147.png,16,9.195899235840235,0.41160178200244374,0.3540150898735508,-2.09584208435791,-0.03364772741135147,True,False
99,Train/Low/low00147.png,17,9.619180138361612,0.4285315869914205,0.7772959923949276,-1.6725611818365334,-0.016717922422374687,True,False
99,Train/Low/low00147.png,18,10.064853691727084,0.4436946327666819,1.2229695457603995,-1.2268876284710615,-0.0015548766471132902,True,False
99,Train/Low/low00147.png,19,10.53170425244071,0.45700891811920713,1.6898201064740253,-0.7600370677574357,0.011759408705411922,True,False
99,Train/Low/low00147.png,20,11.01797494796655,0.468456628676395,2.176090801999866,-0.27376637223159506,0.023207119262599774,True,False
99,Train/Low/low00147.png,21,11.521298052672815,0.4780788919731217,2.679413906706131,0.2295567324746699,0.03282938255932649,True,False
99,Train/Low/low00147.png,22,12.038631051002628,0.48596672852014244,3.196746905035944,0.7468897308044831,0.040717219106347236,True,False
99,Train/Low/low00147.png,23,12.566213321872812,0.49224901460156745,3.724329175906128,1.274472001674667,0.04699950518777224,True,False
99,Train/Low/low00147.png,24,13.09953379749971,0.4970825424216815,4.2576496515330255,1.8077924773015646,0.051833033007886276,True,False
99,Train/Low/low00147.png,25,13.633343503234258,0.5006407213749894,4.791459357267573,2.3416021830361125,0.055391211961194176,True,False
99,Train/Low/low00147.png,26,14.161717552292789,0.5031022535954383,5.319833406326104,2.8699762320946434,0.057852744181643045,True,False
99,Train/Low/low00147.png,27,14.678172482404845,0.5046449261030422,5.836288336438161,3.3864311622066996,0.05939541668924703,True,True
