tau,mean_delta_psnr,median_delta_psnr,regressions_t026,worst_delta_t026,mean_delta_ssim,eligible
0.0032124968211802627,-3.55928765129267,-3.2134990383363147,81,-11.630579820933118,-0.19751720614107737,False
0.003212496821180263,-3.5565766497226785,-3.2134990383363147,81,-11.630579820933118,-0.19715194993057522,False
0.0032237769372844044,-3.553544428928318,-3.2134990383363147,81,-11.630579820933118,-0.19677061739303045,False
0.0032384552182936873,-3.550152515635182,-3.2134990383363147,81,-11.630579820933118,-0.1963776673424651,False
0.0032569624228990074,-3.5463566601422842,-3.2134990383363147,81,-11.630579820933118,-0.1959786842365537,False
0.003279720279594532,-3.5421054842611785,-3.2134990383363147,81,-11.630579820933118,-0.19558028808389893,False
0.003307203422258334,-3.537338657648846,-3.2134990383363147,81,-11.630579820933118,-0.19518993240291066,False
0.0033399070526909493,-3.531984539065691,-3.2134990383363147,81,-11.630579820933118,-0.19481559494580758,False
0.003378362080466327,-3.5259567946230983,-3.2134990383363147,81,-11.630579820933118,-0.19446535335426088,False
0.0034231323530307563,-3.5191496390427663,-3.2134990383363147,81,-11.630579820933118,-0.19414688724393528,False
0.003474802202214949,-3.5114309732074425,-3.2134990383363147,81,-11.630579820933118,-0.19386695270538776,False
0.003533949175130234,-3.502631838217779,-3.2134990383363147,81,-11.630579820933118,-0.19363088474187454,False
0.003601173441520783,-3.4925303051319956,-3.021384755498348,81,-11.630579820933118,-0.19344220681583468,False
0.003677112640463102,-3.4808253352960907,-3.021384755498348,81,-11.630579820933118,-0.1933023949563235,False
0.0037621082831962712,-3.467092827730535,-3.021384755498348,81,-11.630579820933118,-0.19321082653404062,False
0.0038564812583363555,-3.450709371044671,-3.021384755498348,81,-11.630579820933118,-0.19316492560623072,False
0.003960400366235941,-3.430716478709997,-3.021384755498348,80,-11.630579820933118,-0.19316046897280084,False
0.004073694297747532,-3.405603537449414,-3.021384755498348,80,-11.630579820933118,-0.19319200547689366,False
0.004195932275138158,-3.3732861849962177,-3.021384755498348,80,-11.630579820933118,-0.19325332587328298,False
0.004326431986130535,-3.3353297667938966,-3.021384755498348,80,-11.630579820933118,-0.1933379222629813,False
0.004464086142628166,-3.323506776485359,-3.021384755498348,80,-11.630579820933118,-0.1934393861313667,False
0.004607330225095627,-3.3544270456158927,-3.021384755498348,80,-11.630579820933118,-0.19355172398013498,False
0.004754385471250941,-3.38603827527089,-3.021384755498348,80,-11.630579820933118,-0.19366956662629678,False
0.0049030399876836455,-3.4099309831011535,-3.021384755498348,80,-11.630579820933118,-0.19378830337971142,False
0.004948716020279646,-3.4062791253666713,-3.021384755498348,80,-11.630579820933118,-0.1932724988964384,False
0.004948957051476787,-3.4062791253666713,-3.021384755498348,80,-11.630579820933118,-0.1932724988964384,False
0.004951327170311416,-3.4041344989428834,-3.021384755498348,80,-11.630579820933118,-0.19299234194800838,False
0.00495719059029032,-3.401748708318969,-3.021384755498348,80,-11.630579820933118,-0.19270104501600138,False
0.004966682128548121,-3.399097553476695,-3.021384755498348,80,-11.630579820933118,-0.19240245754625387,False
0.004980181090268132,-3.396154355570088,-3.021384755498348,80,-11.630579820933118,-0.1921012645377793,False
0.004998086161348278,-3.3928896159991844,-3.021384755498348,80,-11.630579820933118,-0.19180288551815913,False
0.005020795052979991,-3.389270596775792,-3.021384755498348,80,-11.630579820933118,-0.19151328782647487,False
0.005048709065816172,-3.3852608259675527,-3.021384755498348,80,-11.630579820933118,-0.1912387259994674,False
0.005050869774244298,-3.403308353670383,-3.021384755498348,80,-11.630579820933118,-0.19135456125100242,False
0.005082216193377529,-3.3988670043228013,-3.021384755498348,80,-11.630579820933118,-0.19110123648056127,False
0.005121691560271293,-3.3939481068012043,-3.021384755498348,80,-11.630579820933118,-0.19087491819964714,False
0.005167505404327422,-3.388499567312979,-3.021384755498348,80,-11.630579820933118,-0.19068055184502633,False
0.005195475906292737,-3.402475597624626,-3.021384755498348,80,-11.630579820933118,-0.1907905103766672,False
0.005219974340019154,-3.3964381398637125,-3.021384755498348,80,-11.630579820933118,-0.19063186916397204,False
0.0052793396683193045,-3.3897438298919296,-3.021384755498348,79,-11.630579820933118,-0.1905112788592891,False
0.005334451294075839,-3.4007903119610945,-3.021384755498348,80,-11.630579820933118,-0.19061316422480976,False
0.005345808847287925,-3.3933612117227203,-3.021384755498348,80,-11.630579820933118,-0.1905313593173632,False
0.0054195822240770365,-3.3851081017854936,-2.973315827575521,80,-11.630579820933118,-0.1904874783693212,False
0.005465528193901576,-3.3939606804024414,-2.973315827575521,80,-11.630579820933118,-0.19057980217876225,False
0.005500726157274814,-3.3847828368165693,-2.973315827575521,80,-11.630579820933118,-0.19057151895078087,False
0.005589180372025809,-3.3745715479351874,-2.973315827575521,80,-11.630579820933118,-0.19059531893195594,False
0.005636251269469013,-3.371663741469474,-2.973315827575521,80,-11.630579820933118,-0.19022504193471207,False
0.005651657102073233,-3.3683950202524335,-2.973315827575521,80,-11.630579820933118,-0.1898393732876119,False
0.005671833913037855,-3.364718538294052,-2.973315827575521,80,-11.630579820933118,-0.1894441290666418,False
0.005684745046835682,-3.353369273141539,-2.973315827575521,80,-11.630579820933118,-0.18949563148874088,False
0.005697357762169031,-3.349230371106921,-2.898467081767158,80,-11.630579820933118,-0.18909810206463526,False
0.0057288192930067,-3.3445645181868757,-2.687974091845991,80,-11.630579820933118,-0.18870686771709105,False
0.005766828855494541,-3.3392945718988667,-2.687974091845991,80,-11.630579820933118,-0.18833143467469282,False
0.005787128858014503,-3.3267418204229977,-2.687974091845991,80,-11.630579820933118,-0.18840576049309965,False
0.005794234543066023,-3.3243534539212414,-2.687974091845991,80,-11.630579820933118,-0.18808666551390568,False
0.0058120029124483835,-3.318386122659705,-2.687974091845991,80,-11.630579820933118,-0.18773693370236313,False
0.005819017659029707,-3.3157186190611565,-2.687974091845991,80,-11.630579820933118,-0.1873995706322067,False
0.005849105202954423,-3.312740526172468,-2.687974091845991,80,-11.630579820933118,-0.18704743749073785,False
0.0058649888684993235,-3.3059614617845905,-2.687974091845991,80,-11.630579820933118,-0.18673300987617314,False
0.005885057903650556,-3.3026372888256064,-2.687974091845991,80,-11.630579820933118,-0.18637080549594023,False
0.005895973494341351,-3.288944413285805,-2.687974091845991,80,-11.630579820933118,-0.18646293146753684,False
0.005926460768068608,-3.281211454692106,-2.687974091845991,80,-11.630579820933118,-0.18619234871601498,False
0.005927499758041337,-3.2775008164958144,-2.687974091845991,80,-11.630579820933118,-0.1858259475069172,False
0.005977055714107872,-3.2733574138849333,-2.687974091845991,80,-11.630579820933118,-0.18546227371844132,False
0.005997072148261402,-3.2644916569638345,-2.687974091845991,80,-11.630579820933118,-0.18524228691048514,False
0.0060107062788200445,-3.2500630189196915,-2.687974091845991,80,-11.630579820933118,-0.1853473473846874,False
0.00603423098895805,-3.2454333110929086,-2.687974091845991,80,-11.630579820933118,-0.18499411098432364,False
0.006077523508749738,-3.23520752414919,-2.687974091845991,80,-11.630579820933118,-0.18482909321085436,False
0.00609993517878747,-3.230029203473814,-2.687974091845991,80,-11.630579820933118,-0.1844944328372441,False
0.006130611832525675,-3.2160352021315375,-2.687974091845991,80,-11.630579820933118,-0.1846079446594564,False
0.006132049340132224,-3.2148776734816256,-2.687974091845991,80,-11.630579820933118,-0.18444368232577196,False
0.006143777027360023,-3.2135964648913786,-2.687974091845991,80,-11.630579820933118,-0.18426668688354897,False
0.006160097791838412,-3.212181558655494,-2.687974091845991,80,-11.630579820933118,-0.18407751777900314,False
0.006168427753378666,-3.200308434888643,-2.687974091845991,80,-11.630579820933118,-0.18396913017303812,False
0.006174946699821596,-3.1945081363721637,-2.687974091845991,80,-11.630579820933118,-0.183661092413624,False
0.006181558038790996,-3.1929491568265598,-2.687974091845991,80,-11.630579820933118,-0.1834607014949091,False
0.006208696575542455,-3.191235372555839,-2.687974091845991,80,-11.630579820933118,-0.18325045830040143,False
0.006242041340881495,-3.189355767093929,-2.687974091845991,80,-11.630579820933118,-0.1830321661761823,False
0.006254724018152503,-3.1782404098843555,-2.687974091845991,80,-11.630579820933118,-0.18315018216880222,False
0.006259895151068713,-3.1717309405041956,-2.687974091845991,80,-11.630579820933118,-0.1828761658791546,False
0.006270360566589625,-3.1578622504566596,-2.687974091845991,80,-11.630579820933118,-0.18282331959946588,False
0.006282124711292302,-3.1558056200668134,-2.687974091845991,80,-11.630579820933118,-0.18259920686584064,False
0.0063294959021244586,-3.153560688585892,-2.687974091845991,80,-11.630579820933118,-0.18237188989644118,False
0.006355584805148812,-3.1462372473361637,-2.5068434543426386,80,-11.630579820933118,-0.18213808450702854,False
0.006382020486302842,-3.1412531865908284,-2.5068434543426386,80,-11.630579820933118,-0.18225727106015127,False
0.00638380914487364,-3.125035135497699,-2.5068434543426386,79,-11.630579820933118,-0.18225637623919774,False
0.006384702688299694,-3.1225907004521347,-2.5068434543426386,79,-11.630579820933118,-0.1820287909714283,False
0.00644825628877379,-3.1199358172585594,-2.5068434543426386,79,-11.630579820933118,-0.18180409558150767,False
0.006455631588220235,-3.1183625986678254,-2.5068434543426386,79,-11.630579820933118,-0.18158787057648357,False
0.00646278334052932,-3.1100980113531205,-2.375787955324053,79,-11.630579820933118,-0.18139877505798296,False
0.006482572431021928,-3.108344907600538,-2.375787955324053,79,-11.630579820933118,-0.1811669264807607,False
0.006509153880413892,-3.0897093518795056,-2.375787955324053,79,-11.630579820933118,-0.18121238721757002,False
0.006511330292537802,-3.09233233983567,-2.375787955324053,79,-11.630579820933118,-0.18133003691595617,False
0.006515826749844282,-3.090382220658343,-2.375787955324053,79,-11.630579820933118,-0.18108403272686577,False
0.0065206768306414606,-3.087506424513742,-2.375787955324053,79,-11.630579820933118,-0.18086547942828507,False
0.0065561453253708876,-3.0853409731514283,-2.375787955324053,79,-11.630579820933118,-0.18060750173758122,False
0.006582086453136379,-3.075980064228109,-2.375787955324053,79,-11.630579820933118,-0.1804655912137757,False
0.006602431491417173,-3.0728735915041283,-2.2705160865732097,79,-11.630579820933118,-0.18025638000298702,False
0.00660425668782977,-3.0704732197708653,-2.2705160865732097,79,-11.630579820933118,-0.17998935903723073,False
0.006641442510755745,-3.0787163224063385,-2.2705160865732097,79,-11.630579820933118,-0.18010336596846255,False
0.006644022216739553,-3.076992554925845,-2.2705160865732097,79,-11.630579820933118,-0.179868619370903,False
0.00664671146519018,-3.0572911457491654,-2.2705160865732097,79,-11.630579820933118,-0.1799534670347144,False
0.006660921531334268,-3.0546350027501967,-2.2705160865732097,79,-11.630579820933118,-0.1796810751086626,False
0.006664168609498876,-3.052727859232542,-2.2705160865732097,79,-11.630579820933118,-0.17943022320891575,False
0.0066904204639153695,-3.0506210456515572,-2.2705160865732097,79,-11.630579820933118,-0.179164610638035,False
0.00669396677583559,-3.0472751762481285,-2.2220101073605947,79,-11.630579820933118,-0.17896773796229312,False
0.006714136341863962,-3.036629091170624,-2.2220101073605947,79,-11.630579820933118,-0.17887332758283453,False
0.006723494212591003,-3.034305263110162,-2.2220101073605947,79,-11.630579820933118,-0.17859493025247533,False
0.006726951916613371,-3.031371302208512,-2.2220101073605947,79,-11.630579820933118,-0.178321519049689,False
0.006744142102891406,-3.0300678555703713,-2.2220101073605947,79,-11.630579820933118,-0.17812579831569747,False
0.00675574327035217,-3.0286255856576827,-2.2220101073605947,79,-11.630579820933118,-0.17791494389693405,False
0.006764100520990406,-3.0260662478570906,-2.2220101073605947,79,-11.630579820933118,-0.1776263928765761,False
0.006772370220319334,-3.024473623312769,-2.2220101073605947,79,-11.630579820933118,-0.1774010319860217,False
0.006794577779355648,-3.022718619455217,-2.2220101073605947,79,-11.630579820933118,-0.1771622622246659,False
0.006795583259492666,-3.019125983116443,-2.2220101073605947,79,-11.630579820933118,-0.17698037046243928,False
0.006796567463670778,-3.004065318412584,-2.2220101073605947,79,-11.630579820933118,-0.17709690495175864,False
0.006803160053727375,-3.0008304159068215,-2.2220101073605947,79,-11.630579820933118,-0.17682736966662052,False
0.006813001315592989,-2.9980158524111062,-2.2220101073605947,79,-11.630579820933118,-0.17653194323474813,False
0.006818869628857613,-2.997245646459333,-2.2220101073605947,79,-11.630579820933118,-0.17640959088079625,False
0.006821638167364436,-2.9963883608707853,-2.2220101073605947,79,-11.630579820933118,-0.1762749843793123,False
0.006822994991997499,-2.994458426190749,-2.2220101073605947,79,-11.630579820933118,-0.17602440865501193,False
0.006827637852769507,-2.9935069241654686,-2.2220101073605947,79,-11.630579820933118,-0.17587723218836246,False
0.006837309099021474,-2.992453880674648,-2.2220101073605947,79,-11.630579820933118,-0.1757173915426059,False
0.006851071562502648,-2.9912918342852346,-2.2220101073605947,79,-11.630579820933118,-0.17554506453717578,False
0.006858213219373631,-2.9891739346280612,-2.2220101073605947,79,-11.630579820933118,-0.17528481423482806,False
0.006859299358811561,-2.977018923341977,-2.2220101073605947,78,-11.630579820933118,-0.17523613994004741,False
0.006869333955007553,-2.9757403415253485,-2.2220101073605947,78,-11.630579820933118,-0.17505182634856278,False
0.006870960495192695,-2.9726496592799485,-2.2220101073605947,78,-11.630579820933118,-0.1747534081999578,False
0.0068904075287046385,-2.969089832844186,-2.2220101073605947,78,-11.630579820933118,-0.17449298243033945,False
0.006892537881933583,-2.967687231533853,-2.2220101073605947,78,-11.630579820933118,-0.17429755242842698,False
0.006900859881599135,-2.965367920385125,-2.2220101073605947,78,-11.630579820933118,-0.17403028406125987,False
0.006907534380584508,-2.9615229101780534,-2.2220101073605947,78,-11.630579820933118,-0.17386553443182323,False
0.006916537672479045,-2.9598475918844382,-2.2220101073605947,78,-11.630579820933118,-0.17361977048190003,False
0.006921084030172963,-2.9583136354673147,-2.2220101073605947,78,-11.630579820933118,-0.17341449627103717,False
0.006922441887187053,-2.9564596917591657,-2.2220101073605947,78,-11.630579820933118,-0.173149971240158,False
0.006935913372263623,-2.9544111703199563,-2.2220101073605947,78,-11.630579820933118,-0.17286786987394087,False
0.0069387310645610606,-2.951022260549816,-2.2220101073605947,78,-11.630579820933118,-0.17257083919043528,False
0.006951593964881612,-2.9484877752144167,-2.2220101073605947,78,-11.630579820933118,-0.17229969530943648,False
0.006955392076814391,-2.9468154411810357,-2.2220101073605947,78,-11.630579820933118,-0.17208627037476432,False
0.006955839190721982,-2.944555331137027,-2.2220101073605947,78,-11.630579820933118,-0.17178847931742158,False
0.006958615708222206,-2.944037524198316,-2.2220101073605947,78,-11.630579820933118,-0.17192887957379632,False
0.006973758370048233,-2.942388726286739,-2.2220101073605947,78,-11.630579820933118,-0.17169166027927138,False
0.0069751293975742175,-2.9405499064853724,-2.2220101073605947,78,-11.630579820933118,-0.17143631323470437,False
0.006980868712838152,-2.938502204137247,-2.2220101073605947,78,-11.630579820933118,-0.1711641252136163,False
0.006983963944803151,-2.9360123121002575,-2.2220101073605947,78,-11.630579820933118,-0.17085330753355898,False
0.006989476859048027,-2.932103164457861,-2.2220101073605947,78,-11.630579820933118,-0.17060729416253737,False
0.006991547861544432,-2.929826057285378,-2.2220101073605947,78,-11.630579820933118,-0.17032030853676694,False
0.006995870198845644,-2.9280087971993045,-2.2220101073605947,78,-11.630579820933118,-0.170100838880577,False
0.0070076853443234105,-2.9254798680441696,-2.2220101073605947,78,-11.630579820933118,-0.16980191465713085,False
0.007011041785655279,-2.922716263657117,-2.2220101073605947,78,-11.630579820933118,-0.16953044816079324,False
0.007017058710303048,-2.9190058993289356,-2.2220101073605947,78,-11.630579820933118,-0.1692395317146103,False
0.007017703050279853,-2.905100814019749,-2.2220101073605947,78,-11.630579820933118,-0.16923302707838112,False
0.007020701353725236,-2.9023616858410115,-2.2220101073605947,78,-11.630579820933118,-0.16891259471586925,False
0.007029830499731134,-2.899556368703425,-2.2220101073605947,78,-11.630579820933118,-0.16860542673408957,False
0.007029979617814823,-2.895455564519511,-2.2220101073605947,77,-11.630579820933118,-0.16845940155813813,False
0.0070428952002947924,-2.893487489687425,-2.2220101073605947,77,-11.630579820933118,-0.16823636797757363,False
0.007043331797628704,-2.8908596558051944,-2.2220101073605947,77,-11.630579820933118,-0.16789570830647743,False
0.0070527730406705,-2.887068618731489,-2.2220101073605947,77,-11.630579820933118,-0.16733378109370464,False
0.007054997844640624,-2.887068618731489,-2.2220101073605947,77,-11.630579820933118,-0.16733378109370464,False
0.007055165312238616,-2.8855285150931773,-2.2220101073605947,77,-11.630579820933118,-0.16712086947731536,False
0.007058588989152663,-2.8824198729595274,-2.2220101073605947,77,-11.630579820933118,-0.16680995954998784,False
0.007061287413708226,-2.8824198729595274,-2.2220101073605947,77,-11.630579820933118,-0.16680995954998784,False
0.007062700160072793,-2.880723119938817,-2.2220101073605947,77,-11.630579820933118,-0.1665864590568474,False
0.007066596149248673,-2.877714013116356,-2.2220101073605947,77,-11.630579820933118,-0.16626054975914709,False
0.007075919554770018,-2.8758489458529355,-2.2220101073605947,77,-11.630579820933118,-0.1660285403169778,False
0.007079865489257868,-2.872842232178867,-2.2220101073605947,77,-11.630579820933118,-0.1657605938489896,False
0.007094524914931429,-2.8694006333625413,-2.2220101073605947,77,-11.630579820933118,-0.16545114442260506,False
0.007095371261718354,-2.867355276836106,-2.2220101073605947,77,-11.630579820933118,-0.16521320200770845,False
0.007095505763994723,-2.8644239277532786,-2.2220101073605947,77,-11.630579820933118,-0.16485122986308334,False
0.007096808307553907,-2.862300034363405,-2.2220101073605947,77,-11.630579820933118,-0.16462742060845773,False
0.00710125705822046,-2.8580173033283858,-2.2220101073605947,77,-11.630579820933118,-0.1644008788821789,False
0.007106851353556877,-2.8539612433733326,-2.2220101073605947,77,-11.630579820933118,-0.164120970617305,False
0.00712164045736238,-2.8517234056875522,-2.2220101073605947,77,-11.630579820933118,-0.16388011681529605,False
0.007122326193519405,-2.8484222254282296,-2.2220101073605947,77,-11.630579820933118,-0.1635534736044328,False
0.00713241744539786,-2.8626816606793244,-2.2220101073605947,77,-11.630579820933118,-0.16371028590720108,False
0.007138207829026023,-2.8588743955261635,-2.2220101073605947,77,-11.630579820933118,-0.16340801882889747,False
0.0071552739349830235,-2.856431812641875,-2.2220101073605947,77,-11.630579820933118,-0.16316763469148626,False
0.007156086741030246,-2.853161965768516,-2.2220101073605947,77,-11.630579820933118,-0.16278760793581154,False
0.00715794537244937,-2.850878378606877,-2.2220101073605947,77,-11.630579820933118,-0.162566020015838,False
0.007158675779104243,-2.8476147272066914,-2.2220101073605947,77,-11.630579820933118,-0.16230557490361394,False
0.007162924366915058,-2.8432573795303266,-2.2220101073605947,77,-11.630579820933118,-0.16217920116300785,False
0.007188532741656147,-2.839640635506147,-2.2220101073605947,77,-11.630579820933118,-0.16185699948429366,False
0.00718949862223219,-2.8238103555987477,-2.2220101073605947,77,-11.630579820933118,-0.16188770893592225,False
0.007190197364299153,-2.8196012436634925,-2.2220101073605947,77,-11.630579820933118,-0.1615986113791257,False
0.007196801221804859,-2.816941712810664,-2.2220101073605947,77,-11.630579820933118,-0.16136231015930957,False
0.007208881452490222,-2.8125148893115313,-2.2220101073605947,77,-11.630579820933118,-0.16109819645381132,False
0.007226035172110315,-2.8088668102632655,-2.2220101073605947,77,-11.630579820933118,-0.1607046545466123,False
0.007226563545991686,-2.806421018175952,-2.1800455049728327,77,-11.630579820933118,-0.16048836622882273,False
0.0072265675099394975,-2.8017416041685768,-2.1800455049728327,77,-11.630579820933118,-0.16028580504356665,False
0.007246768574063015,-2.798853196381765,-2.1800455049728327,77,-11.630579820933118,-0.1600572789842959,False
0.007248063704753828,-2.7953191678710736,-2.1800455049728327,77,-11.630579820933118,-0.15980827114617513,False
0.007250997654474151,-2.7906679468125777,-2.1800455049728327,77,-11.630579820933118,-0.15953826955325323,False
0.007265787281978893,-2.786710773915142,-2.1800455049728327,77,-11.630579820933118,-0.1592258945204473,False
0.007302855299066648,-2.7841019222223253,-2.1145352014121075,77,-11.630579820933118,-0.1590179252036034,False
0.007305656108458554,-2.780973173949812,-2.1145352014121075,77,-11.630579820933118,-0.15880076765708542,False
0.007306202301835915,-2.7763617274047654,-2.1145352014121075,77,-11.630579820933118,-0.15869436779854834,False
0.0073062764365365756,-2.7722897667055624,-2.1145352014121075,77,-11.630579820933118,-0.1582931218721434,False
0.00731717606341262,-2.791452717511394,-2.1145352014121075,77,-11.630579820933118,-0.1584596058247936,False
0.0073211203321144145,-2.786314413614816,-2.1145352014121075,77,-11.630579820933118,-0.1582142107374855,False
0.007323860279959252,-2.781491188061738,-2.1145352014121075,77,-11.630579820933118,-0.1579703174791369,False
0.007348561877950836,-2.777674031178881,-2.1145352014121075,77,-11.630579820933118,-0.15773644442185078,False
0.00735504997278494,-2.773350122051606,-2.1145352014121075,77,-11.630579820933118,-0.15743922626635976,False
0.0073661012857635785,-2.768253590955104,-2.1145352014121075,77,-11.630579820933118,-0.15726427576751434,False
0.007373910185023965,-2.7648738246635314,-2.1145352014121075,77,-11.630579820933118,-0.15706180480271198,False
0.007374231232046897,-2.7473051958988544,-2.1145352014121075,77,-11.630579820933118,-0.15712387558711643,False
0.007386944805162378,-2.7445343659623074,-2.1145352014121075,77,-11.630579820933118,-0.1569270386548364,False
0.007397881386174261,-2.739985543930556,-2.1145352014121075,77,-11.630579820933118,-0.15652506072555492,False
0.007400964855552731,-2.734309717469963,-2.1145352014121075,77,-11.630579820933118,-0.15630900347367457,False
0.007451907905520691,-2.7306693156461654,-2.1145352014121075,77,-11.630579820933118,-0.1561240889675292,False
0.0074523809852452645,-2.7254240440250315,-2.1145352014121075,77,-11.630579820933118,-0.15590422546081328,False
0.007457199390800328,-2.7207056678720325,-2.1145352014121075,77,-11.630579820933118,-0.15562712709149862,False
0.007459515034923188,-2.7158463509934228,-2.1145352014121075,77,-11.630579820933118,-0.1555403912178134,False
0.007460625684455142,-2.711734327509737,-2.1145352014121075,77,-11.630579820933118,-0.1553249163866641,False
0.0074788670152494754,-2.7088047926224674,-2.1145352014121075,76,-11.630579820933118,-0.15514167915575608,False
0.007490928497083229,-2.7025345665037595,-2.1145352014121075,75,-11.630579820933118,-0.154958598960939,False
0.007501959496336836,-2.6974468385127137,-2.1145352014121075,75,-11.630579820933118,-0.15456378861108416,False
0.007511671410160666,-2.715609269135767,-2.1145352014121075,75,-11.630579820933118,-0.154734127094805,False
0.007520385950869032,-2.710080039123635,-2.1145352014121075,75,-11.630579820933118,-0.15458929815279285,False
0.007539905625644115,-2.7061708209244397,-2.1145352014121075,74,-11.630579820933118,-0.15442421443696022,False
0.0075711962792865345,-2.6882963999528307,-2.1145352014121075,74,-11.630579820933118,-0.15451138341933146,False
0.00757297687039848,-2.6831545108938455,-2.1145352014121075,74,-11.630579820933118,-0.15425872334229238,False
0.00757855144424077,-2.6800720046008872,-2.1145352014121075,74,-11.630579820933118,-0.15409109221524697,False
0.007584600773670708,-2.675654829923017,-2.1145352014121075,73,-11.630579820933118,-0.1538966763557138,False
0.00759128097772664,-2.6687260395764074,-1.9441290485481129,73,-11.630579820933118,-0.15374889053734195,False
0.007594940804270082,-2.663033711205207,-1.9441290485481129,73,-11.630579820933118,-0.153556016429315,False
0.007619655212216067,-2.6573335063204913,-1.9441290485481129,73,-11.630579820933118,-0.1531768177455909,False
0.007622194034973194,-2.652236915012129,-1.9441290485481129,73,-11.630579820933118,-0.15310888373724926,False
0.00763807321617324,-2.6480526005890415,-1.8109048907952037,73,-11.630579820933118,-0.15296521424323786,False
0.007641927728573198,-2.6458012224779544,-1.8109048907952037,73,-11.630579820933118,-0.15265364940468484,False
0.007643241687047548,-2.644477787717277,-1.8109048907952037,73,-11.630579820933118,-0.1524778059561056,False
0.0076439566587246195,-2.644477787717277,-1.8109048907952037,73,-11.630579820933118,-0.1524778059561056,False
0.007648341260700961,-2.643006737453149,-1.8109048907952037,73,-11.630579820933118,-0.15228936624571873,False
0.007657754503170779,-2.6413754142397075,-1.8109048907952037,73,-11.630579820933118,-0.15208949560905183,False
0.007671917753529203,-2.639570491573415,-1.8109048907952037,73,-11.630579820933118,-0.1518798779031349,False
0.0076858416376749455,-2.636343464346467,-1.8109048907952037,73,-11.630579820933118,-0.15172931574189652,False
0.007689680986560411,-2.630374180292197,-1.8109048907952037,73,-11.630579820933118,-0.1516158324082522,False
0.0076913040313080034,-2.628381716020152,-1.8109048907952037,73,-11.630579820933118,-0.15139869573299683,False
0.007702248204767656,-2.620722098698723,-1.8109048907952037,73,-11.630579820933118,-0.15128707976593347,False
0.007702752194338618,-2.615126323556313,-1.8109048907952037,73,-11.630579820933118,-0.15106225342793325,False
0.007714229925214574,-2.630846548135817,-1.8109048907952037,74,-11.630579820933118,-0.1512316390698369,False
0.007716379807634205,-2.6286520229384682,-1.8109048907952037,74,-11.630579820933118,-0.15100974283544746,False
0.007720705182362788,-2.623921337396219,-1.8109048907952037,74,-11.630579820933118,-0.15083830941078877,False
0.0077465413719033085,-2.6194580241522876,-1.6949048961861255,74,-11.630579820933118,-0.15071690545678082,False
0.007747603604237488,-2.6170463979681915,-1.6949048961861255,74,-11.630579820933118,-0.15049349186278474,False
0.00775193066816352,-2.6108838053100003,-1.6949048961861255,74,-11.630579820933118,-0.15032955131740944,False
0.007752133669342632,-2.6044826906698852,-1.6949048961861255,74,-11.630579820933118,-0.14997445029552448,False
0.007779344423805343,-2.590699896263892,-1.6949048961861255,74,-11.630579820933118,-0.15008046178268755,False
0.00778539284998017,-2.58805570545862,-1.6949048961861255,74,-11.630579820933118,-0.1498591617227464,False
0.007793512047853881,-2.5827374039583333,-1.6949048961861255,74,-11.630579820933118,-0.1498087150252268,False
0.007800427408615764,-2.5793771869749738,-1.6949048961861255,74,-11.630579820933118,-0.14967609710485802,False
0.007824028973237663,-2.570906537490874,-1.6949048961861255,74,-11.630579820933118,-0.1496000900710425,False
0.007830246470561686,-2.568013996198325,-1.5812666876359502,74,-11.630579820933118,-0.14938478161294808,False
0.007846745837934042,-2.56193288474521,-1.5812666876359502,73,-11.630579820933118,-0.14919014527194474,False
0.00786523371458269,-2.5571895912681235,-1.5812666876359502,73,-11.630579820933118,-0.1490910983117483,False
0.007868995153303093,-2.5521395323282596,-1.5812666876359502,73,-11.630579820933118,-0.148943755090188,False
0.007874025955129486,-2.545735987995756,-1.5812666876359502,72,-11.630579820933118,-0.14886151851880197,False
0.007878087617002295,-2.542913734707186,-1.5812666876359502,72,-11.348354492076155,-0.148508795568021,False
0.007882478369640664,-2.539756835350574,-1.5812666876359502,72,-11.348354492076155,-0.1483034228746653,False
0.00789943524499143,-2.5381371629753335,-1.5812666876359502,72,-11.348354492076155,-0.1480703169315563,False
0.007900599619903104,-2.530927232984161,-1.5812666876359502,72,-11.348354492076155,-0.14774727441728244,False
0.007911315246782406,-2.529133715465571,-1.5812666876359502,72,-11.348354492076155,-0.14749654750436025,False
0.007921911272125957,-2.525654636565966,-1.5812666876359502,72,-11.348354492076155,-0.1473821594940963,False
0.00792306871149268,-2.5389729696025403,-1.5812666876359502,72,-11.348354492076155,-0.14754678631150278,False
0.007923470868405322,-2.5323203425141463,-1.5812666876359502,71,-11.348354492076155,-0.14741261141621165,False
0.007929413746151338,-2.5303374007831785,-1.5812666876359502,71,-11.348354492076155,-0.14714531145743942,False
0.007929494016433255,-2.5271967953784706,-1.5812666876359502,71,-11.034293951605346,-0.14677049059599928,False
0.007942471543173225,-2.5237595332340192,-1.5812666876359502,71,-11.034293951605346,-0.14657885764349737,False
0.007954459126987943,-2.5215705792630803,-1.5812666876359502,71,-11.034293951605346,-0.1462966914091162,False
0.007956464186040055,-2.512202500853261,-1.5812666876359502,71,-11.034293951605346,-0.1462544206325677,False
0.00797242927293934,-2.5066835840232278,-1.5812666876359502,71,-11.034293951605346,-0.14621980102372126,False
0.007987205763666494,-2.5042708867895827,-1.5812666876359502,71,-11.034293951605346,-0.14592517723378406,False
0.00799087914040282,-2.5007756732039494,-1.5812666876359502,71,-10.68477259304206,-0.14553162796802943,False
0.007993690828920888,-2.4998855051471853,-1.5812666876359502,71,-10.68477259304206,-0.14542315995087893,False
0.007993937236901755,-2.4948648827618576,-1.5812666876359502,71,-10.68477259304206,-0.14534586189665621,False
0.007997365160947944,-2.4919335465058565,-1.5812666876359502,71,-10.68477259304206,-0.14546484631930523,False
0.008005313044864154,-2.485334794433438,-1.5812666876359502,71,-10.68477259304206,-0.14530154610483856,False
0.008005809976022666,-2.4837591197267117,-1.5812666876359502,71,-10.68477259304206,-0.14509248682112177,False
0.00801048618887572,-2.4800256354884898,-1.5812666876359502,71,-10.68477259304206,-0.1449180358669059,False
0.008024998786579848,-2.4790433084275607,-1.5812666876359502,71,-10.68477259304206,-0.14480069919560112,False
0.008028422672399876,-2.476387931474198,-1.5812666876359502,71,-10.68477259304206,-0.14449674444284705,False
0.008029302083545704,-2.4710157963286976,-1.5812666876359502,71,-10.68477259304206,-0.1443737601604586,False
0.00803936841138362,-2.469271852306379,-1.5812666876359502,71,-10.68477259304206,-0.14414758657181695,False
0.008049739690333207,-2.4656912481664777,-1.5812666876359502,71,-10.68477259304206,-0.14405116328823306,False
0.008062060331130954,-2.4646100210845123,-1.5812666876359502,71,-10.68477259304206,-0.14392518166343676,False
0.008063286947819926,-2.460719329028636,-1.5812666876359502,71,-10.295703387454447,-0.14351756003329366,False
0.0080664112142015,-2.4525665560594097,-1.5812666876359502,71,-10.295703387454447,-0.14323344906090266,False
0.008073150073989276,-2.4457545422001603,-1.5812666876359502,71,-10.295703387454447,-0.14318111243166812,False
0.008078913148421761,-2.4428363180796255,-1.5812666876359502,71,-10.295703387454447,-0.14287164365917987,False
0.008079956407983356,-2.4409092945010675,-1.5812666876359502,71,-10.295703387454447,-0.14262898424774273,False
0.008081566711247335,-2.4319989547382876,-1.5812666876359502,71,-10.295703387454447,-0.14144539282634788,False
0.008083023506601821,-2.4319989547382876,-1.5812666876359502,71,-10.295703387454447,-0.14144539282634788,False
0.008086361660098353,-2.4290856242533168,-1.5812666876359502,71,-10.295703387454447,-0.14111143681459476,False
0.008086734998225953,-2.425040514152216,-1.5812666876359502,70,-10.295703387454447,-0.14095704780256285,False
0.008090082828702301,-2.425040514152216,-1.5812666876359502,70,-10.295703387454447,-0.14095704780256285,False
0.008098087493899241,-2.4217922691092797,-1.5812666876359502,70,-10.295703387454447,-0.1406163151062474,False
0.008099330287214431,-2.4114414181915165,-1.5812666876359502,70,-10.295703387454447,-0.14060482949243425,False
0.008102120226321596,-2.4114414181915165,-1.5812666876359502,70,-10.295703387454447,-0.14060482949243425,False
0.008105531661867123,-2.4102544976227076,-1.5812666876359502,70,-10.295703387454447,-0.1404706729762067,False
0.00810933568276273,-2.4030980270170685,-1.5812666876359502,70,-10.295703387454447,-0.140365980184049,False
0.00811741490911639,-2.399478191578148,-1.5812666876359502,70,-10.295703387454447,-0.1400244525922774,False
0.008128273993122144,-2.3973523978318214,-1.5812666876359502,70,-10.295703387454447,-0.13976652307005297,False
0.008132227992014851,-2.3920614673721015,-1.5812666876359502,70,-10.295703387454447,-0.13970975460222856,False
0.008135937818130068,-2.403323164887141,-1.5812666876359502,70,-10.295703387454447,-0.13986674692640919,False
0.008139450273499186,-2.4001206385402214,-1.5812666876359502,70,-10.295703387454447,-0.13955617858611105,False
0.008145041168033539,-2.3960879180869683,-1.5812666876359502,70,-10.295703387454447,-0.13922060021861576,False
0.008147774924285395,-2.3917552744943595,-1.5812666876359502,70,-9.862439028193553,-0.13880483655506623,False
0.008155931197725787,-2.3904558522096546,-1.5812666876359502,70,-9.862439028193553,-0.13866324514065165,False
0.008157555114912542,-2.3847635833282514,-1.5812666876359502,70,-9.862439028193553,-0.1386425673523376,False
0.008171452984678498,-2.3803922380758253,-1.5812666876359502,70,-9.862439028193553,-0.13851039083676464,False
0.008178693559858048,-2.3732431426045526,-1.5812666876359502,70,-9.862439028193553,-0.13837838434299882,False
0.008181638897889166,-2.3687508491849427,-1.5812666876359502,70,-9.862439028193553,-0.13805595671104487,False
0.008183228473679822,-2.3650890218561282,-1.5812666876359502,70,-9.862439028193553,-0.13797675100396956,False
0.008185121670256812,-2.3627477684545743,-1.5812666876359502,70,-9.862439028193553,-0.13770540999915729,False
0.008201262001755581,-2.3570548294336935,-1.5812666876359502,70,-9.862439028193553,-0.137606256602825,False
0.008210783724647532,-2.35354527101328,-1.5812666876359502,70,-9.862439028193553,-0.13729945053132436,False
0.008213876622071412,-2.3521266047085576,-1.5812666876359502,70,-9.862439028193553,-0.1371514498492565,False
0.00822362356622263,-2.3611883848882793,-1.5812666876359502,70,-9.862439028193553,-0.1372781066129032,False
0.0082278648979875,-2.3561835101177824,-1.5812666876359502,70,-9.862439028193553,-0.13697609224766383,False
0.008245500495055368,-2.351355765332088,-1.5812666876359502,70,-9.379664549624074,-0.13655927859768252,False
0.008250802954575604,-2.3420902395303065,-1.5812666876359502,70,-9.379664549624074,-0.13631932870750457,False
0.008251313009638788,-2.33951579867157,-1.5812666876359502,70,-9.379664549624074,-0.13603711632660992,False
0.008252165565737855,-2.328116579488109,-1.5812666876359502,70,-9.379664549624074,-0.13605267093013165,False
0.008264638245142534,-2.3234055780091434,-1.5812666876359502,70,-9.379664549624074,-0.13594401753874358,False
0.008279465330306985,-2.3178565271905582,-1.5812666876359502,70,-9.379664549624074,-0.13590606832194968,False
0.008279950793147276,-2.316312067329132,-1.5812666876359502,70,-9.379664549624074,-0.13575297510405585,False
0.008284381811022472,-2.3107341333900306,-1.5812666876359502,70,-9.379664549624074,-0.1354782367782006,False
0.008286413361658855,-2.303568891761359,-1.5245935503943473,70,-9.379664549624074,-0.1354533639724834,False
0.008293886217230848,-2.299728275194194,-1.5245935503943473,70,-9.379664549624074,-0.13515545405652948,False
0.008308976700039892,-2.29206401583793,-1.4364603292097047,70,-9.379664549624074,-0.1350789329170941,False
0.008321624698379514,-2.28834395844372,-1.4364603292097047,70,-9.379664549624074,-0.13501580723639517,False
0.008327672379126043,-2.2855175614294962,-1.4364603292097047,70,-9.379664549624074,-0.13472594660112422,False
0.008347514756096224,-2.279685818704121,-1.4364603292097047,70,-9.379664549624074,-0.13471720842842966,False
0.008350295005755482,-2.289236701008103,-1.4364603292097047,70,-9.379664549624074,-0.13486451418573847,False
0.008351753081222373,-2.2830165824597093,-1.4364603292097047,70,-9.379664549624074,-0.13462304896970045,False
0.00835475947970563,-2.2813400975154114,-1.4364603292097047,70,-9.379664549624074,-0.1344664550981462,False
0.00835749353964033,-2.2759562542327596,-1.4364603292097047,70,-9.277435731532417,-0.1340566126812669,False
0.00836623255251152,-2.2708940000274462,-1.4364603292097047,70,-9.277435731532417,-0.13397191334596037,False
0.008366561148081092,-2.2631621905709935,-1.4364603292097047,70,-9.277435731532417,-0.13387004941668942,False
0.008384211885904142,-2.2571545914285647,-1.4364603292097047,70,-9.277435731532417,-0.1337934909737922,False
0.0083893138251257,-2.252957641279564,-1.4364603292097047,70,-9.277435731532417,-0.1335095829793981,False
0.008414293127421967,-2.240510316363232,-1.4364603292097047,70,-9.277435731532417,-0.13354796431151603,False
0.008415045008603298,-2.237412168378997,-1.4364603292097047,70,-9.277435731532417,-0.1332543121149647,False
0.008430530911413794,-2.230470986017359,-1.4364603292097047,70,-9.277435731532417,-0.13305083012558086,False
0.00843483328086595,-2.224682096802931,-1.4364603292097047,70,-9.277435731532417,-0.13302963598556505,False
0.008438888278505287,-2.222867832727524,-1.4364603292097047,70,-9.277435731532417,-0.13287137235442034,False
0.0084549343856284,-2.212269508710541,-1.4364603292097047,70,-9.277435731532417,-0.1326788100036235,False
0.00845599348104182,-2.2270282026533725,-1.4364603292097047,70,-9.277435731532417,-0.13280857189726727,False
0.008464022621355765,-2.223275286867158,-1.4364603292097047,70,-9.277435731532417,-0.1327601017434081,False
0.00847609053088055,-2.21785286423841,-1.4364603292097047,70,-9.277435731532417,-0.13269893874995511,False
0.008484834010389743,-2.211842562087861,-1.4364603292097047,70,-9.277435731532417,-0.13230463865362738,False
0.008497383573727348,-2.207262775275015,-1.4364603292097047,70,-9.277435731532417,-0.13203953426160142,False
0.008512465106209635,-2.1998409313635205,-1.4364603292097047,70,-9.277435731532417,-0.13203880406927077,False
0.00851431539432532,-2.1964502180180707,-1.4364603292097047,70,-9.277435731532417,-0.131745738697452,False
0.008521157535046859,-2.1886987160031826,-1.4364603292097047,70,-9.277435731532417,-0.13158333378130224,False
0.008521458549851067,-2.180538214207616,-1.4364603292097047,70,-9.277435731532417,-0.13153279817587563,False
0.008532867772020468,-2.1785810835714767,-1.4364603292097047,70,-9.277435731532417,-0.1313748775453606,False
0.008540696946366598,-2.1726507937366013,-1.4364603292097047,70,-9.277435731532417,-0.13137606907620558,False
0.00856338365310044,-2.1807776949911473,-1.4364603292097047,70,-9.277435731532417,-0.13151232998954657,False
0.008568776692796418,-2.172432366224488,-1.4364603292097047,70,-9.277435731532417,-0.13143851755963623,False
0.00857068151029412,-2.171290295729485,-1.4364603292097047,70,-9.277435731532417,-0.1312888475322008,False
0.008575359814963112,-2.1700316971861167,-1.4364603292097047,70,-9.277435731532417,-0.13112768852542817,False
0.008577213439056508,-2.1637214767772885,-1.3269854076661596,70,-9.277435731532417,-0.13107191373511157,False
0.00858491912786281,-2.15039730166796,-1.3269854076661596,70,-9.277435731532417,-0.13112874500673072,False
0.00858567678948082,-2.149014208162109,-1.3269854076661596,70,-9.277435731532417,-0.1309567167796377,False
0.008594002218566219,-2.143226528070115,-1.3269854076661596,70,-9.277435731532417,-0.13091791613147272,False
0.008597337307234922,-2.137223158169178,-1.3269854076661596,70,-9.277435731532417,-0.13091119875897703,False
0.008602436275850299,-2.135707786749121,-1.3269854076661596,70,-9.277435731532417,-0.1307292657542517,False
0.008609455798124653,-2.131949188411334,-1.3269854076661596,70,-9.277435731532417,-0.13069384362553704,False
0.008619089048808287,-2.1269590257765736,-1.3269854076661596,70,-9.277435731532417,-0.13045182053972548,False
0.008623940621202475,-2.118298879468133,-1.3269854076661596,70,-9.277435731532417,-0.1303317924763402,False
0.008626284784370606,-2.1166437518844003,-1.3269854076661596,70,-9.277435731532417,-0.130141331238642,False
0.008626309392706595,-2.1129387247352867,-1.3269854076661596,70,-9.277435731532417,-0.12985358830104216,False
0.008628418142043768,-2.1062204770230792,-1.3269854076661596,70,-9.277435731532417,-0.12948345618298557,False
0.00863731660331476,-2.1041162620179996,-1.3269854076661596,70,-9.277435731532417,-0.12932799563550165,False
0.008657990839014694,-2.102314431706363,-1.3269854076661596,70,-9.277435731532417,-0.1291308470751325,False
0.008679732828558577,-2.0900917858697206,-1.3269854076661596,70,-9.277435731532417,-0.12898670802431111,False
0.008683868997653508,-2.0849855221203653,-1.3269854076661596,70,-9.277435731532417,-0.12832266601638082,False
0.008685529093703395,-2.0836084677378928,-1.3269854076661596,70,-9.277435731532417,-0.12816036669663636,False
0.008686759020490036,-2.0836084677378928,-1.3269854076661596,70,-9.277435731532417,-0.12816036669663636,False
0.008691995898380399,-2.098796882634927,-1.3269854076661596,70,-9.277435731532417,-0.1282894231542934,False
0.00869220448782339,-2.097279594409903,-1.3269854076661596,70,-9.277435731532417,-0.1281189961036918,False
0.008693657774775515,-2.097279594409903,-1.3269854076661596,70,-9.277435731532417,-0.1281189961036918,False
0.008698304859966241,-2.0953249382152546,-1.3269854076661596,70,-9.277435731532417,-0.12791746956885025,False
0.00870414369332552,-2.0953249382152546,-1.3269854076661596,70,-9.277435731532417,-0.12791746956885025,False
0.008704386419597475,-2.0936577836554284,-1.3269854076661596,70,-9.277435731532417,-0.12774031289020737,False
0.008710481259700191,-2.0848786504785495,-1.3269854076661596,70,-9.277435731532417,-0.12655095707461533,False
0.008712815973899354,-2.082814406167781,-1.3269854076661596,70,-9.277435731532417,-0.12631486945613069,False
0.008713663084802759,-2.082814406167781,-1.3269854076661596,70,-9.277435731532417,-0.12631486945613069,False
0.008717594345011289,-2.082814406167781,-1.3269854076661596,70,-9.277435731532417,-0.12631486945613069,False
0.008719555781248388,-2.076661791778578,-1.3269854076661596,70,-9.277435731532417,-0.12629663736498284,False
0.008721227742282019,-2.0743869469080507,-1.3269854076661596,70,-9.277435731532417,-0.12605576396730933,False
0.008721857265077758,-2.0743869469080507,-1.3269854076661596,70,-9.277435731532417,-0.12605576396730933,False
0.008722524332542315,-2.0725602792527043,-1.3269854076661596,70,-9.277435731532417,-0.12587362836506744,False
0.008734498780750851,-2.0725602792527043,-1.3269854076661596,70,-9.277435731532417,-0.12587362836506744,False
0.008735224336327537,-2.0665796139582717,-1.3269854076661596,70,-9.277435731532417,-0.1258828018873681,False
0.008736248194506996,-2.0640780366186475,-1.3269854076661596,70,-9.277435731532417,-0.1256405235583852,False
0.008739223100368104,-2.0544079433964315,-1.3269854076661596,69,-9.277435731532417,-0.12556240097753732,False
0.008745341531721067,-2.045786944646716,-1.3269854076661596,69,-9.277435731532417,-0.1255349998587508,False
0.008746999148529947,-2.0437912345551266,-1.3269854076661596,69,-9.277435731532417,-0.12534994885529518,False
0.008747952444112285,-2.041678785972092,-1.3269854076661596,69,-9.277435731532417,-0.12514677472573296,False
0.008749255968622272,-2.0341515666378975,-1.3269854076661596,69,-9.277435731532417,-0.1251662629243376,False
0.008751061377166126,-2.0341515666378975,-1.3269854076661596,69,-9.277435731532417,-0.1251662629243376,False
0.008751906813689045,-2.0301096018835185,-1.3269854076661596,69,-9.277435731532417,-0.12488871030331182,False
0.008752690896464058,-2.0278551539886327,-1.2449008598844618,69,-9.277435731532417,-0.12473783704735202,False
0.008754810961324543,-2.022426175659026,-1.2449008598844618,69,-9.277435731532417,-0.12452231955599703,False
0.008756871444625424,-2.0186903092918937,-1.2449008598844618,69,-9.277435731532417,-0.12449825249138113,False
0.008758385088409463,-2.015945271378571,-1.2449008598844618,69,-9.277435731532417,-0.12425830145145786,False
0.008762981223448619,-2.002304519242178,-1.2449008598844618,69,-9.277435731532417,-0.12432927348560228,False
0.008765755044513553,-1.9961202057111402,-1.2449008598844618,69,-9.277435731532417,-0.12433467267618825,False
0.008770995470806373,-1.9961202057111402,-1.2449008598844618,69,-9.277435731532417,-0.12433467267618825,False
0.008772450041168875,-2.0030511633608112,-1.2449008598844618,69,-9.277435731532417,-0.12445909726151694,False
0.008778236855366932,-2.0008771324801695,-1.2449008598844618,69,-9.277435731532417,-0.12427344386900113,False
0.008778888769780993,-1.9942834077004354,-1.2449008598844618,69,-9.277435731532417,-0.12423620969754395,False
0.008784156924839661,-1.9852974382919328,-1.1977125266492579,69,-9.277435731532417,-0.1241876414985552,False
0.008788133317757173,-1.9822916758588176,-1.1977125266492579,69,-9.277435731532417,-0.12395395367767208,False
0.008788699029798152,-1.9747707874063554,-1.1977125266492579,69,-9.277435731532417,-0.12361608942572586,False
0.008807696018885721,-1.9724971781088672,-1.1977125266492579,69,-9.277435731532417,-0.12341433507441504,False
0.008816767608570664,-1.9701359958366838,-1.1977125266492579,69,-9.277435731532417,-0.12323055371666404,False
0.008825951678167535,-1.9668518003217943,-1.1977125266492579,69,-9.277435731532417,-0.12300709088391758,False
0.008848312301064745,-1.96332226450139,-1.1977125266492579,69,-9.277435731532417,-0.12251801868590352,False
0.008851077576974073,-1.9612614821663732,-1.1977125266492579,69,-9.277435731532417,-0.12224983637285104,False
0.008851422622105193,-1.9612614821663732,-1.1977125266492579,69,-9.277435731532417,-0.12224983637285104,False
0.008852193474991986,-1.9547520163345504,-1.1977125266492579,69,-9.277435731532417,-0.12224992652114654,False
0.008860514677568225,-1.952469032547233,-1.1977125266492579,69,-9.277435731532417,-0.12196884738573902,False
0.008862346796525682,-1.9513683812012435,-1.1977125266492579,69,-9.277435731532417,-0.12181663826835865,False
0.008862895612346001,-1.9488118236217542,-1.1977125266492579,69,-9.277435731532417,-0.12163724286183966,False
0.008867040608285588,-1.9380453710824528,-1.1977125266492579,69,-9.277435731532417,-0.12159888672018618,False
0.008870599564396382,-1.9368282538324595,-1.1977125266492579,69,-9.277435731532417,-0.1214332448946331,False
0.008872260319400034,-1.9332476173831614,-1.1977125266492579,69,-9.277435731532417,-0.12122380025703226,False
0.008877308890707992,-1.9307218785675664,-1.1977125266492579,69,-9.277435731532417,-0.12093291865292036,False
0.008878280069028504,-1.9282858522034427,-1.1977125266492579,69,-9.277435731532417,-0.1207358655518404,False
0.00887943416716027,-1.9258793890660508,-1.1759138515408856,68,-9.277435731532417,-0.1205916209006843,False
0.008884830891387398,-1.9245365689079361,-1.1759138515408856,68,-9.277435731532417,-0.12041268921680576,False
0.008891883513888307,-1.920134324551185,-1.1759138515408856,68,-9.277435731532417,-0.12015007211559153,False
0.008902256991512111,-1.917343545507896,-1.1759138515408856,68,-9.277435731532417,-0.11985321517706263,False
0.008903265175559618,-1.9114468061607637,-1.1759138515408856,68,-9.277435731532417,-0.11966633928349961,False
0.008905776981908888,-1.90996880451513,-1.1759138515408856,68,-9.277435731532417,-0.11947461646795864,False
0.008916936918710865,-1.9072094771673826,-1.1759138515408856,68,-9.277435731532417,-0.11930205189042611,False
0.00892593051900841,-1.8929688620431753,-1.138307420499494,67,-9.277435731532417,-0.11920521192182294,False
0.008927381382930684,-1.889073611013263,-1.138307420499494,66,-9.277435731532417,-0.11901321023969129,False
0.008928784071751489,-1.9027251565857406,-1.138307420499494,66,-9.277435731532417,-0.11913851665458754,False
0.008929296059021069,-1.89674947341746,-1.138307420499494,66,-9.277435731532417,-0.11915385847213977,False
0.008934148586208347,-1.8951265481008368,-1.138307420499494,66,-9.277435731532417,-0.11895023529316778,False
0.008936101165332328,-1.8920465679882006,-1.138307420499494,66,-9.277435731532417,-0.11865188347206415,False
0.008938751031166042,-1.8857238448431237,-1.138307420499494,66,-9.277435731532417,-0.11866707128116646,False
0.00894721483689802,-1.8730737285708017,-1.138307420499494,66,-9.277435731532417,-0.11874816628800854,False
0.008960432173954475,-1.8704767104079454,-1.138307420499494,66,-9.277435731532417,-0.11855915605425443,False
0.008965803718134106,-1.8620427125393118,-1.138307420499494,66,-9.277435731532417,-0.11826054028440261,False
0.008970672038969242,-1.8602649427546598,-1.138307420499494,66,-9.277435731532417,-0.11804633412132377,False
0.008978576344830529,-1.851255567845797,-1.138307420499494,66,-9.277435731532417,-0.11803878247011193,False
0.008979073830413404,-1.8482871201971531,-1.138307420499494,66,-9.277435731532417,-0.11787531240524889,False
0.008979655948593224,-1.8448917157847782,-1.138307420499494,66,-9.277435731532417,-0.11758045296315309,False
0.008986224492357588,-1.8380419318335413,-1.138307420499494,66,-9.277435731532417,-0.11755908797471727,False
0.008991245620093824,-1.8311948463233885,-1.138307420499494,66,-9.277435731532417,-0.1175749769446841,False
0.008991571097504746,-1.82696684107022,-1.138307420499494,66,-9.277435731532417,-0.11740329343136283,False
0.008994115824979474,-1.8195505214875716,-1.138307420499494,66,-9.277435731532417,-0.11743878773499461,False
0.009007330135791948,-1.8076622674613154,-1.138307420499494,66,-9.277435731532417,-0.11743668703129369,False
0.009011165733425568,-1.7980156345353466,-1.138307420499494,66,-9.277435731532417,-0.11741004918445315,False
0.009016090683391296,-1.796073017929524,-1.138307420499494,66,-9.277435731532417,-0.11718701961870956,False
0.009017883186547804,-1.7935143167040786,-1.138307420499494,66,-9.277435731532417,-0.11705125643067898,False
0.00903370081255237,-1.7897750134509574,-1.138307420499494,66,-9.277435731532417,-0.1167651798590216,False
0.009046956657605285,-1.7849886661221737,-1.138307420499494,66,-9.277435731532417,-0.11652185107342157,False
0.00904948063052851,-1.7818060743489053,-1.138307420499494,65,-9.277435731532417,-0.11636946334090773,False
0.009054782300619485,-1.7790528694466679,-1.138307420499494,65,-9.277435731532417,-0.11619172820421148,False
0.009064163133677913,-1.7726590784185567,-1.138307420499494,64,-9.277435731532417,-0.11603461197670828,False
0.009065018997095147,-1.7680805273012508,-1.138307420499494,64,-9.277435731532417,-0.11588542800676414,False
0.009071174360250957,-1.7659630931075705,-1.138307420499494,64,-9.277435731532417,-0.11565576654143854,False
0.009098981097029472,-1.7618489608695975,-1.138307420499494,64,-9.277435731532417,-0.11538381044582316,False
0.009114787909090196,-1.7554403142419621,-1.138307420499494,64,-9.277435731532417,-0.1154065806350684,False
0.009128230454498027,-1.7520400709428472,-1.138307420499494,64,-9.277435731532417,-0.11526690764437625,False
0.009135977954164801,-1.7448904547193138,-1.138307420499494,64,-9.277435731532417,-0.11529595923685404,False
0.009136233456747815,-1.7355190677863386,-1.138307420499494,64,-9.277435731532417,-0.11538356702615295,False
0.009136685433305295,-1.7332170404380336,-1.138307420499494,64,-9.277435731532417,-0.11514986098808784,False
0.009147807338291541,-1.7282708401860147,-1.0871464809267444,64,-9.277435731532417,-0.11502456304758414,False
0.00915910086248822,-1.7187946870517579,-1.0871464809267444,64,-9.277435731532417,-0.11477050418641452,False
0.00915977106869699,-1.7059308871349066,-1.064717558768069,64,-9.277435731532417,-0.1148001403079566,False
0.009161987559480899,-1.7030304220740602,-1.045108751063978,63,-9.277435731532417,-0.1146366256213649,False
0.009163498590660644,-1.7147804975590595,-1.045108751063978,63,-9.277435731532417,-0.11475586267428473,False
0.009168268882761543,-1.7120712192451453,-1.045108751063978,63,-9.277435731532417,-0.11463016227189163,False
0.009176252533640837,-1.7075485837497322,-1.045108751063978,63,-9.277435731532417,-0.11437742207619833,False
0.009193895858467395,-1.690755851997157,-1.045108751063978,63,-9.277435731532417,-0.11432482441189762,False
0.009195456205893014,-1.6836868216964371,-1.045108751063978,63,-9.277435731532417,-0.11431643874197371,False
0.009213340795990142,-1.6811907994311739,-1.045108751063978,63,-9.277435731532417,-0.11408160202775175,False
0.009215267494603236,-1.6775712357546848,-1.0069793568762142,63,-9.277435731532417,-0.11395587186511019,False
0.009217726018704474,-1.672376780574628,-1.0069793568762142,63,-9.277435731532417,-0.1137355351326768,False
0.009218664825790897,-1.6631042510060963,-1.0069793568762142,63,-9.277435731532417,-0.11374434111842502,False
0.009237168589347346,-1.6561843575321853,-1.0069793568762142,63,-9.277435731532417,-0.11361707551814632,False
0.009239897418010975,-1.6508546057061892,-1.0069793568762142,63,-9.277435731532417,-0.1135162171039929,False
0.009243435966324966,-1.6438307020260046,-1.0069793568762142,63,-9.277435731532417,-0.11356347030925332,False
0.009247563309553387,-1.633516427951132,-1.0069793568762142,63,-9.277435731532417,-0.11355521039105396,False
0.009266196958283823,-1.6285486480179556,-1.0069793568762142,63,-9.277435731532417,-0.11332624749286609,False
0.009282529795092509,-1.625514771949716,-1.0069793568762142,63,-9.277435731532417,-0.1131794456054768,False
0.009285400092785154,-1.6181197726198204,-1.0069793568762142,63,-9.277435731532417,-0.11321905009326054,False
0.009292247194534106,-1.6116879723692379,-1.0069793568762142,63,-9.277435731532417,-0.11324738631108718,False
0.009301719908494226,-1.6089891355906487,-1.0069793568762142,63,-9.277435731532417,-0.11301455585139783,False
0.009310428835032256,-1.605150692827155,-1.0040164721148326,63,-9.277435731532417,-0.11290356471297663,False
0.009323823015681356,-1.5918705173933227,-0.9865077970471745,63,-9.277435731532417,-0.11295980859129628,False
0.009328448138707908,-1.5882644498651137,-0.9865077970471745,63,-9.277435731532417,-0.11305081973841691,False
0.009330722377191245,-1.585408357587605,-0.9865077970471745,63,-9.277435731532417,-0.11293642045363285,False
0.009341151280522644,-1.5796812060230065,-0.9865077970471745,63,-9.277435731532417,-0.11285974228152666,False
0.00936437424218741,-1.5690124994608103,-0.9865077970471745,63,-9.277435731532417,-0.11265310119704953,False
0.009369438891434271,-1.563559708922294,-0.9865077970471745,63,-9.277435731532417,-0.11245167347675973,False
0.009393349574217932,-1.5735439460148735,-0.9865077970471745,63,-9.277435731532417,-0.1125631745817191,False
0.009402516908007273,-1.5706342950074543,-0.9865077970471745,63,-9.277435731532417,-0.11233558909927278,False
0.009404643404653988,-1.565008030080002,-0.9865077970471745,62,-9.277435731532417,-0.11214108565643433,False
0.009404853525635906,-1.5577672824157012,-0.9865077970471745,62,-9.277435731532417,-0.11214305771870216,False
0.009413470085859094,-1.553712851951301,-0.9865077970471745,62,-9.277435731532417,-0.1120471706331848,False
0.00941681374011462,-1.5505651045507494,-0.9865077970471745,62,-9.277435731532417,-0.11191898179225104,False
0.00942501463961454,-1.543091797733494,-0.9865077970471745,62,-9.277435731532417,-0.11182094480232639,False
0.009438608140452644,-1.535538982071929,-0.9865077970471745,62,-9.277435731532417,-0.11186862969332446,False
0.009439672352271018,-1.4694852140544343,-0.8647439838539057,62,-9.277435731532417,-0.10983914592771635,False
0.009451286904261329,-1.4633500332435543,-0.8647439838539057,62,-9.277435731532417,-0.10978565009919442,False
0.00946269441813251,-1.4540131257808009,-0.8647439838539057,62,-9.277435731532417,-0.10980732499926506,False
0.009483383330647577,-1.4339805959085925,-0.8647439838539057,62,-9.277435731532417,-0.10979436103402723,False
0.00948652089269775,-1.4279994668907545,-0.8647439838539057,61,-9.277435731532417,-0.10962320357267873,False
0.00949074284765762,-1.417033495156274,-0.8647439838539057,61,-9.277435731532417,-0.10962972093155442,False
0.009493007469683665,-1.4107270470102788,-0.8647439838539057,61,-9.277435731532417,-0.10968467695493152,False
0.009498703361024445,-1.398420864101176,-0.8647439838539057,61,-9.277435731532417,-0.10976217077940671,False
0.009505213217420289,-1.3954240920629513,-0.8647439838539057,61,-9.277435731532417,-0.10965992687274609,False
0.009516465505504215,-1.3922967531199744,-0.8647439838539057,61,-9.277435731532417,-0.10944078580929861,False
0.009522135167960324,-1.3951129345749482,-0.8647439838539057,61,-9.277435731532417,-0.10953261313305797,False
0.00952404498425831,-1.3908480182354028,-0.8647439838539057,61,-9.277435731532417,-0.10945177866237867,False
0.009565090720655815,-1.387612317329876,-0.8647439838539057,61,-9.277435731532417,-0.10934341598138402,False
0.00956989129526929,-1.3810633833202852,-0.8647439838539057,61,-9.277435731532417,-0.10931148145410291,False
0.009581095232621527,-1.369028457990224,-0.8647439838539057,61,-9.277435731532417,-0.10915349014977237,False
0.009594629510383227,-1.3614452406421282,-0.8647439838539057,61,-9.277435731532417,-0.10920700259826384,False
0.009607969193028976,-1.3553645223056006,-0.8647439838539057,61,-9.277435731532417,-0.10904016687645245,False
0.009613054467121388,-1.3480114825775504,-0.8647439838539057,61,-9.277435731532417,-0.10905021904771171,False
0.009617811365756136,-1.3414552210270592,-0.8647439838539057,61,-9.277435731532417,-0.1089109052629038,False
0.009625909368426508,-1.333404985247426,-0.8647439838539057,61,-9.277435731532417,-0.10883999537901395,False
0.009641618416727442,-1.3289381118234629,-0.8647439838539057,61,-9.277435731532417,-0.10877379022621346,False
0.009643627581940237,-1.325587610725625,-0.8647439838539057,60,-9.277435731532417,-0.10856608306950127,False
0.00966688328818271,-1.325587610725625,-0.8647439838539057,60,-9.277435731532417,-0.10856608306950127,False
0.009683363730037638,-1.3167861523498061,-0.8647439838539057,60,-9.277435731532417,-0.10865956721821333,False
0.009691506646094182,-1.313657382551423,-0.8647439838539057,60,-9.277435731532417,-0.1085699301060475,False
0.009696386936799207,-1.3066965084723836,-0.8647439838539057,60,-9.277435731532417,-0.10855745692917015,False
0.00970739968116764,-1.2975875043874632,-0.8647439838539057,60,-9.277435731532417,-0.10858869919971782,False
0.009727415354632285,-1.2942966104234137,-0.8647439838539057,60,-9.277435731532417,-0.10850064427750956,False
0.00973777607788303,-1.2827347521207302,-0.8647439838539057,60,-9.277435731532417,-0.1085184801335714,False
0.009738069307421429,-1.2774624720611076,-0.8647439838539057,60,-9.277435731532417,-0.1085774675257572,False
0.009763540132499433,-1.2702811393615614,-0.8647439838539057,60,-9.277435731532417,-0.1084703579652487,False
0.009765640392324283,-1.2656240978276647,-0.8647439838539057,60,-9.277435731532417,-0.10841803827379894,False
0.009784825547534003,-1.2620467528730157,-0.8647439838539057,60,-9.277435731532417,-0.10822443082731535,False
0.009786372108544727,-1.260870162114676,-0.8647439838539057,60,-9.277435731532417,-0.10806445223726997,False
0.009793584985666176,-1.2369756326829795,-0.8647439838539057,60,-9.277435731532417,-0.10808542926322548,False
0.009806116440371942,-1.2233890436507813,-0.8647439838539057,60,-9.277435731532417,-0.10797475190349205,False
0.00981826231564493,-1.2159967862246106,-0.8647439838539057,60,-9.277435731532417,-0.10799082973316215,False
0.009827725568153887,-1.2094410692482578,-0.7717849689255405,60,-9.277435731532417,-0.10785242212352769,False
0.009830066979215001,-1.2020817424052697,-0.7717849689255405,60,-9.277435731532417,-0.10785699466076348,False
0.009838833463284959,-1.193437611272884,-0.7460258116787011,60,-9.277435731532417,-0.10781098257631394,False
0.009839907427528414,-1.1921683126013198,-0.7460258116787011,60,-9.277435731532417,-0.10764236017514489,False
0.009876519577537851,-1.189639097996368,-0.7460258116787011,60,-9.277435731532417,-0.10774693040252789,False
0.009889204900850336,-1.1863897558434742,-0.7460258116787011,60,-9.277435731532417,-0.10766996093289141,False
0.009895470629818319,-1.1815578879701336,-0.7460258116787011,60,-9.277435731532417,-0.10763052700468707,False
0.009903647383572608,-1.1782514670715256,-0.7460258116787011,60,-9.277435731532417,-0.10756254268146792,False
0.009905497122753768,-1.1768882119104533,-0.7460258116787011,60,-9.277435731532417,-0.10738574123870372,False
0.00992375870272818,-1.1690297779856271,-0.7460258116787011,60,-9.277435731532417,-0.10731002904314473,False
0.009932478642870586,-1.1690297779856271,-0.7460258116787011,60,-9.277435731532417,-0.10731002904314473,False
0.009940302743429368,-1.1652240668201246,-0.7460258116787011,60,-9.277435731532417,-0.10713271526390575,False
0.009949207324426813,-1.1567341760227834,-0.7460258116787011,60,-9.277435731532417,-0.10717051254482535,False
0.00997018001264784,-1.1490074694462744,-0.7460258116787011,60,-9.277435731532417,-0.10718955729870798,False
0.009973337275102342,-1.1450023601158454,-0.7460258116787011,60,-9.277435731532417,-0.10724940214316467,False
0.009984539821050352,-1.1435454831203449,-0.7460258116787011,60,-9.277435731532417,-0.10706557373200448,False
0.009985105653353078,-1.1315104265130906,-0.7460258116787011,60,-9.277435731532417,-0.10709154918100572,False
0.01000925122795993,-1.1256027627890315,-0.7460258116787011,60,-9.277435731532417,-0.10634029533937672,False
0.010010113042565577,-1.1244984088125656,-0.7460258116787011,60,-9.277435731532417,-0.10622558579044104,False
0.01001295692106605,-1.123564835113842,-0.7460258116787011,60,-9.277435731532417,-0.10610661235488975,False
0.010014333267470794,-1.123564835113842,-0.7460258116787011,60,-9.277435731532417,-0.10610661235488975,False
0.010017378699567503,-1.122364181462844,-0.7460258116787011,60,-9.277435731532417,-0.1059905118048017,False
0.010021093175489961,-1.1213251054699542,-0.7460258116787011,60,-9.277435731532417,-0.10586007039104739,False
0.010024916106209867,-1.1213251054699542,-0.7460258116787011,60,-9.277435731532417,-0.10586007039104739,False
0.010030301522266144,-1.1163375109097218,-0.7460258116787011,60,-9.277435731532417,-0.10583233556142742,False
0.010030958986360805,-1.1148037438038525,-0.7460258116787011,60,-9.277435731532417,-0.10569443311510623,False
0.010031528147816613,-1.1135032946748475,-0.7460258116787011,60,-9.277435731532417,-0.10557822772747366,False
0.010034193776068609,-1.1123497533364166,-0.7460258116787011,60,-9.277435731532417,-0.10543630947848462,False
0.010034372045904886,-1.1099358743289844,-0.7460258116787011,60,-9.277435731532417,-0.10512376537989493,False
0.010035362239601312,-1.1099358743289844,-0.7460258116787011,60,-9.277435731532417,-0.10512376537989493,False
0.010037675726564634,-1.1089419270685126,-0.7460258116787011,60,-9.277435731532417,-0.10500076155100814,False
0.010037885051218371,-1.0936512495895914,-0.7148659390488632,59,-9.277435731532417,-0.10493450797647559,False
0.010040055646584469,-1.0936512495895914,-0.7148659390488632,59,-9.277435731532417,-0.10493450797647559,False
0.010040431583543813,-1.0936512495895914,-0.7148659390488632,59,-9.277435731532417,-0.10493450797647559,False
0.01004579378229321,-1.092549745106579,-0.7148659390488632,59,-9.277435731532417,-0.10480248189300086,False
0.010052644806802033,-1.0912724467709836,-0.7148659390488632,59,-9.277435731532417,-0.10464938118909325,False
0.010052894132160881,-1.089869348751584,-0.7148659390488632,59,-9.277435731532417,-0.10453437632736817,False
0.010059275908723957,-1.088652253674046,-0.7148659390488632,59,-9.277435731532417,-0.10439394236442075,False
0.010060375793465904,-1.088652253674046,-0.7148659390488632,59,-9.277435731532417,-0.10439394236442075,False
0.01006038430953709,-1.0794102313151799,-0.7148659390488632,59,-9.277435731532417,-0.10436859848625835,False
0.010063616797469917,-1.0723626084412212,-0.7019207762578468,59,-9.277435731532417,-0.1042583241561088,False
0.010076612611769897,-1.0766952755197627,-0.7019207762578468,59,-9.277435731532417,-0.10436960208664031,False
0.010077160811286949,-1.075284607652117,-0.7019207762578468,59,-9.277435731532417,-0.10420596082838862,False
0.01007850658293065,-1.073736312925735,-0.7019207762578468,59,-9.277435731532417,-0.10401706031142449,False
0.010078600557496625,-1.0723955035552952,-0.7019207762578468,59,-9.277435731532417,-0.10386911556516283,False
0.010081863648739326,-1.0708877263018644,-0.7019207762578468,59,-9.277435731532417,-0.10375659117681726,False
0.010084217520320703,-1.0708877263018644,-0.7019207762578468,59,-9.277435731532417,-0.10375659117681726,False
0.01009342703714427,-1.067611859844019,-0.7019207762578468,59,-9.277435731532417,-0.10370778704409978,False
0.010097587155783648,-1.0642561753188315,-0.7019207762578468,59,-9.277435731532417,-0.10364318595111721,False
0.010098237677747873,-1.05566933693612,-0.7019207762578468,59,-9.277435731532417,-0.10359702595876943,False
0.010104305226907173,-1.0541966865525005,-0.7019207762578468,59,-9.277435731532417,-0.10344275198497016,False
0.010108301014562978,-1.0526427672429788,-0.7019207762578468,59,-9.277435731532417,-0.10326959999027245,False
0.010109976674299793,-1.0486097322744856,-0.7019207762578468,59,-9.277435731532417,-0.10311021149462862,False
0.010110189872201253,-1.0469251914862725,-0.7019207762578468,59,-9.277435731532417,-0.10296383833796682,False
0.010111423354953821,-1.0469251914862725,-0.7019207762578468,59,-9.277435731532417,-0.10296383833796682,False
0.010115791785679729,-1.0388883768816368,-0.7019207762578468,59,-9.277435731532417,-0.10299475270542952,False
0.010118687653433394,-1.0372747998246126,-0.7019207762578468,59,-9.277435731532417,-0.10288591317818031,False
0.01012297260373459,-1.0105239844342937,-0.7019207762578468,59,-9.277435731532417,-0.10293454859881057,False
0.010136860376939252,-1.0089114896495064,-0.7019207762578468,59,-9.277435731532417,-0.10277540055594304,False
0.010141499295962779,-1.0089114896495064,-0.7019207762578468,59,-9.277435731532417,-0.10277540055594304,False
0.010146651585011454,-1.0072042644399295,-0.7019207762578468,59,-9.277435731532417,-0.10259418112772437,False
0.010158635961738695,-0.9953696219041346,-0.7019207762578468,59,-9.277435731532417,-0.10129126574386449,False
0.01016341029881544,-0.9936150668019345,-0.7019207762578468,59,-9.277435731532417,-0.10115425412692015,False
0.010163580057857653,-0.9918956671870854,-0.7019207762578468,58,-9.277435731532417,-0.10105019381566484,False
0.010168621494419529,-0.9918956671870854,-0.7019207762578468,58,-9.277435731532417,-0.10105019381566484,False
0.010169221004672992,-0.9867755292860259,-0.7019207762578468,58,-9.277435731532417,-0.10103285082391116,False
0.010176756451177594,-0.9850154458735855,-0.7019207762578468,58,-9.277435731532417,-0.10087052634937024,False
0.010182080823573685,-0.9831254904907777,-0.7019207762578468,58,-9.277435731532417,-0.10073735472544,False
0.010184184087568795,-0.9757168657124783,-0.7019207762578468,58,-9.277435731532417,-0.10077907180043714,False
0.010188947101359817,-0.9740816088153522,-0.7019207762578468,58,-9.277435731532417,-0.10058769455562394,False
0.010192865295336053,-0.9722109463331673,-0.7019207762578468,58,-9.277435731532417,-0.10040026679533483,False
0.010193740239821766,-0.9695532877203429,-0.7019207762578468,58,-9.277435731532417,-0.1004583421568621,False
0.010196879400671781,-0.9695532877203429,-0.7019207762578468,58,-9.277435731532417,-0.1004583421568621,False
0.010201152644403055,-0.9677068748642573,-0.7019207762578468,58,-9.277435731532417,-0.10030418776897308,False
0.01021279952402511,-0.9656789774562633,-0.7019207762578468,58,-9.277435731532417,-0.10017657622868611,False
0.010216691119202039,-0.9638549262483487,-0.6451242880551411,58,-9.277435731532417,-0.1000782439321068,False
0.0102245211994543,-0.9619399088255808,-0.6451242880551411,58,-9.277435731532417,-0.099914635298317,False
0.0102290255575661,-0.9496616506297332,-0.6451242880551411,58,-9.277435731532417,-0.09994592584284265,False
0.010240294955385034,-0.9496616506297332,-0.6451242880551411,58,-9.277435731532417,-0.09994592584284265,False
0.010245207656511839,-0.9496616506297332,-0.6451242880551411,58,-9.277435731532417,-0.09994592584284265,False
0.010247510561677907,-0.9476174710173814,-0.6451242880551411,58,-9.277435731532417,-0.09975454134389619,False
0.010255242750076528,-0.9454503670771488,-0.6451242880551411,58,-9.277435731532417,-0.09963407205262911,False
0.01026588503098553,-0.9371992511827805,-0.6451242880551411,58,-9.277435731532417,-0.09967434621132121,False
0.010273133992782717,-0.9202612114467282,-0.6451242880551411,58,-9.277435731532417,-0.09964741517888662,False
0.010278077128948973,-0.9183349901625029,-0.6451242880551411,58,-9.277435731532417,-0.09955559268764842,False
0.01028048828581531,-0.9162582792731194,-0.6451242880551411,58,-9.277435731532417,-0.09939272394849884,False
0.01028182857715865,-0.9252088194009497,-0.6451242880551411,58,-9.277435731532417,-0.09950696167626166,False
0.010286526140595905,-0.9158490137870443,-0.5767343804181322,58,-9.277435731532417,-0.09948766506071427,False
0.010287553712439952,-0.9060243216282443,-0.5767343804181322,58,-9.277435731532417,-0.09947900904803893,False
0.010292943876060945,-0.9060243216282443,-0.5767343804181322,58,-9.277435731532417,-0.09947900904803893,False
0.010293878710003576,-0.9017679641877464,-0.5767343804181322,58,-9.277435731532417,-0.09933856105758611,False
0.010296109011406245,-0.898573865627057,-0.5767343804181322,58,-9.277435731532417,-0.09930749819171146,False
0.01030503286531703,-0.8965543947126957,-0.5767343804181322,58,-9.277435731532417,-0.09914650409461041,False
0.010309061697765475,-0.8942483084965496,-0.5767343804181322,57,-9.277435731532417,-0.09903452769978649,False
0.01031113853997267,-0.8920207635360139,-0.5767343804181322,57,-9.277435731532417,-0.09884177620903564,False
0.010311339205966143,-0.8867955125658779,-0.5767343804181322,57,-9.277435731532417,-0.09883346649462968,False
0.010314967952165488,-0.8792452333258938,-0.5767343804181322,57,-9.277435731532417,-0.09875007552264807,False
0.010315893996632861,-0.8758002445483318,-0.5767343804181322,57,-9.277435731532417,-0.09869724503603164,False
0.010317519196035258,-0.8740852210819373,-0.5767343804181322,57,-9.277435731532417,-0.09850645555962341,False
0.010345047319295288,-0.8718408457479058,-0.5767343804181322,57,-9.277435731532417,-0.09834640874392926,False
0.010347679814786393,-0.869816331790552,-0.5767343804181322,57,-9.277435731532417,-0.09826169699188286,False
0.010361013059564361,-0.869816331790552,-0.5767343804181322,57,-9.277435731532417,-0.09826169699188286,False
0.010373353615840464,-0.8673731152061813,-0.5148671638025664,57,-9.277435731532417,-0.09815927865767123,False
0.010384301777988339,-0.8649527461617221,-0.5148671638025664,57,-9.277435731532417,-0.09796799899520232,False
0.010394079816980178,-0.8635468409696523,-0.5148671638025664,57,-9.277435731532417,-0.0980222366227791,False
0.010408840651880889,-0.8576701865423294,-0.5148671638025664,57,-9.277435731532417,-0.09806563493877035,False
0.010418473263914305,-0.8552531379411893,-0.5148671638025664,57,-9.277435731532417,-0.09791046430759573,False
0.010419385397294145,-0.8469373657150787,-0.5148671638025664,57,-9.277435731532417,-0.09795776847831503,False
0.010423066865363439,-0.8447336122478774,-0.5148671638025664,57,-9.277435731532417,-0.09779112065915374,False
0.010425330762699407,-0.8426161238296024,-0.5148671638025664,57,-9.277435731532417,-0.09771393363405297,False
0.010433391613369676,-0.8426161238296024,-0.5148671638025664,57,-9.277435731532417,-0.09771393363405297,False
0.010448085993312315,-0.840039451952779,-0.46444806952506656,57,-9.277435731532417,-0.09762184818080717,False
0.010465542712825252,-0.8279067843824468,-0.46444806952506656,57,-9.277435731532417,-0.09765603996288112,False
0.010465918229029982,-0.8261223565967682,-0.46444806952506656,57,-9.277435731532417,-0.09746919411972069,False
0.01046740575831,-0.8235003207882008,-0.46444806952506656,57,-9.277435731532417,-0.09728235803645212,False
0.01046903673199323,-0.8029214071189265,-0.46444806952506656,57,-9.277435731532417,-0.09735222953940958,False
0.010475530163755183,-0.8029214071189265,-0.46444806952506656,57,-9.277435731532417,-0.09735222953940958,False
0.010487816730128592,-0.7927634790340733,-0.46444806952506656,57,-9.277435731532417,-0.09735649746654897,False
0.010490154929797045,-0.8035102575851388,-0.46444806952506656,57,-9.277435731532417,-0.09747060944746062,False
0.010491785025461692,-0.799038038751226,-0.3926327531007292,57,-9.277435731532417,-0.09734948420032605,False
0.010500970645721364,-0.796444536004154,-0.3926327531007292,57,-9.277435731532417,-0.09720113589119289,False
0.010502637432399167,-0.796444536004154,-0.3926327531007292,57,-9.277435731532417,-0.09720113589119289,False
0.01050539449383597,-0.7786355954913735,-0.3926327531007292,57,-9.277435731532417,-0.09720734694627076,False
0.010510692859040984,-0.7755774533995742,-0.3926327531007292,57,-9.277435731532417,-0.09719217242038589,False
0.010510755947237311,-0.77337380107105,-0.3926327531007292,57,-9.277435731532417,-0.09712274173212235,False
0.01052038447812658,-0.7630121279542107,-0.3926327531007292,57,-9.277435731532417,-0.09712811592430758,False
0.010533533113936717,-0.7603076242136004,-0.3926327531007292,57,-9.277435731532417,-0.09704685001354978,False
0.010535372661112305,-0.7603076242136004,-0.3926327531007292,57,-9.277435731532417,-0.09704685001354978,False
0.01054300729207696,-0.7567930183461147,-0.3926327531007292,57,-9.277435731532417,-0.09700494455530041,False
0.01054440478780035,-0.7514609285066827,-0.3926327531007292,57,-9.277435731532417,-0.0963694497507665,False
0.010545904458620657,-0.7514609285066827,-0.3926327531007292,57,-9.277435731532417,-0.0963694497507665,False
0.010549189109626964,-0.7500338265632923,-0.3926327531007292,57,-9.277435731532417,-0.0962127674335971,False
0.010553077540459975,-0.7500338265632923,-0.3926327531007292,57,-9.277435731532417,-0.0962127674335971,False
0.010556552298302636,-0.7476347349888155,-0.3926327531007292,57,-9.277435731532417,-0.09604188887710702,False
0.010560696240916436,-0.7460663029639162,-0.3926327531007292,57,-9.277435731532417,-0.09587752907540692,False
0.010560907643279493,-0.7432346673166159,-0.3926327531007292,57,-9.277435731532417,-0.09569810545988386,False
0.010565366702623317,-0.7432346673166159,-0.3926327531007292,57,-9.277435731532417,-0.09569810545988386,False
0.010571935650315941,-0.7432346673166159,-0.3926327531007292,57,-9.277435731532417,-0.09569810545988386,False
0.010579797712523833,-0.7415156602677411,-0.3926327531007292,57,-9.277435731532417,-0.09552776120781563,False
0.010580747104312914,-0.7334617368975157,-0.3926327531007292,57,-9.277435731532417,-0.09546920691384861,False
0.010581943418036149,-0.7334617368975157,-0.3926327531007292,57,-9.277435731532417,-0.09546920691384861,False
0.010592684153370476,-0.7306894284428593,-0.3926327531007292,56,-9.277435731532417,-0.0953294372519621,False
0.010603622401332318,-0.7284078349653101,-0.3926327531007292,56,-9.277435731532417,-0.09526781857574519,False
0.010607265153720687,-0.7265291292165773,-0.3926327531007292,56,-9.277435731532417,-0.09509354777706067,False
0.010611421291071331,-0.7265291292165773,-0.3926327531007292,56,-9.277435731532417,-0.09509354777706067,False
0.01062898689027973,-0.7237045248417547,-0.3926327531007292,56,-9.277435731532417,-0.09502325045850435,False
0.010635920490923828,-0.7218646404490616,-0.3926327531007292,56,-9.277435731532417,-0.09484381120595776,False
0.010643653864101703,-0.71981739742559,-0.3926327531007292,56,-9.277435731532417,-0.09466798177474485,False
0.01066512516269338,-0.7167693707285541,-0.3926327531007292,55,-9.277435731532417,-0.09449878251753668,False
0.010670270796335195,-0.7145337563616185,-0.3926327531007292,55,-9.277435731532417,-0.09447236196158235,False
0.010689589235654658,-0.7123096076225326,-0.3926327531007292,55,-9.277435731532417,-0.09429757409297926,False
0.010693644994062,-0.7093578204920381,-0.3926327531007292,55,-9.277435731532417,-0.09416788356253335,False
0.010699446693208738,-0.7201025634380877,-0.4496774396943213,55,-9.277435731532417,-0.09427940123586817,False
0.010700991689892933,-0.709165901774376,-0.4496774396943213,55,-9.277435731532417,-0.0943035636398649,False
0.01070292014790961,-0.704489135257368,-0.4496774396943213,55,-9.277435731532417,-0.09420154143420936,False
0.010703454522932334,-0.7021391713394882,-0.4496774396943213,55,-9.277435731532417,-0.09414762991105646,False
0.010706764375118905,-0.6995341078007086,-0.4496774396943213,55,-9.277435731532417,-0.09397416411564143,False
0.01072201402218889,-0.6971556827024434,-0.4496774396943213,55,-9.277435731532417,-0.09395067733532281,False
0.010733362331148133,-0.6811735285615359,-0.4496774396943213,55,-9.277435731532417,-0.09398540736768972,False
0.010733582813742273,-0.6782386175860444,-0.4496774396943213,55,-9.277435731532417,-0.09392597478328385,False
0.010735932991461146,-0.6753704889261865,-0.4496774396943213,55,-9.277435731532417,-0.09392456603943612,False
0.01074549612584685,-0.6729617819927495,-0.4496774396943213,55,-9.277435731532417,-0.09375354847223338,False
0.010755409778994756,-0.6621525902475094,-0.4496774396943213,55,-9.277435731532417,-0.09377235140524963,False
0.01077763395301745,-0.6585904461212156,-0.4496774396943213,55,-9.277435731532417,-0.09374034953746156,False
0.010780302518408339,-0.6553207757034766,-0.4496774396943213,55,-9.277435731532417,-0.09358388674472266,False
0.010780630981761179,-0.6527927717280042,-0.4496774396943213,55,-9.277435731532417,-0.09356349600431313,False
0.01080371321020129,-0.6496627291106247,-0.3926327531007292,55,-9.277435731532417,-0.09344507063579231,False
0.010809695442106294,-0.6472552070636555,-0.3926327531007292,55,-9.277435731532417,-0.09339862007477913,False
0.010811875498650734,-0.6446552572495368,-0.3926327531007292,55,-9.277435731532417,-0.0932341041335242,False
0.010828362526193113,-0.6479421830714128,-0.3926327531007292,55,-9.277435731532417,-0.09331902849272422,False
0.010829326188094138,-0.6460646946630534,-0.3926327531007292,54,-9.277435731532417,-0.09315036428048382,False
0.010846553813232464,-0.6433810629666027,-0.3926327531007292,54,-9.277435731532417,-0.09313321907769977,False
0.010846849699118258,-0.640347756910681,-0.3926327531007292,54,-9.277435731532417,-0.0930842903564804,False
0.010859423022432839,-0.6318044317552733,-0.3926327531007292,54,-9.277435731532417,-0.09304792882609121,False
0.010875092869489754,-0.6289835653664163,-0.3926327531007292,54,-9.277435731532417,-0.09287371248168176,False
0.01088909952053032,-0.6261869651053842,-0.3926327531007292,53,-9.277435731532417,-0.0927182969677568,False
0.010906574968752117,-0.6226922782734746,-0.3926327531007292,53,-9.277435731532417,-0.0925766522268341,False
0.010920134420556596,-0.6142071428026261,-0.38447823282935856,53,-9.277435731532417,-0.09167082238328449,False
0.010920146574981863,-0.6113625260857635,-0.38447823282935856,53,-9.277435731532417,-0.09165704787752414,False
0.010921705239961685,-0.6089092913127819,-0.38447823282935856,53,-9.277435731532417,-0.0916176921298465,False
0.010922717898299919,-0.6056043380859958,-0.38447823282935856,53,-9.277435731532417,-0.09151138822069779,False
0.010923153873924065,-0.6044679858270036,-0.38447823282935856,53,-9.277435731532417,-0.09144293396670199,False
0.010924623607914604,-0.592865265564493,-0.38447823282935856,53,-9.277435731532417,-0.09148320190533499,False
0.01092479526243522,-0.592865265564493,-0.38447823282935856,53,-9.277435731532417,-0.09148320190533499,False
0.010926527103837185,-0.5879994366418374,-0.38447823282935856,53,-9.277435731532417,-0.09139951090130095,False
0.010934141135030741,-0.5867842728721269,-0.38447823282935856,52,-9.277435731532417,-0.09133582845980158,False
0.010936852399204415,-0.5867842728721269,-0.38447823282935856,52,-9.277435731532417,-0.09133582845980158,False
0.010953250318857142,-0.5854911358452916,-0.38447823282935856,52,-9.277435731532417,-0.09127750283025383,False
0.010955850669035457,-0.5854911358452916,-0.38447823282935856,52,-9.277435731532417,-0.09127750283025383,False
0.010959046279402489,-0.5769219106358038,-0.38447823282935856,52,-9.277435731532417,-0.09133441498124795,False
0.010968483530872647,-0.5738041427130651,-0.38447823282935856,52,-9.277435731532417,-0.09129541116713229,False
0.010970279620655887,-0.5711762100164686,-0.38447823282935856,52,-9.277435731532417,-0.09130551799822738,False
0.010977460875626918,-0.5681791531815954,-0.38447823282935856,52,-9.277435731532417,-0.09116153634659366,False
0.010980585502001265,-0.5668099009959302,-0.38447823282935856,52,-9.277435731532417,-0.09110896238374147,False
0.010981437094457468,-0.5668099009959302,-0.38447823282935856,52,-9.277435731532417,-0.09110896238374147,False
0.01098213884996793,-0.5557201960649594,-0.38447823282935856,52,-9.277435731532417,-0.09113550025685445,False
0.011001838707780551,-0.5527101480850432,-0.38447823282935856,52,-9.277435731532417,-0.09112518785364898,False
0.011013118270830523,-0.5527101480850432,-0.38447823282935856,52,-9.277435731532417,-0.09112518785364898,False
0.011016163082801341,-0.551267731880082,-0.38447823282935856,52,-9.277435731532417,-0.09107857240619648,False
0.011018291434401377,-0.5476821362164039,-0.38447823282935856,52,-9.277435731532417,-0.09105534269002946,False
0.011028807618375842,-0.5476821362164039,-0.38447823282935856,52,-9.277435731532417,-0.09105534269002946,False
0.011038680094554422,-0.545195828527728,-0.38447823282935856,52,-9.277435731532417,-0.09102261845324142,False
0.011038807511512138,-0.5434085794021938,-0.38447823282935856,52,-9.277435731532417,-0.09080613572525191,False
0.011039568073768456,-0.5428277348767425,-0.38447823282935856,52,-9.277435731532417,-0.09074119006111843,False
0.011042710979754818,-0.5428277348767425,-0.38447823282935856,52,-9.277435731532417,-0.09074119006111843,False
0.01104398889202561,-0.5391069904154101,-0.38447823282935856,52,-9.277435731532417,-0.09061591850301198,False
0.011045570812771268,-0.5384644935788148,-0.38447823282935856,52,-9.277435731532417,-0.09054740053660888,False
0.011047859443586187,-0.5365712925579751,-0.38447823282935856,52,-9.277435731532417,-0.09039257784121496,False
0.01105035032680419,-0.5330972004149623,-0.38447823282935856,52,-9.277435731532417,-0.09029890116224447,False
0.01105038922390295,-0.5330972004149623,-0.38447823282935856,52,-9.277435731532417,-0.09029890116224447,False
0.011050861104174437,-0.5330972004149623,-0.38447823282935856,52,-9.277435731532417,-0.09029890116224447,False
0.011057394024022628,-0.5323891055051229,-0.38447823282935856,52,-9.277435731532417,-0.09022747326803478,False
0.011059814320144218,-0.5308776116891447,-0.38447823282935856,52,-9.277435731532417,-0.09018684796256055,False
0.011062436307076146,-0.5308776116891447,-0.38447823282935856,52,-9.277435731532417,-0.09018684796256055,False
0.011062784498901166,-0.5278323324020022,-0.38447823282935856,52,-9.277435731532417,-0.09001386752322477,False
0.01107556367477732,-0.5270548617242016,-0.38447823282935856,52,-9.277435731532417,-0.08994035072809949,False
0.011077113018019837,-0.5238555674729475,-0.38447823282935856,52,-9.277435731532417,-0.08980975647570798,False
0.011092038702408954,-0.5206768881573712,-0.38447823282935856,52,-9.277435731532417,-0.0898029583477238,False
0.011092655567571028,-0.5206768881573712,-0.38447823282935856,52,-9.277435731532417,-0.0898029583477238,False
0.011097160777900152,-0.5174904555877267,-0.38447823282935856,52,-9.277435731532417,-0.08977314676736407,False
0.011100555976167268,-0.5166400731507248,-0.38447823282935856,52,-9.277435731532417,-0.08969849723336998,False
0.011108366970559364,-0.5124571944010272,-0.38447823282935856,52,-9.277435731532417,-0.08916157213100874,False
0.01110914894207795,-0.5114648739758502,-0.38447823282935856,52,-9.277435731532417,-0.08905008156822332,False
0.011111297003105482,-0.5098895304105434,-0.38447823282935856,52,-9.277435731532417,-0.08901532829121647,False
0.011112483552674187,-0.5098895304105434,-0.38447823282935856,52,-9.277435731532417,-0.08901532829121647,False
0.011115474326448377,-0.50879641293869,-0.38447823282935856,52,-9.277435731532417,-0.08889998542670498,False
0.011121121925052066,-0.50879641293869,-0.38447823282935856,52,-9.277435731532417,-0.08889998542670498,False
0.011127746937017681,-0.5075965426316291,-0.36936803572595656,52,-9.277435731532417,-0.08878227962043385,False
0.011132816015893143,-0.506670076933983,-0.36936803572595656,52,-9.277435731532417,-0.08870755591848928,False
0.01113367507747128,-0.506670076933983,-0.36936803572595656,52,-9.277435731532417,-0.08870755591848928,False
0.011139361118222528,-0.506670076933983,-0.36936803572595656,52,-9.277435731532417,-0.08870755591848928,False
0.011146460949477507,-0.505357833992789,-0.3333707443202001,52,-9.277435731532417,-0.08858917207496982,False
0.011148995237706101,-0.4963627923623629,-0.3333707443202001,52,-9.277435731532417,-0.08857197682129046,False
0.011149596520710046,-0.4963627923623629,-0.3333707443202001,52,-9.277435731532417,-0.08857197682129046,False
0.011156649128724584,-0.48438669986590177,-0.3333707443202001,52,-9.277435731532417,-0.08862457183147923,False
0.011159806934022626,-0.48188052105490603,-0.3333707443202001,52,-9.277435731532417,-0.08859794548428722,False
0.011161504592705486,-0.47684572683195126,-0.3333707443202001,52,-9.277435731532417,-0.08853138045333145,False
0.011168469031632508,-0.47684572683195126,-0.3333707443202001,52,-9.277435731532417,-0.08853138045333145,False
0.011170443683734505,-0.47521285000678587,-0.3333707443202001,52,-9.277435731532417,-0.08850225980185356,False
0.011172067678488854,-0.4737830827472525,-0.3333707443202001,51,-9.277435731532417,-0.08838501038991224,False
0.011172915874509312,-0.47277781970550997,-0.3333707443202001,51,-9.277435731532417,-0.08831132270560044,False
0.01118003128181703,-0.47596342695496285,-0.3333707443202001,51,-9.277435731532417,-0.08838478202637931,False
0.011186162022007505,-0.472328414590782,-0.3333707443202001,51,-9.277435731532417,-0.08830388642569897,False
0.011188164533833195,-0.4689274893413449,-0.3333707443202001,51,-9.277435731532417,-0.08818815963871836,False
0.011189951193459766,-0.4689274893413449,-0.3333707443202001,51,-9.277435731532417,-0.08818815963871836,False
0.01119107363396111,-0.4655786658895533,-0.3333707443202001,51,-9.277435731532417,-0.08818488142990479,False
0.011192422337476016,-0.4616336231665331,-0.27473480181118237,51,-9.277435731532417,-0.08807695395809258,False
0.01119666916816651,-0.4825442908913513,-0.27473480181118237,51,-9.277435731532417,-0.0881712635683937,False
0.01120064424905681,-0.4714565960676657,-0.27473480181118237,51,-9.277435731532417,-0.0882011996863099,False
0.011204892563723423,-0.46990480218580727,-0.27473480181118237,51,-9.277435731532417,-0.08808694353507765,False
0.011211952327722742,-0.46755937627149646,-0.27473480181118237,51,-9.277435731532417,-0.08810631387429683,False
0.01122107397130779,-0.46647318256822834,-0.27473480181118237,51,-9.277435731532417,-0.0880347660840484,False
0.011231896054014744,-0.46323550463292745,-0.27473480181118237,51,-9.277435731532417,-0.08801328063361,False
0.011236820047543077,-0.4615524363455536,-0.27473480181118237,51,-9.277435731532417,-0.08798945567613085,False
0.011243737745216463,-0.4615524363455536,-0.27473480181118237,51,-9.277435731532417,-0.08798945567613085,False
0.01124530091650318,-0.4598749302302331,-0.27473480181118237,51,-9.277435731532417,-0.08788000619633646,False
0.01126322336327348,-0.4562914404699701,-0.27473480181118237,51,-9.277435731532417,-0.08786436815229605,False
0.011269358220369303,-0.45528918397312174,-0.27473480181118237,51,-9.277435731532417,-0.08772867590000971,False
0.011271044300828361,-0.4520127009548088,-0.27473480181118237,51,-9.277435731532417,-0.0875590137661158,False
0.011277597779452994,-0.4508441518556067,-0.27473480181118237,51,-9.277435731532417,-0.08749063762542417,False
0.011284251017097492,-0.4483315614146634,-0.27473480181118237,51,-9.277435731532417,-0.08746953085133324,False
0.011290267395621681,-0.4472231097428647,-0.27473480181118237,51,-9.277435731532417,-0.08732128894504307,False
0.011292906986378448,-0.4453399658163177,-0.27473480181118237,51,-9.277435731532417,-0.08718285735730617,False
0.011293484327084954,-0.44353407310745074,-0.27473480181118237,51,-9.277435731532417,-0.08707988914460099,False
0.01129919826051224,-0.4400157491597196,-0.27473480181118237,51,-9.277435731532417,-0.08708008593604973,False
0.01130018477594678,-0.4400157491597196,-0.27473480181118237,51,-9.277435731532417,-0.08708008593604973,False
0.011309982218632697,-0.438290744286476,-0.27473480181118237,51,-9.277435731532417,-0.08706115213813805,False
0.011310454552119344,-0.4346916633722986,-0.1995627614910198,51,-9.277435731532417,-0.08696124651679872,False
0.011319330733685113,-0.43346875597624346,-0.1995627614910198,51,-9.277435731532417,-0.08680050122158653,False
0.011329622219649548,-0.42968374595248343,-0.1995627614910198,51,-9.277435731532417,-0.08673221901983044,False
0.011342842907315355,-0.42843223349026843,-0.16368579759382929,50,-9.277435731532417,-0.08666792634045631,False
0.011349638176264703,-0.42649647961456966,-0.16368579759382929,50,-9.277435731532417,-0.08657289174065193,False
0.011351528360195694,-0.4223322023084156,-0.07485815687533481,50,-9.277435731532417,-0.08648267256574162,False
0.011357543230581232,-0.42098645570133364,-0.07485815687533481,50,-9.277435731532417,-0.08630979848858429,False
0.011358586898666865,-0.42098645570133364,-0.07485815687533481,50,-9.277435731532417,-0.08630979848858429,False
0.011371303296658851,-0.4177162851817276,-0.07485815687533481,50,-9.277435731532417,-0.08629570547463272,False
0.011389361540010828,-0.4159583540748297,-0.07485815687533481,50,-9.277435731532417,-0.0862812147940265,False
0.011391874673906698,-0.4277956284874168,-0.07485815687533481,50,-9.277435731532417,-0.08636607812494573,False
0.011393772395734992,-0.4160500228176089,-0.07485815687533481,50,-9.277435731532417,-0.08642732423108992,False
0.011405772169600493,-0.4145729382588075,-0.07485815687533481,50,-9.277435731532417,-0.08624305947487997,False
0.011406109192929278,-0.4093940144583222,-0.07485815687533481,50,-9.277435731532417,-0.08619208250646572,False
0.011412215693719056,-0.39873277022034975,-0.07485815687533481,50,-9.277435731532417,-0.08622398830382781,False
0.011413838606116276,-0.39666707581128546,-0.07485815687533481,50,-9.277435731532417,-0.08613805167586691,False
0.011416675111508364,-0.39298266164924195,-0.07485815687533481,50,-9.277435731532417,-0.08614162535436845,False
0.01141700488662126,-0.39164851765475384,-0.03829827502806715,50,-9.277435731532417,-0.08608214894786917,False
0.011443754207991904,-0.38785808416881556,0.001103983927060348,50,-9.277435731532417,-0.08599847436106729,False
0.011446940368386714,-0.3784842895417065,0.001103983927060348,50,-9.277435731532417,-0.08599724451996915,False
0.01145882576255474,-0.3764521287121071,0.001103983927060348,50,-9.277435731532417,-0.08602372606858502,False
0.011465034471378713,-0.3748351856292582,0.001103983927060348,50,-9.277435731532417,-0.08582920420365825,False
0.011474183308530925,-0.3730538932107774,0.001103983927060348,50,-9.277435731532417,-0.08581868611673166,False
0.011480088133930305,-0.3691325855151368,0.001103983927060348,50,-9.277435731532417,-0.08576256346129892,False
0.011486113945588216,-0.366938449294522,0.001103983927060348,50,-9.277435731532417,-0.08568655664354789,False
0.011488524775722021,-0.366938449294522,0.001103983927060348,50,-9.277435731532417,-0.08568655664354789,False
0.011500196012550685,-0.3655230566609957,0.02631104356910363,50,-9.277435731532417,-0.08563242346026138,False
0.011500948547425813,-0.36201104965392417,0.02631104356910363,50,-9.277435731532417,-0.08546819111462738,False
0.011510543773174939,-0.3584559759991192,0.02631104356910363,50,-9.277435731532417,-0.08545896760759097,False
0.01151427312044017,-0.3551729774761436,0.02631104356910363,50,-9.277435731532417,-0.08545130479296421,False
0.011520914794971837,-0.3507985074796042,0.02631104356910363,50,-9.277435731532417,-0.08537860690112618,False
0.01153633447026164,-0.3490333033270599,0.02631104356910363,50,-9.277435731532417,-0.08517537345795356,False
0.011543648700965643,-0.34518970492693113,0.02631104356910363,50,-9.277435731532417,-0.08518217301296158,False
0.011563751353845962,-0.34339497334643154,0.02631104356910363,50,-9.277435731532417,-0.08517515287536043,False
0.011565796326615996,-0.34155097706271825,0.02631104356910363,50,-9.277435731532417,-0.08505500664397013,False
0.011566493623770156,-0.33923167567158913,0.02631104356910363,50,-9.277435731532417,-0.08498941694562331,False
0.011568716676408984,-0.3611398595067159,0.02631104356910363,50,-9.277435731532417,-0.08508813563216058,False
0.01158765718959591,-0.3571687619759267,0.02631104356910363,50,-9.277435731532417,-0.08502058066348006,False
0.011592508375335068,-0.35567462307915465,0.02631104356910363,50,-9.277435731532417,-0.08497210099833316,False
0.01159409369947263,-0.37030716702456035,0.02631104356910363,50,-9.277435731532417,-0.08506416777310788,False
0.011602657034368951,-0.36826212525208746,0.02631104356910363,50,-9.277435731532417,-0.08483915791000736,False
0.011620653449957009,-0.36634051622447783,0.02631104356910363,50,-9.277435731532417,-0.08462916080001279,False
0.011632705187196196,-0.35586993858796867,0.02631104356910363,50,-9.277435731532417,-0.08469587794646813,False
0.011636810605249919,-0.3518288314559792,0.02631104356910363,50,-9.277435731532417,-0.08465122093888622,False
0.011652812900169953,-0.3495592093568856,0.02631104356910363,50,-9.277435731532417,-0.08440466179258424,False
0.01165481596230847,-0.3471199245974712,0.02631104356910363,50,-9.277435731532417,-0.08434963852015188,False
0.011657369644971396,-0.3453217988177953,0.02631104356910363,50,-9.277435731532417,-0.08434565024993995,False
0.011658472694400446,-0.3400284150662752,0.02631104356910363,50,-9.277435731532417,-0.0843084843432058,False
0.011680178606681243,-0.33603684274447815,0.02631104356910363,50,-9.277435731532417,-0.08431830700974695,False
0.011693763093556605,-0.33446764246880606,0.02631104356910363,50,-9.277435731532417,-0.0842755838587324,False
0.011696282171292337,-0.3331494977896094,0.02631104356910363,50,-9.277435731532417,-0.0841050105044699,False
0.011700010888029721,-0.32857836922897377,0.02631104356910363,50,-9.277435731532417,-0.08404913813304776,False
0.011708677719117646,-0.32687612488293183,0.02631104356910363,50,-9.277435731532417,-0.08408075520667699,False
0.011712950588007882,-0.3254112210280536,0.02631104356910363,50,-9.277435731532417,-0.08389490170958902,False
0.01171387534724159,-0.322894643007623,0.02631104356910363,50,-9.277435731532417,-0.0836275352770514,False
0.011719036820704925,-0.3208089640158604,0.02631104356910363,50,-9.277435731532417,-0.08341309317924488,False
0.011738016931831694,-0.3191841450285624,0.02631104356910363,50,-9.277435731532417,-0.08321224147137622,False
0.0117416236923187,-0.31504734262663814,0.02631104356910363,50,-9.277435731532417,-0.08316022264965542,False
0.01175046223374937,-0.3054194126878587,0.02631104356910363,50,-9.277435731532417,-0.08317176673584399,False
0.011750763960066118,-0.30286734859460823,0.02631104356910363,50,-9.277435731532417,-0.08312715300705435,False
0.011753135479935319,-0.2991188029286373,0.02631104356910363,50,-9.277435731532417,-0.0829704126663185,False
0.011756076789253646,-0.2924578423926424,0.02631104356910363,50,-9.277435731532417,-0.08280107984833847,False
0.011758239668380452,-0.28895761063304215,0.02631104356910363,50,-9.277435731532417,-0.08279710313050904,False
0.011772313920690886,-0.2871590307268494,0.02631104356910363,50,-9.277435731532417,-0.0825820121668674,False
0.011787040362360827,-0.28437113759525756,0.02631104356910363,50,-9.277435731532417,-0.08229553803804616,False
0.011789387280342989,-0.2985039640788973,0.02631104356910363,50,-9.277435731532417,-0.08239153733487652,False
0.011798794511325586,-0.2943623201579393,0.02631104356910363,50,-9.277435731532417,-0.0823574650094235,False
0.011803768506587426,-0.29272296899806727,0.02631104356910363,50,-9.277435731532417,-0.08232042082614711,False
0.01181686715282698,-0.29073601896671447,0.02631104356910363,50,-9.277435731532417,-0.08209238192089816,False
0.011826243033737199,-0.2866129415465287,0.02631104356910363,50,-9.277435731532417,-0.08210497984077227,False
0.011832479326405992,-0.28435621779451964,0.02631104356910363,50,-9.277435731532417,-0.08188871785058026,False
0.01185399659662776,-0.28170064882070733,0.02631104356910363,50,-9.277435731532417,-0.08185409511986533,False
0.011867517334339016,-0.27992720944994387,0.02631104356910363,50,-9.277435731532417,-0.08175334127798241,False
0.01186955523959656,-0.2721456655854248,0.02631104356910363,50,-9.277435731532417,-0.08182257659876466,False
0.01187261692466909,-0.26995493820099414,0.02631104356910363,50,-9.277435731532417,-0.08158345501862797,False
0.011873493178918953,-0.2668689328734775,0.02631104356910363,50,-9.277435731532417,-0.08128065484419338,False
0.011888045242081577,-0.262119842547145,0.02631104356910363,50,-9.277435731532417,-0.08124049305203261,False
0.011904843041894705,-0.257837042249624,0.02631104356910363,50,-9.277435731532417,-0.08120303016515405,False
0.01191625880173937,-0.2524637453162624,0.02631104356910363,50,-9.277435731532417,-0.08117777449267917,False
0.011922132395180056,-0.2507603852728471,0.02631104356910363,50,-9.277435731532417,-0.08114618571940965,False
0.011927088558696819,-0.24980409336350795,0.02631104356910363,50,-9.277435731532417,-0.0810508578429833,False
0.011938407880950781,-0.268014319388806,0.02631104356910363,50,-9.277435731532417,-0.0811497924971631,False
0.011940550380332465,-0.2656036730100913,0.02631104356910363,50,-9.277435731532417,-0.08090204995823252,False
0.011954087413603884,-0.26454786105534156,0.02631104356910363,50,-9.277435731532417,-0.08079713884402352,False
0.011959100425304578,-0.2631770661652519,0.02631104356910363,50,-9.277435731532417,-0.08083214008185866,False
0.011961959789305029,-0.2607432906574427,0.02631104356910363,50,-9.277435731532417,-0.08061690057990922,False
0.011963955002465417,-0.25799558698260594,0.02631104356910363,50,-9.277435731532417,-0.0805916411858795,False
0.011965064725113573,-0.25377533943966823,0.02631104356910363,50,-9.277435731532417,-0.08056714223923032,False
0.01197447175178505,-0.25036161821520486,0.02631104356910363,50,-9.277435731532417,-0.08025196319815935,False
0.01197737652592329,-0.2629639123282156,0.02631104356910363,50,-9.277435731532417,-0.08034885984687096,False
0.011980607979552445,-0.2629639123282156,0.02631104356910363,50,-9.277435731532417,-0.08034885984687096,False
0.011981683637444207,-0.2587320363045237,0.02631104356910363,50,-9.277435731532417,-0.08036394562446013,False
0.011987526815813518,-0.25756950777197846,0.02631104356910363,49,-9.277435731532417,-0.08024929322433923,False
0.012007126910358367,-0.2710075185230592,0.02631104356910363,49,-9.277435731532417,-0.08098766688316847,False
0.012021732709917597,-0.2683601290943998,0.02631104356910363,49,-9.277435731532417,-0.08073434159788143,False
0.012027954295587262,-0.2643782342144157,0.02631104356910363,48,-9.277435731532417,-0.08058702722626009,False
0.012028216549564633,-0.26310183691553696,0.02631104356910363,48,-9.277435731532417,-0.08046270844064514,False
0.012048407519843398,-0.2613417510875614,0.02631104356910363,48,-9.277435731532417,-0.08043624313216989,False
0.012056301125761415,-0.2516557973831611,0.02631104356910363,48,-9.277435731532417,-0.08045752611243608,False
0.012076504376655228,-0.2472518991921358,0.02631104356910363,48,-9.277435731532417,-0.08043334236666279,False
0.012076928501478503,-0.2458545701171043,0.02631104356910363,48,-9.277435731532417,-0.08029971121999085,False
0.012080190492330624,-0.2430281297191076,0.02631104356910363,48,-9.277435731532417,-0.08028303260356567,False
0.012084139890419137,-0.23812563029768063,0.02631104356910363,48,-9.277435731532417,-0.08025715407827158,False
0.012091245479338493,-0.23435144478119307,0.02631104356910363,48,-9.277435731532417,-0.07993472280549806,False
0.01210320819191572,-0.23052887974354316,0.02631104356910363,48,-9.277435731532417,-0.08000470099566004,False
0.012108313537941277,-0.22791331776573082,0.02631104356910363,48,-9.277435731532417,-0.0797934245798621,False
0.012109610399264604,-0.2106434383078448,0.02631104356910363,47,-9.277435731532417,-0.07807289713638334,False
0.012111363367091591,-0.20868281559308294,0.02631104356910363,47,-9.277435731532417,-0.07798943501576257,False
0.012116251988194342,-0.20868281559308294,0.02631104356910363,47,-9.277435731532417,-0.07798943501576257,False
0.012117010989279857,-0.2057812624874087,0.02631104356910363,47,-9.277435731532417,-0.07773407567634269,False
0.012121624259630726,-0.20370977899543782,0.03070253115854893,47,-9.277435731532417,-0.07766111122263156,False
0.012131230406823361,-0.20370977899543782,0.03070253115854893,47,-9.277435731532417,-0.07766111122263156,False
0.012134355134649218,-0.2021846623376981,0.07392161873313219,47,-9.277435731532417,-0.07751884910854395,False
0.012134657818914181,-0.197910189944801,0.07392161873313219,47,-9.277435731532417,-0.07750283480872629,False
0.012140335412394315,-0.19573224485743623,0.12079712057783754,47,-9.277435731532417,-0.07744059162183406,False
0.012146229731596325,-0.1914215433405798,0.12079712057783754,47,-9.277435731532417,-0.0774578483312271,False
0.012152638557770202,-0.2023618104215558,0.07392161873313219,48,-9.277435731532417,-0.07755322908334951,False
0.01215430495299973,-0.2023618104215558,0.07392161873313219,48,-9.277435731532417,-0.07755322908334951,False
0.01216730014033709,-0.20008344421639784,0.07392161873313219,48,-9.277435731532417,-0.07750162856803851,False
0.012176883973294708,-0.19466918202155958,0.07392161873313219,48,-9.277435731532417,-0.07748627374634263,False
0.012182034952247914,-0.19286073737414136,0.07392161873313219,48,-9.277435731532417,-0.07746452989296143,False
0.01218523143756315,-0.19286073737414136,0.07392161873313219,48,-9.277435731532417,-0.07746452989296143,False
0.012198747812548752,-0.19118998033969525,0.07392161873313219,48,-9.277435731532417,-0.07738347400539582,False
0.012201203759674331,-0.1895306038688921,0.08111178709481504,48,-9.277435731532417,-0.07723363126643198,False
0.012201999089851789,-0.18664073959075803,0.08111178709481504,48,-9.277435731532417,-0.07722464876980926,False
0.012202251963931623,-0.1842696318306595,0.08111178709481504,48,-9.277435731532417,-0.07718334637306853,False
0.012223639661474274,-0.1842696318306595,0.08111178709481504,48,-9.277435731532417,-0.07718334637306853,False
0.012225135854204839,-0.1800986421250897,0.08111178709481504,48,-9.277435731532417,-0.07685985776063108,False
0.012227395216901336,-0.1769250550721352,0.08111178709481504,48,-9.277435731532417,-0.07660641550045823,False
0.012244844538703802,-0.1744704998230687,0.08111178709481504,48,-9.277435731532417,-0.07657484725578304,False
0.012255662788040727,-0.16997577172886977,0.08111178709481504,48,-9.277435731532417,-0.07656245792739765,False
0.012269027994754513,-0.16997577172886977,0.08111178709481504,48,-9.277435731532417,-0.07656245792739765,False
0.012272285724694071,-0.16717533449800703,0.08111178709481504,48,-9.277435731532417,-0.07635805191852561,False
0.012278234433512192,-0.16537580429060378,0.08111178709481504,48,-9.277435731532417,-0.07620206676197736,False
0.012287256393259973,-0.1603508660960138,0.08111178709481504,48,-9.277435731532417,-0.07618883725445232,False
0.012294569878137878,-0.1578237092643532,0.08111178709481504,48,-9.277435731532417,-0.0761662703057266,False
0.01229932118564648,-0.17236272059172747,0.08111178709481504,48,-9.277435731532417,-0.07626202900858196,False
0.012316815306287825,-0.18178836552514496,0.08111178709481504,48,-9.277435731532417,-0.0763533246835319,False
0.01231947559082943,-0.17743693699664667,0.08111178709481504,48,-9.277435731532417,-0.07637241508580093,False
0.01232095614644612,-0.17743693699664667,0.08111178709481504,48,-9.277435731532417,-0.07637241508580093,False
0.012322554935795153,-0.17558942950446282,0.08111178709481504,48,-9.277435731532417,-0.07635495104079383,False
0.012325189219697564,-0.17138263146462462,0.08111178709481504,48,-9.277435731532417,-0.0762187822669428,False
0.0123285553775911,-0.16844630686963707,0.08111178709481504,48,-9.277435731532417,-0.07621655468395719,False
0.01234488389472093,-0.16844630686963707,0.08111178709481504,48,-9.277435731532417,-0.07621655468395719,False
0.0123509453035099,-0.16585880204369638,0.08111178709481504,48,-9.277435731532417,-0.07620213675241506,False
0.0123538198644726,-0.16239502222618163,0.08111178709481504,48,-9.277435731532417,-0.07595480314037176,False
0.012360994219667321,-0.1529377659215625,0.08111178709481504,48,-9.277435731532417,-0.075983054172666,False
0.012366070363294577,-0.15099300854404574,0.08111178709481504,48,-9.277435731532417,-0.07582274952049767,False
0.012377453582968663,-0.14638476635734918,0.08111178709481504,48,-9.277435731532417,-0.07550522451724782,False
0.01237888973872745,-0.14638476635734918,0.08111178709481504,48,-9.277435731532417,-0.07550522451724782,False
0.012413256949289315,-0.1437503549662823,0.08111178709481504,48,-9.277435731532417,-0.07549803171277873,False
0.012437331090388422,-0.13833797429692196,0.08111178709481504,48,-9.277435731532417,-0.07549070667403,False
0.012441003429915906,-0.13378814044172355,0.08111178709481504,48,-9.277435731532417,-0.07548851492866705,False
0.012442238316084422,-0.13378814044172355,0.08111178709481504,48,-9.277435731532417,-0.07548851492866705,False
0.012453670421657572,-0.132001271909611,0.08111178709481504,48,-9.277435731532417,-0.07530146247318341,False
0.012454515741996516,-0.1290148668180909,0.08111178709481504,48,-9.277435731532417,-0.07510667093563543,False
0.012459004125900754,-0.12605043520424986,0.08111178709481504,48,-9.277435731532417,-0.07511024279795767,False
0.012465395134121593,-0.12395648394735151,0.08111178709481504,48,-9.277435731532417,-0.07494779260389559,False
0.012469178204113926,-0.12207997734623317,0.08111178709481504,48,-9.277435731532417,-0.07493415317386484,False
0.012474928331040976,-0.12207997734623317,0.08111178709481504,48,-9.277435731532417,-0.07493415317386484,False
0.012477023784412131,-0.11408678333102397,0.08111178709481504,47,-9.277435731532417,-0.07413545053862414,False
0.01247876811496888,-0.11301125837185336,0.12300365243307843,47,-9.277435731532417,-0.07407663949747416,False
0.012480850027523476,-0.11034434185122483,0.12300365243307843,47,-9.277435731532417,-0.07407571800837308,False
0.012482583899904809,-0.11034434185122483,0.12300365243307843,47,-9.277435731532417,-0.07407571800837308,False
0.012488009374908883,-0.10919343579801304,0.1654093321917971,47,-9.277435731532417,-0.07402217665440841,False
0.012495276750365247,-0.10919343579801304,0.1654093321917971,47,-9.277435731532417,-0.07402217665440841,False
0.01249615279231785,-0.10408389734699322,0.1654093321917971,47,-9.277435731532417,-0.07401985676040153,False
0.012497001747472333,-0.10031172847498905,0.1654093321917971,47,-9.277435731532417,-0.07378285496802951,False
0.012500928830364817,-0.09596644422475445,0.1654093321917971,47,-9.277435731532417,-0.07380343226682234,False
0.012504938405598057,-0.09474085633588608,0.1654093321917971,47,-9.277435731532417,-0.07375567430773315,False
0.01251037114768972,-0.09474085633588608,0.1654093321917971,47,-9.277435731532417,-0.07375567430773315,False
0.01251453769446555,-0.09474085633588608,0.1654093321917971,47,-9.277435731532417,-0.07375567430773315,False
0.012529667520610277,-0.09344225576000302,0.1654093321917971,47,-9.277435731532417,-0.07371395656872039,False
0.01254020617225495,-0.09344225576000302,0.1654093321917971,47,-9.277435731532417,-0.07371395656872039,False
0.012545900923307679,-0.07877610555382705,0.1654093321917971,46,-9.277435731532417,-0.07246970711026139,False
0.012546680635989831,-0.07877610555382705,0.1654093321917971,46,-9.277435731532417,-0.07246970711026139,False
0.01254948630396481,-0.07368554417959525,0.1654093321917971,46,-9.277435731532417,-0.07216561509533981,False
0.012553036967594019,-0.0710011800396237,0.1654093321917971,46,-9.277435731532417,-0.07217001870254591,False
0.012555995703338709,-0.06952960808178711,0.1654093321917971,46,-9.277435731532417,-0.07212429958285664,False
0.012558770571166212,-0.06799235880626442,0.1654093321917971,46,-9.277435731532417,-0.07206237847189687,False
0.012559097667296187,-0.06799235880626442,0.1654093321917971,46,-9.277435731532417,-0.07206237847189687,False
0.012562102043894428,-0.06662344792841556,0.1654093321917971,46,-9.277435731532417,-0.07202671326386428,False
0.012571620085818143,-0.06662344792841556,0.1654093321917971,46,-9.277435731532417,-0.07202671326386428,False
0.01257613070583286,-0.06509075740676963,0.2059603767044651,46,-9.277435731532417,-0.07198713023504064,False
0.012576924863134872,-0.06284507620448421,0.2059603767044651,46,-9.277435731532417,-0.07182499042741268,False
0.01258269213184488,-0.06284507620448421,0.2059603767044651,46,-9.277435731532417,-0.07182499042741268,False
0.012584058053739125,-0.06284507620448421,0.2059603767044651,46,-9.277435731532417,-0.07182499042741268,False
0.012592547487521677,-0.059871873759074025,0.2059603767044651,46,-9.277435731532417,-0.0718334240972034,False
0.01259846999049676,-0.057927431685907534,0.2059603767044651,46,-9.277435731532417,-0.07163401175337074,False
0.012601233001427898,-0.057927431685907534,0.2059603767044651,46,-9.277435731532417,-0.07163401175337074,False
0.012602076000490485,-0.056491987442443624,0.2059603767044651,46,-9.277435731532417,-0.07160420246375666,False
0.012605740909825146,-0.054904372293824784,0.2215518035446462,46,-9.277435731532417,-0.0715705367370962,False
0.012608237565751126,-0.054904372293824784,0.2215518035446462,46,-9.277435731532417,-0.0715705367370962,False
0.012620838003137555,-0.053009450066435856,0.2215518035446462,46,-9.277435731532417,-0.07156027045892382,False
0.01262239026748613,-0.053009450066435856,0.2215518035446462,46,-9.277435731532417,-0.07156027045892382,False
0.012631208080019806,-0.04844544451504065,0.2215518035446462,46,-9.277435731532417,-0.07156664951723819,False
0.012634327961373698,-0.029717606755820913,0.2215518035446462,46,-9.277435731532417,-0.06961251876930034,False
0.012641466722969836,-0.029717606755820913,0.2215518035446462,46,-9.277435731532417,-0.06961251876930034,False
0.012643792577184215,-0.0280822184924532,0.2215518035446462,46,-9.277435731532417,-0.06958444063965956,False
0.01264420882957181,-0.023665164803303565,0.2215518035446462,46,-9.277435731532417,-0.06946084690008468,False
0.012644877547997741,-0.035246679380355694,0.2215518035446462,46,-9.277435731532417,-0.06955081307572124,False
0.012649524556248123,-0.033749577164168425,0.2215518035446462,46,-9.277435731532417,-0.06952650119804812,False
0.012649645703415587,-0.033749577164168425,0.2215518035446462,46,-9.277435731532417,-0.06952650119804812,False
0.012650883952080439,-0.030814848224999275,0.2215518035446462,46,-9.277435731532417,-0.06930604182304151,False
0.012655391031371015,-0.027643838809651308,0.2215518035446462,45,-9.277435731532417,-0.06912333471227843,False
0.01265768247481377,-0.023545411564210604,0.2215518035446462,45,-9.277435731532417,-0.06890071254361,False
0.012658506910428555,-0.023545411564210604,0.2215518035446462,45,-9.277435731532417,-0.06890071254361,False
0.012661022778841291,-0.014699842131688144,0.2215518035446462,45,-9.277435731532417,-0.06893348618154863,False
0.012668206769841681,-0.014699842131688144,0.2215518035446462,45,-9.277435731532417,-0.06893348618154863,False
0.012676433822093913,-0.014699842131688144,0.2215518035446462,45,-9.277435731532417,-0.06893348618154863,False
0.012689413664089582,-0.011525777266631464,0.2215518035446462,45,-9.277435731532417,-0.06872050919583818,False
0.012689925771935827,-0.007242335617298483,0.2215518035446462,45,-9.277435731532417,-0.06874222715802494,False
0.012689998926966381,-0.005567215434213893,0.2215518035446462,45,-9.277435731532417,-0.06871934406750968,False
0.012695190369473714,-0.005567215434213893,0.2215518035446462,45,-9.277435731532417,-0.06871934406750968,False
0.012701123933807656,-0.003169051629239643,0.2215518035446462,45,-9.277435731532417,-0.06856015220429336,False
0.012704126307060623,-0.0016161983833448267,0.2215518035446462,45,-9.277435731532417,-0.06854086451575146,False
0.012707775107963316,-0.00024205334937596134,0.2215518035446462,45,-9.277435731532417,-0.06837516355724244,False
0.012709500029470673,0.004907016941648052,0.2215518035446462,45,-9.277435731532417,-0.06838199832013438,False
0.01271080498136149,0.004907016941648052,0.2215518035446462,45,-9.277435731532417,-0.06838199832013438,False
0.012737070223836829,0.004907016941648052,0.2215518035446462,45,-9.277435731532417,-0.06838199832013438,False
0.012742520237291118,0.0105302463412613,0.2215518035446462,45,-9.277435731532417,-0.0680987569918723,False
0.012743771758825474,0.012236342276211598,0.2215518035446462,45,-9.277435731532417,-0.06808063670059084,False
0.012744206353663556,0.012236342276211598,0.2215518035446462,45,-9.277435731532417,-0.06808063670059084,False
0.012746187642020075,0.012236342276211598,0.2215518035446462,45,-9.277435731532417,-0.06808063670059084,False
0.0127478477812358,0.013753803300359255,0.2215518035446462,45,-9.277435731532417,-0.06789911245143897,False
0.01274874387958834,0.017176954287955404,0.2215518035446462,45,-9.277435731532417,-0.06769701932870002,False
0.012761349648897928,0.019286904495071713,0.2215518035446462,45,-9.277435731532417,-0.06748591454786791,False
0.01276255457601176,0.019286904495071713,0.2215518035446462,45,-9.277435731532417,-0.06748591454786791,False
0.012763218291035718,0.02323701499612931,0.2215518035446462,45,-9.277435731532417,-0.06748069074277475,False
0.012765452633392517,0.02483872730720715,0.2215518035446462,45,-9.277435731532417,-0.0674658902317005,False
0.012776664735492509,0.026741174278942098,0.2215518035446462,45,-9.277435731532417,-0.0674585630955911,False
0.012796245897517005,0.026741174278942098,0.2215518035446462,45,-9.277435731532417,-0.0674585630955911,False
0.012798722636955872,0.028413868146600265,0.2215518035446462,45,-9.277435731532417,-0.06726098543011166,False
0.012803938571275509,0.030141638701912728,0.2215518035446462,45,-9.277435731532417,-0.06724715395743538,False
0.012808660137233769,0.030141638701912728,0.2215518035446462,45,-9.277435731532417,-0.06724715395743538,False
0.012817902933161844,0.030141638701912728,0.2215518035446462,45,-9.277435731532417,-0.06724715395743538,False
0.01282497841961916,0.034674213318793126,0.2215518035446462,45,-9.277435731532417,-0.06726052268341202,False
0.012827735498889945,0.034674213318793126,0.2215518035446462,45,-9.277435731532417,-0.06726052268341202,False
0.012832550300215307,0.03835473218772797,0.2215518035446462,45,-9.277435731532417,-0.06707245122137832,False
0.012833228276164343,0.039997518176106056,0.2215518035446462,45,-9.277435731532417,-0.06706157695114064,False
0.012836589353555418,0.04443929566411638,0.2215518035446462,45,-9.277435731532417,-0.06685697236393684,False
0.0128385070673878,0.04698847361493155,0.2215518035446462,45,-9.277435731532417,-0.06670341979511805,False
0.012845076758503667,0.04698847361493155,0.2215518035446462,45,-9.277435731532417,-0.06670341979511805,False
0.012850576777731923,0.04698847361493155,0.2215518035446462,45,-9.277435731532417,-0.06670341979511805,False
0.012861293528700777,0.04882866422774849,0.2215518035446462,45,-9.277435731532417,-0.06648991386021742,False
0.012869892540240428,0.05056848427887174,0.2215518035446462,45,-9.277435731532417,-0.06647988584362285,False
0.012871616129451657,0.05434258468618278,0.2215518035446462,45,-9.277435731532417,-0.06647804231770246,False
0.01287542004114235,0.05769394690251661,0.2215518035446462,45,-9.277435731532417,-0.06630950022029784,False
0.01288425281997835,0.05769394690251661,0.2215518035446462,45,-9.277435731532417,-0.06630950022029784,False
0.01288568495344964,0.06185186188743905,0.2215518035446462,45,-9.277435731532417,-0.06633202267440338,False
0.012889355436747588,0.06258996651805586,0.2215518035446462,45,-9.277435731532417,-0.06624029029127784,False
0.01288997737289268,0.06341160717618105,0.2215518035446462,45,-9.277435731532417,-0.06613837089605462,False
0.012897314603833369,0.06432358396494822,0.2215518035446462,45,-9.277435731532417,-0.06602604227439396,False
0.012900143141918317,0.06432358396494822,0.2215518035446462,45,-9.277435731532417,-0.06602604227439396,False
0.01290541666734585,0.0686199122950736,0.2215518035446462,45,-9.277435731532417,-0.066031441544358,False
0.012906559040051195,0.0686199122950736,0.2215518035446462,45,-9.277435731532417,-0.066031441544358,False
0.012906802573062457,0.07029525638274839,0.2215518035446462,45,-9.277435731532417,-0.0660239417306746,False
0.012912054636576596,0.07130447522722559,0.2215518035446462,45,-9.277435731532417,-0.06590122736495595,False
0.012920392299734773,0.07130447522722559,0.2215518035446462,45,-9.277435731532417,-0.06590122736495595,False
0.012925881108576703,0.07644101107009192,0.2215518035446462,45,-9.277435731532417,-0.0659155184998141,False
0.012932667832668119,0.07644101107009192,0.2215518035446462,45,-9.277435731532417,-0.0659155184998141,False
0.012935154992102668,0.07755444762770491,0.2215518035446462,45,-9.277435731532417,-0.06578272886516005,False
0.012935686960132158,0.07945351739316252,0.2215518035446462,45,-9.277435731532417,-0.06577793129612398,False
0.012936586063531357,0.08147394025028387,0.2215518035446462,45,-9.277435731532417,-0.06554902820373788,False
0.012937776325289994,0.08541796951687815,0.2215518035446462,44,-9.277435731532417,-0.06537760599586426,False
0.01294053891785387,0.08716008788043297,0.2215518035446462,44,-9.277435731532417,-0.06537091023337589,False
0.0129442231764047,0.08944206984763386,0.2215518035446462,44,-9.277435731532417,-0.06514946767646036,False
0.012946332228028433,0.09081872446500558,0.2215518035446462,44,-9.277435731532417,-0.06510543730688824,False
0.012950030051790216,0.09081872446500558,0.2215518035446462,44,-9.277435731532417,-0.06510543730688824,False
0.012957671638577736,0.09703088566701307,0.2215518035446462,44,-9.277435731532417,-0.06484984646751292,False
0.012967459700535821,0.09825551072799367,0.2215518035446462,44,-9.277435731532417,-0.06470761585991874,False
0.012968682158917708,0.088999558910973,0.22145330354528348,44,-9.277435731532417,-0.06478988238986083,False
0.012977823209371657,0.088999558910973,0.22145330354528348,44,-9.277435731532417,-0.06478988238986083,False
0.012983345680799918,0.09360499112267824,0.24017373164585587,44,-9.277435731532417,-0.06467993798579351,False
0.012985392681766395,0.09530380838300241,0.24017373164585587,44,-9.277435731532417,-0.06467529155266462,False
0.012989454389015408,0.09799990479348937,0.24017373164585587,44,-9.277435731532417,-0.06452997534930711,False
0.013002878704392292,0.10210757358315467,0.24017373164585587,44,-9.277435731532417,-0.06453766064486398,False
0.01300980424989413,0.10345021845280762,0.24017373164585587,44,-9.277435731532417,-0.06438697345725265,False
0.013014023430923536,0.10345021845280762,0.24017373164585587,44,-9.277435731532417,-0.06438697345725265,False
0.01301592475850557,0.10345021845280762,0.24017373164585587,44,-9.277435731532417,-0.06438697345725265,False
0.013025729781314914,0.1056640340847758,0.24017373164585587,44,-9.277435731532417,-0.0641436740251513,False
0.013034382390872255,0.11046482470047202,0.24017373164585587,43,-9.277435731532417,-0.06396009369570774,False
0.013060945895239996,0.11467581699132513,0.24017373164585587,43,-9.277435731532417,-0.06380732690272306,False
0.013063078153172904,0.11614303596226903,0.24017373164585587,43,-9.277435731532417,-0.06364952225411996,False
0.013066194737228429,0.12079125027623742,0.2486790191312367,43,-9.277435731532417,-0.0636652369124597,False
0.013068361920123306,0.12250408440406091,0.2486790191312367,43,-9.277435731532417,-0.0636629674916994,False
0.013087308064026507,0.12646662684649437,0.2486790191312367,43,-9.277435731532417,-0.06368597596963298,False
0.013096388033636542,0.12646662684649437,0.2486790191312367,43,-9.277435731532417,-0.06368597596963298,False
0.013113528819003356,0.12999077899092357,0.2486790191312367,43,-9.277435731532417,-0.06353314671696685,False
0.013128117299394426,0.13158868332362805,0.2486790191312367,43,-9.277435731532417,-0.06336989782434573,False
0.013129878173746775,0.13400936134541966,0.2486790191312367,43,-9.277435731532417,-0.06311373055235685,False
0.013149123471588385,0.13646815117215183,0.2486790191312367,43,-9.277435731532417,-0.0628841730703166,False
0.013152443796435256,0.14091823148432547,0.2486790191312367,43,-9.277435731532417,-0.06290101476047998,False
0.013154239934031586,0.14375400477832595,0.2486790191312367,43,-9.277435731532417,-0.06276629419135042,False
0.013155007921162136,0.14547124515764667,0.2486790191312367,43,-9.277435731532417,-0.06276597602515663,False
0.013165209149493913,0.14547124515764667,0.2486790191312367,43,-9.277435731532417,-0.06276597602515663,False
0.0131942212729291,0.1466634103017749,0.2486790191312367,43,-9.277435731532417,-0.06260668668118856,False
0.013196120860188924,0.15352688048408475,0.2486790191312367,43,-9.277435731532417,-0.06238439299263523,False
0.013201374346927836,0.15800480931420327,0.2625150548082651,43,-9.277435731532417,-0.062251641540053304,False
0.01320572178062963,0.15973885327782777,0.2625150548082651,43,-9.277435731532417,-0.06208491166130468,False
0.013234691196429126,0.15973885327782777,0.2625150548082651,43,-9.277435731532417,-0.06208491166130468,False
0.013247346969738867,0.16472762637302957,0.2790369808147517,43,-9.277435731532417,-0.0621104001340488,False
0.013250028061775186,0.16472762637302957,0.2790369808147517,43,-9.277435731532417,-0.0621104001340488,False
0.0132502349542108,0.16736879225631934,0.2790369808147517,43,-9.277435731532417,-0.06184346324409708,False
0.013251446223987993,0.17254193087020858,0.2790369808147517,43,-9.277435731532417,-0.06168314025053023,False
0.013288706044938833,0.17381790537908476,0.2790369808147517,43,-9.277435731532417,-0.06151511393248624,False
0.013293749489910096,0.17751249160190877,0.2790369808147517,43,-9.277435731532417,-0.06153831447038255,False
0.013296721999911032,0.17938726315702588,0.2790369808147517,43,-9.277435731532417,-0.061370284684166235,False
0.013305605142323963,0.17938726315702588,0.2790369808147517,43,-9.277435731532417,-0.061370284684166235,False
0.013322115106209287,0.18417506407776593,0.2790369808147517,43,-9.277435731532417,-0.06139575623556856,False
0.013332980242385753,0.18713972310627086,0.2790369808147517,43,-9.277435731532417,-0.06127361518169719,False
0.013340137461431338,0.1919037520213619,0.2790369808147517,43,-9.277435731532417,-0.06117798819572999,False
0.013354705448743787,0.19309896164103488,0.2790369808147517,43,-9.277435731532417,-0.06114942304018956,False
0.013360166391777199,0.19783940632798236,0.2790369808147517,43,-9.277435731532417,-0.06103748401636519,False
0.013368133712727152,0.2015250336262865,0.2790369808147517,43,-9.277435731532417,-0.060901329315775,False
0.01337790977743921,0.20416297411372267,0.2790369808147517,43,-9.277435731532417,-0.060666692626144006,False
0.013379691942845605,0.20541181212923448,0.2790369808147517,43,-9.277435731532417,-0.06051136413123456,False
0.013380798326817146,0.20541181212923448,0.2790369808147517,43,-9.277435731532417,-0.06051136413123456,False
0.013387995491141573,0.2082870654110827,0.2790369808147517,43,-9.277435731532417,-0.06023633844496768,False
0.01339937926391468,0.20964556130167214,0.2790369808147517,43,-9.277435731532417,-0.06005970859046437,False
0.013401738994420289,0.21166449942754345,0.2790369808147517,43,-9.277435731532417,-0.05989269088167444,False
0.013415045758504747,0.21304598966708202,0.2790369808147517,43,-9.277435731532417,-0.059721402740106976,False
0.013433023438215815,0.21304598966708202,0.2790369808147517,43,-9.277435731532417,-0.059721402740106976,False
0.013450859591078002,0.21833658004852666,0.2790369808147517,43,-9.277435731532417,-0.05975588868470313,False
0.013458663033898624,0.2259199120639456,0.2790369808147517,43,-9.277435731532417,-0.05957091204813492,False
0.013459275622207091,0.22744508869816568,0.2790369808147517,43,-9.277435731532417,-0.05938333767249522,False
0.013459603583752793,0.22744508869816568,0.2790369808147517,43,-9.277435731532417,-0.05938333767249522,False
0.013487342216879307,0.2330003279309445,0.2790369808147517,43,-9.277435731532417,-0.05924760476041106,False
0.013503959234514371,0.2363563976182866,0.2790369808147517,43,-9.277435731532417,-0.059270732819873315,False
0.013513352074215947,0.23803665033216326,0.2790369808147517,43,-9.277435731532417,-0.059066935278620336,False
0.01351389410316472,0.24313583554759396,0.2790369808147517,43,-9.277435731532417,-0.0591003544267985,False
0.013521504904070546,0.2453009611395671,0.2790369808147517,43,-9.277435731532417,-0.05893668832897557,False
0.013525528645896574,0.2483796670882041,0.2790369808147517,43,-9.277435731532417,-0.058828634631309586,False
0.013527983113988392,0.2498172378040622,0.2790369808147517,43,-9.277435731532417,-0.05864441844080492,False
0.013535132008491935,0.25481015316916705,0.2790369808147517,43,-9.277435731532417,-0.058553359303811135,False
0.013541366540156547,0.25481015316916705,0.2790369808147517,43,-9.277435731532417,-0.058553359303811135,False
0.013544313752424672,0.2579327877628001,0.2790369808147517,43,-9.277435731532417,-0.05827348881372002,False
0.013578196871356429,0.259779977516909,0.2790369808147517,43,-9.277435731532417,-0.05805398160463851,False
0.01360129393649014,0.26025284971989104,0.2790369808147517,43,-9.277435731532417,-0.05800213884597123,False
0.013606250180649399,0.26077852563850623,0.2790369808147517,43,-9.277435731532417,-0.05794541789506297,False
0.013616193239962087,0.2613610336381381,0.2790369808147517,43,-9.277435731532417,-0.0578838210010205,False
0.01362550156032867,0.2613610336381381,0.2790369808147517,43,-9.277435731532417,-0.0578838210010205,False
0.013631748422822833,0.2620043936326118,0.2790369808147517,43,-9.277435731532417,-0.05781746689371061,False
0.013632477595801783,0.26482043325006577,0.2790369808147517,43,-9.277435731532417,-0.057581494908476624,False
0.013635878744864835,0.2686521737170161,0.32443215601433284,43,-9.277435731532417,-0.057462337560342684,False
0.013653523054300763,0.2693603717037086,0.32443215601433284,43,-9.277435731532417,-0.05739147343488496,False
0.013654830411624389,0.2713867795116741,0.32443215601433284,43,-9.277435731532417,-0.0571572901033043,False
0.013656495229905481,0.27369838725592993,0.32443215601433284,43,-9.277435731532417,-0.05699923799815632,False
0.013676277399514283,0.27520916105116616,0.32443215601433284,43,-9.277435731532417,-0.05680945123066343,False
0.013678789578664098,0.2807195532323275,0.32443215601433284,43,-9.277435731532417,-0.05685194119272895,False
0.013682148819743877,0.28149648599535654,0.32443215601433284,43,-9.277435731532417,-0.056776951424345495,False
0.013710750634690927,0.286380903585038,0.32443215601433284,43,-9.277435731532417,-0.05669587246660388,False
0.013716768588358965,0.28933560767382444,0.32443215601433284,43,-9.277435731532417,-0.056718696181854406,False
0.013718159350581016,0.290184999128021,0.32443215601433284,43,-9.277435731532417,-0.056640105789249516,False
0.013720253378857655,0.29356767022683916,0.32443215601433284,43,-9.277435731532417,-0.05635913214218146,False
0.013725532266823924,0.29879605224711847,0.32443215601433284,43,-9.277435731532417,-0.0562883820531414,False
0.01372982465479155,0.3041459433716659,0.32443215601433284,43,-9.277435731532417,-0.05632891680274008,False
0.013731559106546264,0.307319515186127,0.32443215601433284,43,-9.277435731532417,-0.056235916167171905,False
0.013740786870671755,0.31326139459852703,0.32443215601433284,43,-9.277435731532417,-0.05612516610605787,False
0.013744250239537638,0.3154796629401116,0.32443215601433284,43,-9.277435731532417,-0.055877910538051835,False
0.013745940911007734,0.3238561027592715,0.32443215601433284,42,-9.277435731532417,-0.05573236434934596,False
0.013754213872280978,0.3238561027592715,0.32443215601433284,42,-9.277435731532417,-0.05573236434934596,False
0.013762224744035071,0.3247814133756451,0.32443215601433284,42,-9.277435731532417,-0.05565083201754371,False
0.013773745759266973,0.32578374794361664,0.32443215601433284,42,-9.277435731532417,-0.05563507702262321,False
0.013784066292162491,0.33257221693077665,0.32443215601433284,42,-9.277435731532417,-0.05483978406267576,False
0.013786326140149028,0.33257221693077665,0.32443215601433284,42,-9.277435731532417,-0.05483978406267576,False
0.013789965456365854,0.33366265635695086,0.32443215601433284,42,-9.277435731532417,-0.054738751495919,False
0.013791363652205285,0.33538437019842904,0.32443215601433284,42,-9.277435731532417,-0.05450877882144356,False
0.013796087114572612,0.33538437019842904,0.32443215601433284,42,-9.277435731532417,-0.05450877882144356,False
0.01380424516652766,0.3365632501510346,0.32443215601433284,42,-9.277435731532417,-0.0544076236135128,False
0.013807123267464666,0.33901957294554746,0.32443215601433284,41,-9.277435731532417,-0.0542572717119669,False
0.01381025879493837,0.3409249004203518,0.32443215601433284,41,-9.277435731532417,-0.054001625721547375,False
0.01381290185808605,0.3409249004203518,0.32443215601433284,41,-9.277435731532417,-0.054001625721547375,False
0.013814888254903061,0.34192924189010354,0.32443215601433284,41,-9.277435731532417,-0.05391792491420735,False
0.013827350485612028,0.34319824122629844,0.32443215601433284,41,-9.277435731532417,-0.053817904489219234,False
0.013836203287852771,0.34319824122629844,0.32443215601433284,41,-9.277435731532417,-0.053817904489219234,False
0.013840121028729464,0.34530406420488285,0.32443215601433284,41,-9.277435731532417,-0.05353631543681854,False
0.013846219675092773,0.34687930828229296,0.32443215601433284,41,-9.277435731532417,-0.053343755183701755,False
0.013847505429366719,0.34930234001837257,0.32443215601433284,41,-9.277435731532417,-0.05308562536801054,False
0.013856925141292106,0.35394163540713564,0.32443215601433284,41,-9.277435731532417,-0.052520594760736186,False
0.013858736323795359,0.3558297730046742,0.32443215601433284,41,-9.277435731532417,-0.05229388289646627,False
0.013859292032925087,0.35718969360895003,0.32443215601433284,41,-9.277435731532417,-0.052196216117675796,False
0.013863698057544513,0.35718969360895003,0.32443215601433284,41,-9.277435731532417,-0.052196216117675796,False
0.01386516681804236,0.35718969360895003,0.32443215601433284,41,-9.277435731532417,-0.052196216117675796,False
0.013870028801222064,0.35927371566354255,0.32443215601433284,41,-9.277435731532417,-0.0519512214244845,False
0.013876616224612592,0.360359722295457,0.32443215601433284,41,-9.277435731532417,-0.0518662141902794,False
0.013878002052199358,0.360359722295457,0.32443215601433284,41,-9.277435731532417,-0.0518662141902794,False
0.01388222366733807,0.36268397164283295,0.32443215601433284,41,-9.277435731532417,-0.051559226473069944,False
0.01389184325037165,0.3649803461143897,0.32443215601433284,41,-9.277435731532417,-0.05129756059685928,False
0.013899220732145095,0.3649803461143897,0.32443215601433284,41,-9.277435731532417,-0.05129756059685928,False
0.01390066541335708,0.3664309754473407,0.32443215601433284,41,-9.277435731532417,-0.05120338859865232,False
0.013913985786304974,0.3703892780107349,0.32443215601433284,41,-9.277435731532417,-0.05110087162774729,False
0.01391570285525684,0.3733778688167905,0.32443215601433284,41,-9.277435731532417,-0.05086787653176066,False
0.013916776018157405,0.3770321830749803,0.32443215601433284,41,-9.277435731532417,-0.050589917684960926,False
0.013925144309394042,0.3795583724927434,0.32443215601433284,41,-9.277435731532417,-0.05031401892418066,False
0.013927198767793254,0.38499682688546166,0.32443215601433284,41,-9.277435731532417,-0.05026230235366093,False
0.013930952704651849,0.38750110524663645,0.32443215601433284,41,-9.277435731532417,-0.050284623286842606,False
0.01393314170712911,0.38750110524663645,0.32443215601433284,41,-9.277435731532417,-0.050284623286842606,False
0.013933222883115172,0.39308441554092743,0.32443215601433284,41,-9.277435731532417,-0.0503339462714494,False
0.013937617329798058,0.39308441554092743,0.32443215601433284,41,-9.277435731532417,-0.0503339462714494,False
0.01393787422452943,0.39564637696774135,0.32443215601433284,41,-9.277435731532417,-0.05000303709888988,False
0.013943800185935336,0.39564637696774135,0.32443215601433284,41,-9.277435731532417,-0.05000303709888988,False
0.013948042163225807,0.3968161079467853,0.32443215601433284,41,-9.277435731532417,-0.0499176368279321,False
0.013950607867318951,0.4000607430519852,0.32443215601433284,41,-9.277435731532417,-0.049840095272558387,False
0.013951815082851178,0.40160073319205575,0.32443215601433284,40,-9.277435731532417,-0.04975042847171537,False
0.013965581016266286,0.4042415745901789,0.32443215601433284,40,-9.277435731532417,-0.04948420334613152,False
0.013970959941395503,0.40701606171644256,0.32443215601433284,40,-9.277435731532417,-0.04919735422480064,False
0.013971991907251534,0.41250400373329404,0.32443215601433284,40,-9.277435731532417,-0.049244040740114146,False
0.013973685795027828,0.41510087685243185,0.32443215601433284,40,-9.277435731532417,-0.04910321167405616,False
0.013979907152945094,0.41510087685243185,0.32443215601433284,40,-9.277435731532417,-0.04910321167405616,False
0.013981885305447398,0.4193991506293064,0.32443215601433284,40,-9.277435731532417,-0.049116957465424764,False
0.014008483764937877,0.422219589943612,0.32443215601433284,40,-9.277435731532417,-0.04876464676852698,False
0.014010977741086832,0.42854504918077213,0.32443215601433284,40,-9.277435731532417,-0.048678376573851885,False
0.014012826631108345,0.4301718321321439,0.32443215601433284,40,-9.277435731532417,-0.04859406571054487,False
0.014025032027448356,0.4301718321321439,0.32443215601433284,40,-9.277435731532417,-0.04859406571054487,False
0.014029395139711647,0.4314266453549822,0.32443215601433284,40,-9.277435731532417,-0.04850919651552661,False
0.014030272374764645,0.43446892513146734,0.32443215601433284,40,-9.277435731532417,-0.04821547943116375,False
0.014039910245515106,0.43609659887181046,0.32443215601433284,40,-9.277435731532417,-0.04802352275343497,False
0.014058239468334423,0.4453397051295132,0.32443215601433284,40,-9.277435731532417,-0.04791754188114889,False
0.014084003158493251,0.4470494051778174,0.32443215601433284,40,-9.277435731532417,-0.04783926794616519,False
0.014091361644977153,0.4520074852901125,0.32443215601433284,40,-9.277435731532417,-0.04777251617300046,False
0.014095449305340232,0.4551087233429542,0.32443215601433284,40,-9.277435731532417,-0.0474024291726957,False
0.014099469814099817,0.45798039805805696,0.32443215601433284,40,-9.277435731532417,-0.0471314124173756,False
0.014103974439086075,0.4613109473282999,0.32443215601433284,40,-9.277435731532417,-0.046835588146148514,False
0.014121119757434521,0.46265136848514105,0.32443215601433284,40,-9.277435731532417,-0.04675214576944347,False
0.014134735145085323,0.4665872876914437,0.32443215601433284,40,-9.277435731532417,-0.04648152992041403,False
0.014136414974552439,0.4722005933953913,0.32443215601433284,40,-9.277435731532417,-0.046447152474904045,False
0.01414534479218772,0.47422414637873556,0.32443215601433284,40,-9.277435731532417,-0.046468806194524925,False
0.01415631154607534,0.47695471350934904,0.32443215601433284,40,-9.277435731532417,-0.046338988527088024,False
0.014164857515757582,0.4787421128016621,0.36162709721819564,40,-9.277435731532417,-0.046267237094711824,False
0.014182040401881781,0.48202936926105266,0.36162709721819564,40,-9.277435731532417,-0.04620502484146174,False
0.014192285980861244,0.48671110194196393,0.36162709721819564,40,-9.277435731532417,-0.04622963438065742,False
0.014192681390471935,0.49035135267754215,0.36162709721819564,40,-9.277435731532417,-0.045936930746706704,False
0.014199555929401812,0.494412728964589,0.36162709721819564,40,-9.277435731532417,-0.045850395037429416,False
0.01420020491193239,0.4978187761244419,0.36162709721819564,40,-9.277435731532417,-0.04546724246938884,False
0.014201968846438323,0.49862606654095565,0.36162709721819564,40,-9.277435731532417,-0.04546270669406827,False
0.014216203542848863,0.5040457644949999,0.36162709721819564,40,-9.277435731532417,-0.04551756470088916,False
0.0142234424236851,0.505471388808211,0.36162709721819564,40,-9.277435731532417,-0.0454363773680779,False
0.014230039130654142,0.5086210708453186,0.36162709721819564,40,-9.277435731532417,-0.04521103062722929,False
0.014242347219541944,0.5140609183281506,0.36162709721819564,40,-9.277435731532417,-0.04526279924456175,False
0.014250160399992088,0.5171762660255453,0.36162709721819564,40,-9.277435731532417,-0.044990714507390145,False
0.014255104415677563,0.5190347690392381,0.36162709721819564,40,-9.277435731532417,-0.04492579634054362,False
0.014259453820212998,0.5206991256582973,0.36162709721819564,40,-9.277435731532417,-0.04473822089711929,False
0.014268579717260614,0.5238751322615464,0.36162709721819564,40,-9.277435731532417,-0.04438235342244428,False
0.014268918152387906,0.5247254470066038,0.36162709721819564,40,-9.277435731532417,-0.04429216177841765,False
0.014274240315187653,0.5247254470066038,0.36162709721819564,40,-9.277435731532417,-0.04429216177841765,False
0.014275823477839525,0.5256587976213204,0.36162709721819564,40,-9.277435731532417,-0.044196586831367235,False
0.014285306898496986,0.5256587976213204,0.36162709721819564,40,-9.277435731532417,-0.044196586831367235,False
0.014289932539091384,0.5266797989451445,0.36162709721819564,40,-9.277435731532417,-0.0440965273716565,False
0.014296370017921263,0.5333748354185449,0.3798607503871718,40,-9.277435731532417,-0.04403344912631283,False
0.014297037324916533,0.5373471057023961,0.3798607503871718,40,-9.277435731532417,-0.04374930336999726,False
0.014301158213165105,0.5373471057023961,0.3798607503871718,40,-9.277435731532417,-0.04374930336999726,False
0.014311664934926121,0.5384600759476141,0.3798607503871718,40,-9.277435731532417,-0.0436459111735956,False
0.014321156582332243,0.5384600759476141,0.3798607503871718,40,-9.277435731532417,-0.0436459111735956,False
0.014324233003789176,0.5421967089047186,0.3798607503871718,40,-9.277435731532417,-0.04325538519017411,False
0.014336543308205031,0.5437060809073462,0.3798607503871718,40,-9.277435731532417,-0.04317718627442774,False
0.014341503102394236,0.5449149173969657,0.3798607503871718,40,-9.277435731532417,-0.04307183589453146,False
0.014351254331708174,0.5506561278237947,0.3798607503871718,40,-9.277435731532417,-0.04305294570663041,False
0.01435441282983812,0.5525778422846548,0.3798607503871718,40,-9.277435731532417,-0.04299499906775071,False
0.014354865757397724,0.5554322577195703,0.3798607503871718,40,-9.277435731532417,-0.04287730141361974,False
0.014358716180460453,0.5569666807255435,0.3798607503871718,40,-9.277435731532417,-0.04289815583431039,False
0.014374770397411848,0.5611919007692334,0.3798607503871718,39,-9.277435731532417,-0.04263919962153639,False
0.014380045843911215,0.5624999522609033,0.3798607503871718,39,-9.277435731532417,-0.042533431349957976,False
0.014395429641790709,0.5726726923902938,0.3798607503871718,39,-9.277435731532417,-0.04246531421761003,False
0.014407061677294084,0.5726726923902938,0.3798607503871718,39,-9.277435731532417,-0.04246531421761003,False
0.014417733543129968,0.5770000097657373,0.3798607503871718,39,-9.277435731532417,-0.04219506409581274,False
0.014418446254084689,0.5803714398400422,0.3798607503871718,39,-9.277435731532417,-0.041925909301102814,False
0.014424836210675415,0.5836685123144398,0.3798607503871718,39,-9.277435731532417,-0.04187841942332516,False
0.014427500677685634,0.585078443726286,0.3798607503871718,39,-9.277435731532417,-0.04177385931799556,False
0.014430251928418866,0.5901509816495072,0.3798607503871718,39,-9.277435731532417,-0.0418082170606387,False
0.01446055926130748,0.5917414964306108,0.3798607503871718,39,-9.277435731532417,-0.04173362450980044,False
0.014462173477143231,0.5937173054044912,0.3798607503871718,39,-9.277435731532417,-0.041682627928411015,False
0.014468985997784926,0.597812189677892,0.3798607503871718,39,-9.277435731532417,-0.04129119476105177,False
0.014474838829984146,0.6027889933229695,0.3798607503871718,39,-9.277435731532417,-0.041237938520147156,False
0.01448435710851256,0.604302615732545,0.3798607503871718,39,-9.277435731532417,-0.04113620713402853,False
0.014494542801867303,0.6084397077166659,0.3798607503871718,39,-9.277435731532417,-0.041064680203976286,False
0.014507109565440256,0.6101210151868204,0.3798607503871718,39,-9.277435731532417,-0.0408854632482694,False
0.014529640814827586,0.6150325924260731,0.3798607503871718,39,-9.277435731532417,-0.04094449338968956,False
0.01454279418922577,0.6201447348325321,0.3798607503871718,39,-9.277435731532417,-0.041000204738111314,False
0.014550654061374553,0.6217628874684751,0.3798607503871718,39,-9.277435731532417,-0.040902816701738995,False
0.014555244742862078,0.6264688946874355,0.3798607503871718,39,-9.277435731532417,-0.04065137315515627,False
0.01456532507111642,0.6264688946874355,0.3798607503871718,39,-9.277435731532417,-0.04065137315515627,False
0.014569038711379084,0.6294340833342111,0.3798607503871718,39,-9.277435731532417,-0.04054650230374777,False
0.014569285876683592,0.6352428005791634,0.3798607503871718,39,-9.277435731532417,-0.04054094622014705,False
0.014569940718363822,0.6363017847738177,0.3798607503871718,39,-9.277435731532417,-0.04056089991009,False
0.014577565146749166,0.6395936206430162,0.3798607503871718,39,-9.277435731532417,-0.040347961433720936,False
0.01457761140922645,0.6416133165098205,0.3798607503871718,39,-9.277435731532417,-0.040303746575893785,False
0.014595440015970589,0.6432811612951128,0.3798607503871718,38,-9.277435731532417,-0.04023325183729565,False
0.01459613665699354,0.6503164063453535,0.3798607503871718,38,-9.277435731532417,-0.0401914916566092,False
0.01460510345394359,0.6539556185931924,0.3798607503871718,38,-9.277435731532417,-0.03992935755418694,False
0.014626608895028582,0.6556779896232922,0.3798607503871718,37,-9.277435731532417,-0.03983763802974026,False
0.014631942672006537,0.6562973600544989,0.3798607503871718,37,-9.277435731532417,-0.03984207817215308,False
0.014635874788508738,0.6607801458707079,0.3798607503871718,37,-9.277435731532417,-0.039456679659429984,False
0.01463726430494262,0.6652992027407226,0.3798607503871718,37,-9.277435731532417,-0.03921344714103383,False
0.014664325206991386,0.6652992027407226,0.3798607503871718,37,-9.277435731532417,-0.03921344714103383,False
0.014677597244740343,0.6685695553753079,0.3798607503871718,37,-9.277435731532417,-0.03917968189176232,False
0.014698568536724658,0.6740201757563067,0.4194448840379348,37,-9.277435731532417,-0.03922247931554171,False
0.014699905907854385,0.6760726583606672,0.4194448840379348,37,-9.277435731532417,-0.03918476534850983,False
0.014709244030291604,0.6811812451949154,0.4194448840379348,36,-9.277435731532417,-0.03895630853814804,False
0.014712265451201169,0.6830062388428173,0.4194448840379348,36,-9.277435731532417,-0.03887132698908362,False
0.014740956452397093,0.6847463613472187,0.4194448840379348,36,-9.277435731532417,-0.03880529339429408,False
0.014756862108530354,0.6958762425007444,0.4194448840379348,36,-9.277435731532417,-0.038771819608462106,False
0.014785108563520735,0.6975507094667077,0.4194448840379348,35,-9.277435731532417,-0.03860489351385594,False
0.014787721720102167,0.7033520947731615,0.4194448840379348,35,-9.277435731532417,-0.03861036758160026,False
0.01479735103183685,0.7057145815101994,0.4194448840379348,35,-9.277435731532417,-0.038608554858872886,False
0.014798249778476132,0.708774094615839,0.4194448840379348,35,-9.277435731532417,-0.03851681693857949,False
0.014798357237534202,0.7129559508646329,0.4194448840379348,35,-9.277435731532417,-0.038459309992897484,False
0.014807517509356624,0.7148805793969605,0.4194448840379348,35,-9.277435731532417,-0.038381842696405925,False
0.01481068235280218,0.7187982327305127,0.4194448840379348,35,-9.277435731532417,-0.03813070780716755,False
0.014826228456011262,0.7237006766105931,0.4194448840379348,35,-9.277435731532417,-0.037758386890701996,False
0.01482827586980079,0.7257741947359212,0.4194448840379348,35,-9.277435731532417,-0.037726805111443856,False
0.014835627151983133,0.7257741947359212,0.4194448840379348,35,-9.277435731532417,-0.037726805111443856,False
0.014848982184775199,0.7307081922225988,0.4194448840379348,35,-9.277435731532417,-0.03768476520027598,False
0.01487495493829956,0.7351156492681948,0.4194448840379348,35,-9.277435731532417,-0.0377432545110895,False
0.014875210403063137,0.7390759834178905,0.4194448840379348,35,-9.277435731532417,-0.037805092688102684,False
0.014877792988401995,0.7416041512480439,0.4194448840379348,35,-9.277435731532417,-0.03780829721192773,False
0.014880652663789466,0.7471389874957124,0.4194448840379348,35,-9.277435731532417,-0.03760613061133264,False
0.014896673701345996,0.7489450817655987,0.4194448840379348,35,-9.277435731532417,-0.03754479244517069,False
0.014908681607241096,0.7562699297892499,0.4194448840379348,35,-9.277435731532417,-0.03752201410957855,False
0.014912185835118611,0.7582897102461414,0.4194448840379348,35,-9.277435731532417,-0.03745253820166476,False
0.014922105094391848,0.763102950998985,0.4445915381697185,35,-9.277435731532417,-0.03722856413582337,False
0.014939015264457681,0.7663072317303508,0.4445915381697185,35,-9.277435731532417,-0.03720723669718002,False
0.014960375883338886,0.7697131255639637,0.4445915381697185,35,-9.277435731532417,-0.03701123375385939,False
0.014961681218390902,0.7717955262196522,0.4445915381697185,35,-9.277435731532417,-0.03698533245323915,False
0.014968757966536968,0.7744922733461873,0.4445915381697185,35,-9.277435731532417,-0.03699337704724614,False
0.014999985457722895,0.7802752514314153,0.4445915381697185,35,-9.277435731532417,-0.03704319697640554,False
0.015003392076065658,0.78598142050875,0.4445915381697185,35,-9.277435731532417,-0.037057475123303256,False
0.015025651302986026,0.7880902999024343,0.4445915381697185,35,-9.277435731532417,-0.03699617382009542,False
0.015030601712371658,0.7928979389347717,0.4445915381697185,35,-9.277435731532417,-0.036421321090403816,False
0.015033552832784316,0.7928979389347717,0.4445915381697185,35,-9.277435731532417,-0.036421321090403816,False
0.01503521814731653,0.794867601230625,0.4445915381697185,35,-9.277435731532417,-0.03619148848180515,False
0.015035575995303283,0.7990729023386691,0.4445915381697185,34,-9.277435731532417,-0.03595501223134688,False
0.01504118574206107,0.8044288495905653,0.4445915381697185,34,-9.277435731532417,-0.03560250541827794,False
0.015041685143425867,0.8075628867676207,0.4445915381697185,34,-9.277435731532417,-0.035523824184099204,False
0.015043236641298478,0.8075628867676207,0.4445915381697185,34,-9.277435731532417,-0.035523824184099204,False
0.015048172409444041,0.8097444609020785,0.4445915381697185,34,-9.277435731532417,-0.03527562402612049,False
0.01505631013955061,0.8101913933069269,0.4445915381697185,34,-9.277435731532417,-0.03528606761989103,False
0.015062247010221503,0.8120559002597149,0.4445915381697185,34,-9.277435731532417,-0.0352295605528285,False
0.015069064912547865,0.8180396622194981,0.4445915381697185,34,-9.277435731532417,-0.03505579627315194,False
0.015070240018526356,0.8204519881524083,0.4445915381697185,34,-9.277435731532417,-0.03479069907947133,False
0.015070796888385746,0.8233163325583,0.46116509558134133,33,-9.277435731532417,-0.034803414069709916,False
0.015095638277273695,0.8249563697389671,0.4833612657698616,33,-9.277435731532417,-0.0346523895021693,False
0.015099107336702307,0.8270353891452092,0.4833612657698616,33,-9.277435731532417,-0.03463166634167557,False
0.015102286221531655,0.8296985914066464,0.4833612657698616,33,-9.277435731532417,-0.034351946687004684,False
0.015111545263202329,0.8338910722562067,0.4833612657698616,33,-9.277435731532417,-0.03430729599808512,False
0.015141193453931842,0.8459160704142924,0.5026670240573923,33,-9.277435731532417,-0.03430415195623349,False
0.015145108793633573,0.8488516023581113,0.5026670240573923,33,-9.277435731532417,-0.034012920419642045,False
0.01514599743191927,0.851041930661973,0.5026670240573923,33,-9.277435731532417,-0.033959730944354366,False
0.015184904362479316,0.8540680760089029,0.5324031211922433,33,-9.277435731532417,-0.03397693948115025,False
0.01519693716048199,0.8588944419936769,0.5324031211922433,33,-9.277435731532417,-0.03394278978782949,False
0.015199507950587386,0.8621250499759341,0.5324031211922433,33,-9.277435731532417,-0.03364397920930155,False
0.01520767785950984,0.8652226537340221,0.5324031211922433,33,-9.277435731532417,-0.03363361444509998,False
0.015215287882971782,0.8707330180717509,0.5324031211922433,33,-9.277435731532417,-0.033654913594908666,False
0.015216896124975409,0.8707330180717509,0.5324031211922433,33,-9.277435731532417,-0.033654913594908666,False
0.015228456437547276,0.8758353707904896,0.5324031211922433,33,-9.277435731532417,-0.03345294046466463,False
0.01523151266715949,0.8833705370830666,0.5324031211922433,33,-9.277435731532417,-0.03344647588369857,False
0.015236986189993166,0.8852847904437708,0.5324031211922433,33,-9.277435731532417,-0.03339482436324447,False
0.01523993535509385,0.8885483200983159,0.5324031211922433,33,-9.277435731532417,-0.033454945744700156,False
0.01525411159777072,0.8910810678264938,0.5324031211922433,33,-9.277435731532417,-0.03351828499311026,False
0.015266271669151048,0.8946307259605661,0.5324031211922433,33,-9.277435731532417,-0.0332165744722309,False
0.015272239829717005,0.8968933483579616,0.6266912140026841,33,-9.277435731532417,-0.03317122123353743,False
0.015273783699990752,0.9033466336095778,0.6266912140026841,33,-9.277435731532417,-0.03302676967181611,False
0.015279971475388607,0.9078468587632094,0.6266912140026841,33,-9.277435731532417,-0.03280810747679894,False
0.015281703354223025,0.9136923367642033,0.6266912140026841,33,-9.277435731532417,-0.032481427817578006,False
0.01529731642309072,0.9283295000414704,0.6266912140026841,33,-9.277435731532417,-0.03096511384025924,False
0.015297400903424456,0.9283295000414704,0.6266912140026841,33,-9.277435731532417,-0.03096511384025924,False
0.015298243413805628,0.9315150304882388,0.6266912140026841,33,-9.277435731532417,-0.030899082608084688,False
0.015305724486930808,0.9315150304882388,0.6266912140026841,33,-9.277435731532417,-0.030899082608084688,False
0.015306051841613556,0.9338333588763242,0.6266912140026841,33,-9.277435731532417,-0.030729552519280293,False
0.015311762055165889,0.9370090435598408,0.6266912140026841,33,-9.277435731532417,-0.030751048375382638,False
0.015321691023295747,0.9370090435598408,0.6266912140026841,33,-9.277435731532417,-0.030751048375382638,False
0.015324023510003237,0.9395198647976598,0.6266912140026841,33,-9.277435731532417,-0.030590359362021823,False
0.015337341959965459,0.945536822973994,0.6266912140026841,33,-9.277435731532417,-0.03064574851936869,False
0.01534476284488186,0.945536822973994,0.6266912140026841,33,-9.277435731532417,-0.03064574851936869,False
0.015346094448864362,0.949430589934036,0.6266912140026841,33,-9.277435731532417,-0.030346415992896208,False
0.015351622854912877,0.9521416894912973,0.6266912140026841,33,-9.277435731532417,-0.03019770245736904,False
0.01535519772364731,0.9602434239029952,0.6266912140026841,33,-8.467262290362621,-0.029422780950093236,False
0.015356545032319315,0.9635845410346279,0.6266912140026841,33,-8.133150577199359,-0.029121374905307515,False
0.015365306799377147,0.9635845410346279,0.6266912140026841,33,-8.133150577199359,-0.029121374905307515,False
0.015370759876090047,0.9673064212072885,0.6266912140026841,33,-7.760962559933311,-0.0288039188830941,False
0.015374257532183976,0.9673064212072885,0.6266912140026841,33,-7.760962559933311,-0.0288039188830941,False
0.015379533933518047,0.9707875564882856,0.6266912140026841,33,-7.760962559933311,-0.028628790337669158,False
0.015385565009018814,0.9707875564882856,0.6266912140026841,33,-7.760962559933311,-0.028628790337669158,False
0.015389081806982084,0.9737055840294099,0.6266912140026841,33,-7.760962559933311,-0.028494661897384557,False
0.01539716938394815,0.9737055840294099,0.6266912140026841,33,-7.760962559933311,-0.028494661897384557,False
0.015399166462066228,0.9778513487655011,0.6266912140026841,33,-7.346386086324202,-0.028166540770022733,False
0.015403423651690848,0.9801756591922742,0.6266912140026841,33,-7.346386086324202,-0.02812858948695794,False
0.015409491217223641,0.9801756591922742,0.6266912140026841,33,-7.346386086324202,-0.02812858948695794,False
0.01542017679784729,0.9821299862404106,0.6266912140026841,33,-7.346386086324202,-0.028081740392905688,False
0.015431313046446926,0.986296053715106,0.6266912140026841,33,-7.346386086324202,-0.02804847310083688,False
0.01543659189142044,0.9894261229074425,0.6266912140026841,33,-7.346386086324202,-0.027930883064018662,False
0.01543962360722801,0.9936898668069428,0.6266912140026841,33,-7.346386086324202,-0.02763958826801686,False
0.015440278956472361,0.9952647624246903,0.6629204820748198,33,-7.346386086324202,-0.027507426526660734,False
0.01544321030216143,0.9998829803330509,0.6629204820748198,33,-7.130058496588924,-0.027175303455054933,False
0.015449687124708874,0.9998829803330509,0.6629204820748198,33,-7.130058496588924,-0.027175303455054933,False
0.015449736539395144,0.9998829803330509,0.6629204820748198,33,-7.130058496588924,-0.027175303455054933,False
0.015452166899927134,1.0031873654063994,0.6629204820748198,33,-7.130058496588924,-0.027200829218602087,False
0.015467365307325533,1.0034838063490372,0.6629204820748198,33,-7.130058496588924,-0.02721536877058851,False
0.01548162966609098,1.0064346678782037,0.6629204820748198,33,-7.130058496588924,-0.02721440179881129,False
0.015494220340938555,1.0097798896548016,0.6629204820748198,33,-7.130058496588924,-0.027114586333305945,False
0.01549429657261128,1.0097798896548016,0.6629204820748198,33,-7.130058496588924,-0.027114586333305945,False
0.015494726811150989,1.0167190715589596,0.7298627150978776,33,-7.130058496588924,-0.02699933415827115,False
0.015504286208685969,1.0218643728792371,0.7298627150978776,33,-7.130058496588924,-0.026670860972023265,False
0.015511447967201965,1.0265160988933661,0.7298627150978776,33,-7.130058496588924,-0.02664311972985148,False
0.015540713246778488,1.0288901600851248,0.7298627150978776,33,-7.130058496588924,-0.026612069120532277,False
0.015542345227876132,1.0288901600851248,0.7298627150978776,33,-7.130058496588924,-0.026612069120532277,False
0.01554383921803259,1.0336900376293514,0.7298627150978776,33,-7.130058496588924,-0.026413692139848753,False
0.015546300791282153,1.0463486584837514,0.7298627150978776,33,-7.130058496588924,-0.02643592930461538,False
0.015547451100902249,1.0510084630474645,0.7298627150978776,33,-7.130058496588924,-0.026158438198266153,False
0.015548645736722225,1.0573814530369565,0.7298627150978776,32,-7.130058496588924,-0.025862523925742703,False
0.01555396279655012,1.062761099601522,0.7298627150978776,32,-7.130058496588924,-0.025684145744046077,False
0.01556187681968752,1.0663221074321685,0.7298627150978776,31,-7.130058496588924,-0.025602631438616803,False
0.015562792041251492,1.0739511525524785,0.7298627150978776,31,-7.130058496588924,-0.025609723493271393,False
0.015563499064127158,1.0739511525524785,0.7298627150978776,31,-7.130058496588924,-0.025609723493271393,False
0.015566644198487104,1.0771622311933746,0.7580360983928491,31,-7.130058496588924,-0.02555565756565563,False
0.015573054511552957,1.0785691630927239,0.7580360983928491,31,-7.130058496588924,-0.025565964426393254,False
0.015583825002611,1.0843026202676378,0.7580360983928491,31,-7.130058496588924,-0.02524933375926487,False
0.015599137246165493,1.0858089576748668,0.7580360983928491,31,-7.130058496588924,-0.025262216516515165,False
0.015606885881264267,1.0892102022254313,0.7580360983928491,31,-7.130058496588924,-0.02529144580426471,False
0.015611069433914533,1.0911940882727094,0.7580360983928491,31,-7.130058496588924,-0.02524927669839334,False
0.015632900920726348,1.0928027372526432,0.7580360983928491,31,-7.130058496588924,-0.0252643658521025,False
0.015638220284753115,1.0945138584252034,0.7580360983928491,31,-7.130058496588924,-0.025325030990876348,False
0.01563937378592721,1.0982882080033556,0.7580360983928491,31,-7.130058496588924,-0.02526169592664167,False
0.015666784071631946,1.0990146354435566,0.7580360983928491,31,-7.130058496588924,-0.025325334725950877,False
0.015669866493707676,1.104096041902738,0.7580360983928491,31,-7.130058496588924,-0.025067181251001772,False
0.015675138228932888,1.1058085765027057,0.7580360983928491,31,-7.130058496588924,-0.02508413093601526,False
0.015682482881374395,1.1082193101805062,0.7580360983928491,31,-7.130058496588924,-0.025059379559582783,False
0.01568325327218778,1.1146081829694334,0.7580360983928491,31,-7.130058496588924,-0.024762755010568096,False
0.01571302653704366,1.1206817319195377,0.7580360983928491,31,-7.130058496588924,-0.024822274111655968,False
0.015726393784276996,1.1246631811909376,0.7580360983928491,31,-7.130058496588924,-0.024776445462459117,False
0.015726524897269663,1.1264797747771689,0.7580360983928491,31,-7.130058496588924,-0.024794945091472807,False
0.01573097562829976,1.133913989540744,0.7580360983928491,31,-7.130058496588924,-0.024707705266643502,False
0.015754501792178185,1.1380145811025146,0.7580360983928491,31,-7.130058496588924,-0.024684251634349497,False
0.015758826566335815,1.140781177632908,0.7580360983928491,31,-7.130058496588924,-0.024691111303606687,False
0.015776586664521794,1.144233764790231,0.7580360983928491,31,-7.130058496588924,-0.024723641274359852,False
0.015786382865499077,1.1486413466205705,0.7580360983928491,31,-7.130058496588924,-0.024701451951134993,False
0.015787788441214954,1.150560457415175,0.7580360983928491,31,-7.130058496588924,-0.024721229398397892,False
0.015803896463625813,1.1576765051790725,0.7580360983928491,31,-7.130058496588924,-0.024452117311676066,False
0.015807271395279418,1.163202788913235,0.7580360983928491,31,-7.130058496588924,-0.024218261007665918,False
0.015808712079742354,1.1652051111263733,0.7580360983928491,31,-7.130058496588924,-0.024180588392832575,False
0.01581540595555997,1.1666826137207895,0.7881945328956261,31,-7.130058496588924,-0.02406892726135674,False
0.01582238717065627,1.170860283746603,0.7881945328956261,31,-7.130058496588924,-0.0240394865339734,False
0.015826831158426792,1.1759613503868918,0.7881945328956261,31,-7.130058496588924,-0.023863134055655367,False
0.015827228376182924,1.178394821713431,0.7881945328956261,31,-7.130058496588924,-0.02384402606488921,False
0.015836038994872504,1.1819005126172373,0.7881945328956261,31,-7.130058496588924,-0.02369280905419652,False
0.015842229371581012,1.1888406363194897,0.7881945328956261,31,-7.130058496588924,-0.02343124565243985,False
0.015845457677556383,1.1920490268474095,0.9253885214865836,31,-7.130058496588924,-0.023388237217762953,False
0.01585627507485378,1.1922204367004627,0.9253885214865836,31,-7.130058496588924,-0.023405279687784986,False
0.015859594311912407,1.1942383595341133,0.9253885214865836,30,-7.130058496588924,-0.023426098680595687,False
0.01589525014499055,1.1998755542613204,0.9253885214865836,30,-7.130058496588924,-0.023272262691763478,False
0.015899820713896316,1.2074368214330524,0.9253885214865836,30,-7.130058496588924,-0.0232902048179171,False
0.01592351831664572,1.2074368214330524,0.9253885214865836,30,-7.130058496588924,-0.0232902048179171,False
0.015926701770931594,1.2117944200490733,0.9253885214865836,30,-7.130058496588924,-0.023275706938010652,False
0.015938354259740287,1.2132981373014735,0.9253885214865836,30,-7.130058496588924,-0.02309727158975527,False
0.01594252147081709,1.2154085900998732,0.9253885214865836,30,-7.130058496588924,-0.02311892602436105,False
0.01594701992796686,1.2233230369234058,0.9253885214865836,30,-7.130058496588924,-0.022883580376800713,False
0.015957427122567622,1.2249832853779825,0.9253885214865836,30,-7.130058496588924,-0.022686884227302383,False
0.015959868808606243,1.2309729719468618,0.9253885214865836,29,-7.130058496588924,-0.02248138597798956,False
0.015961738411163,1.2344152190512565,0.9253885214865836,29,-7.130058496588924,-0.022516740421477464,False
0.01596957235037799,1.2470488717876462,0.9253885214865836,29,-7.130058496588924,-0.022559201994323024,False
0.01597465461674468,1.24949060169902,0.9253885214865836,29,-7.130058496588924,-0.02254509601011058,False
0.01598054261675467,1.257416872042116,0.9253885214865836,29,-7.130058496588924,-0.02248379600975237,False
0.01598781278603693,1.2592471159145247,0.9253885214865836,29,-7.130058496588924,-0.022268766340992445,False
0.01601184260001584,1.2612563871416516,0.9514117471156811,29,-7.130058496588924,-0.022235361356963797,False
0.016029564778623086,1.2653492624005211,0.9514117471156811,29,-7.130058496588924,-0.022219000540451242,False
0.016030768938962034,1.2673635114451363,0.9514117471156811,29,-7.130058496588924,-0.021986101603623114,False
0.016037099860243136,1.2695571207520744,0.9514117471156811,29,-7.130058496588924,-0.02200840758939151,False
0.016037392511418246,1.2721066808044972,0.9514117471156811,29,-7.130058496588924,-0.022021583178580068,False
0.01603860310635269,1.2766214546167545,0.9514117471156811,29,-7.130058496588924,-0.022020378486156362,False
0.01606911273064054,1.276536400735993,0.9514117471156811,29,-7.130058496588924,-0.022080593231970286,False
0.016077334963363304,1.280532029928446,0.9514117471156811,29,-7.130058496588924,-0.02206529745379355,False
0.016087531172430815,1.282745060012597,0.9514117471156811,29,-7.130058496588924,-0.02181559179957044,False
0.016112617169061764,1.281531146432573,0.9514117471156811,29,-7.130058496588924,-0.02187846330792094,False
0.016113789645278917,1.29030241091616,0.9514117471156811,29,-7.130058496588924,-0.02168141187192822,False
0.01612451065888771,1.2927376395782226,0.9514117471156811,29,-7.130058496588924,-0.021671720362028662,False
0.016127747349879363,1.2992002151408502,0.9514117471156811,29,-7.130058496588924,-0.021497487132286452,False
0.016128165377061455,1.304599909592256,0.9514117471156811,29,-7.130058496588924,-0.021344085613833864,False
0.016128829071456637,1.3104458216619397,0.9514117471156811,29,-7.130058496588924,-0.02140634276510335,False
0.0161292298112106,1.3104458216619397,0.9514117471156811,29,-7.130058496588924,-0.02140634276510335,False
0.016132704942993122,1.3136217378352806,1.0232126029204585,29,-7.130058496588924,-0.02137333224161152,False
0.0161439025085427,1.3158855601184785,1.0571058438715348,29,-7.130058496588924,-0.021396120171421996,False
0.01615720532320817,1.3205273151916854,1.2157451064819207,29,-7.130058496588924,-0.021406423534241617,False
0.016159387145099735,1.3229546808747137,1.2157451064819207,29,-7.130058496588924,-0.021141640890525785,False
0.016162388521038528,1.3305023170372399,1.2157451064819207,29,-7.130058496588924,-0.02091651062312602,False
0.016162695082753385,1.3338546852609603,1.2157451064819207,29,-7.130058496588924,-0.020954154626764022,False
0.01619400333990376,1.3345081576764697,1.2157451064819207,29,-7.130058496588924,-0.020879207424615468,False
0.016195720507335067,1.3345081576764697,1.2157451064819207,29,-7.130058496588924,-0.020879207424615468,False
0.016196616221790125,1.3348938443737512,1.2157451064819207,29,-7.130058496588924,-0.020835418208733806,False
0.016203565749657426,1.335323020740285,1.2157451064819207,29,-7.130058496588924,-0.02078727498071863,False
0.016215649050422203,1.335798837345985,1.2157451064819207,29,-7.130058496588924,-0.020734786059800295,False
0.01621774864601141,1.337147541906334,1.2157451064819207,29,-7.130058496588924,-0.020644723394800803,False
0.016219309343089405,1.3391521901648653,1.2157451064819207,29,-7.130058496588924,-0.020615323266429147,False
0.016219670458261913,1.3392244077374256,1.2157451064819207,29,-7.130058496588924,-0.020633351173604434,False
0.01623357182100805,1.339749973434998,1.2157451064819207,29,-7.130058496588924,-0.020576640064078076,False
0.016236627862040314,1.3434589872806726,1.2157451064819207,29,-7.130058496588924,-0.020566022865832943,False
0.016240045681956684,1.3507411034900556,1.2157451064819207,29,-7.130058496588924,-0.02059229099532702,False
0.016241683560045142,1.3591363388616386,1.2157451064819207,29,-7.130058496588924,-0.02055435529473252,False
0.016245832673651813,1.3650032970683,1.2157451064819207,29,-7.130058496588924,-0.020424279042549044,False
0.01624769005604121,1.367661286116005,1.2157451064819207,29,-7.130058496588924,-0.020146859626365934,False
0.016257855258914006,1.3682395971792434,1.2157451064819207,29,-7.130058496588924,-0.020086181482870967,False
0.016263351253235993,1.3705566965559322,1.2157451064819207,29,-7.130058496588924,-0.020109289412492074,False
0.016281582616513256,1.375286856340119,1.2862462778516082,29,-7.130058496588924,-0.020129272613150104,False
0.016289122743909316,1.3759207373388862,1.2862462778516082,29,-7.130058496588924,-0.02006502193919252,False
0.01630515997298709,1.3855671372901062,1.2862462778516082,29,-7.130058496588924,-0.01990877647066566,False
0.0163105400458491,1.3924962290546197,1.2862462778516082,29,-7.130058496588924,-0.019767412805976485,False
0.01632805227759308,1.3931882447786763,1.2862462778516082,29,-7.130058496588924,-0.019700124374357773,False
0.01633077634068547,1.3966556973469972,1.2862462778516082,28,-7.130058496588924,-0.01957475630840662,False
0.0163363517385402,1.3966556973469972,1.2862462778516082,28,-7.130058496588924,-0.01957475630840662,False
0.0163537559935752,1.399561285802663,1.2862462778516082,28,-7.130058496588924,-0.019287851195155768,False
0.016374952878450772,1.400313658593972,1.2862462778516082,28,-7.130058496588924,-0.01921818812254872,False
0.016379548676057187,1.4034789402611036,1.2862462778516082,28,-7.130058496588924,-0.019257549176033482,False
0.016385606960285994,1.4034789402611036,1.2862462778516082,28,-7.130058496588924,-0.019257549176033482,False
0.016395597849083603,1.405828075864056,1.377412545715857,28,-7.130058496588924,-0.019280818755002954,False
0.016407484080130208,1.4171294875212705,1.377412545715857,28,-7.130058496588924,-0.019338491831183385,False
0.016410656517315856,1.4219003425045385,1.377412545715857,28,-7.130058496588924,-0.019366380708063725,False
0.016416728512983002,1.425156594422182,1.377412545715857,28,-7.130058496588924,-0.01936179162548973,False
0.01642643312946576,1.4282696996576163,1.3860330443419486,28,-7.130058496588924,-0.01933762971351127,False
0.016429894001107916,1.4302583501393011,1.3860330443419486,28,-7.130058496588924,-0.019311947173670626,False
0.016430353068438885,1.4310728659946497,1.3860330443419486,28,-7.130058496588924,-0.01924067597514868,False
0.01644682079739531,1.4367634430993166,1.3860330443419486,28,-7.130058496588924,-0.019110344656269273,False
0.016478872098297376,1.4399342111665454,1.3860330443419486,28,-7.130058496588924,-0.018817766474753014,False
0.016494441475633146,1.4408121235091165,1.3860330443419486,28,-7.130058496588924,-0.018745729687114656,False
0.01650795617640286,1.4481740412582496,1.4654229246267234,28,-7.130058496588924,-0.018637504807834035,False
0.016508212085983773,1.4563686573788326,1.4654229246267234,28,-7.130058496588924,-0.01844919894868068,False
0.01651278207145604,1.4651773433114161,1.4654229246267234,28,-7.130058496588924,-0.018431654142664376,False
0.01652187610635448,1.4756183500747966,1.4654229246267234,28,-7.130058496588924,-0.018316653253172232,False
0.0165306632959187,1.4737612923883885,1.4654229246267234,28,-7.130058496588924,-0.018375532456907314,False
0.01654076553398629,1.476116747091699,1.578746476168143,28,-7.130058496588924,-0.01839880643141591,False
0.016543295509960622,1.480871135621777,1.578746476168143,28,-7.130058496588924,-0.018432905054587514,False
0.016551942217952254,1.4808691465033552,1.578746476168143,28,-7.130058496588924,-0.01845042657465372,False
0.016568033728579557,1.481811070215712,1.578746476168143,27,-7.130058496588924,-0.01837850512751375,False
0.016580400469257413,1.4885591665532008,1.578746476168143,27,-7.130058496588924,-0.018410796688132156,False
0.01658548757818036,1.493772431924886,1.578746476168143,27,-7.130058496588924,-0.018474469867504763,False
0.0165893833836797,1.490795372310026,1.578746476168143,27,-7.130058496588924,-0.01853563374537663,False
0.01659279820304847,1.4968622634197195,1.578746476168143,27,-7.130058496588924,-0.018427797135432064,False
0.01661222848083075,1.4997289118852395,1.578746476168143,27,-7.130058496588924,-0.018468291419381607,False
0.016621770063861518,1.5081180315501974,1.578746476168143,27,-7.130058496588924,-0.018505876038711015,False
0.0166242554521797,1.5115720167771145,1.578746476168143,27,-7.130058496588924,-0.018211991363360124,False
0.016624429888456912,1.51322856962328,1.578746476168143,27,-7.130058496588924,-0.018223783764640875,False
0.01662447848028705,1.51322856962328,1.578746476168143,27,-7.130058496588924,-0.018223783764640875,False
0.016630945328016577,1.5149814800869132,1.578746476168143,27,-7.130058496588924,-0.01819992103639052,False
0.01663230140588791,1.5149814800869132,1.578746476168143,27,-7.130058496588924,-0.01819992103639052,False
0.016632735670972596,1.5167080040583811,1.578746476168143,27,-7.130058496588924,-0.01821287416339628,False
0.01663661334428262,1.517899450622769,1.578746476168143,27,-7.130058496588924,-0.0181439743055094,False
0.016644931187537706,1.517899450622769,1.578746476168143,27,-7.130058496588924,-0.0181439743055094,False
0.016646902147778198,1.519691927453268,1.6508405426530857,27,-7.130058496588924,-0.018157945376450383,False
0.01665126938940087,1.5206977580437502,1.6508405426530857,27,-7.130058496588924,-0.01808701002888306,False
0.016662062802629676,1.5206977580437502,1.6508405426530857,27,-7.130058496588924,-0.01808701002888306,False
0.016667112301976154,1.5225506888530143,1.6508405426530857,27,-7.130058496588924,-0.01810186376716345,False
0.016678247134273037,1.527222375910059,1.6508405426530857,27,-7.130058496588924,-0.01814056262818751,False
0.016683258267349683,1.527222375910059,1.6508405426530857,27,-7.130058496588924,-0.01814056262818751,False
0.0166935340753324,1.5291286557353068,1.6508405426530857,27,-7.130058496588924,-0.018156170734078044,False
0.016698873612139852,1.5314604605877669,1.76338778529527,27,-7.130058496588924,-0.018179294080938036,False
0.016718390830594256,1.5333135826484723,1.76338778529527,27,-7.130058496588924,-0.01815767133389117,False
0.0167193312544846,1.5410301758298917,1.8462668163140852,27,-7.130058496588924,-0.01808161033624738,False
0.01672454206757366,1.5440507341851317,1.9086796463775118,27,-7.130058496588924,-0.018065115494421656,False
0.016726345985062174,1.5460015031287617,1.9086796463775118,27,-7.130058496588924,-0.018081355213301196,False
0.01674424952000048,1.5470703168441275,1.9086796463775118,27,-7.130058496588924,-0.018012231199815532,False
0.016764403941550685,1.5580100067729732,1.9501429120257097,26,-7.130058496588924,-0.017936991005046615,False
0.016765588419935244,1.559994578660804,1.9501429120257097,26,-7.130058496588924,-0.017953744183643244,False
0.016781648042887128,1.5659619897054495,1.9501429120257097,26,-7.130058496588924,-0.01784589228349334,False
0.016791087129999892,1.5697175110672745,1.9501429120257097,26,-7.130058496588924,-0.01755545525433333,False
0.016791250900173506,1.5788338130371968,1.9501429120257097,26,-7.130058496588924,-0.017555102487820055,False
0.016811210484766737,1.5808396309472028,1.9501429120257097,26,-7.130058496588924,-0.017572254469759453,False
0.016815422990175036,1.5827961457990174,1.9501429120257097,26,-7.130058496588924,-0.017552888849323694,False
0.016847133580294216,1.583926130409877,1.9501429120257097,26,-7.130058496588924,-0.017486322222904915,False
0.01684946349787895,1.583926130409877,1.9501429120257097,26,-7.130058496588924,-0.017486322222904915,False
0.01685273401012665,1.5838719394889909,1.9501429120257097,26,-7.130058496588924,-0.017503383850954398,False
0.016855676585372716,1.5918788036777471,1.9501429120257097,26,-7.130058496588924,-0.017571655578688478,False
0.0168603089129665,1.594328682794051,1.9501429120257097,26,-7.130058496588924,-0.017612709647048516,False
0.016863038209354447,1.5976845122097059,1.9501429120257097,26,-7.130058496588924,-0.017513849363508544,False
0.01686309050178188,1.59969720508805,1.9501429120257097,26,-7.130058496588924,-0.017531288365117317,False
0.01686450241411291,1.59969720508805,1.9501429120257097,26,-7.130058496588924,-0.017531288365117317,False
0.016869646283334993,1.6019716993688948,1.9744516548085063,26,-7.130058496588924,-0.01755411058964611,False
0.01687758137065403,1.61084898616489,1.9744516548085063,26,-7.130058496588924,-0.017401102723006375,False
0.016921053576943953,1.6128525150576025,1.9744516548085063,26,-7.130058496588924,-0.01741871969642985,False
0.016922447531505905,1.614914529362494,1.9744516548085063,26,-7.130058496588924,-0.017401630862748915,False
0.016936737906388482,1.6211449312966244,1.9744516548085063,26,-7.130058496588924,-0.017315992161444253,False
0.01694385022129797,1.6290682678276909,1.9744516548085063,26,-7.130058496588924,-0.01727005670894092,False
0.0169598695408776,1.6302566703520736,1.9744516548085063,26,-7.130058496588924,-0.017206689700550903,False
0.016980458573070546,1.6343321071213577,1.9744516548085063,26,-7.130058496588924,-0.01692461988026023,False
0.016984928418538176,1.6363090079133502,1.9744516548085063,26,-7.130058496588924,-0.01694230875564902,False
0.01701837351835084,1.632971902204914,1.9744516548085063,26,-7.130058496588924,-0.016999032281799505,False
0.017032831435233833,1.6436977130863133,1.9842307114690998,26,-7.130058496588924,-0.01696047230894452,False
0.017039981063757786,1.6458664422625182,1.9842307114690998,26,-7.130058496588924,-0.01694567743607153,False
0.017052532907171746,1.6480473393799948,1.9842307114690998,26,-7.130058496588924,-0.016968055678838898,False
0.017054429721582123,1.6499791261240435,1.9842307114690998,26,-7.130058496588924,-0.016985714217652784,False
0.0170586022102862,1.6509926544804512,1.9842307114690998,26,-7.130058496588924,-0.0169360855742077,False
0.017075088636872723,1.6602347585624446,1.9842307114690998,26,-7.130058496588924,-0.01694983748032573,False
0.017082202150894232,1.664320073695191,1.9842307114690998,26,-7.130058496588924,-0.01701369294802305,False
0.01708228153543814,1.6655631741861554,1.9842307114690998,26,-7.130058496588924,-0.01695404878140097,False
0.017092137480685415,1.661245253828956,1.9842307114690998,26,-7.130058496588924,-0.017012630155662744,False
0.01712288298360706,1.663166165175793,1.9842307114690998,26,-7.130058496588924,-0.017053703676175747,False
0.01712918105412057,1.665033788919457,1.9842307114690998,26,-7.130058496588924,-0.01707123425259175,False
0.017130741637714362,1.671256163115915,1.9842307114690998,26,-7.130058496588924,-0.016984649773408116,False
0.017144694906214047,1.6727559697780163,1.9842307114690998,26,-7.130058496588924,-0.016846034749777222,False
0.017168548989126967,1.6750315650312912,1.9842307114690998,26,-7.130058496588924,-0.01683354747294086,False
0.01717447913700258,1.6754422811833727,1.9842307114690998,26,-7.130058496588924,-0.016789151379593782,False
0.01717860236084287,1.6758924870684977,1.9842307114690998,26,-7.130058496588924,-0.016740784921483894,False
0.01718042758478775,1.6837722177851548,1.9842307114690998,26,-7.130058496588924,-0.016722119243005304,False
0.017184982033373628,1.6837722177851548,1.9842307114690998,26,-7.130058496588924,-0.016722119243005304,False
0.0171880497798268,1.6842643690391998,1.9842307114690998,26,-7.130058496588924,-0.016669813591188888,False
0.017193287495889144,1.6886777586015975,1.9842307114690998,26,-7.130058496588924,-0.016400944167044434,False
0.017203398731008263,1.6892141847098432,1.9842307114690998,26,-7.130058496588924,-0.01634484682513471,False
0.017208838028231168,1.6909986637056087,1.9842307114690998,26,-7.130058496588924,-0.016362157640098504,False
0.01721412449267887,1.6922917646697548,1.9842307114690998,26,-7.130058496588924,-0.01630663540850876,False
0.01721456803268045,1.6939533226252879,1.9842307114690998,26,-7.130058496588924,-0.016152951373002974,False
0.017225289642102962,1.6945362163110755,1.9842307114690998,26,-7.130058496588924,-0.016093339691946228,False
0.01724684620915735,1.6965862836910857,1.9842307114690998,26,-7.130058496588924,-0.016115143041506866,False
0.017254230532878886,1.6972176563769663,1.9842307114690998,26,-7.130058496588924,-0.016052433212660266,False
0.017268556123450993,1.7068044876066335,1.9842307114690998,26,-7.130058496588924,-0.015932249558325493,False
0.01726940115832486,1.7131506141149242,1.9842307114690998,26,-7.130058496588924,-0.01586601545971869,False
0.01728282781992134,1.7151478547815513,1.9842307114690998,26,-7.130058496588924,-0.015619931641650424,False
0.017290560229703676,1.7158294671896497,1.9842307114690998,26,-7.130058496588924,-0.015554681985884332,False
0.017292862249327103,1.717512589124527,1.9842307114690998,26,-7.130058496588924,-0.015571688560841406,False
0.01729806284217783,1.7193504314012946,1.9842307114690998,26,-7.130058496588924,-0.015402349740300707,False
0.017302043214686324,1.7215718298262046,1.9842307114690998,26,-7.130058496588924,-0.015131189953395805,False
0.017308599692220598,1.7239531716702274,1.9842307114690998,26,-7.130058496588924,-0.015121019484891562,False
0.017309173889054074,1.7268792251502192,1.9842307114690998,26,-7.130058496588924,-0.01519583596280957,False
0.017326805322164848,1.7360306404222916,1.9842307114690998,26,-7.130058496588924,-0.015189706090719653,False
0.017333732017804644,1.7384995758494493,1.9842307114690998,26,-7.130058496588924,-0.014893885815543729,False
0.017334688619653732,1.739232868887534,1.9842307114690998,26,-7.130058496588924,-0.014826787900567509,False
0.017354992249087795,1.7405703216273136,1.9842307114690998,26,-7.130058496588924,-0.014775663450287359,False
0.0173612845571628,1.7496522011057356,1.9842307114690998,26,-7.130058496588924,-0.01480043287303481,False
0.017379290314903362,1.7523941673584615,1.9842307114690998,26,-7.130058496588924,-0.01448137092377857,False
0.017380812888105356,1.7539591982021974,1.9842307114690998,26,-7.130058496588924,-0.014497996794796077,False
0.017386934759718267,1.7547452201443514,1.9842307114690998,26,-7.130058496588924,-0.014429855071194977,False
0.017396223915293597,1.7567744868137982,1.9842307114690998,26,-7.130058496588924,-0.014244586524515672,False
0.017398236227806667,1.7580761399412472,1.9842307114690998,26,-7.130058496588924,-0.014285185201783155,False
0.017406593457680253,1.7595074425869706,1.9842307114690998,26,-7.130058496588924,-0.01427636053099595,False
0.017424562722467007,1.7626715894723546,1.9842307114690998,26,-7.130058496588924,-0.014203014822268014,False
0.017427657793276978,1.770123451494804,1.9842307114690998,26,-7.130058496588924,-0.014208213670355406,False
0.01743011500955616,1.7748920978521978,1.9842307114690998,26,-7.130058496588924,-0.013957015581007686,False
0.01744019446380752,1.777935333769733,1.9842307114690998,26,-7.130058496588924,-0.013617254559956769,False
0.0174458216108127,1.777935333769733,1.9842307114690998,26,-7.130058496588924,-0.013617254559956769,False
0.017446988635972584,1.7787746549461305,1.9842307114690998,26,-7.130058496588924,-0.013548937501243433,False
0.017451320134222625,1.7806579821149422,1.9842307114690998,26,-7.130058496588924,-0.013570048547480196,False
0.017460539022748914,1.7831423991606414,1.9842307114690998,26,-7.130058496588924,-0.013562196535675076,False
0.017472111367551914,1.7845748242979311,1.9842307114690998,26,-7.130058496588924,-0.013578374634851982,False
0.017487229209885245,1.785397485593063,1.9842307114690998,26,-7.130058496588924,-0.013547231731507493,False
0.017491738385266808,1.791843345687052,1.9842307114690998,26,-7.130058496588924,-0.013480234259679019,False
0.0174991872771972,1.7933253480014384,1.9842307114690998,26,-7.130058496588924,-0.013475492295020977,False
0.017501287353394315,1.7942180118226236,1.9842307114690998,26,-7.130058496588924,-0.013407590911916283,False
0.017504400772221772,1.7955933043132466,1.9842307114690998,26,-7.130058496588924,-0.013361023015372168,False
0.017506790689408563,1.7975375916861855,1.9842307114690998,26,-7.130058496588924,-0.013225602148476285,False
0.017510397461308537,1.7997743053365327,1.9842307114690998,26,-7.130058496588924,-0.013024496368725097,False
0.01751360998156409,1.7997743053365327,1.9842307114690998,26,-7.130058496588924,-0.013024496368725097,False
0.017517890907662193,1.8031502689961392,1.9842307114690998,26,-7.130058496588924,-0.012667801029263254,False
0.017520733110183522,1.8042012305940167,1.9842307114690998,26,-7.130058496588924,-0.012602452136791998,False
0.017523462181555174,1.7998404373428796,1.9842307114690998,26,-7.130058496588924,-0.012656146287153846,False
0.017543096411554042,1.8009427285483646,1.9842307114690998,25,-7.130058496588924,-0.012593878567698192,False
0.01754393062716405,1.8009427285483646,1.9842307114690998,25,-7.130058496588924,-0.012593878567698192,False
0.01756617227612452,1.8022308595655219,1.9842307114690998,25,-7.130058496588924,-0.012609551471246826,False
0.017586087922908323,1.8033824459056544,1.9842307114690998,25,-7.130058496588924,-0.012550974585457666,False
0.017591282783632114,1.8097872307674,1.9842307114690998,25,-7.130058496588924,-0.012501088429468897,False
0.01760225840434338,1.8113161972564833,1.9842307114690998,25,-7.130058496588924,-0.012500180815916338,False
0.017611296919546226,1.806178480181394,1.9842307114690998,25,-7.130058496588924,-0.012555171392794152,False
0.017613673200292793,1.809922342468474,1.9842307114690998,25,-7.130058496588924,-0.012186555750580766,False
0.017615305303172245,1.8124007670831477,1.9842307114690998,25,-7.130058496588924,-0.012249415390442876,False
0.017624623875235498,1.8149837883239874,1.9842307114690998,25,-7.130058496588924,-0.012243872341533724,False
0.01763594150123492,1.8161818638815077,1.9842307114690998,25,-7.130058496588924,-0.01218907773386258,False
0.017642028573529353,1.8186428996582713,1.9842307114690998,25,-7.130058496588924,-0.011972679634987297,False
0.017645447953278597,1.8242833561170642,1.9842307114690998,25,-7.130058496588924,-0.011994018845481949,False
0.017647536320417,1.8327960685886244,1.9842307114690998,25,-7.130058496588924,-0.012026986974586325,False
0.0176616381978241,1.8342019112967012,1.9842307114690998,25,-7.130058496588924,-0.011985028005774256,False
0.017662452070891458,1.8353373853542507,1.9842307114690998,25,-7.130058496588924,-0.01200014854127203,False
0.01766463717342732,1.8370221276796295,1.9842307114690998,25,-7.130058496588924,-0.012020464764464767,False
0.017675344558837968,1.8473284411570083,1.9842307114690998,25,-7.130058496588924,-0.01192926375738253,False
0.01768342029205918,1.8479590005787718,1.9842307114690998,25,-7.130058496588924,-0.011968922579595986,False
0.017683936244381648,1.8544584420288168,1.9842307114690998,25,-7.130058496588924,-0.01199430344971796,False
0.017691366992923476,1.8595981582890355,1.9842307114690998,25,-7.130058496588924,-0.011764633345571754,False
0.017701829362554107,1.8608390181594452,1.9842307114690998,25,-7.130058496588924,-0.011714073633014004,False
0.01771635749139384,1.8624094104746365,1.9842307114690998,25,-7.130058496588924,-0.011716685811628751,False
0.017729019932372067,1.8665606401152177,1.9842307114690998,25,-7.130058496588924,-0.01134233614590769,False
0.017740077199559588,1.8685237857269648,1.9842307114690998,25,-7.130058496588924,-0.011107879612172515,False
0.017760430307423792,1.8695018964732344,1.9842307114690998,25,-7.130058496588924,-0.011122410850789861,False
0.017762466809321392,1.8671427289082434,1.9842307114690998,25,-7.130058496588924,-0.011200352891846984,False
0.01777195626379266,1.8684218978573797,1.9842307114690998,25,-7.130058496588924,-0.01115384369550615,False
0.017788820139828174,1.8705946758004688,1.9842307114690998,25,-7.130058496588924,-0.010894818034977584,False
0.01779240770476563,1.873297729780386,1.9842307114690998,25,-7.130058496588924,-0.010664204552357403,False
0.017801143218235588,1.875972730967438,1.9842307114690998,25,-7.130058496588924,-0.010660945283936405,False
0.017826272017766487,1.8774012191249367,1.9842307114690998,25,-7.130058496588924,-0.010623552992431647,False
0.01784191276011498,1.8790058770771552,1.9842307114690998,25,-7.130058496588924,-0.010629357996977975,False
0.01785282786343701,1.8814084907945943,1.9842307114690998,25,-7.130058496588924,-0.010345901996071258,False
0.017857889077034533,1.8827207041573064,1.9842307114690998,25,-7.130058496588924,-0.010303762317104236,False
0.01785949669987674,1.8835404318990894,1.9842307114690998,25,-7.130058496588924,-0.010317677157753858,False
0.01786218392327302,1.8901668578745605,1.9842307114690998,25,-7.130058496588924,-0.010268253682175044,False
0.01786546540595574,1.8947699538419105,1.9842307114690998,25,-7.130058496588924,-0.009895326761860631,False
0.017885277269738233,1.896230075680738,1.9842307114690998,25,-7.130058496588924,-0.009914769890491507,False
0.01789575641230665,1.9026327546614001,1.9842307114690998,25,-7.130058496588924,-0.00987886934355546,False
0.017927949766674646,1.908661191966911,1.9842307114690998,25,-6.527214766037835,-0.009279637831093009,False
0.01793125276653289,1.9100007468628517,1.9842307114690998,25,-6.527214766037835,-0.009241980395020763,False
0.017932719347694658,1.9124555595230777,1.9842307114690998,25,-6.281733500015218,-0.009003415070861323,False
0.017933757373256327,1.9151095861273995,1.9842307114690998,25,-6.281733500015218,-0.008696569619875352,False
0.017934734397059563,1.9151095861273995,1.9842307114690998,25,-6.281733500015218,-0.008696569619875352,False
0.017937844720065207,1.915734227629043,1.9842307114690998,25,-6.281733500015218,-0.008682267644651279,False
0.017947429726375478,1.9206770775145718,1.9842307114690998,25,-6.281733500015218,-0.008724094998206288,False
0.01795054610665946,1.923389015119435,1.9842307114690998,25,-6.010539739528898,-0.00846834480076604,False
0.017951844931964674,1.923389015119435,1.9842307114690998,25,-6.010539739528898,-0.00846834480076604,False
0.017956314590221976,1.923389015119435,1.9842307114690998,25,-6.010539739528898,-0.00846834480076604,False
0.01796304441513546,1.9263524921128161,1.9842307114690998,25,-6.010539739528898,-0.008225195768587297,False
0.017976094762992122,1.9263087309747309,1.9842307114690998,25,-6.010539739528898,-0.008263538381174418,False
0.017977184863194617,1.9318330429880672,1.9842307114690998,24,-6.010539739528898,-0.008058411094371248,False
0.017979484744133172,1.9334631019693813,1.9842307114690998,24,-6.010539739528898,-0.008067101790505168,False
0.01798281131066708,1.936455168433022,1.9842307114690998,24,-5.71133309316483,-0.007796900903304904,False
0.017986229938187732,1.9369875860161718,1.9842307114690998,24,-5.71133309316483,-0.007840468978452154,False
0.017990214372091775,1.9397455733631552,1.9842307114690998,24,-5.71133309316483,-0.00783944852653477,False
0.017997326214770945,1.941188327050529,1.9842307114690998,24,-5.71133309316483,-0.007806499953322454,False
0.017997592677623214,1.9425495680153215,1.9842307114690998,24,-5.71133309316483,-0.007772271280085886,False
0.018007621736322872,1.9454427877324887,1.9842307114690998,24,-5.71133309316483,-0.007722672045262867,False
0.018024969912513768,1.95054807638317,1.9842307114690998,24,-5.71133309316483,-0.007358979529277977,False
0.018031013915112883,1.9538449446795654,1.9842307114690998,24,-5.580232304134121,-0.0070780438548841765,False
0.018031222648669777,1.9489474552892638,1.9842307114690998,24,-5.580232304134121,-0.007127795303417636,False
0.01803328031381198,1.9518763446475904,1.9842307114690998,24,-5.580232304134121,-0.006799604997396019,False
0.01806071846652761,1.9532535543625833,1.9842307114690998,24,-5.580232304134121,-0.006769529040155629,False
0.018095135132224317,1.9642590004209333,2.0036157640063377,24,-5.580232304134121,-0.006705447958771126,False
0.018096585068616382,1.967886982717841,2.0036157640063377,24,-5.580232304134121,-0.006418409241586732,False
0.01811138205873761,1.9691056946120171,2.0036157640063377,24,-5.580232304134121,-0.006436916675548191,False
0.018117299773186588,1.970493499823864,2.0036157640063377,24,-5.580232304134121,-0.006412562557112733,False
0.018129539281790546,1.9721382913763263,2.0036157640063377,24,-5.580232304134121,-0.006423858711507834,False
0.0181362887526371,1.9666666927266254,2.0036157640063377,24,-5.580232304134121,-0.006474237652639515,False
0.018153213878538337,1.9698960027191392,2.0036157640063377,24,-5.580232304134121,-0.006127849669941229,False
0.018155369660240596,1.9731388500643023,2.0036157640063377,24,-5.580232304134121,-0.005874493584305288,False
0.018173331055369314,1.9745313406759823,2.0036157640063377,24,-5.580232304134121,-0.005855380962714536,False
0.01817351284623742,1.9759797394453278,2.0036157640063377,24,-5.580232304134121,-0.005826683308080402,False
0.018174346270172677,1.9765599437720136,2.0036157640063377,24,-5.580232304134121,-0.005887088394911216,False
0.01818098549693654,1.980546906808565,2.0036157640063377,24,-5.580232304134121,-0.005599328938492232,False
0.018188509773350774,1.9868719828094483,2.0036157640063377,24,-5.580232304134121,-0.005575927035305322,False
0.01819180701125265,1.9897012597517423,2.0036157640063377,24,-5.580232304134121,-0.005577076618468576,False
0.018198176243063333,1.9897012597517423,2.0036157640063377,24,-5.580232304134121,-0.005577076618468576,False
0.01820267170913183,1.9906095694622172,2.0036157640063377,24,-5.580232304134121,-0.005572558203231286,False
0.018208479876487903,1.9962742325822813,2.0036157640063377,24,-5.580232304134121,-0.005226102520923943,False
0.01820944361812357,1.9901941401356473,2.0036157640063377,24,-5.580232304134121,-0.005304395239157556,False
0.018216418581260375,1.9930536942852706,2.0036157640063377,24,-5.580232304134121,-0.005359069521416846,False
0.018227960275526606,1.994018084834349,2.0036157640063377,24,-5.580232304134121,-0.005356082053064557,False
0.018231099041053675,1.9954082047804043,2.0036157640063377,24,-5.580232304134121,-0.005340652961497122,False
0.018239300532719372,2.0021586763614794,2.0482289398768643,24,-5.580232304134121,-0.005306606690876443,False
0.018261956962906646,2.0031789762264354,2.0482289398768643,24,-5.580232304134121,-0.005304991285036943,False
0.018270109683467664,2.002513646281766,2.0482289398768643,24,-5.580232304134121,-0.005341625305198975,False
0.018274630237196172,2.002513646281766,2.0482289398768643,24,-5.580232304134121,-0.005341625305198975,False
0.01828564203158825,2.0068887378251477,2.0482289398768643,24,-5.580232304134121,-0.005059019876578372,False
0.018286655533052452,2.012807594322084,2.0482289398768643,24,-5.580232304134121,-0.004880447925166802,False
0.018291334490050958,2.0141881646324937,2.0482289398768643,24,-5.580232304134121,-0.004867754866803051,False
0.018292490453163113,2.0158351849468668,2.0482289398768643,24,-5.580232304134121,-0.00488139651975457,False
0.0182953295573866,2.019392755621802,2.0482289398768643,24,-5.580232304134121,-0.004521102197634653,False
0.018305466329164116,2.0204676323430504,2.0482289398768643,24,-5.580232304134121,-0.004520723273175857,False
0.01833617468174916,2.0215708442472153,2.0482289398768643,24,-5.580232304134121,-0.004420213306017844,False
0.018336432812742335,2.0222200971851714,2.0482289398768643,24,-5.580232304134121,-0.004360540028759787,False
0.018339245528116988,2.0231935565040016,2.0482289398768643,24,-5.580232304134121,-0.004378052043783166,False
0.018340175477773737,2.0231935565040016,2.0482289398768643,24,-5.580232304134121,-0.004378052043783166,False
0.018341858845426703,2.023914999576528,2.0482289398768643,24,-5.580232304134121,-0.004311612074275991,False
0.018344469546113573,2.0193802169975905,2.0482289398768643,24,-5.580232304134121,-0.00437227580778198,False
0.018352880897350477,2.0201792824659783,2.0482289398768643,24,-5.580232304134121,-0.004298810440020422,False
0.018353911337391334,2.0216246430928924,2.0482289398768643,24,-5.580232304134121,-0.0042741214686632355,False
0.01835923354487885,2.0227516362251485,2.0482289398768643,24,-5.580232304134121,-0.00427487324819508,False
0.018370021690295543,2.0236337823153825,2.0482289398768643,24,-5.580232304134121,-0.004194244183113847,False
0.01837074322546571,2.0271752058891237,2.0482289398768643,24,-5.580232304134121,-0.003933670450896924,False
0.018394163684437338,2.0281458353293247,2.0482289398768643,24,-5.580232304134121,-0.003845889879839155,False
0.01840575086098134,2.0310317830036397,2.0482289398768643,24,-5.580232304134121,-0.0038491150596473302,False
0.01841160345613735,2.0314599960338655,2.0482289398768643,24,-5.580232304134121,-0.0038498749343034546,False
0.018411940559731933,2.036253157987133,2.0482289398768643,24,-5.580232304134121,-0.003578451573430741,False
0.01841747511013446,2.042542282206413,2.0482289398768643,24,-5.580232304134121,-0.003256933181114221,False
0.01842421873325356,2.043717642191568,2.0482289398768643,24,-5.580232304134121,-0.0032587419428753528,False
0.018425865918342305,2.0447820135460724,2.0482289398768643,24,-5.580232304134121,-0.003163999758350773,False
0.018461514146814323,2.048698182095042,2.0482289398768643,24,-5.580232304134121,-0.0027951859329395333,False
0.01846565792492117,2.0498612974135444,2.0482289398768643,24,-5.580232304134121,-0.002693872781274367,False
0.018468657833168544,2.0514962452838357,2.0482289398768643,24,-5.580232304134121,-0.0027096119716779553,False
0.01846911825953317,2.057658855588347,2.0482289398768643,24,-5.580232304134121,-0.0026964099980339327,False
0.018487422319498115,2.0581980846824113,2.0482289398768643,24,-5.580232304134121,-0.0027603946822754456,False
0.018501166768064667,2.059416605394889,2.0482289398768643,24,-5.580232304134121,-0.002763215380352029,False
0.018514153580184316,2.0606830776883087,2.0482289398768643,24,-5.580232304134121,-0.0026559384441181082,False
0.018524323838118476,2.0723047014907063,2.0482289398768643,24,-5.580232304134121,-0.002615460122209928,False
0.018526243836983414,2.067286750179587,2.0482289398768643,24,-5.580232304134121,-0.0026605611405050634,False
0.018537460950622246,2.068720559887899,2.0482289398768643,24,-5.580232304134121,-0.0026395966322105674,False
0.018557765121789253,2.06753022253382,2.0482289398768643,24,-5.580232304134121,-0.0026742500276777997,False
0.018561080288758545,2.0727712764209705,2.0482289398768643,24,-5.580232304134121,-0.002419798541285798,False
0.018565820659656736,2.0735064832394654,2.0482289398768643,24,-5.580232304134121,-0.002436280807953124,False
0.018571896229012633,2.0748804026615546,2.0482289398768643,24,-5.580232304134121,-0.0023238664567734905,False
0.018590691801070522,2.0761352678589544,2.0482289398768643,24,-5.580232304134121,-0.002327675449247526,False
0.018608448241607838,2.0786858377625057,2.0482289398768643,24,-5.580232304134121,-0.0022989149309256053,False
0.018610586116735373,2.0825449403038867,2.0482289398768643,24,-5.580232304134121,-0.0020347328085525643,False
0.018618002954057654,2.0825449403038867,2.0482289398768643,24,-5.580232304134121,-0.0020347328085525643,False
0.018618378790527475,2.0888630865283733,2.0482289398768643,24,-5.580232304134121,-0.0018836491561894403,False
0.01862000971785702,2.0956657486558314,2.0482289398768643,24,-5.580232304134121,-0.0018626910471557572,False
0.018622300058349767,2.11935029045177,2.0482289398768643,24,-5.580232304134121,0.00071510436152097,True
0.018624457960818953,2.1227162771269206,2.0482289398768643,24,-5.580232304134121,0.0009698230361248388,True
0.01863178304362776,2.125641175628331,2.0482289398768643,24,-5.580232304134121,0.0009646438180720602,True
0.018633785492286052,2.125641175628331,2.0482289398768643,24,-5.580232304134121,0.0009646438180720602,True
0.018639196996032763,2.1271259611127236,2.0482289398768643,24,-5.580232304134121,0.0010811597520912696,True
0.018640787946348856,2.130771263696844,2.0482289398768643,24,-5.580232304134121,0.0013241253809267535,True
0.01864415854288601,2.1229816441453417,2.0482289398768643,24,-5.580232304134121,0.0012476508347624743,True
0.018651571571585597,2.117555152123199,2.0036157640063377,24,-5.580232304134121,0.0012026619118453569,True
0.018652903276980628,2.124542721576533,2.0036157640063377,24,-5.580232304134121,0.00149241132082165,True
0.018653586036969136,2.128850512440192,2.0036157640063377,24,-5.580232304134121,0.0018634120185402714,True
0.01865823789329164,2.128850512440192,2.0036157640063377,24,-5.580232304134121,0.0018634120185402714,True
0.01865825449169766,2.130457431833117,2.0036157640063377,24,-5.580232304134121,0.0018458194128661246,True
0.018671581073522563,2.1343949758334677,2.0036157640063377,23,-5.580232304134121,0.002072818150583104,True
0.01869358406140964,2.1356776393122434,2.0036157640063377,23,-5.580232304134121,0.0020680328780438104,True
0.018694861480108425,2.1356776393122434,2.0036157640063377,23,-5.580232304134121,0.0020680328780438104,True
0.01871657012035429,2.137275852587572,2.0036157640063377,23,-5.580232304134121,0.002187427283120701,True
0.018717059942164688,2.1415171894121117,2.0036157640063377,23,-5.580232304134121,0.002394830717656034,True
0.018717169805850597,2.1335500647696692,2.0036157640063377,23,-5.580232304134121,0.0023219181598833167,True
0.018734206122481226,2.139266969217544,2.0036157640063377,23,-5.580232304134121,0.002554221411092887,True
0.018741720353514586,2.137987486867654,2.0036157640063377,23,-5.580232304134121,0.002498372478961329,True
0.018742799940295356,2.137987486867654,2.0036157640063377,23,-5.580232304134121,0.002498372478961329,True
0.01877217925308825,2.137987486867654,2.0036157640063377,23,-5.580232304134121,0.002498372478961329,True
0.018776959124751486,2.1425421998071594,2.0036157640063377,23,-5.580232304134121,0.0026833272695651078,True
0.018787311100465637,2.1430576699068316,2.0036157640063377,23,-5.580232304134121,0.002667884090885443,True
0.018801199542671933,2.1430576699068316,2.0036157640063377,23,-5.580232304134121,0.002667884090885443,True
0.018804147817664235,2.1447708621187314,2.0036157640063377,22,-5.580232304134121,0.002788785413193539,True
0.018810441319742643,2.1460709642635503,2.0036157640063377,21,-5.580232304134121,0.0027830353094593805,True
0.01883374895979248,2.1444802024491523,2.0036157640063377,21,-5.580232304134121,0.002750597534234174,True
0.01885105679430077,2.1493549778938346,2.0036157640063377,21,-5.580232304134121,0.002911143143181206,True
0.018861436407942085,2.150916562904837,2.022509040379368,21,-5.580232304134121,0.0028919408405400386,True
0.018869050876826672,2.150916562904837,2.022509040379368,21,-5.580232304134121,0.0028919408405400386,True
0.018869389532943225,2.1538596091595275,2.022509040379368,21,-5.580232304134121,0.0028849550190193952,True
0.018873333191141373,2.1585949090325096,2.022509040379368,21,-5.580232304134121,0.003251126566733401,True
0.018876148556810936,2.1627901079988474,2.022509040379368,21,-5.580232304134121,0.0035147861220891047,True
0.0188934243974335,2.163032916590555,2.022509040379368,21,-5.580232304134121,0.0035016387561787425,True
0.018902143653764487,2.1648614533850585,2.022509040379368,21,-5.580232304134121,0.0036225773943316286,True
0.018913945993407098,2.172631074772496,2.022509040379368,20,-5.580232304134121,0.0038750737037692618,True
0.01893230823474901,2.178847070846939,2.022509040379368,20,-5.580232304134121,0.004081011700870052,True
0.01893915955138046,2.184044456467811,2.022509040379368,20,-5.580232304134121,0.004216127753476664,True
0.018941825656231745,2.1853498572833328,2.022509040379368,20,-5.580232304134121,0.004209433574342718,True
0.01894532732495188,2.1853498572833328,2.022509040379368,20,-5.580232304134121,0.004209433574342718,True
0.01895676260702344,2.1973937599895668,2.022509040379368,20,-5.580232304134121,0.004230302515341145,True
0.01896944541350987,2.2041084491989276,2.022509040379368,20,-5.580232304134121,0.004354159820000248,True
0.01899541397815681,2.199270860096766,2.022509040379368,20,-5.580232304134121,0.004314079949284931,True
0.019001077017265604,2.1995928324754375,2.022509040379368,20,-5.580232304134121,0.004299680920100649,True
0.019001087594654343,2.206359072345448,2.022509040379368,20,-5.580232304134121,0.004309753406715409,True
0.01901069274259042,2.208301938760592,2.022509040379368,20,-5.580232304134121,0.004429217669894157,True
0.01902901378475755,2.208301938760592,2.022509040379368,20,-5.580232304134121,0.004429217669894157,True
0.019040641700281385,2.213818564832402,2.022509040379368,20,-5.580232304134121,0.004538774436418467,True
0.019078199424319396,2.21531658056586,2.0482289398768643,20,-5.580232304134121,0.004518208876593862,True
0.019088048377556927,2.216613475473568,2.0482289398768643,20,-5.580232304134121,0.004510608325625769,True
0.0190941641229199,2.2147508455333265,2.0482289398768643,20,-5.580232304134121,0.004480469130481005,True
0.019099551303408936,2.205278976701862,2.0482289398768643,20,-5.580232304134121,0.004399689197755355,True
0.019117726221657694,2.205278976701862,2.0482289398768643,20,-5.580232304134121,0.004399689197755355,True
0.019118007026272588,2.208216349845913,2.0482289398768643,20,-5.580232304134121,0.004391067496231441,True
0.019119181679375284,2.208216349845913,2.0482289398768643,20,-5.580232304134121,0.004391067496231441,True
0.019120982515040536,2.2134180776801378,2.0482289398768643,20,-5.580232304134121,0.004745163323987632,True
0.019129690199078026,2.2154727521213324,2.0482289398768643,20,-5.580232304134121,0.004861664054463187,True
0.019142254391573885,2.2103415018904133,2.0482289398768643,20,-5.580232304134121,0.004822256127864083,True
0.019154777792658024,2.2161659251013703,2.0482289398768643,20,-5.580232304134121,0.0049069583379854655,True
0.019156082939761076,2.2228946564493275,2.0482289398768643,20,-5.580232304134121,0.005083540619920437,True
0.019168584666901085,2.2274427902431686,2.0482289398768643,20,-5.580232304134121,0.00534218524519101,True
0.01920015426379082,2.2360872330719532,2.0482289398768643,20,-5.580232304134121,0.005553659538377515,True
0.019204664226837156,2.2362465805586593,2.0482289398768643,20,-5.580232304134121,0.00554029095933312,True
0.019207394071016612,2.2362465805586593,2.0482289398768643,20,-5.580232304134121,0.00554029095933312,True
0.019209255092604852,2.237641040412764,2.0482289398768643,20,-5.580232304134121,0.0055469011436885115,True
0.019214804791596832,2.237641040412764,2.0482289398768643,20,-5.580232304134121,0.0055469011436885115,True
0.01922330595252008,2.239794691995933,2.0482289398768643,20,-5.580232304134121,0.0055575313251468575,True
0.019227112815355704,2.239794691995933,2.0482289398768643,20,-5.580232304134121,0.0055575313251468575,True
0.019249526175565274,2.241067829544899,2.0482289398768643,20,-5.580232304134121,0.005549083804745434,True
0.019258935435729437,2.2432301177220504,2.0482289398768643,20,-5.580232304134121,0.005661213917305531,True
0.01927845101741269,2.244700753241211,2.0482289398768643,20,-5.580232304134121,0.005664757135545701,True
0.019280835749499067,2.250810087408798,2.0482289398768643,20,-5.580232304134121,0.005726000333244255,True
0.019300711479611262,2.2480248897285025,2.0482289398768643,20,-5.580232304134121,0.005676534197856086,True
0.019308242575633704,2.249440750815564,2.0482289398768643,20,-5.580232304134121,0.005654853078010303,True
0.019314729307893946,2.249440750815564,2.0482289398768643,20,-5.580232304134121,0.005654853078010303,True
0.019332238407769167,2.2565391874856915,2.0482289398768643,20,-5.580232304134121,0.0057532730501895215,True
0.019334286507593546,2.254524401554468,2.0482289398768643,20,-5.580232304134121,0.005725493897379371,True
0.019356345868639453,2.25607292595273,2.0482289398768643,20,-5.580232304134121,0.0057261742166698545,True
0.01937549622406592,2.2561501645691306,2.0482289398768643,20,-5.580232304134121,0.0057040171160440585,True
0.019376800037399625,2.259055410504465,2.0482289398768643,20,-5.580232304134121,0.005693949927960709,True
0.019383027508589425,2.2711354075353056,2.0482289398768643,20,-5.580232304134121,0.005699444714691705,True
0.01939559806902057,2.2768457608392207,2.0482289398768643,20,-5.580232304134121,0.006034293188993307,True
0.01939630006773897,2.2768738633913963,2.0482289398768643,20,-5.580232304134121,0.006021922166949601,True
0.019397949234277085,2.279137817960849,2.0482289398768643,20,-5.580232304134121,0.006128418824192793,True
0.01940597259323729,2.2863751087389206,2.0482289398768643,20,-5.580232304134121,0.0062740144594376854,True
0.019417862536585773,2.2927308456391984,2.1042875361811375,20,-5.580232304134121,0.00631376186996417,True
0.019425270029562347,2.288264693510566,2.1042875361811375,20,-5.580232304134121,0.006278857602215327,True
0.019426378035457,2.289497788323417,2.1042875361811375,20,-5.580232304134121,0.006269645259832416,True
0.019433939659614183,2.289497788323417,2.1042875361811375,20,-5.580232304134121,0.006269645259832416,True
0.019443186891181654,2.291124848404871,2.1042875361811375,20,-5.580232304134121,0.006267700467300514,True
0.019480769100958986,2.281503979504652,2.0482289398768643,21,-5.580232304134121,0.0061829721809849155,True
0.01948386467910177,2.281503979504652,2.0482289398768643,21,-5.580232304134121,0.0061829721809849155,True
0.019488761232469037,2.2864191046798803,2.0482289398768643,21,-5.580232304134121,0.0064319762506455415,True
0.019512220609759264,2.2960360736789442,2.0482289398768643,21,-5.580232304134121,0.006600440328167998,True
0.019539585700554928,2.297741492136535,2.0482289398768643,21,-5.580232304134121,0.006596131423219634,True
0.019546431508762372,2.3000992594069563,2.0482289398768643,21,-5.580232304134121,0.00669590316647168,True
0.019551192533306515,2.3014147612765683,2.0482289398768643,21,-5.580232304134121,0.006673354657324888,True
0.019554484977700945,2.2993420783012737,2.0482289398768643,21,-5.580232304134121,0.006647885610455798,True
0.01956389101380758,2.305884609767072,2.0482289398768643,21,-5.580232304134121,0.006668497168558599,True
0.019570021696219547,2.3136295928313446,2.0482289398768643,21,-5.580232304134121,0.006658008861595387,True
0.01957061772126532,2.3149533802162185,2.0482289398768643,21,-5.580232304134121,0.006650761508442012,True
0.019575383235421847,2.3149533802162185,2.0482289398768643,21,-5.580232304134121,0.006650761508442012,True
0.01957732714530697,2.3163266655809114,2.0482289398768643,21,-5.580232304134121,0.0066427045788816095,True
0.019586282232931972,2.3163266655809114,2.0482289398768643,21,-5.580232304134121,0.0066427045788816095,True
0.019590441661298082,2.3177458335221943,2.0482289398768643,21,-5.580232304134121,0.006634012015921508,True
0.019597860760509622,2.3130614467043866,2.0482289398768643,21,-5.580232304134121,0.006600058153780262,True
0.019600584466931116,2.3130614467043866,2.0482289398768643,21,-5.580232304134121,0.006600058153780262,True
0.01960250648708657,2.3130614467043866,2.0482289398768643,21,-5.580232304134121,0.006600058153780262,True
0.019610080428841103,2.3145219097140632,2.0482289398768643,21,-5.580232304134121,0.006590881191292589,True
0.019615822600110175,2.3145219097140632,2.0482289398768643,21,-5.580232304134121,0.006590881191292589,True
0.019618383284404215,2.3156981786617092,2.0482289398768643,21,-5.580232304134121,0.006581007143164775,True
0.019623644849648948,2.3156981786617092,2.0482289398768643,21,-5.580232304134121,0.006581007143164775,True
0.019631928131015334,2.3254258323722716,2.0482289398768643,21,-5.580232304134121,0.006397074293844733,True
0.019632214664448772,2.3266217007461263,2.0482289398768643,21,-5.580232304134121,0.006372145139481758,True
0.019636533381456683,2.3281178837308727,2.0482289398768643,21,-5.580232304134121,0.006362612006543418,True
0.019637697443511754,2.3281178837308727,2.0482289398768643,21,-5.580232304134121,0.006362612006543418,True
0.01963864079137484,2.329342088956722,2.0482289398768643,21,-5.580232304134121,0.006337784999111497,True
0.01964467755893592,2.3321866211880997,2.0482289398768643,21,-5.580232304134121,0.006326477016596708,True
0.019645712417833232,2.337022196944297,2.0482289398768643,20,-5.580232304134121,0.0062656936281530635,True
0.019645879119610923,2.338804853076255,2.1042875361811375,20,-5.580232304134121,0.006259292080392715,True
0.019648268930633702,2.338804853076255,2.1042875361811375,20,-5.580232304134121,0.006259292080392715,True
0.019649282289091467,2.338804853076255,2.1042875361811375,20,-5.580232304134121,0.006259292080392715,True
0.019649481008493976,2.338804853076255,2.1042875361811375,20,-5.580232304134121,0.006259292080392715,True
0.01965129497966274,2.340051901513694,2.1042875361811375,20,-5.580232304134121,0.006234791979514637,True
0.019651714367196458,2.341856977400343,2.1042875361811375,20,-5.580232304134121,0.006205941661991951,True
0.019658246158427945,2.341856977400343,2.1042875361811375,20,-5.580232304134121,0.006205941661991951,True
0.019666430211349045,2.341856977400343,2.1042875361811375,20,-5.580232304134121,0.006205941661991951,True
0.01966698809336342,2.3437486929208857,2.1042875361811375,20,-5.580232304134121,0.00617391679142564,True
0.01966975191086945,2.345273980280527,2.106276054879271,20,-5.580232304134121,0.0061641338290878535,True
0.01967021051173263,2.346537625081281,2.106276054879271,20,-5.580232304134121,0.006140147137070382,True
0.019679399416693968,2.346537625081281,2.106276054879271,20,-5.580232304134121,0.006140147137070382,True
0.019682047178454638,2.3542480679434297,2.106276054879271,19,-5.580232304134121,0.006254495798881856,True
0.01968898236614391,2.3542480679434297,2.106276054879271,19,-5.580232304134121,0.006254495798881856,True
0.01969213187136425,2.356214619476085,2.106276054879271,19,-5.580232304134121,0.006219941246785471,True
0.019695351917590795,2.357487902134866,2.106276054879271,19,-5.580232304134121,0.0061966187304176,True
0.019697322571894896,2.3649445908647566,2.106276054879271,19,-5.580232304134121,0.006272210251900254,True
0.019699581266039268,2.3712088129318674,2.106276054879271,19,-5.580232304134121,0.0065812512935268215,True
0.019703810143895165,2.3736507005306837,2.106276054879271,19,-5.580232304134121,0.006673431929508323,True
0.019709728107283473,2.375197480964094,2.1346191051647585,19,-5.580232304134121,0.006663485734946635,True
0.019716527258428672,2.375197480964094,2.1346191051647585,19,-5.580232304134121,0.006663485734946635,True
0.019718135954468093,2.3818397925588606,2.1346191051647585,19,-5.580232304134121,0.006667450731782371,True
0.01972672195688423,2.383115147107505,2.1346191051647585,19,-5.580232304134121,0.0066449099957728896,True
0.019727913432052317,2.3851396454597604,2.1346191051647585,19,-5.580232304134121,0.006608431201665165,True
0.019748753658936465,2.3851396454597604,2.1346191051647585,19,-5.580232304134121,0.006608431201665165,True
0.01975435220530747,2.383080167695758,2.1346191051647585,19,-5.580232304134121,0.006585232862219864,True
0.019756322841637933,2.3846398716257835,2.1346191051647585,19,-5.580232304134121,0.00657519310432221,True
0.019762488106555932,2.386497547912195,2.1346191051647585,19,-5.580232304134121,0.006566968974878244,True
0.019764076117734803,2.387766933141372,2.1346191051647585,19,-5.580232304134121,0.006545297785030591,True
0.01977497026226383,2.3898265186205525,2.1346191051647585,19,-5.580232304134121,0.006507452105040088,True
0.0197853081304665,2.3898265186205525,2.1346191051647585,19,-5.580232304134121,0.006507452105040088,True
0.019799295561855827,2.4012798708732856,2.1346191051647585,19,-5.580232304134121,0.006501550554870673,True
0.019800978533341403,2.4108203836683044,2.1346191051647585,18,-5.580232304134121,0.006285832039510742,True
0.0198025393448327,2.4108203836683044,2.1346191051647585,18,-5.580232304134121,0.006285832039510742,True
0.019805606917488238,2.411896236075641,2.1346191051647585,18,-5.580232304134121,0.0062665029943260895,True
0.01980663836579706,2.4130943657046577,2.1346191051647585,18,-5.580232304134121,0.006243334321739027,True
0.019807185195681698,2.4143494273510133,2.1346191051647585,18,-5.580232304134121,0.006222594052956912,True
0.019809439512202102,2.415912638143114,2.1346191051647585,18,-5.580232304134121,0.006212516625037825,True
0.01981017164733397,2.415912638143114,2.1346191051647585,18,-5.580232304134121,0.006212516625037825,True
0.019813055687619575,2.41191039095187,2.1346191051647585,18,-5.580232304134121,0.0061822229552480215,True
0.019816481361665337,2.4130091068703505,2.1346191051647585,18,-5.580232304134121,0.006163646063760814,True
0.019823585312951062,2.4130091068703505,2.1346191051647585,18,-5.580232304134121,0.006163646063760814,True
0.019825238732955237,2.4141119362620787,2.1346191051647585,18,-5.580232304134121,0.006153230020688574,True
0.01982590313617639,2.4141119362620787,2.1346191051647585,18,-5.580232304134121,0.006153230020688574,True
0.019832059704300332,2.415838837986205,2.1346191051647585,18,-5.580232304134121,0.0061525968755916805,True
0.019833612483337502,2.4169556439283726,2.1346191051647585,18,-5.580232304134121,0.006134839815740319,True
0.01983385237153721,2.419020631902214,2.1346191051647585,18,-5.580232304134121,0.006096133480098044,True
0.01983734772423886,2.424312144229091,2.1346191051647585,17,-5.580232304134121,0.006331003624158036,True
0.019839296990960705,2.4391819366995726,2.1346191051647585,17,-5.580232304134121,0.005686501821058981,True
0.019839825117809125,2.4391819366995726,2.1346191051647585,17,-5.580232304134121,0.005686501821058981,True
0.01984071366276908,2.4353925072041727,2.1346191051647585,17,-5.580232304134121,0.005643671934788759,True
0.01984263669727838,2.4353925072041727,2.1346191051647585,17,-5.580232304134121,0.005643671934788759,True
0.01984496686088011,2.4365704323854125,2.1346191051647585,17,-5.580232304134121,0.0055843002779310735,True
0.019846455301668207,2.4365704323854125,2.1346191051647585,17,-5.580232304134121,0.0055843002779310735,True
0.019848849573101717,2.4275121508480844,2.1346191051647585,17,-5.580232304134121,0.005498668068508339,True
0.01985128087790234,2.438190798074219,2.1346191051647585,17,-5.580232304134121,0.005624057187024414,True
0.01985185076552321,2.4381264223165715,2.1346191051647585,17,-5.580232304134121,0.005595662870044111,True
0.019855693847466,2.4393586750592915,2.174422792422085,17,-5.580232304134121,0.0055758928367691364,True
0.01985691517305533,2.4404106679467548,2.1995772412178614,17,-5.580232304134121,0.005518987982835551,True
0.01985697724847624,2.4415402489463247,2.1995772412178614,17,-5.580232304134121,0.005502093508525645,True
0.01985902873782241,2.4415402489463247,2.1995772412178614,17,-5.580232304134121,0.005502093508525645,True
0.019867034415736905,2.4415402489463247,2.1995772412178614,17,-5.580232304134121,0.005502093508525645,True
0.019868898253519694,2.443096838083781,2.1995772412178614,17,-5.580232304134121,0.005492023498468415,True
0.019869308367487685,2.4456113123170375,2.1995772412178614,17,-5.580232304134121,0.00557598685362571,True
0.01987009697109716,2.4456113123170375,2.1995772412178614,17,-5.580232304134121,0.00557598685362571,True
0.019875144015139665,2.4465099333411318,2.218355765853884,17,-5.580232304134121,0.005521788708050482,True
0.019877183620864075,2.4465099333411318,2.218355765853884,17,-5.580232304134121,0.005521788708050482,True
0.01987891011114679,2.4531306949647687,2.218355765853884,17,-5.580232304134121,0.005511715396736402,True
0.0198865410066096,2.454267260412102,2.218355765853884,17,-5.580232304134121,0.005495704411387171,True
0.01988972188274317,2.4561964900567204,2.218355765853884,17,-5.580232304134121,0.005485916970008845,True
0.019896504404904,2.4561964900567204,2.218355765853884,17,-5.580232304134121,0.005485916970008845,True
0.01989962739427583,2.4569157315587447,2.218355765853884,17,-5.580232304134121,0.005434580987141073,True
0.019900702459586864,2.4569157315587447,2.218355765853884,17,-5.580232304134121,0.005434580987141073,True
0.019903774539201804,2.4700332327723316,2.218355765853884,17,-5.580232304134121,0.005096755462999615,True
0.019904002221548246,2.4700332327723316,2.218355765853884,17,-5.580232304134121,0.005096755462999615,True
0.01990512826512347,2.4720665113081393,2.218355765853884,17,-5.580232304134121,0.0050576422526330276,True
0.019905193260322376,2.4720665113081393,2.218355765853884,17,-5.580232304134121,0.0050576422526330276,True
0.01990926754432628,2.4732675635093586,2.2388750417585785,17,-5.580232304134121,0.005038862984280257,True
0.019909777517884263,2.474882186171074,2.2388750417585785,17,-5.580232304134121,0.004993408032237489,True
0.019910179111093825,2.474882186171074,2.2388750417585785,17,-5.580232304134121,0.004993408032237489,True
0.019920491985117625,2.477636196490323,2.2388750417585785,17,-5.580232304134121,0.0049810721136984955,True
0.019922087781442503,2.479235903600669,2.2852570826636627,17,-5.580232304134121,0.004936308210023962,True
0.01992209114858672,2.479235903600669,2.2852570826636627,17,-5.580232304134121,0.004936308210023962,True
0.01992211486019022,2.4803732971632284,2.2852570826636627,17,-5.580232304134121,0.004921183149886135,True
0.01992930149915374,2.4803732971632284,2.2852570826636627,17,-5.580232304134121,0.004921183149886135,True
0.019930259729841714,2.4808901647206723,2.2852570826636627,17,-5.580232304134121,0.004872792276762272,True
0.019930721636467672,2.4808901647206723,2.2852570826636627,17,-5.580232304134121,0.004872792276762272,True
0.01993434477712197,2.4824295153214133,2.2852570826636627,17,-5.580232304134121,0.004862766901099056,True
0.01993496393504746,2.48043109085421,2.2852570826636627,17,-5.580232304134121,0.00484171411790875,True
0.019939410061161095,2.48043109085421,2.2852570826636627,17,-5.580232304134121,0.00484171411790875,True
0.01994086154736359,2.4819962143451466,2.2852570826636627,17,-5.580232304134121,0.0047980141145609785,True
0.01996188618075298,2.4819962143451466,2.2852570826636627,17,-5.580232304134121,0.0047980141145609785,True
0.01996252753209077,2.4819962143451466,2.2852570826636627,17,-5.580232304134121,0.0047980141145609785,True
0.019963541500207748,2.483128016322434,2.2852570826636627,17,-5.580232304134121,0.0047837628412408,True
0.01996627668725124,2.4846367809592973,2.2852570826636627,17,-5.580232304134121,0.004741413507810368,True
0.019966837776465123,2.4849328749545943,2.2852570826636627,17,-5.580232304134121,0.004695990946469524,True
0.01996751595342436,2.4860946564078703,2.2852570826636627,17,-5.580232304134121,0.004678207555581454,True
0.01996928387511183,2.4860946564078703,2.2852570826636627,17,-5.580232304134121,0.004678207555581454,True
0.01997257323749795,2.499052367447057,2.2852570826636627,17,-5.580232304134121,0.004248986880525689,True
0.019972709789651683,2.499052367447057,2.2852570826636627,17,-5.580232304134121,0.004248986880525689,True
0.019978688700526215,2.500383094185855,2.2852570826636627,17,-5.580232304134121,0.004212847244120969,True
0.019978872571574866,2.500383094185855,2.2852570826636627,17,-5.580232304134121,0.004212847244120969,True
0.019983956018175455,2.5084789016127367,2.2852570826636627,17,-5.580232304134121,0.004296949949406897,True
0.019989165841521626,2.5084789016127367,2.2852570826636627,17,-5.580232304134121,0.004296949949406897,True
0.019989319710134547,2.5104358033746563,2.2852570826636627,17,-5.580232304134121,0.004257831970475972,True
0.0199909787780905,2.5104358033746563,2.2852570826636627,17,-5.580232304134121,0.004257831970475972,True
0.01999111540086836,2.511753753165221,2.2852570826636627,17,-5.580232304134121,0.004223312313731103,True
0.01999828751038647,2.5131827834943947,2.2852570826636627,17,-5.580232304134121,0.004182523414744992,True
0.020000164043593286,2.5131827834943947,2.2852570826636627,17,-5.580232304134121,0.004182523414744992,True
0.02000539853891656,2.5146940107903166,2.2852570826636627,17,-5.580232304134121,0.004172574354293599,True
0.020008625201409832,2.5105296463058866,2.2852570826636627,17,-5.580232304134121,0.0041433506758454305,True
0.020008788380579796,2.5105296463058866,2.2852570826636627,17,-5.580232304134121,0.0041433506758454305,True
0.02000914338898398,2.5105925496831256,2.2852570826636627,17,-5.580232304134121,0.0041008711313325254,True
0.020009898275097325,2.511884446222488,2.2852570826636627,17,-5.580232304134121,0.004068037531996591,True
0.02001041058567537,2.51300411181101,2.2852570826636627,17,-5.580232304134121,0.004054636537973714,True
0.020011815866240373,2.51300411181101,2.2852570826636627,17,-5.580232304134121,0.004054636537973714,True
0.020020770613208894,2.51300411181101,2.2852570826636627,17,-5.580232304134121,0.004054636537973714,True
0.020027905831050314,2.514999981920225,2.2852570826636627,17,-5.580232304134121,0.004043527115982241,True
0.020029966795939148,2.516114979747714,2.2852570826636627,17,-5.580232304134121,0.004026732021376084,True
0.020032057395922974,2.516114979747714,2.2852570826636627,17,-5.580232304134121,0.004026732021376084,True
0.020032809500782442,2.522981229762174,2.2852570826636627,16,-5.580232304134121,0.004304428420347143,True
0.02003503611069315,2.5242329525000384,2.2852570826636627,16,-5.580232304134121,0.004273307974827249,True
0.020036854684373884,2.525557997498798,2.2852570826636627,16,-5.580232304134121,0.004234222823840209,True
0.020041816278517876,2.525557997498798,2.2852570826636627,16,-5.580232304134121,0.004234222823840209,True
0.020042204166016545,2.528131778537676,2.2852570826636627,16,-5.580232304134121,0.004309588972234609,True
0.02004440752581173,2.534570813241818,2.2852570826636627,16,-5.580232304134121,0.004288097456599825,True
0.020046092044262238,2.5355845845278027,2.2852570826636627,16,-5.580232304134121,0.004277270502391711,True
0.02005626234292133,2.5355845845278027,2.2852570826636627,16,-5.580232304134121,0.004277270502391711,True
0.020056820446723078,2.5354088827765544,2.2852570826636627,16,-5.580232304134121,0.004237670687876724,True
0.02005789310268556,2.5354088827765544,2.2852570826636627,16,-5.580232304134121,0.004237670687876724,True
0.02005873303895874,2.5431810548162757,2.2852570826636627,16,-5.580232304134121,0.004293331724748732,True
0.020060454756366523,2.5431810548162757,2.2852570826636627,16,-5.580232304134121,0.004293331724748732,True
0.020062344249762287,2.5442820572678952,2.2852570826636627,16,-5.580232304134121,0.0042807496951912495,True
0.020066393440891006,2.54547899432106,2.2852570826636627,16,-5.580232304134121,0.004251338704632387,True
0.02007376927284998,2.5465448032762024,2.2852570826636627,16,-5.580232304134121,0.004227790094635031,True
0.020081698837142482,2.5480170231690864,2.2852570826636627,16,-5.580232304134121,0.004217945588947092,True
0.020081783836790962,2.549213911809717,2.2852570826636627,16,-5.580232304134121,0.004180652225226923,True
0.02008663167791481,2.551042832361131,2.2852570826636627,16,-5.580232304134121,0.004141881348958928,True
0.020086900422921525,2.551042832361131,2.2852570826636627,16,-5.580232304134121,0.004141881348958928,True
0.02009345202337033,2.551042832361131,2.2852570826636627,16,-5.580232304134121,0.004141881348958928,True
0.02009609647525083,2.5521042849716062,2.2852570826636627,16,-5.580232304134121,0.004126057398122594,True
0.020098343298534743,2.55019349000906,2.2852570826636627,16,-5.580232304134121,0.004106938429637735,True
0.020103728789141777,2.551320991124843,2.2852570826636627,16,-5.580232304134121,0.00407920975240216,True
0.02010963156118565,2.5509087612168737,2.2852570826636627,16,-5.580232304134121,0.004042398140097158,True
0.020118980431125387,2.551984763856362,2.2852570826636627,16,-5.580232304134121,0.004030598189142909,True
0.0201195527518372,2.5636631936929017,2.2852570826636627,16,-5.580232304134121,0.003713445168031092,True
0.020119806224554553,2.5636631936929017,2.2852570826636627,16,-5.580232304134121,0.003713445168031092,True
0.020125351291200924,2.565283507241619,2.2852570826636627,16,-5.580232304134121,0.003666625424084433,True
0.02012594361758964,2.565283507241619,2.2852570826636627,16,-5.580232304134121,0.003666625424084433,True
0.02013089503003932,2.565283507241619,2.2852570826636627,16,-5.580232304134121,0.003666625424084433,True
0.020132941696599134,2.5663292461497953,2.2852570826636627,16,-5.580232304134121,0.003631167898198579,True
0.02013754124768304,2.5679463836798413,2.2852570826636627,16,-5.580232304134121,0.003584999073901216,True
0.02013771582856809,2.5679463836798413,2.2852570826636627,16,-5.580232304134121,0.003584999073901216,True
0.020146877290363754,2.568990308865117,2.3298904913043943,16,-5.580232304134121,0.003558908183262931,True
0.020154121086503395,2.565490030224961,2.310034986803316,16,-5.580232304134121,0.0035326701087794437,True
0.02015473390997815,2.565490030224961,2.310034986803316,16,-5.580232304134121,0.0035326701087794437,True
0.020156299642304965,2.5670857464279715,2.310034986803316,16,-5.580232304134121,0.0034875702118601186,True
0.02015992416761995,2.5670857464279715,2.310034986803316,16,-5.580232304134121,0.0034875702118601186,True
0.02016275796991494,2.568508413306912,2.310034986803316,16,-5.580232304134121,0.003477856141646612,True
0.020165427304395838,2.5695105143015335,2.310034986803316,16,-5.580232304134121,0.0034629783990332325,True
0.020167135954975452,2.5688711699284728,2.2894263488128765,16,-5.580232304134121,0.0034288416849645852,True
0.020172550264847534,2.5688711699284728,2.2894263488128765,16,-5.580232304134121,0.0034288416849645852,True
0.020176632494243774,2.5688711699284728,2.2894263488128765,16,-5.580232304134121,0.0034288416849645852,True
0.02017730829244279,2.5709271807494036,2.2894263488128765,16,-5.580232304134121,0.0034166295417428915,True
0.020179841852171115,2.571972189006415,2.2894263488128765,16,-5.580232304134121,0.0034055717606762226,True
0.020181701031753117,2.573525886128926,2.2894263488128765,16,-5.580232304134121,0.0033618587524286768,True
0.02019008901307335,2.5743999643158264,2.2894263488128765,16,-5.580232304134121,0.003328246072751651,True
0.020195536837421254,2.575347207806821,2.2894263488128765,16,-5.580232304134121,0.0033037370894183214,True
0.020196532284358224,2.5671398560252565,2.2894263488128765,16,-5.580232304134121,0.0032199302606766155,True
0.020197278980120973,2.568783860043707,2.371473229121305,16,-5.580232304134121,0.003181810327628957,True
0.020198857509070536,2.578652145446041,2.371473229121305,16,-5.580232304134121,0.003167483762126004,True
0.02020285003417123,2.5812856481825595,2.371473229121305,16,-5.580232304134121,0.0031543354214367287,True
0.02020308741130532,2.5812856481825595,2.371473229121305,16,-5.580232304134121,0.0031543354214367287,True
0.02021383991275429,2.5827746924169395,2.3900655730181226,16,-5.580232304134121,0.003112237859443462,True
0.0202146749324002,2.5884447067025094,2.3900655730181226,16,-5.580232304134121,0.0033289455639842896,True
0.020217527620930337,2.6002315458318916,2.3900655730181226,16,-5.580232304134121,0.003412970715269436,True
0.02021760289487136,2.6002315458318916,2.3900655730181226,16,-5.580232304134121,0.003412970715269436,True
0.020221579309062692,2.6028497908794024,2.3900655730181226,16,-5.580232304134121,0.003479601149377521,True
0.020228889832118544,2.6019993615406394,2.3900655730181226,16,-5.580232304134121,0.0034480116053923256,True
0.02023362226204459,2.6019993615406394,2.3900655730181226,16,-5.580232304134121,0.0034480116053923256,True
0.020237374896139564,2.602937414182349,2.3900655730181226,16,-5.580232304134121,0.003434049305654726,True
0.02024445601897839,2.6039459179288507,2.3900655730181226,16,-5.580232304134121,0.0034236926353033215,True
0.020248098327012718,2.6053091316145935,2.3900655730181226,16,-5.580232304134121,0.0034141334061863152,True
0.020249405145344138,2.6061482310023836,2.3900655730181226,16,-5.580232304134121,0.0033911428742075776,True
0.020252689646167447,2.6075485345305367,2.4600807494257735,16,-5.580232304134121,0.003350811629021403,True
0.020252879960386157,2.6082340939424404,2.4600807494257735,16,-5.580232304134121,0.003319027429326299,True
0.02027976073079469,2.6091451062457547,2.4600807494257735,16,-5.580232304134121,0.0033079256509710385,True
0.020294428151126278,2.6081050139051705,2.4600807494257735,16,-5.580232304134121,0.0032787464286086854,True
0.0202981778500989,2.6093918092458845,2.473196815395915,16,-5.580232304134121,0.0032402690586022186,True
0.020307922350756798,2.6101134480666337,2.473196815395915,16,-5.580232304134121,0.003218729008111322,True
0.020310748016792605,2.6099350925560127,2.473196815395915,16,-5.580232304134121,0.003186963704460196,True
0.020310888220984466,2.6182448288416764,2.473196815395915,16,-5.580232304134121,0.0032428790797847896,True
0.02031146372053148,2.619115329989059,2.473196815395915,16,-5.580232304134121,0.003229797336699352,True
0.02031230018914352,2.6200824446549404,2.473196815395915,16,-5.580232304134121,0.003220100753963003,True
0.020320801020023593,2.620567418196728,2.473196815395915,16,-5.580232304134121,0.0031901097580129528,True
0.020321258735431596,2.621967174295847,2.5202028155281138,16,-5.580232304134121,0.003152897669624733,True
0.02033713280968888,2.623261955088326,2.5202028155281138,16,-5.580232304134121,0.003143516790055573,True
0.020338044629044007,2.6253698786191766,2.5202028155281138,16,-5.580232304134121,0.0031303976195041893,True
0.020350118012183824,2.6265187841095683,2.5202028155281138,16,-5.580232304134121,0.0030938111488333776,True
0.02035171051255256,2.6274402216373165,2.5202028155281138,16,-5.580232304134121,0.003070112783423641,True
0.020356540218830804,2.623123347217521,2.5202028155281138,16,-5.580232304134121,0.0030324599462638034,True
0.020363174123402664,2.621918895889587,2.5202028155281138,16,-5.580232304134121,0.0030055488912598778,True
0.02036834673654951,2.6182928597594795,2.5202028155281138,16,-5.580232304134121,0.002980404133348469,True
0.020370710748218227,2.6188903248868343,2.5202028155281138,16,-5.580232304134121,0.002960244665914536,True
0.02038290351536215,2.6198118986225585,2.5202028155281138,16,-5.580232304134121,0.0029511681749067238,True
0.020387147275568125,2.620612608645295,2.5202028155281138,16,-5.580232304134121,0.0029389290914643013,True
0.020389816022853263,2.6219229923024976,2.5202028155281138,16,-5.580232304134121,0.0029328918145890863,True
0.02039352788126465,2.6222008857473673,2.5202028155281138,16,-5.580232304134121,0.002904645297353877,True
0.0203954752753993,2.6297182444578944,2.5202028155281138,16,-5.580232304134121,0.0031469790946983545,True
0.02040618926508595,2.6323648326332063,2.5202028155281138,16,-5.580232304134121,0.0032049580697808217,True
0.020408308289407318,2.6333530341142946,2.5202028155281138,16,-5.580232304134121,0.0031702618126830256,True
0.02041334028595822,2.6413747998128336,2.546489143867605,16,-5.580232304134121,0.0032090439939880537,True
0.020429295157479748,2.6425934024798408,2.546489143867605,16,-5.580232304134121,0.003199863887286037,True
0.02043456149952014,2.641252131575139,2.546489143867605,16,-5.580232304134121,0.0031750772114890633,True
0.020437370218287388,2.641721571541214,2.546489143867605,16,-5.580232304134121,0.0031562284250378314,True
0.02044535551185348,2.638715343517342,2.546489143867605,16,-5.580232304134121,0.0031332579487641983,True
0.0204557329915392,2.639588044374301,2.546489143867605,16,-5.580232304134121,0.003124763152413045,True
0.020458488621196258,2.640685960046941,2.56472951761339,16,-5.580232304134121,0.003088672076561161,True
0.020470570656964334,2.640756288216274,2.56472951761339,16,-5.580232304134121,0.003062111932860038,True
0.02047250856762953,2.6415638492408324,2.56472951761339,16,-5.580232304134121,0.003029277227052707,True
0.02049033904517314,2.644047946266752,2.56472951761339,16,-5.580232304134121,0.003015528527054488,True
0.020507253688902584,2.644388542760709,2.56472951761339,16,-5.580232304134121,0.0029979209464553757,True
0.020508087308926354,2.642938692755439,2.56472951761339,16,-5.580232304134121,0.002975115574705855,True
0.02051011944176836,2.6450884562581467,2.56472951761339,16,-5.580232304134121,0.0029612623129287525,True
0.020522994620724006,2.637797464034995,2.56472951761339,16,-5.580232304134121,0.002880359014075444,True
0.020524014479936563,2.6389335748765985,2.56472951761339,16,-5.580232304134121,0.002871401001612014,True
0.02052522518861866,2.6397306521600297,2.56472951761339,16,-5.580232304134121,0.00286015829128205,True
0.020530289006533208,2.6405519968740623,2.56472951761339,16,-5.580232304134121,0.0028522088890598997,True
0.02054234144145085,2.64116307257906,2.56472951761339,16,-5.580232304134121,0.0028211893848926963,True
0.02055136380466538,2.641031301266015,2.56472951761339,16,-5.580232304134121,0.0027962520033095696,True
0.020579860444977904,2.6412451888626136,2.56472951761339,16,-5.580232304134121,0.0027798178279161805,True
0.020583250606589047,2.639714400938944,2.56472951761339,16,-5.580232304134121,0.0027588540414343436,True
0.020594968044552714,2.6423721939160676,2.56472951761339,16,-5.580232304134121,0.002808459954019952,True
0.02060870120850537,2.643117645584916,2.56472951761339,16,-5.580232304134121,0.0027736610446526607,True
0.020611031825574933,2.6559349728455186,2.56472951761339,16,-5.580232304134121,0.0028195756783536757,True
0.020617403616324317,2.6563389060075666,2.56472951761339,16,-5.580232304134121,0.0027903126564100857,True
0.02062063239100412,2.657387815939172,2.56472951761339,16,-5.580232304134121,0.002781596475904724,True
0.02062089826595846,2.6634272900820006,2.56472951761339,16,-5.580232304134121,0.0029767162430137644,True
0.020635282133125408,2.663104362283588,2.56472951761339,16,-5.580232304134121,0.0029533338973385726,True
0.02063915725861743,2.6638729419778695,2.56472951761339,16,-5.580232304134121,0.002929711008368098,True
0.020650063350615477,2.667268434266607,2.56472951761339,15,-5.580232304134121,0.00291473883501515,True
0.02065086554700011,2.667268434266607,2.56472951761339,15,-5.580232304134121,0.00291473883501515,True
0.020654626693714092,2.6673604955361703,2.56472951761339,15,-5.580232304134121,0.0028994120024007364,True
0.020657951621482387,2.668641541430587,2.56472951761339,15,-5.580232304134121,0.002888169815795102,True
0.020659472719447597,2.668641541430587,2.56472951761339,15,-5.580232304134121,0.002888169815795102,True
0.020661470181883083,2.676870200300355,2.56472951761339,15,-5.580232304134121,0.0029187524768801375,True
0.020675163702194067,2.6782257817336834,2.56472951761339,15,-5.580232304134121,0.002905188114265301,True
0.020676990202595637,2.6751158321279336,2.56472951761339,15,-5.580232304134121,0.002883345704080248,True
0.0206852569265715,2.6725797706595738,2.56472951761339,15,-5.580232304134121,0.0028630566930481667,True
0.020693455035236896,2.6747594240038075,2.56472951761339,15,-5.580232304134121,0.002848621949444859,True
0.020697155821590082,2.674951457094725,2.56472951761339,15,-5.580232304134121,0.0028210498768113973,True
0.02070240729273876,2.676379662537193,2.56472951761339,15,-5.580232304134121,0.002805634366394337,True
0.020718558096933473,2.677338352163448,2.56472951761339,15,-5.580232304134121,0.002797177867117305,True
0.02072176902480543,2.6768398283160413,2.56472951761339,15,-5.580232304134121,0.0027752808041594606,True
0.020724892425938484,2.677931673383207,2.56472951761339,15,-5.580232304134121,0.002768428296729839,True
0.020729075481038493,2.6790944083613613,2.56472951761339,15,-5.580232304134121,0.002756810866416312,True
0.020731043473537623,2.6790719295743655,2.56472951761339,15,-5.580232304134121,0.0027425275287569786,True
0.020740433477012425,2.68056929918996,2.56472951761339,15,-5.580232304134121,0.002725697136985539,True
0.020740690144567652,2.681803444832571,2.56472951761339,15,-5.580232304134121,0.0027099453174491595,True
0.020743256423715457,2.6815407644575195,2.56472951761339,15,-5.580232304134121,0.00267691404186457,True
0.020758498915308864,2.689715523607292,2.638657510942015,15,-5.580232304134121,0.002701558896082784,True
0.02076069607427086,2.691020162567844,2.638657510942015,15,-5.580232304134121,0.0026823703993993798,True
0.020771329218475652,2.691374746243072,2.649035535548272,15,-5.580232304134121,0.0026489950147825054,True
0.02078047079626977,2.692050250444683,2.649035535548272,15,-5.580232304134121,0.0026377410041398363,True
0.020781141711977428,2.69203182016577,2.649035535548272,15,-5.580232304134121,0.0026117907456380766,True
0.020781290425989148,2.694340189201416,2.649035535548272,15,-5.580232304134121,0.002597647292957611,True
0.020786782743587914,2.696991483924953,2.7698661989712043,15,-5.580232304134121,0.0026393201596703747,True
0.020787429550575,2.7052076197179273,2.7698661989712043,15,-5.580232304134121,0.002843718222015173,True
0.020789524300128384,2.706580429453494,2.7698661989712043,15,-5.580232304134121,0.0028218016842725636,True
0.0207899258619938,2.7081416727203798,2.7698661989712043,15,-5.580232304134121,0.0028039457077009542,True
0.020810274034744426,2.7074866059158795,2.7698661989712043,15,-5.580232304134121,0.0027834629590798104,True
0.02082793205847894,2.7089236305317983,2.7698661989712043,15,-5.580232304134121,0.002759490623982181,True
0.020837870024872234,2.7044432705288286,2.7698661989712043,15,-5.580232304134121,0.002725453250029415,True
0.02085144875423102,2.7060610168020545,2.7698661989712043,15,-5.580232304134121,0.0027069080210805375,True
0.020868856390722775,2.7058395852580905,2.7698661989712043,15,-5.580232304134121,0.0026825094506004654,True
0.020876570536441423,2.707334935224675,2.7698661989712043,15,-5.580232304134121,0.0026570840776069986,True
0.020877867761332672,2.705226459576395,2.7698661989712043,15,-5.580232304134121,0.002638890942429829,True
0.02088780773163627,2.70742214474231,2.7698661989712043,15,-5.580232304134121,0.0026240076941778123,True
0.020900189131816776,2.7066318752954275,2.7698661989712043,15,-5.580232304134121,0.0026048682799178287,True
0.02090703338716291,2.707557217710269,2.7698661989712043,15,-5.580232304134121,0.0025861689239867185,True
0.020925520344177478,2.709221760855543,2.7698661989712043,15,-5.580232304134121,0.0025672166769106753,True
0.020931263893358677,2.706596051433867,2.7698661989712043,15,-5.580232304134121,0.002548119685715847,True
0.02093462559600726,2.707207378394533,2.7698661989712043,15,-5.580232304134121,0.002524783187635918,True
0.02093593950212915,2.70875294824602,2.7698661989712043,14,-5.580232304134121,0.002498418991063579,True
0.02094570451085634,2.7086949633239716,2.7698661989712043,14,-5.580232304134121,0.002466562385623825,True
0.02095965741125865,2.7082833751733513,2.7698661989712043,14,-5.580232304134121,0.002443645340989516,True
0.02099876735153091,2.709387953308772,2.7698661989712043,14,-5.580232304134121,0.002440707761348497,True
0.021006562775011197,2.7109731642672923,2.7698661989712043,14,-5.580232304134121,0.0024138243732223868,True
0.021008845547448505,2.7121531589808203,2.7698661989712043,14,-5.580232304134121,0.002406939377150124,True
0.02100905988428039,2.7130493375383065,2.7698661989712043,14,-5.580232304134121,0.0024084790899212343,True
0.021012611588141945,2.7147484517601597,2.7698661989712043,14,-5.580232304134121,0.0023893504979636943,True
0.021026865798872665,2.7156928239461364,2.7698661989712043,14,-5.580232304134121,0.002389527108379676,True
0.021027037251084704,2.7291581776075136,2.7698661989712043,14,-5.580232304134121,0.0024017286581874226,True
0.02102707372479895,2.7304148822238288,2.7698661989712043,14,-5.580232304134121,0.0023912987668308033,True
0.021027515068162986,2.7286902688825294,2.7698661989712043,14,-5.580232304134121,0.0023747777307450567,True
0.021033823183519984,2.736382883891335,2.7698661989712043,14,-5.580232304134121,0.0023833962312066605,True
0.021042737059220325,2.7369332992658917,2.7698661989712043,14,-5.580232304134121,0.0023722549982588925,True
0.02104460536788279,2.7389955633051084,2.7698661989712043,14,-5.580232304134121,0.0023347992044965835,True
0.021044729761871946,2.7389955633051084,2.7698661989712043,14,-5.580232304134121,0.0023347992044965835,True
0.021049816778140353,2.740104437631129,2.7698661989712043,14,-5.580232304134121,0.002312435504345362,True
0.021050619515136607,2.7410979814878744,2.7698661989712043,14,-5.580232304134121,0.0023113314164522735,True
0.021052959647244004,2.7405135034265533,2.7698661989712043,14,-5.580232304134121,0.0022898267608106567,True
0.021054575914896317,2.741846876843519,2.7698661989712043,14,-5.580232304134121,0.002276314111006912,True
0.021055283853545333,2.7482303399478174,2.779015645105412,14,-5.580232304134121,0.0024474241930237343,True
0.021060586575641985,2.749390496951422,2.779015645105412,14,-5.580232304134121,0.0024231699119800524,True
0.021073983266640516,2.751500691095413,2.779015645105412,14,-5.580232304134121,0.0024088205628371843,True
0.021077272150199822,2.752710766441162,2.779015645105412,14,-5.580232304134121,0.002383102601905291,True
0.02108086683737425,2.753753768129256,2.779015645105412,14,-5.580232304134121,0.002380827594085392,True
0.021088053458007003,2.76194566709564,2.779015645105412,14,-5.580232304134121,0.002393656329747146,True
0.02108890215478941,2.7635572315888335,2.779015645105412,14,-5.580232304134121,0.002366583395181585,True
0.021092083091197682,2.764965944377812,2.779015645105412,14,-5.580232304134121,0.0023504778738059136,True
0.02109289356349938,2.767162058158776,2.779015645105412,14,-5.580232304134121,0.0023352658155084065,True
0.021095530469814758,2.770768926081031,2.779015645105412,14,-5.580232304134121,0.002199276741115799,True
0.02109600632415864,2.7720680601507275,2.779015645105412,14,-5.580232304134121,0.002148595917294368,True
0.021100334390019206,2.773325882410656,2.779015645105412,14,-5.580232304134121,0.002121840433118479,True
0.021100480902412514,2.773325882410656,2.779015645105412,14,-5.580232304134121,0.002121840433118479,True
0.021102185824280584,2.7746666773961026,2.779015645105412,14,-5.580232304134121,0.0020698793605878276,True
0.021110182211666828,2.7746666773961026,2.779015645105412,14,-5.580232304134121,0.0020698793605878276,True
0.021113238850150307,2.776385518350964,2.779015645105412,14,-5.580232304134121,0.0020507588117612816,True
0.021114370703419014,2.7777617342634078,2.779015645105412,14,-5.580232304134121,0.001998296649019734,True
0.021117906547396245,2.7788539933318805,2.779015645105412,14,-5.580232304134121,0.001994981739483703,True
0.021130093862723884,2.780156496804277,2.779015645105412,14,-5.580232304134121,0.001967598196819057,True
0.02113078201533195,2.779684879833019,2.7698661989712043,14,-5.580232304134121,0.0019373276564023218,True
0.02113295625108324,2.7810886142777944,2.7698661989712043,14,-5.580232304134121,0.0018850663850629645,True
0.021133589779169664,2.77889939873908,2.7698661989712043,14,-5.580232304134121,0.0018681162587155919,True
0.021136396300617467,2.7785806366411667,2.7698661989712043,14,-5.580232304134121,0.0018356349900825585,True
0.021136815734931532,2.777200078076963,2.7698661989712043,14,-5.580232304134121,0.0018204482911453772,True
0.021140351642601862,2.7786812905763973,2.7698661989712043,14,-5.580232304134121,0.001802237922653686,True
0.02114821610616074,2.777944386068719,2.7698661989712043,14,-5.580232304134121,0.0017820775271510036,True
0.0211581186602066,2.779365944447294,2.7698661989712043,14,-5.580232304134121,0.0017306225528018978,True
0.021162081336253406,2.780506758828202,2.7698661989712043,14,-5.580232304134121,0.001726411939299354,True
0.021166817930076354,2.781849888735252,2.7698661989712043,14,-5.580232304134121,0.0016987793742776194,True
0.02118337681904283,2.7834717058894505,2.7698661989712043,14,-5.580232304134121,0.00167176781763578,True
0.02119026445413316,2.784899509389528,2.7698661989712043,14,-5.580232304134121,0.00162161865141236,True
0.021200085092740004,2.786448572333057,2.7698661989712043,13,-5.580232304134121,0.0016017660888226766,True
0.021200918245241576,2.796116249678765,2.7698661989712043,13,-5.580232304134121,0.001368360452939344,True
0.02120217824222137,2.797256764886078,2.7698661989712043,13,-5.580232304134121,0.0013388000215273513,True
0.0212059325634384,2.797256764886078,2.7698661989712043,13,-5.580232304134121,0.0013388000215273513,True
0.021207035338711072,2.806212104155496,2.7698661989712043,13,-5.580232304134121,0.0015045451404723756,True
0.021208634649317097,2.806212104155496,2.7698661989712043,13,-5.580232304134121,0.0015045451404723756,True
0.02120982978537286,2.807365841335083,2.7698661989712043,13,-5.580232304134121,0.0014754449650780594,True
0.021210657828101432,2.808744461834509,2.7698661989712043,13,-5.580232304134121,0.0014479011286020861,True
0.021213810871398585,2.8099325454253767,2.7698661989712043,13,-5.580232304134121,0.001442943994423033,True
0.021216975394750124,2.8099325454253767,2.7698661989712043,13,-5.580232304134121,0.001442943994423033,True
0.021223906700806518,2.811092190310126,2.7698661989712043,13,-5.580232304134121,0.0014145535444735151,True
0.021227454700123896,2.8128132745356735,2.7698661989712043,13,-5.580232304134121,0.001395586504309056,True
0.02122948299302372,2.8142338179093325,2.7698661989712043,13,-5.580232304134121,0.0013471347457517917,True
0.021233698308752734,2.8142338179093325,2.7698661989712043,13,-5.580232304134121,0.0013471347457517917,True
0.021236478172316938,2.814687781046591,2.7698661989712043,13,-5.580232304134121,0.0013243021285058842,True
0.021244412783703582,2.81584527854954,2.7698661989712043,13,-5.580232304134121,0.0012968185314806422,True
0.02124483694733424,2.814978352649421,2.757854755585843,13,-5.580232304134121,0.0012779357173598827,True
0.02125592840445413,2.814978352649421,2.757854755585843,13,-5.580232304134121,0.0012779357173598827,True
0.021261907351436363,2.8163861842391906,2.757854755585843,13,-5.580232304134121,0.0012507705156826518,True
0.021271281675584737,2.817532846267136,2.757854755585843,13,-5.580232304134121,0.0012243428248717794,True
0.021272101668786066,2.819143022891781,2.757854755585843,13,-5.580232304134121,0.0012032686863025954,True
0.021273383919857277,2.8203764507206053,2.757854755585843,13,-5.580232304134121,0.0011977117370236836,True
0.021275982260553317,2.821774371504854,2.757854755585843,13,-5.580232304134121,0.0011512445835711819,True
0.021279569182351483,2.8173788222278846,2.74342335315713,13,-5.580232304134121,0.0011200112107325791,True
0.021283336327206692,2.8173788222278846,2.74342335315713,13,-5.580232304134121,0.0011200112107325791,True
0.02128822442885471,2.8155779712787243,2.74342335315713,13,-5.580232304134121,0.0011047879299427071,True
0.021290216510898227,2.8171911337402546,2.74342335315713,13,-5.580232304134121,0.0010780246398967809,True
0.021304479939641668,2.8183178175415047,2.74342335315713,13,-5.580232304134121,0.0010527582503913513,True
0.021308256338017813,2.820497222249275,2.74342335315713,13,-5.580232304134121,0.0010373262412750209,True
0.021308591029033208,2.8209238886352197,2.74342335315713,13,-5.580232304134121,0.001026399118735645,True
0.02131557020553346,2.8209238886352197,2.74342335315713,13,-5.580232304134121,0.001026399118735645,True
0.021320787692428685,2.822353466959208,2.74342335315713,13,-5.580232304134121,0.0009998507157599893,True
0.02132490805643129,2.821488032789615,2.700151644677497,13,-5.580232304134121,0.0009712004932559942,True
0.021329806823579957,2.822846293730972,2.700151644677497,13,-5.580232304134121,0.0009269103338719741,True
0.021339569540547425,2.8239729446449746,2.700151644677497,13,-5.580232304134121,0.000937211120946933,True
0.02134112904955989,2.8252490885947066,2.700151644677497,13,-5.580232304134121,0.0009311920674714983,True
0.02134387718457917,2.8263464048837985,2.700151644677497,13,-5.580232304134121,0.0009071543820495247,True
0.021352273498286785,2.8263464048837985,2.700151644677497,13,-5.580232304134121,0.0009071543820495247,True
0.021355361355104564,2.828049830137871,2.700151644677497,13,-5.580232304134121,0.0008884543184161871,True
0.02135704343425301,2.8297120068558548,2.700151644677497,13,-5.580232304134121,0.0008665279095039592,True
0.0213615338532593,2.830296631586098,2.700151644677497,13,-5.580232304134121,0.0008506898801507158,True
0.021366632322916117,2.832191338423238,2.700151644677497,13,-5.580232304134121,0.0008363239691984138,True
0.021387248161366428,2.8336340291320203,2.700151644677497,13,-5.580232304134121,0.0008105786997507402,True
0.021389258219426874,2.834692607834802,2.700151644677497,13,-5.580232304134121,0.0007878047555242508,True
0.02139104867447204,2.835992812670035,2.700151644677497,13,-5.580232304134121,0.0007458019091165408,True
0.021393179044750747,2.835992812670035,2.700151644677497,13,-5.580232304134121,0.0007458019091165408,True
0.021400170061589344,2.844020702209998,2.700151644677497,13,-5.580232304134121,0.0007486796499831677,True
0.021401436212690386,2.8425642460543417,2.700151644677497,13,-5.580232304134121,0.0007347653753275857,True
0.021409554926912735,2.844147206070269,2.700151644677497,13,-5.580232304134121,0.0007083897479139536,True
0.02141728353793076,2.8454626920768273,2.700151644677497,13,-5.580232304134121,0.0007020327062839458,True
0.02142552177788697,2.852006982209157,2.700151644677497,13,-5.580232304134121,0.00069229915419165,True
0.021437632465994325,2.852006982209157,2.700151644677497,13,-5.580232304134121,0.00069229915419165,True
0.021440243034198538,2.853017725897277,2.700151644677497,13,-5.580232304134121,0.0006707977135159747,True
0.02145498076366582,2.854209064932345,2.700151644677497,13,-5.580232304134121,0.0006776355852283172,True
0.021455401668679572,2.8559114948258615,2.700151644677497,13,-5.580232304134121,0.0006551718922834881,True
0.02145957650266968,2.8690035730716983,2.7115589976569474,13,-5.580232304134121,0.0006386617872341148,True
0.021459613558258733,2.8702264577316408,2.7115589976569474,13,-5.580232304134121,0.000598987800749426,True
0.02146138683109669,2.8716724780638496,2.7115589976569474,13,-5.580232304134121,0.0005741827772166703,True
0.021468213905745968,2.8716724780638496,2.7115589976569474,13,-5.580232304134121,0.0005741827772166703,True
0.021496391693858623,2.872626861764345,2.7115589976569474,13,-5.580232304134121,0.0005539417673409471,True
0.021496727999604563,2.8742906646705224,2.7115589976569474,13,-5.580232304134121,0.0005355977454333783,True
0.021499946920693645,2.8739384375229404,2.7115589976569474,13,-5.580232304134121,0.0005042848501552344,True
0.02150194989018917,2.8752890893968788,2.7115589976569474,13,-5.580232304134121,0.0004976971197501158,True
0.02150967210798629,2.8764767561832043,2.7115589976569474,13,-5.580232304134121,0.000484713299282134,True
0.02151569617886958,2.8831553063275397,2.7115589976569474,13,-5.580232304134121,0.0006304863217162255,True
0.02152616409691611,2.881934087614181,2.7115589976569474,13,-5.580232304134121,0.0006034650126834404,True
0.021533166810844998,2.8840784374190838,2.7115589976569474,13,-5.580232304134121,0.0005879136042970285,True
0.021535321805542042,2.885204495959243,2.7115589976569474,13,-5.580232304134121,0.0005505564742323291,True
0.021537380241509446,2.8864718468521744,2.7115589976569474,13,-5.580232304134121,0.0005316827016212557,True
0.021541325130489643,2.8880009055035174,2.7115589976569474,13,-5.580232304134121,0.0005058002143013967,True
0.021542733332241045,2.8883016166691773,2.7115589976569474,13,-5.580232304134121,0.00048372877989681277,True
0.021543148613189168,2.8897401554829,2.7115589976569474,13,-5.580232304134121,0.0004599565368334571,True
0.02155737018007343,2.890630525989721,2.7115589976569474,13,-5.580232304134121,0.00044094757611322393,True
0.021567453983604684,2.892358655818358,2.7115589976569474,13,-5.580232304134121,0.0004182095706818681,True
0.021574230189894305,2.893705513234098,2.7115589976569474,13,-5.580232304134121,0.00039450437367406636,True
0.021575911865439838,2.8940144573976996,2.7115589976569474,13,-5.580232304134121,0.0003838910731947646,True
0.021582316868278655,2.895271029395392,2.7115589976569474,12,-5.580232304134121,0.00038749093404628,True
0.021595096418874877,2.896651892289496,2.7115589976569474,12,-5.580232304134121,0.00038076154695528735,True
0.021596406532222376,2.8978554345953857,2.7115589976569474,12,-5.580232304134121,0.00037356912164146104,True
0.021616244877740293,2.899147369599265,2.7115589976569474,12,-5.580232304134121,0.0003614029083137092,True
0.0216179194152941,2.9001576483714597,2.7115589976569474,12,-5.580232304134121,0.00032631046179957976,True
0.021621492411508337,2.9015818542254004,2.7115589976569474,12,-5.580232304134121,0.0002988859716741313,True
0.021622748352277364,2.902401679392479,2.7115589976569474,12,-5.580232304134121,0.00028106886790444914,True
0.021632356294645366,2.9038210858514186,2.7115589976569474,12,-5.580232304134121,0.0002583834358140608,True
0.0216458032365538,2.9052027678147527,2.7115589976569474,12,-5.580232304134121,0.00024208938968861755,True
0.02165107856570716,2.9068035727231614,2.7115589976569474,12,-5.580232304134121,0.00022417191072150234,True
0.02165260887561424,2.916519931661975,2.757854755585843,12,-5.580232304134121,0.0003519877837935037,True
0.021657389151892664,2.918187889736463,2.757854755585843,12,-5.580232304134121,0.0003377822455280455,True
0.021677992440798467,2.9140260461049428,2.757854755585843,12,-5.580232304134121,0.0003090492466748365,True
0.021679769784525574,2.9155233543708796,2.757854755585843,11,-5.580232304134121,0.00027898444737460033,True
0.021685407374326376,2.9169733275513976,2.757854755585843,11,-5.580232304134121,0.0002536793303185966,True
0.02168581772302429,2.9184443274573395,2.757854755585843,11,-5.580232304134121,0.00023413457116402663,True
0.02169201960288799,2.919188410925449,2.757854755585843,11,-5.580232304134121,0.00021746119124000914,True
0.021693071395431505,2.9268238910029565,2.757854755585843,11,-5.580232304134121,0.00021176690907528259,True
0.021693444434365886,2.928560314898527,2.757854755585843,11,-5.580232304134121,0.0001889706204725025,True
0.02169682359885333,2.92996560685927,2.757854755585843,11,-5.580232304134121,0.0001821706129842908,True
0.021707201193449297,2.930842577646172,2.757854755585843,11,-5.580232304134121,0.00014926241854433823,True
0.02171756817633714,2.9317422515106677,2.757854755585843,11,-5.580232304134121,0.00015091123317643952,True
0.021722385078477874,2.933063364210452,2.757854755585843,11,-5.580232304134121,0.000151558783972595,True
0.021726900659033904,2.933386709825819,2.757854755585843,11,-5.580232304134121,0.00014184636663765334,True
0.021728843531208995,2.934774713567974,2.757854755585843,11,-5.580232304134121,0.00012026970346323787,True
0.02173248353522724,2.9332508389134033,2.757854755585843,11,-5.580232304134121,9.486994010104083e-05,True
0.021737440655547353,2.9348088587142245,2.757854755585843,11,-5.580232304134121,7.291675677016912e-05,True
0.021750133163116463,2.936372536156119,2.757854755585843,11,-5.580232304134121,4.11913141650537e-05,True
0.02176463694944703,2.937037186298142,2.757854755585843,11,-5.580232304134121,2.5608132919519995e-05,True
0.02176692426942484,2.9391274055149164,2.757854755585843,11,-5.580232304134121,1.002980098327097e-05,True
0.02176805794415926,2.9400871968385953,2.757854755585843,11,-5.580232304134121,9.081760617321438e-06,True
0.021801624460442783,2.941727665231286,2.757854755585843,11,-5.580232304134121,-1.4520591527061173e-05,True
0.02180277851508468,2.942456150846478,2.757854755585843,11,-5.580232304134121,-4.53427675271928e-05,True
0.021804794343578682,2.942456150846478,2.757854755585843,11,-5.580232304134121,-4.53427675271928e-05,True
0.021807034184512797,2.9438793376389616,2.757854755585843,11,-5.580232304134121,-5.2159133378671395e-05,True
0.021817916326603758,2.945393255154166,2.757854755585843,11,-5.580232304134121,-6.959306765119535e-05,True
0.02182876505357581,2.9464145194591493,2.757854755585843,11,-5.580232304134121,-7.29502662878509e-05,True
0.02183174962987658,2.9460494856669457,2.757854755585843,11,-5.580232304134121,-0.00010184407603219009,True
0.021832269425422827,2.9473935114157737,2.7698661989712043,11,-5.580232304134121,-0.00012231471884299738,True
0.021833526117489756,2.94901387125627,2.7698661989712043,11,-5.580232304134121,-0.00015486327541763142,True
0.02183352679963501,2.950738392533327,2.7698661989712043,11,-5.580232304134121,-0.0001775410686060963,True
0.021833613445018378,2.9554612858116758,2.7698661989712043,11,-5.580232304134121,-0.00020200503715246288,True
0.021840066327216173,2.95604438877589,2.781718311619354,11,-5.580232304134121,-0.00021655420186402583,True
0.021840290148501564,2.9562457648218516,2.781718311619354,11,-5.580232304134121,-0.00022675994226945605,True
0.02184139503246356,2.957590994704871,2.781718311619354,11,-5.580232304134121,-0.00025141630918117233,True
0.021852057941685127,2.9577464277323493,2.781718311619354,11,-5.580232304134121,-0.0002725432750599173,True
0.021876045232645382,2.9591302965030315,2.781718311619354,11,-5.580232304134121,-0.0002745283658924595,True
0.021879416927325385,2.960845864329837,2.781718311619354,10,-5.580232304134121,-0.00029913343104188446,True
0.02189779380835549,2.971545828111155,2.7954698450237343,10,-5.580232304134121,-0.0003386658217411462,True
0.02190073831364687,2.9726290043420938,2.7954698450237343,10,-5.580232304134121,-0.00034419506692111827,True
0.021904273635151367,2.9731970023845546,2.7954698450237343,10,-5.580232304134121,-0.0003730390708575629,True
0.021917742255889845,2.973698056379007,2.820522544746357,10,-5.580232304134121,-0.0003866117745751126,True
0.021925460868036126,2.9751318998866827,2.820522544746357,10,-5.580232304134121,-0.00039340483160710813,True
0.021930768156807334,2.9767958280800983,2.820522544746357,10,-5.580232304134121,-0.00042610090607204514,True
0.02194176855866325,2.9750325451134523,2.820522544746357,10,-5.580232304134121,-0.0004499011932218172,True
0.021942156397934568,2.9763201036460534,2.8607674549228346,10,-5.580232304134121,-0.0004692873535467044,True
0.021944614790832064,2.9777565109302224,2.8607674549228346,10,-5.580232304134121,-0.0004831832130726811,True
0.021971770878872292,2.9795365355677705,2.8607674549228346,10,-5.580232304134121,-0.0005082699552511358,True
0.021984777497806526,2.9806812653981583,2.8607674549228346,10,-5.580232304134121,-0.0005157032104258269,True
0.021987731811875164,2.982371234724793,2.8607674549228346,10,-5.580232304134121,-0.0005381178110095769,True
0.021993595079026502,2.989270950947201,2.8607674549228346,10,-5.580232304134121,-0.00041727928111939203,True
0.021996152700316355,2.990674643033883,2.8607674549228346,10,-5.580232304134121,-0.0004341826982515064,True
0.02199713105557634,2.991094667775873,2.8817686920223347,10,-5.580232304134121,-0.0004468361315492513,True
0.022008575689282387,2.9931115306454945,2.8817686920223347,10,-5.580232304134121,-0.0004623535297887368,True
0.02200876415444488,2.994327216820186,2.8817686920223347,10,-5.580232304134121,-0.0004862952974785368,True
0.022011241144624057,2.9947266423542245,2.8817686920223347,10,-5.580232304134121,-0.0005132721092300159,True
0.022025833911279696,2.9908856983621064,2.8817686920223347,10,-5.580232304134121,-0.0005394313818550661,True
0.022039661866435516,2.991007530137001,2.8817686920223347,10,-5.580232304134121,-0.0005602746718740841,True
0.02204267180586697,2.9926980719855463,2.8817686920223347,10,-5.580232304134121,-0.0005926056658076067,True
0.022044094274346678,2.994141690615395,2.8817686920223347,10,-5.580232304134121,-0.0005968971590891657,True
0.022051863508138096,2.995578357630406,2.8817686920223347,10,-5.580232304134121,-0.000603639183677776,True
0.022058046688332358,2.9967974321058692,2.8817686920223347,10,-5.580232304134121,-0.0006219749257189887,True
0.022079594749436215,2.998627452924284,2.8817686920223347,10,-5.580232304134121,-0.0006471456924802451,True
0.022081661869696803,2.9998324751144154,2.8817686920223347,10,-5.580232304134121,-0.0006562041481579062,True
0.022098014956944308,2.9999399642189646,2.8817686920223347,10,-5.580232304134121,-0.0006659302581236995,True
0.022118488901175272,3.0103990070957467,2.8817686920223347,10,-5.580232304134121,-0.0005738454763293491,True
0.02212307072282763,3.010626160719919,2.8817686920223347,10,-5.580232304134121,-0.0005990660619644058,True
0.022150195590242915,3.00869216013365,2.8817686920223347,10,-5.580232304134121,-0.0006213036794909244,True
0.022155723908683724,3.010323041030862,2.8817686920223347,10,-5.580232304134121,-0.000643335240235002,True
0.022160991579937117,3.010344419229105,2.8817686920223347,10,-5.580232304134121,-0.0006632848352605839,True
0.022169930543783266,3.0120404309477946,2.8817686920223347,10,-5.580232304134121,-0.0006948864855116494,True
0.02217936991692492,3.01317989605786,2.8817686920223347,10,-5.580232304134121,-0.000712213795137295,True
0.022179701866720483,3.0214574655158812,2.8817686920223347,10,-5.580232304134121,0.0002135436132154874,True
0.022184975866683432,3.0227295006473316,2.8817686920223347,10,-5.580232304134121,0.0001972088246306992,True
0.022185112974464467,3.0246358045409862,2.8817686920223347,10,-5.580232304134121,0.000402328193799979,True
0.022185895551167015,3.026066997330105,2.8869685516887094,10,-5.580232304134121,0.0003956558277247236,True
0.022186479750280184,3.0271306531735496,2.8869685516887094,10,-5.580232304134121,0.0003724926734912563,True
0.02218728457147064,3.0271306531735496,2.8869685516887094,10,-5.580232304134121,0.0003724926734912563,True
0.02219212720445353,3.028393651051927,2.8869685516887094,10,-5.580232304134121,0.000362082115095635,True
0.022203702882319487,3.030254914364324,2.8869685516887094,10,-5.580232304134121,0.00033711304001213005,True
0.022204959550778954,3.032340777425812,2.8869685516887094,10,-5.580232304134121,0.0005536657308126584,True
0.022206685952685566,3.032340777425812,2.8869685516887094,10,-5.580232304134121,0.0005536657308126584,True
0.022226475312991795,3.0335472668858667,2.8869685516887094,10,-5.580232304134121,0.0005402106933852466,True
0.02222736041982152,3.0350461941716076,2.8869685516887094,10,-5.580232304134121,0.0005339246465207961,True
0.022236678271337143,3.0350461941716076,2.8869685516887094,10,-5.580232304134121,0.0005339246465207961,True
0.022239184659214584,3.035101959758551,2.8869685516887094,10,-5.580232304134121,0.000510353301536542,True
0.022240327487796283,3.0373784301469984,2.8869685516887094,10,-5.580232304134121,0.0007357717809642275,True
0.02225457241944669,3.03975950838773,2.8869685516887094,10,-5.580232304134121,0.0007000246418604908,True
0.022257141590429515,3.041684328370542,2.8869685516887094,10,-5.580232304134121,0.0006846507751971865,True
0.022275939820962428,3.041684328370542,2.8869685516887094,10,-5.580232304134121,0.0006846507751971865,True
0.02229240777863432,3.0441621721853926,2.8869685516887094,10,-5.580232304134121,0.0009157543384500085,True
0.022302270687189187,3.0441185587628565,2.8869685516887094,10,-5.580232304134121,0.0008894796293776261,True
0.022305621764767376,3.0451686369288313,2.8869685516887094,10,-5.580232304134121,0.0008731145870200791,True
0.022313234967162723,3.0468446674569885,2.8869685516887094,10,-5.580232304134121,0.000842480708626184,True
0.022316827444561902,3.0481621202595717,2.8869685516887094,10,-5.580232304134121,0.0008309725963148922,True
0.02232295727702752,3.044670600534786,2.8869685516887094,10,-5.580232304134121,0.0008074091931112829,True
0.022323285318555146,3.044670600534786,2.8869685516887094,10,-5.580232304134121,0.0008074091931112829,True
0.02232703985381235,3.0460877431589886,2.9455917567978,10,-5.580232304134121,0.0008008185896546705,True
0.022332380133706357,3.051708413823855,2.9455917567978,10,-5.580232304134121,0.0007435270656067383,True
0.02233683408945059,3.0532546834697696,2.9455917567978,10,-5.580232304134121,0.0007219812152976488,True
0.02234471071357443,3.0551237956436457,2.9455917567978,10,-5.580232304134121,0.0006974062302301976,True
0.022345850882831624,3.0551522408801053,2.9455917567978,10,-5.580232304134121,0.0006881922077582159,True
0.022354582661210466,3.0531131552485795,2.9455917567978,10,-5.580232304134121,0.0006674732776979961,True
0.022358901998949493,3.0530028873431094,2.9455917567978,10,-5.580232304134121,0.0006454494778407946,True
0.02236232782638498,3.055692334877893,2.9455917567978,10,-5.580232304134121,0.0008785513406324316,True
0.0223729833503822,3.056585521816969,2.9455917567978,10,-5.580232304134121,0.0008562257003935758,True
0.022382432358688163,3.0577078456735545,2.9514289245667786,10,-5.580232304134121,0.0008404982679689877,True
0.0224265281854208,3.059256062143849,2.9514289245667786,10,-5.580232304134121,0.0008325021344172689,True
0.022436115436638246,3.0602086744298442,2.9514289245667786,10,-5.580232304134121,0.0008170518073790611,True
0.02245076312435827,3.0631191176825725,2.9514289245667786,10,-5.580232304134121,0.0010481288462494025,True
0.022456588938037987,3.064486177031012,2.9514289245667786,10,-5.580232304134121,0.0010357506892592545,True
0.022467797638022893,3.0643871637799105,2.9464782620117127,10,-5.580232304134121,0.0010171376695385372,True
0.02247332709901041,3.066013597491567,2.9464782620117127,10,-5.580232304134121,0.000987611511081491,True
0.022474736414029594,3.0674079956687303,2.9464782620117127,10,-5.580232304134121,0.0009811109946771537,True
0.02247693648442272,3.0744297835241756,2.9464782620117127,10,-5.580232304134121,0.001077412537605548,True
0.022481548420069292,3.074162848465597,2.9464782620117127,10,-5.580232304134121,0.0010568401975754019,True
0.022503086602685456,3.0760116617993263,2.9464782620117127,10,-5.580232304134121,0.0010327792545570685,True
0.02251151513691381,3.07782699706252,2.9464782620117127,10,-5.580232304134121,0.0010176261294915503,True
0.02252538654848775,3.077653384041829,2.9464782620117127,10,-5.580232304134121,0.0009889939108004978,True
0.022529958490289707,3.07908964683958,2.9464782620117127,10,-5.580232304134121,0.0009680198413677849,True
0.022552537787724064,3.0770061250694907,2.9464782620117127,10,-5.580232304134121,0.0009487669998529513,True
0.022558288671658232,3.0801456762048565,2.9464782620117127,10,-5.580232304134121,0.0011736614553729513,True
0.022565007835141176,3.0808556576049004,2.9464782620117127,10,-5.580232304134121,0.0011522289492572207,True
0.02256751059809032,3.077719448349772,2.9464782620117127,10,-5.580232304134121,0.0011313632955442818,True
0.022570126558840522,3.0785685275482972,2.9464782620117127,10,-5.580232304134121,0.0011167809723108073,True
0.022580890100859494,3.0785332148931297,2.9464782620117127,10,-5.580232304134121,0.001108109022803984,True
0.022585979212453484,3.0794929945639837,2.9944672455543886,10,-5.580232304134121,0.0010930149244879677,True
0.022598201098555596,3.0905996801392153,2.9944672455543886,10,-5.580232304134121,0.0011525139030985681,True
0.022606435943953417,3.090188849156506,2.9944672455543886,10,-5.580232304134121,0.001133303181393957,True
0.022611964958166652,3.0915992145711164,2.9944672455543886,10,-5.580232304134121,0.0011202522182717095,True
0.02262835292884964,3.0929623172618186,2.9944672455543886,10,-5.580232304134121,0.0011138479415374897,True
0.02264228068047297,3.0945520469302736,2.9944672455543886,10,-5.580232304134121,0.0011043928866694961,True
0.022650507664706186,3.096095645868462,2.9944672455543886,10,-5.580232304134121,0.0010760434509872892,True
0.022679420133806954,3.0978914769938943,2.9944672455543886,10,-5.580232304134121,0.001052566014612147,True
0.02268452202859873,3.097796172964509,2.9944672455543886,10,-5.580232304134121,0.0010086793714103313,True
0.022686045726774382,3.101171214856381,2.9944672455543886,10,-5.580232304134121,0.0012233171613558005,True
0.02270690846476618,3.1019129002631645,2.9944672455543886,10,-5.580232304134121,0.0012095578732884942,True
0.022732832360750018,3.1013734827032113,2.9944672455543886,10,-5.580232304134121,0.0011916243520355952,True
0.022733731654518228,3.102675897436756,2.9944672455543886,10,-5.580232304134121,0.0011712963248630673,True
0.022742863611794808,3.1005965900056913,2.9944672455543886,10,-5.580232304134121,0.0011534454105348866,True
0.02275948031033317,3.099617140385315,2.9944672455543886,10,-5.580232304134121,0.0010831675351132427,True
0.022760664318295338,3.100137836308801,2.9944672455543886,10,-5.580232304134121,0.0010626715766237115,True
0.022760791497359344,3.097340663158049,2.9944672455543886,10,-5.580232304134121,0.0010445806237068228,True
0.022769866641741503,3.0971365422072807,2.984261198015954,10,-5.580232304134121,0.0010274170459456783,True
0.022770388133656644,3.0988269733759575,2.984261198015954,10,-5.580232304134121,0.0010125572155633966,True
0.02278340865772375,3.100272823619921,2.984261198015954,9,-5.580232304134121,0.000999000177763621,True
0.022787226930528492,3.101596404327886,2.984261198015954,9,-5.580232304134121,0.000992697791642915,True
0.02279360472781356,3.102386523375687,2.9996714287091324,9,-5.580232304134121,0.0009782634196557677,True
0.022834422674134144,3.1060010556068267,2.9996714287091324,8,-5.580232304134121,0.001178917010388369,True
0.022844908421599523,3.107426012151025,2.9996714287091324,8,-5.580232304134121,0.001151766292141987,True
0.022845740387191317,3.108058726185228,2.9996714287091324,8,-5.580232304134121,0.0011387875711039628,True
0.02286002022795267,3.1074076991406288,2.9996714287091324,8,-5.580232304134121,0.0011220524781372437,True
0.022873797541558685,3.1091140241263493,2.9996714287091324,8,-5.580232304134121,0.00109919557770566,True
0.02287524219661194,3.1107356217569713,2.9996714287091324,8,-5.580232304134121,0.0010884997261275176,True
0.022908221994068577,3.1082437723525134,2.9996714287091324,8,-5.580232304134121,0.001073012661839544,True
0.022946201656757446,3.109391957900603,2.9996714287091324,8,-5.580232304134121,0.0010534055395894013,True
0.02295052166170112,3.110668381094507,2.9996714287091324,8,-5.580232304134121,0.00104721116287312,True
0.022956403359525746,3.1110013220474513,2.9996714287091324,8,-5.580232304134121,0.0010276986187562904,True
0.02296705879300387,3.117991703125982,2.9996714287091324,8,-5.580232304134121,0.0011002340304994656,True
0.02297106740005213,3.1194636833541027,2.9996714287091324,8,-5.580232304134121,0.001086310369969285,True
0.022985943236209193,3.1199881212607545,2.9996714287091324,8,-5.580232304134121,0.0010740722266395614,True
0.02300190522929013,3.1206083379186724,2.9996714287091324,8,-5.580232304134121,0.0010603229136453229,True
0.02300366939762238,3.124463220317498,2.9996714287091324,8,-5.580232304134121,0.0012438005528983265,True
0.02301131000881374,3.1222479578739155,2.9996714287091324,8,-5.580232304134121,0.0012310582732711877,True
0.023032540651746355,3.1238006792020645,2.9996714287091324,8,-5.580232304134121,0.00121655674605203,True
0.023056453217948,3.125070195622169,2.9996714287091324,8,-5.580232304134121,0.0011905997329311174,True
0.023065991735087877,3.124776976869463,2.985010491073835,8,-5.580232304134121,0.001174886856479783,True
0.023082673116004943,3.1227838419508442,2.985010491073835,8,-5.580232304134121,0.0011646384966096132,True
0.023086278179453062,3.124361473617678,2.985010491073835,8,-5.580232304134121,0.0011424221670896014,True
0.023087376758268035,3.1358818585402704,2.985010491073835,8,-5.580232304134121,0.0011729619126240106,True
0.023117452265117053,3.1371042554965327,2.985010491073835,8,-5.580232304134121,0.001166882621472911,True
0.02311918457473692,3.1348504869794103,2.985010491073835,8,-5.580232304134121,0.0011176181451599222,True
0.02312538143828525,3.1364924038462614,2.985010491073835,8,-5.580232304134121,0.0011058787083759387,True
0.02312675896455814,3.1369113563234277,2.985010491073835,8,-5.580232304134121,0.0010943439620941298,True
0.0231285472686437,3.135104140038941,2.985010491073835,8,-5.580232304134121,0.0010866488495424862,True
0.023149552566711293,3.1352572107462238,2.985010491073835,8,-5.580232304134121,0.0010681294896881716,True
0.023163133731087582,3.1362357146682234,2.985010491073835,8,-5.580232304134121,0.0010493022706734403,True
0.023174983325273728,3.1377229822016584,2.985010491073835,8,-5.580232304134121,0.0010351287006280362,True
0.023175284980858753,3.1313196309309164,2.985010491073835,8,-5.580232304134121,0.0009558074164068075,True
0.023194003399807806,3.1354116996042074,2.985010491073835,8,-5.580232304134121,0.0011196177922340829,True
0.023208088389884165,3.1358679433841044,2.985010491073835,8,-5.580232304134121,0.0011065684588219245,True
0.023285018285249273,3.1369463988770336,2.985010491073835,8,-5.580232304134121,0.0010817886136433444,True
0.023287191527564897,3.1381088646743818,2.985010491073835,8,-5.580232304134121,0.001075832171514025,True
0.02329659181122622,3.1395142664359956,2.985010491073835,8,-5.580232304134121,0.0010617471837780707,True
0.023316626680520237,3.140923352016291,2.985010491073835,8,-5.580232304134121,0.0010401868325457344,True
0.02333816695570905,3.140910955815904,2.985010491073835,8,-5.580232304134121,0.0010226859784853595,True
0.023353237782934928,3.1405446182416723,2.9666936123622145,8,-5.580232304134121,0.0010084192819362766,True
0.023380738890491776,3.14134468022481,2.9666936123622145,8,-5.580232304134121,0.0009904293547302956,True
0.02339262848444447,3.1429935103345565,2.9666936123622145,8,-5.580232304134121,0.0009778523655510096,True
0.023394895062691316,3.1444838889029496,2.9666936123622145,8,-5.580232304134121,0.0009635283464705238,True
0.023404994530263644,3.1488048206461583,2.9666936123622145,8,-5.580232304134121,0.001106001214711813,True
0.023407863846368684,3.1491078636054524,2.9666936123622145,8,-5.580232304134121,0.0010936458829243923,True
0.02345745578744497,3.15586176802401,2.9666936123622145,8,-5.580232304134121,0.0011454026746068435,True
0.023458898376248163,3.1569594747227825,2.9666936123622145,8,-5.580232304134121,0.0011395780025812317,True
0.023518949923039344,3.1568001122056324,2.9666936123622145,8,-5.580232304134121,0.0011231305320029735,True
0.02352992209993695,3.1576555534181323,2.9666936123622145,8,-5.580232304134121,0.0010995085505544173,True
0.02355406917407288,3.1538513024057373,2.9666936123622145,8,-5.580232304134121,0.0010472130002179298,True
0.023561217840238013,3.1551032726250607,2.9666936123622145,8,-5.580232304134121,0.0010335951990417857,True
0.023564446526211168,3.1563058009223397,2.9666936123622145,8,-5.580232304134121,0.0010127107981611713,True
0.023579083877774267,3.16776896672232,2.9666936123622145,8,-5.580232304134121,0.0010188364070923602,True
0.023581805051762897,3.1585786936762092,2.8974572303573813,8,-5.580232304134121,0.0009340703697065908,True
0.023595515807848747,3.159197916741076,2.8974572303573813,8,-5.580232304134121,0.000916938560972918,True
0.023601072827123818,3.1593612696083806,2.8974572303573813,8,-5.580232304134121,0.0009052579847875342,True
0.02363014751920687,3.160841500858892,2.8974572303573813,8,-5.580232304134121,0.0008908750115753173,True
0.02363166962398649,3.1618708247147818,2.8974572303573813,8,-5.580232304134121,0.0008851915514569183,True
0.02363589785248073,3.1664057788021096,2.8974572303573813,8,-5.580232304134121,0.001005484597487953,True
0.023671356471023353,3.1680465356131036,2.8974572303573813,8,-5.580232304134121,0.0009923985914845283,True
0.023690750984341872,3.167760064397543,2.8974572303573813,8,-5.580232304134121,0.0009769795106512938,True
0.02378388555781665,3.167803325336578,2.8974572303573813,8,-5.580232304134121,0.0009659971089908581,True
0.02378903783228047,3.168410512108786,2.8974572303573813,8,-5.580232304134121,0.000943520281844133,True
0.023803755138347964,3.168853246000396,2.8974572303573813,8,-5.580232304134121,0.0009272609803485357,True
0.023804646758598162,3.1698117812290763,2.8974572303573813,8,-5.580232304134121,0.000921728389071026,True
0.023825017878905622,3.170907903462074,2.8974572303573813,8,-5.580232304134121,0.0009086319422664563,True
0.02382817207407831,3.1718705961945717,2.8974572303573813,8,-5.580232304134121,0.0008884470746351891,True
0.02385223008473587,3.1714810146773247,2.8974572303573813,8,-5.580232304134121,0.0008740571975936043,True
0.023879064640804415,3.1729371628755136,2.8974572303573813,8,-5.580232304134121,0.0008597075872745285,True
0.023885706013651184,3.177663240417412,2.8974572303573813,8,-5.580232304134121,0.000957786695178256,True
0.023942260973699683,3.1839490266091595,2.8974572303573813,8,-5.580232304134121,0.0009909974622417223,True
0.023959783062607487,3.185565697250725,2.8974572303573813,8,-5.580232304134121,0.0009777898918901882,True
0.023973677664349873,3.1757336484687344,2.8974572303573813,8,-5.580232304134121,0.0008912324508839097,True
0.02400380457012802,3.176010533055274,2.8974572303573813,8,-5.580232304134121,0.0008758658749913136,True
0.024060354344695983,3.1763531236354368,2.8974572303573813,8,-5.580232304134121,0.0008545227190438387,True
0.024061330611111847,3.1869449497090563,2.8974572303573813,8,-5.580232304134121,0.0008412732763132835,True
0.024086636653802382,3.1878863457360125,2.8974572303573813,8,-5.580232304134121,0.0008287479360640568,True
0.02410591416831183,3.1885840021758782,2.8974572303573813,8,-5.580232304134121,0.000809295696717911,True
0.024136851241165064,3.1900020396911115,2.8974572303573813,8,-5.580232304134121,0.0007950859239379393,True
0.02415334221249509,3.194886589939668,2.8974572303573813,8,-5.580232304134121,0.0008716514109937257,True
0.024193026501684062,3.1950123817382483,2.8974572303573813,8,-5.580232304134121,0.0008571937060380747,True
0.024254651438867278,3.1965885518073582,2.8974572303573813,8,-5.580232304134121,0.0008443627202402201,True
0.02434104773374958,3.1966613885638906,2.8974572303573813,8,-5.580232304134121,0.0008241421033279967,True
0.02436954097781103,3.19665481177941,2.8974572303573813,8,-5.580232304134121,0.0008105974097942693,True
0.024394931907622427,3.1970725295981333,2.8974572303573813,8,-5.580232304134121,0.0007919136940454378,True
0.024398873324329492,3.1984390376494662,2.8974572303573813,8,-5.580232304134121,0.0007779464357036648,True
0.024420406953967043,3.203981583425261,2.8974572303573813,8,-5.580232304134121,0.0007948430676990205,True
0.024437427864631264,3.2089804013637666,2.8974572303573813,8,-5.580232304134121,0.0008511786232374059,True
0.024528959261062324,3.2175379108204565,2.8974572303573813,8,-5.580232304134121,0.0008233231364752143,True
0.02453535583529731,3.2174160186563183,2.8974572303573813,8,-5.580232304134121,0.0008106687167999572,True
0.024553658265185886,3.218935305642785,2.8974572303573813,8,-5.580232304134121,0.0007984610935606383,True
0.024627623348557642,3.2187452654434856,2.8974572303573813,8,-5.580232304134121,0.0007793658760364845,True
0.024659311566917797,3.220048150552301,2.8974572303573813,8,-5.580232304134121,0.0007657373820645539,True
0.024690202336452704,3.220183857218398,2.8974572303573813,8,-5.580232304134121,0.000747863870529078,True
0.02473598368316975,3.225239414041115,2.8974572303573813,8,-5.580232304134121,0.000785740342143384,True
0.02485305026104969,3.226685906762609,2.8974572303573813,8,-5.580232304134121,0.0007738426871126086,True
0.024894432316595765,3.2312070428848108,2.8974572303573813,8,-5.580232304134121,0.0007770906725366406,True
0.024912039331646308,3.2324362448082105,2.8974572303573813,8,-5.580232304134121,0.0007638783104087039,True
0.024914005473483585,3.23200226734688,2.8974572303573813,8,-5.580232304134121,0.0007459005418169729,True
0.02496925621053323,3.237331074411112,2.8974572303573813,8,-5.580232304134121,0.0007081451512594461,True
0.024986780188874735,3.2371967079627404,2.8974572303573813,8,-5.580232304134121,0.0006911260367505875,True
0.0250477865960746,3.2422371125337617,2.8974572303573813,8,-5.580232304134121,0.0007125912422274414,True
0.02515097339117996,3.2435958889695957,2.8974572303573813,8,-5.580232304134121,0.0007004510797872673,True
0.025154262497036433,3.2447437717089422,2.8974572303573813,8,-5.580232304134121,0.0006876953531668426,True
0.025197921416605956,3.244094827458755,2.8974572303573813,8,-5.580232304134121,0.0006708446187543481,True
0.02528235098622818,3.2437140832478057,2.8974572303573813,8,-5.580232304134121,0.0006547190801665605,True
0.025358796445815308,3.247005996706225,2.8974572303573813,8,-5.580232304134121,0.0006472742256104404,True
0.02537065977758586,3.2519448080459874,2.8974572303573813,8,-5.580232304134121,0.0006545210220804849,True
0.025379630419222764,3.2534335760129367,2.8974572303573813,8,-5.580232304134121,0.000610595209819453,True
0.025380754772783808,3.2544955713789863,2.8974572303573813,8,-5.580232304134121,0.0005983654111617327,True
0.025449701483285254,3.255753138396934,2.9549110480371326,8,-5.580232304134121,0.0005858943327452465,True
0.025472804738054005,3.2549249107527265,2.9549110480371326,8,-5.580232304134121,0.0005701487549993605,True
0.02557123454201322,3.2543307315690684,2.9549110480371326,8,-5.580232304134121,0.0005549360223204553,True
0.02559033716519094,3.255304442687584,2.9549110480371326,8,-5.580232304134121,0.0005432511818038175,True
0.02570245049511519,3.260042518731686,2.9549110480371326,8,-5.580232304134121,0.0005385287887714294,True
0.025737226551326035,3.259073206045133,2.9549110480371326,8,-5.580232304134121,0.0005238320223183596,True
0.025747031019547333,3.2602187435394496,2.9666936123622145,8,-5.580232304134121,0.000511155079488608,True
0.02575652107533526,3.258259007409734,2.9666936123622145,8,-5.580232304134121,0.00046378142395778774,True
0.02578580829094954,3.2591434348913166,2.9666936123622145,8,-5.580232304134121,0.00045263279134706157,True
0.02585025203948764,3.258373393069581,2.9666936123622145,8,-5.580232304134121,0.0004383263006899001,True
0.025966126126901173,3.259169926610574,2.9666936123622145,8,-5.580232304134121,0.00042774187238029066,True
0.025983750316745213,3.2793028902563077,2.9666936123622145,7,-5.580232304134121,0.002021467530699217,True
0.02598778862341975,3.2813258838518,2.9666936123622145,7,-5.580232304134121,0.0020950980613268226,True
0.02598875691526508,3.280255196597448,2.9666936123622145,7,-5.580232304134121,0.00208146154851948,True
0.02599202113913885,3.280255196597448,2.9666936123622145,7,-5.580232304134121,0.00208146154851948,True
0.02600378492725397,3.2823556968875662,2.9666936123622145,7,-5.580232304134121,0.0021471348022033534,True
0.02601284994601491,3.2823556968875662,2.9666936123622145,7,-5.580232304134121,0.0021471348022033534,True
0.026031348843348182,3.2845217668147377,2.9666936123622145,7,-5.580232304134121,0.0022048593193152296,True
0.026040675918584888,3.2889514467194005,2.9666936123622145,7,-5.580232304134121,0.0021903346182715697,True
0.026043559153264936,3.2899773855436534,2.9666936123622145,7,-5.580232304134121,0.0021777652693063558,True
0.026046201241788206,3.2899773855436534,2.9666936123622145,7,-5.580232304134121,0.0021777652693063558,True
0.026069949530536096,3.2921949076593844,2.9666936123622145,7,-5.580232304134121,0.00222769971263955,True
0.026091961164538515,3.2921949076593844,2.9666936123622145,7,-5.580232304134121,0.00222769971263955,True
0.026116883002755345,3.2912902342083226,2.9666936123622145,7,-5.580232304134121,0.002214323437321087,True
0.026119199374929587,3.29354304513017,2.9666936123622145,7,-5.580232304134121,0.0022567438277660045,True
0.02613527844150212,3.29425436693561,2.9666936123622145,7,-5.580232304134121,0.0022467291499476054,True
0.02614954896542407,3.29425436693561,2.9666936123622145,7,-5.580232304134121,0.0022467291499476054,True
0.02617806419337715,3.2965245455441283,2.9666936123622145,7,-5.580232304134121,0.0022820042311386614,True
0.026218535554592044,3.2965245455441283,2.9666936123622145,7,-5.580232304134121,0.0022820042311386614,True
0.026226079142002277,3.295387392023023,2.9666936123622145,7,-5.580232304134121,0.002269406393508321,True
0.0262455752302843,3.2976556228916922,2.9666936123622145,7,-5.580232304134121,0.0022979776653783614,True
0.026292776548741813,3.2982851465772787,2.9666936123622145,7,-5.580232304134121,0.0022885580426123754,True
0.026298635985238253,3.2982851465772787,2.9666936123622145,7,-5.580232304134121,0.0022885580426123754,True
0.02632078880628855,3.3005311848983085,2.9666936123622145,7,-5.580232304134121,0.0023109240985332608,True
0.026337916703039463,3.3014336205620167,2.9666936123622145,7,-5.580232304134121,0.0022987207712081566,True
0.026368940272923524,3.300431509509341,2.9666936123622145,7,-5.580232304134121,0.0022862684799889303,True
0.02638908665850844,3.300431509509341,2.9666936123622145,7,-5.580232304134121,0.0022862684799889303,True
0.026402681021831596,3.302634813611718,2.9745557764389883,7,-5.580232304134121,0.002302970627019537,True
0.026489528439861996,3.302634813611718,2.9745557764389883,7,-5.580232304134121,0.002302970627019537,True
0.026598876092154968,3.302634813611718,2.9745557764389883,7,-5.580232304134121,0.002302970627019537,True
0.02662247814580985,3.3034142036556364,2.9745557764389883,7,-5.580232304134121,0.0022913315248146026,True
0.02671616410950662,3.3034142036556364,2.9745557764389883,7,-5.580232304134121,0.0022913315248146026,True
0.02684067376331483,3.3034142036556364,2.9745557764389883,7,-5.580232304134121,0.0022913315248146026,True
0.02689783630189218,3.30407317446597,2.9745557764389883,7,-5.580232304134121,0.002280388185250952,True
0.02697118544770575,3.30407317446597,2.9745557764389883,7,-5.580232304134121,0.002280388185250952,True
0.026976966150250803,3.3108980933821375,2.9745557764389883,7,-5.580232304134121,0.002995197882166849,True
0.02698223020869865,3.3108980933821375,2.9745557764389883,7,-5.580232304134121,0.002995197882166849,True
0.026986086731316025,3.3127081798222093,2.9745557764389883,7,-5.580232304134121,0.003192755938007061,True
0.027000282712201385,3.3127081798222093,2.9745557764389883,7,-5.580232304134121,0.003192755938007061,True
0.02701014518461338,3.314692748817601,2.9745557764389883,7,-5.580232304134121,0.0034087564833624375,True
0.02703005341381337,3.314692748817601,2.9745557764389883,7,-5.580232304134121,0.0034087564833624375,True
0.027051566022496497,3.3168633634207434,2.9745557764389883,7,-5.580232304134121,0.0036421362201835387,True
0.02707035074058307,3.3168633634207434,2.9745557764389883,7,-5.580232304134121,0.0036421362201835387,True
0.02710639762145168,3.3168633634207434,2.9745557764389883,7,-5.580232304134121,0.0036421362201835387,True
0.027110911599833358,3.3192315246380675,2.9745557764389883,7,-5.580232304134121,0.003891116962943144,True
0.02716378509467484,3.3197758546957603,2.9745557764389883,7,-5.580232304134121,0.0038810413361467584,True
0.027190686323788796,3.322352751926265,2.9745557764389883,7,-5.580232304134121,0.004143093991810837,True
0.027245791593560463,3.322352751926265,2.9745557764389883,7,-5.580232304134121,0.004143093991810837,True
0.027292008858373722,3.325148990794961,2.9745557764389883,7,-5.580232304134121,0.004414986214463145,True
0.02738767893643461,3.325148990794961,2.9745557764389883,7,-5.580232304134121,0.004414986214463145,True
0.02741627341271029,3.3281742199587843,2.9745557764389883,7,-5.580232304134121,0.0046928768252179585,True
0.02742212154913133,3.328610994055501,2.9745557764389883,7,-5.580232304134121,0.0046834901992810814,True
0.027530959640108314,3.328610994055501,2.9745557764389883,7,-5.580232304134121,0.0046834901992810814,True
0.027563891298454123,3.331873418961006,2.9745557764389883,7,-5.580232304134121,0.004963078185108508,True
0.02767003945964235,3.3322120454528754,2.9745557764389883,7,-5.580232304134121,0.004954220114494399,True
0.02773521780945734,3.335717904387173,2.9745557764389883,7,-5.580232304134121,0.005230960273314277,True
0.027930553378319817,3.339470688190671,2.9745557764389883,7,-5.580232304134121,0.0055002829240891485,True
0.028150004095291448,3.3434702618910297,2.9745557764389883,6,-5.580232304134121,0.005757841602370711,True
0.028393177734725706,3.3477117714176625,2.9745557764389883,6,-5.580232304134121,0.005999730385303283,True
0.02862313126977781,3.3487668421489336,2.9745557764389883,6,-5.580232304134121,0.0061027422802307765,True
0.028653533472425618,3.34993421350047,2.9745557764389883,6,-5.580232304134121,0.006220800295312064,True
0.028659250450609196,3.354406699916649,2.9745557764389883,6,-5.580232304134121,0.006443751511133848,True
0.02870091782298395,3.355695689083889,2.9745557764389883,6,-5.580232304134121,0.006578073101398513,True
0.028767643068897647,3.35711542910714,2.9745557764389883,6,-5.580232304134121,0.006729608806309694,True
0.028855002760733165,3.3586751587963484,2.9745557764389883,6,-5.580232304134121,0.006898979318918371,True
0.028945144383340702,3.3633599987132157,2.9745557764389883,6,-5.580232304134121,0.007100730119603276,True
0.02896552198074717,3.3650689820341557,2.9745557764389883,6,-5.580232304134121,0.007288121542593908,True
0.02910025640380179,3.366936332694385,2.9745557764389883,6,-5.580232304134121,0.007493186071517711,True
0.02924444342470638,3.371805901234202,2.9745557764389883,6,-5.580232304134121,0.00767282798926793,True
0.029261714895926813,3.373840381633104,2.9745557764389883,6,-5.580232304134121,0.007894588533846579,True
0.029452920634959783,3.3760501387877087,2.9745557764389883,6,-5.580232304134121,0.008131379644037871,True
0.02954965928659138,3.3810670924742863,2.9745557764389883,6,-5.580232304134121,0.008288293736284907,True
0.029675753335209828,3.3834593091189937,2.9745557764389883,6,-5.580232304134121,0.008537736098428578,True
0.02986094612666168,3.3885753277227075,2.9745557764389883,6,-5.580232304134121,0.008670761538531066,True
0.02993237907816688,3.391155830146896,2.9745557764389883,6,-5.580232304134121,0.008929792416261512,True
0.030180306571142675,3.3963103107956716,2.9745557764389883,6,-5.580232304134121,0.009038789763973628,True
0.030224274421616817,3.39908308339342,2.9745557764389883,6,-5.580232304134121,0.009303740518314845,True
0.030504679777832527,3.404200774744378,2.9745557764389883,6,-5.580232304134121,0.009390161592050868,True
0.03055294276835989,3.4071673493702384,2.9745557764389883,6,-5.580232304134121,0.009656909385433498,True
0.030830814535147136,3.4121584703520926,2.9745557764389883,6,-5.580232304134121,0.009722779906130763,True
0.03091967011751964,3.415317271488714,2.9745557764389883,6,-5.580232304134121,0.009986938982739878,True
0.031156600134922635,3.420079876773775,2.9745557764389883,6,-5.580232304134121,0.010034257532518387,True
0.031325145587124605,3.423425409715136,2.9745557764389883,6,-5.580232304134121,0.010291405928644798,True
0.03147891140323093,3.4278509197867946,2.9745557764389883,6,-5.580232304134121,0.010322341465982418,True
0.031769368375384494,3.4313729202322287,2.9745557764389883,6,-5.580232304134121,0.010568276071658646,True
0.032252486277544457,3.4350554501458417,2.9745557764389883,5,-5.580232304134121,0.010799230153287088,True
0.03277338259414194,3.4388759421767094,2.9745557764389883,5,-5.580232304134121,0.011012073048448794,True
0.03332962990435069,3.442804349379518,2.9745557764389883,5,-5.580232304134121,0.011204589374989759,True
0.03391547165023332,3.446802888037993,2.9745557764389883,5,-5.580232304134121,0.011375727419251178,True
0.034518333912958034,3.4508267760331193,2.9745557764389883,5,-5.580232304134121,0.011525599006721822,True
0.03513380674835391,3.454825513176255,2.9745557764389883,5,-5.580232304134121,0.011653682427373156,True
0.035763344463965535,3.4587438172088407,2.9745557764389883,5,-5.580232304134121,0.011759796157145326,True
0.036404253255032465,3.4625238827638483,2.9745557764389883,5,-5.580232304134121,0.011844840535990784,True
0.037048213313063016,3.466106765933717,2.9745557764389883,5,-5.580232304134121,0.011911117941764103,True
0.03769110417662102,3.4694375335412637,2.9745557764389883,5,-5.580232304134121,0.011961070720380046,True
0.03832858496579632,3.4724671402614296,2.9745557764389883,5,-5.580232304134121,0.011996745186623943,True
0.038328584965796324,3.4724671402614296,2.9745557764389883,5,-5.580232304134121,0.011996745186623943,True
